extend: 0 10 0 15945 0.4278137683868408
decode: 10 0 15955 10 0.3648240566253662
decode: 10 0 15965 10 0.008267879486083984
decode: 10 0 15975 10 0.008159399032592773
decode: 10 0 15985 10 0.008139371871948242
decode: 10 0 15995 10 0.00814676284790039
decode: 10 0 16005 10 0.008119344711303711
decode: 10 0 16015 10 0.008111715316772461
decode: 10 0 16025 10 0.00812077522277832
decode: 10 0 16035 10 0.008145332336425781
decode: 10 0 16045 10 0.008118391036987305
decode: 10 0 16055 10 0.008118152618408203
decode: 10 0 16065 10 0.008133411407470703
decode: 10 0 16075 10 0.008135080337524414
decode: 10 0 16085 10 0.008120298385620117
decode: 10 0 16095 10 0.008133172988891602
decode: 10 0 16105 10 0.00811767578125
decode: 10 0 16115 10 0.008112907409667969
decode: 10 0 16125 10 0.00811767578125
decode: 10 0 16135 10 0.008133411407470703
decode: 10 0 16145 10 0.008136272430419922
decode: 10 0 16155 10 0.008140325546264648
decode: 10 0 16165 10 0.008136272430419922
extend: 0 7 0 16315 0.38144850730895996
decode: 17 0 32497 17 0.009506940841674805
decode: 17 0 32514 17 0.009239673614501953
decode: 17 0 32531 17 0.009355545043945312
decode: 17 0 32548 17 0.009250879287719727
decode: 17 0 32565 17 0.009207010269165039
decode: 17 0 32582 17 0.009093046188354492
decode: 17 0 32599 17 0.009077310562133789
decode: 17 0 32616 17 0.00924825668334961
decode: 17 0 32633 17 0.00907278060913086
decode: 17 0 32650 17 0.009218931198120117
decode: 17 0 32667 17 0.009189128875732422
decode: 17 0 32684 17 0.009252548217773438
decode: 17 0 32701 17 0.009306669235229492
decode: 17 0 32718 17 0.00904703140258789
decode: 17 0 32735 17 0.009132623672485352
decode: 17 0 32752 17 0.009084701538085938
decode: 17 0 32769 17 0.009189367294311523
decode: 17 0 32786 17 0.009099960327148438
decode: 17 0 32803 17 0.009096384048461914
decode: 17 0 32820 17 0.009081125259399414
decode: 17 0 32837 17 0.009076833724975586
decode: 17 0 32854 17 0.009140491485595703
decode: 17 0 32871 17 0.009082794189453125
decode: 17 0 32888 17 0.00908041000366211
decode: 17 0 32905 17 0.009080648422241211
decode: 17 0 32922 17 0.009078502655029297
decode: 17 0 32939 17 0.009185552597045898
decode: 17 0 32956 17 0.009087324142456055
decode: 17 0 32973 17 0.009066104888916016
decode: 17 0 32990 17 0.00909566879272461
decode: 17 0 33007 17 0.009111166000366211
decode: 17 0 33024 17 0.009110212326049805
decode: 17 0 33041 17 0.009081840515136719
decode: 17 0 33058 17 0.009082555770874023
decode: 17 0 33075 17 0.009076356887817383
decode: 17 0 33092 17 0.009067296981811523
decode: 17 0 33109 17 0.009059906005859375
decode: 17 0 33126 17 0.009053945541381836
decode: 17 0 33143 17 0.009068965911865234
decode: 17 0 33160 17 0.009175777435302734
decode: 17 0 33177 17 0.009050130844116211
decode: 17 0 33194 17 0.009052276611328125
decode: 17 0 33211 17 0.009172201156616211
decode: 17 0 33228 17 0.009053945541381836
decode: 17 0 33245 17 0.009157896041870117
decode: 17 0 33262 17 0.009105682373046875
decode: 17 0 33279 17 0.009054422378540039
decode: 17 0 33296 17 0.00906825065612793
decode: 17 0 33313 17 0.009052276611328125
decode: 17 0 33330 17 0.009093999862670898
decode: 17 0 33347 17 0.00905299186706543
decode: 17 0 33364 17 0.009052515029907227
decode: 17 0 33381 17 0.009038209915161133
decode: 17 0 33398 17 0.009058713912963867
decode: 17 0 33415 17 0.009053468704223633
decode: 17 0 33432 17 0.009067296981811523
decode: 17 0 33449 17 0.00909113883972168
decode: 17 0 33466 17 0.00905752182006836
extend: 0 9 0 16330 0.380281925201416
decode: 26 0 49822 26 0.010504961013793945
decode: 26 0 49848 26 0.01032400131225586
decode: 26 0 49874 26 0.010140657424926758
decode: 26 0 49900 26 0.010089874267578125
decode: 26 0 49926 26 0.010038614273071289
decode: 26 0 49952 26 0.010011434555053711
decode: 26 0 49978 26 0.010030508041381836
decode: 26 0 50004 26 0.010013818740844727
decode: 26 0 50030 26 0.010053873062133789
decode: 26 0 50056 26 0.01006007194519043
decode: 26 0 50082 26 0.009965658187866211
decode: 26 0 50108 26 0.009989023208618164
decode: 26 0 50134 26 0.009973287582397461
decode: 26 0 50160 26 0.009978055953979492
decode: 26 0 50186 26 0.010041475296020508
decode: 26 0 50212 26 0.010086297988891602
decode: 26 0 50238 26 0.010067462921142578
decode: 26 0 50264 26 0.010145187377929688
decode: 26 0 50290 26 0.00997781753540039
decode: 26 0 50316 26 0.009945154190063477
decode: 26 0 50342 26 0.009978055953979492
decode: 26 0 50368 26 0.009960412979125977
decode: 26 0 50394 26 0.009999752044677734
decode: 26 0 50420 26 0.009973287582397461
decode: 26 0 50446 26 0.01004791259765625
decode: 26 0 50472 26 0.00997018814086914
decode: 26 0 50498 26 0.010020017623901367
decode: 26 0 50524 26 0.009953737258911133
decode: 26 0 50550 26 0.010029315948486328
decode: 26 0 50576 26 0.009951591491699219
decode: 26 0 50602 26 0.009984731674194336
decode: 26 0 50628 26 0.01007699966430664
decode: 26 0 50654 26 0.0101470947265625
decode: 26 0 50680 26 0.009970426559448242
decode: 26 0 50706 26 0.009964942932128906
decode: 26 0 50732 26 0.00998997688293457
decode: 26 0 50758 26 0.009986162185668945
decode: 26 0 50784 26 0.01003122329711914
decode: 26 0 50810 26 0.010073661804199219
decode: 26 0 50836 26 0.009982109069824219
decode: 26 0 50862 26 0.00999760627746582
decode: 26 0 50888 26 0.010040760040283203
decode: 26 0 50914 26 0.010039091110229492
decode: 26 0 50940 26 0.009984493255615234
decode: 26 0 50966 26 0.009991645812988281
decode: 26 0 50992 26 0.010009288787841797
decode: 26 0 51018 26 0.009987831115722656
decode: 26 0 51044 26 0.010010480880737305
decode: 26 0 51070 26 0.010005950927734375
decode: 26 0 51096 26 0.009997129440307617
decode: 26 0 51122 26 0.009991884231567383
decode: 26 0 51148 26 0.009983062744140625
decode: 26 0 51174 26 0.00998997688293457
decode: 26 0 51200 26 0.00997471809387207
extend: 0 8 0 16351 0.40752720832824707
decode: 33 0 65011 33 0.011793851852416992
decode: 33 0 65044 33 0.011273622512817383
decode: 33 0 65077 33 0.011178016662597656
decode: 33 0 65110 33 0.011148214340209961
decode: 33 0 65143 33 0.011081218719482422
decode: 33 0 65176 33 0.011010408401489258
decode: 33 0 65209 33 0.010939598083496094
decode: 33 0 65242 33 0.010933637619018555
decode: 33 0 65275 33 0.010924339294433594
decode: 33 0 65308 33 0.010881900787353516
decode: 33 0 65341 33 0.010895967483520508
decode: 33 0 65374 33 0.010889053344726562
decode: 33 0 65407 33 0.010905027389526367
decode: 33 0 65440 33 0.010878324508666992
decode: 33 0 65473 33 0.010875940322875977
decode: 33 0 65506 33 0.01086568832397461
decode: 33 0 65539 33 0.010859966278076172
decode: 33 0 65572 33 0.010885477066040039
decode: 33 0 65605 33 0.010879755020141602
decode: 33 0 65638 33 0.01090383529663086
decode: 33 0 65671 33 0.010859966278076172
decode: 33 0 65704 33 0.010899782180786133
decode: 33 0 65737 33 0.010873556137084961
decode: 33 0 65770 33 0.010896444320678711
decode: 33 0 65803 33 0.010869979858398438
decode: 33 0 65836 33 0.010893583297729492
decode: 33 0 65869 33 0.010901451110839844
decode: 33 0 65902 33 0.01095271110534668
decode: 33 0 65935 33 0.01095271110534668
decode: 33 0 65968 33 0.010930061340332031
decode: 33 0 66001 33 0.010937929153442383
decode: 33 0 66034 33 0.010936975479125977
decode: 33 0 66067 33 0.010927677154541016
decode: 33 0 66100 33 0.010894775390625
decode: 33 0 66133 33 0.010901689529418945
decode: 33 0 66166 33 0.01090693473815918
decode: 33 0 66199 33 0.010893821716308594
decode: 33 0 66232 33 0.010906219482421875
decode: 33 0 66265 33 0.01090240478515625
decode: 33 0 66298 33 0.010898590087890625
decode: 33 0 66331 33 0.010895013809204102
decode: 33 0 66364 33 0.010913372039794922
decode: 33 0 66397 33 0.010896444320678711
decode: 33 0 66430 33 0.01090550422668457
decode: 33 0 66463 33 0.010915994644165039
decode: 33 0 66496 33 0.010924577713012695
decode: 33 0 66529 33 0.010884761810302734
extend: 0 10 0 16240 0.375659704208374
decode: 35 0 66961 35 0.011766433715820312
decode: 35 0 66996 35 0.011528968811035156
decode: 35 0 67031 35 0.011284828186035156
decode: 35 0 67066 35 0.011259794235229492
decode: 35 0 67101 35 0.011123895645141602
decode: 35 0 67136 35 0.01109004020690918
decode: 35 0 67171 35 0.011023759841918945
decode: 35 0 67206 35 0.011031150817871094
decode: 35 0 67241 35 0.011010408401489258
decode: 35 0 67276 35 0.011001348495483398
decode: 35 0 67311 35 0.010990142822265625
decode: 35 0 67346 35 0.010982275009155273
decode: 35 0 67381 35 0.01101827621459961
decode: 35 0 67416 35 0.010997533798217773
decode: 35 0 67451 35 0.011019468307495117
decode: 35 0 67486 35 0.0110015869140625
decode: 35 0 67521 35 0.01096653938293457
decode: 35 0 67556 35 0.010985136032104492
decode: 35 0 67591 35 0.01096034049987793
decode: 35 0 67626 35 0.011020660400390625
decode: 35 0 67661 35 0.011002540588378906
decode: 35 0 67696 35 0.010973691940307617
decode: 35 0 67731 35 0.010997295379638672
decode: 35 0 67766 35 0.010980606079101562
decode: 35 0 67801 35 0.010975360870361328
decode: 35 0 67836 35 0.01100611686706543
decode: 35 0 67871 35 0.010980606079101562
decode: 35 0 67906 35 0.010999441146850586
decode: 35 0 67941 35 0.010982990264892578
decode: 35 0 67976 35 0.01097416877746582
decode: 35 0 68011 35 0.01102137565612793
decode: 35 0 68046 35 0.010998725891113281
decode: 35 0 68081 35 0.011017799377441406
decode: 35 0 68116 35 0.011014223098754883
decode: 35 0 68151 35 0.011003494262695312
decode: 35 0 68186 35 0.010996818542480469
decode: 35 0 68221 35 0.01100468635559082
decode: 35 0 68256 35 0.011017322540283203
decode: 35 0 68291 35 0.011015892028808594
decode: 35 0 68326 35 0.010998725891113281
decode: 35 0 68361 35 0.010994195938110352
decode: 35 0 68396 35 0.01100778579711914
decode: 35 0 68431 35 0.010993003845214844
decode: 35 0 68466 35 0.010999202728271484
decode: 35 0 68501 35 0.010982275009155273
decode: 35 0 68536 35 0.011016845703125
decode: 35 0 68571 35 0.011005163192749023
decode: 35 0 68606 35 0.011034488677978516
decode: 34 0 65667 34 0.010910272598266602
extend: 0 7 0 15891 0.3806757926940918
decode: 37 0 67285 37 0.01175546646118164
decode: 37 0 67322 37 0.011312484741210938
decode: 37 0 67359 37 0.011233091354370117
decode: 37 0 67396 37 0.011115074157714844
decode: 37 0 67433 37 0.011121749877929688
decode: 37 0 67470 37 0.011020183563232422
decode: 37 0 67507 37 0.011022806167602539
decode: 37 0 67544 37 0.01101064682006836
decode: 37 0 67581 37 0.010951519012451172
decode: 37 0 67618 37 0.010929107666015625
decode: 37 0 67655 37 0.010955572128295898
decode: 37 0 67692 37 0.010926008224487305
decode: 37 0 67729 37 0.010941028594970703
decode: 37 0 67766 37 0.010930299758911133
decode: 37 0 67803 37 0.010941505432128906
decode: 37 0 67840 37 0.010954618453979492
decode: 37 0 67877 37 0.010935783386230469
decode: 37 0 67914 37 0.010943412780761719
decode: 37 0 67951 37 0.010932445526123047
decode: 36 0 63978 36 0.010765314102172852
decode: 36 0 64014 36 0.010777473449707031
decode: 36 0 64050 36 0.010756492614746094
decode: 36 0 64086 36 0.010860919952392578
decode: 36 0 64122 36 0.010833263397216797
decode: 36 0 64158 36 0.010852813720703125
decode: 36 0 64194 36 0.010828256607055664
decode: 36 0 64230 36 0.010831832885742188
decode: 36 0 64266 36 0.010838985443115234
decode: 36 0 64302 36 0.010845661163330078
decode: 36 0 64338 36 0.010833263397216797
decode: 36 0 64374 36 0.010828971862792969
decode: 36 0 64410 36 0.010850906372070312
decode: 36 0 64446 36 0.010827302932739258
decode: 36 0 64482 36 0.010851621627807617
decode: 36 0 64518 36 0.010842561721801758
decode: 36 0 64554 36 0.01082921028137207
decode: 36 0 64590 36 0.010849952697753906
decode: 36 0 64626 36 0.0108489990234375
decode: 36 0 64662 36 0.01084589958190918
decode: 36 0 64698 36 0.010828733444213867
decode: 36 0 64734 36 0.010851383209228516
decode: 36 0 64770 36 0.010819673538208008
decode: 36 0 64806 36 0.01083993911743164
decode: 36 0 64842 36 0.010825872421264648
decode: 36 0 64878 36 0.01082301139831543
decode: 36 0 64914 36 0.010838985443115234
decode: 36 0 64950 36 0.010850191116333008
decode: 36 0 64986 36 0.01085972785949707
decode: 36 0 65022 36 0.011240482330322266
extend: 0 8 0 16293 0.40028953552246094
decode: 34 0 67079 34 0.01163172721862793
decode: 34 0 67113 34 0.011263370513916016
decode: 34 0 67147 34 0.011261940002441406
decode: 34 0 67181 34 0.011249542236328125
decode: 34 0 67215 34 0.011225461959838867
decode: 34 0 67249 34 0.01110076904296875
decode: 33 0 66402 33 0.010994911193847656
decode: 33 0 66435 33 0.011029720306396484
decode: 33 0 66468 33 0.011016130447387695
decode: 33 0 66501 33 0.010984659194946289
decode: 33 0 66534 33 0.010978221893310547
decode: 33 0 66567 33 0.010996580123901367
decode: 33 0 66600 33 0.010985374450683594
decode: 33 0 66633 33 0.010986804962158203
decode: 33 0 66666 33 0.010992765426635742
decode: 33 0 66699 33 0.010978937149047852
decode: 33 0 66732 33 0.010991096496582031
decode: 33 0 66765 33 0.010971546173095703
decode: 33 0 66798 33 0.010987043380737305
decode: 33 0 66831 33 0.010983705520629883
decode: 33 0 66864 33 0.011026382446289062
decode: 33 0 66897 33 0.011072874069213867
decode: 33 0 66930 33 0.011063575744628906
decode: 33 0 66963 33 0.01103520393371582
decode: 33 0 66996 33 0.011082172393798828
decode: 33 0 67029 33 0.011035680770874023
decode: 33 0 67062 33 0.01105952262878418
decode: 33 0 67095 33 0.011034011840820312
decode: 33 0 67128 33 0.011029720306396484
decode: 33 0 67161 33 0.011044502258300781
decode: 33 0 67194 33 0.011033773422241211
decode: 33 0 67227 33 0.011018514633178711
decode: 33 0 67260 33 0.011000394821166992
decode: 33 0 67293 33 0.011011123657226562
decode: 33 0 67326 33 0.011006832122802734
decode: 33 0 67359 33 0.010977745056152344
decode: 33 0 67392 33 0.010996580123901367
decode: 33 0 67425 33 0.010971784591674805
decode: 33 0 67458 33 0.010983943939208984
decode: 33 0 67491 33 0.010998964309692383
decode: 33 0 67524 33 0.010987043380737305
decode: 33 0 67557 33 0.011002779006958008
decode: 33 0 67590 33 0.01097869873046875
decode: 33 0 67623 33 0.010994434356689453
decode: 33 0 67656 33 0.010971546173095703
decode: 33 0 67689 33 0.01099538803100586
decode: 33 0 67722 33 0.010998249053955078
decode: 33 0 67755 33 0.011005401611328125
extend: 0 8 0 16258 0.38199877738952637
decode: 35 0 67387 35 0.011539936065673828
decode: 35 0 67422 35 0.01143646240234375
decode: 35 0 67457 35 0.01125335693359375
decode: 35 0 67492 35 0.011252641677856445
decode: 35 0 67527 35 0.011127471923828125
decode: 34 0 65495 34 0.011005163192749023
decode: 34 0 65529 34 0.010991811752319336
decode: 34 0 65563 34 0.010985851287841797
decode: 34 0 65597 34 0.010964393615722656
decode: 34 0 65631 34 0.010939836502075195
decode: 34 0 65665 34 0.010944843292236328
decode: 34 0 65699 34 0.010935544967651367
decode: 34 0 65733 34 0.010946512222290039
decode: 34 0 65767 34 0.010930538177490234
decode: 33 0 64677 33 0.010963916778564453
decode: 33 0 64710 33 0.010942459106445312
decode: 33 0 64743 33 0.010937929153442383
decode: 33 0 64776 33 0.01096963882446289
decode: 33 0 64809 33 0.010936737060546875
decode: 33 0 64842 33 0.010936260223388672
decode: 33 0 64875 33 0.010938882827758789
decode: 33 0 64908 33 0.010935544967651367
decode: 33 0 64941 33 0.010952234268188477
decode: 33 0 64974 33 0.010949850082397461
decode: 32 0 61142 32 0.010549306869506836
decode: 32 0 61174 32 0.010531902313232422
decode: 32 0 61206 32 0.010522127151489258
decode: 32 0 61238 32 0.01054835319519043
decode: 32 0 61270 32 0.010518074035644531
decode: 32 0 61302 32 0.010559797286987305
decode: 32 0 61334 32 0.010531425476074219
decode: 32 0 61366 32 0.010517597198486328
decode: 32 0 61398 32 0.010504007339477539
decode: 32 0 61430 32 0.010501623153686523
decode: 32 0 61462 32 0.010517120361328125
decode: 32 0 61494 32 0.010521888732910156
decode: 32 0 61526 32 0.010525941848754883
decode: 32 0 61558 32 0.010523080825805664
decode: 32 0 61590 32 0.01062321662902832
decode: 32 0 61622 32 0.010533332824707031
decode: 32 0 61654 32 0.010512590408325195
decode: 32 0 61686 32 0.010586977005004883
decode: 32 0 61718 32 0.010570764541625977
decode: 32 0 61750 32 0.010564088821411133
decode: 32 0 61782 32 0.010534524917602539
decode: 32 0 61814 32 0.010550498962402344
decode: 32 0 61846 32 0.010550498962402344
decode: 32 0 61878 32 0.010529279708862305
decode: 32 0 61910 32 0.010562658309936523
decode: 32 0 61942 32 0.0105438232421875
extend: 0 5 0 16202 0.3850822448730469
decode: 28 0 67732 28 0.011574983596801758
decode: 28 0 67760 28 0.011228799819946289
decode: 28 0 67788 28 0.011217832565307617
decode: 28 0 67816 28 0.011127471923828125
decode: 28 0 67844 28 0.011003494262695312
decode: 28 0 67872 28 0.010988473892211914
decode: 28 0 67900 28 0.011013031005859375
decode: 28 0 67928 28 0.010935544967651367
decode: 28 0 67956 28 0.010946512222290039
decode: 28 0 67984 28 0.010924577713012695
decode: 28 0 68012 28 0.010916948318481445
decode: 28 0 68040 28 0.010945558547973633
decode: 28 0 68068 28 0.011030435562133789
decode: 28 0 68096 28 0.011020421981811523
decode: 28 0 68124 28 0.010949134826660156
decode: 28 0 68152 28 0.01105356216430664
decode: 28 0 68180 28 0.010947942733764648
decode: 28 0 68208 28 0.010935544967651367
decode: 28 0 68236 28 0.01101994514465332
decode: 28 0 68264 28 0.010983705520629883
decode: 28 0 68292 28 0.010984659194946289
decode: 28 0 68320 28 0.010988235473632812
decode: 28 0 68348 28 0.010964155197143555
decode: 28 0 68376 28 0.010989665985107422
decode: 28 0 68404 28 0.010975837707519531
decode: 28 0 68432 28 0.010985851287841797
decode: 28 0 68460 28 0.011081933975219727
decode: 28 0 68488 28 0.010970592498779297
decode: 28 0 68516 28 0.010964155197143555
decode: 28 0 68544 28 0.010975837707519531
decode: 28 0 68572 28 0.010960578918457031
decode: 28 0 68600 28 0.011067390441894531
decode: 28 0 68628 28 0.010950803756713867
decode: 28 0 68656 28 0.010947465896606445
decode: 28 0 68684 28 0.010987043380737305
decode: 28 0 68712 28 0.011001110076904297
decode: 28 0 68740 28 0.010958194732666016
decode: 28 0 68768 28 0.011046648025512695
decode: 28 0 68796 28 0.010921955108642578
decode: 28 0 68824 28 0.010938405990600586
decode: 28 0 68852 28 0.010922908782958984
decode: 28 0 68880 28 0.010936975479125977
decode: 28 0 68908 28 0.010924577713012695
decode: 28 0 68936 28 0.011054515838623047
decode: 28 0 68964 28 0.01105356216430664
decode: 28 0 68992 28 0.011081695556640625
decode: 28 0 69020 28 0.01095271110534668
decode: 28 0 69048 28 0.011065006256103516
decode: 28 0 69076 28 0.01095890998840332
extend: 0 6 0 16083 0.38332438468933105
decode: 26 0 66875 26 0.011759519577026367
decode: 26 0 66901 26 0.011162042617797852
decode: 26 0 66927 26 0.011236906051635742
decode: 26 0 66953 26 0.011154413223266602
decode: 26 0 66979 26 0.011156797409057617
decode: 26 0 67005 26 0.011175155639648438
decode: 26 0 67031 26 0.010912179946899414
decode: 26 0 67057 26 0.010903120040893555
decode: 26 0 67083 26 0.010881900787353516
decode: 26 0 67109 26 0.010893583297729492
decode: 26 0 67135 26 0.01088261604309082
decode: 26 0 67161 26 0.010941028594970703
decode: 26 0 67187 26 0.01089334487915039
decode: 26 0 67213 26 0.010910749435424805
decode: 26 0 67239 26 0.010959386825561523
decode: 26 0 67265 26 0.010881900787353516
decode: 26 0 67291 26 0.010893821716308594
decode: 26 0 67317 26 0.010888099670410156
decode: 26 0 67343 26 0.010900020599365234
decode: 26 0 67369 26 0.010878801345825195
decode: 26 0 67395 26 0.010895967483520508
decode: 26 0 67421 26 0.010863065719604492
decode: 26 0 67447 26 0.010872840881347656
decode: 26 0 67473 26 0.010879039764404297
decode: 26 0 67499 26 0.010860919952392578
decode: 26 0 67525 26 0.01094198226928711
decode: 26 0 67551 26 0.01102137565612793
decode: 26 0 67577 26 0.010999679565429688
decode: 26 0 67603 26 0.011069059371948242
decode: 26 0 67629 26 0.010986804962158203
decode: 26 0 67655 26 0.01090550422668457
decode: 26 0 67681 26 0.01088857650756836
decode: 26 0 67707 26 0.010945320129394531
decode: 26 0 67733 26 0.01090097427368164
decode: 26 0 67759 26 0.01095438003540039
decode: 25 0 67104 25 0.010888814926147461
decode: 25 0 67129 25 0.010880231857299805
decode: 25 0 67154 25 0.010885000228881836
decode: 25 0 67179 25 0.010968446731567383
decode: 25 0 67204 25 0.01085805892944336
decode: 25 0 67229 25 0.010852336883544922
decode: 25 0 67254 25 0.010883331298828125
decode: 25 0 67279 25 0.010857105255126953
decode: 25 0 67304 25 0.010883331298828125
decode: 25 0 67329 25 0.01093912124633789
decode: 25 0 67354 25 0.010965585708618164
decode: 25 0 67379 25 0.01096653938293457
decode: 25 0 67404 25 0.011010885238647461
decode: 25 0 67429 25 0.01098489761352539
extend: 0 9 0 16383 0.3768343925476074
decode: 28 0 67363 28 0.01151585578918457
decode: 28 0 67391 28 0.011389970779418945
decode: 28 0 67419 28 0.011195182800292969
decode: 28 0 67447 28 0.011324882507324219
decode: 28 0 67475 28 0.011034727096557617
decode: 28 0 67503 28 0.010998010635375977
decode: 28 0 67531 28 0.010964632034301758
decode: 28 0 67559 28 0.011078357696533203
decode: 28 0 67587 28 0.011107921600341797
decode: 28 0 67615 28 0.010991334915161133
decode: 28 0 67643 28 0.010931253433227539
decode: 28 0 67671 28 0.010934591293334961
decode: 28 0 67699 28 0.010933399200439453
decode: 28 0 67727 28 0.011073589324951172
decode: 28 0 67755 28 0.010942220687866211
decode: 28 0 67783 28 0.010943174362182617
decode: 28 0 67811 28 0.010946512222290039
decode: 28 0 67839 28 0.010951995849609375
decode: 28 0 67867 28 0.010938405990600586
decode: 28 0 67895 28 0.01094961166381836
decode: 28 0 67923 28 0.01094508171081543
decode: 28 0 67951 28 0.010996341705322266
decode: 28 0 67979 28 0.010959148406982422
decode: 28 0 68007 28 0.010937929153442383
decode: 28 0 68035 28 0.010944366455078125
decode: 28 0 68063 28 0.011052846908569336
decode: 28 0 68091 28 0.010957956314086914
decode: 28 0 68119 28 0.011048078536987305
decode: 28 0 68147 28 0.010932445526123047
decode: 28 0 68175 28 0.010945796966552734
decode: 28 0 68203 28 0.010916948318481445
decode: 28 0 68231 28 0.010895967483520508
decode: 28 0 68259 28 0.010879993438720703
decode: 28 0 68287 28 0.010959148406982422
decode: 28 0 68315 28 0.011002063751220703
decode: 28 0 68343 28 0.010955095291137695
decode: 28 0 68371 28 0.010954856872558594
decode: 28 0 68399 28 0.010944366455078125
decode: 28 0 68427 28 0.010956287384033203
decode: 28 0 68455 28 0.010981082916259766
decode: 28 0 68483 28 0.011008977890014648
decode: 28 0 68511 28 0.010936975479125977
decode: 28 0 68539 28 0.010947227478027344
decode: 28 0 68567 28 0.010962963104248047
decode: 28 0 68595 28 0.010933160781860352
decode: 28 0 68623 28 0.010967016220092773
decode: 28 0 68651 28 0.010971546173095703
decode: 28 0 68679 28 0.010959625244140625
decode: 28 0 68707 28 0.010955810546875
decode: 28 0 68735 28 0.010981082916259766
extend: 0 6 0 16263 0.3823390007019043
decode: 27 0 67846 27 0.011669397354125977
decode: 27 0 67873 27 0.011701345443725586
decode: 27 0 67900 27 0.011538028717041016
decode: 27 0 67927 27 0.011174917221069336
decode: 27 0 67954 27 0.01123666763305664
decode: 27 0 67981 27 0.011134862899780273
decode: 27 0 68008 27 0.011050701141357422
decode: 27 0 68035 27 0.011077880859375
decode: 27 0 68062 27 0.011111974716186523
decode: 27 0 68089 27 0.011008739471435547
decode: 26 0 66670 26 0.010917901992797852
decode: 26 0 66696 26 0.010951757431030273
decode: 26 0 66722 26 0.010948896408081055
decode: 26 0 66748 26 0.010930299758911133
decode: 26 0 66774 26 0.011009931564331055
decode: 26 0 66800 26 0.011044502258300781
decode: 26 0 66826 26 0.010924577713012695
decode: 26 0 66852 26 0.010960817337036133
decode: 26 0 66878 26 0.010929584503173828
decode: 26 0 66904 26 0.011049032211303711
decode: 26 0 66930 26 0.010930538177490234
decode: 26 0 66956 26 0.010920047760009766
decode: 26 0 66982 26 0.010961532592773438
decode: 26 0 67008 26 0.010945558547973633
decode: 26 0 67034 26 0.01103973388671875
decode: 26 0 67060 26 0.010944843292236328
decode: 26 0 67086 26 0.01092672348022461
decode: 26 0 67112 26 0.010933637619018555
decode: 26 0 67138 26 0.010950326919555664
decode: 26 0 67164 26 0.011040449142456055
decode: 26 0 67190 26 0.010916709899902344
decode: 26 0 67216 26 0.01089024543762207
decode: 26 0 67242 26 0.010904788970947266
decode: 26 0 67268 26 0.010882854461669922
decode: 26 0 67294 26 0.010888338088989258
decode: 26 0 67320 26 0.01088261604309082
decode: 26 0 67346 26 0.010892152786254883
decode: 26 0 67372 26 0.010901927947998047
decode: 26 0 67398 26 0.010955810546875
decode: 26 0 67424 26 0.011017799377441406
decode: 26 0 67450 26 0.010901212692260742
decode: 26 0 67476 26 0.010953187942504883
decode: 26 0 67502 26 0.010928869247436523
decode: 26 0 67528 26 0.01094198226928711
decode: 26 0 67554 26 0.010933160781860352
decode: 26 0 67580 26 0.010946512222290039
decode: 26 0 67606 26 0.010988235473632812
decode: 26 0 67632 26 0.011065244674682617
decode: 26 0 67658 26 0.011064529418945312
extend: 0 7 0 16018 0.383342981338501
decode: 27 0 67822 27 0.011602163314819336
decode: 27 0 67849 27 0.011606454849243164
decode: 27 0 67876 27 0.011583328247070312
decode: 27 0 67903 27 0.011652469635009766
decode: 27 0 67930 27 0.011353492736816406
decode: 27 0 67957 27 0.011136770248413086
decode: 26 0 64189 26 0.010740280151367188
decode: 26 0 64215 26 0.010805368423461914
decode: 26 0 64241 26 0.010720491409301758
decode: 26 0 64267 26 0.01072382926940918
decode: 26 0 64293 26 0.010718345642089844
decode: 26 0 64319 26 0.010704994201660156
decode: 26 0 64345 26 0.010729074478149414
decode: 26 0 64371 26 0.010724067687988281
decode: 26 0 64397 26 0.010723590850830078
decode: 26 0 64423 26 0.01071310043334961
decode: 26 0 64449 26 0.010701656341552734
decode: 26 0 64475 26 0.010722637176513672
decode: 26 0 64501 26 0.010829448699951172
decode: 26 0 64527 26 0.010830402374267578
decode: 26 0 64553 26 0.010708808898925781
decode: 26 0 64579 26 0.010731697082519531
decode: 26 0 64605 26 0.010716676712036133
decode: 26 0 64631 26 0.010770797729492188
decode: 26 0 64657 26 0.010773181915283203
decode: 26 0 64683 26 0.010776519775390625
decode: 26 0 64709 26 0.010786056518554688
decode: 26 0 64735 26 0.010775566101074219
decode: 26 0 64761 26 0.010935783386230469
decode: 26 0 64787 26 0.01076364517211914
decode: 26 0 64813 26 0.010736942291259766
decode: 26 0 64839 26 0.010727882385253906
decode: 26 0 64865 26 0.010804176330566406
decode: 26 0 64891 26 0.010727167129516602
decode: 26 0 64917 26 0.010815620422363281
decode: 26 0 64943 26 0.010792016983032227
decode: 26 0 64969 26 0.010725259780883789
decode: 26 0 64995 26 0.010874032974243164
decode: 26 0 65021 26 0.010734081268310547
decode: 26 0 65047 26 0.010731935501098633
decode: 26 0 65073 26 0.010735273361206055
decode: 26 0 65099 26 0.010749340057373047
decode: 26 0 65125 26 0.010725975036621094
decode: 26 0 65151 26 0.010799884796142578
decode: 26 0 65177 26 0.010740995407104492
decode: 26 0 65203 26 0.010725259780883789
decode: 26 0 65229 26 0.010727405548095703
decode: 26 0 65255 26 0.010733842849731445
decode: 26 0 65281 26 0.010782241821289062
decode: 26 0 65307 26 0.01071786880493164
extend: 0 8 0 16340 0.38491392135620117
decode: 29 0 67858 29 0.011772632598876953
decode: 29 0 67887 29 0.011541366577148438
decode: 29 0 67916 29 0.011195182800292969
decode: 29 0 67945 29 0.011174201965332031
decode: 29 0 67974 29 0.011073112487792969
decode: 29 0 68003 29 0.011053085327148438
decode: 29 0 68032 29 0.01106882095336914
decode: 29 0 68061 29 0.011049985885620117
decode: 29 0 68090 29 0.011089324951171875
decode: 29 0 68119 29 0.011006832122802734
decode: 29 0 68148 29 0.011076211929321289
decode: 29 0 68177 29 0.01097249984741211
decode: 29 0 68206 29 0.010977745056152344
decode: 29 0 68235 29 0.010967254638671875
decode: 29 0 68264 29 0.010971784591674805
decode: 29 0 68293 29 0.010977029800415039
decode: 29 0 68322 29 0.010986328125
decode: 29 0 68351 29 0.010987043380737305
decode: 29 0 68380 29 0.011014938354492188
decode: 29 0 68409 29 0.011019468307495117
decode: 29 0 68438 29 0.011100053787231445
decode: 29 0 68467 29 0.011140584945678711
decode: 29 0 68496 29 0.011020660400390625
decode: 29 0 68525 29 0.011085033416748047
decode: 29 0 68554 29 0.01114344596862793
decode: 29 0 68583 29 0.011087656021118164
decode: 29 0 68612 29 0.011027097702026367
decode: 29 0 68641 29 0.01103663444519043
decode: 29 0 68670 29 0.011154651641845703
decode: 29 0 68699 29 0.011117935180664062
decode: 29 0 68728 29 0.011013031005859375
decode: 29 0 68757 29 0.011232614517211914
decode: 29 0 68786 29 0.011121511459350586
decode: 29 0 68815 29 0.011002063751220703
decode: 29 0 68844 29 0.010983467102050781
decode: 29 0 68873 29 0.01107025146484375
decode: 29 0 68902 29 0.010977983474731445
decode: 29 0 68931 29 0.010990381240844727
decode: 29 0 68960 29 0.010976076126098633
decode: 29 0 68989 29 0.010991334915161133
decode: 29 0 69018 29 0.010981321334838867
decode: 29 0 69047 29 0.010989665985107422
decode: 29 0 69076 29 0.011012554168701172
decode: 29 0 69105 29 0.011006832122802734
decode: 29 0 69134 29 0.01111602783203125
decode: 29 0 69163 29 0.010998725891113281
decode: 29 0 69192 29 0.010985851287841797
decode: 29 0 69221 29 0.010997295379638672
decode: 29 0 69250 29 0.010991334915161133
extend: 0 10 0 16021 0.3741300106048584
decode: 32 0 67693 32 0.011676788330078125
decode: 32 0 67725 32 0.011461496353149414
decode: 32 0 67757 32 0.011237859725952148
decode: 32 0 67789 32 0.011077404022216797
decode: 32 0 67821 32 0.011052608489990234
decode: 32 0 67853 32 0.011120796203613281
decode: 32 0 67885 32 0.010970592498779297
decode: 32 0 67917 32 0.010926961898803711
decode: 32 0 67949 32 0.010932445526123047
decode: 32 0 67981 32 0.010943412780761719
decode: 32 0 68013 32 0.010942220687866211
decode: 32 0 68045 32 0.01106572151184082
decode: 32 0 68077 32 0.010939359664916992
decode: 32 0 68109 32 0.011051416397094727
decode: 32 0 68141 32 0.010997533798217773
decode: 32 0 68173 32 0.01100921630859375
decode: 32 0 68205 32 0.011058330535888672
decode: 32 0 68237 32 0.010931968688964844
decode: 32 0 68269 32 0.01093435287475586
decode: 31 0 67401 31 0.010879039764404297
decode: 31 0 67432 31 0.010944604873657227
decode: 31 0 67463 31 0.010874032974243164
decode: 31 0 67494 31 0.010938644409179688
decode: 31 0 67525 31 0.010880231857299805
decode: 31 0 67556 31 0.010873556137084961
decode: 30 0 63721 30 0.010657548904418945
decode: 30 0 63751 30 0.010671615600585938
decode: 30 0 63781 30 0.010664939880371094
decode: 30 0 63811 30 0.010779619216918945
decode: 30 0 63841 30 0.01066446304321289
decode: 30 0 63871 30 0.01071929931640625
decode: 30 0 63901 30 0.010645151138305664
decode: 30 0 63931 30 0.010633468627929688
decode: 30 0 63961 30 0.01064157485961914
decode: 30 0 63991 30 0.010621070861816406
decode: 30 0 64021 30 0.010677814483642578
decode: 30 0 64051 30 0.01062464714050293
decode: 30 0 64081 30 0.010661602020263672
decode: 30 0 64111 30 0.010682344436645508
decode: 30 0 64141 30 0.0106658935546875
decode: 30 0 64171 30 0.010690689086914062
decode: 30 0 64201 30 0.01076507568359375
decode: 30 0 64231 30 0.010740041732788086
decode: 30 0 64261 30 0.010703802108764648
decode: 30 0 64291 30 0.010828018188476562
decode: 30 0 64321 30 0.010759115219116211
decode: 30 0 64351 30 0.010684490203857422
decode: 30 0 64381 30 0.010762214660644531
decode: 30 0 64411 30 0.010707616806030273
decode: 30 0 64441 30 0.010695457458496094
extend: 0 7 0 16262 0.3809640407562256
decode: 32 0 67667 32 0.01147913932800293
decode: 32 0 67699 32 0.011464595794677734
decode: 32 0 67731 32 0.01145315170288086
decode: 32 0 67763 32 0.01132059097290039
decode: 32 0 67795 32 0.010941505432128906
decode: 32 0 67827 32 0.010888338088989258
decode: 32 0 67859 32 0.010921478271484375
decode: 32 0 67891 32 0.010878562927246094
decode: 32 0 67923 32 0.010861396789550781
decode: 32 0 67955 32 0.010867834091186523
decode: 32 0 67987 32 0.010823726654052734
decode: 32 0 68019 32 0.01083683967590332
decode: 32 0 68051 32 0.01081991195678711
decode: 32 0 68083 32 0.010844945907592773
decode: 32 0 68115 32 0.010814905166625977
decode: 32 0 68147 32 0.010828495025634766
decode: 32 0 68179 32 0.010837554931640625
decode: 32 0 68211 32 0.010831832885742188
decode: 32 0 68243 32 0.010840654373168945
decode: 32 0 68275 32 0.010834217071533203
decode: 32 0 68307 32 0.010843276977539062
decode: 32 0 68339 32 0.010872840881347656
decode: 32 0 68371 32 0.010839223861694336
decode: 32 0 68403 32 0.01083993911743164
decode: 32 0 68435 32 0.010814666748046875
decode: 32 0 68467 32 0.010851621627807617
decode: 32 0 68499 32 0.010828018188476562
decode: 32 0 68531 32 0.011006832122802734
decode: 32 0 68563 32 0.010883092880249023
decode: 32 0 68595 32 0.010874509811401367
decode: 32 0 68627 32 0.010891914367675781
decode: 32 0 68659 32 0.010946989059448242
decode: 32 0 68691 32 0.010891199111938477
decode: 32 0 68723 32 0.010913848876953125
decode: 32 0 68755 32 0.010848283767700195
decode: 32 0 68787 32 0.010865211486816406
decode: 32 0 68819 32 0.010911226272583008
decode: 32 0 68851 32 0.010853767395019531
decode: 32 0 68883 32 0.010860681533813477
decode: 32 0 68915 32 0.010919570922851562
decode: 32 0 68947 32 0.010845184326171875
decode: 32 0 68979 32 0.010970592498779297
decode: 32 0 69011 32 0.010863065719604492
decode: 32 0 69043 32 0.010848283767700195
decode: 32 0 69075 32 0.01093435287475586
decode: 32 0 69107 32 0.010844707489013672
decode: 32 0 69139 32 0.010871648788452148
decode: 32 0 69171 32 0.010853767395019531
decode: 32 0 69203 32 0.010888099670410156
decode: 32 0 69235 32 0.010950803756713867
extend: 0 7 0 15972 0.3845667839050293
decode: 32 0 67115 32 0.011676788330078125
decode: 32 0 67147 32 0.01159214973449707
decode: 32 0 67179 32 0.011150360107421875
decode: 32 0 67211 32 0.011125564575195312
decode: 32 0 67243 32 0.011038541793823242
decode: 32 0 67275 32 0.010992050170898438
decode: 32 0 67307 32 0.010908365249633789
decode: 32 0 67339 32 0.01088261604309082
decode: 32 0 67371 32 0.01082754135131836
decode: 32 0 67403 32 0.010828971862792969
decode: 32 0 67435 32 0.010883331298828125
decode: 32 0 67467 32 0.010840892791748047
decode: 32 0 67499 32 0.01091766357421875
decode: 32 0 67531 32 0.010942459106445312
decode: 32 0 67563 32 0.010830402374267578
decode: 32 0 67595 32 0.010820627212524414
decode: 32 0 67627 32 0.010977745056152344
decode: 32 0 67659 32 0.010825395584106445
decode: 32 0 67691 32 0.010838985443115234
decode: 32 0 67723 32 0.010931968688964844
decode: 32 0 67755 32 0.010885477066040039
decode: 32 0 67787 32 0.010880231857299805
decode: 32 0 67819 32 0.010972023010253906
decode: 32 0 67851 32 0.010874748229980469
decode: 32 0 67883 32 0.010930061340332031
decode: 32 0 67915 32 0.010950565338134766
decode: 32 0 67947 32 0.010951519012451172
decode: 32 0 67979 32 0.010901451110839844
decode: 32 0 68011 32 0.01088571548461914
decode: 32 0 68043 32 0.010926961898803711
decode: 32 0 68075 32 0.010878801345825195
decode: 32 0 68107 32 0.010852813720703125
decode: 32 0 68139 32 0.010922670364379883
decode: 32 0 68171 32 0.010858297348022461
decode: 32 0 68203 32 0.010862112045288086
decode: 32 0 68235 32 0.010960578918457031
decode: 32 0 68267 32 0.01083517074584961
decode: 32 0 68299 32 0.010977983474731445
decode: 32 0 68331 32 0.010848760604858398
decode: 32 0 68363 32 0.010855913162231445
decode: 32 0 68395 32 0.010924816131591797
decode: 32 0 68427 32 0.01083230972290039
decode: 32 0 68459 32 0.010849237442016602
decode: 32 0 68491 32 0.010904312133789062
decode: 32 0 68523 32 0.010840892791748047
decode: 32 0 68555 32 0.010823249816894531
decode: 32 0 68587 32 0.010879278182983398
decode: 32 0 68619 32 0.01088714599609375
decode: 32 0 68651 32 0.010883092880249023
extend: 0 6 0 15673 0.38036465644836426
decode: 32 0 67885 32 0.011717796325683594
decode: 32 0 67917 32 0.011697053909301758
decode: 32 0 67949 32 0.0112457275390625
decode: 32 0 67981 32 0.011267662048339844
decode: 32 0 68013 32 0.011170148849487305
decode: 32 0 68045 32 0.011081695556640625
decode: 32 0 68077 32 0.010996341705322266
decode: 32 0 68109 32 0.011108160018920898
decode: 32 0 68141 32 0.010972023010253906
decode: 32 0 68173 32 0.010947465896606445
decode: 32 0 68205 32 0.011063337326049805
decode: 32 0 68237 32 0.010938644409179688
decode: 32 0 68269 32 0.010927915573120117
decode: 32 0 68301 32 0.010933160781860352
decode: 32 0 68333 32 0.011012077331542969
decode: 32 0 68365 32 0.010938644409179688
decode: 32 0 68397 32 0.010947465896606445
decode: 32 0 68429 32 0.010931015014648438
decode: 32 0 68461 32 0.010922908782958984
decode: 32 0 68493 32 0.010925769805908203
decode: 32 0 68525 32 0.01093292236328125
decode: 32 0 68557 32 0.010921955108642578
decode: 32 0 68589 32 0.010938644409179688
decode: 32 0 68621 32 0.010922908782958984
decode: 32 0 68653 32 0.010944843292236328
decode: 32 0 68685 32 0.010938167572021484
decode: 32 0 68717 32 0.010949134826660156
decode: 32 0 68749 32 0.011035442352294922
decode: 32 0 68781 32 0.010947465896606445
decode: 32 0 68813 32 0.010956048965454102
decode: 32 0 68845 32 0.011048078536987305
decode: 31 0 67454 31 0.010906457901000977
decode: 31 0 67485 31 0.01092076301574707
decode: 31 0 67516 31 0.010912418365478516
decode: 31 0 67547 31 0.010913610458374023
decode: 31 0 67578 31 0.010905981063842773
decode: 31 0 67609 31 0.010987997055053711
decode: 31 0 67640 31 0.010921716690063477
decode: 31 0 67671 31 0.01089930534362793
decode: 31 0 67702 31 0.010937929153442383
decode: 31 0 67733 31 0.010915517807006836
decode: 31 0 67764 31 0.010907173156738281
decode: 31 0 67795 31 0.010904788970947266
decode: 31 0 67826 31 0.010886192321777344
decode: 31 0 67857 31 0.010912179946899414
decode: 31 0 67888 31 0.010945558547973633
decode: 31 0 67919 31 0.010894775390625
decode: 31 0 67950 31 0.010905265808105469
decode: 31 0 67981 31 0.010915756225585938
extend: 0 5 0 16015 0.3852689266204834
decode: 26 0 68094 26 0.011675357818603516
decode: 26 0 68120 26 0.011330366134643555
decode: 26 0 68146 26 0.011224746704101562
decode: 26 0 68172 26 0.011201620101928711
decode: 26 0 68198 26 0.011059999465942383
decode: 26 0 68224 26 0.011154890060424805
decode: 26 0 68250 26 0.011057853698730469
decode: 26 0 68276 26 0.011104822158813477
decode: 26 0 68302 26 0.011154651641845703
decode: 26 0 68328 26 0.01098942756652832
decode: 26 0 68354 26 0.01099395751953125
decode: 26 0 68380 26 0.010982036590576172
decode: 26 0 68406 26 0.01097726821899414
decode: 26 0 68432 26 0.010977983474731445
decode: 26 0 68458 26 0.011189937591552734
decode: 26 0 68484 26 0.011036396026611328
decode: 26 0 68510 26 0.010988235473632812
decode: 26 0 68536 26 0.011055946350097656
decode: 26 0 68562 26 0.011005878448486328
decode: 26 0 68588 26 0.010979175567626953
decode: 26 0 68614 26 0.011032581329345703
decode: 26 0 68640 26 0.010989904403686523
decode: 26 0 68666 26 0.011009693145751953
decode: 26 0 68692 26 0.010994672775268555
decode: 26 0 68718 26 0.011009454727172852
decode: 26 0 68744 26 0.010970592498779297
decode: 26 0 68770 26 0.010993003845214844
decode: 26 0 68796 26 0.010966062545776367
decode: 26 0 68822 26 0.010921239852905273
decode: 26 0 68848 26 0.010946512222290039
decode: 26 0 68874 26 0.010935068130493164
decode: 26 0 68900 26 0.010940313339233398
decode: 26 0 68926 26 0.01094818115234375
decode: 26 0 68952 26 0.010927677154541016
decode: 26 0 68978 26 0.010966777801513672
decode: 26 0 69004 26 0.011068582534790039
decode: 26 0 69030 26 0.011013984680175781
decode: 26 0 69056 26 0.010950088500976562
decode: 26 0 69082 26 0.010926485061645508
decode: 26 0 69108 26 0.010967493057250977
decode: 26 0 69134 26 0.010944843292236328
decode: 26 0 69160 26 0.010960102081298828
decode: 26 0 69186 26 0.010936498641967773
decode: 26 0 69212 26 0.011064529418945312
decode: 26 0 69238 26 0.010988950729370117
decode: 26 0 69264 26 0.010929346084594727
decode: 26 0 69290 26 0.010943412780761719
decode: 26 0 69316 26 0.01093292236328125
decode: 26 0 69342 26 0.011076688766479492
extend: 0 6 0 16115 0.38010120391845703
decode: 25 0 67820 25 0.01158761978149414
decode: 25 0 67845 25 0.011263132095336914
decode: 25 0 67870 25 0.011198997497558594
decode: 25 0 67895 25 0.011237621307373047
decode: 25 0 67920 25 0.011039018630981445
decode: 25 0 67945 25 0.011121511459350586
decode: 25 0 67970 25 0.011036157608032227
decode: 25 0 67995 25 0.011008977890014648
decode: 25 0 68020 25 0.011042594909667969
decode: 25 0 68045 25 0.01111745834350586
decode: 25 0 68070 25 0.011049747467041016
decode: 25 0 68095 25 0.01110696792602539
decode: 25 0 68120 25 0.01103830337524414
decode: 25 0 68145 25 0.011029243469238281
decode: 25 0 68170 25 0.011034965515136719
decode: 25 0 68195 25 0.011039018630981445
decode: 25 0 68220 25 0.011015176773071289
decode: 25 0 68245 25 0.011094808578491211
decode: 25 0 68270 25 0.011029958724975586
decode: 25 0 68295 25 0.011122465133666992
decode: 25 0 68320 25 0.011031866073608398
decode: 25 0 68345 25 0.011154413223266602
decode: 25 0 68370 25 0.011025667190551758
decode: 25 0 68395 25 0.011020660400390625
decode: 25 0 68420 25 0.011024713516235352
decode: 25 0 68445 25 0.011012792587280273
decode: 25 0 68470 25 0.011021137237548828
decode: 25 0 68495 25 0.011038064956665039
decode: 25 0 68520 25 0.011012554168701172
decode: 25 0 68545 25 0.011021137237548828
decode: 25 0 68570 25 0.01100301742553711
decode: 25 0 68595 25 0.010973691940307617
decode: 25 0 68620 25 0.01096343994140625
decode: 25 0 68645 25 0.010983467102050781
decode: 25 0 68670 25 0.010974884033203125
decode: 25 0 68695 25 0.010972261428833008
decode: 25 0 68720 25 0.01097869873046875
decode: 25 0 68745 25 0.011029958724975586
decode: 25 0 68770 25 0.010998010635375977
decode: 25 0 68795 25 0.010956287384033203
decode: 25 0 68820 25 0.011029720306396484
decode: 25 0 68845 25 0.011004209518432617
decode: 25 0 68870 25 0.011148214340209961
decode: 25 0 68895 25 0.011012077331542969
decode: 25 0 68920 25 0.011025428771972656
decode: 25 0 68945 25 0.01100468635559082
decode: 25 0 68970 25 0.011118888854980469
decode: 25 0 68995 25 0.011007070541381836
decode: 25 0 69020 25 0.011046886444091797
extend: 0 7 0 16311 0.38416147232055664
decode: 25 0 68045 25 0.01158285140991211
decode: 25 0 68070 25 0.011465787887573242
decode: 24 0 67072 24 0.011128902435302734
decode: 24 0 67096 24 0.011121034622192383
decode: 24 0 67120 24 0.010802507400512695
decode: 24 0 67144 24 0.010740280151367188
decode: 24 0 67168 24 0.010704278945922852
decode: 24 0 67192 24 0.010716676712036133
decode: 24 0 67216 24 0.010705709457397461
decode: 24 0 67240 24 0.010668516159057617
decode: 24 0 67264 24 0.010688066482543945
decode: 24 0 67288 24 0.010688066482543945
decode: 24 0 67312 24 0.010717153549194336
decode: 24 0 67336 24 0.010680437088012695
decode: 24 0 67360 24 0.01067805290222168
decode: 24 0 67384 24 0.010683536529541016
decode: 23 0 64297 23 0.010501623153686523
decode: 23 0 64320 23 0.010509490966796875
decode: 23 0 64343 23 0.010518074035644531
decode: 23 0 64366 23 0.010548114776611328
decode: 23 0 64389 23 0.010517120361328125
decode: 23 0 64412 23 0.010526180267333984
decode: 23 0 64435 23 0.010529041290283203
decode: 23 0 64458 23 0.010528326034545898
decode: 23 0 64481 23 0.01053619384765625
decode: 23 0 64504 23 0.010581731796264648
decode: 23 0 64527 23 0.010532140731811523
decode: 23 0 64550 23 0.010628938674926758
decode: 23 0 64573 23 0.010630369186401367
decode: 23 0 64596 23 0.010553836822509766
decode: 23 0 64619 23 0.010569572448730469
decode: 23 0 64642 23 0.01053476333618164
decode: 23 0 64665 23 0.010531425476074219
decode: 23 0 64688 23 0.01052546501159668
decode: 23 0 64711 23 0.010577201843261719
decode: 23 0 64734 23 0.01056361198425293
decode: 23 0 64757 23 0.010518074035644531
decode: 23 0 64780 23 0.010514020919799805
decode: 23 0 64803 23 0.010521411895751953
decode: 23 0 64826 23 0.010574102401733398
decode: 23 0 64849 23 0.010532855987548828
decode: 23 0 64872 23 0.010559558868408203
decode: 23 0 64895 23 0.010537862777709961
decode: 23 0 64918 23 0.010519266128540039
decode: 23 0 64941 23 0.010535955429077148
decode: 23 0 64964 23 0.010501861572265625
decode: 23 0 64987 23 0.010536909103393555
decode: 23 0 65010 23 0.010545730590820312
decode: 23 0 65033 23 0.010489463806152344
decode: 23 0 65056 23 0.010543107986450195
decode: 23 0 65079 23 0.010528802871704102
extend: 0 6 0 16030 0.38067150115966797
decode: 24 0 67711 24 0.011288881301879883
decode: 24 0 67735 24 0.011098384857177734
decode: 24 0 67759 24 0.010932207107543945
decode: 24 0 67783 24 0.010779142379760742
decode: 24 0 67807 24 0.010813713073730469
decode: 24 0 67831 24 0.010733604431152344
decode: 24 0 67855 24 0.0107421875
decode: 24 0 67879 24 0.010798931121826172
decode: 24 0 67903 24 0.010646581649780273
decode: 24 0 67927 24 0.010688304901123047
decode: 24 0 67951 24 0.010646820068359375
decode: 24 0 67975 24 0.010639190673828125
decode: 24 0 67999 24 0.010627269744873047
decode: 24 0 68023 24 0.01066136360168457
decode: 24 0 68047 24 0.010655879974365234
decode: 24 0 68071 24 0.010652542114257812
decode: 24 0 68095 24 0.010668754577636719
decode: 24 0 68119 24 0.010656595230102539
decode: 24 0 68143 24 0.010696887969970703
decode: 24 0 68167 24 0.010710000991821289
decode: 24 0 68191 24 0.010677814483642578
decode: 24 0 68215 24 0.010663270950317383
decode: 24 0 68239 24 0.010660886764526367
decode: 24 0 68263 24 0.010668039321899414
decode: 24 0 68287 24 0.010656595230102539
decode: 24 0 68311 24 0.010701894760131836
decode: 24 0 68335 24 0.010763168334960938
decode: 24 0 68359 24 0.010649681091308594
decode: 24 0 68383 24 0.010708808898925781
decode: 24 0 68407 24 0.010702371597290039
decode: 24 0 68431 24 0.010750293731689453
decode: 24 0 68455 24 0.010762214660644531
decode: 24 0 68479 24 0.010711669921875
decode: 24 0 68503 24 0.010699272155761719
decode: 24 0 68527 24 0.010706901550292969
decode: 24 0 68551 24 0.01069188117980957
decode: 24 0 68575 24 0.010694742202758789
decode: 24 0 68599 24 0.010687828063964844
decode: 24 0 68623 24 0.010683536529541016
decode: 24 0 68647 24 0.010701179504394531
decode: 24 0 68671 24 0.01069021224975586
decode: 24 0 68695 24 0.010687589645385742
decode: 24 0 68719 24 0.01068425178527832
decode: 24 0 68743 24 0.010692358016967773
decode: 24 0 68767 24 0.010666847229003906
decode: 24 0 68791 24 0.010671138763427734
decode: 24 0 68815 24 0.010787725448608398
decode: 24 0 68839 24 0.010730266571044922
decode: 24 0 68863 24 0.010692358016967773
decode: 24 0 68887 24 0.010741233825683594
decode: 24 0 68911 24 0.010701656341552734
extend: 0 6 0 16315 0.38405895233154297
decode: 25 0 67680 25 0.011662721633911133
decode: 25 0 67705 25 0.011493921279907227
decode: 25 0 67730 25 0.011164665222167969
decode: 25 0 67755 25 0.011147499084472656
decode: 25 0 67780 25 0.011169672012329102
decode: 25 0 67805 25 0.011088132858276367
decode: 25 0 67830 25 0.011059045791625977
decode: 25 0 67855 25 0.010969877243041992
decode: 25 0 67880 25 0.01108098030090332
decode: 25 0 67905 25 0.010961532592773438
decode: 25 0 67930 25 0.010961532592773438
decode: 25 0 67955 25 0.010924339294433594
decode: 25 0 67980 25 0.011020898818969727
decode: 25 0 68005 25 0.0109405517578125
decode: 25 0 68030 25 0.011018514633178711
decode: 25 0 68055 25 0.010902881622314453
decode: 25 0 68080 25 0.010914802551269531
decode: 25 0 68105 25 0.011009693145751953
decode: 25 0 68130 25 0.010907888412475586
decode: 25 0 68155 25 0.010911703109741211
decode: 25 0 68180 25 0.01090693473815918
decode: 25 0 68205 25 0.010901927947998047
decode: 25 0 68230 25 0.010929346084594727
decode: 25 0 68255 25 0.010931015014648438
decode: 25 0 68280 25 0.010930299758911133
decode: 25 0 68305 25 0.010901451110839844
decode: 25 0 68330 25 0.010935068130493164
decode: 25 0 68355 25 0.010914087295532227
decode: 25 0 68380 25 0.010943889617919922
decode: 25 0 68405 25 0.01098489761352539
decode: 25 0 68430 25 0.010935068130493164
decode: 25 0 68455 25 0.010902643203735352
decode: 25 0 68480 25 0.010939836502075195
decode: 25 0 68505 25 0.010981321334838867
decode: 25 0 68530 25 0.010903358459472656
decode: 25 0 68555 25 0.010926485061645508
decode: 25 0 68580 25 0.011018753051757812
decode: 25 0 68605 25 0.010936260223388672
decode: 25 0 68630 25 0.011029481887817383
decode: 25 0 68655 25 0.010928153991699219
decode: 25 0 68680 25 0.010905742645263672
decode: 25 0 68705 25 0.010915517807006836
decode: 25 0 68730 25 0.01103353500366211
decode: 25 0 68755 25 0.010909557342529297
decode: 25 0 68780 25 0.01090383529663086
decode: 25 0 68805 25 0.010926008224487305
decode: 25 0 68830 25 0.010959863662719727
decode: 25 0 68855 25 0.010964155197143555
decode: 25 0 68880 25 0.010956048965454102
extend: 0 7 0 15803 0.37723588943481445
decode: 26 0 67247 26 0.01175069808959961
decode: 26 0 67273 26 0.011463642120361328
decode: 26 0 67299 26 0.011410236358642578
decode: 26 0 67325 26 0.011263132095336914
decode: 26 0 67351 26 0.01108860969543457
decode: 26 0 67377 26 0.010911703109741211
decode: 26 0 67403 26 0.010885238647460938
decode: 26 0 67429 26 0.01086735725402832
decode: 26 0 67455 26 0.010857820510864258
decode: 26 0 67481 26 0.010833263397216797
decode: 26 0 67507 26 0.010847091674804688
decode: 26 0 67533 26 0.010833501815795898
decode: 26 0 67559 26 0.010833978652954102
decode: 26 0 67585 26 0.010830163955688477
decode: 26 0 67611 26 0.010823726654052734
decode: 26 0 67637 26 0.010823249816894531
decode: 26 0 67663 26 0.010830163955688477
decode: 26 0 67689 26 0.010830402374267578
decode: 26 0 67715 26 0.010814905166625977
decode: 26 0 67741 26 0.010824441909790039
decode: 26 0 67767 26 0.010841846466064453
decode: 25 0 63283 25 0.010686397552490234
decode: 25 0 63308 25 0.010763406753540039
decode: 25 0 63333 25 0.010738372802734375
decode: 25 0 63358 25 0.010803699493408203
decode: 25 0 63383 25 0.010735750198364258
decode: 25 0 63408 25 0.010746002197265625
decode: 25 0 63433 25 0.010728597640991211
decode: 25 0 63458 25 0.01085352897644043
decode: 25 0 63483 25 0.010710477828979492
decode: 25 0 63508 25 0.010683536529541016
decode: 25 0 63533 25 0.010682106018066406
decode: 25 0 63558 25 0.010776519775390625
decode: 25 0 63583 25 0.010756254196166992
decode: 25 0 63608 25 0.010713338851928711
decode: 25 0 63633 25 0.010690927505493164
decode: 25 0 63658 25 0.010718822479248047
decode: 25 0 63683 25 0.01069951057434082
decode: 25 0 63708 25 0.010715484619140625
decode: 25 0 63733 25 0.010739564895629883
decode: 25 0 63758 25 0.01074361801147461
decode: 25 0 63783 25 0.010727167129516602
decode: 25 0 63808 25 0.010823488235473633
decode: 25 0 63833 25 0.01083517074584961
decode: 25 0 63858 25 0.010746955871582031
decode: 25 0 63883 25 0.010725259780883789
decode: 25 0 63908 25 0.010704994201660156
decode: 25 0 63933 25 0.01071786880493164
decode: 25 0 63958 25 0.010811805725097656
decode: 25 0 63983 25 0.010684728622436523
extend: 0 9 0 16157 0.37895989418029785
decode: 29 0 67745 29 0.011533737182617188
decode: 29 0 67774 29 0.011458158493041992
decode: 29 0 67803 29 0.011193513870239258
decode: 29 0 67832 29 0.011200428009033203
decode: 29 0 67861 29 0.011084794998168945
decode: 28 0 64038 28 0.010908126831054688
decode: 28 0 64066 28 0.010855913162231445
decode: 28 0 64094 28 0.01074838638305664
decode: 28 0 64122 28 0.010684967041015625
decode: 28 0 64150 28 0.010789632797241211
decode: 28 0 64178 28 0.010672569274902344
decode: 28 0 64206 28 0.010677814483642578
decode: 28 0 64234 28 0.010689973831176758
decode: 28 0 64262 28 0.010685920715332031
decode: 28 0 64290 28 0.010758399963378906
decode: 28 0 64318 28 0.010748863220214844
decode: 28 0 64346 28 0.010763883590698242
decode: 28 0 64374 28 0.010751962661743164
decode: 28 0 64402 28 0.010803461074829102
decode: 28 0 64430 28 0.010756969451904297
decode: 28 0 64458 28 0.010740280151367188
decode: 28 0 64486 28 0.010743379592895508
decode: 28 0 64514 28 0.010750055313110352
decode: 28 0 64542 28 0.010736465454101562
decode: 28 0 64570 28 0.010903120040893555
decode: 28 0 64598 28 0.010802984237670898
decode: 28 0 64626 28 0.010763168334960938
decode: 28 0 64654 28 0.01075291633605957
decode: 28 0 64682 28 0.010870218276977539
decode: 28 0 64710 28 0.01084756851196289
decode: 28 0 64738 28 0.010755777359008789
decode: 28 0 64766 28 0.010765790939331055
decode: 28 0 64794 28 0.010796785354614258
decode: 28 0 64822 28 0.010783910751342773
decode: 28 0 64850 28 0.010720014572143555
decode: 28 0 64878 28 0.010734319686889648
decode: 28 0 64906 28 0.01071476936340332
decode: 28 0 64934 28 0.010706186294555664
decode: 28 0 64962 28 0.010787487030029297
decode: 28 0 64990 28 0.010786294937133789
decode: 28 0 65018 28 0.010712385177612305
decode: 28 0 65046 28 0.010827302932739258
decode: 28 0 65074 28 0.010809898376464844
decode: 28 0 65102 28 0.010780811309814453
decode: 27 0 63357 27 0.010641098022460938
decode: 27 0 63384 27 0.010694503784179688
decode: 27 0 63411 27 0.010725259780883789
decode: 27 0 63438 27 0.010774374008178711
decode: 27 0 63465 27 0.010725021362304688
decode: 27 0 63492 27 0.010776996612548828
extend: 0 7 0 16062 0.37835264205932617
decode: 30 0 67314 30 0.011422157287597656
decode: 30 0 67344 30 0.011199474334716797
decode: 30 0 67374 30 0.011034488677978516
decode: 30 0 67404 30 0.011179685592651367
decode: 30 0 67434 30 0.011038780212402344
decode: 30 0 67464 30 0.011003255844116211
decode: 30 0 67494 30 0.010894775390625
decode: 30 0 67524 30 0.010979890823364258
decode: 30 0 67554 30 0.010818719863891602
decode: 30 0 67584 30 0.010882854461669922
decode: 29 0 64093 29 0.010668516159057617
decode: 29 0 64122 29 0.010663986206054688
decode: 29 0 64151 29 0.010783672332763672
decode: 29 0 64180 29 0.01066446304321289
decode: 29 0 64209 29 0.010645389556884766
decode: 29 0 64238 29 0.010662078857421875
decode: 29 0 64267 29 0.010719060897827148
decode: 29 0 64296 29 0.010705709457397461
decode: 29 0 64325 29 0.010642766952514648
decode: 29 0 64354 29 0.01076054573059082
decode: 29 0 64383 29 0.01066279411315918
decode: 29 0 64412 29 0.01071023941040039
decode: 29 0 64441 29 0.010655641555786133
decode: 29 0 64470 29 0.010637283325195312
decode: 29 0 64499 29 0.01062774658203125
decode: 29 0 64528 29 0.010640621185302734
decode: 29 0 64557 29 0.010640621185302734
decode: 29 0 64586 29 0.010701656341552734
decode: 29 0 64615 29 0.010672330856323242
decode: 29 0 64644 29 0.010749101638793945
decode: 29 0 64673 29 0.01070261001586914
decode: 29 0 64702 29 0.010731697082519531
decode: 29 0 64731 29 0.010660648345947266
decode: 29 0 64760 29 0.010661840438842773
decode: 29 0 64789 29 0.01080632209777832
decode: 29 0 64818 29 0.010656595230102539
decode: 29 0 64847 29 0.010669231414794922
decode: 29 0 64876 29 0.010716915130615234
decode: 29 0 64905 29 0.010647296905517578
decode: 28 0 62212 28 0.010560274124145508
decode: 28 0 62240 28 0.010511636734008789
decode: 28 0 62268 28 0.010509252548217773
decode: 28 0 62296 28 0.010612010955810547
decode: 28 0 62324 28 0.010555744171142578
decode: 28 0 62352 28 0.01050567626953125
decode: 28 0 62380 28 0.010521173477172852
decode: 28 0 62408 28 0.01052403450012207
decode: 28 0 62436 28 0.01051640510559082
decode: 28 0 62464 28 0.010589122772216797
decode: 28 0 62492 28 0.01052999496459961
extend: 0 5 0 15840 0.3818783760070801
decode: 29 0 68192 29 0.011818647384643555
decode: 29 0 68221 29 0.011285781860351562
decode: 29 0 68250 29 0.01121973991394043
decode: 29 0 68279 29 0.011229276657104492
decode: 29 0 68308 29 0.011075973510742188
decode: 29 0 68337 29 0.010864496231079102
decode: 29 0 68366 29 0.010892391204833984
decode: 29 0 68395 29 0.010862350463867188
decode: 29 0 68424 29 0.010869026184082031
decode: 29 0 68453 29 0.010899782180786133
decode: 29 0 68482 29 0.010852575302124023
decode: 29 0 68511 29 0.010831356048583984
decode: 29 0 68540 29 0.010844707489013672
decode: 29 0 68569 29 0.010820388793945312
decode: 29 0 68598 29 0.010987997055053711
decode: 29 0 68627 29 0.010944128036499023
decode: 29 0 68656 29 0.01092529296875
decode: 29 0 68685 29 0.010876178741455078
decode: 29 0 68714 29 0.010982036590576172
decode: 29 0 68743 29 0.010991334915161133
decode: 29 0 68772 29 0.01089167594909668
decode: 29 0 68801 29 0.01088857650756836
decode: 29 0 68830 29 0.010895729064941406
decode: 29 0 68859 29 0.01093912124633789
decode: 29 0 68888 29 0.010896921157836914
decode: 29 0 68917 29 0.010887622833251953
decode: 29 0 68946 29 0.010894060134887695
decode: 29 0 68975 29 0.010863780975341797
decode: 29 0 69004 29 0.010886907577514648
decode: 29 0 69033 29 0.010854244232177734
decode: 29 0 69062 29 0.011000871658325195
decode: 29 0 69091 29 0.010870218276977539
decode: 29 0 69120 29 0.010987520217895508
decode: 29 0 69149 29 0.010875701904296875
decode: 29 0 69178 29 0.010865926742553711
decode: 29 0 69207 29 0.01089334487915039
decode: 29 0 69236 29 0.010876893997192383
decode: 29 0 69265 29 0.010907888412475586
decode: 29 0 69294 29 0.010957956314086914
decode: 29 0 69323 29 0.010921716690063477
decode: 29 0 69352 29 0.0109100341796875
decode: 29 0 69381 29 0.010902643203735352
decode: 29 0 69410 29 0.010911941528320312
decode: 29 0 69439 29 0.010926961898803711
decode: 29 0 69468 29 0.011063098907470703
decode: 29 0 69497 29 0.010953903198242188
decode: 29 0 69526 29 0.010931968688964844
decode: 29 0 69555 29 0.010887622833251953
decode: 29 0 69584 29 0.010883092880249023
extend: 0 5 0 16195 0.386643648147583
decode: 28 0 67703 28 0.011411905288696289
decode: 28 0 67731 28 0.011371850967407227
decode: 28 0 67759 28 0.011280298233032227
decode: 28 0 67787 28 0.011042118072509766
decode: 28 0 67815 28 0.010957956314086914
decode: 28 0 67843 28 0.010983943939208984
decode: 28 0 67871 28 0.011005401611328125
decode: 28 0 67899 28 0.010959863662719727
decode: 28 0 67927 28 0.010870218276977539
decode: 28 0 67955 28 0.010858535766601562
decode: 28 0 67983 28 0.010854721069335938
decode: 28 0 68011 28 0.010895252227783203
decode: 28 0 68039 28 0.010869741439819336
decode: 28 0 68067 28 0.010860919952392578
decode: 28 0 68095 28 0.010874748229980469
decode: 28 0 68123 28 0.01086568832397461
decode: 28 0 68151 28 0.010864496231079102
decode: 28 0 68179 28 0.010871648788452148
decode: 28 0 68207 28 0.010981321334838867
decode: 28 0 68235 28 0.010860443115234375
decode: 28 0 68263 28 0.010883569717407227
decode: 28 0 68291 28 0.010883569717407227
decode: 28 0 68319 28 0.010872602462768555
decode: 28 0 68347 28 0.010881423950195312
decode: 28 0 68375 28 0.010869264602661133
decode: 28 0 68403 28 0.010855913162231445
decode: 28 0 68431 28 0.010996341705322266
decode: 28 0 68459 28 0.010860443115234375
decode: 28 0 68487 28 0.010869264602661133
decode: 28 0 68515 28 0.010857105255126953
decode: 28 0 68543 28 0.01082921028137207
decode: 28 0 68571 28 0.010846138000488281
decode: 28 0 68599 28 0.010903358459472656
decode: 28 0 68627 28 0.010851860046386719
decode: 28 0 68655 28 0.010836601257324219
decode: 28 0 68683 28 0.01091623306274414
decode: 28 0 68711 28 0.010991334915161133
decode: 28 0 68739 28 0.010824441909790039
decode: 28 0 68767 28 0.010836124420166016
decode: 28 0 68795 28 0.010830402374267578
decode: 28 0 68823 28 0.010834217071533203
decode: 28 0 68851 28 0.01094818115234375
decode: 28 0 68879 28 0.010812044143676758
decode: 28 0 68907 28 0.010848760604858398
decode: 28 0 68935 28 0.010961532592773438
decode: 28 0 68963 28 0.010986328125
decode: 28 0 68991 28 0.010912179946899414
decode: 28 0 69019 28 0.010918617248535156
decode: 28 0 69047 28 0.011020183563232422
extend: 0 5 0 15462 0.374009370803833
decode: 25 0 67968 25 0.01192164421081543
decode: 25 0 67993 25 0.011474609375
decode: 25 0 68018 25 0.01144266128540039
decode: 25 0 68043 25 0.011200189590454102
decode: 25 0 68068 25 0.011254072189331055
decode: 25 0 68093 25 0.011237859725952148
decode: 25 0 68118 25 0.011066675186157227
decode: 25 0 68143 25 0.010943174362182617
decode: 25 0 68168 25 0.010973930358886719
decode: 24 0 66075 24 0.010642051696777344
decode: 24 0 66099 24 0.010602474212646484
decode: 24 0 66123 24 0.010582208633422852
decode: 24 0 66147 24 0.010634422302246094
decode: 24 0 66171 24 0.010650873184204102
decode: 23 0 63345 23 0.01056361198425293
decode: 23 0 63368 23 0.010553836822509766
decode: 22 0 62266 22 0.010514020919799805
decode: 22 0 62288 22 0.010506629943847656
decode: 22 0 62310 22 0.01050567626953125
decode: 22 0 62332 22 0.010629892349243164
decode: 22 0 62354 22 0.010559797286987305
decode: 22 0 62376 22 0.010525703430175781
decode: 22 0 62398 22 0.010638713836669922
decode: 22 0 62420 22 0.010553359985351562
decode: 22 0 62442 22 0.010508537292480469
decode: 22 0 62464 22 0.010504961013793945
decode: 22 0 62486 22 0.010490655899047852
decode: 22 0 62508 22 0.01051473617553711
decode: 22 0 62530 22 0.01060342788696289
decode: 22 0 62552 22 0.010502338409423828
decode: 22 0 62574 22 0.010498285293579102
decode: 22 0 62596 22 0.010505437850952148
decode: 22 0 62618 22 0.010496139526367188
decode: 22 0 62640 22 0.010471582412719727
decode: 22 0 62662 22 0.010489702224731445
decode: 22 0 62684 22 0.010486841201782227
decode: 22 0 62706 22 0.010466575622558594
decode: 22 0 62728 22 0.010467529296875
decode: 22 0 62750 22 0.010578632354736328
decode: 22 0 62772 22 0.010479211807250977
decode: 22 0 62794 22 0.01047205924987793
decode: 22 0 62816 22 0.010463714599609375
decode: 22 0 62838 22 0.01047968864440918
decode: 22 0 62860 22 0.010460853576660156
decode: 22 0 62882 22 0.010467529296875
decode: 22 0 62904 22 0.010448455810546875
decode: 22 0 62926 22 0.01045989990234375
decode: 22 0 62948 22 0.010500669479370117
decode: 22 0 62970 22 0.010504722595214844
decode: 22 0 62992 22 0.010584592819213867
decode: 22 0 63014 22 0.010518312454223633
decode: 22 0 63036 22 0.010494470596313477
extend: 0 6 0 16342 0.3839902877807617
decode: 22 0 68469 22 0.011395692825317383
decode: 22 0 68491 22 0.011340141296386719
decode: 22 0 68513 22 0.010989665985107422
decode: 22 0 68535 22 0.01095438003540039
decode: 22 0 68557 22 0.010860204696655273
decode: 22 0 68579 22 0.010916471481323242
decode: 22 0 68601 22 0.010833263397216797
decode: 22 0 68623 22 0.010843753814697266
decode: 22 0 68645 22 0.010766744613647461
decode: 22 0 68667 22 0.01075601577758789
decode: 22 0 68689 22 0.01077723503112793
decode: 22 0 68711 22 0.010810375213623047
decode: 22 0 68733 22 0.010761260986328125
decode: 22 0 68755 22 0.010789155960083008
decode: 22 0 68777 22 0.010892152786254883
decode: 22 0 68799 22 0.01078486442565918
decode: 22 0 68821 22 0.010805130004882812
decode: 22 0 68843 22 0.0107879638671875
decode: 22 0 68865 22 0.010797739028930664
decode: 22 0 68887 22 0.010791540145874023
decode: 22 0 68909 22 0.01079559326171875
decode: 22 0 68931 22 0.010797262191772461
decode: 22 0 68953 22 0.010775566101074219
decode: 22 0 68975 22 0.010849475860595703
decode: 22 0 68997 22 0.010891199111938477
decode: 22 0 69019 22 0.010796546936035156
decode: 22 0 69041 22 0.01078343391418457
decode: 22 0 69063 22 0.010841131210327148
decode: 22 0 69085 22 0.010859012603759766
decode: 22 0 69107 22 0.010843992233276367
decode: 22 0 69129 22 0.010843753814697266
decode: 22 0 69151 22 0.010758638381958008
decode: 22 0 69173 22 0.010774850845336914
decode: 22 0 69195 22 0.01078176498413086
decode: 22 0 69217 22 0.010769367218017578
decode: 22 0 69239 22 0.010762929916381836
decode: 22 0 69261 22 0.010751008987426758
decode: 22 0 69283 22 0.010779142379760742
decode: 22 0 69305 22 0.010742902755737305
decode: 22 0 69327 22 0.010914802551269531
decode: 22 0 69349 22 0.010874271392822266
decode: 22 0 69371 22 0.01085519790649414
decode: 22 0 69393 22 0.010919809341430664
decode: 22 0 69415 22 0.0108489990234375
decode: 22 0 69437 22 0.01080632209777832
decode: 22 0 69459 22 0.010838747024536133
decode: 22 0 69481 22 0.010780572891235352
decode: 22 0 69503 22 0.010902166366577148
decode: 22 0 69525 22 0.010825634002685547
decode: 22 0 69547 22 0.010779619216918945
extend: 0 6 0 15685 0.38497495651245117
decode: 22 0 67779 22 0.011682510375976562
decode: 22 0 67801 22 0.011464118957519531
decode: 22 0 67823 22 0.011096715927124023
decode: 22 0 67845 22 0.01110219955444336
decode: 22 0 67867 22 0.011096000671386719
decode: 22 0 67889 22 0.011057376861572266
decode: 22 0 67911 22 0.010899543762207031
decode: 22 0 67933 22 0.010938644409179688
decode: 22 0 67955 22 0.010814905166625977
decode: 22 0 67977 22 0.010795354843139648
decode: 22 0 67999 22 0.010873794555664062
decode: 22 0 68021 22 0.010806560516357422
decode: 22 0 68043 22 0.010762929916381836
decode: 22 0 68065 22 0.010772466659545898
decode: 22 0 68087 22 0.010766267776489258
decode: 22 0 68109 22 0.01077723503112793
decode: 22 0 68131 22 0.010773420333862305
decode: 22 0 68153 22 0.010761260986328125
decode: 22 0 68175 22 0.010776519775390625
decode: 22 0 68197 22 0.010792255401611328
decode: 22 0 68219 22 0.010793924331665039
decode: 22 0 68241 22 0.010835886001586914
decode: 22 0 68263 22 0.010885953903198242
decode: 22 0 68285 22 0.010788917541503906
decode: 22 0 68307 22 0.010800838470458984
decode: 22 0 68329 22 0.010780811309814453
decode: 22 0 68351 22 0.010838747024536133
decode: 22 0 68373 22 0.010775327682495117
decode: 22 0 68395 22 0.010769367218017578
decode: 22 0 68417 22 0.010765552520751953
decode: 22 0 68439 22 0.010760307312011719
decode: 22 0 68461 22 0.01075124740600586
decode: 22 0 68483 22 0.01078176498413086
decode: 22 0 68505 22 0.010766267776489258
decode: 22 0 68527 22 0.010736703872680664
decode: 22 0 68549 22 0.010784387588500977
decode: 22 0 68571 22 0.01089787483215332
decode: 22 0 68593 22 0.01076054573059082
decode: 22 0 68615 22 0.010742425918579102
decode: 22 0 68637 22 0.010756492614746094
decode: 22 0 68659 22 0.010732889175415039
decode: 22 0 68681 22 0.010729074478149414
decode: 22 0 68703 22 0.010740995407104492
decode: 22 0 68725 22 0.010742664337158203
decode: 22 0 68747 22 0.010731935501098633
decode: 22 0 68769 22 0.010779380798339844
decode: 22 0 68791 22 0.010717391967773438
decode: 22 0 68813 22 0.01072382926940918
decode: 22 0 68835 22 0.010795354843139648
decode: 22 0 68857 22 0.010771036148071289
extend: 0 6 0 16022 0.3803434371948242
decode: 24 0 67688 24 0.011748552322387695
decode: 24 0 67712 24 0.011307477951049805
decode: 24 0 67736 24 0.010986328125
decode: 24 0 67760 24 0.011048555374145508
decode: 24 0 67784 24 0.010880470275878906
decode: 24 0 67808 24 0.01081705093383789
decode: 24 0 67832 24 0.010786294937133789
decode: 24 0 67856 24 0.010729551315307617
decode: 24 0 67880 24 0.010745525360107422
decode: 24 0 67904 24 0.010754108428955078
decode: 24 0 67928 24 0.010731935501098633
decode: 23 0 64390 23 0.010501384735107422
decode: 23 0 64413 23 0.01049041748046875
decode: 23 0 64436 23 0.010523319244384766
decode: 23 0 64459 23 0.010511636734008789
decode: 23 0 64482 23 0.01053309440612793
decode: 23 0 64505 23 0.010527372360229492
decode: 23 0 64528 23 0.01051783561706543
decode: 23 0 64551 23 0.010570764541625977
decode: 23 0 64574 23 0.010520696640014648
decode: 23 0 64597 23 0.010537385940551758
decode: 23 0 64620 23 0.010518550872802734
decode: 23 0 64643 23 0.010526418685913086
decode: 23 0 64666 23 0.01056981086730957
decode: 23 0 64689 23 0.010505199432373047
decode: 23 0 64712 23 0.010530710220336914
decode: 23 0 64735 23 0.010504722595214844
decode: 23 0 64758 23 0.010534048080444336
decode: 23 0 64781 23 0.010510683059692383
decode: 23 0 64804 23 0.010491132736206055
decode: 23 0 64827 23 0.010494709014892578
decode: 23 0 64850 23 0.010469675064086914
decode: 23 0 64873 23 0.01049494743347168
decode: 23 0 64896 23 0.010473489761352539
decode: 23 0 64919 23 0.010488748550415039
decode: 23 0 64942 23 0.010569572448730469
decode: 23 0 64965 23 0.010467529296875
decode: 23 0 64988 23 0.010521888732910156
decode: 23 0 65011 23 0.010483264923095703
decode: 23 0 65034 23 0.010479450225830078
decode: 23 0 65057 23 0.010471582412719727
decode: 23 0 65080 23 0.010477781295776367
decode: 23 0 65103 23 0.010608911514282227
decode: 23 0 65126 23 0.010490894317626953
decode: 23 0 65149 23 0.01059269905090332
decode: 23 0 65172 23 0.01051473617553711
decode: 23 0 65195 23 0.01059579849243164
decode: 23 0 65218 23 0.01050114631652832
decode: 23 0 65241 23 0.010492086410522461
decode: 23 0 65264 23 0.010509490966796875
decode: 23 0 65287 23 0.010508537292480469
extend: 0 5 0 16168 0.3857908248901367
decode: 24 0 68281 24 0.01158595085144043
decode: 24 0 68305 24 0.011245489120483398
decode: 24 0 68329 24 0.011090993881225586
decode: 24 0 68353 24 0.010980367660522461
decode: 24 0 68377 24 0.010961294174194336
decode: 24 0 68401 24 0.010871410369873047
decode: 24 0 68425 24 0.010902166366577148
decode: 24 0 68449 24 0.010870933532714844
decode: 24 0 68473 24 0.01083827018737793
decode: 24 0 68497 24 0.010821819305419922
decode: 24 0 68521 24 0.010790586471557617
decode: 24 0 68545 24 0.0107879638671875
decode: 23 0 63417 23 0.010453224182128906
decode: 23 0 63440 23 0.01043844223022461
decode: 23 0 63463 23 0.010458707809448242
decode: 23 0 63486 23 0.010448455810546875
decode: 23 0 63509 23 0.010491132736206055
decode: 23 0 63532 23 0.010486602783203125
decode: 23 0 63555 23 0.010476112365722656
decode: 23 0 63578 23 0.010535001754760742
decode: 23 0 63601 23 0.010531187057495117
decode: 23 0 63624 23 0.010516881942749023
decode: 23 0 63647 23 0.010513067245483398
decode: 23 0 63670 23 0.010506868362426758
decode: 23 0 63693 23 0.010540246963500977
decode: 23 0 63716 23 0.010568618774414062
decode: 23 0 63739 23 0.010558843612670898
decode: 23 0 63762 23 0.010516166687011719
decode: 23 0 63785 23 0.010500907897949219
decode: 23 0 63808 23 0.010510921478271484
decode: 23 0 63831 23 0.010500192642211914
decode: 23 0 63854 23 0.010574102401733398
decode: 23 0 63877 23 0.010473012924194336
decode: 23 0 63900 23 0.010476112365722656
decode: 23 0 63923 23 0.010480880737304688
decode: 23 0 63946 23 0.010467052459716797
decode: 23 0 63969 23 0.010503292083740234
decode: 23 0 63992 23 0.010502815246582031
decode: 23 0 64015 23 0.01053476333618164
decode: 23 0 64038 23 0.010483503341674805
decode: 23 0 64061 23 0.010473251342773438
decode: 23 0 64084 23 0.010490179061889648
decode: 23 0 64107 23 0.010528087615966797
decode: 23 0 64130 23 0.010493755340576172
decode: 23 0 64153 23 0.010477781295776367
decode: 23 0 64176 23 0.010474681854248047
decode: 23 0 64199 23 0.010470151901245117
decode: 23 0 64222 23 0.010468482971191406
decode: 23 0 64245 23 0.010493993759155273
decode: 23 0 64268 23 0.010482311248779297
decode: 23 0 64291 23 0.010471582412719727
extend: 0 7 0 15684 0.37689900398254395
decode: 26 0 67997 26 0.011845588684082031
decode: 26 0 68023 26 0.011456966400146484
decode: 26 0 68049 26 0.01141047477722168
decode: 26 0 68075 26 0.01117253303527832
decode: 26 0 68101 26 0.011191844940185547
decode: 26 0 68127 26 0.011143684387207031
decode: 26 0 68153 26 0.010988473892211914
decode: 26 0 68179 26 0.011064767837524414
decode: 26 0 68205 26 0.010966300964355469
decode: 26 0 68231 26 0.010944843292236328
decode: 26 0 68257 26 0.010940074920654297
decode: 26 0 68283 26 0.010947227478027344
decode: 26 0 68309 26 0.010962247848510742
decode: 26 0 68335 26 0.010995864868164062
decode: 26 0 68361 26 0.010947704315185547
decode: 26 0 68387 26 0.01095271110534668
decode: 26 0 68413 26 0.011015892028808594
decode: 26 0 68439 26 0.010946512222290039
decode: 26 0 68465 26 0.010937213897705078
decode: 26 0 68491 26 0.010946035385131836
decode: 26 0 68517 26 0.010926485061645508
decode: 26 0 68543 26 0.010999202728271484
decode: 26 0 68569 26 0.011013269424438477
decode: 26 0 68595 26 0.010967493057250977
decode: 26 0 68621 26 0.010944843292236328
decode: 26 0 68647 26 0.011024951934814453
decode: 26 0 68673 26 0.010977029800415039
decode: 26 0 68699 26 0.010979175567626953
decode: 26 0 68725 26 0.011031866073608398
decode: 26 0 68751 26 0.01093745231628418
decode: 26 0 68777 26 0.010942459106445312
decode: 26 0 68803 26 0.010932207107543945
decode: 26 0 68829 26 0.010994911193847656
decode: 26 0 68855 26 0.010934114456176758
decode: 26 0 68881 26 0.010924577713012695
decode: 26 0 68907 26 0.010937690734863281
decode: 26 0 68933 26 0.010947227478027344
decode: 26 0 68959 26 0.011046409606933594
decode: 26 0 68985 26 0.010908365249633789
decode: 26 0 69011 26 0.011020898818969727
decode: 26 0 69037 26 0.010915040969848633
decode: 26 0 69063 26 0.011054515838623047
decode: 26 0 69089 26 0.010981082916259766
decode: 26 0 69115 26 0.011011362075805664
decode: 25 0 67855 25 0.011047601699829102
decode: 24 0 64675 24 0.010657548904418945
decode: 24 0 64699 24 0.010540485382080078
decode: 24 0 64723 24 0.010537147521972656
decode: 24 0 64747 24 0.010510921478271484
decode: 24 0 64771 24 0.010566949844360352
extend: 0 8 0 16145 0.3765261173248291
decode: 26 0 67413 26 0.011643171310424805
decode: 26 0 67439 26 0.011604547500610352
decode: 26 0 67465 26 0.011303901672363281
decode: 26 0 67491 26 0.011153697967529297
decode: 26 0 67517 26 0.01116633415222168
decode: 26 0 67543 26 0.011034727096557617
decode: 26 0 67569 26 0.011063337326049805
decode: 26 0 67595 26 0.011033296585083008
decode: 26 0 67621 26 0.011049032211303711
decode: 26 0 67647 26 0.010969400405883789
decode: 26 0 67673 26 0.010912895202636719
decode: 26 0 67699 26 0.010955095291137695
decode: 26 0 67725 26 0.010932683944702148
decode: 26 0 67751 26 0.010993719100952148
decode: 26 0 67777 26 0.010950326919555664
decode: 26 0 67803 26 0.010927200317382812
decode: 26 0 67829 26 0.010921001434326172
decode: 26 0 67855 26 0.010966300964355469
decode: 26 0 67881 26 0.011078357696533203
decode: 26 0 67907 26 0.010971546173095703
decode: 26 0 67933 26 0.01097726821899414
decode: 26 0 67959 26 0.010969877243041992
decode: 26 0 67985 26 0.011094093322753906
decode: 26 0 68011 26 0.010964393615722656
decode: 26 0 68037 26 0.010979890823364258
decode: 26 0 68063 26 0.010961055755615234
decode: 26 0 68089 26 0.011029958724975586
decode: 26 0 68115 26 0.010967493057250977
decode: 26 0 68141 26 0.010959148406982422
decode: 26 0 68167 26 0.010977983474731445
decode: 26 0 68193 26 0.010965824127197266
decode: 26 0 68219 26 0.01091766357421875
decode: 26 0 68245 26 0.010935783386230469
decode: 26 0 68271 26 0.011010169982910156
decode: 26 0 68297 26 0.011016130447387695
decode: 26 0 68323 26 0.010936737060546875
decode: 26 0 68349 26 0.011078596115112305
decode: 26 0 68375 26 0.011060476303100586
decode: 26 0 68401 26 0.010975122451782227
decode: 26 0 68427 26 0.010965585708618164
decode: 26 0 68453 26 0.011105060577392578
decode: 26 0 68479 26 0.010953903198242188
decode: 26 0 68505 26 0.011022567749023438
decode: 26 0 68531 26 0.01096963882446289
decode: 26 0 68557 26 0.010957002639770508
decode: 26 0 68583 26 0.010972023010253906
decode: 26 0 68609 26 0.011027336120605469
decode: 26 0 68635 26 0.01095271110534668
decode: 26 0 68661 26 0.010975837707519531
extend: 0 5 0 16163 0.38596105575561523
decode: 26 0 67112 26 0.011710405349731445
decode: 26 0 67138 26 0.011275053024291992
decode: 26 0 67164 26 0.011224031448364258
decode: 26 0 67190 26 0.011125564575195312
decode: 26 0 67216 26 0.011228084564208984
decode: 26 0 67242 26 0.01109766960144043
decode: 26 0 67268 26 0.011122465133666992
decode: 26 0 67294 26 0.011039018630981445
decode: 26 0 67320 26 0.011001110076904297
decode: 26 0 67346 26 0.01096200942993164
decode: 26 0 67372 26 0.010943889617919922
decode: 26 0 67398 26 0.010947227478027344
decode: 26 0 67424 26 0.011039257049560547
decode: 26 0 67450 26 0.010954856872558594
decode: 26 0 67476 26 0.010962486267089844
decode: 26 0 67502 26 0.010982513427734375
decode: 26 0 67528 26 0.010973453521728516
decode: 26 0 67554 26 0.01108407974243164
decode: 26 0 67580 26 0.011041879653930664
decode: 26 0 67606 26 0.010999441146850586
decode: 26 0 67632 26 0.010959148406982422
decode: 26 0 67658 26 0.011071920394897461
decode: 26 0 67684 26 0.011033058166503906
decode: 26 0 67710 26 0.010959863662719727
decode: 26 0 67736 26 0.0110626220703125
decode: 26 0 67762 26 0.011108875274658203
decode: 26 0 67788 26 0.010970592498779297
decode: 26 0 67814 26 0.011068105697631836
decode: 26 0 67840 26 0.01109004020690918
decode: 26 0 67866 26 0.01095438003540039
decode: 26 0 67892 26 0.011053085327148438
decode: 26 0 67918 26 0.011066675186157227
decode: 26 0 67944 26 0.010949134826660156
decode: 26 0 67970 26 0.011036157608032227
decode: 26 0 67996 26 0.010970592498779297
decode: 26 0 68022 26 0.01096343994140625
decode: 26 0 68048 26 0.010946989059448242
decode: 26 0 68074 26 0.011083602905273438
decode: 26 0 68100 26 0.010972976684570312
decode: 26 0 68126 26 0.010979175567626953
decode: 26 0 68152 26 0.010988235473632812
decode: 26 0 68178 26 0.011094093322753906
decode: 26 0 68204 26 0.011065483093261719
decode: 26 0 68230 26 0.011106014251708984
decode: 26 0 68256 26 0.01098322868347168
decode: 26 0 68282 26 0.01101374626159668
decode: 26 0 68308 26 0.010986804962158203
decode: 26 0 68334 26 0.010992765426635742
decode: 26 0 68360 26 0.010965347290039062
extend: 0 5 0 16343 0.3905751705169678
decode: 26 0 67566 26 0.01186370849609375
decode: 26 0 67592 26 0.01173710823059082
decode: 26 0 67618 26 0.011681079864501953
decode: 26 0 67644 26 0.011312484741210938
decode: 26 0 67670 26 0.011111736297607422
decode: 26 0 67696 26 0.011060237884521484
decode: 26 0 67722 26 0.011000633239746094
decode: 26 0 67748 26 0.011051416397094727
decode: 26 0 67774 26 0.010992288589477539
decode: 26 0 67800 26 0.011003971099853516
decode: 26 0 67826 26 0.011142969131469727
decode: 26 0 67852 26 0.011040687561035156
decode: 26 0 67878 26 0.011017799377441406
decode: 26 0 67904 26 0.010991334915161133
decode: 26 0 67930 26 0.01101231575012207
decode: 26 0 67956 26 0.010962963104248047
decode: 26 0 67982 26 0.010959386825561523
decode: 26 0 68008 26 0.01099085807800293
decode: 26 0 68034 26 0.010956764221191406
decode: 26 0 68060 26 0.011102914810180664
decode: 26 0 68086 26 0.010973215103149414
decode: 26 0 68112 26 0.010966062545776367
decode: 26 0 68138 26 0.010969877243041992
decode: 26 0 68164 26 0.010972023010253906
decode: 26 0 68190 26 0.010995149612426758
decode: 26 0 68216 26 0.010968446731567383
decode: 26 0 68242 26 0.010982036590576172
decode: 26 0 68268 26 0.010973930358886719
decode: 26 0 68294 26 0.010969877243041992
decode: 26 0 68320 26 0.010981082916259766
decode: 26 0 68346 26 0.01093912124633789
decode: 26 0 68372 26 0.011055707931518555
decode: 26 0 68398 26 0.010970115661621094
decode: 26 0 68424 26 0.011002779006958008
decode: 26 0 68450 26 0.011068582534790039
decode: 26 0 68476 26 0.010942697525024414
decode: 26 0 68502 26 0.010945558547973633
decode: 26 0 68528 26 0.01092672348022461
decode: 26 0 68554 26 0.010923385620117188
decode: 26 0 68580 26 0.010929107666015625
decode: 26 0 68606 26 0.010936737060546875
decode: 26 0 68632 26 0.01091909408569336
decode: 26 0 68658 26 0.011044740676879883
decode: 26 0 68684 26 0.010985374450683594
decode: 26 0 68710 26 0.010965108871459961
decode: 26 0 68736 26 0.01098775863647461
decode: 26 0 68762 26 0.01097416877746582
decode: 26 0 68788 26 0.011003971099853516
extend: 0 5 0 15535 0.3731417655944824
decode: 24 0 67955 24 0.011800289154052734
decode: 24 0 67979 24 0.011301517486572266
decode: 24 0 68003 24 0.011185884475708008
decode: 24 0 68027 24 0.01099252700805664
decode: 24 0 68051 24 0.010986804962158203
decode: 24 0 68075 24 0.010840892791748047
decode: 24 0 68099 24 0.010867834091186523
decode: 24 0 68123 24 0.010846376419067383
decode: 24 0 68147 24 0.01083230972290039
decode: 24 0 68171 24 0.010828018188476562
decode: 24 0 68195 24 0.010803461074829102
decode: 24 0 68219 24 0.010774850845336914
decode: 24 0 68243 24 0.010846614837646484
decode: 24 0 68267 24 0.010784387588500977
decode: 24 0 68291 24 0.01077413558959961
decode: 24 0 68315 24 0.010834693908691406
decode: 24 0 68339 24 0.01082468032836914
decode: 24 0 68363 24 0.010884523391723633
decode: 24 0 68387 24 0.010927438735961914
decode: 24 0 68411 24 0.010832786560058594
decode: 24 0 68435 24 0.010852575302124023
decode: 24 0 68459 24 0.01082468032836914
decode: 24 0 68483 24 0.010882854461669922
decode: 24 0 68507 24 0.010829925537109375
decode: 24 0 68531 24 0.010931968688964844
decode: 24 0 68555 24 0.010922670364379883
decode: 24 0 68579 24 0.010821104049682617
decode: 24 0 68603 24 0.01082301139831543
decode: 24 0 68627 24 0.010809183120727539
decode: 24 0 68651 24 0.01086568832397461
decode: 24 0 68675 24 0.010807275772094727
decode: 24 0 68699 24 0.010776996612548828
decode: 24 0 68723 24 0.010789632797241211
decode: 24 0 68747 24 0.010845184326171875
decode: 24 0 68771 24 0.010800838470458984
decode: 24 0 68795 24 0.010807037353515625
decode: 24 0 68819 24 0.010788917541503906
decode: 24 0 68843 24 0.010808229446411133
decode: 24 0 68867 24 0.010832548141479492
decode: 24 0 68891 24 0.010873794555664062
decode: 23 0 67796 23 0.01064157485961914
decode: 23 0 67819 23 0.010671138763427734
decode: 23 0 67842 23 0.010691404342651367
decode: 23 0 67865 23 0.010643959045410156
decode: 23 0 67888 23 0.010696172714233398
decode: 23 0 67911 23 0.010648012161254883
decode: 22 0 64483 22 0.010523796081542969
decode: 22 0 64505 22 0.010578155517578125
decode: 22 0 64527 22 0.010526180267333984
decode: 22 0 64549 22 0.010528802871704102
decode: 22 0 64571 22 0.010530710220336914
extend: 0 7 0 16043 0.3788032531738281
decode: 23 0 67460 23 0.011256217956542969
decode: 23 0 67483 23 0.01113128662109375
decode: 23 0 67506 23 0.010911226272583008
decode: 23 0 67529 23 0.010827779769897461
decode: 23 0 67552 23 0.010784149169921875
decode: 23 0 67575 23 0.010796070098876953
decode: 23 0 67598 23 0.010793447494506836
decode: 23 0 67621 23 0.01077413558959961
decode: 23 0 67644 23 0.010691404342651367
decode: 23 0 67667 23 0.010695934295654297
decode: 23 0 67690 23 0.010738611221313477
decode: 23 0 67713 23 0.010703563690185547
decode: 23 0 67736 23 0.010672330856323242
decode: 23 0 67759 23 0.010729789733886719
decode: 23 0 67782 23 0.010678291320800781
decode: 23 0 67805 23 0.010717391967773438
decode: 23 0 67828 23 0.010682106018066406
decode: 23 0 67851 23 0.010707855224609375
decode: 23 0 67874 23 0.010687112808227539
decode: 23 0 67897 23 0.010782480239868164
decode: 23 0 67920 23 0.010660171508789062
decode: 23 0 67943 23 0.01067662239074707
decode: 23 0 67966 23 0.01067042350769043
decode: 23 0 67989 23 0.010672330856323242
decode: 23 0 68012 23 0.010664224624633789
decode: 23 0 68035 23 0.010651826858520508
decode: 23 0 68058 23 0.010689020156860352
decode: 23 0 68081 23 0.010720252990722656
decode: 23 0 68104 23 0.010670900344848633
decode: 23 0 68127 23 0.010725259780883789
decode: 23 0 68150 23 0.010654211044311523
decode: 23 0 68173 23 0.010776042938232422
decode: 23 0 68196 23 0.010660886764526367
decode: 23 0 68219 23 0.010648727416992188
decode: 23 0 68242 23 0.01064920425415039
decode: 23 0 68265 23 0.010698795318603516
decode: 23 0 68288 23 0.010728836059570312
decode: 23 0 68311 23 0.01075124740600586
decode: 23 0 68334 23 0.010689258575439453
decode: 23 0 68357 23 0.01076507568359375
decode: 23 0 68380 23 0.01069951057434082
decode: 23 0 68403 23 0.010721445083618164
decode: 23 0 68426 23 0.010736465454101562
decode: 23 0 68449 23 0.010686635971069336
decode: 23 0 68472 23 0.010698795318603516
decode: 23 0 68495 23 0.010689973831176758
decode: 23 0 68518 23 0.010692834854125977
decode: 23 0 68541 23 0.010745048522949219
decode: 23 0 68564 23 0.010704517364501953
decode: 23 0 68587 23 0.010714530944824219
decode: 23 0 68610 23 0.010752677917480469
extend: 0 5 0 16110 0.38451671600341797
decode: 22 0 68498 22 0.011318683624267578
decode: 22 0 68520 22 0.011262178421020508
decode: 22 0 68542 22 0.011236429214477539
decode: 22 0 68564 22 0.011078357696533203
decode: 22 0 68586 22 0.010901212692260742
decode: 22 0 68608 22 0.01073908805847168
decode: 22 0 68630 22 0.010805845260620117
decode: 22 0 68652 22 0.010737419128417969
decode: 22 0 68674 22 0.010743856430053711
decode: 22 0 68696 22 0.010736465454101562
decode: 22 0 68718 22 0.010725259780883789
decode: 22 0 68740 22 0.010730504989624023
decode: 22 0 68762 22 0.010802745819091797
decode: 22 0 68784 22 0.010734796524047852
decode: 22 0 68806 22 0.010726213455200195
decode: 22 0 68828 22 0.010771989822387695
decode: 21 0 67564 21 0.01073002815246582
decode: 21 0 67585 21 0.010728597640991211
decode: 21 0 67606 21 0.010730743408203125
decode: 21 0 67627 21 0.010753870010375977
decode: 21 0 67648 21 0.010736703872680664
decode: 21 0 67669 21 0.010747432708740234
decode: 21 0 67690 21 0.010736465454101562
decode: 21 0 67711 21 0.010765314102172852
decode: 21 0 67732 21 0.010695695877075195
decode: 21 0 67753 21 0.010712385177612305
decode: 21 0 67774 21 0.010703802108764648
decode: 21 0 67795 21 0.01069951057434082
decode: 21 0 67816 21 0.010715246200561523
decode: 21 0 67837 21 0.01069021224975586
decode: 21 0 67858 21 0.010668754577636719
decode: 21 0 67879 21 0.010734796524047852
decode: 21 0 67900 21 0.010789871215820312
decode: 21 0 67921 21 0.010717391967773438
decode: 21 0 67942 21 0.010694503784179688
decode: 21 0 67963 21 0.010729312896728516
decode: 21 0 67984 21 0.01072835922241211
decode: 21 0 68005 21 0.010683536529541016
decode: 21 0 68026 21 0.010692358016967773
decode: 21 0 68047 21 0.010679244995117188
decode: 21 0 68068 21 0.010693073272705078
decode: 21 0 68089 21 0.010687589645385742
decode: 21 0 68110 21 0.010691165924072266
decode: 21 0 68131 21 0.010777711868286133
decode: 21 0 68152 21 0.010685443878173828
decode: 21 0 68173 21 0.010689735412597656
decode: 21 0 68194 21 0.010678768157958984
decode: 21 0 68215 21 0.010692834854125977
decode: 21 0 68236 21 0.010697126388549805
decode: 21 0 68257 21 0.010750532150268555
extend: 0 5 0 16317 0.38444066047668457
decode: 22 0 65744 22 0.01137399673461914
decode: 22 0 65766 22 0.011247396469116211
decode: 22 0 65788 22 0.010974884033203125
decode: 22 0 65810 22 0.010915040969848633
decode: 22 0 65832 22 0.010799169540405273
decode: 22 0 65854 22 0.010822296142578125
decode: 22 0 65876 22 0.010765314102172852
decode: 22 0 65898 22 0.010623693466186523
decode: 22 0 65920 22 0.010601520538330078
decode: 22 0 65942 22 0.010594844818115234
decode: 22 0 65964 22 0.010707855224609375
decode: 22 0 65986 22 0.010642051696777344
decode: 22 0 66008 22 0.01070261001586914
decode: 22 0 66030 22 0.010607481002807617
decode: 22 0 66052 22 0.010601282119750977
decode: 22 0 66074 22 0.0106048583984375
decode: 22 0 66096 22 0.010617256164550781
decode: 22 0 66118 22 0.010592937469482422
decode: 21 0 62611 21 0.010509729385375977
decode: 21 0 62632 21 0.010499954223632812
decode: 21 0 62653 21 0.010495185852050781
decode: 21 0 62674 21 0.010514020919799805
decode: 21 0 62695 21 0.010522842407226562
decode: 21 0 62716 21 0.010556459426879883
decode: 21 0 62737 21 0.01052546501159668
decode: 21 0 62758 21 0.010506153106689453
decode: 21 0 62779 21 0.010530471801757812
decode: 21 0 62800 21 0.010523796081542969
decode: 21 0 62821 21 0.010509967803955078
decode: 21 0 62842 21 0.01057124137878418
decode: 21 0 62863 21 0.010594367980957031
decode: 21 0 62884 21 0.010512828826904297
decode: 21 0 62905 21 0.010607242584228516
decode: 21 0 62926 21 0.010491371154785156
decode: 21 0 62947 21 0.010454893112182617
decode: 21 0 62968 21 0.010451555252075195
decode: 21 0 62989 21 0.010489463806152344
decode: 21 0 63010 21 0.010463476181030273
decode: 21 0 63031 21 0.010492801666259766
decode: 21 0 63052 21 0.010487794876098633
decode: 21 0 63073 21 0.010456562042236328
decode: 21 0 63094 21 0.010509252548217773
decode: 21 0 63115 21 0.010462284088134766
decode: 21 0 63136 21 0.010564804077148438
decode: 21 0 63157 21 0.010513544082641602
decode: 21 0 63178 21 0.010498285293579102
decode: 21 0 63199 21 0.01055908203125
decode: 21 0 63220 21 0.010515928268432617
decode: 21 0 63241 21 0.010517120361328125
decode: 21 0 63262 21 0.010529518127441406
decode: 21 0 63283 21 0.010548114776611328
extend: 0 4 0 15958 0.39246249198913574
decode: 21 0 68646 21 0.011454343795776367
decode: 21 0 68667 21 0.01128530502319336
decode: 21 0 68688 21 0.011265039443969727
decode: 21 0 68709 21 0.011286735534667969
decode: 21 0 68730 21 0.011168956756591797
decode: 21 0 68751 21 0.010832786560058594
decode: 21 0 68772 21 0.010833501815795898
decode: 21 0 68793 21 0.010776281356811523
decode: 21 0 68814 21 0.010783672332763672
decode: 21 0 68835 21 0.010823965072631836
decode: 21 0 68856 21 0.010788202285766602
decode: 21 0 68877 21 0.010813713073730469
decode: 21 0 68898 21 0.010745763778686523
decode: 21 0 68919 21 0.010722160339355469
decode: 21 0 68940 21 0.010705947875976562
decode: 21 0 68961 21 0.01077413558959961
decode: 21 0 68982 21 0.010780096054077148
decode: 21 0 69003 21 0.010805130004882812
decode: 21 0 69024 21 0.010782957077026367
decode: 21 0 69045 21 0.010775566101074219
decode: 21 0 69066 21 0.010864734649658203
decode: 21 0 69087 21 0.010975837707519531
decode: 21 0 69108 21 0.010808706283569336
decode: 21 0 69129 21 0.010787010192871094
decode: 21 0 69150 21 0.010781049728393555
decode: 21 0 69171 21 0.010801076889038086
decode: 21 0 69192 21 0.010783672332763672
decode: 21 0 69213 21 0.010794401168823242
decode: 20 0 64897 20 0.010645151138305664
decode: 20 0 64917 20 0.010598182678222656
decode: 20 0 64937 20 0.010637760162353516
decode: 20 0 64957 20 0.010550975799560547
decode: 20 0 64977 20 0.01055765151977539
decode: 20 0 64997 20 0.010635614395141602
decode: 20 0 65017 20 0.010545730590820312
decode: 20 0 65037 20 0.010616302490234375
decode: 20 0 65057 20 0.010537147521972656
decode: 20 0 65077 20 0.01053929328918457
decode: 20 0 65097 20 0.010531425476074219
decode: 20 0 65117 20 0.010544061660766602
decode: 20 0 65137 20 0.010539770126342773
decode: 20 0 65157 20 0.010553836822509766
decode: 19 0 60568 19 0.010358333587646484
decode: 19 0 60587 19 0.010345220565795898
decode: 19 0 60606 19 0.010381460189819336
decode: 19 0 60625 19 0.01036524772644043
decode: 19 0 60644 19 0.010386466979980469
decode: 19 0 60663 19 0.010376691818237305
decode: 19 0 60682 19 0.010373353958129883
decode: 19 0 60701 19 0.010383129119873047
extend: 0 8 0 16225 0.37847185134887695
decode: 24 0 67884 24 0.011411190032958984
decode: 24 0 67908 24 0.011027097702026367
decode: 24 0 67932 24 0.010999679565429688
decode: 24 0 67956 24 0.011028528213500977
decode: 24 0 67980 24 0.010853767395019531
decode: 24 0 68004 24 0.010784387588500977
decode: 24 0 68028 24 0.010712146759033203
decode: 24 0 68052 24 0.010702848434448242
decode: 24 0 68076 24 0.010704278945922852
decode: 24 0 68100 24 0.010664224624633789
decode: 24 0 68124 24 0.010684013366699219
decode: 24 0 68148 24 0.010696649551391602
decode: 24 0 68172 24 0.010658740997314453
decode: 24 0 68196 24 0.010650873184204102
decode: 24 0 68220 24 0.01068568229675293
decode: 24 0 68244 24 0.010650396347045898
decode: 24 0 68268 24 0.01068735122680664
decode: 24 0 68292 24 0.010671138763427734
decode: 24 0 68316 24 0.010721921920776367
decode: 24 0 68340 24 0.010704517364501953
decode: 24 0 68364 24 0.010690689086914062
decode: 24 0 68388 24 0.010718822479248047
decode: 24 0 68412 24 0.010771512985229492
decode: 24 0 68436 24 0.010726213455200195
decode: 24 0 68460 24 0.01071929931640625
decode: 24 0 68484 24 0.010721445083618164
decode: 24 0 68508 24 0.010748863220214844
decode: 24 0 68532 24 0.010722160339355469
decode: 24 0 68556 24 0.010728120803833008
decode: 24 0 68580 24 0.010721921920776367
decode: 24 0 68604 24 0.010704278945922852
decode: 24 0 68628 24 0.01075434684753418
decode: 24 0 68652 24 0.010673761367797852
decode: 24 0 68676 24 0.010679483413696289
decode: 24 0 68700 24 0.010679483413696289
decode: 24 0 68724 24 0.010723114013671875
decode: 24 0 68748 24 0.010674715042114258
decode: 24 0 68772 24 0.010707855224609375
decode: 24 0 68796 24 0.010684967041015625
decode: 24 0 68820 24 0.01068115234375
decode: 24 0 68844 24 0.01067662239074707
decode: 24 0 68868 24 0.010733842849731445
decode: 24 0 68892 24 0.010722160339355469
decode: 24 0 68916 24 0.010695934295654297
decode: 24 0 68940 24 0.01079106330871582
decode: 24 0 68964 24 0.010671377182006836
decode: 24 0 68988 24 0.01071310043334961
decode: 24 0 69012 24 0.010695457458496094
decode: 24 0 69036 24 0.01071786880493164
decode: 24 0 69060 24 0.010709285736083984
decode: 24 0 69084 24 0.010712862014770508
extend: 0 6 0 16294 0.3851161003112793
decode: 24 0 67343 24 0.011409997940063477
decode: 24 0 67367 24 0.011369466781616211
decode: 24 0 67391 24 0.010980367660522461
decode: 24 0 67415 24 0.010842561721801758
decode: 24 0 67439 24 0.010860681533813477
decode: 24 0 67463 24 0.010820150375366211
decode: 24 0 67487 24 0.010763168334960938
decode: 24 0 67511 24 0.010736227035522461
decode: 24 0 67535 24 0.01070404052734375
decode: 24 0 67559 24 0.010699987411499023
decode: 24 0 67583 24 0.010707616806030273
decode: 24 0 67607 24 0.010713338851928711
decode: 24 0 67631 24 0.010720968246459961
decode: 24 0 67655 24 0.010740041732788086
decode: 24 0 67679 24 0.010727167129516602
decode: 24 0 67703 24 0.010718584060668945
decode: 23 0 65549 23 0.010627508163452148
decode: 23 0 65572 23 0.010622739791870117
decode: 23 0 65595 23 0.010628461837768555
decode: 23 0 65618 23 0.010625123977661133
decode: 23 0 65641 23 0.01058650016784668
decode: 23 0 65664 23 0.010601520538330078
decode: 23 0 65687 23 0.010599851608276367
decode: 23 0 65710 23 0.010607481002807617
decode: 23 0 65733 23 0.01059269905090332
decode: 23 0 65756 23 0.01065373420715332
decode: 23 0 65779 23 0.010599374771118164
decode: 23 0 65802 23 0.010592937469482422
decode: 23 0 65825 23 0.01063990592956543
decode: 23 0 65848 23 0.010655879974365234
decode: 23 0 65871 23 0.010617494583129883
decode: 23 0 65894 23 0.010582923889160156
decode: 23 0 65917 23 0.010573148727416992
decode: 23 0 65940 23 0.01057744026184082
decode: 23 0 65963 23 0.010570526123046875
decode: 23 0 65986 23 0.010566234588623047
decode: 23 0 66009 23 0.010579109191894531
decode: 23 0 66032 23 0.010612964630126953
decode: 23 0 66055 23 0.010632991790771484
decode: 23 0 66078 23 0.010560989379882812
decode: 23 0 66101 23 0.01056051254272461
decode: 23 0 66124 23 0.010574102401733398
decode: 23 0 66147 23 0.010566949844360352
decode: 23 0 66170 23 0.010570764541625977
decode: 23 0 66193 23 0.010576963424682617
decode: 23 0 66216 23 0.01058197021484375
decode: 23 0 66239 23 0.010581254959106445
decode: 22 0 63274 22 0.010474443435668945
decode: 22 0 63296 22 0.010515451431274414
decode: 22 0 63318 22 0.010476112365722656
extend: 0 5 0 16031 0.3902719020843506
decode: 24 0 68472 24 0.011348485946655273
decode: 24 0 68496 24 0.011277198791503906
decode: 24 0 68520 24 0.011265993118286133
decode: 24 0 68544 24 0.011014223098754883
decode: 24 0 68568 24 0.010779142379760742
decode: 24 0 68592 24 0.01075291633605957
decode: 24 0 68616 24 0.010746240615844727
decode: 24 0 68640 24 0.010727643966674805
decode: 24 0 68664 24 0.010709047317504883
decode: 24 0 68688 24 0.01073598861694336
decode: 24 0 68712 24 0.01072072982788086
decode: 24 0 68736 24 0.010737419128417969
decode: 24 0 68760 24 0.010739803314208984
decode: 24 0 68784 24 0.010736942291259766
decode: 24 0 68808 24 0.010759115219116211
decode: 24 0 68832 24 0.010737180709838867
decode: 24 0 68856 24 0.010744810104370117
decode: 24 0 68880 24 0.010801553726196289
decode: 24 0 68904 24 0.010737180709838867
decode: 24 0 68928 24 0.010726213455200195
decode: 24 0 68952 24 0.010704755783081055
decode: 24 0 68976 24 0.010685205459594727
decode: 24 0 69000 24 0.01074361801147461
decode: 24 0 69024 24 0.010732650756835938
decode: 24 0 69048 24 0.010707378387451172
decode: 24 0 69072 24 0.010714530944824219
decode: 24 0 69096 24 0.010716915130615234
decode: 24 0 69120 24 0.01073312759399414
decode: 24 0 69144 24 0.010733366012573242
decode: 24 0 69168 24 0.01079416275024414
decode: 24 0 69192 24 0.01077580451965332
decode: 24 0 69216 24 0.010757923126220703
decode: 24 0 69240 24 0.010749340057373047
decode: 24 0 69264 24 0.010733366012573242
decode: 24 0 69288 24 0.010750055313110352
decode: 24 0 69312 24 0.010735034942626953
decode: 24 0 69336 24 0.010730504989624023
decode: 24 0 69360 24 0.010732889175415039
decode: 24 0 69384 24 0.010739803314208984
decode: 24 0 69408 24 0.010792732238769531
decode: 24 0 69432 24 0.010729551315307617
decode: 24 0 69456 24 0.010729074478149414
decode: 24 0 69480 24 0.010744571685791016
decode: 24 0 69504 24 0.010726451873779297
decode: 24 0 69528 24 0.010727882385253906
decode: 24 0 69552 24 0.010745048522949219
decode: 24 0 69576 24 0.010833501815795898
decode: 24 0 69600 24 0.010786294937133789
decode: 24 0 69624 24 0.010752439498901367
extend: 0 4 0 16200 0.3886852264404297
decode: 23 0 66812 23 0.011475563049316406
decode: 23 0 66835 23 0.011287212371826172
decode: 23 0 66858 23 0.010936498641967773
decode: 23 0 66881 23 0.010858774185180664
decode: 23 0 66904 23 0.010774374008178711
decode: 23 0 66927 23 0.010762929916381836
decode: 23 0 66950 23 0.010788202285766602
decode: 23 0 66973 23 0.010747432708740234
decode: 23 0 66996 23 0.010786056518554688
decode: 23 0 67019 23 0.010752439498901367
decode: 23 0 67042 23 0.010748147964477539
decode: 23 0 67065 23 0.010715007781982422
decode: 23 0 67088 23 0.01071929931640625
decode: 23 0 67111 23 0.010717391967773438
decode: 23 0 67134 23 0.010789871215820312
decode: 23 0 67157 23 0.010707378387451172
decode: 23 0 67180 23 0.010728597640991211
decode: 23 0 67203 23 0.01072239875793457
decode: 23 0 67226 23 0.010707378387451172
decode: 23 0 67249 23 0.010756492614746094
decode: 23 0 67272 23 0.01073765754699707
decode: 23 0 67295 23 0.0107879638671875
decode: 23 0 67318 23 0.010782241821289062
decode: 23 0 67341 23 0.010821104049682617
decode: 23 0 67364 23 0.010750532150268555
decode: 23 0 67387 23 0.010727405548095703
decode: 23 0 67410 23 0.010741472244262695
decode: 23 0 67433 23 0.010727643966674805
decode: 23 0 67456 23 0.010733842849731445
decode: 23 0 67479 23 0.010715484619140625
decode: 23 0 67502 23 0.01066732406616211
decode: 23 0 67525 23 0.010689496994018555
decode: 23 0 67548 23 0.010675191879272461
decode: 23 0 67571 23 0.010672330856323242
decode: 23 0 67594 23 0.010673284530639648
decode: 23 0 67617 23 0.010670185089111328
decode: 23 0 67640 23 0.010704755783081055
decode: 23 0 67663 23 0.010696649551391602
decode: 23 0 67686 23 0.010681629180908203
decode: 23 0 67709 23 0.010719776153564453
decode: 23 0 67732 23 0.010699033737182617
decode: 23 0 67755 23 0.01070857048034668
decode: 23 0 67778 23 0.010738849639892578
decode: 23 0 67801 23 0.010753631591796875
decode: 23 0 67824 23 0.010680913925170898
decode: 23 0 67847 23 0.010684013366699219
decode: 23 0 67870 23 0.010715961456298828
decode: 23 0 67893 23 0.010668039321899414
decode: 23 0 67916 23 0.010731935501098633
decode: 23 0 67939 23 0.010696649551391602
extend: 0 5 0 15248 0.3612215518951416
decode: 20 0 68245 20 0.011665582656860352
decode: 20 0 68265 20 0.011103630065917969
decode: 20 0 68285 20 0.011076688766479492
decode: 20 0 68305 20 0.010906457901000977
decode: 20 0 68325 20 0.010893821716308594
decode: 20 0 68345 20 0.010819673538208008
decode: 20 0 68365 20 0.010882377624511719
decode: 20 0 68385 20 0.010842323303222656
decode: 20 0 68405 20 0.010784626007080078
decode: 20 0 68425 20 0.010795354843139648
decode: 20 0 68445 20 0.010778188705444336
decode: 20 0 68465 20 0.01090097427368164
decode: 20 0 68485 20 0.010787010192871094
decode: 20 0 68505 20 0.01078033447265625
decode: 20 0 68525 20 0.010772943496704102
decode: 20 0 68545 20 0.010776519775390625
decode: 20 0 68565 20 0.01075434684753418
decode: 20 0 68585 20 0.01075124740600586
decode: 20 0 68605 20 0.010776996612548828
decode: 20 0 68625 20 0.010763406753540039
decode: 20 0 68645 20 0.010778427124023438
decode: 20 0 68665 20 0.010779380798339844
decode: 20 0 68685 20 0.010816097259521484
decode: 20 0 68705 20 0.010794878005981445
decode: 20 0 68725 20 0.010821819305419922
decode: 20 0 68745 20 0.010799646377563477
decode: 20 0 68765 20 0.010778427124023438
decode: 20 0 68785 20 0.010781526565551758
decode: 20 0 68805 20 0.010833024978637695
decode: 20 0 68825 20 0.010810613632202148
decode: 20 0 68845 20 0.01072239875793457
decode: 20 0 68865 20 0.01073145866394043
decode: 20 0 68885 20 0.010771036148071289
decode: 20 0 68905 20 0.010848283767700195
decode: 20 0 68925 20 0.010721921920776367
decode: 20 0 68945 20 0.010721206665039062
decode: 20 0 68965 20 0.010749578475952148
decode: 20 0 68985 20 0.010723590850830078
decode: 20 0 69005 20 0.01073312759399414
decode: 20 0 69025 20 0.010745048522949219
decode: 20 0 69045 20 0.010733366012573242
decode: 20 0 69065 20 0.010854721069335938
decode: 20 0 69085 20 0.010789155960083008
decode: 20 0 69105 20 0.010829448699951172
decode: 20 0 69125 20 0.010736703872680664
decode: 20 0 69145 20 0.010730743408203125
decode: 20 0 69165 20 0.010740518569946289
decode: 20 0 69185 20 0.010793685913085938
decode: 20 0 69205 20 0.010744333267211914
decode: 20 0 69225 20 0.010754585266113281
decode: 20 0 69245 20 0.01073312759399414
decode: 20 0 69265 20 0.01074528694152832
extend: 0 6 0 16049 0.38321590423583984
decode: 20 0 67743 20 0.011472702026367188
decode: 20 0 67763 20 0.011321544647216797
decode: 20 0 67783 20 0.011294841766357422
decode: 20 0 67803 20 0.011239767074584961
decode: 20 0 67823 20 0.01094818115234375
decode: 20 0 67843 20 0.010814428329467773
decode: 20 0 67863 20 0.010809183120727539
decode: 20 0 67883 20 0.010736227035522461
decode: 20 0 67903 20 0.010755062103271484
decode: 20 0 67923 20 0.010729789733886719
decode: 20 0 67943 20 0.010738372802734375
decode: 20 0 67963 20 0.010743856430053711
decode: 20 0 67983 20 0.010781526565551758
decode: 20 0 68003 20 0.010759592056274414
decode: 20 0 68023 20 0.010746479034423828
decode: 20 0 68043 20 0.010741472244262695
decode: 20 0 68063 20 0.010762214660644531
decode: 20 0 68083 20 0.010741472244262695
decode: 20 0 68103 20 0.010754823684692383
decode: 20 0 68123 20 0.010708332061767578
decode: 20 0 68143 20 0.010806560516357422
decode: 20 0 68163 20 0.010719776153564453
decode: 20 0 68183 20 0.010729074478149414
decode: 20 0 68203 20 0.01076650619506836
decode: 20 0 68223 20 0.010715961456298828
decode: 20 0 68243 20 0.010711908340454102
decode: 20 0 68263 20 0.010703802108764648
decode: 20 0 68283 20 0.01073002815246582
decode: 20 0 68303 20 0.010761737823486328
decode: 20 0 68323 20 0.010720014572143555
decode: 20 0 68343 20 0.010786294937133789
decode: 20 0 68363 20 0.010892629623413086
decode: 20 0 68383 20 0.010825395584106445
decode: 20 0 68403 20 0.010771512985229492
decode: 20 0 68423 20 0.010738611221313477
decode: 20 0 68443 20 0.010768413543701172
decode: 20 0 68463 20 0.010739564895629883
decode: 20 0 68483 20 0.010851144790649414
decode: 20 0 68503 20 0.010743856430053711
decode: 20 0 68523 20 0.010787248611450195
decode: 20 0 68543 20 0.01074361801147461
decode: 20 0 68563 20 0.010784387588500977
decode: 20 0 68583 20 0.010736942291259766
decode: 20 0 68603 20 0.010751008987426758
decode: 20 0 68623 20 0.010734081268310547
decode: 20 0 68643 20 0.010761260986328125
decode: 20 0 68663 20 0.010744094848632812
decode: 20 0 68683 20 0.010727643966674805
decode: 19 0 66696 19 0.010663032531738281
decode: 19 0 66715 19 0.01067805290222168
extend: 0 5 0 16128 0.38848137855529785
decode: 20 0 65063 20 0.011275053024291992
decode: 20 0 65083 20 0.010986089706420898
decode: 20 0 65103 20 0.011012554168701172
decode: 20 0 65123 20 0.010790586471557617
decode: 20 0 65143 20 0.010737895965576172
decode: 20 0 65163 20 0.010707378387451172
decode: 20 0 65183 20 0.010721921920776367
decode: 20 0 65203 20 0.010748147964477539
decode: 20 0 65223 20 0.01076507568359375
decode: 20 0 65243 20 0.010648727416992188
decode: 20 0 65263 20 0.010616064071655273
decode: 20 0 65283 20 0.01063084602355957
decode: 20 0 65303 20 0.010649681091308594
decode: 20 0 65323 20 0.01063990592956543
decode: 20 0 65343 20 0.010626792907714844
decode: 20 0 65363 20 0.010680198669433594
decode: 20 0 65383 20 0.01063680648803711
decode: 20 0 65403 20 0.010680198669433594
decode: 20 0 65423 20 0.010735750198364258
decode: 20 0 65443 20 0.010668277740478516
decode: 20 0 65463 20 0.010648965835571289
decode: 20 0 65483 20 0.010641813278198242
decode: 20 0 65503 20 0.010643959045410156
decode: 20 0 65523 20 0.010634660720825195
decode: 20 0 65543 20 0.010707616806030273
decode: 20 0 65563 20 0.010714292526245117
decode: 20 0 65583 20 0.010699987411499023
decode: 20 0 65603 20 0.010726213455200195
decode: 20 0 65623 20 0.010727167129516602
decode: 20 0 65643 20 0.010695219039916992
decode: 20 0 65663 20 0.010683774948120117
decode: 20 0 65683 20 0.010668516159057617
decode: 20 0 65703 20 0.010694265365600586
decode: 20 0 65723 20 0.010674476623535156
decode: 20 0 65743 20 0.010675907135009766
decode: 20 0 65763 20 0.010696649551391602
decode: 20 0 65783 20 0.010710716247558594
decode: 20 0 65803 20 0.010728120803833008
decode: 20 0 65823 20 0.010653972625732422
decode: 20 0 65843 20 0.010675907135009766
decode: 20 0 65863 20 0.010669231414794922
decode: 20 0 65883 20 0.010662078857421875
decode: 20 0 65903 20 0.010691404342651367
decode: 20 0 65923 20 0.010666847229003906
decode: 20 0 65943 20 0.010671377182006836
decode: 20 0 65963 20 0.010693788528442383
decode: 20 0 65983 20 0.010675668716430664
decode: 20 0 66003 20 0.010686159133911133
decode: 20 0 66023 20 0.01067209243774414
decode: 20 0 66043 20 0.010685205459594727
extend: 0 6 0 16084 0.37967705726623535
decode: 22 0 68317 22 0.011522293090820312
decode: 22 0 68339 22 0.011386632919311523
decode: 22 0 68361 22 0.011050224304199219
decode: 22 0 68383 22 0.01095128059387207
decode: 22 0 68405 22 0.01091623306274414
decode: 22 0 68427 22 0.010957479476928711
decode: 22 0 68449 22 0.010844945907592773
decode: 21 0 67191 21 0.010792016983032227
decode: 21 0 67212 21 0.010798931121826172
decode: 21 0 67233 21 0.01075601577758789
decode: 21 0 67254 21 0.01076507568359375
decode: 21 0 67275 21 0.010737895965576172
decode: 21 0 67296 21 0.010881423950195312
decode: 21 0 67317 21 0.010799646377563477
decode: 21 0 67338 21 0.010823965072631836
decode: 21 0 67359 21 0.010769844055175781
decode: 21 0 67380 21 0.01078653335571289
decode: 21 0 67401 21 0.010776281356811523
decode: 21 0 67422 21 0.010770320892333984
decode: 21 0 67443 21 0.010794639587402344
decode: 21 0 67464 21 0.010777950286865234
decode: 21 0 67485 21 0.010791301727294922
decode: 21 0 67506 21 0.010901927947998047
decode: 21 0 67527 21 0.010787248611450195
decode: 21 0 67548 21 0.010782003402709961
decode: 21 0 67569 21 0.01079869270324707
decode: 21 0 67590 21 0.010874748229980469
decode: 21 0 67611 21 0.010770559310913086
decode: 21 0 67632 21 0.010762453079223633
decode: 21 0 67653 21 0.010757923126220703
decode: 21 0 67674 21 0.010773897171020508
decode: 21 0 67695 21 0.010730504989624023
decode: 21 0 67716 21 0.010734796524047852
decode: 21 0 67737 21 0.010722637176513672
decode: 21 0 67758 21 0.01077723503112793
decode: 21 0 67779 21 0.01078939437866211
decode: 20 0 64108 20 0.010521173477172852
decode: 20 0 64128 20 0.01055765151977539
decode: 20 0 64148 20 0.010554075241088867
decode: 20 0 64168 20 0.010523080825805664
decode: 20 0 64188 20 0.010515213012695312
decode: 20 0 64208 20 0.010616302490234375
decode: 20 0 64228 20 0.010506391525268555
decode: 20 0 64248 20 0.010633230209350586
decode: 20 0 64268 20 0.010509014129638672
decode: 20 0 64288 20 0.01049351692199707
decode: 20 0 64308 20 0.010528802871704102
decode: 20 0 64328 20 0.010551691055297852
decode: 20 0 64348 20 0.010520696640014648
decode: 20 0 64368 20 0.010504722595214844
decode: 20 0 64388 20 0.010514497756958008
extend: 0 6 0 14785 0.35770750045776367
decode: 23 0 68432 23 0.011811017990112305
decode: 23 0 68455 23 0.011805057525634766
decode: 23 0 68478 23 0.011183738708496094
decode: 23 0 68501 23 0.01104116439819336
decode: 23 0 68524 23 0.011065959930419922
decode: 23 0 68547 23 0.010970592498779297
decode: 23 0 68570 23 0.010880231857299805
decode: 23 0 68593 23 0.010832071304321289
decode: 23 0 68616 23 0.010834217071533203
decode: 23 0 68639 23 0.010814905166625977
decode: 23 0 68662 23 0.010822772979736328
decode: 23 0 68685 23 0.010816574096679688
decode: 23 0 68708 23 0.010799407958984375
decode: 23 0 68731 23 0.010824441909790039
decode: 22 0 67157 22 0.010756254196166992
decode: 22 0 67179 22 0.010883569717407227
decode: 22 0 67201 22 0.010761737823486328
decode: 22 0 67223 22 0.010774374008178711
decode: 22 0 67245 22 0.010770082473754883
decode: 22 0 67267 22 0.010770559310913086
decode: 22 0 67289 22 0.010786294937133789
decode: 22 0 67311 22 0.010791778564453125
decode: 22 0 67333 22 0.010794878005981445
decode: 22 0 67355 22 0.010783195495605469
decode: 22 0 67377 22 0.010779142379760742
decode: 22 0 67399 22 0.010771512985229492
decode: 22 0 67421 22 0.010797739028930664
decode: 22 0 67443 22 0.010772466659545898
decode: 22 0 67465 22 0.010779142379760742
decode: 22 0 67487 22 0.01076960563659668
decode: 22 0 67509 22 0.010751724243164062
decode: 22 0 67531 22 0.010783195495605469
decode: 22 0 67553 22 0.010749578475952148
decode: 22 0 67575 22 0.010725259780883789
decode: 22 0 67597 22 0.01077127456665039
decode: 22 0 67619 22 0.010754108428955078
decode: 22 0 67641 22 0.01074671745300293
decode: 22 0 67663 22 0.010825157165527344
decode: 22 0 67685 22 0.01080012321472168
decode: 22 0 67707 22 0.010742664337158203
decode: 22 0 67729 22 0.010790586471557617
decode: 22 0 67751 22 0.010740041732788086
decode: 22 0 67773 22 0.010732889175415039
decode: 22 0 67795 22 0.010744810104370117
decode: 22 0 67817 22 0.010758638381958008
decode: 22 0 67839 22 0.01077413558959961
decode: 22 0 67861 22 0.010757923126220703
decode: 22 0 67883 22 0.010892152786254883
decode: 22 0 67905 22 0.010838747024536133
decode: 22 0 67927 22 0.010859251022338867
decode: 22 0 67949 22 0.01081705093383789
decode: 22 0 67971 22 0.010773181915283203
extend: 0 5 0 16284 0.38655519485473633
decode: 22 0 68133 22 0.011312484741210938
decode: 22 0 68155 22 0.01115560531616211
decode: 22 0 68177 22 0.01098322868347168
decode: 22 0 68199 22 0.010851621627807617
decode: 22 0 68221 22 0.01085662841796875
decode: 22 0 68243 22 0.010846614837646484
decode: 22 0 68265 22 0.010859966278076172
decode: 22 0 68287 22 0.010837316513061523
decode: 22 0 68309 22 0.010750055313110352
decode: 22 0 68331 22 0.01078033447265625
decode: 22 0 68353 22 0.010727167129516602
decode: 22 0 68375 22 0.010703802108764648
decode: 22 0 68397 22 0.01072382926940918
decode: 22 0 68419 22 0.01079416275024414
decode: 22 0 68441 22 0.010731220245361328
decode: 22 0 68463 22 0.010727882385253906
decode: 22 0 68485 22 0.010737419128417969
decode: 22 0 68507 22 0.010728836059570312
decode: 22 0 68529 22 0.01073598861694336
decode: 22 0 68551 22 0.010726690292358398
decode: 21 0 66080 21 0.010773658752441406
decode: 21 0 66101 21 0.01066732406616211
decode: 21 0 66122 21 0.010655879974365234
decode: 21 0 66143 21 0.010661125183105469
decode: 21 0 66164 21 0.010657310485839844
decode: 21 0 66185 21 0.010668039321899414
decode: 21 0 66206 21 0.010656356811523438
decode: 21 0 66227 21 0.010703563690185547
decode: 21 0 66248 21 0.010657787322998047
decode: 21 0 66269 21 0.010678768157958984
decode: 21 0 66290 21 0.01066899299621582
decode: 21 0 66311 21 0.010657072067260742
decode: 21 0 66332 21 0.010640859603881836
decode: 21 0 66353 21 0.010619878768920898
decode: 21 0 66374 21 0.010637760162353516
decode: 21 0 66395 21 0.010618925094604492
decode: 21 0 66416 21 0.010640144348144531
decode: 21 0 66437 21 0.010674715042114258
decode: 21 0 66458 21 0.010637760162353516
decode: 21 0 66479 21 0.010712385177612305
decode: 21 0 66500 21 0.010620594024658203
decode: 21 0 66521 21 0.010613679885864258
decode: 21 0 66542 21 0.010603904724121094
decode: 21 0 66563 21 0.010625362396240234
decode: 21 0 66584 21 0.010616779327392578
decode: 21 0 66605 21 0.01070857048034668
decode: 21 0 66626 21 0.010660648345947266
decode: 21 0 66647 21 0.010708093643188477
decode: 21 0 66668 21 0.010683059692382812
decode: 21 0 66689 21 0.010619163513183594
extend: 0 4 0 15512 0.38107776641845703
decode: 21 0 68411 21 0.011874198913574219
decode: 21 0 68432 21 0.011598825454711914
decode: 21 0 68453 21 0.011211872100830078
decode: 21 0 68474 21 0.011114120483398438
decode: 21 0 68495 21 0.01103353500366211
decode: 21 0 68516 21 0.01092076301574707
decode: 21 0 68537 21 0.010868310928344727
decode: 21 0 68558 21 0.010874748229980469
decode: 21 0 68579 21 0.010772466659545898
decode: 21 0 68600 21 0.010759592056274414
decode: 21 0 68621 21 0.01090097427368164
decode: 21 0 68642 21 0.010762929916381836
decode: 21 0 68663 21 0.010775327682495117
decode: 21 0 68684 21 0.010776996612548828
decode: 21 0 68705 21 0.010770559310913086
decode: 21 0 68726 21 0.010761260986328125
decode: 21 0 68747 21 0.010799407958984375
decode: 21 0 68768 21 0.010813474655151367
decode: 21 0 68789 21 0.010783910751342773
decode: 21 0 68810 21 0.010792016983032227
decode: 21 0 68831 21 0.010778427124023438
decode: 21 0 68852 21 0.010793447494506836
decode: 21 0 68873 21 0.010770320892333984
decode: 21 0 68894 21 0.010779619216918945
decode: 21 0 68915 21 0.010799646377563477
decode: 21 0 68936 21 0.010829925537109375
decode: 21 0 68957 21 0.010782718658447266
decode: 21 0 68978 21 0.010818004608154297
decode: 21 0 68999 21 0.010814189910888672
decode: 21 0 69020 21 0.010820150375366211
decode: 21 0 69041 21 0.010853290557861328
decode: 21 0 69062 21 0.010917186737060547
decode: 21 0 69083 21 0.01079106330871582
decode: 21 0 69104 21 0.010863780975341797
decode: 21 0 69125 21 0.010782718658447266
decode: 21 0 69146 21 0.010802030563354492
decode: 21 0 69167 21 0.010789871215820312
decode: 21 0 69188 21 0.010861873626708984
decode: 21 0 69209 21 0.01078939437866211
decode: 21 0 69230 21 0.010797739028930664
decode: 21 0 69251 21 0.010812759399414062
decode: 21 0 69272 21 0.01080012321472168
decode: 21 0 69293 21 0.01079106330871582
decode: 21 0 69314 21 0.010820388793945312
decode: 21 0 69335 21 0.010797739028930664
decode: 21 0 69356 21 0.01084756851196289
decode: 21 0 69377 21 0.01089334487915039
decode: 21 0 69398 21 0.010817289352416992
decode: 21 0 69419 21 0.010792970657348633
decode: 21 0 69440 21 0.01078033447265625
extend: 0 4 0 15510 0.3776357173919678
decode: 20 0 67755 20 0.011898517608642578
decode: 19 0 63627 19 0.011231422424316406
decode: 19 0 63646 19 0.010929346084594727
decode: 19 0 63665 19 0.010869741439819336
decode: 19 0 63684 19 0.010673761367797852
decode: 19 0 63703 19 0.010605096817016602
decode: 19 0 63722 19 0.010590076446533203
decode: 19 0 63741 19 0.010532140731811523
decode: 19 0 63760 19 0.010529518127441406
decode: 19 0 63779 19 0.010526657104492188
decode: 19 0 63798 19 0.010516643524169922
decode: 19 0 63817 19 0.010551214218139648
decode: 19 0 63836 19 0.010555267333984375
decode: 19 0 63855 19 0.010599613189697266
decode: 19 0 63874 19 0.010578393936157227
decode: 19 0 63893 19 0.010555028915405273
decode: 19 0 63912 19 0.010646581649780273
decode: 19 0 63931 19 0.010575056076049805
decode: 19 0 63950 19 0.010599374771118164
decode: 19 0 63969 19 0.010560035705566406
decode: 19 0 63988 19 0.010550498962402344
decode: 19 0 64007 19 0.010621309280395508
decode: 19 0 64026 19 0.010600090026855469
decode: 19 0 64045 19 0.010559320449829102
decode: 19 0 64064 19 0.010551214218139648
decode: 19 0 64083 19 0.010642766952514648
decode: 19 0 64102 19 0.010541200637817383
decode: 19 0 64121 19 0.010540485382080078
decode: 19 0 64140 19 0.010526180267333984
decode: 19 0 64159 19 0.010547161102294922
decode: 19 0 64178 19 0.010554313659667969
decode: 19 0 64197 19 0.010533571243286133
decode: 19 0 64216 19 0.010502099990844727
decode: 19 0 64235 19 0.010503530502319336
decode: 19 0 64254 19 0.010504722595214844
decode: 19 0 64273 19 0.010509014129638672
decode: 19 0 64292 19 0.010569572448730469
decode: 19 0 64311 19 0.010513067245483398
decode: 19 0 64330 19 0.01052713394165039
decode: 19 0 64349 19 0.010516881942749023
decode: 19 0 64368 19 0.010628700256347656
decode: 19 0 64387 19 0.010558366775512695
decode: 19 0 64406 19 0.01051020622253418
decode: 19 0 64425 19 0.010520696640014648
decode: 19 0 64444 19 0.010512113571166992
decode: 19 0 64463 19 0.01051187515258789
decode: 19 0 64482 19 0.010521888732910156
decode: 19 0 64501 19 0.010509729385375977
decode: 19 0 64520 19 0.010568857192993164
decode: 19 0 64539 19 0.010554075241088867
decode: 19 0 64558 19 0.010499954223632812
decode: 19 0 64577 19 0.01050257682800293
extend: 0 5 0 15348 0.3643531799316406
decode: 19 0 67663 19 0.011483192443847656
decode: 19 0 67682 19 0.011425495147705078
decode: 19 0 67701 19 0.011059045791625977
decode: 19 0 67720 19 0.010979413986206055
decode: 19 0 67739 19 0.01089930534362793
decode: 19 0 67758 19 0.010837554931640625
decode: 19 0 67777 19 0.010834455490112305
decode: 19 0 67796 19 0.010875463485717773
decode: 19 0 67815 19 0.010832071304321289
decode: 19 0 67834 19 0.010848283767700195
decode: 19 0 67853 19 0.010785579681396484
decode: 19 0 67872 19 0.010782241821289062
decode: 19 0 67891 19 0.010779142379760742
decode: 19 0 67910 19 0.010795116424560547
decode: 19 0 67929 19 0.010772943496704102
decode: 19 0 67948 19 0.010775089263916016
decode: 19 0 67967 19 0.010831594467163086
decode: 19 0 67986 19 0.010767459869384766
decode: 19 0 68005 19 0.010761022567749023
decode: 19 0 68024 19 0.010815858840942383
decode: 19 0 68043 19 0.010805606842041016
decode: 19 0 68062 19 0.010771751403808594
decode: 19 0 68081 19 0.010772228240966797
decode: 19 0 68100 19 0.010831594467163086
decode: 19 0 68119 19 0.010758399963378906
decode: 19 0 68138 19 0.01078176498413086
decode: 19 0 68157 19 0.010785818099975586
decode: 19 0 68176 19 0.010771512985229492
decode: 19 0 68195 19 0.010796785354614258
decode: 18 0 63258 18 0.010510921478271484
decode: 18 0 63276 18 0.010605812072753906
decode: 18 0 63294 18 0.010613679885864258
decode: 18 0 63312 18 0.010514259338378906
decode: 18 0 63330 18 0.010470151901245117
decode: 18 0 63348 18 0.010452508926391602
decode: 18 0 63366 18 0.010515928268432617
decode: 18 0 63384 18 0.010503053665161133
decode: 18 0 63402 18 0.010514974594116211
decode: 18 0 63420 18 0.010494470596313477
decode: 18 0 63438 18 0.010505914688110352
decode: 18 0 63456 18 0.010485649108886719
decode: 18 0 63474 18 0.010488271713256836
decode: 18 0 63492 18 0.010509014129638672
decode: 18 0 63510 18 0.01051187515258789
decode: 18 0 63528 18 0.010513067245483398
decode: 18 0 63546 18 0.010502099990844727
decode: 18 0 63564 18 0.010552644729614258
decode: 18 0 63582 18 0.010497808456420898
decode: 18 0 63600 18 0.010508060455322266
decode: 18 0 63618 18 0.010505199432373047
decode: 18 0 63636 18 0.010510683059692383
decode: 18 0 63654 18 0.010499954223632812
extend: 0 4 0 16346 0.395186185836792
decode: 18 0 68581 18 0.011595964431762695
decode: 18 0 68599 18 0.011234283447265625
decode: 18 0 68617 18 0.011247634887695312
decode: 18 0 68635 18 0.011218786239624023
decode: 18 0 68653 18 0.011046171188354492
decode: 18 0 68671 18 0.010901451110839844
decode: 18 0 68689 18 0.010847806930541992
decode: 18 0 68707 18 0.010906457901000977
decode: 18 0 68725 18 0.010885000228881836
decode: 18 0 68743 18 0.010892868041992188
decode: 18 0 68761 18 0.010880470275878906
decode: 18 0 68779 18 0.010878562927246094
decode: 18 0 68797 18 0.01088857650756836
decode: 18 0 68815 18 0.010872364044189453
decode: 18 0 68833 18 0.010891914367675781
decode: 18 0 68851 18 0.010870933532714844
decode: 18 0 68869 18 0.010857820510864258
decode: 18 0 68887 18 0.010860443115234375
decode: 18 0 68905 18 0.010873794555664062
decode: 18 0 68923 18 0.010877132415771484
decode: 18 0 68941 18 0.010866165161132812
decode: 18 0 68959 18 0.010855913162231445
decode: 18 0 68977 18 0.010931015014648438
decode: 18 0 68995 18 0.010885238647460938
decode: 18 0 69013 18 0.010879039764404297
decode: 18 0 69031 18 0.010895252227783203
decode: 18 0 69049 18 0.010886907577514648
decode: 18 0 69067 18 0.010928869247436523
decode: 17 0 65369 17 0.010598421096801758
decode: 17 0 65386 17 0.010599613189697266
decode: 17 0 65403 17 0.010617494583129883
decode: 17 0 65420 17 0.010601282119750977
decode: 17 0 65437 17 0.010562658309936523
decode: 17 0 65454 17 0.010574102401733398
decode: 17 0 65471 17 0.01055455207824707
decode: 17 0 65488 17 0.01054835319519043
decode: 17 0 65505 17 0.010565519332885742
decode: 17 0 65522 17 0.010597705841064453
decode: 17 0 65539 17 0.010546207427978516
decode: 17 0 65556 17 0.010560989379882812
decode: 17 0 65573 17 0.010564804077148438
decode: 17 0 65590 17 0.010545015335083008
decode: 17 0 65607 17 0.0105438232421875
decode: 17 0 65624 17 0.010609149932861328
decode: 17 0 65641 17 0.010540962219238281
decode: 17 0 65658 17 0.010545492172241211
decode: 17 0 65675 17 0.010536909103393555
decode: 17 0 65692 17 0.010555505752563477
decode: 17 0 65709 17 0.010568380355834961
decode: 17 0 65726 17 0.01061701774597168
extend: 0 5 0 16264 0.38538241386413574
decode: 18 0 69113 18 0.011697769165039062
decode: 18 0 69131 18 0.011296272277832031
decode: 18 0 69149 18 0.011263608932495117
decode: 18 0 69167 18 0.011100292205810547
decode: 18 0 69185 18 0.0110626220703125
decode: 18 0 69203 18 0.010959148406982422
decode: 18 0 69221 18 0.01095128059387207
decode: 18 0 69239 18 0.010955095291137695
decode: 18 0 69257 18 0.010871410369873047
decode: 18 0 69275 18 0.010892629623413086
decode: 18 0 69293 18 0.010886192321777344
decode: 18 0 69311 18 0.010901689529418945
decode: 18 0 69329 18 0.010882854461669922
decode: 18 0 69347 18 0.010868072509765625
decode: 18 0 69365 18 0.010886907577514648
decode: 18 0 69383 18 0.010930538177490234
decode: 18 0 69401 18 0.0108642578125
decode: 18 0 69419 18 0.010866403579711914
decode: 18 0 69437 18 0.010921955108642578
decode: 18 0 69455 18 0.010849237442016602
decode: 18 0 69473 18 0.010891437530517578
decode: 18 0 69491 18 0.010877132415771484
decode: 18 0 69509 18 0.010874509811401367
decode: 18 0 69527 18 0.010863542556762695
decode: 18 0 69545 18 0.010869979858398438
decode: 18 0 69563 18 0.01100468635559082
decode: 18 0 69581 18 0.010892868041992188
decode: 18 0 69599 18 0.010997295379638672
decode: 18 0 69617 18 0.01087188720703125
decode: 18 0 69635 18 0.01089024543762207
decode: 18 0 69653 18 0.010822772979736328
decode: 18 0 69671 18 0.010832071304321289
decode: 18 0 69689 18 0.01082468032836914
decode: 18 0 69707 18 0.010865449905395508
decode: 18 0 69725 18 0.01082468032836914
decode: 17 0 65794 17 0.010619640350341797
decode: 17 0 65811 17 0.010614395141601562
decode: 17 0 65828 17 0.010609865188598633
decode: 17 0 65845 17 0.01060795783996582
decode: 17 0 65862 17 0.010598897933959961
decode: 17 0 65879 17 0.010622262954711914
decode: 17 0 65896 17 0.010614395141601562
decode: 17 0 65913 17 0.010621070861816406
decode: 17 0 65930 17 0.010633468627929688
decode: 17 0 65947 17 0.01061248779296875
decode: 17 0 65964 17 0.010614633560180664
decode: 17 0 65981 17 0.010605812072753906
decode: 17 0 65998 17 0.010604381561279297
decode: 17 0 66015 17 0.010634660720825195
decode: 17 0 66032 17 0.010619878768920898
extend: 0 5 0 16333 0.3899099826812744
decode: 18 0 68635 18 0.01154327392578125
decode: 18 0 68653 18 0.011476516723632812
decode: 18 0 68671 18 0.011186361312866211
decode: 18 0 68689 18 0.011170387268066406
decode: 18 0 68707 18 0.011232376098632812
decode: 18 0 68725 18 0.011213064193725586
decode: 18 0 68743 18 0.010907411575317383
decode: 18 0 68761 18 0.010907173156738281
decode: 18 0 68779 18 0.010869503021240234
decode: 18 0 68797 18 0.010884284973144531
decode: 18 0 68815 18 0.010906457901000977
decode: 18 0 68833 18 0.010905265808105469
decode: 18 0 68851 18 0.01087045669555664
decode: 18 0 68869 18 0.010877847671508789
decode: 18 0 68887 18 0.01100301742553711
decode: 18 0 68905 18 0.010986566543579102
decode: 18 0 68923 18 0.011018037796020508
decode: 18 0 68941 18 0.010879993438720703
decode: 18 0 68959 18 0.01087331771850586
decode: 18 0 68977 18 0.010895967483520508
decode: 18 0 68995 18 0.01088404655456543
decode: 18 0 69013 18 0.010946035385131836
decode: 18 0 69031 18 0.010871648788452148
decode: 18 0 69049 18 0.010870218276977539
decode: 18 0 69067 18 0.010856866836547852
decode: 18 0 69085 18 0.010894060134887695
decode: 18 0 69103 18 0.010868310928344727
decode: 18 0 69121 18 0.010888814926147461
decode: 17 0 66366 17 0.010801315307617188
decode: 17 0 66383 17 0.010798454284667969
decode: 17 0 66400 17 0.010750293731689453
decode: 17 0 66417 17 0.010627508163452148
decode: 17 0 66434 17 0.010729074478149414
decode: 17 0 66451 17 0.010670661926269531
decode: 17 0 66468 17 0.010672330856323242
decode: 17 0 66485 17 0.010665655136108398
decode: 17 0 66502 17 0.010663747787475586
decode: 17 0 66519 17 0.010710000991821289
decode: 17 0 66536 17 0.010659456253051758
decode: 17 0 66553 17 0.010671138763427734
decode: 17 0 66570 17 0.010667562484741211
decode: 17 0 66587 17 0.010747671127319336
decode: 17 0 66604 17 0.010675191879272461
decode: 17 0 66621 17 0.010783195495605469
decode: 16 0 61300 16 0.010133743286132812
decode: 16 0 61316 16 0.010110855102539062
decode: 16 0 61332 16 0.010121583938598633
decode: 16 0 61348 16 0.010102272033691406
decode: 16 0 61364 16 0.010166645050048828
decode: 16 0 61380 16 0.010109186172485352
extend: 0 5 0 15813 0.385326623916626
decode: 19 0 69183 19 0.011793851852416992
decode: 19 0 69202 19 0.011436939239501953
decode: 19 0 69221 19 0.011229991912841797
decode: 19 0 69240 19 0.011209964752197266
decode: 19 0 69259 19 0.011137962341308594
decode: 19 0 69278 19 0.011014699935913086
decode: 19 0 69297 19 0.010970115661621094
decode: 19 0 69316 19 0.010921239852905273
decode: 19 0 69335 19 0.010915517807006836
decode: 19 0 69354 19 0.010859489440917969
decode: 18 0 66951 18 0.01084136962890625
decode: 18 0 66969 18 0.010715246200561523
decode: 18 0 66987 18 0.010780572891235352
decode: 18 0 67005 18 0.010724067687988281
decode: 18 0 67023 18 0.010738849639892578
decode: 18 0 67041 18 0.010704994201660156
decode: 18 0 67059 18 0.010721445083618164
decode: 18 0 67077 18 0.010761499404907227
decode: 18 0 67095 18 0.010713577270507812
decode: 18 0 67113 18 0.010779142379760742
decode: 18 0 67131 18 0.01071929931640625
decode: 18 0 67149 18 0.010713815689086914
decode: 18 0 67167 18 0.010783910751342773
decode: 18 0 67185 18 0.010762929916381836
decode: 18 0 67203 18 0.01071619987487793
decode: 18 0 67221 18 0.010758161544799805
decode: 18 0 67239 18 0.010731935501098633
decode: 18 0 67257 18 0.010726451873779297
decode: 18 0 67275 18 0.01072549819946289
decode: 18 0 67293 18 0.010716676712036133
decode: 18 0 67311 18 0.010743856430053711
decode: 18 0 67329 18 0.010918140411376953
decode: 18 0 67347 18 0.010696649551391602
decode: 18 0 67365 18 0.010791540145874023
decode: 18 0 67383 18 0.010782480239868164
decode: 18 0 67401 18 0.010676383972167969
decode: 18 0 67419 18 0.010681629180908203
decode: 18 0 67437 18 0.010677576065063477
decode: 18 0 67455 18 0.010668039321899414
decode: 18 0 67473 18 0.010672330856323242
decode: 18 0 67491 18 0.010680913925170898
decode: 18 0 67509 18 0.010689496994018555
decode: 18 0 67527 18 0.010673999786376953
decode: 18 0 67545 18 0.01068115234375
decode: 18 0 67563 18 0.010668277740478516
decode: 18 0 67581 18 0.010708332061767578
decode: 18 0 67599 18 0.010696887969970703
decode: 18 0 67617 18 0.010709524154663086
decode: 17 0 62710 17 0.010432004928588867
decode: 17 0 62727 17 0.010442018508911133
extend: 0 5 0 14638 0.3572514057159424
decode: 20 0 68757 20 0.011873960494995117
decode: 20 0 68777 20 0.011706829071044922
decode: 20 0 68797 20 0.0112762451171875
decode: 20 0 68817 20 0.01112818717956543
decode: 20 0 68837 20 0.011021614074707031
decode: 20 0 68857 20 0.010971307754516602
decode: 20 0 68877 20 0.010900735855102539
decode: 20 0 68897 20 0.010857105255126953
decode: 20 0 68917 20 0.010867834091186523
decode: 20 0 68937 20 0.010823726654052734
decode: 20 0 68957 20 0.010840415954589844
decode: 20 0 68977 20 0.010822057723999023
decode: 20 0 68997 20 0.010830879211425781
decode: 20 0 69017 20 0.010918617248535156
decode: 20 0 69037 20 0.010811328887939453
decode: 20 0 69057 20 0.010825157165527344
decode: 20 0 69077 20 0.01082301139831543
decode: 20 0 69097 20 0.010841846466064453
decode: 20 0 69117 20 0.010821104049682617
decode: 20 0 69137 20 0.010941743850708008
decode: 20 0 69157 20 0.010820388793945312
decode: 20 0 69177 20 0.010825395584106445
decode: 20 0 69197 20 0.01084136962890625
decode: 20 0 69217 20 0.010814189910888672
decode: 19 0 66333 19 0.010654449462890625
decode: 19 0 66352 19 0.010654687881469727
decode: 19 0 66371 19 0.010644912719726562
decode: 19 0 66390 19 0.010695934295654297
decode: 19 0 66409 19 0.010634660720825195
decode: 19 0 66428 19 0.010663509368896484
decode: 19 0 66447 19 0.01064920425415039
decode: 19 0 66466 19 0.010735750198364258
decode: 19 0 66485 19 0.010604619979858398
decode: 19 0 66504 19 0.01067662239074707
decode: 19 0 66523 19 0.010614395141601562
decode: 19 0 66542 19 0.010661602020263672
decode: 19 0 66561 19 0.0106048583984375
decode: 19 0 66580 19 0.010657548904418945
decode: 19 0 66599 19 0.0106201171875
decode: 19 0 66618 19 0.010597944259643555
decode: 19 0 66637 19 0.010648250579833984
decode: 19 0 66656 19 0.010698795318603516
decode: 19 0 66675 19 0.01068258285522461
decode: 19 0 66694 19 0.01070547103881836
decode: 19 0 66713 19 0.010688543319702148
decode: 19 0 66732 19 0.010759115219116211
decode: 19 0 66751 19 0.010689496994018555
decode: 19 0 66770 19 0.010706186294555664
decode: 19 0 66789 19 0.010678768157958984
decode: 19 0 66808 19 0.010723590850830078
decode: 19 0 66827 19 0.010664701461791992
decode: 19 0 66846 19 0.010710000991821289
decode: 19 0 66865 19 0.010683774948120117
extend: 0 5 0 15970 0.388704776763916
decode: 21 0 69140 21 0.011616706848144531
decode: 21 0 69161 21 0.011657238006591797
decode: 21 0 69182 21 0.011150836944580078
decode: 21 0 69203 21 0.011170387268066406
decode: 21 0 69224 21 0.010950565338134766
decode: 21 0 69245 21 0.01084136962890625
decode: 21 0 69266 21 0.010852336883544922
decode: 21 0 69287 21 0.010849952697753906
decode: 21 0 69308 21 0.01077127456665039
decode: 21 0 69329 21 0.010811805725097656
decode: 21 0 69350 21 0.010769844055175781
decode: 21 0 69371 21 0.010777711868286133
decode: 21 0 69392 21 0.010789155960083008
decode: 21 0 69413 21 0.010796546936035156
decode: 21 0 69434 21 0.010785341262817383
decode: 21 0 69455 21 0.010781288146972656
decode: 21 0 69476 21 0.010806083679199219
decode: 21 0 69497 21 0.010833263397216797
decode: 21 0 69518 21 0.010834455490112305
decode: 21 0 69539 21 0.010796546936035156
decode: 21 0 69560 21 0.010756731033325195
decode: 21 0 69581 21 0.01077127456665039
decode: 21 0 69602 21 0.010779380798339844
decode: 21 0 69623 21 0.010831117630004883
decode: 21 0 69644 21 0.010784149169921875
decode: 21 0 69665 21 0.010776758193969727
decode: 21 0 69686 21 0.010784149169921875
decode: 21 0 69707 21 0.010771036148071289
decode: 21 0 69728 21 0.010787725448608398
decode: 20 0 64744 20 0.010573863983154297
decode: 20 0 64764 20 0.010564565658569336
decode: 20 0 64784 20 0.010570287704467773
decode: 20 0 64804 20 0.01055598258972168
decode: 20 0 64824 20 0.010572433471679688
decode: 20 0 64844 20 0.010533809661865234
decode: 20 0 64864 20 0.010499715805053711
decode: 20 0 64884 20 0.010630369186401367
decode: 20 0 64904 20 0.01052236557006836
decode: 20 0 64924 20 0.010502338409423828
decode: 20 0 64944 20 0.010518312454223633
decode: 20 0 64964 20 0.010524749755859375
decode: 20 0 64984 20 0.010512828826904297
decode: 20 0 65004 20 0.010527610778808594
decode: 20 0 65024 20 0.01055908203125
decode: 20 0 65044 20 0.010515928268432617
decode: 20 0 65064 20 0.010509490966796875
decode: 20 0 65084 20 0.01050710678100586
decode: 20 0 65104 20 0.010518789291381836
decode: 20 0 65124 20 0.010549068450927734
decode: 20 0 65144 20 0.010569572448730469
extend: 0 3 0 13036 0.3245127201080322
decode: 20 0 68584 20 0.011730670928955078
decode: 20 0 68604 20 0.011297464370727539
decode: 20 0 68624 20 0.011123180389404297
decode: 20 0 68644 20 0.010956287384033203
decode: 20 0 68664 20 0.010933399200439453
decode: 19 0 63382 19 0.010614633560180664
decode: 19 0 63401 19 0.010607242584228516
decode: 19 0 63420 19 0.010605573654174805
decode: 19 0 63439 19 0.010564327239990234
decode: 19 0 63458 19 0.010512590408325195
decode: 19 0 63477 19 0.010575532913208008
decode: 19 0 63496 19 0.010504484176635742
decode: 19 0 63515 19 0.010557889938354492
decode: 19 0 63534 19 0.010557174682617188
decode: 19 0 63553 19 0.010528087615966797
decode: 19 0 63572 19 0.010585308074951172
decode: 19 0 63591 19 0.01058506965637207
decode: 19 0 63610 19 0.010554313659667969
decode: 18 0 58605 18 0.010342836380004883
decode: 18 0 58623 18 0.010324478149414062
decode: 18 0 58641 18 0.010361671447753906
decode: 18 0 58659 18 0.010337352752685547
decode: 18 0 58677 18 0.01034855842590332
decode: 17 0 56403 17 0.010222911834716797
decode: 16 0 51903 16 0.009714603424072266
decode: 16 0 51919 16 0.009685516357421875
decode: 16 0 51935 16 0.009684562683105469
decode: 16 0 51951 16 0.009683370590209961
decode: 16 0 51967 16 0.009678840637207031
decode: 16 0 51983 16 0.009676694869995117
decode: 16 0 51999 16 0.009717941284179688
decode: 16 0 52015 16 0.009704828262329102
decode: 16 0 52031 16 0.009710073471069336
decode: 16 0 52047 16 0.009676694869995117
decode: 16 0 52063 16 0.009677410125732422
decode: 16 0 52079 16 0.009659767150878906
decode: 16 0 52095 16 0.009656429290771484
decode: 16 0 52111 16 0.00967097282409668
decode: 16 0 52127 16 0.009669303894042969
decode: 16 0 52143 16 0.009663105010986328
decode: 16 0 52159 16 0.009674310684204102
decode: 16 0 52175 16 0.009659528732299805
decode: 16 0 52191 16 0.009650707244873047
decode: 16 0 52207 16 0.009676456451416016
decode: 16 0 52223 16 0.009664773941040039
decode: 16 0 52239 16 0.009680032730102539
decode: 16 0 52255 16 0.009664535522460938
decode: 16 0 52271 16 0.009704113006591797
decode: 16 0 52287 16 0.009728193283081055
decode: 16 0 52303 16 0.009671926498413086
decode: 16 0 52319 16 0.00966787338256836
decode: 16 0 52335 16 0.009679317474365234
decode: 16 0 52351 16 0.009645223617553711
decode: 16 0 52367 16 0.009661436080932617
decode: 16 0 52383 16 0.009655952453613281
decode: 16 0 52399 16 0.009656667709350586
decode: 16 0 52415 16 0.009688615798950195
decode: 16 0 52431 16 0.009652137756347656
decode: 16 0 52447 16 0.009658336639404297
extend: 0 4 0 15521 0.3818049430847168
decode: 20 0 67988 20 0.011812686920166016
decode: 20 0 68008 20 0.011780977249145508
decode: 20 0 68028 20 0.011187314987182617
decode: 20 0 68048 20 0.011025667190551758
decode: 20 0 68068 20 0.011011600494384766
decode: 19 0 64490 19 0.010749578475952148
decode: 19 0 64509 19 0.010671854019165039
decode: 19 0 64528 19 0.010628938674926758
decode: 19 0 64547 19 0.010558366775512695
decode: 19 0 64566 19 0.01055455207824707
decode: 19 0 64585 19 0.010565519332885742
decode: 19 0 64604 19 0.010637760162353516
decode: 19 0 64623 19 0.010546684265136719
decode: 19 0 64642 19 0.010523080825805664
decode: 19 0 64661 19 0.010581731796264648
decode: 19 0 64680 19 0.010601520538330078
decode: 19 0 64699 19 0.010587215423583984
decode: 18 0 62317 18 0.010592937469482422
decode: 18 0 62335 18 0.010597467422485352
decode: 18 0 62353 18 0.010487079620361328
decode: 18 0 62371 18 0.010492324829101562
decode: 18 0 62389 18 0.010517597198486328
decode: 18 0 62407 18 0.010471820831298828
decode: 18 0 62425 18 0.010487556457519531
decode: 18 0 62443 18 0.010591506958007812
decode: 18 0 62461 18 0.01053619384765625
decode: 18 0 62479 18 0.010499954223632812
decode: 18 0 62497 18 0.01049947738647461
decode: 18 0 62515 18 0.0104827880859375
decode: 18 0 62533 18 0.010500431060791016
decode: 18 0 62551 18 0.010500669479370117
decode: 18 0 62569 18 0.010457038879394531
decode: 18 0 62587 18 0.010517120361328125
decode: 18 0 62605 18 0.010480165481567383
decode: 18 0 62623 18 0.010466814041137695
decode: 18 0 62641 18 0.010457754135131836
decode: 18 0 62659 18 0.010458707809448242
decode: 18 0 62677 18 0.010569095611572266
decode: 18 0 62695 18 0.010449886322021484
decode: 18 0 62713 18 0.010451555252075195
decode: 18 0 62731 18 0.0104522705078125
decode: 18 0 62749 18 0.010579824447631836
decode: 18 0 62767 18 0.010441303253173828
decode: 18 0 62785 18 0.010447025299072266
decode: 18 0 62803 18 0.010498762130737305
decode: 18 0 62821 18 0.010454654693603516
decode: 18 0 62839 18 0.010471105575561523
decode: 18 0 62857 18 0.01051640510559082
decode: 18 0 62875 18 0.01056671142578125
decode: 18 0 62893 18 0.010460615158081055
decode: 18 0 62911 18 0.010464668273925781
decode: 18 0 62929 18 0.01051640510559082
extend: 0 3 0 11937 0.2961552143096924
decode: 20 0 69257 20 0.011711359024047852
decode: 20 0 69277 20 0.011260271072387695
decode: 20 0 69297 20 0.011258840560913086
decode: 20 0 69317 20 0.011001825332641602
decode: 20 0 69337 20 0.011027097702026367
decode: 20 0 69357 20 0.010940790176391602
decode: 20 0 69377 20 0.01085352897644043
decode: 20 0 69397 20 0.010842561721801758
decode: 20 0 69417 20 0.010791301727294922
decode: 20 0 69437 20 0.010820388793945312
decode: 20 0 69457 20 0.01080012321472168
decode: 20 0 69477 20 0.010843276977539062
decode: 20 0 69497 20 0.010867595672607422
decode: 20 0 69517 20 0.010880708694458008
decode: 20 0 69537 20 0.010888814926147461
decode: 20 0 69557 20 0.010836601257324219
decode: 20 0 69577 20 0.010850191116333008
decode: 20 0 69597 20 0.010837554931640625
decode: 20 0 69617 20 0.010824441909790039
decode: 20 0 69637 20 0.010815143585205078
decode: 20 0 69657 20 0.01082158088684082
decode: 20 0 69677 20 0.010807991027832031
decode: 20 0 69697 20 0.010809898376464844
decode: 20 0 69717 20 0.010830163955688477
decode: 19 0 64991 19 0.010587453842163086
decode: 19 0 65010 19 0.010581493377685547
decode: 18 0 62027 18 0.010503768920898438
decode: 18 0 62045 18 0.010517358779907227
decode: 18 0 62063 18 0.010498762130737305
decode: 18 0 62081 18 0.010547876358032227
decode: 18 0 62099 18 0.010453462600708008
decode: 18 0 62117 18 0.010459661483764648
decode: 18 0 62135 18 0.010449647903442383
decode: 18 0 62153 18 0.010463714599609375
decode: 17 0 59038 17 0.01029658317565918
decode: 17 0 59055 17 0.010284185409545898
decode: 17 0 59072 17 0.010288000106811523
decode: 17 0 59089 17 0.010289669036865234
decode: 17 0 59106 17 0.010307073593139648
decode: 17 0 59123 17 0.010292530059814453
decode: 17 0 59140 17 0.010288000106811523
decode: 17 0 59157 17 0.010406017303466797
decode: 17 0 59174 17 0.01033163070678711
decode: 17 0 59191 17 0.010287761688232422
decode: 17 0 59208 17 0.010288476943969727
decode: 17 0 59225 17 0.010314464569091797
decode: 17 0 59242 17 0.010286569595336914
decode: 17 0 59259 17 0.010358572006225586
decode: 17 0 59276 17 0.010304450988769531
decode: 17 0 59293 17 0.010367155075073242
decode: 17 0 59310 17 0.01030111312866211
decode: 17 0 59327 17 0.010322809219360352
decode: 17 0 59344 17 0.010303497314453125
decode: 17 0 59361 17 0.010321855545043945
decode: 17 0 59378 17 0.010302543640136719
decode: 17 0 59395 17 0.010294675827026367
decode: 16 0 56046 16 0.00983572006225586
decode: 16 0 56062 16 0.009849071502685547
decode: 16 0 56078 16 0.009872198104858398
extend: 0 3 0 14886 0.37268614768981934
decode: 18 0 66610 18 0.011564254760742188
decode: 18 0 66628 18 0.011355400085449219
decode: 18 0 66646 18 0.010994672775268555
decode: 18 0 66664 18 0.011032342910766602
decode: 18 0 66682 18 0.010798215866088867
decode: 18 0 66700 18 0.01079869270324707
decode: 18 0 66718 18 0.010790109634399414
decode: 18 0 66736 18 0.011082887649536133
decode: 18 0 66754 18 0.010736942291259766
decode: 18 0 66772 18 0.010711908340454102
decode: 18 0 66790 18 0.010709285736083984
decode: 18 0 66808 18 0.010741710662841797
decode: 18 0 66826 18 0.010702371597290039
decode: 18 0 66844 18 0.01080942153930664
decode: 18 0 66862 18 0.010728120803833008
decode: 18 0 66880 18 0.010733366012573242
decode: 18 0 66898 18 0.010719776153564453
decode: 18 0 66916 18 0.010823726654052734
decode: 18 0 66934 18 0.010732889175415039
decode: 18 0 66952 18 0.010716438293457031
decode: 18 0 66970 18 0.010730981826782227
decode: 18 0 66988 18 0.010728836059570312
decode: 18 0 67006 18 0.01072549819946289
decode: 18 0 67024 18 0.010732412338256836
decode: 18 0 67042 18 0.010789871215820312
decode: 18 0 67060 18 0.010767698287963867
decode: 18 0 67078 18 0.010838747024536133
decode: 18 0 67096 18 0.0108184814453125
decode: 18 0 67114 18 0.010746955871582031
decode: 18 0 67132 18 0.010805845260620117
decode: 18 0 67150 18 0.010725021362304688
decode: 18 0 67168 18 0.010726451873779297
decode: 18 0 67186 18 0.010723114013671875
decode: 18 0 67204 18 0.010769844055175781
decode: 17 0 65276 17 0.010663509368896484
decode: 17 0 65293 17 0.010623931884765625
decode: 17 0 65310 17 0.010709762573242188
decode: 17 0 65327 17 0.010622501373291016
decode: 17 0 65344 17 0.010609626770019531
decode: 17 0 65361 17 0.01062321662902832
decode: 17 0 65378 17 0.010664939880371094
decode: 17 0 65395 17 0.010608911514282227
decode: 17 0 65412 17 0.010659217834472656
decode: 17 0 65429 17 0.01061391830444336
decode: 17 0 65446 17 0.010661840438842773
decode: 17 0 65463 17 0.010627508163452148
decode: 17 0 65480 17 0.010627508163452148
decode: 17 0 65497 17 0.0107879638671875
decode: 17 0 65514 17 0.01070547103881836
decode: 17 0 65531 17 0.010692119598388672
decode: 17 0 65548 17 0.010799884796142578
decode: 17 0 65565 17 0.010689020156860352
extend: 0 1 0 4373 0.1131584644317627
decode: 17 0 66851 17 0.01141667366027832
decode: 17 0 66868 17 0.011410951614379883
decode: 17 0 66885 17 0.011047124862670898
decode: 17 0 66902 17 0.011036396026611328
decode: 17 0 66919 17 0.011087179183959961
decode: 17 0 66936 17 0.010877847671508789
decode: 17 0 66953 17 0.010812520980834961
decode: 17 0 66970 17 0.010836362838745117
decode: 17 0 66987 17 0.010777711868286133
decode: 17 0 67004 17 0.010780811309814453
decode: 16 0 64966 16 0.010283231735229492
decode: 16 0 64982 16 0.010290861129760742
decode: 16 0 64998 16 0.010380029678344727
decode: 16 0 65014 16 0.010302066802978516
decode: 16 0 65030 16 0.010268449783325195
decode: 16 0 65046 16 0.010388851165771484
decode: 16 0 65062 16 0.01025843620300293
decode: 16 0 65078 16 0.01026606559753418
decode: 16 0 65094 16 0.01036214828491211
decode: 16 0 65110 16 0.010264158248901367
decode: 16 0 65126 16 0.01036381721496582
decode: 16 0 65142 16 0.010312557220458984
decode: 16 0 65158 16 0.010313749313354492
decode: 16 0 65174 16 0.010321855545043945
decode: 16 0 65190 16 0.010312080383300781
decode: 16 0 65206 16 0.01042318344116211
decode: 16 0 65222 16 0.010329484939575195
decode: 16 0 65238 16 0.010319232940673828
decode: 16 0 65254 16 0.010369300842285156
decode: 16 0 65270 16 0.010326385498046875
decode: 16 0 65286 16 0.01033473014831543
decode: 16 0 65302 16 0.010335922241210938
decode: 16 0 65318 16 0.010312080383300781
decode: 16 0 65334 16 0.010289669036865234
decode: 16 0 65350 16 0.010315656661987305
decode: 16 0 65366 16 0.01033329963684082
decode: 16 0 65382 16 0.010306358337402344
decode: 16 0 65398 16 0.01029062271118164
decode: 16 0 65414 16 0.01028752326965332
decode: 16 0 65430 16 0.01039576530456543
decode: 16 0 65446 16 0.010289669036865234
decode: 16 0 65462 16 0.01033782958984375
decode: 16 0 65478 16 0.010313272476196289
decode: 16 0 65494 16 0.010304689407348633
decode: 16 0 65510 16 0.010286331176757812
decode: 16 0 65526 16 0.010294914245605469
decode: 16 0 65542 16 0.010331153869628906
decode: 16 0 65558 16 0.010329723358154297
decode: 16 0 65574 16 0.01030278205871582
decode: 16 0 65590 16 0.010329723358154297
decode: 16 0 65606 16 0.010293006896972656
decode: 16 0 65622 16 0.010286808013916016
decode: 16 0 65638 16 0.010298013687133789
decode: 15 0 61227 15 0.010087966918945312
decode: 15 0 61242 15 0.010091543197631836
decode: 15 0 61257 15 0.010071992874145508
decode: 14 0 56736 14 0.009869813919067383
decode: 14 0 56750 14 0.009883403778076172
decode: 14 0 56764 14 0.009966135025024414
decode: 14 0 56778 14 0.009900569915771484
decode: 14 0 56792 14 0.009910106658935547
decode: 14 0 56806 14 0.0098724365234375
decode: 14 0 56820 14 0.00990915298461914
decode: 13 0 54006 13 0.009788036346435547
decode: 13 0 54019 13 0.009849071502685547
decode: 13 0 54032 13 0.00982356071472168
decode: 13 0 54045 13 0.009783506393432617
decode: 13 0 54058 13 0.009734392166137695
decode: 13 0 54071 13 0.009769916534423828
decode: 13 0 54084 13 0.009717464447021484
decode: 13 0 54097 13 0.009717464447021484
decode: 13 0 54110 13 0.009757757186889648
decode: 12 0 51935 12 0.00970005989074707
decode: 12 0 51947 12 0.009715795516967773
decode: 12 0 51959 12 0.009697675704956055
decode: 12 0 51971 12 0.009730339050292969
decode: 12 0 51983 12 0.009719133377075195
extend: 0 1 0 3105 0.08066225051879883
decode: 13 0 55101 13 0.01053309440612793
decode: 13 0 55114 13 0.010534048080444336
decode: 13 0 55127 13 0.01044154167175293
decode: 13 0 55140 13 0.010137557983398438
decode: 13 0 55153 13 0.010164737701416016
decode: 13 0 55166 13 0.010153532028198242
decode: 13 0 55179 13 0.01001119613647461
decode: 13 0 55192 13 0.009891748428344727
decode: 13 0 55205 13 0.009907245635986328
decode: 13 0 55218 13 0.009912729263305664
decode: 13 0 55231 13 0.009861230850219727
decode: 12 0 50514 12 0.009668350219726562
decode: 12 0 50526 12 0.009629964828491211
decode: 12 0 50538 12 0.009624719619750977
decode: 12 0 50550 12 0.009636640548706055
decode: 12 0 50562 12 0.009640216827392578
decode: 12 0 50574 12 0.009665489196777344
decode: 12 0 50586 12 0.00964975357055664
decode: 12 0 50598 12 0.009717464447021484
decode: 12 0 50610 12 0.009651899337768555
decode: 12 0 50622 12 0.009662628173828125
decode: 12 0 50634 12 0.009599685668945312
decode: 12 0 50646 12 0.009649276733398438
decode: 12 0 50658 12 0.009616613388061523
decode: 12 0 50670 12 0.009608983993530273
decode: 12 0 50682 12 0.009624242782592773
decode: 12 0 50694 12 0.009612798690795898
decode: 12 0 50706 12 0.009619712829589844
decode: 12 0 50718 12 0.009627103805541992
decode: 12 0 50730 12 0.009622812271118164
decode: 12 0 50742 12 0.00973367691040039
decode: 12 0 50754 12 0.009674549102783203
decode: 12 0 50766 12 0.009634971618652344
decode: 11 0 44985 11 0.009369134902954102
decode: 11 0 44996 11 0.009483575820922852
decode: 11 0 45007 11 0.00939798355102539
decode: 11 0 45018 11 0.00939321517944336
decode: 11 0 45029 11 0.009357929229736328
decode: 11 0 45040 11 0.009379386901855469
decode: 11 0 45051 11 0.009364604949951172
decode: 11 0 45062 11 0.009372472763061523
decode: 11 0 45073 11 0.009363651275634766
decode: 11 0 45084 11 0.009356260299682617
decode: 11 0 45095 11 0.009449481964111328
decode: 11 0 45106 11 0.009366750717163086
decode: 11 0 45117 11 0.009428977966308594
decode: 11 0 45128 11 0.009439945220947266
decode: 11 0 45139 11 0.009412765502929688
decode: 11 0 45150 11 0.009463071823120117
decode: 11 0 45161 11 0.009423017501831055
decode: 11 0 45172 11 0.009466886520385742
decode: 11 0 45183 11 0.009419441223144531
decode: 11 0 45194 11 0.009475946426391602
decode: 11 0 45205 11 0.009411334991455078
decode: 11 0 45216 11 0.009419918060302734
decode: 11 0 45227 11 0.009401321411132812
decode: 11 0 45238 11 0.009409427642822266
decode: 11 0 45249 11 0.00940084457397461
decode: 11 0 45260 11 0.009406328201293945
decode: 11 0 45271 11 0.009421348571777344
decode: 11 0 45282 11 0.009390115737915039
decode: 11 0 45293 11 0.009409189224243164
decode: 11 0 45304 11 0.009449958801269531
decode: 11 0 45315 11 0.009415149688720703
decode: 11 0 45326 11 0.009442567825317383
decode: 11 0 45337 11 0.009482145309448242
decode: 11 0 45348 11 0.009415864944458008
decode: 11 0 45359 11 0.009473085403442383
decode: 11 0 45370 11 0.009416818618774414
decode: 11 0 45381 11 0.009404897689819336
decode: 11 0 45392 11 0.009397268295288086
decode: 11 0 45403 11 0.009413480758666992
decode: 10 0 42879 10 0.009337186813354492
decode: 10 0 42889 10 0.009342193603515625
decode: 10 0 42899 10 0.009324312210083008
decode: 9 0 38194 9 0.009124755859375
decode: 9 0 38203 9 0.009018659591674805
decode: 9 0 38212 9 0.009020805358886719
decode: 9 0 38221 9 0.009016275405883789
decode: 9 0 38230 9 0.009087324142456055
decode: 9 0 38239 9 0.009079456329345703
decode: 9 0 38248 9 0.009102106094360352
decode: 9 0 38257 9 0.00908660888671875
decode: 9 0 38266 9 0.009104490280151367
decode: 9 0 38275 9 0.009085893630981445
decode: 9 0 38284 9 0.009069442749023438
decode: 9 0 38293 9 0.009083747863769531
decode: 9 0 38302 9 0.009064912796020508
decode: 9 0 38311 9 0.009073257446289062
decode: 9 0 38320 9 0.009067296981811523
decode: 9 0 38329 9 0.00905609130859375
decode: 9 0 38338 9 0.009068965911865234
decode: 9 0 38347 9 0.009088516235351562
decode: 9 0 38356 9 0.009075641632080078
decode: 9 0 38365 9 0.009082555770874023
decode: 9 0 38374 9 0.009078025817871094
decode: 9 0 38383 9 0.009067296981811523
decode: 9 0 38392 9 0.009127378463745117
decode: 9 0 38401 9 0.009113550186157227
decode: 9 0 38410 9 0.009098052978515625
decode: 9 0 38419 9 0.009121894836425781
decode: 9 0 38428 9 0.009119510650634766
decode: 9 0 38437 9 0.009106636047363281
decode: 9 0 38446 9 0.00911569595336914
decode: 9 0 38455 9 0.009107589721679688
decode: 9 0 38464 9 0.009112119674682617
decode: 9 0 38473 9 0.00912022590637207
decode: 9 0 38482 9 0.009143352508544922
decode: 9 0 38491 9 0.009262561798095703
decode: 9 0 38500 9 0.00920414924621582
decode: 9 0 38509 9 0.009223699569702148
decode: 9 0 38518 9 0.009201526641845703
decode: 9 0 38527 9 0.00922083854675293
decode: 9 0 38536 9 0.009197711944580078
decode: 9 0 38545 9 0.009197711944580078
decode: 9 0 38554 9 0.009226799011230469
decode: 9 0 38563 9 0.00922083854675293
decode: 8 0 36155 8 0.009215116500854492
decode: 8 0 36163 8 0.009154558181762695
decode: 8 0 36171 8 0.009157180786132812
decode: 8 0 36179 8 0.009120464324951172
decode: 8 0 36187 8 0.009137153625488281
decode: 8 0 36195 8 0.009168863296508789
decode: 8 0 36203 8 0.009131193161010742
decode: 8 0 36211 8 0.009127616882324219
decode: 8 0 36219 8 0.009130477905273438
decode: 8 0 36227 8 0.009135246276855469
decode: 8 0 36235 8 0.009116411209106445
decode: 8 0 36243 8 0.009083032608032227
decode: 8 0 36251 8 0.009133100509643555
decode: 8 0 36259 8 0.00911402702331543
decode: 8 0 36267 8 0.009140968322753906
decode: 8 0 36275 8 0.009150266647338867
decode: 8 0 36283 8 0.009142160415649414
decode: 8 0 36291 8 0.009127378463745117
decode: 8 0 36299 8 0.00911092758178711
decode: 8 0 36307 8 0.009113788604736328
decode: 8 0 36315 8 0.009138345718383789
decode: 8 0 36323 8 0.009133338928222656
decode: 8 0 36331 8 0.009144783020019531
decode: 8 0 36339 8 0.009131431579589844
decode: 8 0 36347 8 0.009141683578491211
decode: 8 0 36355 8 0.00914144515991211
decode: 8 0 36363 8 0.009149551391601562
decode: 8 0 36371 8 0.009126901626586914
decode: 8 0 36379 8 0.009146690368652344
decode: 8 0 36387 8 0.00913691520690918
decode: 8 0 36395 8 0.009144306182861328
decode: 8 0 36403 8 0.009179830551147461
decode: 8 0 36411 8 0.00912332534790039
decode: 8 0 36419 8 0.009128332138061523
decode: 8 0 36427 8 0.009119510650634766
decode: 8 0 36435 8 0.009137392044067383
decode: 8 0 36443 8 0.009123086929321289
decode: 8 0 36451 8 0.00913691520690918
decode: 8 0 36459 8 0.009148120880126953
decode: 7 0 33205 7 0.009070634841918945
decode: 6 0 28179 6 0.008831024169921875
decode: 6 0 28185 6 0.008820533752441406
decode: 6 0 28191 6 0.008815526962280273
decode: 6 0 28197 6 0.008790731430053711
decode: 6 0 28203 6 0.008806943893432617
decode: 6 0 28209 6 0.008803606033325195
decode: 6 0 28215 6 0.008799314498901367
decode: 6 0 28221 6 0.008804798126220703
decode: 6 0 28227 6 0.00879669189453125
decode: 6 0 28233 6 0.008822202682495117
decode: 6 0 28239 6 0.008797168731689453
decode: 6 0 28245 6 0.008788585662841797
decode: 6 0 28251 6 0.008800983428955078
decode: 5 0 23540 5 0.00858306884765625
decode: 5 0 23545 5 0.008567571640014648
decode: 5 0 23550 5 0.008603811264038086
decode: 5 0 23555 5 0.008597612380981445
decode: 5 0 23560 5 0.008573055267333984
decode: 5 0 23565 5 0.00858616828918457
decode: 5 0 23570 5 0.008601903915405273
decode: 5 0 23575 5 0.008575916290283203
decode: 5 0 23580 5 0.00860285758972168
decode: 5 0 23585 5 0.00860452651977539
decode: 5 0 23590 5 0.008577346801757812
decode: 5 0 23595 5 0.008592844009399414
decode: 5 0 23600 5 0.008600234985351562
decode: 5 0 23605 5 0.00860142707824707
decode: 5 0 23610 5 0.00859212875366211
decode: 5 0 23615 5 0.008600711822509766
decode: 5 0 23620 5 0.008580446243286133
decode: 5 0 23625 5 0.008581876754760742
decode: 5 0 23630 5 0.008599519729614258
decode: 5 0 23635 5 0.00857853889465332
decode: 5 0 23640 5 0.00859522819519043
decode: 4 0 19252 4 0.008409976959228516
decode: 4 0 19256 4 0.008324623107910156
decode: 4 0 19260 4 0.008321285247802734
decode: 4 0 19264 4 0.008332967758178711
decode: 4 0 19268 4 0.008319854736328125
decode: 4 0 19272 4 0.008324384689331055
decode: 4 0 19276 4 0.008333206176757812
decode: 4 0 19280 4 0.00830841064453125
decode: 4 0 19284 4 0.008296728134155273
decode: 4 0 19288 4 0.008297204971313477
decode: 4 0 19292 4 0.008317708969116211
decode: 4 0 19296 4 0.008328914642333984
decode: 4 0 19300 4 0.008306026458740234
decode: 4 0 19304 4 0.008322477340698242
decode: 4 0 19308 4 0.008313655853271484
decode: 4 0 19312 4 0.008333444595336914
decode: 4 0 19316 4 0.008307933807373047
decode: 4 0 19320 4 0.008317947387695312
decode: 4 0 19324 4 0.008327722549438477
decode: 4 0 19328 4 0.008307456970214844
decode: 4 0 19332 4 0.008320093154907227
decode: 4 0 19336 4 0.008301734924316406
decode: 4 0 19340 4 0.008307218551635742
decode: 4 0 19344 4 0.008342504501342773
decode: 4 0 19348 4 0.008318662643432617
decode: 4 0 19352 4 0.008336782455444336
decode: 4 0 19356 4 0.008335113525390625
decode: 4 0 19360 4 0.008318662643432617
decode: 4 0 19364 4 0.008321046829223633
decode: 4 0 19368 4 0.008322477340698242
decode: 4 0 19372 4 0.008305788040161133
decode: 4 0 19376 4 0.008340597152709961
decode: 4 0 19380 4 0.008326053619384766
decode: 4 0 19384 4 0.008324623107910156
decode: 4 0 19388 4 0.008337259292602539
decode: 4 0 19392 4 0.008324384689331055
decode: 4 0 19396 4 0.008318424224853516
decode: 4 0 19400 4 0.008315324783325195
decode: 4 0 19404 4 0.008307695388793945
decode: 4 0 19408 4 0.008327484130859375
decode: 4 0 19412 4 0.008301734924316406
decode: 4 0 19416 4 0.008313655853271484
decode: 4 0 19420 4 0.008320808410644531
decode: 4 0 19424 4 0.008293867111206055
decode: 4 0 19428 4 0.008322477340698242
decode: 4 0 19432 4 0.008301734924316406
decode: 4 0 19436 4 0.008313417434692383
decode: 4 0 19440 4 0.008330345153808594
decode: 4 0 19444 4 0.008312463760375977
decode: 4 0 19448 4 0.008320331573486328
decode: 4 0 19452 4 0.00831747055053711
decode: 4 0 19456 4 0.008312463760375977
decode: 4 0 19460 4 0.008333444595336914
decode: 4 0 19464 4 0.008330821990966797
decode: 4 0 19468 4 0.008327484130859375
decode: 3 0 13507 3 0.008155584335327148
decode: 3 0 13510 3 0.00814199447631836
decode: 3 0 13513 3 0.00816798210144043
decode: 3 0 13516 3 0.008170127868652344
decode: 3 0 13519 3 0.008159875869750977
decode: 3 0 13522 3 0.008152008056640625
decode: 3 0 13525 3 0.008145809173583984
decode: 3 0 13528 3 0.008179664611816406
decode: 3 0 13531 3 0.008155345916748047
decode: 3 0 13534 3 0.008147001266479492
decode: 3 0 13537 3 0.008140325546264648
decode: 3 0 13540 3 0.008159160614013672
decode: 3 0 13543 3 0.008146524429321289
decode: 3 0 13546 3 0.008154869079589844
decode: 3 0 13549 3 0.008135318756103516
decode: 3 0 13552 3 0.008156299591064453
decode: 3 0 13555 3 0.008164405822753906
decode: 3 0 13558 3 0.008146286010742188
decode: 3 0 13561 3 0.008148908615112305
decode: 3 0 13564 3 0.00816035270690918
decode: 3 0 13567 3 0.008130311965942383
decode: 3 0 13570 3 0.00816202163696289
decode: 3 0 13573 3 0.008108139038085938
decode: 3 0 13576 3 0.008151769638061523
decode: 2 0 7977 2 0.007858753204345703
decode: 2 0 7979 2 0.007835865020751953
decode: 2 0 7981 2 0.007793903350830078
decode: 2 0 7983 2 0.007807493209838867
decode: 2 0 7985 2 0.00778961181640625
decode: 2 0 7987 2 0.007808208465576172
decode: 2 0 7989 2 0.007793426513671875
decode: 2 0 7991 2 0.007807731628417969
decode: 2 0 7993 2 0.007806539535522461
decode: 2 0 7995 2 0.007775306701660156
decode: 1 0 3315 1 0.007465362548828125
decode: 1 0 3316 1 0.007359504699707031
decode: 1 0 3317 1 0.0073316097259521484
decode: 1 0 3318 1 0.0073566436767578125
decode: 1 0 3319 1 0.007332324981689453
decode: 1 0 3320 1 0.007318258285522461
decode: 1 0 3321 1 0.007319450378417969
decode: 1 0 3322 1 0.0073451995849609375
decode: 1 0 3323 1 0.007340669631958008
decode: 1 0 3324 1 0.00733184814453125
decode: 1 0 3325 1 0.007338285446166992
decode: 1 0 3326 1 0.007351398468017578
decode: 1 0 3327 1 0.00736689567565918
decode: 1 0 3328 1 0.007325887680053711
decode: 1 0 3329 1 0.007330894470214844
decode: 1 0 3330 1 0.007328510284423828
decode: 1 0 3331 1 0.0073354244232177734
decode: 1 0 3332 1 0.007361412048339844
decode: 1 0 3333 1 0.007345438003540039
decode: 1 0 3334 1 0.007333278656005859
decode: 1 0 3335 1 0.0073511600494384766
decode: 1 0 3336 1 0.007348299026489258
decode: 1 0 3337 1 0.007363080978393555
decode: 1 0 3338 1 0.007337808609008789
decode: 1 0 3339 1 0.007333993911743164
decode: 1 0 3340 1 0.007337808609008789
decode: 1 0 3341 1 0.0073354244232177734
decode: 1 0 3342 1 0.007359504699707031
decode: 1 0 3343 1 0.007295846939086914
decode: 1 0 3344 1 0.007327556610107422
decode: 1 0 3345 1 0.007364511489868164
decode: 1 0 3346 1 0.0073201656341552734
decode: 1 0 3347 1 0.007323265075683594
decode: 1 0 3348 1 0.0073435306549072266
decode: 1 0 3349 1 0.007349729537963867
decode: 1 0 3350 1 0.0073587894439697266
decode: 1 0 3351 1 0.007346630096435547
decode: 1 0 3352 1 0.007358551025390625
decode: 1 0 3353 1 0.007373809814453125
decode: 1 0 3354 1 0.007358074188232422
decode: 1 0 3355 1 0.00735783576965332
decode: 1 0 3356 1 0.007321357727050781
decode: 1 0 3357 1 0.007345438003540039
decode: 1 0 3358 1 0.0073544979095458984
decode: 1 0 3359 1 0.007354021072387695
decode: 1 0 3360 1 0.007360696792602539
decode: 1 0 3361 1 0.00734257698059082
decode: 1 0 3362 1 0.007361650466918945
decode: 1 0 3363 1 0.0073435306549072266
decode: 1 0 3364 1 0.0073604583740234375
decode: 1 0 3365 1 0.007357358932495117
decode: 1 0 3366 1 0.007341623306274414
