extend: 0 1 0 4041 0.16287851333618164
extend: 0 4 0 8192 0.19413304328918457
extend: 0 5 2878 8192 0.2330317497253418
extend: 0 6 1443 8192 0.20158767700195312
extend: 0 5 1816 8192 0.21801424026489258
extend: 0 3 172 8192 0.21030616760253906
extend: 0 5 1891 6276 0.16694045066833496
extend: 0 20 0 16173 0.40587472915649414
extend: 0 7 0 14052 0.3326997756958008
extend: 0 6 0 15715 0.3928992748260498
extend: 0 5 0 14562 0.346451997756958
extend: 0 6 0 15993 0.3959052562713623
extend: 0 4 0 14542 0.3630702495574951
extend: 0 4 0 15304 0.3755662441253662
extend: 0 7 0 15601 0.38271117210388184
extend: 0 6 0 15250 0.36388134956359863
extend: 0 6 0 15542 0.3770413398742676
extend: 0 5 0 15235 0.37892723083496094
extend: 0 5 0 15200 0.3693399429321289
extend: 0 4 0 14488 0.36487913131713867
extend: 0 4 0 15278 0.38202738761901855
extend: 0 4 0 16153 0.39907383918762207
extend: 0 6 0 15960 0.400571346282959
extend: 0 1 0 1847 0.046596527099609375
decode: 37 0 39097 37 0.1396181583404541
extend: 0 1 0 4043 0.0991201400756836
extend: 0 1 0 3720 0.09392857551574707
decode: 37 0 39385 37 0.010013580322265625
extend: 0 1 0 4037 0.10081028938293457
extend: 0 2 0 4358 0.10852909088134766
decode: 38 0 40060 38 0.010425090789794922
decode: 38 0 40098 38 0.009823322296142578
decode: 38 0 40136 38 0.009783029556274414
decode: 38 0 40174 38 0.009647369384765625
decode: 38 0 40212 38 0.009685754776000977
decode: 38 0 40250 38 0.009638071060180664
decode: 38 0 40288 38 0.009638071060180664
decode: 38 0 40326 38 0.009616613388061523
decode: 38 0 40364 38 0.009625911712646484
extend: 0 5 0 16116 0.39143872261047363
extend: 0 5 0 16162 0.3925485610961914
extend: 0 5 0 14962 0.38112711906433105
extend: 0 2 0 6187 0.15794134140014648
decode: 18 0 54982 18 0.011504650115966797
decode: 18 0 55000 18 0.010538339614868164
decode: 18 0 55018 18 0.010547637939453125
decode: 18 0 55036 18 0.01050114631652832
decode: 18 0 55054 18 0.010483026504516602
decode: 18 0 55072 18 0.010244607925415039
decode: 18 0 55090 18 0.010195732116699219
decode: 18 0 55108 18 0.01019287109375
decode: 18 0 55126 18 0.01018834114074707
extend: 0 6 0 15927 0.3866448402404785
extend: 0 7 0 16323 0.4117014408111572
extend: 0 4 0 13383 0.341444730758667
decode: 22 0 55041 22 0.011194229125976562
decode: 22 0 55063 22 0.010884284973144531
decode: 22 0 55085 22 0.010520458221435547
decode: 22 0 55107 22 0.010466814041137695
decode: 22 0 55129 22 0.010368585586547852
decode: 22 0 55151 22 0.010297775268554688
decode: 22 0 55173 22 0.010324239730834961
decode: 22 0 55195 22 0.010268211364746094
decode: 22 0 55217 22 0.010232925415039062
extend: 0 5 0 14200 0.34505724906921387
extend: 0 1 0 3480 0.0913233757019043
decode: 23 0 55548 23 0.010851860046386719
extend: 0 5 0 13325 0.32413673400878906
decode: 23 0 54488 23 0.011241436004638672
decode: 22 0 53387 22 0.010588884353637695
extend: 0 1 0 4438 0.12270879745483398
decode: 22 0 54193 22 0.011089801788330078
decode: 22 0 54215 22 0.01067662239074707
decode: 22 0 54237 22 0.010642290115356445
decode: 22 0 54259 22 0.010584115982055664
decode: 22 0 54281 22 0.010297775268554688
decode: 22 0 54303 22 0.010315656661987305
decode: 22 0 54325 22 0.010312557220458984
decode: 22 0 54347 22 0.010206937789916992
decode: 22 0 54369 22 0.010181188583374023
extend: 0 6 0 16291 0.3908576965332031
extend: 0 6 0 16351 0.40020251274108887
extend: 0 1 0 741 0.025951385498046875
decode: 24 0 54526 24 0.011006355285644531
decode: 24 0 54550 24 0.010723352432250977
decode: 24 0 54574 24 0.010625123977661133
decode: 24 0 54598 24 0.01042938232421875
decode: 24 0 54622 24 0.010317325592041016
decode: 24 0 54646 24 0.010321617126464844
decode: 24 0 54670 24 0.010201692581176758
decode: 24 0 54694 24 0.010285139083862305
decode: 24 0 54718 24 0.010312080383300781
decode: 24 0 54742 24 0.01024007797241211
decode: 24 0 54766 24 0.010195493698120117
decode: 23 0 50925 23 0.009999990463256836
extend: 0 2 0 6009 0.1450202465057373
extend: 0 6 0 15485 0.3719615936279297
decode: 25 0 52317 25 0.011292219161987305
decode: 25 0 52342 25 0.010934829711914062
decode: 25 0 52367 25 0.01046609878540039
decode: 25 0 52392 25 0.010485172271728516
decode: 25 0 52417 25 0.010232210159301758
decode: 25 0 52442 25 0.010355710983276367
decode: 25 0 52467 25 0.010320186614990234
decode: 25 0 52492 25 0.010357141494750977
decode: 25 0 52517 25 0.010303497314453125
extend: 0 5 0 16202 0.3973422050476074
decode: 25 0 51847 25 0.011085271835327148
decode: 25 0 51872 25 0.010983705520629883
decode: 25 0 51897 25 0.010599613189697266
decode: 25 0 51922 25 0.01045680046081543
decode: 25 0 51947 25 0.010426759719848633
decode: 25 0 51972 25 0.010401010513305664
decode: 25 0 51997 25 0.010406017303466797
decode: 25 0 52022 25 0.010326147079467773
decode: 25 0 52047 25 0.010343551635742188
extend: 0 2 0 5834 0.14105582237243652
decode: 24 0 52247 24 0.010823965072631836
decode: 24 0 52271 24 0.010693073272705078
decode: 24 0 52295 24 0.010449409484863281
decode: 24 0 52319 24 0.010273933410644531
decode: 24 0 52343 24 0.010305404663085938
decode: 24 0 52367 24 0.01026153564453125
decode: 24 0 52391 24 0.010207891464233398
decode: 24 0 52415 24 0.01023101806640625
decode: 24 0 52439 24 0.010128974914550781
extend: 0 6 0 15378 0.3703012466430664
extend: 0 3 0 8041 0.19721508026123047
decode: 23 0 56428 23 0.011266708374023438
decode: 23 0 56451 23 0.010794639587402344
decode: 23 0 56474 23 0.010705947875976562
decode: 23 0 56497 23 0.010453462600708008
decode: 22 0 52510 22 0.010155677795410156
extend: 0 1 0 2756 0.06875944137573242
extend: 0 3 0 5737 0.1435701847076416
decode: 24 0 55015 24 0.01159811019897461
decode: 24 0 55039 24 0.011223077774047852
decode: 24 0 55063 24 0.010688066482543945
decode: 24 0 55087 24 0.010572195053100586
decode: 24 0 55111 24 0.010445356369018555
decode: 24 0 55135 24 0.01047205924987793
decode: 24 0 55159 24 0.01055908203125
decode: 24 0 55183 24 0.010365962982177734
decode: 24 0 55207 24 0.010350227355957031
extend: 0 4 0 10793 0.26094651222229004
extend: 0 2 0 6667 0.16916275024414062
extend: 0 1 0 3668 0.09307336807250977
decode: 22 0 55809 22 0.011084794998168945
extend: 0 6 0 15584 0.38344717025756836
extend: 0 1 0 2308 0.06328201293945312
decode: 21 0 55739 21 0.010950803756713867
decode: 21 0 55760 21 0.010879039764404297
decode: 21 0 55781 21 0.010585546493530273
decode: 21 0 55802 21 0.010500907897949219
decode: 21 0 55823 21 0.010525941848754883
decode: 21 0 55844 21 0.010469675064086914
decode: 21 0 55865 21 0.010396718978881836
decode: 21 0 55886 21 0.010375022888183594
decode: 21 0 55907 21 0.0103302001953125
decode: 21 0 55928 21 0.010355472564697266
decode: 21 0 55949 21 0.010341167449951172
decode: 21 0 55970 21 0.010361194610595703
decode: 21 0 55991 21 0.010239362716674805
decode: 21 0 56012 21 0.010310173034667969
decode: 21 0 56033 21 0.010358095169067383
decode: 21 0 56054 21 0.010357856750488281
decode: 21 0 56075 21 0.010290861129760742
decode: 21 0 56096 21 0.010320901870727539
decode: 21 0 56117 21 0.010344982147216797
decode: 21 0 56138 21 0.010306835174560547
decode: 21 0 56159 21 0.010346174240112305
extend: 0 5 0 12867 0.3101341724395752
extend: 0 2 0 2540 0.06332588195800781
decode: 23 0 54486 23 0.010940313339233398
decode: 23 0 54509 23 0.010927438735961914
decode: 23 0 54532 23 0.010646820068359375
extend: 0 3 0 8257 0.19754362106323242
extend: 0 1 0 3134 0.08135557174682617
decode: 24 0 54443 24 0.010940313339233398
decode: 24 0 54467 24 0.010702371597290039
extend: 0 3 0 10855 0.2757699489593506
extend: 0 1 0 3788 0.09703445434570312
extend: 0 2 0 4129 0.10364127159118652
decode: 25 0 55772 25 0.011191129684448242
decode: 25 0 55797 25 0.0109405517578125
decode: 25 0 55822 25 0.010761737823486328
decode: 25 0 55847 25 0.010676383972167969
decode: 25 0 55872 25 0.010637998580932617
decode: 25 0 55897 25 0.010611295700073242
decode: 25 0 55922 25 0.010591268539428711
decode: 25 0 55947 25 0.010549783706665039
decode: 25 0 55972 25 0.010526895523071289
decode: 25 0 55997 25 0.010365724563598633
decode: 25 0 56022 25 0.010470867156982422
decode: 25 0 56047 25 0.010518789291381836
decode: 25 0 56072 25 0.0105438232421875
decode: 25 0 56097 25 0.010529279708862305
decode: 25 0 56122 25 0.01047968864440918
decode: 25 0 56147 25 0.010494232177734375
decode: 25 0 56172 25 0.010471820831298828
decode: 25 0 56197 25 0.010585546493530273
decode: 25 0 56222 25 0.010462284088134766
decode: 25 0 56247 25 0.010603189468383789
decode: 25 0 56272 25 0.010602235794067383
decode: 25 0 56297 25 0.010603189468383789
decode: 25 0 56322 25 0.01056981086730957
decode: 25 0 56347 25 0.010587930679321289
decode: 25 0 56372 25 0.010464668273925781
decode: 25 0 56397 25 0.010537862777709961
decode: 25 0 56422 25 0.010552167892456055
extend: 0 4 0 15422 0.37593579292297363
extend: 0 2 0 3480 0.09079241752624512
decode: 23 0 56507 23 0.010998964309692383
decode: 23 0 56530 23 0.010798454284667969
decode: 23 0 56553 23 0.010605335235595703
decode: 23 0 56576 23 0.010473966598510742
decode: 23 0 56599 23 0.010413646697998047
decode: 23 0 56622 23 0.010444402694702148
decode: 23 0 56645 23 0.010373830795288086
decode: 23 0 56668 23 0.010358810424804688
decode: 23 0 56691 23 0.010304689407348633
decode: 23 0 56714 23 0.010319232940673828
extend: 0 2 0 4992 0.11843252182006836
extend: 0 1 0 2641 0.06817173957824707
decode: 22 0 58404 22 0.01107168197631836
decode: 22 0 58426 22 0.010941743850708008
decode: 22 0 58448 22 0.01082468032836914
extend: 0 2 0 3282 0.07848143577575684
decode: 22 0 58243 22 0.010932683944702148
decode: 22 0 58265 22 0.011042118072509766
extend: 0 2 0 3503 0.08646988868713379
decode: 22 0 57815 22 0.010976076126098633
extend: 0 2 0 4602 0.11081719398498535
extend: 0 2 0 4995 0.12610411643981934
decode: 22 0 58413 22 0.011150836944580078
decode: 22 0 58435 22 0.010776519775390625
decode: 22 0 58457 22 0.010702371597290039
decode: 22 0 58479 22 0.010526180267333984
decode: 22 0 58501 22 0.010504961013793945
decode: 22 0 58523 22 0.010565757751464844
decode: 22 0 58545 22 0.010509252548217773
decode: 22 0 58567 22 0.010450124740600586
decode: 22 0 58589 22 0.01043248176574707
extend: 0 3 0 6194 0.15019893646240234
extend: 0 3 0 6889 0.16849160194396973
extend: 0 1 0 600 0.021847009658813477
decode: 22 0 58332 22 0.011014938354492188
decode: 22 0 58354 22 0.011115789413452148
decode: 22 0 58376 22 0.010866880416870117
decode: 22 0 58398 22 0.01048135757446289
decode: 22 0 58420 22 0.010466814041137695
decode: 22 0 58442 22 0.010422945022583008
decode: 22 0 58464 22 0.010417938232421875
extend: 0 5 0 14617 0.35643815994262695
decode: 22 0 57402 22 0.0111846923828125
decode: 22 0 57424 22 0.010971546173095703
decode: 22 0 57446 22 0.010717153549194336
decode: 22 0 57468 22 0.010666847229003906
decode: 22 0 57490 22 0.010673761367797852
decode: 22 0 57512 22 0.010639190673828125
decode: 22 0 57534 22 0.01043248176574707
decode: 22 0 57556 22 0.010388612747192383
decode: 22 0 57578 22 0.010405540466308594
extend: 0 1 0 3447 0.08675456047058105
decode: 21 0 57116 21 0.010967254638671875
extend: 0 1 0 3657 0.09065055847167969
decode: 21 0 57346 21 0.010924816131591797
extend: 0 1 0 3449 0.08914399147033691
decode: 21 0 57158 21 0.011086225509643555
extend: 0 6 0 12758 0.30663490295410156
extend: 0 4 0 8996 0.21733474731445312
extend: 0 2 0 2402 0.061975955963134766
decode: 23 0 56320 23 0.01109004020690918
decode: 23 0 56343 23 0.011054277420043945
decode: 23 0 56366 23 0.010703802108764648
decode: 23 0 56389 23 0.01050710678100586
decode: 23 0 56412 23 0.010425090789794922
decode: 23 0 56435 23 0.010424137115478516
decode: 23 0 56458 23 0.010413408279418945
decode: 23 0 56481 23 0.010407686233520508
decode: 23 0 56504 23 0.010340452194213867
decode: 23 0 56527 23 0.010631561279296875
decode: 23 0 56550 23 0.010394811630249023
decode: 23 0 56573 23 0.010379314422607422
decode: 23 0 56596 23 0.010233163833618164
decode: 23 0 56619 23 0.01038503646850586
decode: 23 0 56642 23 0.010321855545043945
decode: 23 0 56665 23 0.010338306427001953
decode: 23 0 56688 23 0.010343313217163086
decode: 23 0 56711 23 0.010337114334106445
decode: 23 0 56734 23 0.010244131088256836
decode: 23 0 56757 23 0.010384559631347656
decode: 23 0 56780 23 0.010438680648803711
decode: 23 0 56803 23 0.0102386474609375
decode: 23 0 56826 23 0.010395526885986328
decode: 23 0 56849 23 0.010373353958129883
decode: 23 0 56872 23 0.01038980484008789
decode: 23 0 56895 23 0.010326623916625977
decode: 23 0 56918 23 0.010356664657592773
decode: 23 0 56941 23 0.010387659072875977
decode: 23 0 56964 23 0.010371923446655273
decode: 23 0 56987 23 0.010337114334106445
extend: 0 5 0 16249 0.3937990665435791
extend: 0 1 0 1215 0.0335841178894043
decode: 24 0 57425 24 0.010619640350341797
decode: 24 0 57449 24 0.010489463806152344
decode: 24 0 57473 24 0.010539054870605469
decode: 24 0 57497 24 0.010477304458618164
decode: 24 0 57521 24 0.010414361953735352
decode: 24 0 57545 24 0.010466814041137695
extend: 0 4 0 9678 0.23639917373657227
extend: 0 3 0 6642 0.1638796329498291
decode: 26 0 57813 26 0.011622905731201172
decode: 26 0 57839 26 0.011141777038574219
decode: 26 0 57865 26 0.011043548583984375
decode: 26 0 57891 26 0.011094808578491211
decode: 26 0 57917 26 0.010904073715209961
decode: 25 0 54969 25 0.010655641555786133
extend: 0 2 0 1879 0.04471302032470703
extend: 0 1 0 4557 0.11658287048339844
extend: 0 1 0 4085 0.10250711441040039
extend: 0 1 0 4108 0.1103813648223877
decode: 26 0 56669 26 0.0111236572265625
decode: 26 0 56695 26 0.010701417922973633
decode: 26 0 56721 26 0.010633468627929688
decode: 26 0 56747 26 0.010595560073852539
decode: 26 0 56773 26 0.010590553283691406
decode: 26 0 56799 26 0.010612726211547852
decode: 26 0 56825 26 0.010504007339477539
decode: 26 0 56851 26 0.010523319244384766
decode: 26 0 56877 26 0.01054072380065918
extend: 0 1 0 597 0.020557641983032227
decode: 27 0 57501 27 0.010422468185424805
decode: 27 0 57528 27 0.010585546493530273
decode: 27 0 57555 27 0.010650396347045898
decode: 27 0 57582 27 0.010598182678222656
decode: 27 0 57609 27 0.010611772537231445
decode: 27 0 57636 27 0.010645389556884766
decode: 27 0 57663 27 0.01059103012084961
extend: 0 1 0 3227 0.0812530517578125
decode: 26 0 58556 26 0.011233091354370117
decode: 26 0 58582 26 0.011243343353271484
decode: 26 0 58608 26 0.010765790939331055
decode: 26 0 58634 26 0.010838508605957031
decode: 26 0 58660 26 0.010739564895629883
decode: 26 0 58686 26 0.010772943496704102
decode: 26 0 58712 26 0.010754585266113281
decode: 26 0 58738 26 0.010803937911987305
decode: 26 0 58764 26 0.010904073715209961
decode: 26 0 58790 26 0.010709047317504883
extend: 0 1 0 4162 0.10680437088012695
decode: 25 0 58208 25 0.01142120361328125
decode: 25 0 58233 25 0.011034011840820312
decode: 25 0 58258 25 0.010886907577514648
decode: 25 0 58283 25 0.010879278182983398
decode: 25 0 58308 25 0.010872840881347656
decode: 25 0 58333 25 0.01079106330871582
decode: 25 0 58358 25 0.010761260986328125
decode: 25 0 58383 25 0.010764360427856445
extend: 0 3 0 10376 0.2521786689758301
extend: 0 4 0 10035 0.244276762008667
extend: 0 4 0 11002 0.2667829990386963
decode: 24 0 60278 24 0.011613130569458008
decode: 24 0 60302 24 0.011393070220947266
decode: 24 0 60326 24 0.011005878448486328
decode: 24 0 60350 24 0.01103520393371582
decode: 24 0 60374 24 0.01097726821899414
decode: 24 0 60398 24 0.010650634765625
decode: 24 0 60422 24 0.010561704635620117
decode: 24 0 60446 24 0.010463237762451172
extend: 0 2 0 6899 0.1680898666381836
extend: 0 3 0 7008 0.16819286346435547
extend: 0 2 0 3686 0.09035825729370117
decode: 22 0 59883 22 0.011268138885498047
extend: 0 5 0 10808 0.2620997428894043
extend: 0 2 0 3397 0.08547258377075195
decode: 22 0 59658 22 0.011432409286499023
decode: 22 0 59680 22 0.010845661163330078
decode: 22 0 59702 22 0.010896921157836914
decode: 22 0 59724 22 0.010656356811523438
decode: 22 0 59746 22 0.010763168334960938
decode: 22 0 59768 22 0.010595321655273438
decode: 22 0 59790 22 0.010581016540527344
decode: 22 0 59812 22 0.010607242584228516
decode: 22 0 59834 22 0.01062917709350586
decode: 22 0 59856 22 0.010554075241088867
decode: 22 0 59878 22 0.010338068008422852
decode: 22 0 59900 22 0.010558366775512695
decode: 22 0 59922 22 0.010520219802856445
decode: 22 0 59944 22 0.010534524917602539
decode: 22 0 59966 22 0.010518074035644531
decode: 22 0 59988 22 0.010535240173339844
decode: 22 0 60010 22 0.010553598403930664
decode: 22 0 60032 22 0.010479211807250977
decode: 22 0 60054 22 0.010529756546020508
decode: 22 0 60076 22 0.010381937026977539
decode: 22 0 60098 22 0.010516643524169922
decode: 22 0 60120 22 0.010379552841186523
decode: 22 0 60142 22 0.010518312454223633
decode: 22 0 60164 22 0.010561227798461914
decode: 22 0 60186 22 0.010586261749267578
decode: 22 0 60208 22 0.010563850402832031
decode: 22 0 60230 22 0.010512590408325195
decode: 22 0 60252 22 0.010587453842163086
decode: 22 0 60274 22 0.010364055633544922
decode: 22 0 60296 22 0.010469675064086914
decode: 22 0 60318 22 0.01048421859741211
decode: 22 0 60340 22 0.010473489761352539
decode: 22 0 60362 22 0.010490894317626953
decode: 22 0 60384 22 0.010536432266235352
decode: 22 0 60406 22 0.01049947738647461
decode: 22 0 60428 22 0.010527372360229492
decode: 22 0 60450 22 0.010525941848754883
extend: 0 1 0 1026 0.030956745147705078
decode: 22 0 60857 22 0.010764598846435547
decode: 22 0 60879 22 0.010807991027832031
decode: 22 0 60901 22 0.010744810104370117
decode: 22 0 60923 22 0.010694742202758789
decode: 22 0 60945 22 0.010648965835571289
decode: 22 0 60967 22 0.010708808898925781
extend: 0 2 0 3867 0.0948781967163086
decode: 22 0 60707 22 0.011175394058227539
decode: 22 0 60729 22 0.010829925537109375
decode: 22 0 60751 22 0.010909557342529297
decode: 22 0 60773 22 0.010699987411499023
decode: 22 0 60795 22 0.010674715042114258
decode: 22 0 60817 22 0.010689258575439453
decode: 22 0 60839 22 0.010692834854125977
decode: 22 0 60861 22 0.010577678680419922
decode: 22 0 60883 22 0.010541439056396484
decode: 22 0 60905 22 0.010549306869506836
extend: 0 2 0 4151 0.09989356994628906
extend: 0 2 0 3856 0.09798789024353027
decode: 23 0 61506 23 0.011175394058227539
decode: 23 0 61529 23 0.011383533477783203
decode: 23 0 61552 23 0.011349916458129883
decode: 23 0 61575 23 0.011210203170776367
decode: 23 0 61598 23 0.010619401931762695
decode: 23 0 61621 23 0.010706901550292969
decode: 23 0 61644 23 0.010648250579833984
decode: 23 0 61667 23 0.01069498062133789
extend: 0 2 0 731 0.021852731704711914
decode: 24 0 61100 24 0.010491609573364258
decode: 24 0 61124 24 0.010625123977661133
decode: 24 0 61148 24 0.010568380355834961
decode: 24 0 61172 24 0.01064443588256836
decode: 24 0 61196 24 0.010610818862915039
decode: 24 0 61220 24 0.01059269905090332
decode: 24 0 61244 24 0.010554075241088867
extend: 0 2 0 4445 0.11324954032897949
extend: 0 2 0 3480 0.08726358413696289
decode: 24 0 59962 24 0.01109457015991211
extend: 0 1 0 4234 0.11148524284362793
decode: 23 0 60737 23 0.011126995086669922
decode: 23 0 60760 23 0.010854005813598633
decode: 23 0 60783 23 0.010728120803833008
decode: 23 0 60806 23 0.010671615600585938
decode: 23 0 60829 23 0.010586261749267578
decode: 23 0 60852 23 0.010602951049804688
decode: 23 0 60875 23 0.010632991790771484
decode: 23 0 60898 23 0.010626554489135742
decode: 23 0 60921 23 0.010560035705566406
extend: 0 4 0 11203 0.27088141441345215
extend: 0 1 0 3260 0.08339428901672363
decode: 24 0 61137 24 0.011052846908569336
decode: 24 0 61161 24 0.011183500289916992
extend: 0 1 0 3930 0.09808182716369629
decode: 23 0 61015 23 0.011320352554321289
decode: 23 0 61038 23 0.01100301742553711
decode: 23 0 61061 23 0.010770559310913086
decode: 23 0 61084 23 0.010654687881469727
decode: 23 0 61107 23 0.010672569274902344
decode: 23 0 61130 23 0.010616540908813477
decode: 23 0 61153 23 0.010622501373291016
decode: 23 0 61176 23 0.01058053970336914
decode: 23 0 61199 23 0.010599136352539062
extend: 0 4 0 10694 0.26266932487487793
extend: 0 2 0 5006 0.12434196472167969
decode: 24 0 60977 24 0.011349678039550781
decode: 24 0 61001 24 0.011023759841918945
decode: 24 0 61025 24 0.010947704315185547
decode: 24 0 61049 24 0.010738372802734375
decode: 24 0 61073 24 0.010716438293457031
decode: 24 0 61097 24 0.010621786117553711
decode: 24 0 61121 24 0.01065683364868164
decode: 24 0 61145 24 0.010634660720825195
extend: 0 3 0 8692 0.2116715908050537
decode: 24 0 60984 24 0.011000871658325195
decode: 24 0 61008 24 0.010979890823364258
decode: 24 0 61032 24 0.010775566101074219
decode: 24 0 61056 24 0.010808467864990234
decode: 24 0 61080 24 0.010755300521850586
decode: 24 0 61104 24 0.010741233825683594
decode: 24 0 61128 24 0.010694265365600586
decode: 24 0 61152 24 0.01068878173828125
decode: 24 0 61176 24 0.010672330856323242
extend: 0 3 0 8413 0.20335960388183594
extend: 0 2 0 4446 0.11109280586242676
extend: 0 2 0 4657 0.11726665496826172
extend: 0 2 0 4448 0.10866665840148926
extend: 0 2 0 4789 0.12412858009338379
extend: 0 2 0 4450 0.1078345775604248
extend: 0 1 0 1658 0.04355049133300781
decode: 24 0 60863 24 0.011400938034057617
decode: 24 0 60887 24 0.011064291000366211
decode: 24 0 60911 24 0.010759115219116211
decode: 24 0 60935 24 0.010771989822387695
decode: 24 0 60959 24 0.010560989379882812
decode: 24 0 60983 24 0.01052999496459961
decode: 24 0 61007 24 0.01044464111328125
decode: 24 0 61031 24 0.010466814041137695
decode: 24 0 61055 24 0.010454893112182617
decode: 24 0 61079 24 0.010455131530761719
decode: 24 0 61103 24 0.010392427444458008
decode: 24 0 61127 24 0.010461091995239258
decode: 24 0 61151 24 0.010438680648803711
decode: 24 0 61175 24 0.010442018508911133
extend: 0 1 0 3007 0.07314848899841309
decode: 24 0 61534 24 0.010998725891113281
decode: 24 0 61558 24 0.010829925537109375
decode: 24 0 61582 24 0.01070713996887207
decode: 24 0 61606 24 0.010701417922973633
decode: 24 0 61630 24 0.01057887077331543
decode: 24 0 61654 24 0.010441064834594727
decode: 24 0 61678 24 0.010428190231323242
decode: 24 0 61702 24 0.010462522506713867
decode: 24 0 61726 24 0.01044154167175293
decode: 24 0 61750 24 0.010454654693603516
decode: 24 0 61774 24 0.01041102409362793
extend: 0 1 0 4558 0.11373496055603027
decode: 24 0 62088 24 0.01113271713256836
decode: 24 0 62112 24 0.010928869247436523
decode: 24 0 62136 24 0.010590076446533203
decode: 24 0 62160 24 0.010547637939453125
decode: 24 0 62184 24 0.010563135147094727
decode: 24 0 62208 24 0.010504484176635742
decode: 24 0 62232 24 0.0105133056640625
decode: 24 0 62256 24 0.010464668273925781
decode: 24 0 62280 24 0.010392904281616211
extend: 0 3 0 6431 0.15924596786499023
extend: 0 1 0 2354 0.060642242431640625
decode: 24 0 62653 24 0.011160612106323242
decode: 24 0 62677 24 0.010858774185180664
decode: 24 0 62701 24 0.01078176498413086
decode: 24 0 62725 24 0.01061868667602539
decode: 24 0 62749 24 0.010610818862915039
decode: 24 0 62773 24 0.010625362396240234
decode: 24 0 62797 24 0.01057124137878418
decode: 24 0 62821 24 0.0105438232421875
decode: 24 0 62845 24 0.010515689849853516
decode: 24 0 62869 24 0.010488033294677734
decode: 24 0 62893 24 0.010490179061889648
decode: 24 0 62917 24 0.010465383529663086
extend: 0 4 0 7761 0.1877155303955078
extend: 0 5 0 14627 0.3558616638183594
extend: 0 2 0 6961 0.17260313034057617
decode: 27 0 62315 27 0.01130223274230957
decode: 27 0 62342 27 0.011174201965332031
decode: 27 0 62369 27 0.011048078536987305
decode: 27 0 62396 27 0.0110626220703125
decode: 27 0 62423 27 0.010947704315185547
decode: 27 0 62450 27 0.010883092880249023
decode: 27 0 62477 27 0.010848283767700195
decode: 27 0 62504 27 0.010806560516357422
decode: 27 0 62531 27 0.010628700256347656
decode: 27 0 62558 27 0.010701179504394531
decode: 27 0 62585 27 0.010788202285766602
decode: 27 0 62612 27 0.010883092880249023
decode: 27 0 62639 27 0.010921955108642578
decode: 27 0 62666 27 0.010843038558959961
decode: 27 0 62693 27 0.010898351669311523
decode: 27 0 62720 27 0.010904788970947266
decode: 27 0 62747 27 0.010683774948120117
decode: 27 0 62774 27 0.010872364044189453
decode: 27 0 62801 27 0.01090860366821289
decode: 27 0 62828 27 0.010890722274780273
decode: 27 0 62855 27 0.010838031768798828
decode: 27 0 62882 27 0.010900259017944336
decode: 27 0 62909 27 0.010902643203735352
decode: 27 0 62936 27 0.010838747024536133
decode: 27 0 62963 27 0.010877132415771484
extend: 0 1 0 3319 0.08313345909118652
decode: 27 0 63538 27 0.01155543327331543
decode: 27 0 63565 27 0.011629104614257812
extend: 0 2 0 5271 0.13120102882385254
extend: 0 1 0 4304 0.11204242706298828
extend: 0 3 0 3881 0.0937807559967041
decode: 28 0 63605 28 0.011589288711547852
decode: 28 0 63633 28 0.011437177658081055
decode: 28 0 63661 28 0.011125326156616211
decode: 28 0 63689 28 0.011014938354492188
decode: 28 0 63717 28 0.011013269424438477
decode: 28 0 63745 28 0.011063337326049805
decode: 28 0 63773 28 0.010945796966552734
decode: 28 0 63801 28 0.01092529296875
decode: 28 0 63829 28 0.010955810546875
extend: 0 1 0 3322 0.08238697052001953
decode: 27 0 63899 27 0.011404752731323242
decode: 27 0 63926 27 0.011593341827392578
extend: 0 2 0 4496 0.11364197731018066
extend: 0 2 0 4390 0.10952234268188477
extend: 0 2 0 4579 0.11229729652404785
extend: 0 1 0 2782 0.07007122039794922
decode: 27 0 63901 27 0.011420965194702148
decode: 27 0 63928 27 0.011353015899658203
decode: 27 0 63955 27 0.011288642883300781
extend: 0 1 0 2837 0.07196545600891113
decode: 27 0 64034 27 0.01151275634765625
decode: 27 0 64061 27 0.011508941650390625
extend: 0 2 0 4227 0.10668563842773438
extend: 0 1 0 555 0.020230531692504883
decode: 27 0 63783 27 0.011277914047241211
decode: 27 0 63810 27 0.010863780975341797
decode: 27 0 63837 27 0.010852575302124023
decode: 27 0 63864 27 0.010775566101074219
decode: 27 0 63891 27 0.01074671745300293
decode: 27 0 63918 27 0.010668039321899414
decode: 27 0 63945 27 0.01063227653503418
extend: 0 1 0 3057 0.07204389572143555
decode: 27 0 64198 27 0.011324167251586914
decode: 27 0 64225 27 0.011336803436279297
decode: 27 0 64252 27 0.011026382446289062
decode: 27 0 64279 27 0.01090240478515625
decode: 27 0 64306 27 0.010795354843139648
decode: 27 0 64333 27 0.010763883590698242
decode: 27 0 64360 27 0.010676383972167969
decode: 27 0 64387 27 0.010745525360107422
decode: 26 0 63514 26 0.010734081268310547
extend: 0 1 0 329 0.014032602310180664
decode: 27 0 63870 27 0.01067352294921875
decode: 27 0 63897 27 0.010738134384155273
decode: 27 0 63924 27 0.010723114013671875
decode: 27 0 63951 27 0.010671138763427734
decode: 27 0 63978 27 0.010724544525146484
decode: 27 0 64005 27 0.010736227035522461
decode: 27 0 64032 27 0.01072549819946289
decode: 27 0 64059 27 0.010750770568847656
decode: 27 0 64086 27 0.010718107223510742
decode: 27 0 64113 27 0.010747432708740234
decode: 27 0 64140 27 0.010773897171020508
decode: 27 0 64167 27 0.010676145553588867
decode: 27 0 64194 27 0.01073002815246582
decode: 27 0 64221 27 0.010738611221313477
decode: 27 0 64248 27 0.010736227035522461
decode: 27 0 64275 27 0.010702371597290039
decode: 27 0 64302 27 0.010720968246459961
decode: 27 0 64329 27 0.010748147964477539
decode: 27 0 64356 27 0.01068258285522461
decode: 27 0 64383 27 0.010721445083618164
decode: 27 0 64410 27 0.010648965835571289
decode: 27 0 64437 27 0.010747432708740234
decode: 27 0 64464 27 0.010680913925170898
decode: 27 0 64491 27 0.010679960250854492
decode: 27 0 64518 27 0.010670661926269531
decode: 27 0 64545 27 0.010747671127319336
decode: 27 0 64572 27 0.01067662239074707
decode: 27 0 64599 27 0.010750293731689453
decode: 27 0 64626 27 0.01075601577758789
decode: 26 0 60858 26 0.010551214218139648
extend: 0 3 0 2503 0.058597564697265625
decode: 29 0 63390 29 0.011162281036376953
extend: 0 1 0 713 0.0225374698638916
decode: 30 0 64133 30 0.010855674743652344
decode: 30 0 64163 30 0.010786056518554688
decode: 30 0 64193 30 0.010796070098876953
decode: 30 0 64223 30 0.010700464248657227
decode: 30 0 64253 30 0.010710477828979492
decode: 30 0 64283 30 0.010758161544799805
decode: 30 0 64313 30 0.01070094108581543
decode: 30 0 64343 30 0.010709762573242188
decode: 30 0 64373 30 0.010763168334960938
decode: 30 0 64403 30 0.010744094848632812
decode: 30 0 64433 30 0.010763406753540039
decode: 30 0 64463 30 0.010747432708740234
decode: 30 0 64493 30 0.010766029357910156
decode: 29 0 61412 29 0.01058197021484375
extend: 0 1 0 1424 0.037099599838256836
extend: 0 1 0 3643 0.09028005599975586
decode: 29 0 64723 29 0.011517763137817383
decode: 29 0 64752 29 0.011096954345703125
decode: 29 0 64781 29 0.01088094711303711
decode: 29 0 64810 29 0.010922908782958984
decode: 29 0 64839 29 0.010783672332763672
decode: 29 0 64868 29 0.010756492614746094
decode: 29 0 64897 29 0.010739564895629883
decode: 29 0 64926 29 0.010798215866088867
decode: 29 0 64955 29 0.010701656341552734
decode: 29 0 64984 29 0.010767221450805664
extend: 0 1 0 2840 0.06939482688903809
decode: 28 0 65080 28 0.011564254760742188
decode: 28 0 65108 28 0.011336088180541992
decode: 28 0 65136 28 0.011124372482299805
decode: 28 0 65164 28 0.01107025146484375
decode: 28 0 65192 28 0.010889291763305664
decode: 28 0 65220 28 0.01087188720703125
decode: 28 0 65248 28 0.010890960693359375
decode: 28 0 65276 28 0.010836124420166016
decode: 28 0 65304 28 0.010857820510864258
decode: 28 0 65332 28 0.01087641716003418
decode: 28 0 65360 28 0.010856389999389648
decode: 28 0 65388 28 0.01087641716003418
decode: 28 0 65416 28 0.010890007019042969
decode: 28 0 65444 28 0.010886907577514648
decode: 28 0 65472 28 0.010797739028930664
decode: 28 0 65500 28 0.010829448699951172
decode: 28 0 65528 28 0.010864019393920898
decode: 28 0 65556 28 0.010818243026733398
decode: 28 0 65584 28 0.010848283767700195
decode: 28 0 65612 28 0.010873794555664062
decode: 28 0 65640 28 0.010858535766601562
decode: 28 0 65668 28 0.010794639587402344
decode: 28 0 65696 28 0.01086735725402832
decode: 28 0 65724 28 0.010860204696655273
decode: 28 0 65752 28 0.010803461074829102
decode: 28 0 65780 28 0.010841846466064453
decode: 28 0 65808 28 0.010795831680297852
decode: 28 0 65836 28 0.01085352897644043
decode: 28 0 65864 28 0.010782003402709961
decode: 28 0 65892 28 0.010814189910888672
extend: 0 2 0 3287 0.08199548721313477
decode: 29 0 66183 29 0.011519908905029297
decode: 29 0 66212 29 0.011392831802368164
extend: 0 1 0 422 0.015991926193237305
decode: 29 0 66109 29 0.010888338088989258
decode: 29 0 66138 29 0.010735511779785156
decode: 29 0 66167 29 0.010736227035522461
decode: 29 0 66196 29 0.010699987411499023
decode: 29 0 66225 29 0.010797739028930664
decode: 29 0 66254 29 0.010724067687988281
decode: 29 0 66283 29 0.010793447494506836
extend: 0 1 0 1335 0.03681325912475586
decode: 28 0 65983 28 0.010860919952392578
decode: 28 0 66011 28 0.011020660400390625
decode: 28 0 66039 28 0.010931730270385742
decode: 28 0 66067 28 0.010827064514160156
decode: 28 0 66095 28 0.010818243026733398
extend: 0 2 0 1790 0.042218923568725586
decode: 29 0 66574 29 0.01137852668762207
decode: 29 0 66603 29 0.0113525390625
decode: 29 0 66632 29 0.011090278625488281
decode: 29 0 66661 29 0.010999917984008789
decode: 29 0 66690 29 0.010963201522827148
extend: 0 1 0 2832 0.07164382934570312
decode: 26 0 66614 26 0.011717557907104492
decode: 26 0 66640 26 0.011647939682006836
decode: 26 0 66666 26 0.011269330978393555
decode: 26 0 66692 26 0.01109457015991211
decode: 26 0 66718 26 0.01106572151184082
decode: 26 0 66744 26 0.011065006256103516
decode: 26 0 66770 26 0.011004924774169922
decode: 26 0 66796 26 0.011023759841918945
decode: 26 0 66822 26 0.010972976684570312
decode: 26 0 66848 26 0.011007070541381836
extend: 0 2 0 1046 0.029383420944213867
decode: 27 0 67104 27 0.011255741119384766
decode: 27 0 67131 27 0.011113405227661133
decode: 27 0 67158 27 0.011058330535888672
decode: 27 0 67185 27 0.010984659194946289
decode: 27 0 67212 27 0.011031150817871094
decode: 27 0 67239 27 0.01102590560913086
extend: 0 1 0 818 0.024229049682617188
decode: 26 0 66952 26 0.011042356491088867
decode: 26 0 66978 26 0.011041641235351562
decode: 26 0 67004 26 0.010980367660522461
decode: 26 0 67030 26 0.011002540588378906
decode: 26 0 67056 26 0.010982990264892578
decode: 26 0 67082 26 0.010955095291137695
decode: 26 0 67108 26 0.010989904403686523
decode: 26 0 67134 26 0.01093912124633789
decode: 26 0 67160 26 0.010964393615722656
decode: 26 0 67186 26 0.011031150817871094
decode: 26 0 67212 26 0.01099848747253418
decode: 26 0 67238 26 0.011033058166503906
decode: 26 0 67264 26 0.010960578918457031
decode: 26 0 67290 26 0.011037826538085938
extend: 0 1 0 4282 0.11183619499206543
decode: 25 0 67286 25 0.011640548706054688
decode: 25 0 67311 25 0.01136922836303711
decode: 25 0 67336 25 0.011294364929199219
decode: 25 0 67361 25 0.011255741119384766
decode: 25 0 67386 25 0.011137962341308594
decode: 25 0 67411 25 0.011080026626586914
decode: 25 0 67436 25 0.011024713516235352
decode: 25 0 67461 25 0.011062383651733398
extend: 0 2 0 3930 0.0951838493347168
decode: 25 0 66889 25 0.011989593505859375
extend: 0 1 0 833 0.027585506439208984
decode: 25 0 67296 25 0.011231184005737305
decode: 25 0 67321 25 0.011217117309570312
decode: 25 0 67346 25 0.011073827743530273
decode: 25 0 67371 25 0.011081695556640625
decode: 25 0 67396 25 0.011068105697631836
decode: 25 0 67421 25 0.011053323745727539
extend: 0 1 0 3970 0.09986162185668945
decode: 24 0 67089 24 0.011425495147705078
decode: 24 0 67113 24 0.010952472686767578
decode: 24 0 67137 24 0.010792970657348633
decode: 24 0 67161 24 0.010791301727294922
decode: 24 0 67185 24 0.010759830474853516
decode: 24 0 67209 24 0.010736703872680664
decode: 24 0 67233 24 0.010735511779785156
decode: 24 0 67257 24 0.01067972183227539
decode: 24 0 67281 24 0.010744094848632812
extend: 0 3 0 5379 0.1310882568359375
extend: 0 1 0 1365 0.03595471382141113
decode: 24 0 67363 24 0.011309385299682617
decode: 24 0 67387 24 0.01108860969543457
decode: 24 0 67411 24 0.010844707489013672
decode: 24 0 67435 24 0.010798454284667969
decode: 24 0 67459 24 0.01079702377319336
extend: 0 1 0 559 0.018559932708740234
decode: 24 0 67585 24 0.010668516159057617
decode: 24 0 67609 24 0.01066899299621582
decode: 24 0 67633 24 0.010727167129516602
decode: 24 0 67657 24 0.01065516471862793
decode: 24 0 67681 24 0.010657787322998047
decode: 24 0 67705 24 0.010724782943725586
decode: 24 0 67729 24 0.010667085647583008
extend: 0 3 0 8347 0.2011716365814209
extend: 0 2 0 4742 0.12088489532470703
decode: 23 0 67822 23 0.011490345001220703
decode: 23 0 67845 23 0.011154413223266602
decode: 23 0 67868 23 0.010900735855102539
decode: 23 0 67891 23 0.010774612426757812
decode: 23 0 67914 23 0.010755538940429688
decode: 23 0 67937 23 0.010687112808227539
decode: 23 0 67960 23 0.01072239875793457
decode: 23 0 67983 23 0.01065516471862793
decode: 23 0 68006 23 0.010665655136108398
extend: 0 1 0 807 0.02396845817565918
decode: 23 0 67586 23 0.010689258575439453
decode: 23 0 67609 23 0.010732889175415039
decode: 23 0 67632 23 0.010736465454101562
decode: 23 0 67655 23 0.010728120803833008
decode: 23 0 67678 23 0.010743379592895508
decode: 23 0 67701 23 0.010673284530639648
decode: 23 0 67724 23 0.010720014572143555
extend: 0 2 0 5629 0.1367049217224121
decode: 22 0 67479 22 0.011292695999145508
decode: 22 0 67501 22 0.011118173599243164
decode: 22 0 67523 22 0.010896921157836914
decode: 22 0 67545 22 0.010783672332763672
decode: 22 0 67567 22 0.010737419128417969
decode: 22 0 67589 22 0.010773658752441406
decode: 22 0 67611 22 0.010763883590698242
decode: 22 0 67633 22 0.01076197624206543
extend: 0 2 0 3978 0.09732174873352051
decode: 23 0 67630 23 0.011485099792480469
extend: 0 1 0 4005 0.10082077980041504
decode: 22 0 67677 22 0.011600494384765625
decode: 22 0 67699 22 0.01107335090637207
decode: 22 0 67721 22 0.010904073715209961
decode: 22 0 67743 22 0.01085662841796875
decode: 22 0 67765 22 0.01080179214477539
decode: 22 0 67787 22 0.01077890396118164
decode: 22 0 67809 22 0.010733366012573242
decode: 22 0 67831 22 0.010774612426757812
extend: 0 1 0 3520 0.08794236183166504
decode: 22 0 67360 22 0.01131439208984375
extend: 0 1 0 463 0.015588760375976562
decode: 23 0 67846 23 0.010835409164428711
decode: 23 0 67869 23 0.010749578475952148
decode: 23 0 67892 23 0.010736942291259766
decode: 23 0 67915 23 0.010701417922973633
decode: 23 0 67938 23 0.010715484619140625
decode: 23 0 67961 23 0.010762691497802734
decode: 23 0 67984 23 0.010767698287963867
extend: 0 1 0 4014 0.09997224807739258
decode: 22 0 68022 22 0.01109004020690918
decode: 22 0 68044 22 0.011014938354492188
decode: 22 0 68066 22 0.010879278182983398
decode: 22 0 68088 22 0.010813474655151367
decode: 22 0 68110 22 0.01078653335571289
decode: 22 0 68132 22 0.010786771774291992
decode: 22 0 68154 22 0.010707378387451172
decode: 22 0 68176 22 0.010697603225708008
decode: 22 0 68198 22 0.010681867599487305
extend: 0 1 0 3529 0.08862519264221191
decode: 21 0 67886 21 0.011572837829589844
decode: 21 0 67907 21 0.011219263076782227
decode: 21 0 67928 21 0.011132955551147461
decode: 21 0 67949 21 0.010848045349121094
decode: 21 0 67970 21 0.010770797729492188
decode: 21 0 67991 21 0.010750770568847656
decode: 21 0 68012 21 0.010755300521850586
decode: 21 0 68033 21 0.01078033447265625
decode: 21 0 68054 21 0.010733842849731445
decode: 21 0 68075 21 0.010799646377563477
extend: 0 1 0 873 0.024366140365600586
decode: 21 0 67532 21 0.01074361801147461
decode: 21 0 67553 21 0.010766267776489258
decode: 21 0 67574 21 0.010695934295654297
decode: 21 0 67595 21 0.010732650756835938
decode: 21 0 67616 21 0.010751962661743164
decode: 21 0 67637 21 0.010686159133911133
decode: 21 0 67658 21 0.010758161544799805
decode: 21 0 67679 21 0.010691404342651367
decode: 21 0 67700 21 0.010692834854125977
decode: 21 0 67721 21 0.010737180709838867
decode: 20 0 64221 20 0.010599851608276367
extend: 0 2 0 2760 0.06537652015686035
extend: 0 1 0 1438 0.038681745529174805
decode: 22 0 67557 22 0.011007308959960938
decode: 22 0 67579 22 0.011014699935913086
decode: 22 0 67601 22 0.010815858840942383
decode: 22 0 67623 22 0.010827064514160156
decode: 22 0 67645 22 0.01074075698852539
decode: 22 0 67667 22 0.010741949081420898
decode: 22 0 67689 22 0.010768651962280273
decode: 22 0 67711 22 0.010737180709838867
decode: 22 0 67733 22 0.010676860809326172
decode: 22 0 67755 22 0.010709762573242188
decode: 22 0 67777 22 0.010660886764526367
decode: 22 0 67799 22 0.010674476623535156
decode: 22 0 67821 22 0.010651826858520508
decode: 22 0 67843 22 0.010696172714233398
extend: 0 1 0 885 0.02430582046508789
decode: 22 0 67298 22 0.010758399963378906
decode: 22 0 67320 22 0.010752677917480469
decode: 22 0 67342 22 0.01069784164428711
decode: 22 0 67364 22 0.01074671745300293
decode: 22 0 67386 22 0.010698795318603516
decode: 22 0 67408 22 0.010739326477050781
decode: 22 0 67430 22 0.010751962661743164
decode: 22 0 67452 22 0.010769844055175781
decode: 22 0 67474 22 0.010711431503295898
decode: 22 0 67496 22 0.010657787322998047
decode: 22 0 67518 22 0.010714054107666016
decode: 22 0 67540 22 0.010692596435546875
decode: 22 0 67562 22 0.010642766952514648
decode: 22 0 67584 22 0.010628223419189453
decode: 22 0 67606 22 0.010706424713134766
decode: 22 0 67628 22 0.010610342025756836
extend: 0 1 0 840 0.02490997314453125
decode: 22 0 67589 22 0.0107269287109375
decode: 22 0 67611 22 0.010787487030029297
decode: 22 0 67633 22 0.01073908805847168
decode: 22 0 67655 22 0.010733604431152344
decode: 22 0 67677 22 0.0107879638671875
decode: 22 0 67699 22 0.010759353637695312
decode: 22 0 67721 22 0.010816335678100586
decode: 22 0 67743 22 0.010787248611450195
decode: 22 0 67765 22 0.01080179214477539
decode: 22 0 67787 22 0.010807037353515625
decode: 22 0 67809 22 0.010747432708740234
decode: 22 0 67831 22 0.010736465454101562
decode: 22 0 67853 22 0.010746955871582031
decode: 22 0 67875 22 0.010745048522949219
decode: 22 0 67897 22 0.010802268981933594
decode: 21 0 67376 21 0.010698080062866211
decode: 21 0 67397 21 0.010684490203857422
decode: 21 0 67418 21 0.010683298110961914
decode: 21 0 67439 21 0.01073598861694336
decode: 21 0 67460 21 0.01074075698852539
decode: 21 0 67481 21 0.010677337646484375
decode: 21 0 67502 21 0.010669708251953125
decode: 21 0 67523 21 0.010694026947021484
decode: 21 0 67544 21 0.010667800903320312
extend: 0 2 0 1110 0.02948594093322754
decode: 22 0 67812 22 0.01113438606262207
decode: 21 0 65112 21 0.010891437530517578
decode: 21 0 65133 21 0.010872840881347656
decode: 21 0 65154 21 0.010862350463867188
decode: 21 0 65175 21 0.010788679122924805
decode: 21 0 65196 21 0.010763883590698242
extend: 0 1 0 2991 0.07351255416870117
decode: 21 0 67659 21 0.011444330215454102
decode: 21 0 67680 21 0.011270761489868164
decode: 21 0 67701 21 0.010895729064941406
decode: 21 0 67722 21 0.010813474655151367
decode: 21 0 67743 21 0.010846614837646484
decode: 21 0 67764 21 0.010801076889038086
decode: 21 0 67785 21 0.010787725448608398
decode: 21 0 67806 21 0.01078653335571289
decode: 21 0 67827 21 0.01080322265625
decode: 21 0 67848 21 0.010741472244262695
decode: 21 0 67869 21 0.010777950286865234
decode: 21 0 67890 21 0.010812520980834961
decode: 21 0 67911 21 0.010812520980834961
decode: 21 0 67932 21 0.010804891586303711
decode: 21 0 67953 21 0.010790109634399414
decode: 21 0 67974 21 0.010747432708740234
decode: 21 0 67995 21 0.010729551315307617
decode: 21 0 68016 21 0.010746240615844727
decode: 21 0 68037 21 0.01077890396118164
decode: 21 0 68058 21 0.010732412338256836
extend: 0 1 0 1632 0.04141807556152344
decode: 21 0 66700 21 0.011117935180664062
decode: 21 0 66721 21 0.011044025421142578
decode: 21 0 66742 21 0.01096200942993164
decode: 21 0 66763 21 0.010860919952392578
decode: 21 0 66784 21 0.010888814926147461
extend: 0 1 0 865 0.024123191833496094
decode: 22 0 67671 22 0.010779857635498047
decode: 22 0 67693 22 0.010731220245361328
decode: 22 0 67715 22 0.010767698287963867
decode: 22 0 67737 22 0.010790824890136719
decode: 22 0 67759 22 0.010768651962280273
decode: 22 0 67781 22 0.0107269287109375
decode: 22 0 67803 22 0.010796070098876953
extend: 0 1 0 550 0.01868915557861328
decode: 22 0 67503 22 0.01081228256225586
decode: 22 0 67525 22 0.010817527770996094
decode: 22 0 67547 22 0.010814189910888672
decode: 22 0 67569 22 0.010824441909790039
decode: 22 0 67591 22 0.010814189910888672
decode: 22 0 67613 22 0.010798454284667969
decode: 22 0 67635 22 0.010758399963378906
decode: 21 0 66634 21 0.01080465316772461
decode: 21 0 66655 21 0.010796308517456055
decode: 21 0 66676 21 0.010819196701049805
decode: 21 0 66697 21 0.010700702667236328
decode: 21 0 66718 21 0.010682821273803711
decode: 21 0 66739 21 0.010756969451904297
decode: 21 0 66760 21 0.010739803314208984
decode: 21 0 66781 21 0.010750055313110352
decode: 21 0 66802 21 0.01067495346069336
extend: 0 1 0 1453 0.037282466888427734
decode: 21 0 67710 21 0.01101541519165039
decode: 21 0 67731 21 0.010977983474731445
decode: 21 0 67752 21 0.01090860366821289
decode: 21 0 67773 21 0.01081085205078125
decode: 21 0 67794 21 0.010823726654052734
decode: 21 0 67815 21 0.010811567306518555
decode: 21 0 67836 21 0.010750532150268555
decode: 21 0 67857 21 0.010761260986328125
decode: 21 0 67878 21 0.010772705078125
decode: 21 0 67899 21 0.01085662841796875
decode: 21 0 67920 21 0.010835409164428711
decode: 21 0 67941 21 0.010825157165527344
decode: 21 0 67962 21 0.010845661163330078
decode: 21 0 67983 21 0.010796785354614258
extend: 0 1 0 873 0.024346590042114258
decode: 21 0 67203 21 0.0107574462890625
decode: 21 0 67224 21 0.01076054573059082
decode: 21 0 67245 21 0.010809898376464844
decode: 21 0 67266 21 0.010745763778686523
decode: 21 0 67287 21 0.010807037353515625
decode: 21 0 67308 21 0.010738849639892578
extend: 0 1 0 1675 0.04230856895446777
decode: 20 0 67483 20 0.011085271835327148
decode: 20 0 67503 20 0.011067390441894531
decode: 20 0 67523 20 0.01094675064086914
decode: 20 0 67543 20 0.010854005813598633
decode: 20 0 67563 20 0.010778188705444336
extend: 0 1 0 1749 0.042501211166381836
decode: 20 0 67652 20 0.010795354843139648
decode: 20 0 67672 20 0.01084280014038086
decode: 20 0 67692 20 0.011165142059326172
decode: 20 0 67712 20 0.010947227478027344
decode: 20 0 67732 20 0.010967016220092773
decode: 20 0 67752 20 0.010807275772094727
decode: 20 0 67772 20 0.01080775260925293
decode: 20 0 67792 20 0.01078939437866211
decode: 20 0 67812 20 0.01076817512512207
decode: 20 0 67832 20 0.01076054573059082
decode: 20 0 67852 20 0.010721921920776367
decode: 20 0 67872 20 0.010730504989624023
decode: 20 0 67892 20 0.010786294937133789
decode: 20 0 67912 20 0.010730743408203125
decode: 20 0 67932 20 0.010795831680297852
decode: 20 0 67952 20 0.010793447494506836
decode: 20 0 67972 20 0.010775089263916016
decode: 20 0 67992 20 0.010802507400512695
decode: 20 0 68012 20 0.010784626007080078
decode: 20 0 68032 20 0.010863304138183594
decode: 20 0 68052 20 0.010798931121826172
decode: 20 0 68072 20 0.010829448699951172
decode: 20 0 68092 20 0.01079869270324707
extend: 0 1 0 3012 0.07384300231933594
decode: 19 0 68119 19 0.011527776718139648
decode: 19 0 68138 19 0.01152944564819336
extend: 0 1 0 1504 0.0373380184173584
decode: 19 0 66647 19 0.011135101318359375
decode: 19 0 66666 19 0.011264562606811523
decode: 19 0 66685 19 0.011129140853881836
decode: 19 0 66704 19 0.01085972785949707
decode: 19 0 66723 19 0.010874271392822266
extend: 0 2 0 4517 0.10859251022338867
extend: 0 1 0 1566 0.044207096099853516
decode: 19 0 66725 19 0.011316537857055664
decode: 19 0 66744 19 0.01108407974243164
decode: 19 0 66763 19 0.010992765426635742
decode: 19 0 66782 19 0.010824441909790039
decode: 19 0 66801 19 0.010826587677001953
extend: 0 1 0 642 0.021738052368164062
decode: 20 0 67463 20 0.010837078094482422
decode: 20 0 67483 20 0.010830402374267578
decode: 20 0 67503 20 0.010808467864990234
decode: 20 0 67523 20 0.010792016983032227
decode: 20 0 67543 20 0.01078033447265625
decode: 20 0 67563 20 0.01079559326171875
decode: 20 0 67583 20 0.010832071304321289
extend: 0 1 0 880 0.024302244186401367
decode: 20 0 67834 20 0.010867834091186523
decode: 20 0 67854 20 0.010870218276977539
decode: 20 0 67874 20 0.010822296142578125
decode: 20 0 67894 20 0.010814428329467773
decode: 20 0 67914 20 0.010808229446411133
decode: 20 0 67934 20 0.010816812515258789
extend: 0 1 0 1577 0.04086589813232422
decode: 20 0 68011 20 0.01114797592163086
decode: 20 0 68031 20 0.011181831359863281
decode: 20 0 68051 20 0.011144638061523438
decode: 20 0 68071 20 0.010921955108642578
decode: 20 0 68091 20 0.01088571548461914
extend: 0 1 0 1521 0.03716874122619629
decode: 20 0 68050 20 0.011162042617797852
decode: 20 0 68070 20 0.011122703552246094
decode: 20 0 68090 20 0.010982036590576172
decode: 20 0 68110 20 0.010925054550170898
decode: 20 0 68130 20 0.01087808609008789
decode: 20 0 68150 20 0.010882377624511719
decode: 20 0 68170 20 0.010825872421264648
decode: 20 0 68190 20 0.010853290557861328
decode: 20 0 68210 20 0.010858774185180664
decode: 20 0 68230 20 0.010898113250732422
decode: 20 0 68250 20 0.010804176330566406
decode: 20 0 68270 20 0.01083993911743164
decode: 20 0 68290 20 0.010850191116333008
decode: 20 0 68310 20 0.010807991027832031
extend: 0 1 0 650 0.021918773651123047
decode: 20 0 67445 20 0.010843753814697266
decode: 20 0 67465 20 0.010845661163330078
decode: 20 0 67485 20 0.010795116424560547
decode: 20 0 67505 20 0.010838031768798828
decode: 20 0 67525 20 0.010837078094482422
decode: 20 0 67545 20 0.01078176498413086
decode: 20 0 67565 20 0.010872125625610352
extend: 0 1 0 902 0.025293827056884766
decode: 20 0 67830 20 0.010924816131591797
decode: 20 0 67850 20 0.010905742645263672
decode: 20 0 67870 20 0.010898351669311523
decode: 20 0 67890 20 0.010812520980834961
decode: 20 0 67910 20 0.010823249816894531
decode: 20 0 67930 20 0.01085209846496582
extend: 0 1 0 683 0.02204751968383789
decode: 20 0 67725 20 0.010888814926147461
decode: 20 0 67745 20 0.010880708694458008
decode: 20 0 67765 20 0.01088261604309082
decode: 20 0 67785 20 0.010834217071533203
decode: 20 0 67805 20 0.010837316513061523
decode: 20 0 67825 20 0.010860204696655273
decode: 20 0 67845 20 0.010879278182983398
decode: 20 0 67865 20 0.010812044143676758
decode: 20 0 67885 20 0.010876893997192383
decode: 19 0 64343 19 0.010583877563476562
extend: 0 1 0 1346 0.03527569770812988
decode: 20 0 65709 20 0.011012554168701172
decode: 20 0 65729 20 0.010937690734863281
extend: 0 1 0 1510 0.037125587463378906
decode: 21 0 67260 21 0.011034011840820312
decode: 21 0 67281 21 0.010980606079101562
decode: 21 0 67302 21 0.01097416877746582
decode: 21 0 67323 21 0.010885238647460938
decode: 21 0 67344 21 0.010898351669311523
extend: 0 1 0 1681 0.04203677177429199
decode: 21 0 67531 21 0.010822057723999023
decode: 21 0 67552 21 0.01109766960144043
decode: 21 0 67573 21 0.010967493057250977
decode: 21 0 67594 21 0.01090860366821289
decode: 21 0 67615 21 0.010887861251831055
decode: 21 0 67636 21 0.010827779769897461
decode: 21 0 67657 21 0.010875463485717773
decode: 21 0 67678 21 0.010837316513061523
decode: 21 0 67699 21 0.010865449905395508
decode: 21 0 67720 21 0.010839700698852539
decode: 21 0 67741 21 0.010874032974243164
decode: 21 0 67762 21 0.010783672332763672
decode: 21 0 67783 21 0.010857820510864258
decode: 21 0 67804 21 0.010811805725097656
decode: 21 0 67825 21 0.010888814926147461
decode: 21 0 67846 21 0.010875225067138672
decode: 21 0 67867 21 0.010824441909790039
decode: 21 0 67888 21 0.010864496231079102
decode: 21 0 67909 21 0.010819435119628906
decode: 21 0 67930 21 0.010854959487915039
decode: 21 0 67951 21 0.010871410369873047
decode: 21 0 67972 21 0.010812759399414062
extend: 0 1 0 909 0.025484800338745117
decode: 21 0 67945 21 0.010864496231079102
decode: 21 0 67966 21 0.010880708694458008
decode: 21 0 67987 21 0.010771036148071289
decode: 21 0 68008 21 0.010810136795043945
decode: 21 0 68029 21 0.010828733444213867
decode: 21 0 68050 21 0.010801553726196289
extend: 0 1 0 658 0.0216217041015625
decode: 21 0 67814 21 0.010761737823486328
decode: 21 0 67835 21 0.010799884796142578
decode: 21 0 67856 21 0.01079416275024414
decode: 21 0 67877 21 0.010811805725097656
decode: 21 0 67898 21 0.010816097259521484
decode: 21 0 67919 21 0.010815858840942383
decode: 21 0 67940 21 0.010771512985229492
decode: 21 0 67961 21 0.010744571685791016
decode: 21 0 67982 21 0.010798454284667969
decode: 21 0 68003 21 0.01074528694152832
decode: 21 0 68024 21 0.010811090469360352
decode: 21 0 68045 21 0.01079416275024414
decode: 21 0 68066 21 0.010845422744750977
decode: 21 0 68087 21 0.010861396789550781
decode: 20 0 62956 20 0.010493993759155273
extend: 0 1 0 1291 0.036437273025512695
extend: 0 3 0 4035 0.09527301788330078
decode: 23 0 67632 23 0.011537790298461914
extend: 0 3 0 5696 0.13653779029846191
extend: 0 2 0 2259 0.05628538131713867
decode: 22 0 67420 22 0.01154327392578125
decode: 22 0 67442 22 0.01124429702758789
decode: 22 0 67464 22 0.011074304580688477
decode: 22 0 67486 22 0.01103830337524414
extend: 0 1 0 1678 0.04250192642211914
decode: 22 0 67597 22 0.011033058166503906
decode: 22 0 67619 22 0.010932683944702148
decode: 22 0 67641 22 0.010905027389526367
decode: 22 0 67663 22 0.010784387588500977
decode: 22 0 67685 22 0.010787487030029297
extend: 0 2 0 2210 0.052968740463256836
decode: 22 0 67551 22 0.011069059371948242
decode: 22 0 67573 22 0.010982275009155273
decode: 22 0 67595 22 0.01086115837097168
decode: 22 0 67617 22 0.010855913162231445
decode: 22 0 67639 22 0.010741949081420898
decode: 22 0 67661 22 0.010724544525146484
decode: 22 0 67683 22 0.010677576065063477
decode: 22 0 67705 22 0.010730504989624023
decode: 22 0 67727 22 0.010699748992919922
decode: 22 0 67749 22 0.01073312759399414
decode: 22 0 67771 22 0.010733842849731445
decode: 22 0 67793 22 0.010770559310913086
decode: 22 0 67815 22 0.010723590850830078
decode: 22 0 67837 22 0.01070404052734375
decode: 22 0 67859 22 0.0107574462890625
decode: 22 0 67881 22 0.010701656341552734
decode: 22 0 67903 22 0.01073908805847168
decode: 22 0 67925 22 0.010727882385253906
decode: 22 0 67947 22 0.01071619987487793
decode: 22 0 67969 22 0.01069021224975586
decode: 22 0 67991 22 0.01073598861694336
decode: 22 0 68013 22 0.010735511779785156
extend: 0 1 0 1517 0.0374302864074707
decode: 22 0 67796 22 0.01094508171081543
decode: 22 0 67818 22 0.010898351669311523
decode: 22 0 67840 22 0.010868549346923828
decode: 22 0 67862 22 0.01078343391418457
decode: 22 0 67884 22 0.010752201080322266
extend: 0 2 0 2368 0.05841970443725586
decode: 22 0 67766 22 0.011345148086547852
decode: 22 0 67788 22 0.01122736930847168
decode: 22 0 67810 22 0.010957717895507812
decode: 22 0 67832 22 0.010876893997192383
extend: 0 1 0 1757 0.04312276840209961
decode: 22 0 67923 22 0.010865926742553711
decode: 22 0 67945 22 0.010923147201538086
decode: 22 0 67967 22 0.010853767395019531
decode: 22 0 67989 22 0.010836124420166016
decode: 22 0 68011 22 0.010790824890136719
extend: 0 1 0 1590 0.04057192802429199
decode: 22 0 67861 22 0.010962247848510742
decode: 22 0 67883 22 0.01095438003540039
decode: 22 0 67905 22 0.010851383209228516
decode: 22 0 67927 22 0.01078033447265625
decode: 22 0 67949 22 0.010777711868286133
extend: 0 2 0 2147 0.0519261360168457
decode: 22 0 67825 22 0.011283397674560547
decode: 22 0 67847 22 0.010989904403686523
decode: 22 0 67869 22 0.010916471481323242
decode: 22 0 67891 22 0.010709047317504883
extend: 0 1 0 1523 0.037290334701538086
decode: 22 0 67743 22 0.011117219924926758
decode: 22 0 67765 22 0.010822534561157227
decode: 22 0 67787 22 0.010755300521850586
decode: 22 0 67809 22 0.010711193084716797
decode: 22 0 67831 22 0.01075887680053711
extend: 0 1 0 987 0.025433778762817383
decode: 22 0 67312 22 0.010617256164550781
decode: 22 0 67334 22 0.010605812072753906
decode: 22 0 67356 22 0.010660171508789062
decode: 22 0 67378 22 0.01064920425415039
decode: 22 0 67400 22 0.010661840438842773
decode: 22 0 67422 22 0.010643959045410156
decode: 22 0 67444 22 0.010628938674926758
decode: 22 0 67466 22 0.010679960250854492
decode: 22 0 67488 22 0.010716438293457031
decode: 22 0 67510 22 0.010721683502197266
decode: 22 0 67532 22 0.010701656341552734
decode: 22 0 67554 22 0.01068258285522461
decode: 22 0 67576 22 0.010671615600585938
decode: 22 0 67598 22 0.010729312896728516
decode: 22 0 67620 22 0.010720968246459961
decode: 22 0 67642 22 0.010693073272705078
decode: 22 0 67664 22 0.010721445083618164
decode: 22 0 67686 22 0.010725259780883789
decode: 22 0 67708 22 0.010696887969970703
decode: 22 0 67730 22 0.010610818862915039
decode: 22 0 67752 22 0.010684013366699219
decode: 22 0 67774 22 0.010684013366699219
decode: 22 0 67796 22 0.010685920715332031
decode: 22 0 67818 22 0.010639667510986328
extend: 0 1 0 1763 0.043096065521240234
decode: 21 0 67764 21 0.010984420776367188
decode: 21 0 67785 21 0.010827779769897461
decode: 21 0 67806 21 0.010834932327270508
decode: 21 0 67827 21 0.010728836059570312
decode: 21 0 67848 21 0.01074981689453125
extend: 0 1 0 1694 0.04247260093688965
decode: 21 0 67795 21 0.010995626449584961
decode: 21 0 67816 21 0.010861635208129883
decode: 21 0 67837 21 0.01082754135131836
decode: 21 0 67858 21 0.010848760604858398
decode: 21 0 67879 21 0.010837316513061523
extend: 0 1 0 1769 0.04260849952697754
decode: 21 0 67970 21 0.011004447937011719
decode: 21 0 67991 21 0.010944128036499023
decode: 21 0 68012 21 0.01093602180480957
decode: 21 0 68033 21 0.010882377624511719
decode: 21 0 68054 21 0.010806560516357422
extend: 0 1 0 828 0.024004459381103516
decode: 21 0 67129 21 0.01070857048034668
decode: 21 0 67150 21 0.01071619987487793
decode: 21 0 67171 21 0.010703086853027344
decode: 21 0 67192 21 0.010713338851928711
decode: 21 0 67213 21 0.010661840438842773
decode: 21 0 67234 21 0.010692596435546875
extend: 0 1 0 1596 0.040616512298583984
decode: 21 0 68017 21 0.010988950729370117
decode: 21 0 68038 21 0.011119842529296875
decode: 21 0 68059 21 0.010944366455078125
decode: 21 0 68080 21 0.010811090469360352
decode: 21 0 68101 21 0.010839462280273438
decode: 21 0 68122 21 0.010798931121826172
decode: 21 0 68143 21 0.010759830474853516
decode: 21 0 68164 21 0.010745525360107422
decode: 21 0 68185 21 0.010776519775390625
decode: 21 0 68206 21 0.010802745819091797
decode: 21 0 68227 21 0.010810375213623047
decode: 21 0 68248 21 0.01073598861694336
decode: 20 0 63932 20 0.010579109191894531
extend: 0 1 0 2743 0.06890320777893066
extend: 0 2 0 2712 0.06461572647094727
decode: 22 0 67800 22 0.011497974395751953
decode: 22 0 67822 22 0.011206626892089844
decode: 22 0 67844 22 0.011033058166503906
extend: 0 2 0 2610 0.0616602897644043
decode: 22 0 67758 22 0.011447668075561523
decode: 22 0 67780 22 0.011363029479980469
decode: 22 0 67802 22 0.010971307754516602
extend: 0 2 0 2626 0.06256580352783203
decode: 22 0 67834 22 0.011577129364013672
decode: 22 0 67856 22 0.011199712753295898
decode: 22 0 67878 22 0.011083364486694336
extend: 0 2 0 2543 0.0606846809387207
decode: 22 0 67811 22 0.011408090591430664
decode: 22 0 67833 22 0.011426925659179688
decode: 22 0 67855 22 0.011011362075805664
extend: 0 2 0 2594 0.0626671314239502
decode: 22 0 67922 22 0.011385440826416016
decode: 22 0 67944 22 0.011356353759765625
decode: 22 0 67966 22 0.011288881301879883
extend: 0 1 0 1529 0.03734636306762695
decode: 22 0 67735 22 0.011008262634277344
decode: 22 0 67757 22 0.010918140411376953
decode: 22 0 67779 22 0.010834693908691406
decode: 22 0 67801 22 0.010746240615844727
decode: 22 0 67823 22 0.01068115234375
decode: 22 0 67845 22 0.010667085647583008
decode: 22 0 67867 22 0.010710477828979492
decode: 22 0 67889 22 0.01076507568359375
decode: 22 0 67911 22 0.010776281356811523
decode: 22 0 67933 22 0.010751724243164062
decode: 22 0 67955 22 0.010744094848632812
decode: 22 0 67977 22 0.01078176498413086
decode: 22 0 67999 22 0.01076507568359375
decode: 22 0 68021 22 0.010746240615844727
extend: 0 1 0 1020 0.02617931365966797
decode: 22 0 67520 22 0.010938644409179688
decode: 22 0 67542 22 0.010910749435424805
decode: 22 0 67564 22 0.01080942153930664
decode: 22 0 67586 22 0.01082611083984375
decode: 22 0 67608 22 0.010767221450805664
decode: 22 0 67630 22 0.010730504989624023
decode: 22 0 67652 22 0.01077580451965332
decode: 22 0 67674 22 0.010796785354614258
decode: 22 0 67696 22 0.010802984237670898
decode: 22 0 67718 22 0.01078653335571289
decode: 22 0 67740 22 0.010734796524047852
decode: 22 0 67762 22 0.010842561721801758
decode: 22 0 67784 22 0.010801553726196289
decode: 22 0 67806 22 0.010794401168823242
decode: 22 0 67828 22 0.010810375213623047
decode: 22 0 67850 22 0.01080942153930664
decode: 22 0 67872 22 0.010805368423461914
decode: 22 0 67894 22 0.010757207870483398
decode: 22 0 67916 22 0.010761737823486328
decode: 22 0 67938 22 0.010751724243164062
decode: 22 0 67960 22 0.010787487030029297
decode: 22 0 67982 22 0.01076960563659668
decode: 22 0 68004 22 0.010741233825683594
decode: 22 0 68026 22 0.010809183120727539
extend: 0 1 0 843 0.024103879928588867
decode: 22 0 67847 22 0.010791540145874023
decode: 22 0 67869 22 0.01074361801147461
decode: 22 0 67891 22 0.010747909545898438
decode: 22 0 67913 22 0.010732412338256836
decode: 22 0 67935 22 0.010717391967773438
decode: 22 0 67957 22 0.010742425918579102
decode: 22 0 67979 22 0.010744333267211914
extend: 0 1 0 699 0.021798372268676758
decode: 22 0 67850 22 0.01074075698852539
decode: 22 0 67872 22 0.010767221450805664
decode: 22 0 67894 22 0.010751724243164062
decode: 21 0 66493 21 0.010698080062866211
decode: 21 0 66514 21 0.010663032531738281
decode: 21 0 66535 21 0.010710000991821289
decode: 21 0 66556 21 0.01062464714050293
extend: 0 1 0 1045 0.029506444931030273
decode: 22 0 67623 22 0.011023998260498047
decode: 22 0 67645 22 0.01093745231628418
decode: 22 0 67667 22 0.010888814926147461
decode: 22 0 67689 22 0.010802984237670898
decode: 22 0 67711 22 0.010835409164428711
decode: 22 0 67733 22 0.010811090469360352
decode: 22 0 67755 22 0.010746240615844727
decode: 22 0 67777 22 0.010753393173217773
decode: 22 0 67799 22 0.010734796524047852
decode: 22 0 67821 22 0.010737180709838867
decode: 22 0 67843 22 0.010770559310913086
decode: 22 0 67865 22 0.010773181915283203
decode: 22 0 67887 22 0.010736942291259766
decode: 22 0 67909 22 0.010770559310913086
decode: 22 0 67931 22 0.010796785354614258
extend: 0 2 0 4229 0.10289216041564941
decode: 21 0 68034 21 0.01149606704711914
decode: 21 0 68055 21 0.011082649230957031
decode: 21 0 68076 21 0.010943174362182617
decode: 21 0 68097 21 0.010864019393920898
decode: 21 0 68118 21 0.010789155960083008
decode: 21 0 68139 21 0.010755538940429688
decode: 21 0 68160 21 0.010815858840942383
decode: 21 0 68181 21 0.010795831680297852
decode: 21 0 68202 21 0.010814905166625977
decode: 21 0 68223 21 0.010814666748046875
decode: 21 0 68244 21 0.010742664337158203
decode: 21 0 68265 21 0.010788679122924805
decode: 21 0 68286 21 0.010728597640991211
decode: 21 0 68307 21 0.010781288146972656
decode: 21 0 68328 21 0.010779857635498047
decode: 21 0 68349 21 0.010750770568847656
decode: 21 0 68370 21 0.010738372802734375
extend: 0 1 0 567 0.018825054168701172
decode: 21 0 68090 21 0.010753393173217773
decode: 21 0 68111 21 0.010783910751342773
decode: 21 0 68132 21 0.010791778564453125
decode: 21 0 68153 21 0.010857582092285156
decode: 21 0 68174 21 0.010793924331665039
decode: 21 0 68195 21 0.010829925537109375
decode: 21 0 68216 21 0.010823249816894531
decode: 21 0 68237 21 0.01079702377319336
decode: 21 0 68258 21 0.01084136962890625
decode: 21 0 68279 21 0.010810136795043945
decode: 21 0 68300 21 0.010818719863891602
decode: 20 0 66203 20 0.010711431503295898
decode: 20 0 66223 20 0.010672569274902344
decode: 20 0 66243 20 0.010720014572143555
decode: 20 0 66263 20 0.010705709457397461
decode: 20 0 66283 20 0.010618925094604492
extend: 0 1 0 1544 0.04053139686584473
decode: 21 0 67848 21 0.011189460754394531
decode: 21 0 67869 21 0.01094365119934082
decode: 21 0 67890 21 0.010880708694458008
decode: 21 0 67911 21 0.01080179214477539
decode: 21 0 67932 21 0.010819673538208008
extend: 0 1 0 1492 0.037194252014160156
decode: 21 0 67896 21 0.011146068572998047
decode: 21 0 67917 21 0.010993719100952148
decode: 21 0 67938 21 0.010905981063842773
decode: 21 0 67959 21 0.010839223861694336
decode: 21 0 67980 21 0.010841846466064453
extend: 0 1 0 1597 0.04076695442199707
decode: 21 0 68101 21 0.01088857650756836
decode: 21 0 68122 21 0.01104879379272461
decode: 21 0 68143 21 0.01092386245727539
decode: 21 0 68164 21 0.010816097259521484
decode: 21 0 68185 21 0.010807991027832031
extend: 0 1 0 1550 0.040738821029663086
decode: 21 0 68154 21 0.011182308197021484
decode: 21 0 68175 21 0.011191844940185547
decode: 21 0 68196 21 0.01111602783203125
decode: 21 0 68217 21 0.010892152786254883
decode: 21 0 68238 21 0.010850191116333008
extend: 0 1 0 1498 0.03712630271911621
decode: 21 0 68202 21 0.011322736740112305
decode: 21 0 68223 21 0.01133418083190918
decode: 21 0 68244 21 0.011007308959960938
decode: 21 0 68265 21 0.010838985443115234
decode: 21 0 68286 21 0.010866880416870117
extend: 0 1 0 1783 0.04290938377380371
decode: 20 0 67921 20 0.01074838638305664
decode: 20 0 67941 20 0.011033773422241211
decode: 20 0 67961 20 0.011154890060424805
decode: 20 0 67981 20 0.01091313362121582
decode: 20 0 68001 20 0.010959148406982422
decode: 20 0 68021 20 0.010792732238769531
decode: 20 0 68041 20 0.010793685913085938
decode: 20 0 68061 20 0.01072239875793457
decode: 20 0 68081 20 0.010773897171020508
decode: 20 0 68101 20 0.010736227035522461
decode: 20 0 68121 20 0.010784387588500977
decode: 20 0 68141 20 0.01073455810546875
decode: 20 0 68161 20 0.010740518569946289
decode: 20 0 68181 20 0.010785341262817383
decode: 20 0 68201 20 0.01074075698852539
decode: 20 0 68221 20 0.010762453079223633
decode: 20 0 68241 20 0.010831117630004883
decode: 20 0 68261 20 0.010795116424560547
decode: 20 0 68281 20 0.010807275772094727
decode: 20 0 68301 20 0.010769128799438477
decode: 20 0 68321 20 0.010805368423461914
decode: 20 0 68341 20 0.010808467864990234
decode: 20 0 68361 20 0.010807991027832031
decode: 20 0 68381 20 0.010740518569946289
decode: 20 0 68401 20 0.010776281356811523
decode: 20 0 68421 20 0.010762453079223633
decode: 20 0 68441 20 0.010783672332763672
decode: 20 0 68461 20 0.010726213455200195
decode: 20 0 68481 20 0.010759592056274414
decode: 20 0 68501 20 0.010753870010375977
decode: 20 0 68521 20 0.010740518569946289
decode: 20 0 68541 20 0.010820388793945312
extend: 0 1 0 561 0.018796682357788086
decode: 20 0 68311 20 0.010765314102172852
decode: 20 0 68331 20 0.010806560516357422
decode: 20 0 68351 20 0.010740995407104492
decode: 20 0 68371 20 0.010774374008178711
decode: 20 0 68391 20 0.010737180709838867
decode: 20 0 68411 20 0.010730981826782227
decode: 20 0 68431 20 0.010792970657348633
decode: 20 0 68451 20 0.010802268981933594
decode: 20 0 68471 20 0.010802745819091797
decode: 20 0 68491 20 0.010787725448608398
decode: 20 0 68511 20 0.01073312759399414
decode: 20 0 68531 20 0.010754823684692383
decode: 20 0 68551 20 0.010749101638793945
decode: 20 0 68571 20 0.010759830474853516
decode: 20 0 68591 20 0.010763168334960938
decode: 20 0 68611 20 0.010794878005981445
extend: 0 1 0 812 0.023983478546142578
decode: 20 0 65922 20 0.010677099227905273
decode: 20 0 65942 20 0.010729312896728516
decode: 20 0 65962 20 0.010721683502197266
decode: 20 0 65982 20 0.01074528694152832
decode: 20 0 66002 20 0.010739326477050781
decode: 20 0 66022 20 0.010725021362304688
decode: 20 0 66042 20 0.010674476623535156
extend: 0 2 0 3952 0.09547901153564453
decode: 21 0 68177 21 0.011435508728027344
decode: 21 0 68198 21 0.010973930358886719
decode: 21 0 68219 21 0.010999917984008789
decode: 21 0 68240 21 0.010857105255126953
decode: 21 0 68261 21 0.010817527770996094
decode: 21 0 68282 21 0.010788917541503906
decode: 20 0 64155 20 0.010634899139404297
decode: 20 0 64175 20 0.010675668716430664
decode: 20 0 64195 20 0.010665178298950195
extend: 0 2 0 3442 0.08153605461120605
decode: 22 0 67659 22 0.01167607307434082
decode: 22 0 67681 22 0.011414527893066406
extend: 0 1 0 1708 0.04298090934753418
decode: 22 0 67806 22 0.010834693908691406
decode: 22 0 67828 22 0.01090550422668457
decode: 22 0 67850 22 0.01085972785949707
decode: 22 0 67872 22 0.010824203491210938
decode: 22 0 67894 22 0.010850667953491211
decode: 22 0 67916 22 0.010801315307617188
decode: 22 0 67938 22 0.010764837265014648
decode: 22 0 67960 22 0.010783910751342773
decode: 22 0 67982 22 0.010783910751342773
decode: 22 0 68004 22 0.010832786560058594
decode: 22 0 68026 22 0.010807991027832031
decode: 22 0 68048 22 0.010822296142578125
decode: 22 0 68070 22 0.010758399963378906
decode: 22 0 68092 22 0.010822534561157227
decode: 22 0 68114 22 0.010772705078125
decode: 22 0 68136 22 0.010790109634399414
decode: 22 0 68158 22 0.01082611083984375
decode: 22 0 68180 22 0.01076650619506836
decode: 22 0 68202 22 0.010807037353515625
decode: 22 0 68224 22 0.010770320892333984
decode: 22 0 68246 22 0.010742902755737305
decode: 22 0 68268 22 0.010777711868286133
extend: 0 1 0 666 0.02202296257019043
decode: 22 0 68104 22 0.01076364517211914
decode: 22 0 68126 22 0.010807514190673828
decode: 22 0 68148 22 0.01072239875793457
decode: 22 0 68170 22 0.010764598846435547
decode: 22 0 68192 22 0.010768890380859375
decode: 22 0 68214 22 0.010764360427856445
decode: 22 0 68236 22 0.010784626007080078
extend: 0 1 0 471 0.015316963195800781
decode: 22 0 68056 22 0.010678291320800781
decode: 22 0 68078 22 0.010758638381958008
decode: 22 0 68100 22 0.010749340057373047
decode: 22 0 68122 22 0.010736227035522461
decode: 22 0 68144 22 0.010740280151367188
decode: 22 0 68166 22 0.010679483413696289
decode: 22 0 68188 22 0.010686397552490234
decode: 22 0 68210 22 0.010741233825683594
decode: 22 0 68232 22 0.010749340057373047
decode: 22 0 68254 22 0.010725975036621094
decode: 22 0 68276 22 0.010700225830078125
decode: 22 0 68298 22 0.010717153549194336
decode: 22 0 68320 22 0.010721921920776367
decode: 22 0 68342 22 0.010762214660644531
decode: 22 0 68364 22 0.010697364807128906
decode: 22 0 68386 22 0.010768413543701172
extend: 0 1 0 853 0.02441263198852539
decode: 22 0 68207 22 0.010794878005981445
decode: 22 0 68229 22 0.010817527770996094
decode: 22 0 68251 22 0.010781288146972656
decode: 22 0 68273 22 0.010734796524047852
decode: 22 0 68295 22 0.010732889175415039
decode: 22 0 68317 22 0.010755538940429688
decode: 22 0 68339 22 0.010684728622436523
decode: 22 0 68361 22 0.010746955871582031
decode: 22 0 68383 22 0.010694742202758789
decode: 22 0 68405 22 0.010692119598388672
decode: 22 0 68427 22 0.010685920715332031
decode: 22 0 68449 22 0.010717391967773438
decode: 22 0 68471 22 0.010750770568847656
decode: 22 0 68493 22 0.010807514190673828
decode: 22 0 68515 22 0.010752201080322266
extend: 0 1 0 462 0.015460014343261719
decode: 22 0 68131 22 0.010754108428955078
decode: 22 0 68153 22 0.010720252990722656
decode: 22 0 68175 22 0.010821819305419922
decode: 22 0 68197 22 0.01078486442565918
decode: 22 0 68219 22 0.010756254196166992
decode: 22 0 68241 22 0.010803699493408203
decode: 22 0 68263 22 0.010746479034423828
decode: 22 0 68285 22 0.010803699493408203
decode: 22 0 68307 22 0.01081395149230957
decode: 22 0 68329 22 0.010777950286865234
decode: 22 0 68351 22 0.010857105255126953
decode: 22 0 68373 22 0.01081085205078125
decode: 22 0 68395 22 0.010810136795043945
decode: 22 0 68417 22 0.010809898376464844
decode: 22 0 68439 22 0.010766744613647461
extend: 0 1 0 1055 0.029801130294799805
decode: 22 0 67600 22 0.01085042953491211
decode: 22 0 67622 22 0.011013507843017578
decode: 22 0 67644 22 0.010926008224487305
decode: 22 0 67666 22 0.010931730270385742
decode: 22 0 67688 22 0.010898590087890625
decode: 22 0 67710 22 0.010812520980834961
decode: 22 0 67732 22 0.010811328887939453
decode: 22 0 67754 22 0.010877847671508789
decode: 22 0 67776 22 0.010795831680297852
decode: 22 0 67798 22 0.01082611083984375
decode: 22 0 67820 22 0.01086115837097168
decode: 22 0 67842 22 0.01085662841796875
decode: 22 0 67864 22 0.010869979858398438
decode: 22 0 67886 22 0.01086735725402832
decode: 22 0 67908 22 0.01082611083984375
decode: 22 0 67930 22 0.01087498664855957
decode: 22 0 67952 22 0.01082754135131836
decode: 22 0 67974 22 0.010868310928344727
decode: 22 0 67996 22 0.010823488235473633
decode: 22 0 68018 22 0.010862112045288086
decode: 22 0 68040 22 0.010817289352416992
decode: 22 0 68062 22 0.010852336883544922
decode: 22 0 68084 22 0.010850191116333008
decode: 22 0 68106 22 0.010821104049682617
decode: 22 0 68128 22 0.010851144790649414
decode: 22 0 68150 22 0.010853052139282227
decode: 22 0 68172 22 0.010835647583007812
decode: 22 0 68194 22 0.010762453079223633
decode: 22 0 68216 22 0.010806560516357422
decode: 22 0 68238 22 0.010811567306518555
decode: 22 0 68260 22 0.010788917541503906
decode: 22 0 68282 22 0.010772943496704102
decode: 22 0 68304 22 0.010732650756835938
decode: 22 0 68326 22 0.01077580451965332
decode: 22 0 68348 22 0.010780096054077148
decode: 22 0 68370 22 0.010828733444213867
decode: 22 0 68392 22 0.010840892791748047
decode: 22 0 68414 22 0.01077413558959961
decode: 22 0 68436 22 0.010854959487915039
decode: 22 0 68458 22 0.010760068893432617
decode: 22 0 68480 22 0.010795831680297852
extend: 0 1 0 1917 0.044487953186035156
decode: 21 0 68532 21 0.011162281036376953
decode: 21 0 68553 21 0.011362552642822266
decode: 21 0 68574 21 0.01104283332824707
decode: 21 0 68595 21 0.010907173156738281
decode: 21 0 68616 21 0.01098489761352539
extend: 0 1 0 791 0.024001121520996094
decode: 21 0 67506 21 0.010801315307617188
decode: 21 0 67527 21 0.010814905166625977
decode: 21 0 67548 21 0.010849475860595703
decode: 21 0 67569 21 0.010804414749145508
decode: 20 0 63898 20 0.010596513748168945
decode: 20 0 63918 20 0.010625839233398438
extend: 0 2 0 3537 0.08463430404663086
decode: 22 0 67477 22 0.01147317886352539
extend: 0 1 0 674 0.022841930389404297
decode: 23 0 68174 23 0.011054515838623047
decode: 23 0 68197 23 0.010942459106445312
decode: 23 0 68220 23 0.010871171951293945
decode: 23 0 68243 23 0.01084446907043457
decode: 23 0 68266 23 0.010828018188476562
decode: 23 0 68289 23 0.010845422744750977
extend: 0 1 0 633 0.02094864845275879
decode: 23 0 68265 23 0.010818004608154297
decode: 23 0 68288 23 0.010818004608154297
decode: 23 0 68311 23 0.010822772979736328
decode: 23 0 68334 23 0.010910272598266602
decode: 23 0 68357 23 0.010932445526123047
decode: 23 0 68380 23 0.010863304138183594
decode: 23 0 68403 23 0.010936737060546875
extend: 0 1 0 681 0.021746397018432617
decode: 23 0 68296 23 0.010898590087890625
decode: 23 0 68319 23 0.010926246643066406
decode: 23 0 68342 23 0.010932445526123047
decode: 23 0 68365 23 0.010868549346923828
decode: 23 0 68388 23 0.010937213897705078
decode: 23 0 68411 23 0.010913372039794922
decode: 23 0 68434 23 0.010813474655151367
decode: 22 0 67768 22 0.010758161544799805
decode: 22 0 67790 22 0.010777473449707031
decode: 22 0 67812 22 0.010814666748046875
decode: 22 0 67834 22 0.010769128799438477
decode: 22 0 67856 22 0.010784149169921875
decode: 22 0 67878 22 0.010804176330566406
decode: 22 0 67900 22 0.01082921028137207
decode: 22 0 67922 22 0.01080465316772461
decode: 22 0 67944 22 0.010838508605957031
decode: 22 0 67966 22 0.010760068893432617
decode: 22 0 67988 22 0.010824918746948242
decode: 22 0 68010 22 0.010821819305419922
decode: 22 0 68032 22 0.01084280014038086
decode: 22 0 68054 22 0.010827779769897461
decode: 22 0 68076 22 0.010781526565551758
decode: 22 0 68098 22 0.01077127456665039
decode: 22 0 68120 22 0.010778665542602539
decode: 22 0 68142 22 0.010772466659545898
decode: 22 0 68164 22 0.010769844055175781
decode: 22 0 68186 22 0.010831594467163086
decode: 22 0 68208 22 0.010777711868286133
decode: 22 0 68230 22 0.010782718658447266
decode: 22 0 68252 22 0.010834217071533203
decode: 22 0 68274 22 0.010753870010375977
decode: 22 0 68296 22 0.010874509811401367
decode: 22 0 68318 22 0.010833263397216797
decode: 22 0 68340 22 0.010830402374267578
decode: 22 0 68362 22 0.01088404655456543
decode: 22 0 68384 22 0.010894060134887695
decode: 22 0 68406 22 0.010832786560058594
decode: 22 0 68428 22 0.010887861251831055
decode: 22 0 68450 22 0.010885477066040039
decode: 22 0 68472 22 0.010880708694458008
decode: 21 0 67813 21 0.010801076889038086
decode: 21 0 67834 21 0.010785341262817383
decode: 21 0 67855 21 0.01079106330871582
decode: 21 0 67876 21 0.010864973068237305
decode: 21 0 67897 21 0.010844230651855469
decode: 21 0 67918 21 0.010820865631103516
decode: 21 0 67939 21 0.010825395584106445
decode: 21 0 67960 21 0.010836601257324219
decode: 21 0 67981 21 0.010822772979736328
decode: 21 0 68002 21 0.010808944702148438
decode: 21 0 68023 21 0.01077580451965332
decode: 21 0 68044 21 0.010813713073730469
decode: 21 0 68065 21 0.010816812515258789
decode: 21 0 68086 21 0.010889291763305664
decode: 21 0 68107 21 0.010857820510864258
decode: 21 0 68128 21 0.010816335678100586
decode: 21 0 68149 21 0.010873794555664062
decode: 21 0 68170 21 0.010833263397216797
decode: 21 0 68191 21 0.010819673538208008
decode: 21 0 68212 21 0.010805130004882812
decode: 21 0 68233 21 0.010879278182983398
decode: 21 0 68254 21 0.01085805892944336
decode: 21 0 68275 21 0.010817289352416992
decode: 21 0 68296 21 0.010874748229980469
decode: 21 0 68317 21 0.010876655578613281
decode: 21 0 68338 21 0.010818243026733398
decode: 21 0 68359 21 0.010855436325073242
decode: 21 0 68380 21 0.01081991195678711
decode: 21 0 68401 21 0.010817527770996094
decode: 21 0 68422 21 0.010862588882446289
decode: 21 0 68443 21 0.010825395584106445
decode: 21 0 68464 21 0.010875463485717773
decode: 21 0 68485 21 0.010858297348022461
decode: 21 0 68506 21 0.010822534561157227
decode: 21 0 68527 21 0.010811805725097656
decode: 21 0 68548 21 0.010822296142578125
decode: 21 0 68569 21 0.010841608047485352
decode: 21 0 68590 21 0.010871171951293945
decode: 21 0 68611 21 0.010885238647460938
decode: 21 0 68632 21 0.01084280014038086
decode: 21 0 68653 21 0.010881900787353516
decode: 21 0 68674 21 0.010849714279174805
decode: 21 0 68695 21 0.010845661163330078
decode: 21 0 68716 21 0.010854721069335938
decode: 21 0 68737 21 0.010852336883544922
extend: 0 1 0 812 0.023890018463134766
decode: 21 0 67548 21 0.010811328887939453
decode: 21 0 67569 21 0.010828733444213867
decode: 21 0 67590 21 0.010785818099975586
decode: 21 0 67611 21 0.010823726654052734
decode: 21 0 67632 21 0.010824203491210938
decode: 21 0 67653 21 0.010792732238769531
extend: 0 1 0 869 0.02427196502685547
decode: 22 0 68544 22 0.010813236236572266
decode: 22 0 68566 22 0.010874032974243164
decode: 22 0 68588 22 0.010867595672607422
decode: 22 0 68610 22 0.010862112045288086
decode: 22 0 68632 22 0.010880231857299805
decode: 22 0 68654 22 0.01087045669555664
extend: 0 1 0 689 0.02171802520751953
decode: 22 0 68490 22 0.010840892791748047
decode: 22 0 68512 22 0.010872840881347656
decode: 22 0 68534 22 0.010824918746948242
decode: 22 0 68556 22 0.010861396789550781
decode: 22 0 68578 22 0.010878562927246094
decode: 22 0 68600 22 0.010805845260620117
decode: 22 0 68622 22 0.010875463485717773
decode: 21 0 67947 21 0.010795354843139648
decode: 21 0 67968 21 0.010791778564453125
decode: 21 0 67989 21 0.010828018188476562
decode: 21 0 68010 21 0.010837793350219727
decode: 21 0 68031 21 0.010773897171020508
decode: 21 0 68052 21 0.010773181915283203
decode: 21 0 68073 21 0.010811805725097656
decode: 21 0 68094 21 0.010726690292358398
decode: 21 0 68115 21 0.010797262191772461
decode: 21 0 68136 21 0.010752439498901367
decode: 21 0 68157 21 0.010782003402709961
decode: 21 0 68178 21 0.01076054573059082
decode: 21 0 68199 21 0.010738134384155273
decode: 21 0 68220 21 0.010781526565551758
decode: 21 0 68241 21 0.010848045349121094
decode: 21 0 68262 21 0.010829448699951172
decode: 21 0 68283 21 0.010820388793945312
decode: 21 0 68304 21 0.01086735725402832
decode: 21 0 68325 21 0.010811328887939453
decode: 21 0 68346 21 0.010827779769897461
decode: 21 0 68367 21 0.010832548141479492
decode: 21 0 68388 21 0.01080775260925293
decode: 21 0 68409 21 0.010830879211425781
decode: 21 0 68430 21 0.010861873626708984
decode: 21 0 68451 21 0.010815620422363281
decode: 21 0 68472 21 0.010875940322875977
decode: 21 0 68493 21 0.010826587677001953
decode: 21 0 68514 21 0.010881185531616211
decode: 21 0 68535 21 0.010854959487915039
decode: 21 0 68556 21 0.010799407958984375
decode: 21 0 68577 21 0.010820627212524414
decode: 21 0 68598 21 0.010806560516357422
decode: 21 0 68619 21 0.01080632209777832
decode: 21 0 68640 21 0.010841846466064453
decode: 21 0 68661 21 0.010812044143676758
decode: 21 0 68682 21 0.010861396789550781
decode: 21 0 68703 21 0.010882139205932617
decode: 21 0 68724 21 0.010865926742553711
decode: 21 0 68745 21 0.010894060134887695
decode: 21 0 68766 21 0.010870695114135742
decode: 21 0 68787 21 0.010881900787353516
decode: 21 0 68808 21 0.010859251022338867
decode: 21 0 68829 21 0.010849714279174805
decode: 21 0 68850 21 0.010854244232177734
extend: 0 1 0 697 0.02198171615600586
decode: 21 0 68693 21 0.01089930534362793
decode: 21 0 68714 21 0.010866403579711914
decode: 21 0 68735 21 0.010859012603759766
decode: 21 0 68756 21 0.010809659957885742
decode: 21 0 68777 21 0.010865926742553711
decode: 21 0 68798 21 0.010816097259521484
decode: 21 0 68819 21 0.010910987854003906
decode: 20 0 68135 20 0.010767459869384766
decode: 20 0 68155 20 0.010732889175415039
decode: 20 0 68175 20 0.01076817512512207
decode: 20 0 68195 20 0.010724067687988281
decode: 20 0 68215 20 0.010715961456298828
decode: 20 0 68235 20 0.010704517364501953
decode: 20 0 68255 20 0.010723114013671875
decode: 20 0 68275 20 0.010726690292358398
decode: 20 0 68295 20 0.010750293731689453
decode: 20 0 68315 20 0.010707616806030273
decode: 20 0 68335 20 0.010781049728393555
decode: 20 0 68355 20 0.01076197624206543
decode: 20 0 68375 20 0.010779142379760742
decode: 20 0 68395 20 0.010784387588500977
decode: 20 0 68415 20 0.010760784149169922
decode: 20 0 68435 20 0.010776758193969727
decode: 20 0 68455 20 0.010841846466064453
decode: 20 0 68475 20 0.01076817512512207
decode: 19 0 63539 19 0.010602951049804688
extend: 0 2 0 4598 0.11229610443115234
decode: 21 0 68158 21 0.011542320251464844
decode: 21 0 68179 21 0.011451482772827148
decode: 21 0 68200 21 0.011030912399291992
decode: 21 0 68221 21 0.01083827018737793
decode: 21 0 68242 21 0.010837316513061523
decode: 21 0 68263 21 0.010806798934936523
decode: 21 0 68284 21 0.01081085205078125
decode: 21 0 68305 21 0.010815858840942383
decode: 21 0 68326 21 0.010773181915283203
decode: 21 0 68347 21 0.010845184326171875
decode: 21 0 68368 21 0.010864973068237305
decode: 21 0 68389 21 0.010844707489013672
decode: 21 0 68410 21 0.010834693908691406
decode: 21 0 68431 21 0.010829687118530273
decode: 21 0 68452 21 0.010815143585205078
decode: 21 0 68473 21 0.01083827018737793
decode: 21 0 68494 21 0.010762929916381836
decode: 21 0 68515 21 0.010818719863891602
decode: 21 0 68536 21 0.010832071304321289
decode: 21 0 68557 21 0.011105537414550781
decode: 21 0 68578 21 0.01081991195678711
decode: 21 0 68599 21 0.010822296142578125
decode: 21 0 68620 21 0.010782241821289062
decode: 21 0 68641 21 0.010808706283569336
decode: 21 0 68662 21 0.01088571548461914
decode: 21 0 68683 21 0.010810136795043945
decode: 21 0 68704 21 0.010816812515258789
decode: 21 0 68725 21 0.010830879211425781
decode: 20 0 63821 20 0.010552644729614258
extend: 0 3 0 3769 0.08960437774658203
extend: 0 1 0 876 0.025318145751953125
decode: 24 0 68490 24 0.01097726821899414
decode: 24 0 68514 24 0.010955572128295898
decode: 24 0 68538 24 0.010944128036499023
decode: 24 0 68562 24 0.010960578918457031
decode: 24 0 68586 24 0.01082611083984375
decode: 23 0 64758 23 0.010657310485839844
extend: 0 1 0 2419 0.059885501861572266
extend: 0 1 0 2023 0.048418283462524414
decode: 24 0 68342 24 0.01146245002746582
decode: 23 0 63028 23 0.011197805404663086
extend: 0 2 0 5237 0.12692475318908691
decode: 24 0 67495 24 0.01135563850402832
decode: 24 0 67519 24 0.010976076126098633
decode: 24 0 67543 24 0.010848522186279297
decode: 24 0 67567 24 0.010802268981933594
decode: 24 0 67591 24 0.01079249382019043
decode: 23 0 65548 23 0.010780096054077148
extend: 0 2 0 3201 0.07834219932556152
extend: 0 1 0 795 0.024684906005859375
decode: 25 0 67538 25 0.0112762451171875
decode: 25 0 67563 25 0.01106405258178711
decode: 25 0 67588 25 0.011025667190551758
decode: 25 0 67613 25 0.011074304580688477
decode: 25 0 67638 25 0.011079072952270508
decode: 25 0 67663 25 0.011060714721679688
extend: 0 1 0 1097 0.02944016456604004
decode: 25 0 67984 25 0.011016130447387695
decode: 25 0 68009 25 0.011067867279052734
decode: 25 0 68034 25 0.011039018630981445
decode: 25 0 68059 25 0.01102447509765625
decode: 25 0 68084 25 0.011076927185058594
decode: 24 0 63592 24 0.010581493377685547
extend: 0 1 0 1382 0.03517746925354004
extend: 0 2 0 3588 0.08651947975158691
decode: 26 0 67485 26 0.01185154914855957
decode: 26 0 67511 26 0.011590003967285156
decode: 26 0 67537 26 0.011343717575073242
decode: 26 0 67563 26 0.011206626892089844
decode: 26 0 67589 26 0.011138916015625
decode: 25 0 66734 25 0.01111149787902832
decode: 25 0 66759 25 0.011078596115112305
decode: 25 0 66784 25 0.011015653610229492
decode: 25 0 66809 25 0.011038780212402344
extend: 0 1 0 802 0.0241851806640625
decode: 26 0 67637 26 0.010999917984008789
decode: 26 0 67663 26 0.010956287384033203
decode: 26 0 67689 26 0.011018037796020508
decode: 26 0 67715 26 0.011010408401489258
decode: 26 0 67741 26 0.01101541519165039
decode: 26 0 67767 26 0.011011600494384766
extend: 0 1 0 883 0.024161577224731445
decode: 26 0 67868 26 0.011024713516235352
decode: 26 0 67894 26 0.010997533798217773
decode: 26 0 67920 26 0.010956525802612305
decode: 26 0 67946 26 0.01102304458618164
decode: 26 0 67972 26 0.011015653610229492
decode: 25 0 64282 25 0.010737419128417969
extend: 0 1 0 3998 0.09838080406188965
decode: 25 0 67416 25 0.011460065841674805
decode: 25 0 67441 25 0.011350631713867188
decode: 25 0 67466 25 0.011112213134765625
decode: 25 0 67491 25 0.011079549789428711
decode: 25 0 67516 25 0.010945320129394531
decode: 25 0 67541 25 0.010946989059448242
decode: 25 0 67566 25 0.010950565338134766
decode: 25 0 67591 25 0.011035680770874023
decode: 25 0 67616 25 0.011018991470336914
decode: 25 0 67641 25 0.011037826538085938
decode: 25 0 67666 25 0.011011123657226562
decode: 25 0 67691 25 0.011060237884521484
decode: 25 0 67716 25 0.01108098030090332
decode: 25 0 67741 25 0.011008739471435547
decode: 25 0 67766 25 0.011077404022216797
decode: 25 0 67791 25 0.011062383651733398
decode: 25 0 67816 25 0.011067390441894531
decode: 25 0 67841 25 0.011087894439697266
decode: 25 0 67866 25 0.011016845703125
decode: 25 0 67891 25 0.011075258255004883
decode: 25 0 67916 25 0.011036157608032227
decode: 25 0 67941 25 0.011092185974121094
decode: 25 0 67966 25 0.011003971099853516
decode: 25 0 67991 25 0.011070013046264648
extend: 0 1 0 1504 0.03724861145019531
decode: 25 0 67443 25 0.011241912841796875
decode: 25 0 67468 25 0.011236190795898438
decode: 25 0 67493 25 0.011260747909545898
decode: 25 0 67518 25 0.011133909225463867
decode: 25 0 67543 25 0.011062860488891602
decode: 25 0 67568 25 0.010993480682373047
decode: 25 0 67593 25 0.011093616485595703
decode: 25 0 67618 25 0.011034727096557617
decode: 25 0 67643 25 0.011013031005859375
decode: 25 0 67668 25 0.011090755462646484
decode: 25 0 67693 25 0.011010169982910156
decode: 25 0 67718 25 0.011101722717285156
decode: 25 0 67743 25 0.011008501052856445
decode: 25 0 67768 25 0.011016368865966797
decode: 25 0 67793 25 0.011097908020019531
decode: 25 0 67818 25 0.011021137237548828
decode: 25 0 67843 25 0.011113643646240234
decode: 25 0 67868 25 0.011085033416748047
decode: 25 0 67893 25 0.011026859283447266
decode: 25 0 67918 25 0.011005401611328125
decode: 25 0 67943 25 0.011069536209106445
extend: 0 1 0 2078 0.05295991897583008
decode: 25 0 67902 25 0.011399507522583008
decode: 25 0 67927 25 0.011359691619873047
decode: 25 0 67952 25 0.011163949966430664
decode: 25 0 67977 25 0.011065006256103516
extend: 0 1 0 1606 0.04100203514099121
decode: 25 0 67526 25 0.01133871078491211
decode: 25 0 67551 25 0.011093378067016602
decode: 25 0 67576 25 0.011106729507446289
decode: 25 0 67601 25 0.011051177978515625
decode: 25 0 67626 25 0.011091947555541992
decode: 25 0 67651 25 0.011022567749023438
decode: 25 0 67676 25 0.010985851287841797
decode: 25 0 67701 25 0.011025428771972656
decode: 25 0 67726 25 0.011000394821166992
decode: 25 0 67751 25 0.010966300964355469
decode: 25 0 67776 25 0.010934114456176758
decode: 25 0 67801 25 0.010942935943603516
decode: 25 0 67826 25 0.010942459106445312
decode: 25 0 67851 25 0.01095438003540039
decode: 25 0 67876 25 0.010961532592773438
decode: 25 0 67901 25 0.011014461517333984
decode: 25 0 67926 25 0.011001348495483398
decode: 25 0 67951 25 0.010985136032104492
decode: 25 0 67976 25 0.011069059371948242
decode: 25 0 68001 25 0.01096653938293457
decode: 25 0 68026 25 0.01102590560913086
decode: 25 0 68051 25 0.011081695556640625
extend: 0 1 0 1104 0.029709815979003906
decode: 25 0 67231 25 0.010960578918457031
decode: 25 0 67256 25 0.0112457275390625
decode: 25 0 67281 25 0.011184215545654297
decode: 25 0 67306 25 0.011083126068115234
decode: 25 0 67331 25 0.011015176773071289
decode: 25 0 67356 25 0.011048555374145508
decode: 25 0 67381 25 0.010955095291137695
decode: 25 0 67406 25 0.011044740676879883
decode: 25 0 67431 25 0.011017560958862305
decode: 25 0 67456 25 0.01096343994140625
decode: 25 0 67481 25 0.010979652404785156
decode: 25 0 67506 25 0.011013031005859375
decode: 25 0 67531 25 0.011030435562133789
decode: 25 0 67556 25 0.011089324951171875
decode: 25 0 67581 25 0.011012554168701172
decode: 25 0 67606 25 0.01107645034790039
decode: 25 0 67631 25 0.011068105697631836
decode: 25 0 67656 25 0.011101722717285156
decode: 25 0 67681 25 0.011011362075805664
decode: 25 0 67706 25 0.011039495468139648
decode: 25 0 67731 25 0.01107168197631836
decode: 25 0 67756 25 0.011015892028808594
decode: 25 0 67781 25 0.011035442352294922
decode: 25 0 67806 25 0.011089801788330078
decode: 25 0 67831 25 0.011009454727172852
decode: 25 0 67856 25 0.010969400405883789
decode: 25 0 67881 25 0.011049747467041016
decode: 25 0 67906 25 0.011077642440795898
decode: 25 0 67931 25 0.011194467544555664
decode: 25 0 67956 25 0.011003255844116211
extend: 0 1 0 890 0.024521827697753906
decode: 25 0 67737 25 0.01097416877746582
decode: 25 0 67762 25 0.01099705696105957
decode: 25 0 67787 25 0.010974407196044922
decode: 25 0 67812 25 0.01101827621459961
decode: 25 0 67837 25 0.011031150817871094
decode: 25 0 67862 25 0.011020898818969727
extend: 0 1 0 809 0.023821115493774414
decode: 25 0 67800 25 0.011012792587280273
decode: 25 0 67825 25 0.011023521423339844
decode: 25 0 67850 25 0.010963916778564453
decode: 25 0 67875 25 0.01101064682006836
decode: 25 0 67900 25 0.010965108871459961
decode: 25 0 67925 25 0.01101541519165039
extend: 0 1 0 897 0.025263547897338867
decode: 25 0 68032 25 0.011015892028808594
decode: 25 0 68057 25 0.010984182357788086
decode: 25 0 68082 25 0.011026382446289062
decode: 25 0 68107 25 0.011008739471435547
decode: 25 0 68132 25 0.01102137565612793
decode: 25 0 68157 25 0.010930299758911133
extend: 0 1 0 705 0.022907018661499023
decode: 25 0 67984 25 0.011022329330444336
decode: 25 0 68009 25 0.010954618453979492
decode: 25 0 68034 25 0.011020183563232422
decode: 25 0 68059 25 0.010994672775268555
decode: 25 0 68084 25 0.010972023010253906
decode: 25 0 68109 25 0.010946035385131836
decode: 25 0 68134 25 0.010992288589477539
extend: 0 1 0 816 0.023951053619384766
decode: 25 0 68017 25 0.010942459106445312
decode: 25 0 68042 25 0.010972261428833008
decode: 25 0 68067 25 0.01102137565612793
decode: 25 0 68092 25 0.011062145233154297
decode: 25 0 68117 25 0.011059045791625977
decode: 25 0 68142 25 0.011056661605834961
decode: 23 0 66225 23 0.010743379592895508
decode: 23 0 66248 23 0.010652542114257812
decode: 23 0 66271 23 0.010655403137207031
decode: 23 0 66294 23 0.01069784164428711
decode: 23 0 66317 23 0.010666131973266602
decode: 23 0 66340 23 0.010696649551391602
decode: 23 0 66363 23 0.010712385177612305
decode: 23 0 66386 23 0.010715246200561523
decode: 23 0 66409 23 0.010689258575439453
extend: 0 1 0 959 0.02509164810180664
decode: 24 0 67392 24 0.01073598861694336
decode: 24 0 67416 24 0.010996580123901367
decode: 24 0 67440 24 0.010876893997192383
decode: 24 0 67464 24 0.010813713073730469
decode: 24 0 67488 24 0.01078486442565918
decode: 24 0 67512 24 0.01077127456665039
decode: 24 0 67536 24 0.010797977447509766
decode: 24 0 67560 24 0.010816574096679688
decode: 24 0 67584 24 0.01080179214477539
decode: 24 0 67608 24 0.010831594467163086
decode: 24 0 67632 24 0.010756969451904297
decode: 24 0 67656 24 0.010777473449707031
decode: 24 0 67680 24 0.01074528694152832
decode: 24 0 67704 24 0.010824203491210938
decode: 24 0 67728 24 0.010760784149169922
decode: 24 0 67752 24 0.010750293731689453
decode: 24 0 67776 24 0.010788679122924805
decode: 24 0 67800 24 0.010807991027832031
decode: 24 0 67824 24 0.010772228240966797
decode: 24 0 67848 24 0.010807037353515625
decode: 24 0 67872 24 0.010944604873657227
decode: 24 0 67896 24 0.010812997817993164
decode: 24 0 67920 24 0.010764122009277344
decode: 24 0 67944 24 0.010794401168823242
decode: 24 0 67968 24 0.010755777359008789
decode: 24 0 67992 24 0.010767698287963867
decode: 24 0 68016 24 0.010720491409301758
decode: 24 0 68040 24 0.010720968246459961
decode: 24 0 68064 24 0.010718822479248047
decode: 24 0 68088 24 0.010778665542602539
decode: 24 0 68112 24 0.010730981826782227
decode: 24 0 68136 24 0.010783195495605469
decode: 24 0 68160 24 0.010767459869384766
extend: 0 1 0 904 0.025343894958496094
decode: 24 0 68096 24 0.010784149169921875
decode: 24 0 68120 24 0.010946512222290039
decode: 24 0 68144 24 0.010850906372070312
decode: 24 0 68168 24 0.01078653335571289
decode: 24 0 68192 24 0.010772943496704102
decode: 24 0 68216 24 0.010787010192871094
extend: 0 1 0 823 0.02413463592529297
decode: 24 0 68153 24 0.010778665542602539
decode: 24 0 68177 24 0.010701179504394531
decode: 24 0 68201 24 0.01072072982788086
decode: 24 0 68225 24 0.010757207870483398
decode: 24 0 68249 24 0.010713338851928711
decode: 24 0 68273 24 0.01076197624206543
decode: 24 0 68297 24 0.010699987411499023
decode: 23 0 67490 23 0.010752201080322266
decode: 22 0 63984 22 0.010595560073852539
extend: 0 1 0 2841 0.07123446464538574
decode: 23 0 66848 23 0.01119542121887207
extend: 0 1 0 993 0.025383949279785156
decode: 24 0 67865 24 0.010838508605957031
decode: 24 0 67889 24 0.010766983032226562
decode: 24 0 67913 24 0.01075601577758789
decode: 24 0 67937 24 0.01080632209777832
decode: 24 0 67961 24 0.010796546936035156
decode: 24 0 67985 24 0.010742425918579102
extend: 0 1 0 911 0.02496790885925293
decode: 24 0 67921 24 0.01077890396118164
decode: 24 0 67945 24 0.010754823684692383
decode: 24 0 67969 24 0.01072549819946289
decode: 24 0 67993 24 0.010790348052978516
decode: 24 0 68017 24 0.010728120803833008
decode: 24 0 68041 24 0.010720252990722656
decode: 24 0 68065 24 0.010795354843139648
extend: 0 1 0 831 0.023849964141845703
decode: 24 0 68002 24 0.010725021362304688
decode: 24 0 68026 24 0.010764837265014648
decode: 23 0 63017 23 0.010557889938354492
decode: 23 0 63040 23 0.01054835319519043
decode: 23 0 63063 23 0.010550498962402344
decode: 23 0 63086 23 0.01049351692199707
decode: 23 0 63109 23 0.010528564453125
extend: 0 3 0 5095 0.11792874336242676
decode: 25 0 67391 25 0.011700630187988281
decode: 25 0 67416 25 0.011714458465576172
decode: 25 0 67441 25 0.011542558670043945
decode: 25 0 67466 25 0.01116943359375
decode: 25 0 67491 25 0.011098623275756836
decode: 25 0 67516 25 0.011059761047363281
decode: 25 0 67541 25 0.011008977890014648
decode: 25 0 67566 25 0.011034488677978516
decode: 25 0 67591 25 0.01096034049987793
decode: 25 0 67616 25 0.011043548583984375
decode: 25 0 67641 25 0.01098489761352539
decode: 25 0 67666 25 0.01095890998840332
decode: 25 0 67691 25 0.011049985885620117
decode: 25 0 67716 25 0.010945320129394531
decode: 25 0 67741 25 0.01097559928894043
decode: 25 0 67766 25 0.010964393615722656
decode: 25 0 67791 25 0.011086225509643555
decode: 25 0 67816 25 0.011088848114013672
decode: 25 0 67841 25 0.011004209518432617
decode: 25 0 67866 25 0.01105642318725586
decode: 25 0 67891 25 0.011004447937011719
decode: 25 0 67916 25 0.011065006256103516
decode: 24 0 63405 24 0.010502815246582031
decode: 24 0 63429 24 0.010478496551513672
decode: 24 0 63453 24 0.01049947738647461
extend: 0 3 0 4137 0.09893417358398438
extend: 0 1 0 4305 0.11407041549682617
decode: 25 0 67783 25 0.011374235153198242
decode: 25 0 67808 25 0.011255264282226562
decode: 25 0 67833 25 0.011147260665893555
decode: 25 0 67858 25 0.011083126068115234
decode: 25 0 67883 25 0.011134147644042969
decode: 25 0 67908 25 0.01109623908996582
decode: 25 0 67933 25 0.011091232299804688
decode: 25 0 67958 25 0.011079549789428711
extend: 0 1 0 1538 0.04034137725830078
decode: 25 0 67343 25 0.011531829833984375
decode: 25 0 67368 25 0.011535406112670898
decode: 25 0 67393 25 0.011317253112792969
decode: 25 0 67418 25 0.011171817779541016
decode: 25 0 67443 25 0.011144876480102539
decode: 25 0 67468 25 0.011054039001464844
decode: 25 0 67493 25 0.010976076126098633
decode: 25 0 67518 25 0.011022329330444336
decode: 25 0 67543 25 0.010985374450683594
decode: 25 0 67568 25 0.011041641235351562
decode: 25 0 67593 25 0.010982990264892578
decode: 25 0 67618 25 0.010967493057250977
decode: 25 0 67643 25 0.011017084121704102
decode: 25 0 67668 25 0.010947704315185547
decode: 25 0 67693 25 0.01096034049987793
decode: 25 0 67718 25 0.011034250259399414
decode: 25 0 67743 25 0.011019468307495117
decode: 25 0 67768 25 0.011033058166503906
decode: 25 0 67793 25 0.010966777801513672
decode: 25 0 67818 25 0.010957002639770508
decode: 25 0 67843 25 0.011031627655029297
decode: 25 0 67868 25 0.011020183563232422
decode: 25 0 67893 25 0.010961532592773438
decode: 25 0 67918 25 0.01106882095336914
decode: 25 0 67943 25 0.011076927185058594
decode: 25 0 67968 25 0.011031866073608398
decode: 25 0 67993 25 0.01108098030090332
decode: 25 0 68018 25 0.010972023010253906
decode: 25 0 68043 25 0.011018037796020508
decode: 25 0 68068 25 0.011040449142456055
extend: 0 1 0 1061 0.029776334762573242
decode: 25 0 67141 25 0.010933160781860352
decode: 25 0 67166 25 0.010895490646362305
decode: 25 0 67191 25 0.010900735855102539
decode: 25 0 67216 25 0.010865211486816406
decode: 25 0 67241 25 0.010931968688964844
decode: 25 0 67266 25 0.010855674743652344
decode: 25 0 67291 25 0.010959625244140625
decode: 25 0 67316 25 0.010944604873657227
decode: 25 0 67341 25 0.010935306549072266
decode: 25 0 67366 25 0.010922670364379883
decode: 25 0 67391 25 0.010972738265991211
decode: 25 0 67416 25 0.01095438003540039
decode: 25 0 67441 25 0.010904788970947266
decode: 25 0 67466 25 0.010961532592773438
decode: 25 0 67491 25 0.010909080505371094
decode: 25 0 67516 25 0.011006832122802734
decode: 25 0 67541 25 0.010979890823364258
decode: 25 0 67566 25 0.010970115661621094
decode: 25 0 67591 25 0.010961771011352539
decode: 25 0 67616 25 0.011017799377441406
decode: 25 0 67641 25 0.01095271110534668
decode: 25 0 67666 25 0.010955572128295898
decode: 25 0 67691 25 0.010955572128295898
decode: 25 0 67716 25 0.010938405990600586
decode: 25 0 67741 25 0.011027097702026367
decode: 25 0 67766 25 0.010956764221191406
decode: 25 0 67791 25 0.010967731475830078
decode: 25 0 67816 25 0.01095890998840332
decode: 25 0 67841 25 0.011028289794921875
decode: 25 0 67866 25 0.011005163192749023
decode: 25 0 67891 25 0.011040449142456055
decode: 25 0 67916 25 0.010920286178588867
extend: 0 1 0 2014 0.047981977462768555
decode: 24 0 67968 24 0.011161088943481445
decode: 24 0 67992 24 0.011251449584960938
decode: 24 0 68016 24 0.011081933975219727
decode: 24 0 68040 24 0.010915994644165039
decode: 24 0 68064 24 0.01080322265625
decode: 24 0 68088 24 0.010830402374267578
decode: 24 0 68112 24 0.010771751403808594
decode: 24 0 68136 24 0.010747432708740234
decode: 24 0 68160 24 0.010795116424560547
decode: 24 0 68184 24 0.01079416275024414
decode: 24 0 68208 24 0.010805606842041016
decode: 24 0 68232 24 0.0107879638671875
decode: 24 0 68256 24 0.010776042938232422
extend: 0 1 0 892 0.024472713470458984
decode: 24 0 67145 24 0.010752201080322266
decode: 24 0 67169 24 0.01070547103881836
decode: 24 0 67193 24 0.010722875595092773
decode: 24 0 67217 24 0.010691404342651367
decode: 24 0 67241 24 0.010745525360107422
decode: 24 0 67265 24 0.010758638381958008
decode: 24 0 67289 24 0.010703563690185547
extend: 0 1 0 1096 0.029442787170410156
decode: 24 0 67510 24 0.01073312759399414
decode: 24 0 67534 24 0.010712862014770508
decode: 24 0 67558 24 0.010689258575439453
decode: 24 0 67582 24 0.01075601577758789
decode: 24 0 67606 24 0.010877370834350586
decode: 24 0 67630 24 0.010713577270507812
decode: 24 0 67654 24 0.010754108428955078
decode: 24 0 67678 24 0.010771036148071289
decode: 24 0 67702 24 0.010700702667236328
decode: 24 0 67726 24 0.010720014572143555
decode: 24 0 67750 24 0.010741710662841797
decode: 24 0 67774 24 0.01069951057434082
decode: 24 0 67798 24 0.010720491409301758
decode: 24 0 67822 24 0.010666847229003906
decode: 24 0 67846 24 0.010674476623535156
decode: 24 0 67870 24 0.010680675506591797
decode: 24 0 67894 24 0.010682344436645508
decode: 24 0 67918 24 0.01063084602355957
decode: 24 0 67942 24 0.010623455047607422
decode: 24 0 67966 24 0.01062774658203125
decode: 24 0 67990 24 0.010677337646484375
decode: 24 0 68014 24 0.01070713996887207
decode: 24 0 68038 24 0.010643482208251953
decode: 24 0 68062 24 0.010701179504394531
decode: 24 0 68086 24 0.010682821273803711
decode: 24 0 68110 24 0.010645151138305664
decode: 24 0 68134 24 0.01069188117980957
decode: 24 0 68158 24 0.010680913925170898
decode: 24 0 68182 24 0.010720252990722656
decode: 24 0 68206 24 0.010683059692382812
decode: 24 0 68230 24 0.010716438293457031
decode: 24 0 68254 24 0.010697603225708008
decode: 24 0 68278 24 0.01067352294921875
extend: 0 1 0 900 0.025481700897216797
decode: 24 0 68073 24 0.010637760162353516
decode: 24 0 68097 24 0.01065373420715332
decode: 24 0 68121 24 0.010702133178710938
decode: 24 0 68145 24 0.010680198669433594
decode: 24 0 68169 24 0.010733604431152344
decode: 24 0 68193 24 0.010693788528442383
decode: 24 0 68217 24 0.010692834854125977
decode: 24 0 68241 24 0.010724067687988281
decode: 24 0 68265 24 0.010701179504394531
decode: 24 0 68289 24 0.010674476623535156
decode: 24 0 68313 24 0.010655403137207031
decode: 23 0 66564 23 0.01063394546508789
decode: 23 0 66587 23 0.010657072067260742
decode: 23 0 66610 23 0.010636329650878906
decode: 23 0 66633 23 0.0106658935546875
extend: 0 1 0 2028 0.04746532440185547
decode: 23 0 67769 23 0.01128840446472168
decode: 23 0 67792 23 0.01125788688659668
decode: 23 0 67815 23 0.010975360870361328
decode: 23 0 67838 23 0.010916948318481445
decode: 23 0 67861 23 0.0107879638671875
decode: 23 0 67884 23 0.010822772979736328
decode: 23 0 67907 23 0.010838985443115234
decode: 23 0 67930 23 0.010768651962280273
decode: 23 0 67953 23 0.010787725448608398
decode: 23 0 67976 23 0.010772943496704102
decode: 23 0 67999 23 0.010792970657348633
decode: 23 0 68022 23 0.010820627212524414
decode: 23 0 68045 23 0.010773897171020508
decode: 23 0 68068 23 0.010806083679199219
decode: 23 0 68091 23 0.010766744613647461
decode: 23 0 68114 23 0.01081395149230957
decode: 22 0 65287 22 0.010648250579833984
decode: 22 0 65309 22 0.010647058486938477
decode: 22 0 65331 22 0.010637998580932617
decode: 22 0 65353 22 0.010687589645385742
decode: 22 0 65375 22 0.010631084442138672
decode: 22 0 65397 22 0.010637044906616211
extend: 0 1 0 2179 0.05504298210144043
decode: 23 0 67599 23 0.011190414428710938
decode: 23 0 67622 23 0.01116943359375
decode: 23 0 67645 23 0.01128244400024414
decode: 23 0 67668 23 0.011121988296508789
decode: 23 0 67691 23 0.010948657989501953
decode: 23 0 67714 23 0.010802984237670898
decode: 23 0 67737 23 0.010811090469360352
decode: 23 0 67760 23 0.010796070098876953
decode: 23 0 67783 23 0.010796785354614258
decode: 23 0 67806 23 0.010755300521850586
decode: 23 0 67829 23 0.010765790939331055
decode: 23 0 67852 23 0.010737419128417969
decode: 23 0 67875 23 0.010724306106567383
decode: 23 0 67898 23 0.010732650756835938
decode: 23 0 67921 23 0.010809898376464844
decode: 23 0 67944 23 0.01081395149230957
decode: 23 0 67967 23 0.01081085205078125
decode: 23 0 67990 23 0.010812759399414062
decode: 23 0 68013 23 0.010792016983032227
decode: 23 0 68036 23 0.010792970657348633
decode: 23 0 68059 23 0.010810375213623047
decode: 23 0 68082 23 0.010804891586303711
decode: 23 0 68105 23 0.010813236236572266
decode: 22 0 62335 22 0.010493040084838867
extend: 0 1 0 4245 0.11360573768615723
extend: 0 1 0 1130 0.030530929565429688
decode: 24 0 67734 24 0.011047601699829102
decode: 24 0 67758 24 0.01091623306274414
decode: 24 0 67782 24 0.01082468032836914
decode: 24 0 67806 24 0.010776996612548828
decode: 24 0 67830 24 0.010753154754638672
decode: 24 0 67854 24 0.010829448699951172
decode: 24 0 67878 24 0.010780811309814453
decode: 24 0 67902 24 0.010755300521850586
decode: 24 0 67926 24 0.010788202285766602
decode: 24 0 67950 24 0.010808706283569336
decode: 24 0 67974 24 0.01075601577758789
decode: 24 0 67998 24 0.010776042938232422
decode: 24 0 68022 24 0.010742664337158203
decode: 24 0 68046 24 0.010816097259521484
decode: 24 0 68070 24 0.010755538940429688
decode: 24 0 68094 24 0.010803461074829102
decode: 24 0 68118 24 0.010780096054077148
decode: 24 0 68142 24 0.010759115219116211
decode: 24 0 68166 24 0.010734796524047852
decode: 24 0 68190 24 0.010755538940429688
decode: 23 0 63704 23 0.010597705841064453
extend: 0 1 0 3820 0.0932319164276123
decode: 24 0 67548 24 0.011127233505249023
decode: 24 0 67572 24 0.01095128059387207
decode: 24 0 67596 24 0.01091456413269043
decode: 24 0 67620 24 0.010828018188476562
decode: 24 0 67644 24 0.010858297348022461
decode: 24 0 67668 24 0.010853052139282227
decode: 24 0 67692 24 0.01081705093383789
decode: 23 0 62999 23 0.01050877571105957
extend: 0 2 0 5744 0.14036345481872559
decode: 24 0 67608 24 0.011248111724853516
decode: 24 0 67632 24 0.010932445526123047
decode: 24 0 67656 24 0.010996341705322266
decode: 24 0 67680 24 0.010892152786254883
decode: 24 0 67704 24 0.010821104049682617
decode: 24 0 67728 24 0.010809183120727539
decode: 24 0 67752 24 0.010869026184082031
decode: 24 0 67776 24 0.010842084884643555
decode: 24 0 67800 24 0.010769128799438477
decode: 24 0 67824 24 0.01080632209777832
decode: 24 0 67848 24 0.010795354843139648
decode: 24 0 67872 24 0.010820388793945312
decode: 24 0 67896 24 0.010799169540405273
decode: 24 0 67920 24 0.010762453079223633
decode: 24 0 67944 24 0.01077580451965332
decode: 24 0 67968 24 0.010802507400512695
decode: 24 0 67992 24 0.010803699493408203
decode: 24 0 68016 24 0.010773181915283203
decode: 24 0 68040 24 0.010808706283569336
decode: 24 0 68064 24 0.010760784149169922
decode: 23 0 63695 23 0.010549783706665039
extend: 0 1 0 1323 0.03548383712768555
decode: 24 0 65042 24 0.01073312759399414
decode: 24 0 65066 24 0.010838747024536133
decode: 24 0 65090 24 0.010739326477050781
extend: 0 2 0 2076 0.05190539360046387
decode: 26 0 67192 26 0.011665105819702148
decode: 26 0 67218 26 0.01161050796508789
decode: 26 0 67244 26 0.011348247528076172
decode: 26 0 67270 26 0.01111292839050293
decode: 26 0 67296 26 0.011072874069213867
decode: 26 0 67322 26 0.011094093322753906
decode: 26 0 67348 26 0.010988950729370117
decode: 26 0 67374 26 0.010959148406982422
decode: 26 0 67400 26 0.010932207107543945
decode: 26 0 67426 26 0.011005401611328125
decode: 26 0 67452 26 0.011020421981811523
decode: 26 0 67478 26 0.011043310165405273
decode: 26 0 67504 26 0.010944843292236328
decode: 25 0 63664 25 0.010863304138183594
decode: 24 0 62409 24 0.010498523712158203
decode: 24 0 62433 24 0.010458946228027344
decode: 24 0 62457 24 0.010476827621459961
decode: 24 0 62481 24 0.010431528091430664
decode: 24 0 62505 24 0.010478019714355469
decode: 24 0 62529 24 0.010483741760253906
decode: 24 0 62553 24 0.01050257682800293
decode: 24 0 62577 24 0.010428667068481445
extend: 0 2 0 5084 0.12588262557983398
extend: 0 1 0 839 0.026440143585205078
decode: 26 0 67606 26 0.011287689208984375
decode: 26 0 67632 26 0.011113166809082031
decode: 26 0 67658 26 0.011054515838623047
decode: 26 0 67684 26 0.011009693145751953
decode: 26 0 67710 26 0.010993242263793945
decode: 26 0 67736 26 0.010978221893310547
extend: 0 1 0 876 0.024182796478271484
decode: 26 0 67694 26 0.010946512222290039
decode: 26 0 67720 26 0.01102447509765625
decode: 26 0 67746 26 0.011001110076904297
decode: 26 0 67772 26 0.011003494262695312
decode: 26 0 67798 26 0.010942459106445312
decode: 26 0 67824 26 0.01093602180480957
decode: 25 0 66998 25 0.010946035385131836
decode: 25 0 67023 25 0.011008024215698242
decode: 24 0 61446 24 0.010466814041137695
extend: 0 2 0 2610 0.06301569938659668
extend: 0 3 0 2718 0.06530117988586426
decode: 29 0 66803 29 0.011510848999023438
decode: 29 0 66832 29 0.011400461196899414
decode: 29 0 66861 29 0.01141977310180664
decode: 29 0 66890 29 0.010968208312988281
decode: 29 0 66919 29 0.010950803756713867
decode: 28 0 65502 28 0.010836601257324219
decode: 28 0 65530 28 0.010833263397216797
decode: 28 0 65558 28 0.010891437530517578
decode: 28 0 65586 28 0.010885000228881836
decode: 28 0 65614 28 0.010794639587402344
decode: 28 0 65642 28 0.010797977447509766
decode: 28 0 65670 28 0.010821104049682617
extend: 0 1 0 869 0.0243837833404541
decode: 29 0 66568 29 0.010969161987304688
decode: 29 0 66597 29 0.011001110076904297
decode: 29 0 66626 29 0.010979890823364258
decode: 29 0 66655 29 0.010840177536010742
decode: 29 0 66684 29 0.010827779769897461
decode: 29 0 66713 29 0.010856151580810547
decode: 29 0 66742 29 0.010843276977539062
decode: 29 0 66771 29 0.010853767395019531
decode: 29 0 66800 29 0.010855436325073242
decode: 29 0 66829 29 0.010895013809204102
decode: 29 0 66858 29 0.010897159576416016
decode: 29 0 66887 29 0.01092219352722168
decode: 29 0 66916 29 0.010863542556762695
decode: 29 0 66945 29 0.010915517807006836
decode: 29 0 66974 29 0.010905027389526367
decode: 29 0 67003 29 0.010928153991699219
decode: 29 0 67032 29 0.01086735725402832
decode: 29 0 67061 29 0.010849475860595703
decode: 29 0 67090 29 0.010902643203735352
decode: 29 0 67119 29 0.010970354080200195
decode: 29 0 67148 29 0.01091623306274414
decode: 29 0 67177 29 0.010919332504272461
decode: 29 0 67206 29 0.010898828506469727
decode: 29 0 67235 29 0.010914325714111328
decode: 29 0 67264 29 0.010859489440917969
decode: 29 0 67293 29 0.010814428329467773
decode: 29 0 67322 29 0.010826349258422852
decode: 29 0 67351 29 0.01079249382019043
decode: 29 0 67380 29 0.010868310928344727
decode: 29 0 67409 29 0.010859251022338867
decode: 29 0 67438 29 0.01086115837097168
decode: 29 0 67467 29 0.010864973068237305
decode: 29 0 67496 29 0.010863065719604492
decode: 29 0 67525 29 0.010814666748046875
decode: 29 0 67554 29 0.010860443115234375
decode: 29 0 67583 29 0.01079869270324707
decode: 29 0 67612 29 0.010805368423461914
decode: 29 0 67641 29 0.010840654373168945
decode: 29 0 67670 29 0.010895013809204102
decode: 29 0 67699 29 0.010901451110839844
decode: 29 0 67728 29 0.010827302932739258
decode: 29 0 67757 29 0.010890960693359375
decode: 28 0 66879 28 0.010872602462768555
decode: 28 0 66907 28 0.010889768600463867
decode: 28 0 66935 28 0.010837316513061523
decode: 28 0 66963 28 0.010872602462768555
decode: 28 0 66991 28 0.010829448699951172
decode: 28 0 67019 28 0.010861396789550781
decode: 28 0 67047 28 0.010877370834350586
decode: 28 0 67075 28 0.010854482650756836
decode: 28 0 67103 28 0.010863304138183594
decode: 28 0 67131 28 0.010798454284667969
decode: 28 0 67159 28 0.010811805725097656
decode: 28 0 67187 28 0.010767221450805664
decode: 28 0 67215 28 0.010869979858398438
decode: 28 0 67243 28 0.010871648788452148
decode: 28 0 67271 28 0.010878801345825195
decode: 28 0 67299 28 0.010803937911987305
decode: 28 0 67327 28 0.010874509811401367
decode: 28 0 67355 28 0.010850906372070312
decode: 28 0 67383 28 0.010808706283569336
decode: 28 0 67411 28 0.010888814926147461
decode: 28 0 67439 28 0.01081228256225586
decode: 28 0 67467 28 0.010807514190673828
decode: 28 0 67495 28 0.01080465316772461
decode: 28 0 67523 28 0.010849475860595703
decode: 28 0 67551 28 0.010889530181884766
decode: 28 0 67579 28 0.01091623306274414
decode: 28 0 67607 28 0.010927438735961914
decode: 28 0 67635 28 0.010875463485717773
decode: 28 0 67663 28 0.010933637619018555
decode: 28 0 67691 28 0.010929107666015625
decode: 28 0 67719 28 0.010919809341430664
decode: 28 0 67747 28 0.010863304138183594
decode: 28 0 67775 28 0.01086878776550293
decode: 28 0 67803 28 0.010894775390625
decode: 28 0 67831 28 0.010864019393920898
decode: 28 0 67859 28 0.01091456413269043
extend: 0 1 0 918 0.02543783187866211
decode: 28 0 67770 28 0.010922670364379883
decode: 28 0 67798 28 0.010946989059448242
decode: 28 0 67826 28 0.010920286178588867
decode: 28 0 67854 28 0.010874509811401367
decode: 28 0 67882 28 0.01092386245727539
decode: 28 0 67910 28 0.010886669158935547
extend: 0 1 0 1036 0.02945709228515625
decode: 28 0 67681 28 0.010851860046386719
decode: 28 0 67709 28 0.01085042953491211
decode: 28 0 67737 28 0.010991811752319336
decode: 28 0 67765 28 0.010988473892211914
decode: 28 0 67793 28 0.011017322540283203
decode: 28 0 67821 28 0.010952234268188477
extend: 0 1 0 907 0.025369882583618164
decode: 28 0 67714 28 0.011085748672485352
decode: 28 0 67742 28 0.010977745056152344
decode: 28 0 67770 28 0.010993719100952148
decode: 28 0 67798 28 0.010948419570922852
decode: 28 0 67826 28 0.010939598083496094
decode: 28 0 67854 28 0.010871171951293945
decode: 27 0 66968 27 0.010953903198242188
decode: 27 0 66995 27 0.010944128036499023
decode: 27 0 67022 27 0.010894060134887695
decode: 27 0 67049 27 0.010885477066040039
decode: 27 0 67076 27 0.010936737060546875
decode: 27 0 67103 27 0.010964632034301758
decode: 27 0 67130 27 0.010953903198242188
decode: 27 0 67157 27 0.010927915573120117
decode: 27 0 67184 27 0.010906457901000977
decode: 27 0 67211 27 0.010960102081298828
decode: 27 0 67238 27 0.010973453521728516
decode: 27 0 67265 27 0.010965585708618164
decode: 27 0 67292 27 0.010966062545776367
decode: 27 0 67319 27 0.010917425155639648
decode: 27 0 67346 27 0.010999202728271484
decode: 27 0 67373 27 0.010969400405883789
decode: 27 0 67400 27 0.010965824127197266
decode: 27 0 67427 27 0.010870933532714844
decode: 27 0 67454 27 0.010867595672607422
decode: 27 0 67481 27 0.010921955108642578
decode: 27 0 67508 27 0.010895252227783203
decode: 27 0 67535 27 0.010855674743652344
decode: 27 0 67562 27 0.010843992233276367
decode: 27 0 67589 27 0.010910749435424805
decode: 27 0 67616 27 0.010907411575317383
decode: 27 0 67643 27 0.010914087295532227
decode: 27 0 67670 27 0.010945796966552734
decode: 27 0 67697 27 0.010931968688964844
decode: 27 0 67724 27 0.01091456413269043
decode: 27 0 67751 27 0.010924577713012695
decode: 27 0 67778 27 0.010921955108642578
decode: 27 0 67805 27 0.010872364044189453
decode: 27 0 67832 27 0.01089930534362793
decode: 27 0 67859 27 0.01088404655456543
decode: 27 0 67886 27 0.01086735725402832
decode: 27 0 67913 27 0.010895490646362305
decode: 27 0 67940 27 0.010854244232177734
decode: 27 0 67967 27 0.010859489440917969
decode: 27 0 67994 27 0.010854005813598633
decode: 27 0 68021 27 0.010857582092285156
decode: 27 0 68048 27 0.01096653938293457
decode: 27 0 68075 27 0.010985612869262695
decode: 27 0 68102 27 0.010956287384033203
decode: 27 0 68129 27 0.010973691940307617
decode: 27 0 68156 27 0.010947942733764648
extend: 0 1 0 1294 0.03522181510925293
decode: 27 0 67335 27 0.010981082916259766
decode: 27 0 67362 27 0.011100530624389648
decode: 27 0 67389 27 0.01103520393371582
decode: 27 0 67416 27 0.011027812957763672
decode: 27 0 67443 27 0.010990142822265625
decode: 27 0 67470 27 0.010954141616821289
decode: 27 0 67497 27 0.010898113250732422
decode: 27 0 67524 27 0.010881900787353516
decode: 27 0 67551 27 0.010909318923950195
decode: 27 0 67578 27 0.010949373245239258
decode: 27 0 67605 27 0.010961532592773438
decode: 27 0 67632 27 0.010868072509765625
decode: 27 0 67659 27 0.01089024543762207
decode: 27 0 67686 27 0.010959386825561523
decode: 27 0 67713 27 0.010946989059448242
decode: 27 0 67740 27 0.010953664779663086
decode: 27 0 67767 27 0.010874032974243164
decode: 27 0 67794 27 0.010874748229980469
decode: 27 0 67821 27 0.010866165161132812
decode: 27 0 67848 27 0.010905742645263672
decode: 27 0 67875 27 0.01093292236328125
decode: 27 0 67902 27 0.010937213897705078
decode: 27 0 67929 27 0.010994195938110352
decode: 27 0 67956 27 0.010971307754516602
decode: 27 0 67983 27 0.011020660400390625
decode: 27 0 68010 27 0.010894536972045898
decode: 27 0 68037 27 0.010967016220092773
decode: 27 0 68064 27 0.010945320129394531
decode: 27 0 68091 27 0.010996341705322266
decode: 27 0 68118 27 0.010933160781860352
decode: 27 0 68145 27 0.010929584503173828
decode: 27 0 68172 27 0.010887861251831055
decode: 27 0 68199 27 0.010957479476928711
extend: 0 1 0 1043 0.029745101928710938
decode: 27 0 67942 27 0.010957956314086914
decode: 27 0 67969 27 0.011069297790527344
decode: 27 0 67996 27 0.010989665985107422
decode: 27 0 68023 27 0.010970115661621094
decode: 27 0 68050 27 0.010971307754516602
decode: 27 0 68077 27 0.010937213897705078
extend: 0 1 0 914 0.025213956832885742
decode: 27 0 67969 27 0.011012792587280273
decode: 27 0 67996 27 0.010990381240844727
decode: 27 0 68023 27 0.011030197143554688
decode: 27 0 68050 27 0.01100611686706543
decode: 27 0 68077 27 0.010994911193847656
decode: 27 0 68104 27 0.011040210723876953
decode: 26 0 67210 26 0.010951042175292969
decode: 26 0 67236 26 0.011017560958862305
decode: 26 0 67262 26 0.011009693145751953
decode: 26 0 67288 26 0.01102900505065918
decode: 26 0 67314 26 0.011020183563232422
decode: 26 0 67340 26 0.010950326919555664
decode: 26 0 67366 26 0.011013269424438477
decode: 26 0 67392 26 0.011017084121704102
decode: 26 0 67418 26 0.01096034049987793
decode: 26 0 67444 26 0.010926485061645508
decode: 26 0 67470 26 0.010967016220092773
decode: 26 0 67496 26 0.010926961898803711
decode: 26 0 67522 26 0.010891199111938477
decode: 26 0 67548 26 0.010948896408081055
decode: 26 0 67574 26 0.010871410369873047
decode: 26 0 67600 26 0.010905265808105469
decode: 26 0 67626 26 0.010896921157836914
decode: 26 0 67652 26 0.01096796989440918
decode: 26 0 67678 26 0.010986804962158203
decode: 26 0 67704 26 0.010896444320678711
decode: 26 0 67730 26 0.010974407196044922
decode: 25 0 64305 25 0.010878562927246094
extend: 0 1 0 3027 0.07459354400634766
decode: 26 0 67358 26 0.011682748794555664
decode: 26 0 67384 26 0.011237621307373047
decode: 26 0 67410 26 0.011171102523803711
decode: 26 0 67436 26 0.011026620864868164
decode: 26 0 67462 26 0.010991096496582031
decode: 26 0 67488 26 0.011070013046264648
decode: 26 0 67514 26 0.01095724105834961
decode: 26 0 67540 26 0.010985136032104492
decode: 26 0 67566 26 0.011011123657226562
decode: 26 0 67592 26 0.010930538177490234
decode: 26 0 67618 26 0.010986804962158203
decode: 26 0 67644 26 0.010994434356689453
decode: 26 0 67670 26 0.011036872863769531
decode: 26 0 67696 26 0.010978221893310547
decode: 26 0 67722 26 0.010992288589477539
decode: 26 0 67748 26 0.010977029800415039
decode: 26 0 67774 26 0.010959386825561523
decode: 26 0 67800 26 0.011014461517333984
decode: 26 0 67826 26 0.010954618453979492
decode: 26 0 67852 26 0.010995626449584961
decode: 26 0 67878 26 0.010995149612426758
decode: 26 0 67904 26 0.010992288589477539
decode: 26 0 67930 26 0.011020660400390625
decode: 26 0 67956 26 0.01101374626159668
decode: 26 0 67982 26 0.010925769805908203
decode: 26 0 68008 26 0.011029720306396484
decode: 26 0 68034 26 0.011006832122802734
decode: 26 0 68060 26 0.010997295379638672
decode: 26 0 68086 26 0.010933876037597656
decode: 26 0 68112 26 0.01100778579711914
decode: 26 0 68138 26 0.010935544967651367
decode: 26 0 68164 26 0.011006355285644531
decode: 26 0 68190 26 0.010986089706420898
decode: 26 0 68216 26 0.011018514633178711
extend: 0 1 0 2143 0.0528864860534668
decode: 26 0 67967 26 0.011481285095214844
decode: 26 0 67993 26 0.011553764343261719
decode: 26 0 68019 26 0.011290550231933594
decode: 26 0 68045 26 0.011130571365356445
decode: 26 0 68071 26 0.011115074157714844
decode: 26 0 68097 26 0.011019706726074219
decode: 26 0 68123 26 0.011047601699829102
decode: 26 0 68149 26 0.011004209518432617
decode: 26 0 68175 26 0.011050224304199219
decode: 26 0 68201 26 0.011052608489990234
decode: 26 0 68227 26 0.010986566543579102
decode: 26 0 68253 26 0.011032581329345703
decode: 26 0 68279 26 0.011070728302001953
extend: 0 1 0 1328 0.03574776649475098
decode: 26 0 67477 26 0.011215448379516602
decode: 26 0 67503 26 0.011153936386108398
decode: 25 0 62814 25 0.010861635208129883
extend: 0 2 0 4358 0.10658693313598633
decode: 27 0 67199 27 0.011458396911621094
decode: 27 0 67226 27 0.011335372924804688
decode: 27 0 67253 27 0.01106882095336914
decode: 27 0 67280 27 0.011115074157714844
decode: 27 0 67307 27 0.011003494262695312
decode: 27 0 67334 27 0.010950326919555664
decode: 27 0 67361 27 0.011017799377441406
decode: 27 0 67388 27 0.011004447937011719
decode: 27 0 67415 27 0.010995626449584961
decode: 27 0 67442 27 0.010924816131591797
decode: 27 0 67469 27 0.010917425155639648
decode: 27 0 67496 27 0.010960102081298828
decode: 27 0 67523 27 0.010931253433227539
decode: 27 0 67550 27 0.010926961898803711
decode: 27 0 67577 27 0.010935544967651367
decode: 27 0 67604 27 0.01099395751953125
decode: 27 0 67631 27 0.011017084121704102
decode: 27 0 67658 27 0.011034250259399414
decode: 27 0 67685 27 0.011000633239746094
decode: 27 0 67712 27 0.010936975479125977
decode: 27 0 67739 27 0.010990381240844727
decode: 27 0 67766 27 0.010941267013549805
decode: 27 0 67793 27 0.010927915573120117
decode: 27 0 67820 27 0.010946989059448242
decode: 27 0 67847 27 0.010928630828857422
decode: 27 0 67874 27 0.01099848747253418
decode: 26 0 66776 26 0.01090240478515625
decode: 26 0 66802 26 0.010884761810302734
decode: 26 0 66828 26 0.010938405990600586
decode: 26 0 66854 26 0.01092219352722168
decode: 26 0 66880 26 0.01082754135131836
decode: 26 0 66906 26 0.010898351669311523
decode: 26 0 66932 26 0.01090383529663086
extend: 0 1 0 2419 0.05899810791015625
decode: 26 0 68013 26 0.011481761932373047
decode: 26 0 68039 26 0.011356353759765625
decode: 26 0 68065 26 0.011171102523803711
decode: 26 0 68091 26 0.011063814163208008
extend: 0 1 0 2157 0.05276083946228027
decode: 26 0 67851 26 0.011140584945678711
decode: 26 0 67877 26 0.011188507080078125
decode: 26 0 67903 26 0.011168718338012695
decode: 26 0 67929 26 0.01107645034790039
decode: 26 0 67955 26 0.011012077331542969
decode: 26 0 67981 26 0.010943889617919922
decode: 26 0 68007 26 0.011066198348999023
decode: 26 0 68033 26 0.011056661605834961
decode: 26 0 68059 26 0.010989904403686523
decode: 26 0 68085 26 0.011038780212402344
decode: 26 0 68111 26 0.011035442352294922
decode: 26 0 68137 26 0.011078834533691406
decode: 26 0 68163 26 0.01106119155883789
extend: 0 1 0 1365 0.035196781158447266
decode: 26 0 67384 26 0.01102757453918457
decode: 26 0 67410 26 0.011021852493286133
decode: 26 0 67436 26 0.0111541748046875
decode: 26 0 67462 26 0.011074066162109375
decode: 26 0 67488 26 0.011013031005859375
decode: 26 0 67514 26 0.01093745231628418
decode: 26 0 67540 26 0.01100611686706543
decode: 26 0 67566 26 0.010942459106445312
decode: 26 0 67592 26 0.010992288589477539
decode: 26 0 67618 26 0.01102137565612793
decode: 26 0 67644 26 0.011004924774169922
decode: 26 0 67670 26 0.010934114456176758
decode: 26 0 67696 26 0.01095271110534668
decode: 26 0 67722 26 0.010985612869262695
decode: 26 0 67748 26 0.011044025421142578
decode: 26 0 67774 26 0.011026382446289062
decode: 26 0 67800 26 0.01095128059387207
decode: 26 0 67826 26 0.011012792587280273
decode: 26 0 67852 26 0.01100611686706543
decode: 26 0 67878 26 0.011028766632080078
decode: 26 0 67904 26 0.0110015869140625
decode: 26 0 67930 26 0.010941743850708008
decode: 26 0 67956 26 0.010991811752319336
decode: 26 0 67982 26 0.011043310165405273
decode: 26 0 68008 26 0.01096200942993164
decode: 26 0 68034 26 0.010925054550170898
decode: 26 0 68060 26 0.010986804962158203
decode: 26 0 68086 26 0.0109710693359375
decode: 26 0 68112 26 0.010955333709716797
decode: 26 0 68138 26 0.010977506637573242
decode: 26 0 68164 26 0.010965108871459961
decode: 26 0 68190 26 0.010919809341430664
decode: 26 0 68216 26 0.010886907577514648
extend: 0 1 0 2424 0.05950450897216797
decode: 25 0 67993 25 0.011670827865600586
decode: 25 0 68018 25 0.011506080627441406
decode: 25 0 68043 25 0.011413097381591797
decode: 25 0 68068 25 0.011085271835327148
decode: 25 0 68093 25 0.01109004020690918
decode: 25 0 68118 25 0.011029243469238281
decode: 25 0 68143 25 0.011015892028808594
decode: 25 0 68168 25 0.011044740676879883
decode: 25 0 68193 25 0.011008977890014648
decode: 25 0 68218 25 0.01098775863647461
decode: 25 0 68243 25 0.010983705520629883
decode: 25 0 68268 25 0.011089801788330078
extend: 0 2 0 2196 0.05359816551208496
decode: 26 0 68054 26 0.011365652084350586
decode: 26 0 68080 26 0.011216163635253906
decode: 26 0 68106 26 0.01121377944946289
decode: 26 0 68132 26 0.011084794998168945
decode: 26 0 68158 26 0.011055231094360352
decode: 26 0 68184 26 0.010918140411376953
decode: 26 0 68210 26 0.010958671569824219
decode: 26 0 68236 26 0.010971784591674805
decode: 26 0 68262 26 0.01090240478515625
decode: 26 0 68288 26 0.010988950729370117
decode: 26 0 68314 26 0.01096034049987793
decode: 25 0 65352 25 0.010830879211425781
extend: 0 1 0 2084 0.05355691909790039
decode: 26 0 67462 26 0.01183462142944336
decode: 26 0 67488 26 0.011363744735717773
decode: 26 0 67514 26 0.011367082595825195
decode: 26 0 67540 26 0.011200666427612305
decode: 26 0 67566 26 0.011049509048461914
decode: 26 0 67592 26 0.010979175567626953
decode: 26 0 67618 26 0.010955572128295898
decode: 26 0 67644 26 0.010965108871459961
decode: 26 0 67670 26 0.01093149185180664
decode: 26 0 67696 26 0.010999441146850586
decode: 26 0 67722 26 0.010990619659423828
decode: 26 0 67748 26 0.010986089706420898
decode: 26 0 67774 26 0.010968446731567383
decode: 26 0 67800 26 0.01099252700805664
decode: 26 0 67826 26 0.010995149612426758
decode: 26 0 67852 26 0.010950088500976562
decode: 26 0 67878 26 0.011013031005859375
decode: 26 0 67904 26 0.011015653610229492
decode: 26 0 67930 26 0.010956048965454102
decode: 26 0 67956 26 0.011018514633178711
decode: 26 0 67982 26 0.010988712310791016
decode: 26 0 68008 26 0.010983467102050781
decode: 26 0 68034 26 0.011024951934814453
decode: 25 0 66774 25 0.01095271110534668
extend: 0 1 0 1136 0.029817581176757812
decode: 26 0 67936 26 0.011487722396850586
decode: 26 0 67962 26 0.011656045913696289
decode: 26 0 67988 26 0.011275291442871094
decode: 25 0 66007 25 0.011054515838623047
extend: 0 1 0 1050 0.030153274536132812
decode: 26 0 67083 26 0.011423110961914062
extend: 0 1 0 2437 0.06165742874145508
decode: 25 0 67178 25 0.011512517929077148
decode: 25 0 67203 25 0.01149749755859375
decode: 25 0 67228 25 0.011481523513793945
decode: 25 0 67253 25 0.011100530624389648
decode: 25 0 67278 25 0.011049985885620117
decode: 25 0 67303 25 0.011039495468139648
decode: 25 0 67328 25 0.011034965515136719
decode: 25 0 67353 25 0.01089167594909668
decode: 25 0 67378 25 0.010907173156738281
decode: 25 0 67403 25 0.010899782180786133
decode: 25 0 67428 25 0.010950803756713867
decode: 25 0 67453 25 0.010921001434326172
decode: 25 0 67478 25 0.010938405990600586
decode: 25 0 67503 25 0.010955572128295898
decode: 25 0 67528 25 0.010942459106445312
decode: 25 0 67553 25 0.01090550422668457
decode: 25 0 67578 25 0.011034488677978516
decode: 25 0 67603 25 0.011015653610229492
decode: 25 0 67628 25 0.011017084121704102
decode: 25 0 67653 25 0.010947704315185547
decode: 25 0 67678 25 0.010949850082397461
decode: 25 0 67703 25 0.011050701141357422
decode: 25 0 67728 25 0.011035919189453125
decode: 25 0 67753 25 0.011031627655029297
decode: 25 0 67778 25 0.010960578918457031
decode: 25 0 67803 25 0.010974407196044922
decode: 25 0 67828 25 0.010972261428833008
decode: 25 0 67853 25 0.010999679565429688
decode: 25 0 67878 25 0.01098322868347168
decode: 25 0 67903 25 0.011029243469238281
decode: 25 0 67928 25 0.010967254638671875
decode: 25 0 67953 25 0.010959863662719727
decode: 25 0 67978 25 0.011003971099853516
decode: 25 0 68003 25 0.01100301742553711
decode: 25 0 68028 25 0.01100468635559082
decode: 25 0 68053 25 0.010996818542480469
decode: 25 0 68078 25 0.010948419570922852
decode: 25 0 68103 25 0.010993242263793945
decode: 25 0 68128 25 0.011003732681274414
decode: 25 0 68153 25 0.010963678359985352
decode: 25 0 68178 25 0.010934829711914062
decode: 25 0 68203 25 0.010957002639770508
decode: 25 0 68228 25 0.0110015869140625
decode: 25 0 68253 25 0.010942220687866211
decode: 25 0 68278 25 0.010964155197143555
decode: 25 0 68303 25 0.01102137565612793
decode: 25 0 68328 25 0.01099395751953125
decode: 25 0 68353 25 0.010986089706420898
extend: 0 1 0 1317 0.03545355796813965
decode: 25 0 67210 25 0.011168956756591797
decode: 25 0 67235 25 0.011074542999267578
decode: 25 0 67260 25 0.011020421981811523
decode: 25 0 67285 25 0.011033058166503906
decode: 24 0 64105 24 0.010511159896850586
extend: 0 1 0 2171 0.05269145965576172
extend: 0 2 0 3885 0.09545350074768066
decode: 26 0 68016 26 0.011743545532226562
decode: 26 0 68042 26 0.011317968368530273
decode: 26 0 68068 26 0.011273860931396484
decode: 26 0 68094 26 0.011177778244018555
decode: 26 0 68120 26 0.011090278625488281
decode: 26 0 68146 26 0.011029958724975586
decode: 26 0 68172 26 0.010946989059448242
decode: 26 0 68198 26 0.01100611686706543
decode: 26 0 68224 26 0.010989665985107422
extend: 0 1 0 1052 0.029583215713500977
decode: 26 0 67894 26 0.011012792587280273
decode: 26 0 67920 26 0.011004924774169922
decode: 26 0 67946 26 0.010937690734863281
decode: 26 0 67972 26 0.010922431945800781
decode: 26 0 67998 26 0.010932683944702148
decode: 26 0 68024 26 0.010941743850708008
decode: 26 0 68050 26 0.011038064956665039
decode: 26 0 68076 26 0.01100611686706543
decode: 26 0 68102 26 0.010942935943603516
decode: 26 0 68128 26 0.01098775863647461
decode: 26 0 68154 26 0.010994911193847656
decode: 26 0 68180 26 0.010985612869262695
decode: 26 0 68206 26 0.01099538803100586
decode: 26 0 68232 26 0.010998725891113281
decode: 26 0 68258 26 0.010984420776367188
decode: 25 0 67216 25 0.010980606079101562
decode: 25 0 67241 25 0.01095271110534668
decode: 25 0 67266 25 0.01089620590209961
decode: 25 0 67291 25 0.0109710693359375
decode: 25 0 67316 25 0.010947227478027344
decode: 25 0 67341 25 0.010901451110839844
decode: 25 0 67366 25 0.010964155197143555
decode: 25 0 67391 25 0.010949850082397461
decode: 25 0 67416 25 0.010937213897705078
decode: 25 0 67441 25 0.010894775390625
decode: 25 0 67466 25 0.010956287384033203
decode: 25 0 67491 25 0.010961294174194336
decode: 25 0 67516 25 0.010963201522827148
decode: 25 0 67541 25 0.010931730270385742
decode: 25 0 67566 25 0.010878324508666992
decode: 25 0 67591 25 0.01095271110534668
decode: 25 0 67616 25 0.010952949523925781
decode: 25 0 67641 25 0.010953187942504883
decode: 25 0 67666 25 0.010913372039794922
decode: 25 0 67691 25 0.010902166366577148
decode: 25 0 67716 25 0.010872125625610352
decode: 25 0 67741 25 0.010872602462768555
decode: 25 0 67766 25 0.010944366455078125
decode: 25 0 67791 25 0.010933160781860352
decode: 25 0 67816 25 0.010944128036499023
decode: 25 0 67841 25 0.010930299758911133
decode: 25 0 67866 25 0.010867118835449219
decode: 25 0 67891 25 0.010890007019042969
decode: 25 0 67916 25 0.01096653938293457
decode: 25 0 67941 25 0.010949373245239258
decode: 25 0 67966 25 0.0110015869140625
decode: 25 0 67991 25 0.011040687561035156
decode: 25 0 68016 25 0.011009454727172852
decode: 24 0 63017 24 0.010493993759155273
extend: 0 2 0 3581 0.08595609664916992
extend: 0 1 0 1068 0.031861305236816406
decode: 27 0 67693 27 0.011335134506225586
decode: 27 0 67720 27 0.01123666763305664
decode: 27 0 67747 27 0.011295318603515625
decode: 27 0 67774 27 0.011115550994873047
decode: 27 0 67801 27 0.0110321044921875
decode: 27 0 67828 27 0.011004447937011719
decode: 27 0 67855 27 0.010935306549072266
decode: 27 0 67882 27 0.010903120040893555
decode: 27 0 67909 27 0.01096034049987793
decode: 27 0 67936 27 0.011008739471435547
decode: 27 0 67963 27 0.01094198226928711
decode: 27 0 67990 27 0.010938882827758789
decode: 27 0 68017 27 0.010938644409179688
decode: 27 0 68044 27 0.011001348495483398
decode: 27 0 68071 27 0.010958194732666016
decode: 27 0 68098 27 0.011015892028808594
decode: 27 0 68125 27 0.011027812957763672
decode: 27 0 68152 27 0.011012077331542969
decode: 27 0 68179 27 0.011007308959960938
decode: 27 0 68206 27 0.011048316955566406
decode: 27 0 68233 27 0.011042594909667969
decode: 27 0 68260 27 0.010973215103149414
decode: 27 0 68287 27 0.011051177978515625
decode: 26 0 67222 26 0.010953664779663086
decode: 26 0 67248 26 0.01100468635559082
decode: 26 0 67274 26 0.011003255844116211
decode: 26 0 67300 26 0.010921955108642578
decode: 26 0 67326 26 0.010952472686767578
decode: 26 0 67352 26 0.010955572128295898
decode: 26 0 67378 26 0.010942697525024414
decode: 26 0 67404 26 0.010946273803710938
decode: 26 0 67430 26 0.010898828506469727
decode: 26 0 67456 26 0.010917186737060547
decode: 26 0 67482 26 0.01089024543762207
decode: 26 0 67508 26 0.010944366455078125
decode: 26 0 67534 26 0.010959386825561523
decode: 26 0 67560 26 0.01096963882446289
decode: 26 0 67586 26 0.010898113250732422
decode: 26 0 67612 26 0.010961055755615234
decode: 26 0 67638 26 0.010964393615722656
decode: 26 0 67664 26 0.010898113250732422
decode: 26 0 67690 26 0.011209249496459961
decode: 26 0 67716 26 0.011000394821166992
decode: 26 0 67742 26 0.01097869873046875
decode: 26 0 67768 26 0.010913610458374023
decode: 26 0 67794 26 0.010907888412475586
decode: 26 0 67820 26 0.010902166366577148
decode: 26 0 67846 26 0.01089787483215332
decode: 26 0 67872 26 0.010970830917358398
decode: 26 0 67898 26 0.011004209518432617
decode: 26 0 67924 26 0.010932207107543945
decode: 26 0 67950 26 0.010931015014648438
decode: 26 0 67976 26 0.01101827621459961
decode: 26 0 68002 26 0.010964155197143555
decode: 26 0 68028 26 0.010932445526123047
decode: 26 0 68054 26 0.010980367660522461
decode: 26 0 68080 26 0.01099848747253418
decode: 26 0 68106 26 0.011017560958862305
extend: 0 1 0 1092 0.02982044219970703
decode: 26 0 68093 26 0.01108860969543457
decode: 26 0 68119 26 0.011036396026611328
decode: 26 0 68145 26 0.011015176773071289
decode: 26 0 68171 26 0.010994911193847656
decode: 26 0 68197 26 0.010989665985107422
decode: 26 0 68223 26 0.011010885238647461
extend: 0 1 0 1132 0.029666900634765625
decode: 26 0 68283 26 0.011143922805786133
decode: 26 0 68309 26 0.011136770248413086
decode: 26 0 68335 26 0.011113405227661133
decode: 26 0 68361 26 0.011004924774169922
decode: 26 0 68387 26 0.01105046272277832
decode: 26 0 68413 26 0.011009693145751953
decode: 26 0 68439 26 0.011087179183959961
decode: 26 0 68465 26 0.01107931137084961
decode: 26 0 68491 26 0.011001110076904297
decode: 26 0 68517 26 0.011075258255004883
decode: 26 0 68543 26 0.011057138442993164
decode: 26 0 68569 26 0.011070013046264648
decode: 26 0 68595 26 0.011044979095458984
decode: 26 0 68621 26 0.01107645034790039
decode: 25 0 67500 25 0.011028766632080078
decode: 24 0 62916 24 0.01058340072631836
extend: 0 2 0 2246 0.05385470390319824
decode: 26 0 65188 26 0.011525630950927734
decode: 26 0 65214 26 0.01144099235534668
decode: 26 0 65240 26 0.010831594467163086
decode: 26 0 65266 26 0.010799884796142578
decode: 26 0 65292 26 0.010778188705444336
decode: 26 0 65318 26 0.01086735725402832
decode: 26 0 65344 26 0.010843515396118164
decode: 26 0 65370 26 0.01073002815246582
decode: 26 0 65396 26 0.010763883590698242
decode: 26 0 65422 26 0.010706901550292969
decode: 26 0 65448 26 0.010736227035522461
decode: 26 0 65474 26 0.010807991027832031
decode: 26 0 65500 26 0.010733604431152344
decode: 26 0 65526 26 0.010780572891235352
decode: 26 0 65552 26 0.0107269287109375
decode: 26 0 65578 26 0.010776758193969727
decode: 26 0 65604 26 0.010786771774291992
decode: 26 0 65630 26 0.01077723503112793
decode: 26 0 65656 26 0.010770559310913086
decode: 26 0 65682 26 0.010778665542602539
decode: 25 0 63286 25 0.010803937911987305
decode: 25 0 63311 25 0.010748147964477539
decode: 25 0 63336 25 0.010782957077026367
decode: 25 0 63361 25 0.01071023941040039
decode: 25 0 63386 25 0.01074981689453125
decode: 25 0 63411 25 0.010786294937133789
decode: 25 0 63436 25 0.010772943496704102
decode: 25 0 63461 25 0.010756492614746094
decode: 25 0 63486 25 0.010723352432250977
decode: 25 0 63511 25 0.010741233825683594
decode: 25 0 63536 25 0.010652542114257812
decode: 25 0 63561 25 0.010647296905517578
decode: 25 0 63586 25 0.010667562484741211
decode: 25 0 63611 25 0.010707616806030273
decode: 25 0 63636 25 0.010722875595092773
decode: 25 0 63661 25 0.010703086853027344
decode: 25 0 63686 25 0.010766267776489258
decode: 25 0 63711 25 0.010741233825683594
decode: 25 0 63736 25 0.010820150375366211
decode: 25 0 63761 25 0.010799169540405273
decode: 25 0 63786 25 0.010794878005981445
decode: 25 0 63811 25 0.010797977447509766
decode: 25 0 63836 25 0.010721921920776367
decode: 25 0 63861 25 0.010716915130615234
decode: 25 0 63886 25 0.010779380798339844
decode: 25 0 63911 25 0.010769367218017578
decode: 25 0 63936 25 0.010727167129516602
decode: 25 0 63961 25 0.010750055313110352
decode: 25 0 63986 25 0.010798215866088867
decode: 25 0 64011 25 0.010770559310913086
decode: 25 0 64036 25 0.01079416275024414
decode: 25 0 64061 25 0.010829687118530273
decode: 25 0 64086 25 0.010801315307617188
decode: 25 0 64111 25 0.010732412338256836
decode: 25 0 64136 25 0.01078343391418457
decode: 25 0 64161 25 0.010723590850830078
decode: 25 0 64186 25 0.010812044143676758
decode: 25 0 64211 25 0.010737180709838867
decode: 25 0 64236 25 0.010713338851928711
decode: 25 0 64261 25 0.010777711868286133
decode: 25 0 64286 25 0.010779380798339844
decode: 25 0 64311 25 0.010793209075927734
decode: 25 0 64336 25 0.010775089263916016
decode: 25 0 64361 25 0.01076507568359375
decode: 25 0 64386 25 0.01072239875793457
decode: 25 0 64411 25 0.010831117630004883
decode: 25 0 64436 25 0.010801315307617188
decode: 25 0 64461 25 0.010826826095581055
decode: 25 0 64486 25 0.010746240615844727
decode: 25 0 64511 25 0.010738611221313477
decode: 25 0 64536 25 0.01082301139831543
decode: 25 0 64561 25 0.010806560516357422
decode: 25 0 64586 25 0.010733604431152344
decode: 25 0 64611 25 0.010767698287963867
decode: 25 0 64636 25 0.01073765754699707
decode: 25 0 64661 25 0.010794639587402344
decode: 25 0 64686 25 0.010775089263916016
decode: 25 0 64711 25 0.010782480239868164
decode: 25 0 64736 25 0.010735750198364258
decode: 25 0 64761 25 0.010738611221313477
decode: 25 0 64786 25 0.010802984237670898
decode: 25 0 64811 25 0.010783910751342773
decode: 25 0 64836 25 0.01073908805847168
decode: 25 0 64861 25 0.010736942291259766
decode: 25 0 64886 25 0.010741949081420898
decode: 25 0 64911 25 0.010750055313110352
decode: 25 0 64936 25 0.010769128799438477
decode: 25 0 64961 25 0.01078486442565918
decode: 25 0 64986 25 0.01076960563659668
decode: 25 0 65011 25 0.010780096054077148
decode: 25 0 65036 25 0.010718345642089844
decode: 25 0 65061 25 0.010715723037719727
decode: 25 0 65086 25 0.010919570922851562
decode: 25 0 65111 25 0.010857105255126953
decode: 25 0 65136 25 0.010794878005981445
decode: 25 0 65161 25 0.010812759399414062
decode: 25 0 65186 25 0.010803699493408203
decode: 25 0 65211 25 0.010787725448608398
decode: 25 0 65236 25 0.010816812515258789
decode: 25 0 65261 25 0.01078486442565918
decode: 25 0 65286 25 0.010742902755737305
decode: 25 0 65311 25 0.01079869270324707
decode: 25 0 65336 25 0.010717153549194336
decode: 25 0 65361 25 0.010775566101074219
decode: 25 0 65386 25 0.010722160339355469
decode: 25 0 65411 25 0.01079249382019043
decode: 25 0 65436 25 0.010776758193969727
decode: 25 0 65461 25 0.01077890396118164
decode: 25 0 65486 25 0.010851621627807617
decode: 25 0 65511 25 0.010845184326171875
decode: 25 0 65536 25 0.010863304138183594
decode: 24 0 62559 24 0.010452747344970703
decode: 24 0 62583 24 0.010478019714355469
decode: 24 0 62607 24 0.010466337203979492
decode: 24 0 62631 24 0.010461091995239258
decode: 24 0 62655 24 0.010417938232421875
decode: 24 0 62679 24 0.010462760925292969
decode: 24 0 62703 24 0.010410547256469727
decode: 24 0 62727 24 0.010488033294677734
decode: 24 0 62751 24 0.010500431060791016
decode: 24 0 62775 24 0.010424613952636719
decode: 24 0 62799 24 0.01052236557006836
decode: 24 0 62823 24 0.010549783706665039
decode: 24 0 62847 24 0.010465145111083984
decode: 24 0 62871 24 0.010511636734008789
decode: 24 0 62895 24 0.010493755340576172
decode: 24 0 62919 24 0.01053166389465332
decode: 24 0 62943 24 0.010535955429077148
decode: 24 0 62967 24 0.010542631149291992
decode: 24 0 62991 24 0.01047372817993164
decode: 24 0 63015 24 0.010520219802856445
decode: 24 0 63039 24 0.01052403450012207
decode: 24 0 63063 24 0.010458707809448242
decode: 24 0 63087 24 0.010475873947143555
decode: 24 0 63111 24 0.010453939437866211
decode: 24 0 63135 24 0.010500431060791016
decode: 23 0 61562 23 0.010445594787597656
decode: 23 0 61585 23 0.010471105575561523
decode: 22 0 60322 22 0.010357141494750977
decode: 22 0 60344 22 0.010341644287109375
decode: 22 0 60366 22 0.01033473014831543
decode: 22 0 60388 22 0.010398626327514648
decode: 22 0 60410 22 0.0103302001953125
decode: 22 0 60432 22 0.010391712188720703
decode: 22 0 60454 22 0.010308980941772461
decode: 22 0 60476 22 0.010368824005126953
decode: 22 0 60498 22 0.010335683822631836
decode: 22 0 60520 22 0.010366201400756836
decode: 21 0 57769 21 0.01020956039428711
decode: 21 0 57790 21 0.010167598724365234
decode: 21 0 57811 21 0.010205507278442383
decode: 21 0 57832 21 0.010173559188842773
decode: 21 0 57853 21 0.010210752487182617
decode: 21 0 57874 21 0.010207414627075195
decode: 21 0 57895 21 0.01018977165222168
decode: 21 0 57916 21 0.010178327560424805
decode: 21 0 57937 21 0.010224342346191406
decode: 21 0 57958 21 0.010209798812866211
decode: 21 0 57979 21 0.010235309600830078
decode: 21 0 58000 21 0.010249137878417969
decode: 21 0 58021 21 0.010208368301391602
decode: 21 0 58042 21 0.01025843620300293
decode: 21 0 58063 21 0.010287761688232422
decode: 21 0 58084 21 0.010259628295898438
decode: 21 0 58105 21 0.010293006896972656
decode: 21 0 58126 21 0.010315656661987305
decode: 21 0 58147 21 0.010222196578979492
decode: 21 0 58168 21 0.01025080680847168
decode: 21 0 58189 21 0.010260581970214844
decode: 21 0 58210 21 0.010213136672973633
decode: 21 0 58231 21 0.010263442993164062
decode: 21 0 58252 21 0.010240793228149414
decode: 21 0 58273 21 0.010282516479492188
decode: 21 0 58294 21 0.010239601135253906
decode: 21 0 58315 21 0.010270357131958008
decode: 21 0 58336 21 0.010294198989868164
decode: 21 0 58357 21 0.010225772857666016
decode: 21 0 58378 21 0.010265111923217773
decode: 21 0 58399 21 0.010285377502441406
decode: 21 0 58420 21 0.010219573974609375
decode: 21 0 58441 21 0.010260820388793945
decode: 21 0 58462 21 0.010239601135253906
decode: 21 0 58483 21 0.01023411750793457
decode: 21 0 58504 21 0.010221242904663086
decode: 21 0 58525 21 0.010216236114501953
decode: 21 0 58546 21 0.010280370712280273
decode: 21 0 58567 21 0.010272502899169922
decode: 21 0 58588 21 0.010217428207397461
decode: 21 0 58609 21 0.010260581970214844
decode: 21 0 58630 21 0.010269880294799805
decode: 21 0 58651 21 0.010278463363647461
decode: 21 0 58672 21 0.010249137878417969
decode: 21 0 58693 21 0.010244131088256836
decode: 21 0 58714 21 0.010230302810668945
decode: 21 0 58735 21 0.010244131088256836
decode: 21 0 58756 21 0.010303735733032227
decode: 21 0 58777 21 0.010263919830322266
decode: 21 0 58798 21 0.0103607177734375
decode: 21 0 58819 21 0.010298728942871094
decode: 21 0 58840 21 0.010317325592041016
decode: 21 0 58861 21 0.010286331176757812
decode: 21 0 58882 21 0.010338783264160156
decode: 21 0 58903 21 0.010305643081665039
decode: 21 0 58924 21 0.010310888290405273
decode: 21 0 58945 21 0.010286569595336914
decode: 21 0 58966 21 0.010313987731933594
decode: 21 0 58987 21 0.010299205780029297
decode: 21 0 59008 21 0.010318994522094727
decode: 21 0 59029 21 0.010262012481689453
decode: 21 0 59050 21 0.01030588150024414
decode: 21 0 59071 21 0.010327816009521484
decode: 21 0 59092 21 0.01025533676147461
decode: 21 0 59113 21 0.010318994522094727
decode: 21 0 59134 21 0.010257482528686523
decode: 21 0 59155 21 0.010248184204101562
decode: 21 0 59176 21 0.010284423828125
decode: 21 0 59197 21 0.010247230529785156
decode: 20 0 57040 20 0.010276079177856445
decode: 20 0 57060 20 0.010202646255493164
decode: 20 0 57080 20 0.010178565979003906
decode: 20 0 57100 20 0.010174274444580078
decode: 20 0 57120 20 0.010161399841308594
decode: 20 0 57140 20 0.010170459747314453
decode: 20 0 57160 20 0.010157585144042969
decode: 20 0 57180 20 0.010249853134155273
decode: 20 0 57200 20 0.010162353515625
decode: 20 0 57220 20 0.010230541229248047
decode: 20 0 57240 20 0.010199546813964844
decode: 20 0 57260 20 0.01015329360961914
decode: 20 0 57280 20 0.01022195816040039
decode: 20 0 57300 20 0.010167360305786133
decode: 19 0 53954 19 0.010137557983398438
decode: 19 0 53973 19 0.010125875473022461
decode: 19 0 53992 19 0.010105609893798828
decode: 19 0 54011 19 0.010050058364868164
decode: 19 0 54030 19 0.010060310363769531
decode: 19 0 54049 19 0.010122299194335938
decode: 19 0 54068 19 0.01007390022277832
decode: 19 0 54087 19 0.010053634643554688
decode: 19 0 54106 19 0.010116100311279297
decode: 18 0 51632 18 0.010037899017333984
decode: 18 0 51650 18 0.009977340698242188
decode: 18 0 51668 18 0.010017871856689453
decode: 18 0 51686 18 0.010021448135375977
decode: 18 0 51704 18 0.009993314743041992
decode: 18 0 51722 18 0.010027170181274414
decode: 18 0 51740 18 0.010024547576904297
decode: 18 0 51758 18 0.010017871856689453
decode: 18 0 51776 18 0.00993967056274414
decode: 18 0 51794 18 0.010000228881835938
decode: 18 0 51812 18 0.009987831115722656
decode: 18 0 51830 18 0.010015010833740234
decode: 18 0 51848 18 0.009946584701538086
decode: 18 0 51866 18 0.00998377799987793
decode: 18 0 51884 18 0.009983301162719727
decode: 18 0 51902 18 0.009991168975830078
decode: 18 0 51920 18 0.009989261627197266
decode: 18 0 51938 18 0.009988069534301758
decode: 18 0 51956 18 0.009960412979125977
decode: 18 0 51974 18 0.010003805160522461
decode: 18 0 51992 18 0.00995326042175293
decode: 18 0 52010 18 0.009987115859985352
decode: 18 0 52028 18 0.01001429557800293
decode: 18 0 52046 18 0.010028600692749023
decode: 18 0 52064 18 0.010297536849975586
decode: 18 0 52082 18 0.00998544692993164
decode: 18 0 52100 18 0.010000228881835938
decode: 18 0 52118 18 0.010002851486206055
decode: 18 0 52136 18 0.00999903678894043
decode: 18 0 52154 18 0.009974002838134766
decode: 18 0 52172 18 0.010016679763793945
decode: 17 0 49898 17 0.009920358657836914
decode: 17 0 49915 17 0.009873151779174805
decode: 17 0 49932 17 0.009907960891723633
decode: 17 0 49949 17 0.00989079475402832
decode: 17 0 49966 17 0.009834051132202148
decode: 17 0 49983 17 0.009894132614135742
decode: 17 0 50000 17 0.009830236434936523
decode: 17 0 50017 17 0.009876012802124023
decode: 17 0 50034 17 0.009846925735473633
decode: 17 0 50051 17 0.009871959686279297
decode: 17 0 50068 17 0.009840011596679688
decode: 17 0 50085 17 0.009883403778076172
decode: 17 0 50102 17 0.009886741638183594
decode: 17 0 50119 17 0.009924173355102539
decode: 17 0 50136 17 0.009894609451293945
decode: 17 0 50153 17 0.009848594665527344
decode: 17 0 50170 17 0.009881734848022461
decode: 17 0 50187 17 0.009877443313598633
decode: 17 0 50204 17 0.009841203689575195
decode: 17 0 50221 17 0.009888172149658203
decode: 17 0 50238 17 0.00985574722290039
decode: 17 0 50255 17 0.009892940521240234
decode: 16 0 48084 16 0.009670019149780273
decode: 16 0 48100 16 0.009493112564086914
decode: 16 0 48116 16 0.009454488754272461
decode: 16 0 48132 16 0.009479761123657227
decode: 16 0 48148 16 0.009461402893066406
decode: 16 0 48164 16 0.009484052658081055
decode: 16 0 48180 16 0.009435176849365234
decode: 16 0 48196 16 0.009463310241699219
decode: 16 0 48212 16 0.009544849395751953
decode: 16 0 48228 16 0.009505987167358398
decode: 16 0 48244 16 0.009539365768432617
decode: 16 0 48260 16 0.009496927261352539
decode: 16 0 48276 16 0.009539127349853516
decode: 16 0 48292 16 0.00954437255859375
decode: 16 0 48308 16 0.009524345397949219
decode: 16 0 48324 16 0.009498834609985352
decode: 16 0 48340 16 0.00948476791381836
decode: 16 0 48356 16 0.009544849395751953
decode: 16 0 48372 16 0.00956106185913086
decode: 16 0 48388 16 0.009505510330200195
decode: 16 0 48404 16 0.009499073028564453
decode: 16 0 48420 16 0.009535074234008789
decode: 16 0 48436 16 0.009536266326904297
decode: 16 0 48452 16 0.009482383728027344
decode: 15 0 44870 15 0.009462594985961914
decode: 15 0 44885 15 0.009426116943359375
decode: 15 0 44900 15 0.00944662094116211
decode: 15 0 44915 15 0.009478330612182617
decode: 15 0 44930 15 0.009397506713867188
decode: 15 0 44945 15 0.009392023086547852
decode: 15 0 44960 15 0.009410381317138672
decode: 15 0 44975 15 0.009432077407836914
decode: 15 0 44990 15 0.009374380111694336
decode: 15 0 45005 15 0.009450674057006836
decode: 15 0 45020 15 0.009409666061401367
decode: 15 0 45035 15 0.009408235549926758
decode: 15 0 45050 15 0.009415864944458008
decode: 15 0 45065 15 0.009433984756469727
decode: 15 0 45080 15 0.00939035415649414
decode: 15 0 45095 15 0.009429216384887695
decode: 15 0 45110 15 0.009428739547729492
decode: 15 0 45125 15 0.009389638900756836
decode: 15 0 45140 15 0.009405136108398438
decode: 15 0 45155 15 0.009401559829711914
decode: 15 0 45170 15 0.009459972381591797
decode: 15 0 45185 15 0.00948786735534668
decode: 15 0 45200 15 0.009483575820922852
decode: 15 0 45215 15 0.0094757080078125
decode: 15 0 45230 15 0.0094451904296875
decode: 15 0 45245 15 0.009458541870117188
decode: 15 0 45260 15 0.009411096572875977
decode: 15 0 45275 15 0.009430646896362305
decode: 15 0 45290 15 0.009417295455932617
decode: 15 0 45305 15 0.009429931640625
decode: 15 0 45320 15 0.009417057037353516
decode: 15 0 45335 15 0.009424686431884766
decode: 15 0 45350 15 0.009428739547729492
decode: 15 0 45365 15 0.00947427749633789
decode: 15 0 45380 15 0.009425640106201172
decode: 15 0 45395 15 0.0093994140625
decode: 15 0 45410 15 0.009407281875610352
decode: 15 0 45425 15 0.009390830993652344
decode: 15 0 45440 15 0.009439229965209961
decode: 15 0 45455 15 0.009431123733520508
decode: 15 0 45470 15 0.009428262710571289
decode: 15 0 45485 15 0.009397506713867188
decode: 15 0 45500 15 0.009466886520385742
decode: 15 0 45515 15 0.00940394401550293
decode: 15 0 45530 15 0.009423255920410156
decode: 15 0 45545 15 0.009390830993652344
decode: 15 0 45560 15 0.009436368942260742
decode: 15 0 45575 15 0.009409189224243164
decode: 15 0 45590 15 0.009382009506225586
decode: 15 0 45605 15 0.009402036666870117
decode: 15 0 45620 15 0.009397029876708984
decode: 15 0 45635 15 0.009432792663574219
decode: 15 0 45650 15 0.009432315826416016
decode: 15 0 45665 15 0.009390830993652344
decode: 15 0 45680 15 0.009402990341186523
decode: 15 0 45695 15 0.009438514709472656
decode: 15 0 45710 15 0.009401082992553711
decode: 15 0 45725 15 0.009423255920410156
decode: 15 0 45740 15 0.00944828987121582
decode: 15 0 45755 15 0.009436368942260742
decode: 15 0 45770 15 0.009413003921508789
decode: 15 0 45785 15 0.009457111358642578
decode: 15 0 45800 15 0.009428262710571289
decode: 15 0 45815 15 0.009428739547729492
decode: 15 0 45830 15 0.009429931640625
decode: 15 0 45845 15 0.009401321411132812
decode: 15 0 45860 15 0.009404659271240234
decode: 15 0 45875 15 0.009429693222045898
decode: 15 0 45890 15 0.009385347366333008
decode: 15 0 45905 15 0.009424686431884766
decode: 15 0 45920 15 0.009398221969604492
decode: 15 0 45935 15 0.009445428848266602
decode: 15 0 45950 15 0.009422540664672852
decode: 15 0 45965 15 0.009432077407836914
decode: 15 0 45980 15 0.009435176849365234
decode: 15 0 45995 15 0.009413957595825195
decode: 15 0 46010 15 0.009430885314941406
decode: 15 0 46025 15 0.009422540664672852
decode: 15 0 46040 15 0.009397029876708984
decode: 15 0 46055 15 0.009438037872314453
decode: 15 0 46070 15 0.00940251350402832
decode: 15 0 46085 15 0.009420633316040039
decode: 15 0 46100 15 0.009413957595825195
decode: 15 0 46115 15 0.009407520294189453
decode: 15 0 46130 15 0.00938868522644043
decode: 15 0 46145 15 0.009396076202392578
decode: 15 0 46160 15 0.00941610336303711
decode: 15 0 46175 15 0.009439706802368164
decode: 15 0 46190 15 0.009401082992553711
decode: 15 0 46205 15 0.009423017501831055
decode: 15 0 46220 15 0.009412527084350586
decode: 15 0 46235 15 0.00942850112915039
decode: 15 0 46250 15 0.009465932846069336
decode: 14 0 41535 14 0.009259462356567383
decode: 14 0 41549 14 0.009199142456054688
decode: 14 0 41563 14 0.009199857711791992
decode: 14 0 41577 14 0.009253501892089844
decode: 14 0 41591 14 0.009226083755493164
decode: 14 0 41605 14 0.009202003479003906
decode: 14 0 41619 14 0.009237527847290039
decode: 14 0 41633 14 0.009211063385009766
decode: 14 0 41647 14 0.009258747100830078
decode: 14 0 41661 14 0.009212493896484375
decode: 14 0 41675 14 0.009246826171875
decode: 14 0 41689 14 0.009232282638549805
decode: 14 0 41703 14 0.009220600128173828
decode: 14 0 41717 14 0.009202957153320312
decode: 14 0 41731 14 0.009195327758789062
decode: 14 0 41745 14 0.009189605712890625
decode: 14 0 41759 14 0.009214639663696289
decode: 14 0 41773 14 0.009203672409057617
decode: 14 0 41787 14 0.009230852127075195
decode: 14 0 41801 14 0.009221792221069336
decode: 14 0 41815 14 0.009281396865844727
decode: 14 0 41829 14 0.009242057800292969
decode: 14 0 41843 14 0.009186267852783203
decode: 14 0 41857 14 0.00924825668334961
decode: 14 0 41871 14 0.009199380874633789
decode: 14 0 41885 14 0.009247779846191406
decode: 14 0 41899 14 0.009212970733642578
decode: 14 0 41913 14 0.009247303009033203
decode: 14 0 41927 14 0.009201288223266602
decode: 14 0 41941 14 0.00926065444946289
decode: 14 0 41955 14 0.009274005889892578
decode: 14 0 41969 14 0.009255647659301758
decode: 14 0 41983 14 0.00925445556640625
decode: 14 0 41997 14 0.009262561798095703
decode: 14 0 42011 14 0.009200572967529297
decode: 14 0 42025 14 0.009210824966430664
decode: 14 0 42039 14 0.00920867919921875
decode: 14 0 42053 14 0.009201526641845703
decode: 14 0 42067 14 0.00924229621887207
decode: 14 0 42081 14 0.009211301803588867
decode: 14 0 42095 14 0.009235620498657227
decode: 14 0 42109 14 0.009195327758789062
decode: 14 0 42123 14 0.00924062728881836
decode: 14 0 42137 14 0.009204626083374023
decode: 14 0 42151 14 0.009256601333618164
decode: 14 0 42165 14 0.009209632873535156
decode: 13 0 40233 13 0.009249448776245117
decode: 13 0 40246 13 0.009210586547851562
decode: 13 0 40259 13 0.009147167205810547
decode: 13 0 40272 13 0.00916910171508789
decode: 13 0 40285 13 0.00917363166809082
decode: 13 0 40298 13 0.009198427200317383
decode: 13 0 40311 13 0.009135723114013672
decode: 13 0 40324 13 0.009151935577392578
decode: 13 0 40337 13 0.00917816162109375
decode: 13 0 40350 13 0.009140253067016602
decode: 13 0 40363 13 0.009166479110717773
decode: 13 0 40376 13 0.009134531021118164
decode: 13 0 40389 13 0.009180784225463867
decode: 13 0 40402 13 0.009198427200317383
decode: 13 0 40415 13 0.00913381576538086
decode: 13 0 40428 13 0.00917816162109375
decode: 13 0 40441 13 0.009186744689941406
decode: 13 0 40454 13 0.009189605712890625
decode: 13 0 40467 13 0.009124279022216797
decode: 13 0 40480 13 0.00919032096862793
decode: 13 0 40493 13 0.009186267852783203
decode: 13 0 40506 13 0.009146690368652344
decode: 13 0 40519 13 0.009175539016723633
decode: 13 0 40532 13 0.009188652038574219
decode: 13 0 40545 13 0.009155988693237305
decode: 13 0 40558 13 0.009181976318359375
decode: 13 0 40571 13 0.009130477905273438
decode: 13 0 40584 13 0.009193897247314453
decode: 13 0 40597 13 0.009128093719482422
decode: 13 0 40610 13 0.009177684783935547
decode: 13 0 40623 13 0.009153366088867188
decode: 13 0 40636 13 0.009139299392700195
decode: 13 0 40649 13 0.009183406829833984
decode: 13 0 40662 13 0.009150981903076172
decode: 13 0 40675 13 0.009141206741333008
decode: 13 0 40688 13 0.009185552597045898
decode: 13 0 40701 13 0.009190559387207031
decode: 13 0 40714 13 0.009150981903076172
decode: 13 0 40727 13 0.009148120880126953
decode: 13 0 40740 13 0.009181976318359375
decode: 13 0 40753 13 0.009196758270263672
decode: 13 0 40766 13 0.009151935577392578
decode: 13 0 40779 13 0.009148836135864258
decode: 13 0 40792 13 0.009208917617797852
decode: 13 0 40805 13 0.00914311408996582
decode: 13 0 40818 13 0.009137868881225586
decode: 13 0 40831 13 0.009162187576293945
decode: 13 0 40844 13 0.009149312973022461
decode: 13 0 40857 13 0.009200811386108398
decode: 13 0 40870 13 0.009134054183959961
decode: 13 0 40883 13 0.00913381576538086
decode: 13 0 40896 13 0.009177207946777344
decode: 13 0 40909 13 0.009200096130371094
decode: 13 0 40922 13 0.009151935577392578
decode: 13 0 40935 13 0.009197473526000977
decode: 13 0 40948 13 0.00915217399597168
decode: 13 0 40961 13 0.009185552597045898
decode: 13 0 40974 13 0.009175539016723633
decode: 13 0 40987 13 0.009140968322753906
decode: 13 0 41000 13 0.009163379669189453
decode: 13 0 41013 13 0.009134292602539062
decode: 13 0 41026 13 0.009175300598144531
decode: 13 0 41039 13 0.009189844131469727
decode: 13 0 41052 13 0.009153127670288086
decode: 13 0 41065 13 0.009147882461547852
decode: 13 0 41078 13 0.009264707565307617
decode: 13 0 41091 13 0.009217500686645508
decode: 13 0 41104 13 0.009151935577392578
decode: 13 0 41117 13 0.009236812591552734
decode: 12 0 35828 12 0.0089874267578125
decode: 12 0 35840 12 0.009025335311889648
decode: 12 0 35852 12 0.009011507034301758
decode: 12 0 35864 12 0.009037971496582031
decode: 12 0 35876 12 0.008997201919555664
decode: 12 0 35888 12 0.008991241455078125
decode: 12 0 35900 12 0.008984804153442383
decode: 12 0 35912 12 0.0089874267578125
decode: 12 0 35924 12 0.008985519409179688
decode: 12 0 35936 12 0.008976221084594727
decode: 12 0 35948 12 0.008996248245239258
decode: 12 0 35960 12 0.008972644805908203
decode: 12 0 35972 12 0.008997440338134766
decode: 12 0 35984 12 0.009001016616821289
decode: 12 0 35996 12 0.00899958610534668
decode: 12 0 36008 12 0.009007453918457031
decode: 12 0 36020 12 0.008991479873657227
decode: 12 0 36032 12 0.009001016616821289
decode: 12 0 36044 12 0.009026050567626953
decode: 12 0 36056 12 0.008992195129394531
decode: 12 0 36068 12 0.008994579315185547
decode: 12 0 36080 12 0.008980274200439453
decode: 12 0 36092 12 0.008990049362182617
decode: 12 0 36104 12 0.008932352066040039
decode: 12 0 36116 12 0.008926630020141602
decode: 12 0 36128 12 0.008915901184082031
decode: 12 0 36140 12 0.008945703506469727
decode: 12 0 36152 12 0.008937835693359375
decode: 12 0 36164 12 0.00892782211303711
decode: 12 0 36176 12 0.008923053741455078
decode: 12 0 36188 12 0.008946418762207031
decode: 12 0 36200 12 0.008937597274780273
decode: 12 0 36212 12 0.008948564529418945
decode: 12 0 36224 12 0.008939027786254883
decode: 12 0 36236 12 0.008937597274780273
decode: 12 0 36248 12 0.008942127227783203
decode: 12 0 36260 12 0.00892949104309082
decode: 12 0 36272 12 0.009006500244140625
decode: 12 0 36284 12 0.008951663970947266
decode: 12 0 36296 12 0.008947134017944336
decode: 12 0 36308 12 0.008928298950195312
decode: 12 0 36320 12 0.008931636810302734
decode: 12 0 36332 12 0.008939027786254883
decode: 12 0 36344 12 0.008932352066040039
decode: 12 0 36356 12 0.008975505828857422
decode: 12 0 36368 12 0.008936882019042969
decode: 12 0 36380 12 0.008925914764404297
decode: 12 0 36392 12 0.008950233459472656
decode: 12 0 36404 12 0.008960962295532227
decode: 12 0 36416 12 0.008935928344726562
decode: 12 0 36428 12 0.008925437927246094
decode: 12 0 36440 12 0.00892782211303711
decode: 12 0 36452 12 0.008965730667114258
decode: 12 0 36464 12 0.00895380973815918
decode: 12 0 36476 12 0.008973836898803711
decode: 12 0 36488 12 0.008953094482421875
decode: 12 0 36500 12 0.008949041366577148
decode: 12 0 36512 12 0.008945703506469727
decode: 12 0 36524 12 0.008931636810302734
decode: 12 0 36536 12 0.00895380973815918
decode: 12 0 36548 12 0.008940935134887695
decode: 12 0 36560 12 0.008936166763305664
decode: 12 0 36572 12 0.008928060531616211
decode: 12 0 36584 12 0.008921623229980469
decode: 12 0 36596 12 0.008945226669311523
decode: 12 0 36608 12 0.008929252624511719
decode: 12 0 36620 12 0.008950233459472656
decode: 12 0 36632 12 0.008936882019042969
decode: 12 0 36644 12 0.008951425552368164
decode: 12 0 36656 12 0.008934736251831055
decode: 12 0 36668 12 0.008957624435424805
decode: 12 0 36680 12 0.008934497833251953
decode: 12 0 36692 12 0.008945703506469727
decode: 11 0 33442 11 0.008888721466064453
decode: 10 0 30549 10 0.008681058883666992
decode: 10 0 30559 10 0.008697509765625
decode: 10 0 30569 10 0.008681774139404297
decode: 10 0 30579 10 0.008672952651977539
decode: 10 0 30589 10 0.00881338119506836
decode: 10 0 30599 10 0.008720159530639648
decode: 10 0 30609 10 0.008707284927368164
decode: 10 0 30619 10 0.008685827255249023
decode: 10 0 30629 10 0.008730411529541016
decode: 10 0 30639 10 0.008689641952514648
decode: 10 0 30649 10 0.008663415908813477
decode: 10 0 30659 10 0.008662223815917969
decode: 10 0 30669 10 0.008714437484741211
decode: 10 0 30679 10 0.008657693862915039
decode: 10 0 30689 10 0.008664131164550781
decode: 10 0 30699 10 0.008672952651977539
decode: 10 0 30709 10 0.008670806884765625
decode: 10 0 30719 10 0.00870513916015625
decode: 10 0 30729 10 0.008686304092407227
decode: 10 0 30739 10 0.008673906326293945
decode: 10 0 30749 10 0.008672475814819336
decode: 10 0 30759 10 0.008730411529541016
decode: 10 0 30769 10 0.0086822509765625
decode: 10 0 30779 10 0.008655786514282227
decode: 10 0 30789 10 0.008674383163452148
decode: 10 0 30799 10 0.008674383163452148
decode: 10 0 30809 10 0.008654117584228516
decode: 10 0 30819 10 0.008690357208251953
decode: 10 0 30829 10 0.008677482604980469
decode: 10 0 30839 10 0.008672237396240234
decode: 10 0 30849 10 0.00869297981262207
decode: 10 0 30859 10 0.008649587631225586
decode: 10 0 30869 10 0.008667707443237305
decode: 10 0 30879 10 0.0086669921875
decode: 9 0 28488 9 0.008628368377685547
decode: 9 0 28497 9 0.008659839630126953
decode: 9 0 28506 9 0.008641242980957031
decode: 9 0 28515 9 0.008638381958007812
decode: 9 0 28524 9 0.008643150329589844
decode: 9 0 28533 9 0.009577751159667969
decode: 9 0 28542 9 0.00870656967163086
decode: 9 0 28551 9 0.008642196655273438
decode: 9 0 28560 9 0.008658647537231445
decode: 9 0 28569 9 0.008650064468383789
decode: 9 0 28578 9 0.00862741470336914
decode: 9 0 28587 9 0.008638620376586914
decode: 9 0 28596 9 0.008656978607177734
decode: 9 0 28605 9 0.008655071258544922
decode: 9 0 28614 9 0.008645772933959961
decode: 9 0 28623 9 0.008655309677124023
decode: 9 0 28632 9 0.008644342422485352
decode: 9 0 28641 9 0.008638143539428711
decode: 9 0 28650 9 0.008633852005004883
decode: 9 0 28659 9 0.008651018142700195
decode: 9 0 28668 9 0.008625984191894531
decode: 9 0 28677 9 0.008650779724121094
decode: 9 0 28686 9 0.0086517333984375
decode: 9 0 28695 9 0.008666276931762695
decode: 9 0 28704 9 0.008694887161254883
decode: 9 0 28713 9 0.008806467056274414
decode: 9 0 28722 9 0.008804559707641602
decode: 9 0 28731 9 0.008681535720825195
decode: 9 0 28740 9 0.008742094039916992
decode: 9 0 28749 9 0.008744239807128906
decode: 9 0 28758 9 0.008762836456298828
decode: 9 0 28767 9 0.00881338119506836
decode: 9 0 28776 9 0.008660316467285156
decode: 9 0 28785 9 0.008649826049804688
decode: 9 0 28794 9 0.008658647537231445
decode: 8 0 24376 8 0.008440732955932617
decode: 8 0 24384 8 0.008370161056518555
decode: 8 0 24392 8 0.008364439010620117
decode: 8 0 24400 8 0.008348226547241211
decode: 8 0 24408 8 0.008352041244506836
decode: 8 0 24416 8 0.008340597152709961
decode: 8 0 24424 8 0.008362770080566406
decode: 8 0 24432 8 0.00835108757019043
decode: 8 0 24440 8 0.008340835571289062
decode: 8 0 24448 8 0.008415460586547852
decode: 8 0 24456 8 0.008402824401855469
decode: 8 0 24464 8 0.008411169052124023
decode: 8 0 24472 8 0.008426189422607422
decode: 7 0 21347 7 0.008279561996459961
decode: 7 0 21354 7 0.008259296417236328
decode: 6 0 17994 6 0.008117198944091797
decode: 6 0 18000 6 0.008125782012939453
decode: 6 0 18006 6 0.008105993270874023
decode: 6 0 18012 6 0.008088111877441406
decode: 6 0 18018 6 0.008091211318969727
decode: 6 0 18024 6 0.00809788703918457
decode: 6 0 18030 6 0.008085966110229492
decode: 6 0 18036 6 0.00808858871459961
decode: 6 0 18042 6 0.008083343505859375
decode: 6 0 18048 6 0.008115291595458984
decode: 6 0 18054 6 0.008098363876342773
decode: 6 0 18060 6 0.008087396621704102
decode: 6 0 18066 6 0.008099079132080078
decode: 6 0 18072 6 0.008112668991088867
decode: 6 0 18078 6 0.008114814758300781
decode: 6 0 18084 6 0.008107185363769531
decode: 6 0 18090 6 0.008088111877441406
decode: 6 0 18096 6 0.008108854293823242
decode: 6 0 18102 6 0.008096933364868164
decode: 6 0 18108 6 0.00809478759765625
decode: 6 0 18114 6 0.008088111877441406
decode: 6 0 18120 6 0.008122920989990234
decode: 6 0 18126 6 0.008120536804199219
decode: 6 0 18132 6 0.008115530014038086
decode: 6 0 18138 6 0.008095502853393555
decode: 6 0 18144 6 0.008084774017333984
decode: 6 0 18150 6 0.00812840461730957
decode: 6 0 18156 6 0.008208990097045898
decode: 6 0 18162 6 0.008157014846801758
decode: 6 0 18168 6 0.008100032806396484
decode: 6 0 18174 6 0.008104562759399414
decode: 6 0 18180 6 0.008103609085083008
decode: 6 0 18186 6 0.008109569549560547
decode: 6 0 18192 6 0.008145332336425781
decode: 6 0 18198 6 0.008141040802001953
decode: 6 0 18204 6 0.008145570755004883
decode: 6 0 18210 6 0.008125782012939453
decode: 6 0 18216 6 0.008130550384521484
decode: 6 0 18222 6 0.008128881454467773
decode: 6 0 18228 6 0.008181095123291016
decode: 6 0 18234 6 0.008200407028198242
decode: 6 0 18240 6 0.008185148239135742
decode: 6 0 18246 6 0.00816965103149414
decode: 6 0 18252 6 0.008191823959350586
decode: 6 0 18258 6 0.008184194564819336
decode: 6 0 18264 6 0.00819087028503418
decode: 6 0 18270 6 0.008180379867553711
decode: 6 0 18276 6 0.008180379867553711
decode: 6 0 18282 6 0.008172750473022461
decode: 6 0 18288 6 0.008179187774658203
decode: 6 0 18294 6 0.008184671401977539
decode: 6 0 18300 6 0.008171558380126953
decode: 6 0 18306 6 0.008170366287231445
decode: 6 0 18312 6 0.008176088333129883
decode: 6 0 18318 6 0.008191347122192383
decode: 6 0 18324 6 0.008174657821655273
decode: 6 0 18330 6 0.008169889450073242
decode: 6 0 18336 6 0.00819087028503418
decode: 6 0 18342 6 0.008176088333129883
decode: 6 0 18348 6 0.008163928985595703
decode: 6 0 18354 6 0.008187055587768555
decode: 6 0 18360 6 0.0081634521484375
decode: 6 0 18366 6 0.00819087028503418
decode: 6 0 18372 6 0.008168935775756836
decode: 6 0 18378 6 0.00817108154296875
decode: 6 0 18384 6 0.008161783218383789
decode: 6 0 18390 6 0.008162975311279297
decode: 6 0 18396 6 0.00818490982055664
decode: 6 0 18402 6 0.00817418098449707
decode: 6 0 18408 6 0.00818490982055664
decode: 6 0 18414 6 0.008168458938598633
decode: 6 0 18420 6 0.008173704147338867
decode: 6 0 18426 6 0.008165597915649414
decode: 6 0 18432 6 0.008180618286132812
decode: 6 0 18438 6 0.008166074752807617
decode: 6 0 18444 6 0.008169412612915039
decode: 6 0 18450 6 0.00818014144897461
decode: 6 0 18456 6 0.008168697357177734
decode: 6 0 18462 6 0.00816488265991211
decode: 6 0 18468 6 0.008173942565917969
decode: 6 0 18474 6 0.00817728042602539
decode: 6 0 18480 6 0.008191823959350586
decode: 6 0 18486 6 0.008186817169189453
decode: 6 0 18492 6 0.00817108154296875
decode: 6 0 18498 6 0.00816488265991211
decode: 6 0 18504 6 0.00817108154296875
decode: 6 0 18510 6 0.008187532424926758
decode: 6 0 18516 6 0.008168458938598633
decode: 6 0 18522 6 0.008217811584472656
decode: 6 0 18528 6 0.008175134658813477
decode: 6 0 18534 6 0.008206844329833984
decode: 6 0 18540 6 0.008181571960449219
decode: 6 0 18546 6 0.008179664611816406
decode: 6 0 18552 6 0.00819706916809082
decode: 6 0 18558 6 0.008196115493774414
decode: 6 0 18564 6 0.008189916610717773
decode: 6 0 18570 6 0.008177757263183594
decode: 6 0 18576 6 0.00819087028503418
decode: 6 0 18582 6 0.00818181037902832
decode: 6 0 18588 6 0.008185148239135742
decode: 6 0 18594 6 0.008195638656616211
decode: 6 0 18600 6 0.008183956146240234
decode: 6 0 18606 6 0.008205652236938477
decode: 6 0 18612 6 0.008179664611816406
decode: 6 0 18618 6 0.008170127868652344
decode: 6 0 18624 6 0.00820469856262207
decode: 6 0 18630 6 0.008193254470825195
decode: 6 0 18636 6 0.00818777084350586
decode: 6 0 18642 6 0.008173465728759766
decode: 6 0 18648 6 0.00816965103149414
decode: 6 0 18654 6 0.008163928985595703
decode: 6 0 18660 6 0.008159160614013672
decode: 6 0 18666 6 0.008169412612915039
decode: 6 0 18672 6 0.00817108154296875
decode: 6 0 18678 6 0.008166790008544922
decode: 6 0 18684 6 0.008177995681762695
decode: 6 0 18690 6 0.008178234100341797
decode: 6 0 18696 6 0.008186578750610352
decode: 6 0 18702 6 0.008173465728759766
decode: 6 0 18708 6 0.008196830749511719
decode: 6 0 18714 6 0.00818181037902832
decode: 6 0 18720 6 0.008171558380126953
decode: 6 0 18726 6 0.008186578750610352
decode: 6 0 18732 6 0.008175849914550781
decode: 6 0 18738 6 0.008173227310180664
decode: 6 0 18744 6 0.008197546005249023
decode: 6 0 18750 6 0.008173465728759766
decode: 6 0 18756 6 0.00818943977355957
decode: 6 0 18762 6 0.008179664611816406
decode: 6 0 18768 6 0.008184194564819336
decode: 6 0 18774 6 0.008186101913452148
decode: 6 0 18780 6 0.008171796798706055
decode: 6 0 18786 6 0.008172750473022461
decode: 6 0 18792 6 0.008189678192138672
decode: 6 0 18798 6 0.00817418098449707
decode: 6 0 18804 6 0.008192300796508789
decode: 6 0 18810 6 0.008178949356079102
decode: 6 0 18816 6 0.008173704147338867
decode: 6 0 18822 6 0.008188724517822266
decode: 6 0 18828 6 0.00818490982055664
decode: 6 0 18834 6 0.008207559585571289
decode: 6 0 18840 6 0.008210182189941406
decode: 6 0 18846 6 0.008179664611816406
decode: 6 0 18852 6 0.008179426193237305
decode: 6 0 18858 6 0.008187532424926758
decode: 6 0 18864 6 0.008185863494873047
decode: 6 0 18870 6 0.008206605911254883
decode: 6 0 18876 6 0.008186101913452148
decode: 6 0 18882 6 0.008191108703613281
decode: 6 0 18888 6 0.008182525634765625
decode: 6 0 18894 6 0.008180618286132812
decode: 6 0 18900 6 0.008201837539672852
decode: 6 0 18906 6 0.008173704147338867
decode: 6 0 18912 6 0.008183479309082031
decode: 6 0 18918 6 0.008180618286132812
decode: 6 0 18924 6 0.0081787109375
decode: 6 0 18930 6 0.008172988891601562
decode: 6 0 18936 6 0.008174657821655273
decode: 6 0 18942 6 0.008165359497070312
decode: 6 0 18948 6 0.008184432983398438
decode: 6 0 18954 6 0.008174896240234375
decode: 6 0 18960 6 0.008171319961547852
decode: 6 0 18966 6 0.008173227310180664
decode: 6 0 18972 6 0.0081787109375
decode: 6 0 18978 6 0.008176088333129883
decode: 6 0 18984 6 0.0082244873046875
decode: 6 0 18990 6 0.008180379867553711
decode: 6 0 18996 6 0.008201837539672852
decode: 6 0 19002 6 0.008185386657714844
decode: 6 0 19008 6 0.008161306381225586
decode: 6 0 19014 6 0.008164644241333008
decode: 6 0 19020 6 0.008186101913452148
decode: 6 0 19026 6 0.008173704147338867
decode: 6 0 19032 6 0.008177042007446289
decode: 6 0 19038 6 0.008166074752807617
decode: 6 0 19044 6 0.008186101913452148
decode: 6 0 19050 6 0.00816488265991211
decode: 6 0 19056 6 0.008184671401977539
decode: 6 0 19062 6 0.008172750473022461
decode: 6 0 19068 6 0.008190155029296875
decode: 6 0 19074 6 0.008175373077392578
decode: 6 0 19080 6 0.008174896240234375
decode: 6 0 19086 6 0.008181095123291016
decode: 6 0 19092 6 0.008179187774658203
decode: 6 0 19098 6 0.008178949356079102
decode: 6 0 19104 6 0.008204460144042969
decode: 6 0 19110 6 0.008178472518920898
decode: 6 0 19116 6 0.008188009262084961
decode: 6 0 19122 6 0.008177042007446289
decode: 6 0 19128 6 0.008198022842407227
decode: 6 0 19134 6 0.008180856704711914
decode: 6 0 19140 6 0.008189916610717773
decode: 6 0 19146 6 0.008173704147338867
decode: 6 0 19152 6 0.008190393447875977
decode: 6 0 19158 6 0.008162975311279297
decode: 6 0 19164 6 0.008174419403076172
decode: 6 0 19170 6 0.008176803588867188
decode: 6 0 19176 6 0.00816798210144043
decode: 6 0 19182 6 0.008172750473022461
decode: 6 0 19188 6 0.00818181037902832
decode: 6 0 19194 6 0.008176326751708984
decode: 6 0 19200 6 0.008193492889404297
decode: 6 0 19206 6 0.008178234100341797
decode: 6 0 19212 6 0.008178472518920898
decode: 6 0 19218 6 0.008172988891601562
decode: 6 0 19224 6 0.008174657821655273
decode: 6 0 19230 6 0.008203744888305664
decode: 6 0 19236 6 0.00818014144897461
decode: 6 0 19242 6 0.008193492889404297
decode: 6 0 19248 6 0.008186817169189453
decode: 6 0 19254 6 0.008190631866455078
decode: 6 0 19260 6 0.008187055587768555
decode: 6 0 19266 6 0.008183479309082031
decode: 6 0 19272 6 0.008186578750610352
decode: 6 0 19278 6 0.008184194564819336
decode: 6 0 19284 6 0.008183002471923828
decode: 6 0 19290 6 0.008202791213989258
decode: 6 0 19296 6 0.008170604705810547
decode: 6 0 19302 6 0.00817728042602539
decode: 6 0 19308 6 0.008171796798706055
decode: 6 0 19314 6 0.008163213729858398
decode: 6 0 19320 6 0.008192777633666992
decode: 6 0 19326 6 0.008183479309082031
decode: 6 0 19332 6 0.00817418098449707
decode: 6 0 19338 6 0.008185148239135742
decode: 6 0 19344 6 0.008196115493774414
decode: 6 0 19350 6 0.008192062377929688
decode: 6 0 19356 6 0.008205413818359375
decode: 6 0 19362 6 0.008193492889404297
decode: 6 0 19368 6 0.008196830749511719
decode: 6 0 19374 6 0.008189916610717773
decode: 6 0 19380 6 0.008192777633666992
decode: 6 0 19386 6 0.008175849914550781
decode: 6 0 19392 6 0.008175849914550781
decode: 6 0 19398 6 0.008209228515625
decode: 6 0 19404 6 0.008182764053344727
decode: 6 0 19410 6 0.008193016052246094
decode: 6 0 19416 6 0.008178949356079102
decode: 6 0 19422 6 0.008176088333129883
decode: 6 0 19428 6 0.008168458938598633
decode: 6 0 19434 6 0.008172988891601562
decode: 6 0 19440 6 0.008171796798706055
decode: 6 0 19446 6 0.008172035217285156
decode: 6 0 19452 6 0.0081787109375
decode: 6 0 19458 6 0.008182525634765625
decode: 6 0 19464 6 0.008208036422729492
decode: 6 0 19470 6 0.008189916610717773
decode: 6 0 19476 6 0.00816655158996582
decode: 6 0 19482 6 0.008187294006347656
decode: 6 0 19488 6 0.008223772048950195
decode: 6 0 19494 6 0.008201122283935547
decode: 6 0 19500 6 0.00819540023803711
decode: 6 0 19506 6 0.008197546005249023
decode: 6 0 19512 6 0.00818777084350586
decode: 6 0 19518 6 0.008198261260986328
decode: 6 0 19524 6 0.00817561149597168
decode: 6 0 19530 6 0.008176565170288086
decode: 6 0 19536 6 0.008182764053344727
decode: 6 0 19542 6 0.008218526840209961
decode: 6 0 19548 6 0.008239507675170898
decode: 6 0 19554 6 0.008224010467529297
decode: 6 0 19560 6 0.008235454559326172
decode: 6 0 19566 6 0.008233308792114258
decode: 6 0 19572 6 0.008238077163696289
decode: 6 0 19578 6 0.008222579956054688
decode: 6 0 19584 6 0.008239030838012695
decode: 6 0 19590 6 0.008216142654418945
decode: 6 0 19596 6 0.008238077163696289
decode: 6 0 19602 6 0.008230447769165039
decode: 6 0 19608 6 0.008248567581176758
decode: 6 0 19614 6 0.008229255676269531
decode: 6 0 19620 6 0.008244514465332031
decode: 5 0 17571 5 0.008137941360473633
decode: 5 0 17576 5 0.00813913345336914
decode: 5 0 17581 5 0.008117914199829102
decode: 5 0 17586 5 0.008126974105834961
decode: 5 0 17591 5 0.008125066757202148
decode: 5 0 17596 5 0.008113861083984375
decode: 5 0 17601 5 0.008119344711303711
decode: 4 0 15189 4 0.008024215698242188
decode: 4 0 15193 4 0.007946491241455078
decode: 4 0 15197 4 0.007935047149658203
decode: 4 0 15201 4 0.007929801940917969
decode: 4 0 15205 4 0.007938623428344727
decode: 4 0 15209 4 0.007930517196655273
decode: 4 0 15213 4 0.007948160171508789
decode: 4 0 15217 4 0.007935285568237305
decode: 4 0 15221 4 0.007924079895019531
decode: 4 0 15225 4 0.007954597473144531
decode: 4 0 15229 4 0.007941246032714844
decode: 4 0 15233 4 0.007924318313598633
decode: 4 0 15237 4 0.007947921752929688
decode: 4 0 15241 4 0.007941246032714844
decode: 4 0 15245 4 0.00793766975402832
decode: 4 0 15249 4 0.007933616638183594
decode: 4 0 15253 4 0.007966279983520508
decode: 4 0 15257 4 0.007938623428344727
decode: 4 0 15261 4 0.007941007614135742
decode: 4 0 15265 4 0.007951021194458008
decode: 4 0 15269 4 0.007933616638183594
decode: 4 0 15273 4 0.007922887802124023
decode: 4 0 15277 4 0.00793147087097168
decode: 4 0 15281 4 0.007936239242553711
decode: 4 0 15285 4 0.007922649383544922
decode: 4 0 15289 4 0.007922172546386719
decode: 4 0 15293 4 0.0079498291015625
decode: 4 0 15297 4 0.007926702499389648
decode: 4 0 15301 4 0.007953405380249023
decode: 4 0 15305 4 0.007941007614135742
decode: 4 0 15309 4 0.007951974868774414
decode: 4 0 15313 4 0.007927656173706055
decode: 4 0 15317 4 0.007935047149658203
decode: 4 0 15321 4 0.007956266403198242
decode: 4 0 15325 4 0.007952690124511719
decode: 4 0 15329 4 0.00795292854309082
decode: 4 0 15333 4 0.007950544357299805
decode: 4 0 15337 4 0.007950067520141602
decode: 4 0 15341 4 0.007931709289550781
decode: 4 0 15345 4 0.007938861846923828
decode: 4 0 15349 4 0.00795602798461914
decode: 4 0 15353 4 0.007933855056762695
decode: 4 0 15357 4 0.007956743240356445
decode: 4 0 15361 4 0.007950305938720703
decode: 4 0 15365 4 0.00793766975402832
decode: 4 0 15369 4 0.007943391799926758
decode: 4 0 15373 4 0.007943868637084961
decode: 4 0 15377 4 0.007936716079711914
decode: 4 0 15381 4 0.007946968078613281
decode: 4 0 15385 4 0.007944583892822266
decode: 4 0 15389 4 0.00794672966003418
decode: 4 0 15393 4 0.007937908172607422
decode: 4 0 15397 4 0.007955074310302734
decode: 4 0 15401 4 0.00793910026550293
decode: 4 0 15405 4 0.007939338684082031
decode: 4 0 15409 4 0.007938385009765625
decode: 4 0 15413 4 0.007948637008666992
decode: 4 0 15417 4 0.00793766975402832
decode: 4 0 15421 4 0.007938146591186523
decode: 4 0 15425 4 0.007941484451293945
decode: 4 0 15429 4 0.00793313980102539
decode: 4 0 15433 4 0.007945537567138672
decode: 4 0 15437 4 0.007929086685180664
decode: 4 0 15441 4 0.007930994033813477
decode: 4 0 15445 4 0.007947683334350586
decode: 4 0 15449 4 0.007956743240356445
decode: 4 0 15453 4 0.00794219970703125
decode: 4 0 15457 4 0.007944107055664062
decode: 4 0 15461 4 0.00793766975402832
decode: 4 0 15465 4 0.007936716079711914
decode: 3 0 9504 3 0.007785797119140625
decode: 3 0 9507 3 0.0077626705169677734
decode: 3 0 9510 3 0.007748842239379883
decode: 3 0 9513 3 0.007772207260131836
decode: 3 0 9516 3 0.00775909423828125
decode: 3 0 9519 3 0.007782459259033203
decode: 3 0 9522 3 0.007756471633911133
decode: 3 0 9525 3 0.00774383544921875
decode: 3 0 9528 3 0.007737874984741211
decode: 3 0 9531 3 0.007787227630615234
decode: 3 0 9534 3 0.007754087448120117
decode: 3 0 9537 3 0.007757663726806641
decode: 3 0 9540 3 0.007771730422973633
decode: 3 0 9543 3 0.007735729217529297
decode: 3 0 9546 3 0.0077702999114990234
decode: 3 0 9549 3 0.007752180099487305
decode: 3 0 9552 3 0.007750749588012695
decode: 3 0 9555 3 0.007757663726806641
decode: 3 0 9558 3 0.007747650146484375
decode: 3 0 9561 3 0.007754087448120117
decode: 3 0 9564 3 0.007766246795654297
decode: 3 0 9567 3 0.00774383544921875
decode: 3 0 9570 3 0.007756233215332031
decode: 3 0 9573 3 0.007744312286376953
decode: 3 0 9576 3 0.007745265960693359
decode: 3 0 9579 3 0.007759571075439453
decode: 3 0 9582 3 0.007745265960693359
decode: 3 0 9585 3 0.0077664852142333984
decode: 3 0 9588 3 0.007763862609863281
decode: 3 0 9591 3 0.00778651237487793
decode: 3 0 9594 3 0.00775456428527832
decode: 3 0 9597 3 0.007752180099487305
decode: 3 0 9600 3 0.007768869400024414
decode: 3 0 9603 3 0.0077359676361083984
decode: 3 0 9606 3 0.0077512264251708984
decode: 3 0 9609 3 0.007773876190185547
decode: 3 0 9612 3 0.007743120193481445
decode: 3 0 9615 3 0.007749319076538086
decode: 3 0 9618 3 0.007751941680908203
decode: 3 0 9621 3 0.007742881774902344
decode: 3 0 9624 3 0.007758140563964844
decode: 3 0 9627 3 0.007751941680908203
decode: 3 0 9630 3 0.007760047912597656
decode: 3 0 9633 3 0.0077364444732666016
decode: 3 0 9636 3 0.007750272750854492
decode: 3 0 9639 3 0.007746458053588867
decode: 3 0 9642 3 0.007723093032836914
decode: 3 0 9645 3 0.007756233215332031
decode: 3 0 9648 3 0.0077517032623291016
decode: 3 0 9651 3 0.007729530334472656
decode: 3 0 9654 3 0.0077555179595947266
decode: 3 0 9657 3 0.007744789123535156
decode: 3 0 9660 3 0.0077588558197021484
decode: 3 0 9663 3 0.007761716842651367
decode: 3 0 9666 3 0.007752895355224609
decode: 3 0 9669 3 0.007736682891845703
decode: 3 0 9672 3 0.007753610610961914
decode: 3 0 9675 3 0.007745027542114258
decode: 3 0 9678 3 0.0077326297760009766
decode: 3 0 9681 3 0.007756710052490234
decode: 3 0 9684 3 0.007750034332275391
decode: 3 0 9687 3 0.007751941680908203
decode: 3 0 9690 3 0.007749319076538086
decode: 3 0 9693 3 0.00775909423828125
decode: 3 0 9696 3 0.007747650146484375
decode: 3 0 9699 3 0.007767438888549805
decode: 3 0 9702 3 0.00775909423828125
decode: 3 0 9705 3 0.007750034332275391
decode: 3 0 9708 3 0.0077533721923828125
decode: 3 0 9711 3 0.0077626705169677734
decode: 3 0 9714 3 0.00774073600769043
decode: 3 0 9717 3 0.007745981216430664
decode: 3 0 9720 3 0.007765054702758789
decode: 3 0 9723 3 0.007752418518066406
decode: 3 0 9726 3 0.007748126983642578
decode: 3 0 9729 3 0.00775456428527832
decode: 3 0 9732 3 0.007746458053588867
decode: 3 0 9735 3 0.007771968841552734
decode: 3 0 9738 3 0.00777125358581543
decode: 3 0 9741 3 0.007768869400024414
decode: 3 0 9744 3 0.0077555179595947266
decode: 3 0 9747 3 0.007764101028442383
decode: 3 0 9750 3 0.007748603820800781
decode: 3 0 9753 3 0.007760524749755859
decode: 3 0 9756 3 0.007745265960693359
decode: 3 0 9759 3 0.007761240005493164
decode: 3 0 9762 3 0.007767438888549805
decode: 3 0 9765 3 0.007744550704956055
decode: 3 0 9768 3 0.007765769958496094
decode: 3 0 9771 3 0.007770061492919922
decode: 3 0 9774 3 0.00773310661315918
decode: 3 0 9777 3 0.007742643356323242
decode: 3 0 9780 3 0.007766246795654297
decode: 3 0 9783 3 0.007741212844848633
decode: 3 0 9786 3 0.0077397823333740234
decode: 3 0 9789 3 0.00776362419128418
decode: 3 0 9792 3 0.007745265960693359
decode: 3 0 9795 3 0.007740497589111328
decode: 3 0 9798 3 0.007770538330078125
decode: 3 0 9801 3 0.0077435970306396484
decode: 3 0 9804 3 0.007753849029541016
decode: 3 0 9807 3 0.007752895355224609
decode: 3 0 9810 3 0.007766008377075195
decode: 3 0 9813 3 0.0077457427978515625
decode: 3 0 9816 3 0.0077435970306396484
decode: 3 0 9819 3 0.007768869400024414
decode: 3 0 9822 3 0.0077457427978515625
decode: 3 0 9825 3 0.00775146484375
decode: 3 0 9828 3 0.007739067077636719
decode: 3 0 9831 3 0.007739067077636719
decode: 3 0 9834 3 0.007760763168334961
decode: 3 0 9837 3 0.007735729217529297
decode: 3 0 9840 3 0.007771492004394531
decode: 3 0 9843 3 0.007762908935546875
decode: 3 0 9846 3 0.007767915725708008
decode: 3 0 9849 3 0.007742166519165039
decode: 3 0 9852 3 0.007772922515869141
decode: 3 0 9855 3 0.00775146484375
decode: 3 0 9858 3 0.007738351821899414
decode: 3 0 9861 3 0.007762432098388672
decode: 3 0 9864 3 0.007756710052490234
decode: 3 0 9867 3 0.007750988006591797
decode: 3 0 9870 3 0.007752656936645508
decode: 3 0 9873 3 0.007743358612060547
decode: 3 0 9876 3 0.007764101028442383
decode: 3 0 9879 3 0.0077631473541259766
decode: 2 0 7054 2 0.0076863765716552734
decode: 2 0 7056 2 0.007632255554199219
decode: 2 0 7058 2 0.007602691650390625
decode: 2 0 7060 2 0.0076100826263427734
decode: 2 0 7062 2 0.007613658905029297
decode: 2 0 7064 2 0.007600307464599609
decode: 2 0 7066 2 0.007586956024169922
decode: 2 0 7068 2 0.0075986385345458984
decode: 2 0 7070 2 0.007585287094116211
decode: 2 0 7072 2 0.007594108581542969
decode: 2 0 7074 2 0.007592916488647461
decode: 2 0 7076 2 0.00760197639465332
decode: 2 0 7078 2 0.0075876712799072266
decode: 2 0 7080 2 0.007581472396850586
decode: 2 0 7082 2 0.007581233978271484
decode: 2 0 7084 2 0.007602214813232422
decode: 2 0 7086 2 0.0075948238372802734
decode: 2 0 7088 2 0.007586479187011719
decode: 2 0 7090 2 0.007591724395751953
decode: 2 0 7092 2 0.007586956024169922
decode: 2 0 7094 2 0.007609128952026367
decode: 2 0 7096 2 0.007592678070068359
decode: 2 0 7098 2 0.007597208023071289
decode: 2 0 7100 2 0.007581949234008789
decode: 2 0 7102 2 0.007607460021972656
decode: 2 0 7104 2 0.007596492767333984
decode: 2 0 7106 2 0.007596254348754883
decode: 2 0 7108 2 0.007609128952026367
decode: 2 0 7110 2 0.007588624954223633
decode: 2 0 7112 2 0.007582426071166992
decode: 2 0 7114 2 0.00760197639465332
decode: 2 0 7116 2 0.007586240768432617
decode: 2 0 7118 2 0.0076007843017578125
decode: 2 0 7120 2 0.0075953006744384766
decode: 2 0 7122 2 0.007591724395751953
decode: 2 0 7124 2 0.007584571838378906
decode: 2 0 7126 2 0.0076105594635009766
decode: 2 0 7128 2 0.0075876712799072266
decode: 2 0 7130 2 0.0076389312744140625
decode: 2 0 7132 2 0.007719278335571289
decode: 2 0 7134 2 0.007605314254760742
decode: 2 0 7136 2 0.007587432861328125
decode: 2 0 7138 2 0.0075838565826416016
decode: 2 0 7140 2 0.007605552673339844
decode: 1 0 4607 1 0.007399797439575195
decode: 1 0 4608 1 0.007261991500854492
decode: 1 0 4609 1 0.0072536468505859375
decode: 1 0 4610 1 0.007243156433105469
decode: 1 0 4611 1 0.0072362422943115234
decode: 1 0 4612 1 0.0072803497314453125
decode: 1 0 4613 1 0.007256984710693359
decode: 1 0 4614 1 0.007253170013427734
decode: 1 0 4615 1 0.0072519779205322266
decode: 1 0 4616 1 0.0072367191314697266
decode: 1 0 4617 1 0.0072443485260009766
decode: 1 0 4618 1 0.007238864898681641
decode: 1 0 4619 1 0.007240772247314453
decode: 1 0 4620 1 0.007271528244018555
decode: 1 0 4621 1 0.007252931594848633
decode: 1 0 4622 1 0.0072383880615234375
decode: 1 0 4623 1 0.00724482536315918
decode: 1 0 4624 1 0.007261037826538086
decode: 1 0 4625 1 0.0072536468505859375
decode: 1 0 4626 1 0.007253408432006836
decode: 1 0 4627 1 0.00725245475769043
decode: 1 0 4628 1 0.007250308990478516
decode: 1 0 4629 1 0.007247209548950195
decode: 1 0 4630 1 0.007264852523803711
decode: 1 0 4631 1 0.007262229919433594
decode: 1 0 4632 1 0.007241249084472656
decode: 1 0 4633 1 0.007270336151123047
decode: 1 0 4634 1 0.007264375686645508
decode: 1 0 4635 1 0.0072612762451171875
decode: 1 0 4636 1 0.007255077362060547
decode: 1 0 4637 1 0.007257938385009766
decode: 1 0 4638 1 0.007256507873535156
decode: 1 0 4639 1 0.007259368896484375
decode: 1 0 4640 1 0.007242679595947266
decode: 1 0 4641 1 0.00725555419921875
decode: 1 0 4642 1 0.007266044616699219
decode: 1 0 4643 1 0.007246255874633789
decode: 1 0 4644 1 0.007234811782836914
decode: 1 0 4645 1 0.0072231292724609375
decode: 1 0 4646 1 0.007250070571899414
decode: 1 0 4647 1 0.007251739501953125
decode: 1 0 4648 1 0.0072367191314697266
decode: 1 0 4649 1 0.007239580154418945
decode: 1 0 4650 1 0.0072553157806396484
decode: 1 0 4651 1 0.007272005081176758
decode: 1 0 4652 1 0.007256984710693359
decode: 1 0 4653 1 0.007250785827636719
decode: 1 0 4654 1 0.0072438716888427734
decode: 1 0 4655 1 0.007245779037475586
decode: 1 0 4656 1 0.007261991500854492
decode: 1 0 4657 1 0.00726008415222168
decode: 1 0 4658 1 0.007250785827636719
decode: 1 0 4659 1 0.0072498321533203125
decode: 1 0 4660 1 0.007246494293212891
decode: 1 0 4661 1 0.007265329360961914
decode: 1 0 4662 1 0.0072479248046875
decode: 1 0 4663 1 0.007241725921630859
decode: 1 0 4664 1 0.007281064987182617
decode: 1 0 4665 1 0.0072438716888427734
decode: 1 0 4666 1 0.007264375686645508
decode: 1 0 4667 1 0.007256507873535156
decode: 1 0 4668 1 0.007253885269165039
decode: 1 0 4669 1 0.0072460174560546875
decode: 1 0 4670 1 0.007264137268066406
decode: 1 0 4671 1 0.0072422027587890625
decode: 1 0 4672 1 0.007254600524902344
decode: 1 0 4673 1 0.007254838943481445
decode: 1 0 4674 1 0.00724482536315918
decode: 1 0 4675 1 0.0072400569915771484
decode: 1 0 4676 1 0.007243156433105469
decode: 1 0 4677 1 0.007280588150024414
decode: 1 0 4678 1 0.007248640060424805
decode: 1 0 4679 1 0.007255077362060547
decode: 1 0 4680 1 0.007233858108520508
decode: 1 0 4681 1 0.007275104522705078
