extend: 0 1 0 3597 0.09016060829162598
extend: 0 6 0 8192 0.19020986557006836
extend: 0 4 988 8192 0.21642041206359863
extend: 0 6 3544 8192 0.20079994201660156
extend: 0 3 508 8192 0.21545815467834473
extend: 0 5 2783 8192 0.20981931686401367
extend: 0 4 1620 8007 0.2120823860168457
decode: 24 0 52588 24 0.10496091842651367
extend: 0 14 0 16295 0.3700096607208252
extend: 0 6 0 14935 0.3568387031555176
extend: 0 4 0 14437 0.38271665573120117
extend: 0 5 0 12453 0.3057231903076172
decode: 24 0 69554 24 0.011846065521240234
decode: 24 0 69578 24 0.011543512344360352
decode: 24 0 69602 24 0.011179208755493164
decode: 24 0 69626 24 0.011179447174072266
decode: 24 0 69650 24 0.010984420776367188
decode: 24 0 69674 24 0.010831117630004883
decode: 24 0 69698 24 0.010829687118530273
decode: 24 0 69722 24 0.010808944702148438
decode: 23 0 65702 23 0.010674238204956055
extend: 0 2 0 4190 0.10517430305480957
decode: 24 0 69670 24 0.01161956787109375
decode: 24 0 69694 24 0.011590003967285156
decode: 24 0 69718 24 0.011584043502807617
decode: 22 0 65544 22 0.01103830337524414
decode: 22 0 65566 22 0.010746002197265625
decode: 21 0 62219 21 0.010462284088134766
decode: 21 0 62240 21 0.010488271713256836
decode: 21 0 62261 21 0.010448217391967773
decode: 21 0 62282 21 0.010411977767944336
extend: 0 3 0 8052 0.19219517707824707
decode: 22 0 69706 22 0.011716365814208984
decode: 22 0 69728 22 0.011174201965332031
decode: 21 0 66948 21 0.010992765426635742
decode: 21 0 66969 21 0.010914087295532227
decode: 21 0 66990 21 0.010796785354614258
decode: 21 0 67011 21 0.01084756851196289
decode: 21 0 67032 21 0.010801076889038086
decode: 21 0 67053 21 0.010846138000488281
decode: 21 0 67074 21 0.010755777359008789
extend: 0 2 0 3912 0.09346151351928711
decode: 22 0 69701 22 0.011748790740966797
decode: 22 0 69723 22 0.011397838592529297
decode: 21 0 68632 21 0.010982513427734375
decode: 21 0 68653 21 0.01090693473815918
decode: 21 0 68674 21 0.010860443115234375
decode: 21 0 68695 21 0.010845422744750977
decode: 21 0 68716 21 0.01083064079284668
decode: 21 0 68737 21 0.010897397994995117
decode: 21 0 68758 21 0.010764598846435547
decode: 21 0 68779 21 0.010764837265014648
extend: 0 1 0 1113 0.029434919357299805
decode: 21 0 68474 21 0.010796546936035156
decode: 21 0 68495 21 0.010831832885742188
decode: 21 0 68516 21 0.01080322265625
decode: 20 0 67309 20 0.010754585266113281
decode: 20 0 67329 20 0.010747671127319336
decode: 20 0 67349 20 0.010735750198364258
extend: 0 2 0 2748 0.06395816802978516
decode: 21 0 68999 21 0.011495590209960938
decode: 21 0 69020 21 0.011363983154296875
decode: 21 0 69041 21 0.01111745834350586
decode: 21 0 69062 21 0.011100292205810547
decode: 21 0 69083 21 0.011222362518310547
decode: 21 0 69104 21 0.011064291000366211
decode: 21 0 69125 21 0.011035919189453125
decode: 21 0 69146 21 0.010831356048583984
decode: 21 0 69167 21 0.010817766189575195
decode: 21 0 69188 21 0.010802507400512695
decode: 21 0 69209 21 0.010782003402709961
decode: 21 0 69230 21 0.010781049728393555
decode: 21 0 69251 21 0.010810136795043945
decode: 21 0 69272 21 0.010777711868286133
decode: 21 0 69293 21 0.010780811309814453
decode: 21 0 69314 21 0.010830402374267578
decode: 21 0 69335 21 0.010892629623413086
decode: 21 0 69356 21 0.010786771774291992
decode: 21 0 69377 21 0.010822534561157227
decode: 21 0 69398 21 0.010835886001586914
decode: 21 0 69419 21 0.010783910751342773
decode: 21 0 69440 21 0.010825157165527344
decode: 21 0 69461 21 0.010806560516357422
decode: 21 0 69482 21 0.010897397994995117
decode: 21 0 69503 21 0.010812997817993164
decode: 21 0 69524 21 0.010822772979736328
decode: 21 0 69545 21 0.010921955108642578
decode: 21 0 69566 21 0.010866641998291016
decode: 21 0 69587 21 0.010831594467163086
decode: 21 0 69608 21 0.010829687118530273
decode: 21 0 69629 21 0.010849952697753906
decode: 21 0 69650 21 0.010807514190673828
decode: 21 0 69671 21 0.010812997817993164
decode: 21 0 69692 21 0.010799169540405273
decode: 21 0 69713 21 0.010784149169921875
decode: 21 0 69734 21 0.010810375213623047
decode: 20 0 66900 20 0.010678529739379883
decode: 20 0 66920 20 0.010747432708740234
decode: 20 0 66940 20 0.010725259780883789
extend: 0 2 0 3975 0.09554910659790039
decode: 21 0 69589 21 0.011478900909423828
decode: 21 0 69610 21 0.011373519897460938
decode: 21 0 69631 21 0.01128530502319336
decode: 21 0 69652 21 0.011283159255981445
decode: 21 0 69673 21 0.010926961898803711
decode: 21 0 69694 21 0.010890722274780273
decode: 21 0 69715 21 0.010894298553466797
decode: 21 0 69736 21 0.010889530181884766
decode: 20 0 68628 20 0.010797500610351562
decode: 20 0 68648 20 0.010837554931640625
decode: 20 0 68668 20 0.010832071304321289
decode: 20 0 68688 20 0.010813236236572266
decode: 20 0 68708 20 0.010816812515258789
decode: 20 0 68728 20 0.010831832885742188
decode: 20 0 68748 20 0.010864973068237305
decode: 20 0 68768 20 0.010916948318481445
decode: 20 0 68788 20 0.010803461074829102
decode: 20 0 68808 20 0.01081705093383789
decode: 20 0 68828 20 0.010787248611450195
decode: 20 0 68848 20 0.010810613632202148
decode: 20 0 68868 20 0.01078653335571289
decode: 20 0 68888 20 0.0107879638671875
decode: 20 0 68908 20 0.010897159576416016
decode: 20 0 68928 20 0.010795116424560547
decode: 20 0 68948 20 0.010796308517456055
decode: 20 0 68968 20 0.01079106330871582
decode: 20 0 68988 20 0.010872840881347656
decode: 20 0 69008 20 0.010898351669311523
decode: 20 0 69028 20 0.010857105255126953
decode: 20 0 69048 20 0.010810136795043945
decode: 20 0 69068 20 0.010778188705444336
decode: 20 0 69088 20 0.010801315307617188
decode: 20 0 69108 20 0.010784149169921875
decode: 20 0 69128 20 0.010779380798339844
decode: 20 0 69148 20 0.01079702377319336
decode: 20 0 69168 20 0.010778427124023438
decode: 20 0 69188 20 0.010776281356811523
decode: 20 0 69208 20 0.010820865631103516
decode: 20 0 69228 20 0.010867118835449219
decode: 20 0 69248 20 0.010802507400512695
decode: 20 0 69268 20 0.010779619216918945
decode: 20 0 69288 20 0.01079249382019043
decode: 20 0 69308 20 0.010829687118530273
decode: 20 0 69328 20 0.010820150375366211
decode: 20 0 69348 20 0.010822772979736328
decode: 20 0 69368 20 0.01083064079284668
decode: 20 0 69388 20 0.010839462280273438
decode: 20 0 69408 20 0.010875701904296875
decode: 20 0 69428 20 0.010840177536010742
decode: 20 0 69448 20 0.010810136795043945
decode: 20 0 69468 20 0.0107879638671875
decode: 20 0 69488 20 0.010813474655151367
decode: 20 0 69508 20 0.01083827018737793
decode: 20 0 69528 20 0.010903358459472656
decode: 20 0 69548 20 0.01080012321472168
decode: 20 0 69568 20 0.010861873626708984
decode: 20 0 69588 20 0.010792970657348633
decode: 20 0 69608 20 0.01080465316772461
decode: 20 0 69628 20 0.010836362838745117
decode: 20 0 69648 20 0.010815143585205078
decode: 20 0 69668 20 0.010825395584106445
decode: 20 0 69688 20 0.010826587677001953
decode: 20 0 69708 20 0.010811328887939453
decode: 20 0 69728 20 0.010824203491210938
extend: 0 1 0 1129 0.029599905014038086
decode: 20 0 69334 20 0.011139154434204102
decode: 20 0 69354 20 0.011207103729248047
decode: 20 0 69374 20 0.010994911193847656
decode: 20 0 69394 20 0.010957002639770508
decode: 20 0 69414 20 0.010911226272583008
decode: 20 0 69434 20 0.010897636413574219
decode: 20 0 69454 20 0.010873794555664062
decode: 20 0 69474 20 0.010826587677001953
decode: 20 0 69494 20 0.010847330093383789
decode: 20 0 69514 20 0.010846853256225586
decode: 20 0 69534 20 0.010836124420166016
decode: 20 0 69554 20 0.01084280014038086
decode: 20 0 69574 20 0.010834455490112305
decode: 20 0 69594 20 0.010849475860595703
decode: 20 0 69614 20 0.010892629623413086
decode: 20 0 69634 20 0.010909795761108398
decode: 20 0 69654 20 0.01088571548461914
decode: 20 0 69674 20 0.010886192321777344
decode: 20 0 69694 20 0.010876893997192383
decode: 20 0 69714 20 0.010867834091186523
decode: 20 0 69734 20 0.010870695114135742
decode: 19 0 68603 19 0.010838508605957031
decode: 19 0 68622 19 0.010819435119628906
decode: 19 0 68641 19 0.010825634002685547
decode: 19 0 68660 19 0.010862350463867188
decode: 19 0 68679 19 0.010839223861694336
decode: 19 0 68698 19 0.01094508171081543
decode: 19 0 68717 19 0.010918378829956055
decode: 19 0 68736 19 0.010992288589477539
decode: 19 0 68755 19 0.010891199111938477
decode: 19 0 68774 19 0.010890483856201172
decode: 19 0 68793 19 0.010840415954589844
decode: 19 0 68812 19 0.010859489440917969
decode: 19 0 68831 19 0.010982275009155273
decode: 19 0 68850 19 0.010859966278076172
decode: 19 0 68869 19 0.010838031768798828
decode: 19 0 68888 19 0.01085042953491211
decode: 19 0 68907 19 0.010893821716308594
decode: 19 0 68926 19 0.010849714279174805
decode: 19 0 68945 19 0.010851860046386719
decode: 19 0 68964 19 0.010828256607055664
decode: 19 0 68983 19 0.01081991195678711
decode: 19 0 69002 19 0.010863065719604492
decode: 19 0 69021 19 0.010848283767700195
decode: 19 0 69040 19 0.01085662841796875
decode: 19 0 69059 19 0.01083683967590332
decode: 19 0 69078 19 0.010824441909790039
decode: 19 0 69097 19 0.010842323303222656
decode: 19 0 69116 19 0.010870695114135742
decode: 19 0 69135 19 0.010857105255126953
decode: 19 0 69154 19 0.010876655578613281
decode: 19 0 69173 19 0.010893583297729492
decode: 19 0 69192 19 0.01086115837097168
decode: 19 0 69211 19 0.010864734649658203
decode: 19 0 69230 19 0.010885477066040039
decode: 19 0 69249 19 0.010850906372070312
decode: 19 0 69268 19 0.010843515396118164
decode: 19 0 69287 19 0.010883092880249023
decode: 19 0 69306 19 0.010934591293334961
decode: 19 0 69325 19 0.010835647583007812
decode: 19 0 69344 19 0.010856151580810547
decode: 19 0 69363 19 0.010833263397216797
decode: 19 0 69382 19 0.010845661163330078
decode: 19 0 69401 19 0.010863065719604492
decode: 19 0 69420 19 0.010917186737060547
decode: 19 0 69439 19 0.010900020599365234
decode: 19 0 69458 19 0.010863780975341797
decode: 19 0 69477 19 0.010914087295532227
decode: 19 0 69496 19 0.010876893997192383
decode: 19 0 69515 19 0.010897159576416016
decode: 19 0 69534 19 0.010924339294433594
decode: 19 0 69553 19 0.010864019393920898
decode: 19 0 69572 19 0.010840177536010742
decode: 19 0 69591 19 0.010873556137084961
decode: 19 0 69610 19 0.010825157165527344
decode: 19 0 69629 19 0.01082754135131836
decode: 19 0 69648 19 0.010834932327270508
decode: 19 0 69667 19 0.010859489440917969
decode: 19 0 69686 19 0.010857343673706055
decode: 19 0 69705 19 0.010848760604858398
decode: 19 0 69724 19 0.010854244232177734
decode: 18 0 66742 18 0.010831594467163086
extend: 0 1 0 668 0.021784067153930664
decode: 19 0 67429 19 0.010896682739257812
decode: 19 0 67448 19 0.01077580451965332
decode: 19 0 67467 19 0.010811090469360352
extend: 0 1 0 1544 0.04030966758728027
decode: 20 0 69031 20 0.011246681213378906
decode: 20 0 69051 20 0.011082649230957031
decode: 20 0 69071 20 0.011031866073608398
decode: 20 0 69091 20 0.010986566543579102
decode: 20 0 69111 20 0.010895729064941406
decode: 20 0 69131 20 0.010869026184082031
decode: 20 0 69151 20 0.010846614837646484
decode: 20 0 69171 20 0.010828256607055664
decode: 20 0 69191 20 0.01083683967590332
decode: 20 0 69211 20 0.010836601257324219
decode: 19 0 65700 19 0.010707378387451172
extend: 0 1 0 564 0.0186004638671875
decode: 20 0 66284 20 0.010626554489135742
extend: 0 2 0 3380 0.08285355567932129
decode: 22 0 69686 22 0.011629343032836914
decode: 22 0 69708 22 0.011342287063598633
extend: 0 1 0 273 0.013272523880004883
decode: 22 0 69318 22 0.01097726821899414
decode: 22 0 69340 22 0.010959863662719727
decode: 22 0 69362 22 0.010969877243041992
decode: 22 0 69384 22 0.010965108871459961
decode: 22 0 69406 22 0.01094675064086914
decode: 22 0 69428 22 0.010918378829956055
decode: 22 0 69450 22 0.010871171951293945
decode: 22 0 69472 22 0.010910987854003906
decode: 22 0 69494 22 0.010902166366577148
decode: 22 0 69516 22 0.010892152786254883
decode: 22 0 69538 22 0.01090550422668457
decode: 22 0 69560 22 0.010885000228881836
decode: 22 0 69582 22 0.010864973068237305
decode: 22 0 69604 22 0.010889530181884766
decode: 22 0 69626 22 0.010957717895507812
decode: 22 0 69648 22 0.010891199111938477
decode: 22 0 69670 22 0.01092982292175293
decode: 22 0 69692 22 0.010904550552368164
decode: 22 0 69714 22 0.010916709899902344
decode: 22 0 69736 22 0.010888338088989258
decode: 21 0 69170 21 0.010899066925048828
decode: 21 0 69191 21 0.010906457901000977
decode: 21 0 69212 21 0.010933637619018555
decode: 21 0 69233 21 0.010892152786254883
decode: 21 0 69254 21 0.010885953903198242
decode: 21 0 69275 21 0.011010169982910156
decode: 21 0 69296 21 0.010900497436523438
decode: 21 0 69317 21 0.010911941528320312
decode: 21 0 69338 21 0.010894060134887695
decode: 21 0 69359 21 0.010844945907592773
decode: 21 0 69380 21 0.010869503021240234
decode: 21 0 69401 21 0.010850667953491211
decode: 21 0 69422 21 0.01084589958190918
decode: 21 0 69443 21 0.010856389999389648
decode: 21 0 69464 21 0.010920047760009766
decode: 21 0 69485 21 0.010860919952392578
decode: 21 0 69506 21 0.010848045349121094
decode: 21 0 69527 21 0.010869264602661133
decode: 21 0 69548 21 0.010847806930541992
decode: 21 0 69569 21 0.010854005813598633
decode: 21 0 69590 21 0.010850906372070312
decode: 21 0 69611 21 0.01090693473815918
decode: 21 0 69632 21 0.010845184326171875
decode: 21 0 69653 21 0.01087808609008789
decode: 21 0 69674 21 0.0108642578125
decode: 21 0 69695 21 0.010844945907592773
decode: 21 0 69716 21 0.010834932327270508
decode: 19 0 68987 19 0.010855436325073242
decode: 19 0 69006 19 0.011176347732543945
decode: 19 0 69025 19 0.010918855667114258
decode: 19 0 69044 19 0.01089024543762207
decode: 19 0 69063 19 0.010843038558959961
decode: 19 0 69082 19 0.010879755020141602
decode: 19 0 69101 19 0.010875701904296875
decode: 19 0 69120 19 0.010864496231079102
decode: 19 0 69139 19 0.010857105255126953
decode: 19 0 69158 19 0.010878562927246094
decode: 19 0 69177 19 0.010875701904296875
decode: 19 0 69196 19 0.010972976684570312
decode: 19 0 69215 19 0.01089930534362793
decode: 19 0 69234 19 0.01085209846496582
decode: 19 0 69253 19 0.010983943939208984
decode: 19 0 69272 19 0.010862588882446289
decode: 19 0 69291 19 0.010834217071533203
decode: 19 0 69310 19 0.01083993911743164
decode: 19 0 69329 19 0.010863542556762695
decode: 18 0 65037 18 0.010604619979858398
decode: 18 0 65055 18 0.010589838027954102
decode: 18 0 65073 18 0.010556697845458984
decode: 18 0 65091 18 0.010683059692382812
extend: 0 3 0 1436 0.03659248352050781
decode: 21 0 66548 21 0.010935068130493164
decode: 21 0 66569 21 0.011023998260498047
decode: 21 0 66590 21 0.010927200317382812
decode: 21 0 66611 21 0.010853767395019531
decode: 21 0 66632 21 0.010714292526245117
decode: 21 0 66653 21 0.010687589645385742
extend: 0 2 0 1739 0.04166913032531738
decode: 23 0 68415 23 0.011094093322753906
decode: 23 0 68438 23 0.01079416275024414
decode: 23 0 68461 23 0.01079416275024414
decode: 23 0 68484 23 0.010780096054077148
decode: 23 0 68507 23 0.010681390762329102
decode: 23 0 68530 23 0.010708093643188477
decode: 23 0 68553 23 0.010686397552490234
decode: 23 0 68576 23 0.010731220245361328
decode: 23 0 68599 23 0.010728836059570312
decode: 23 0 68622 23 0.010780572891235352
decode: 23 0 68645 23 0.010756254196166992
decode: 23 0 68668 23 0.01073765754699707
decode: 23 0 68691 23 0.010763883590698242
decode: 23 0 68714 23 0.010765790939331055
extend: 0 1 0 1348 0.03527569770812988
decode: 23 0 69483 23 0.011301994323730469
decode: 23 0 69506 23 0.011050224304199219
decode: 23 0 69529 23 0.010987997055053711
decode: 23 0 69552 23 0.010886907577514648
decode: 23 0 69575 23 0.0108642578125
decode: 23 0 69598 23 0.010820865631103516
decode: 23 0 69621 23 0.010857105255126953
decode: 23 0 69644 23 0.010807991027832031
decode: 23 0 69667 23 0.010803699493408203
decode: 23 0 69690 23 0.010793447494506836
decode: 23 0 69713 23 0.010765552520751953
decode: 23 0 69736 23 0.010793209075927734
decode: 22 0 69040 22 0.010736227035522461
decode: 22 0 69062 22 0.01073145866394043
decode: 22 0 69084 22 0.01078653335571289
extend: 0 1 0 719 0.021756887435913086
decode: 22 0 69469 22 0.01083827018737793
decode: 22 0 69491 22 0.010835647583007812
decode: 22 0 69513 22 0.010861873626708984
decode: 22 0 69535 22 0.010813713073730469
decode: 22 0 69557 22 0.010812520980834961
decode: 22 0 69579 22 0.010791778564453125
decode: 22 0 69601 22 0.010907411575317383
decode: 22 0 69623 22 0.010825634002685547
decode: 22 0 69645 22 0.010791301727294922
decode: 22 0 69667 22 0.010805130004882812
decode: 22 0 69689 22 0.010818243026733398
decode: 22 0 69711 22 0.010799169540405273
decode: 22 0 69733 22 0.01080942153930664
decode: 21 0 69022 21 0.010749578475952148
decode: 21 0 69043 21 0.010798931121826172
decode: 21 0 69064 21 0.010772705078125
extend: 0 1 0 733 0.02175593376159668
decode: 21 0 69338 21 0.010915756225585938
decode: 21 0 69359 21 0.010811328887939453
decode: 21 0 69380 21 0.010888338088989258
decode: 21 0 69401 21 0.01081705093383789
decode: 21 0 69422 21 0.010833501815795898
decode: 21 0 69443 21 0.010847806930541992
decode: 21 0 69464 21 0.010771036148071289
decode: 21 0 69485 21 0.010787248611450195
decode: 21 0 69506 21 0.0108184814453125
decode: 21 0 69527 21 0.010757684707641602
decode: 21 0 69548 21 0.010770559310913086
decode: 21 0 69569 21 0.010878324508666992
decode: 21 0 69590 21 0.010825395584106445
decode: 21 0 69611 21 0.010925531387329102
decode: 21 0 69632 21 0.010825634002685547
decode: 21 0 69653 21 0.010797262191772461
decode: 21 0 69674 21 0.010833263397216797
decode: 21 0 69695 21 0.010824441909790039
decode: 21 0 69716 21 0.010827064514160156
decode: 20 0 68984 20 0.01069498062133789
decode: 20 0 69004 20 0.010714530944824219
decode: 20 0 69024 20 0.010701179504394531
decode: 20 0 69044 20 0.010681867599487305
decode: 20 0 69064 20 0.010703086853027344
decode: 20 0 69084 20 0.010697603225708008
decode: 20 0 69104 20 0.010704994201660156
decode: 20 0 69124 20 0.010788440704345703
decode: 20 0 69144 20 0.010739326477050781
decode: 20 0 69164 20 0.01073002815246582
decode: 20 0 69184 20 0.010789155960083008
decode: 20 0 69204 20 0.01087641716003418
decode: 20 0 69224 20 0.01075887680053711
decode: 20 0 69244 20 0.010777950286865234
decode: 20 0 69264 20 0.010765552520751953
decode: 20 0 69284 20 0.010843753814697266
decode: 20 0 69304 20 0.010821104049682617
decode: 20 0 69324 20 0.010775327682495117
decode: 20 0 69344 20 0.010748863220214844
decode: 20 0 69364 20 0.010859966278076172
decode: 20 0 69384 20 0.010747909545898438
decode: 20 0 69404 20 0.01075434684753418
decode: 20 0 69424 20 0.01074075698852539
decode: 20 0 69444 20 0.01073908805847168
decode: 20 0 69464 20 0.010772228240966797
decode: 20 0 69484 20 0.010764598846435547
decode: 20 0 69504 20 0.01076817512512207
decode: 20 0 69524 20 0.01077580451965332
decode: 20 0 69544 20 0.010869264602661133
decode: 20 0 69564 20 0.010838031768798828
decode: 20 0 69584 20 0.010769844055175781
decode: 20 0 69604 20 0.010778188705444336
decode: 20 0 69624 20 0.010818958282470703
decode: 20 0 69644 20 0.01079416275024414
decode: 20 0 69664 20 0.010750770568847656
decode: 20 0 69684 20 0.010764122009277344
decode: 20 0 69704 20 0.010753870010375977
decode: 20 0 69724 20 0.010746955871582031
decode: 19 0 68490 19 0.010846614837646484
decode: 19 0 68509 19 0.010734319686889648
decode: 19 0 68528 19 0.010743379592895508
decode: 19 0 68547 19 0.010750293731689453
decode: 19 0 68566 19 0.010809659957885742
decode: 19 0 68585 19 0.01076960563659668
decode: 19 0 68604 19 0.010779380798339844
decode: 19 0 68623 19 0.010823488235473633
decode: 19 0 68642 19 0.010764837265014648
decode: 19 0 68661 19 0.010774850845336914
decode: 19 0 68680 19 0.010803699493408203
decode: 19 0 68699 19 0.01073765754699707
decode: 19 0 68718 19 0.010731697082519531
decode: 19 0 68737 19 0.010766267776489258
decode: 19 0 68756 19 0.01075291633605957
decode: 19 0 68775 19 0.010736942291259766
decode: 19 0 68794 19 0.0107421875
decode: 19 0 68813 19 0.01074838638305664
decode: 19 0 68832 19 0.010785102844238281
decode: 19 0 68851 19 0.010744333267211914
decode: 19 0 68870 19 0.010776996612548828
decode: 19 0 68889 19 0.010778665542602539
decode: 19 0 68908 19 0.01079106330871582
decode: 19 0 68927 19 0.01079416275024414
decode: 19 0 68946 19 0.010771989822387695
decode: 19 0 68965 19 0.01076507568359375
decode: 19 0 68984 19 0.010760068893432617
decode: 19 0 69003 19 0.010744094848632812
decode: 19 0 69022 19 0.01074075698852539
decode: 19 0 69041 19 0.010846853256225586
decode: 19 0 69060 19 0.010740995407104492
decode: 19 0 69079 19 0.010776042938232422
decode: 19 0 69098 19 0.010755777359008789
decode: 19 0 69117 19 0.010755538940429688
decode: 19 0 69136 19 0.010834932327270508
decode: 19 0 69155 19 0.010767459869384766
decode: 19 0 69174 19 0.010776996612548828
decode: 19 0 69193 19 0.010766744613647461
decode: 19 0 69212 19 0.010771036148071289
decode: 19 0 69231 19 0.010779619216918945
decode: 19 0 69250 19 0.010804891586303711
decode: 19 0 69269 19 0.010787010192871094
decode: 19 0 69288 19 0.010825872421264648
decode: 19 0 69307 19 0.010742902755737305
decode: 19 0 69326 19 0.010757207870483398
decode: 19 0 69345 19 0.010746240615844727
decode: 19 0 69364 19 0.010744094848632812
decode: 19 0 69383 19 0.0107421875
decode: 19 0 69402 19 0.010745525360107422
decode: 19 0 69421 19 0.010771989822387695
decode: 19 0 69440 19 0.010764598846435547
decode: 19 0 69459 19 0.010767221450805664
decode: 19 0 69478 19 0.01076960563659668
decode: 19 0 69497 19 0.010837316513061523
decode: 19 0 69516 19 0.010772228240966797
decode: 19 0 69535 19 0.010763883590698242
decode: 19 0 69554 19 0.01079869270324707
decode: 19 0 69573 19 0.0107879638671875
decode: 19 0 69592 19 0.010893106460571289
decode: 19 0 69611 19 0.01086282730102539
decode: 19 0 69630 19 0.0108184814453125
decode: 19 0 69649 19 0.010775566101074219
decode: 19 0 69668 19 0.01080179214477539
decode: 19 0 69687 19 0.010789871215820312
decode: 19 0 69706 19 0.010788917541503906
decode: 19 0 69725 19 0.010784626007080078
decode: 18 0 68241 18 0.010751485824584961
extend: 0 1 0 1254 0.031280517578125
decode: 19 0 69514 19 0.010900020599365234
decode: 19 0 69533 19 0.010833740234375
decode: 19 0 69552 19 0.010932207107543945
decode: 19 0 69571 19 0.010818719863891602
decode: 19 0 69590 19 0.010811328887939453
decode: 19 0 69609 19 0.010850906372070312
decode: 19 0 69628 19 0.010828495025634766
decode: 19 0 69647 19 0.01080942153930664
decode: 19 0 69666 19 0.01079106330871582
decode: 19 0 69685 19 0.010812044143676758
decode: 19 0 69704 19 0.01080322265625
decode: 19 0 69723 19 0.010798931121826172
decode: 18 0 68475 18 0.010744810104370117
decode: 18 0 68493 18 0.010866165161132812
decode: 18 0 68511 18 0.010727405548095703
decode: 18 0 68529 18 0.010761022567749023
decode: 18 0 68547 18 0.01075124740600586
decode: 18 0 68565 18 0.010732173919677734
decode: 18 0 68583 18 0.01074361801147461
decode: 18 0 68601 18 0.010749340057373047
decode: 18 0 68619 18 0.010762214660644531
decode: 18 0 68637 18 0.010757684707641602
decode: 18 0 68655 18 0.01086115837097168
decode: 18 0 68673 18 0.010767936706542969
decode: 18 0 68691 18 0.010776996612548828
decode: 18 0 68709 18 0.010795116424560547
decode: 18 0 68727 18 0.010773181915283203
decode: 18 0 68745 18 0.010756492614746094
decode: 18 0 68763 18 0.010736703872680664
decode: 18 0 68781 18 0.010748624801635742
decode: 18 0 68799 18 0.010739803314208984
decode: 18 0 68817 18 0.010741949081420898
decode: 18 0 68835 18 0.010741472244262695
decode: 18 0 68853 18 0.010767936706542969
decode: 18 0 68871 18 0.01076197624206543
decode: 18 0 68889 18 0.010803699493408203
decode: 18 0 68907 18 0.010774374008178711
decode: 18 0 68925 18 0.010771512985229492
decode: 18 0 68943 18 0.010762691497802734
decode: 18 0 68961 18 0.01076507568359375
decode: 18 0 68979 18 0.010779380798339844
decode: 18 0 68997 18 0.010816335678100586
decode: 18 0 69015 18 0.010876893997192383
decode: 18 0 69033 18 0.01080179214477539
decode: 18 0 69051 18 0.010801076889038086
decode: 18 0 69069 18 0.010780096054077148
decode: 18 0 69087 18 0.010824918746948242
decode: 18 0 69105 18 0.010797262191772461
decode: 18 0 69123 18 0.010788917541503906
decode: 18 0 69141 18 0.010803937911987305
decode: 18 0 69159 18 0.01079106330871582
decode: 18 0 69177 18 0.010883569717407227
decode: 18 0 69195 18 0.01089930534362793
decode: 18 0 69213 18 0.010855436325073242
decode: 18 0 69231 18 0.011036396026611328
decode: 18 0 69249 18 0.010822057723999023
decode: 18 0 69267 18 0.01081538200378418
decode: 18 0 69285 18 0.010840654373168945
decode: 18 0 69303 18 0.010813713073730469
decode: 18 0 69321 18 0.010776996612548828
decode: 18 0 69339 18 0.010871410369873047
decode: 18 0 69357 18 0.01085042953491211
decode: 18 0 69375 18 0.010784149169921875
decode: 18 0 69393 18 0.010775089263916016
decode: 18 0 69411 18 0.010807037353515625
decode: 18 0 69429 18 0.01089787483215332
decode: 18 0 69447 18 0.010777711868286133
decode: 18 0 69465 18 0.01083064079284668
decode: 18 0 69483 18 0.010822772979736328
decode: 18 0 69501 18 0.010844707489013672
decode: 18 0 69519 18 0.010830402374267578
decode: 18 0 69537 18 0.010825157165527344
decode: 17 0 65394 17 0.010713577270507812
extend: 0 1 0 756 0.02218914031982422
decode: 18 0 66168 18 0.01082754135131836
decode: 18 0 66186 18 0.010832071304321289
decode: 18 0 66204 18 0.010777950286865234
extend: 0 2 0 2770 0.06401300430297852
decode: 20 0 68994 20 0.011482715606689453
decode: 20 0 69014 20 0.011191129684448242
decode: 20 0 69034 20 0.01112985610961914
decode: 20 0 69054 20 0.010965108871459961
decode: 20 0 69074 20 0.010959863662719727
decode: 20 0 69094 20 0.011039972305297852
decode: 20 0 69114 20 0.01085519790649414
decode: 20 0 69134 20 0.010829925537109375
decode: 20 0 69154 20 0.010809183120727539
decode: 20 0 69174 20 0.01077890396118164
decode: 20 0 69194 20 0.010802984237670898
decode: 20 0 69214 20 0.010889768600463867
decode: 20 0 69234 20 0.010857105255126953
decode: 20 0 69254 20 0.010856151580810547
decode: 20 0 69274 20 0.0108184814453125
decode: 20 0 69294 20 0.010926961898803711
decode: 20 0 69314 20 0.01089024543762207
decode: 20 0 69334 20 0.010821104049682617
decode: 20 0 69354 20 0.010820150375366211
decode: 20 0 69374 20 0.010886192321777344
decode: 20 0 69394 20 0.010823726654052734
decode: 20 0 69414 20 0.010856151580810547
decode: 20 0 69434 20 0.010835647583007812
decode: 20 0 69454 20 0.010853767395019531
decode: 20 0 69474 20 0.010837554931640625
decode: 20 0 69494 20 0.010829448699951172
decode: 20 0 69514 20 0.010839223861694336
decode: 20 0 69534 20 0.01082611083984375
decode: 20 0 69554 20 0.010918617248535156
decode: 20 0 69574 20 0.010963201522827148
decode: 20 0 69594 20 0.010870933532714844
decode: 20 0 69614 20 0.010814905166625977
decode: 20 0 69634 20 0.010787487030029297
decode: 20 0 69654 20 0.010793447494506836
decode: 20 0 69674 20 0.010795831680297852
decode: 20 0 69694 20 0.010795831680297852
decode: 20 0 69714 20 0.01080179214477539
decode: 20 0 69734 20 0.010806083679199219
decode: 19 0 68956 19 0.010828971862792969
decode: 19 0 68975 19 0.010863542556762695
decode: 19 0 68994 19 0.010838985443115234
decode: 19 0 69013 19 0.010810613632202148
decode: 19 0 69032 19 0.010814905166625977
decode: 19 0 69051 19 0.010818243026733398
decode: 19 0 69070 19 0.010805606842041016
decode: 19 0 69089 19 0.010791301727294922
decode: 19 0 69108 19 0.01080179214477539
decode: 19 0 69127 19 0.01083517074584961
decode: 19 0 69146 19 0.010825395584106445
decode: 19 0 69165 19 0.010806798934936523
decode: 19 0 69184 19 0.010788917541503906
decode: 19 0 69203 19 0.010777473449707031
decode: 19 0 69222 19 0.01078939437866211
decode: 19 0 69241 19 0.010810613632202148
decode: 19 0 69260 19 0.010820150375366211
decode: 19 0 69279 19 0.010860681533813477
decode: 19 0 69298 19 0.010810613632202148
decode: 19 0 69317 19 0.010833978652954102
decode: 19 0 69336 19 0.010825872421264648
decode: 19 0 69355 19 0.010833501815795898
decode: 19 0 69374 19 0.010813474655151367
decode: 19 0 69393 19 0.010793209075927734
decode: 19 0 69412 19 0.010790109634399414
decode: 19 0 69431 19 0.010789632797241211
decode: 19 0 69450 19 0.010804414749145508
decode: 19 0 69469 19 0.010781049728393555
extend: 0 1 0 150 0.012032032012939453
decode: 19 0 65166 19 0.010630130767822266
extend: 0 1 0 1523 0.03719830513000488
decode: 20 0 66709 20 0.011240482330322266
decode: 20 0 66729 20 0.011078357696533203
decode: 20 0 66749 20 0.011037826538085938
extend: 0 2 0 1551 0.03973960876464844
decode: 22 0 68322 22 0.011092901229858398
decode: 22 0 68344 22 0.011075973510742188
decode: 22 0 68366 22 0.010944366455078125
decode: 22 0 68388 22 0.010917901992797852
decode: 22 0 68410 22 0.010890007019042969
decode: 22 0 68432 22 0.010970115661621094
decode: 22 0 68454 22 0.010858297348022461
decode: 22 0 68476 22 0.010942220687866211
decode: 22 0 68498 22 0.010884284973144531
decode: 22 0 68520 22 0.010863304138183594
decode: 21 0 65455 21 0.010610818862915039
decode: 21 0 65476 21 0.010684728622436523
decode: 21 0 65497 21 0.010615110397338867
decode: 21 0 65518 21 0.010611295700073242
extend: 0 2 0 1084 0.029235124588012695
decode: 23 0 66625 23 0.010658740997314453
decode: 23 0 66648 23 0.010639190673828125
decode: 23 0 66671 23 0.01065206527709961
decode: 23 0 66694 23 0.010616779327392578
decode: 23 0 66717 23 0.010635852813720703
decode: 23 0 66740 23 0.010630607604980469
extend: 0 1 0 357 0.01396942138671875
decode: 24 0 67121 24 0.010626554489135742
decode: 24 0 67145 24 0.010710954666137695
decode: 24 0 67169 24 0.010707855224609375
decode: 24 0 67193 24 0.010651111602783203
decode: 24 0 67217 24 0.01067495346069336
decode: 24 0 67241 24 0.0106658935546875
decode: 24 0 67265 24 0.010658025741577148
decode: 24 0 67289 24 0.010687589645385742
extend: 0 1 0 2027 0.046977996826171875
decode: 25 0 69341 25 0.011043548583984375
decode: 25 0 69366 25 0.011484861373901367
decode: 25 0 69391 25 0.011236429214477539
decode: 25 0 69416 25 0.01116800308227539
decode: 25 0 69441 25 0.011165142059326172
decode: 25 0 69466 25 0.011049509048461914
decode: 25 0 69491 25 0.011127948760986328
decode: 25 0 69516 25 0.010967731475830078
decode: 25 0 69541 25 0.010969877243041992
decode: 25 0 69566 25 0.010963916778564453
decode: 25 0 69591 25 0.010957717895507812
decode: 25 0 69616 25 0.011008739471435547
decode: 25 0 69641 25 0.010972023010253906
decode: 25 0 69666 25 0.010957479476928711
extend: 0 1 0 131 0.011092185974121094
decode: 25 0 69626 25 0.010996580123901367
decode: 25 0 69651 25 0.010973215103149414
decode: 25 0 69676 25 0.010990381240844727
decode: 25 0 69701 25 0.010982275009155273
decode: 25 0 69726 25 0.010973453521728516
decode: 23 0 67567 23 0.01074528694152832
decode: 23 0 67590 23 0.010796308517456055
decode: 23 0 67613 23 0.010743379592895508
extend: 0 2 0 2184 0.05438661575317383
decode: 24 0 68973 24 0.011488199234008789
decode: 24 0 68997 24 0.011467218399047852
decode: 24 0 69021 24 0.011469125747680664
decode: 24 0 69045 24 0.011083841323852539
decode: 24 0 69069 24 0.011000633239746094
decode: 24 0 69093 24 0.010893583297729492
decode: 24 0 69117 24 0.010867595672607422
decode: 24 0 69141 24 0.010837078094482422
decode: 24 0 69165 24 0.010942697525024414
decode: 24 0 69189 24 0.010940074920654297
decode: 24 0 69213 24 0.01083683967590332
decode: 24 0 69237 24 0.010851621627807617
decode: 24 0 69261 24 0.010843038558959961
extend: 0 1 0 197 0.011637449264526367
decode: 24 0 69332 24 0.010954856872558594
decode: 24 0 69356 24 0.010949373245239258
decode: 24 0 69380 24 0.010840415954589844
decode: 24 0 69404 24 0.010823965072631836
decode: 23 0 68607 23 0.010859012603759766
decode: 23 0 68630 23 0.010839462280273438
decode: 23 0 68653 23 0.010877609252929688
decode: 23 0 68676 23 0.010860204696655273
extend: 0 1 0 849 0.0238494873046875
decode: 23 0 69343 23 0.010856389999389648
decode: 23 0 69366 23 0.010849237442016602
decode: 23 0 69389 23 0.010870933532714844
decode: 23 0 69412 23 0.010852336883544922
decode: 23 0 69435 23 0.010835409164428711
decode: 23 0 69458 23 0.01086115837097168
decode: 23 0 69481 23 0.010840892791748047
decode: 23 0 69504 23 0.01084446907043457
decode: 23 0 69527 23 0.010822534561157227
decode: 23 0 69550 23 0.010812997817993164
decode: 23 0 69573 23 0.010794878005981445
decode: 23 0 69596 23 0.010815620422363281
decode: 23 0 69619 23 0.010862112045288086
decode: 23 0 69642 23 0.010840177536010742
decode: 23 0 69665 23 0.0108642578125
decode: 23 0 69688 23 0.010866641998291016
extend: 0 1 0 206 0.01146245002746582
decode: 23 0 69052 23 0.010939359664916992
decode: 23 0 69075 23 0.010806083679199219
decode: 23 0 69098 23 0.010917901992797852
decode: 23 0 69121 23 0.010801553726196289
decode: 22 0 64435 22 0.010534524917602539
decode: 22 0 64457 22 0.010526418685913086
decode: 22 0 64479 22 0.0105133056640625
decode: 22 0 64501 22 0.01053929328918457
extend: 0 3 0 3914 0.09299898147583008
decode: 25 0 68440 25 0.011924028396606445
decode: 25 0 68465 25 0.011399269104003906
decode: 25 0 68490 25 0.011342048645019531
decode: 25 0 68515 25 0.011118888854980469
decode: 25 0 68540 25 0.011042594909667969
decode: 25 0 68565 25 0.011037826538085938
decode: 25 0 68590 25 0.011056184768676758
decode: 25 0 68615 25 0.011095046997070312
decode: 25 0 68640 25 0.010951757431030273
decode: 25 0 68665 25 0.010968685150146484
decode: 25 0 68690 25 0.01098942756652832
decode: 25 0 68715 25 0.011023283004760742
decode: 25 0 68740 25 0.010963678359985352
decode: 25 0 68765 25 0.011078596115112305
decode: 25 0 68790 25 0.011091947555541992
decode: 25 0 68815 25 0.010955095291137695
decode: 25 0 68840 25 0.010964155197143555
decode: 25 0 68865 25 0.010997533798217773
decode: 25 0 68890 25 0.011098623275756836
decode: 25 0 68915 25 0.011007308959960938
decode: 25 0 68940 25 0.011111259460449219
decode: 25 0 68965 25 0.010981559753417969
decode: 25 0 68990 25 0.010989189147949219
decode: 25 0 69015 25 0.010965108871459961
decode: 25 0 69040 25 0.01097559928894043
decode: 25 0 69065 25 0.010993719100952148
decode: 25 0 69090 25 0.010977745056152344
decode: 25 0 69115 25 0.01108860969543457
decode: 25 0 69140 25 0.011002779006958008
decode: 25 0 69165 25 0.011070013046264648
decode: 25 0 69190 25 0.010931015014648438
decode: 25 0 69215 25 0.0109405517578125
decode: 25 0 69240 25 0.010937213897705078
decode: 25 0 69265 25 0.01091909408569336
decode: 25 0 69290 25 0.01096200942993164
decode: 25 0 69315 25 0.010924816131591797
decode: 25 0 69340 25 0.011040687561035156
decode: 25 0 69365 25 0.010961532592773438
decode: 25 0 69390 25 0.010938405990600586
decode: 25 0 69415 25 0.011063098907470703
decode: 25 0 69440 25 0.011050701141357422
decode: 25 0 69465 25 0.010924339294433594
decode: 25 0 69490 25 0.010935783386230469
decode: 25 0 69515 25 0.01093435287475586
decode: 25 0 69540 25 0.010938167572021484
decode: 25 0 69565 25 0.010936737060546875
decode: 25 0 69590 25 0.010960578918457031
decode: 25 0 69615 25 0.010987281799316406
decode: 25 0 69640 25 0.010910272598266602
decode: 25 0 69665 25 0.010922431945800781
decode: 25 0 69690 25 0.010916948318481445
decode: 25 0 69715 25 0.010970830917358398
decode: 24 0 66790 24 0.010574102401733398
decode: 24 0 66814 24 0.010586023330688477
decode: 24 0 66838 24 0.010599374771118164
extend: 0 1 0 2950 0.07074260711669922
decode: 24 0 69606 24 0.011336565017700195
decode: 24 0 69630 24 0.011154413223266602
decode: 24 0 69654 24 0.010985851287841797
extend: 0 1 0 207 0.011640548706054688
decode: 24 0 69613 24 0.010918378829956055
decode: 24 0 69637 24 0.010806798934936523
decode: 24 0 69661 24 0.010778427124023438
decode: 24 0 69685 24 0.010759353637695312
decode: 24 0 69709 24 0.010800361633300781
decode: 24 0 69733 24 0.010782957077026367
decode: 23 0 66797 23 0.010683059692382812
decode: 23 0 66820 23 0.010677337646484375
extend: 0 1 0 2960 0.07210159301757812
decode: 23 0 69588 23 0.011302709579467773
decode: 23 0 69611 23 0.011329889297485352
decode: 23 0 69634 23 0.01112222671508789
extend: 0 1 0 273 0.013173818588256836
decode: 23 0 68995 23 0.010793924331665039
decode: 23 0 69018 23 0.01080632209777832
decode: 23 0 69041 23 0.010795831680297852
decode: 23 0 69064 23 0.010821819305419922
decode: 23 0 69087 23 0.010898113250732422
decode: 23 0 69110 23 0.010842323303222656
decode: 23 0 69133 23 0.01078653335571289
decode: 23 0 69156 23 0.010802745819091797
decode: 23 0 69179 23 0.010854482650756836
decode: 23 0 69202 23 0.010793447494506836
decode: 23 0 69225 23 0.010850906372070312
decode: 23 0 69248 23 0.010790586471557617
decode: 23 0 69271 23 0.010775327682495117
decode: 23 0 69294 23 0.01080465316772461
decode: 23 0 69317 23 0.01079249382019043
decode: 23 0 69340 23 0.01089787483215332
decode: 23 0 69363 23 0.01090383529663086
decode: 23 0 69386 23 0.010824441909790039
decode: 23 0 69409 23 0.010812520980834961
decode: 23 0 69432 23 0.010787487030029297
decode: 23 0 69455 23 0.010806798934936523
decode: 23 0 69478 23 0.010805368423461914
decode: 23 0 69501 23 0.010808229446411133
decode: 23 0 69524 23 0.01080012321472168
decode: 23 0 69547 23 0.010797977447509766
decode: 23 0 69570 23 0.010823249816894531
decode: 23 0 69593 23 0.010849714279174805
decode: 23 0 69616 23 0.010858774185180664
decode: 23 0 69639 23 0.010963678359985352
decode: 23 0 69662 23 0.010822057723999023
decode: 23 0 69685 23 0.010816335678100586
decode: 23 0 69708 23 0.010812997817993164
decode: 23 0 69731 23 0.010824918746948242
decode: 22 0 66757 22 0.01063394546508789
decode: 22 0 66779 22 0.010656118392944336
extend: 0 1 0 2997 0.07274007797241211
decode: 22 0 69490 22 0.011371135711669922
decode: 22 0 69512 22 0.011255025863647461
decode: 22 0 69534 22 0.011036157608032227
decode: 21 0 68016 21 0.010944366455078125
decode: 21 0 68037 21 0.010941028594970703
decode: 21 0 68058 21 0.010853290557861328
decode: 21 0 68079 21 0.010784626007080078
decode: 21 0 68100 21 0.010808706283569336
decode: 21 0 68121 21 0.010732650756835938
decode: 21 0 68142 21 0.010798215866088867
decode: 21 0 68163 21 0.010748624801635742
decode: 21 0 68184 21 0.010791301727294922
extend: 0 1 0 936 0.02516627311706543
decode: 22 0 69142 22 0.010825157165527344
decode: 22 0 69164 22 0.010931968688964844
decode: 22 0 69186 22 0.01080012321472168
decode: 22 0 69208 22 0.010900497436523438
decode: 22 0 69230 22 0.010813474655151367
decode: 22 0 69252 22 0.010793209075927734
decode: 22 0 69274 22 0.010796308517456055
decode: 22 0 69296 22 0.010869264602661133
decode: 22 0 69318 22 0.01083683967590332
decode: 22 0 69340 22 0.010831356048583984
decode: 22 0 69362 22 0.010813713073730469
decode: 22 0 69384 22 0.01087641716003418
decode: 22 0 69406 22 0.010807991027832031
decode: 22 0 69428 22 0.010855913162231445
decode: 22 0 69450 22 0.010795831680297852
decode: 22 0 69472 22 0.010745048522949219
decode: 22 0 69494 22 0.010762453079223633
decode: 22 0 69516 22 0.010763168334960938
decode: 22 0 69538 22 0.010741472244262695
decode: 22 0 69560 22 0.010855913162231445
decode: 22 0 69582 22 0.010762929916381836
decode: 22 0 69604 22 0.010742425918579102
decode: 22 0 69626 22 0.010838031768798828
decode: 22 0 69648 22 0.010763168334960938
decode: 22 0 69670 22 0.010770559310913086
extend: 0 1 0 309 0.01340174674987793
decode: 22 0 69040 22 0.010797977447509766
decode: 22 0 69062 22 0.01077890396118164
decode: 22 0 69084 22 0.01078343391418457
decode: 22 0 69106 22 0.010767698287963867
decode: 22 0 69128 22 0.010782003402709961
decode: 22 0 69150 22 0.010777711868286133
decode: 22 0 69172 22 0.0108795166015625
decode: 22 0 69194 22 0.010758638381958008
decode: 22 0 69216 22 0.01077890396118164
decode: 22 0 69238 22 0.010770320892333984
decode: 22 0 69260 22 0.010808229446411133
decode: 22 0 69282 22 0.010818243026733398
decode: 22 0 69304 22 0.010738611221313477
decode: 22 0 69326 22 0.01080465316772461
decode: 22 0 69348 22 0.010822534561157227
decode: 22 0 69370 22 0.0107421875
decode: 22 0 69392 22 0.010754823684692383
decode: 22 0 69414 22 0.010771989822387695
decode: 22 0 69436 22 0.010764360427856445
decode: 22 0 69458 22 0.01078939437866211
decode: 22 0 69480 22 0.010777711868286133
decode: 22 0 69502 22 0.010785818099975586
decode: 22 0 69524 22 0.010811567306518555
decode: 22 0 69546 22 0.010760784149169922
decode: 22 0 69568 22 0.010790348052978516
decode: 22 0 69590 22 0.010772228240966797
decode: 22 0 69612 22 0.010770559310913086
decode: 22 0 69634 22 0.010768651962280273
decode: 22 0 69656 22 0.010756254196166992
decode: 22 0 69678 22 0.010750770568847656
decode: 22 0 69700 22 0.01074981689453125
decode: 22 0 69722 22 0.01075124740600586
decode: 21 0 66677 21 0.010625600814819336
decode: 21 0 66698 21 0.010623455047607422
decode: 21 0 66719 21 0.010689020156860352
extend: 0 1 0 3067 0.07296895980834961
decode: 21 0 69463 21 0.011430025100708008
decode: 21 0 69484 21 0.011112213134765625
decode: 21 0 69505 21 0.011031627655029297
decode: 21 0 69526 21 0.010900259017944336
decode: 21 0 69547 21 0.010842561721801758
decode: 21 0 69568 21 0.010931730270385742
decode: 21 0 69589 21 0.0108489990234375
decode: 21 0 69610 21 0.010843992233276367
decode: 21 0 69631 21 0.01083683967590332
decode: 21 0 69652 21 0.010828971862792969
decode: 21 0 69673 21 0.010858774185180664
decode: 21 0 69694 21 0.010859012603759766
extend: 0 1 0 345 0.014155149459838867
decode: 21 0 69440 21 0.010828733444213867
decode: 21 0 69461 21 0.010795116424560547
decode: 21 0 69482 21 0.010774850845336914
decode: 21 0 69503 21 0.010788679122924805
decode: 21 0 69524 21 0.010782718658447266
decode: 21 0 69545 21 0.010774850845336914
decode: 21 0 69566 21 0.010792016983032227
decode: 21 0 69587 21 0.010803461074829102
decode: 21 0 69608 21 0.010791540145874023
decode: 21 0 69629 21 0.010775327682495117
decode: 21 0 69650 21 0.010775566101074219
decode: 21 0 69671 21 0.010781049728393555
decode: 21 0 69692 21 0.010786771774291992
decode: 21 0 69713 21 0.010791540145874023
decode: 21 0 69734 21 0.010782480239868164
decode: 20 0 66660 20 0.010673761367797852
extend: 0 2 0 3311 0.0796959400177002
decode: 21 0 69631 21 0.011394977569580078
decode: 21 0 69652 21 0.011202096939086914
decode: 21 0 69673 21 0.011060714721679688
decode: 21 0 69694 21 0.010981082916259766
decode: 21 0 69715 21 0.010841846466064453
decode: 21 0 69736 21 0.010829448699951172
decode: 19 0 66432 19 0.010702848434448242
decode: 19 0 66451 19 0.010744810104370117
decode: 19 0 66470 19 0.010711193084716797
decode: 19 0 66489 19 0.01071476936340332
decode: 19 0 66508 19 0.01067042350769043
extend: 0 1 0 3102 0.07682609558105469
decode: 20 0 69630 20 0.011610269546508789
decode: 20 0 69650 20 0.011591196060180664
extend: 0 1 0 621 0.020375728607177734
decode: 20 0 69390 20 0.010956048965454102
decode: 20 0 69410 20 0.010910749435424805
decode: 20 0 69430 20 0.010963678359985352
decode: 20 0 69450 20 0.010838985443115234
decode: 20 0 69470 20 0.01080942153930664
decode: 20 0 69490 20 0.010843992233276367
decode: 20 0 69510 20 0.010847330093383789
decode: 20 0 69530 20 0.010867118835449219
decode: 20 0 69550 20 0.010892391204833984
decode: 20 0 69570 20 0.010847091674804688
decode: 20 0 69590 20 0.010828733444213867
decode: 20 0 69610 20 0.010872602462768555
decode: 20 0 69630 20 0.010832548141479492
decode: 20 0 69650 20 0.010827302932739258
decode: 20 0 69670 20 0.01083517074584961
decode: 20 0 69690 20 0.010814428329467773
extend: 0 1 0 362 0.014139652252197266
decode: 20 0 69435 20 0.010808706283569336
decode: 20 0 69455 20 0.010792016983032227
decode: 20 0 69475 20 0.01080012321472168
decode: 20 0 69495 20 0.010790586471557617
decode: 20 0 69515 20 0.01083683967590332
decode: 20 0 69535 20 0.010944128036499023
decode: 20 0 69555 20 0.010841608047485352
decode: 20 0 69575 20 0.010828733444213867
decode: 20 0 69595 20 0.010816574096679688
decode: 20 0 69615 20 0.010793447494506836
decode: 20 0 69635 20 0.010791778564453125
decode: 20 0 69655 20 0.01079702377319336
decode: 20 0 69675 20 0.010804176330566406
decode: 20 0 69695 20 0.01078653335571289
decode: 20 0 69715 20 0.01080942153930664
decode: 20 0 69735 20 0.010802984237670898
extend: 0 1 0 223 0.014883995056152344
decode: 20 0 69600 20 0.010925054550170898
decode: 20 0 69620 20 0.010795116424560547
decode: 20 0 69640 20 0.01080465316772461
decode: 20 0 69660 20 0.010794401168823242
decode: 20 0 69680 20 0.01081228256225586
decode: 20 0 69700 20 0.010799884796142578
decode: 20 0 69720 20 0.01078343391418457
decode: 18 0 66365 18 0.01062631607055664
decode: 18 0 66383 18 0.010614156723022461
decode: 18 0 66401 18 0.010600566864013672
decode: 18 0 66419 18 0.010631561279296875
decode: 18 0 66437 18 0.01061868667602539
decode: 18 0 66455 18 0.010746479034423828
decode: 18 0 66473 18 0.010659456253051758
decode: 18 0 66491 18 0.010623931884765625
decode: 18 0 66509 18 0.010621070861816406
extend: 0 2 0 3782 0.09038019180297852
decode: 19 0 69483 19 0.011597633361816406
decode: 19 0 69502 19 0.011200189590454102
decode: 19 0 69521 19 0.011195659637451172
decode: 19 0 69540 19 0.011131525039672852
decode: 19 0 69559 19 0.010962486267089844
decode: 19 0 69578 19 0.01091766357421875
decode: 19 0 69597 19 0.01087808609008789
decode: 19 0 69616 19 0.010909795761108398
decode: 19 0 69635 19 0.010863304138183594
decode: 19 0 69654 19 0.010854482650756836
extend: 0 1 0 231 0.011842489242553711
decode: 19 0 69256 19 0.010968208312988281
decode: 19 0 69275 19 0.010838508605957031
decode: 19 0 69294 19 0.010844230651855469
decode: 19 0 69313 19 0.010839462280273438
decode: 19 0 69332 19 0.010835647583007812
decode: 19 0 69351 19 0.010840654373168945
decode: 19 0 69370 19 0.010828495025634766
decode: 19 0 69389 19 0.010875463485717773
decode: 19 0 69408 19 0.010869503021240234
decode: 19 0 69427 19 0.010867834091186523
decode: 19 0 69446 19 0.010869979858398438
decode: 19 0 69465 19 0.010822534561157227
decode: 19 0 69484 19 0.010840654373168945
decode: 19 0 69503 19 0.010828733444213867
decode: 19 0 69522 19 0.010818719863891602
decode: 19 0 69541 19 0.01082301139831543
decode: 19 0 69560 19 0.010834693908691406
decode: 19 0 69579 19 0.010875940322875977
decode: 19 0 69598 19 0.010817289352416992
decode: 19 0 69617 19 0.01085972785949707
decode: 19 0 69636 19 0.01082921028137207
decode: 19 0 69655 19 0.010804176330566406
decode: 19 0 69674 19 0.010785579681396484
decode: 19 0 69693 19 0.010819673538208008
decode: 19 0 69712 19 0.010781049728393555
decode: 19 0 69731 19 0.010806798934936523
decode: 17 0 66311 17 0.01074838638305664
decode: 17 0 66328 17 0.010685920715332031
decode: 17 0 66345 17 0.01069021224975586
decode: 17 0 66362 17 0.010731697082519531
decode: 17 0 66379 17 0.010732412338256836
decode: 17 0 66396 17 0.010660171508789062
decode: 17 0 66413 17 0.010663986206054688
decode: 17 0 66430 17 0.01067972183227539
decode: 17 0 66447 17 0.010656356811523438
extend: 0 3 0 4911 0.11787199974060059
decode: 19 0 69446 19 0.011358976364135742
decode: 19 0 69465 19 0.011210441589355469
decode: 19 0 69484 19 0.010967493057250977
decode: 18 0 65940 18 0.01084136962890625
decode: 18 0 65958 18 0.010822772979736328
decode: 18 0 65976 18 0.01070713996887207
decode: 18 0 65994 18 0.010844945907592773
decode: 18 0 66012 18 0.010721206665039062
decode: 18 0 66030 18 0.010725736618041992
extend: 0 2 0 2581 0.06283259391784668
decode: 20 0 68631 20 0.011426687240600586
decode: 20 0 68651 20 0.011355161666870117
decode: 20 0 68671 20 0.011064529418945312
decode: 20 0 68691 20 0.010902881622314453
decode: 20 0 68711 20 0.01088857650756836
decode: 20 0 68731 20 0.010880708694458008
decode: 20 0 68751 20 0.010824918746948242
decode: 20 0 68771 20 0.010766267776489258
decode: 20 0 68791 20 0.010778427124023438
decode: 20 0 68811 20 0.01087331771850586
decode: 20 0 68831 20 0.010776042938232422
decode: 20 0 68851 20 0.01077723503112793
decode: 20 0 68871 20 0.010790109634399414
decode: 20 0 68891 20 0.010828733444213867
decode: 20 0 68911 20 0.010769367218017578
decode: 20 0 68931 20 0.01075887680053711
decode: 20 0 68951 20 0.010772466659545898
decode: 20 0 68971 20 0.010757684707641602
decode: 20 0 68991 20 0.010857105255126953
decode: 20 0 69011 20 0.010770320892333984
decode: 20 0 69031 20 0.010868310928344727
decode: 20 0 69051 20 0.010778665542602539
decode: 20 0 69071 20 0.010775327682495117
decode: 20 0 69091 20 0.010828018188476562
decode: 20 0 69111 20 0.010767936706542969
decode: 20 0 69131 20 0.010783195495605469
decode: 20 0 69151 20 0.010761260986328125
decode: 20 0 69171 20 0.010769844055175781
decode: 20 0 69191 20 0.01073765754699707
decode: 20 0 69211 20 0.010734081268310547
decode: 20 0 69231 20 0.01075887680053711
decode: 20 0 69251 20 0.010792732238769531
decode: 20 0 69271 20 0.010721445083618164
decode: 20 0 69291 20 0.010716915130615234
decode: 20 0 69311 20 0.010749101638793945
decode: 20 0 69331 20 0.010830163955688477
decode: 20 0 69351 20 0.010721445083618164
decode: 20 0 69371 20 0.010794401168823242
decode: 20 0 69391 20 0.010727167129516602
decode: 20 0 69411 20 0.010788440704345703
decode: 20 0 69431 20 0.010828256607055664
decode: 20 0 69451 20 0.010811090469360352
decode: 20 0 69471 20 0.01080465316772461
decode: 20 0 69491 20 0.010807991027832031
decode: 20 0 69511 20 0.01080632209777832
decode: 20 0 69531 20 0.010799169540405273
decode: 20 0 69551 20 0.010799169540405273
decode: 20 0 69571 20 0.010785818099975586
decode: 20 0 69591 20 0.010804891586303711
decode: 20 0 69611 20 0.010807037353515625
decode: 20 0 69631 20 0.01078176498413086
decode: 20 0 69651 20 0.010774850845336914
decode: 20 0 69671 20 0.010869503021240234
decode: 20 0 69691 20 0.01079559326171875
decode: 20 0 69711 20 0.010797977447509766
decode: 20 0 69731 20 0.010808229446411133
decode: 19 0 66504 19 0.010703802108764648
extend: 0 2 0 3626 0.08945822715759277
decode: 20 0 69444 20 0.011501550674438477
decode: 20 0 69464 20 0.011122703552246094
decode: 20 0 69484 20 0.011091947555541992
decode: 20 0 69504 20 0.011189699172973633
decode: 20 0 69524 20 0.011055946350097656
decode: 20 0 69544 20 0.010974645614624023
decode: 20 0 69564 20 0.010854244232177734
decode: 20 0 69584 20 0.010864496231079102
decode: 20 0 69604 20 0.010834693908691406
decode: 20 0 69624 20 0.010830879211425781
extend: 0 1 0 258 0.013202190399169922
decode: 20 0 69513 20 0.010898828506469727
decode: 20 0 69533 20 0.010909557342529297
decode: 20 0 69553 20 0.01083683967590332
decode: 20 0 69573 20 0.010821342468261719
decode: 20 0 69593 20 0.010890483856201172
decode: 20 0 69613 20 0.010833978652954102
decode: 20 0 69633 20 0.010817766189575195
decode: 20 0 69653 20 0.010858297348022461
decode: 20 0 69673 20 0.010839462280273438
decode: 20 0 69693 20 0.010832786560058594
decode: 20 0 69713 20 0.010819196701049805
decode: 20 0 69733 20 0.010844707489013672
decode: 18 0 66212 18 0.010731220245361328
decode: 18 0 66230 18 0.01076054573059082
decode: 18 0 66248 18 0.010704994201660156
decode: 18 0 66266 18 0.010712146759033203
extend: 0 1 0 3270 0.08072996139526367
decode: 19 0 69555 19 0.011445283889770508
decode: 19 0 69574 19 0.011483907699584961
decode: 19 0 69593 19 0.010962486267089844
decode: 19 0 69612 19 0.010901927947998047
decode: 19 0 69631 19 0.010850191116333008
decode: 19 0 69650 19 0.010848522186279297
decode: 19 0 69669 19 0.01085805892944336
decode: 19 0 69688 19 0.01084136962890625
decode: 19 0 69707 19 0.0108489990234375
decode: 19 0 69726 19 0.010838985443115234
decode: 18 0 66464 18 0.0107269287109375
extend: 0 2 0 3988 0.09625458717346191
decode: 19 0 69466 19 0.011436939239501953
decode: 19 0 69485 19 0.01146245002746582
decode: 19 0 69504 19 0.011441707611083984
decode: 19 0 69523 19 0.011120080947875977
decode: 19 0 69542 19 0.010904073715209961
decode: 19 0 69561 19 0.010923385620117188
decode: 19 0 69580 19 0.010882854461669922
decode: 19 0 69599 19 0.01087045669555664
decode: 19 0 69618 19 0.010863065719604492
decode: 19 0 69637 19 0.010857105255126953
extend: 0 1 0 271 0.013353347778320312
decode: 19 0 69210 19 0.010855674743652344
decode: 19 0 69229 19 0.010847091674804688
decode: 19 0 69248 19 0.010834932327270508
decode: 19 0 69267 19 0.01083517074584961
decode: 19 0 69286 19 0.010817289352416992
decode: 19 0 69305 19 0.010839223861694336
decode: 19 0 69324 19 0.010822296142578125
decode: 19 0 69343 19 0.01085042953491211
decode: 19 0 69362 19 0.010845422744750977
decode: 19 0 69381 19 0.010838747024536133
decode: 19 0 69400 19 0.01093602180480957
decode: 19 0 69419 19 0.010815620422363281
decode: 19 0 69438 19 0.010976552963256836
decode: 19 0 69457 19 0.01081228256225586
decode: 19 0 69476 19 0.010847091674804688
decode: 19 0 69495 19 0.010833978652954102
decode: 19 0 69514 19 0.01083683967590332
decode: 19 0 69533 19 0.010859012603759766
decode: 19 0 69552 19 0.010818719863891602
decode: 18 0 63959 18 0.010540485382080078
extend: 0 1 0 1113 0.02945733070373535
decode: 19 0 65091 19 0.010894060134887695
decode: 19 0 65110 19 0.01079702377319336
extend: 0 3 0 2686 0.062044382095336914
decode: 22 0 67818 22 0.01154947280883789
decode: 22 0 67840 22 0.011339902877807617
decode: 22 0 67862 22 0.011142969131469727
extend: 0 1 0 390 0.01562786102294922
decode: 23 0 68275 23 0.010865449905395508
decode: 23 0 68298 23 0.010811090469360352
decode: 23 0 68321 23 0.010811567306518555
decode: 23 0 68344 23 0.010780572891235352
decode: 23 0 68367 23 0.010827779769897461
decode: 23 0 68390 23 0.01079559326171875
decode: 23 0 68413 23 0.010792732238769531
decode: 23 0 68436 23 0.010812044143676758
decode: 23 0 68459 23 0.010794401168823242
decode: 23 0 68482 23 0.010776519775390625
decode: 23 0 68505 23 0.010758399963378906
decode: 23 0 68528 23 0.010769844055175781
decode: 23 0 68551 23 0.010754108428955078
decode: 23 0 68574 23 0.010781526565551758
decode: 23 0 68597 23 0.010873079299926758
decode: 23 0 68620 23 0.010756492614746094
decode: 23 0 68643 23 0.010794639587402344
decode: 23 0 68666 23 0.010801076889038086
decode: 23 0 68689 23 0.010825395584106445
decode: 23 0 68712 23 0.010776996612548828
decode: 23 0 68735 23 0.010792255401611328
decode: 23 0 68758 23 0.010775089263916016
decode: 23 0 68781 23 0.010775566101074219
decode: 23 0 68804 23 0.01077890396118164
decode: 23 0 68827 23 0.010740518569946289
decode: 23 0 68850 23 0.010773420333862305
decode: 23 0 68873 23 0.010772943496704102
decode: 23 0 68896 23 0.010750055313110352
decode: 23 0 68919 23 0.010738611221313477
decode: 23 0 68942 23 0.01074838638305664
decode: 23 0 68965 23 0.010754585266113281
decode: 23 0 68988 23 0.010754108428955078
decode: 23 0 69011 23 0.01077890396118164
decode: 23 0 69034 23 0.010744094848632812
decode: 23 0 69057 23 0.010749578475952148
decode: 23 0 69080 23 0.010855436325073242
decode: 23 0 69103 23 0.01073002815246582
decode: 23 0 69126 23 0.010725259780883789
decode: 23 0 69149 23 0.010756969451904297
decode: 23 0 69172 23 0.010764837265014648
decode: 23 0 69195 23 0.010777711868286133
decode: 23 0 69218 23 0.010868549346923828
decode: 23 0 69241 23 0.010760784149169922
decode: 23 0 69264 23 0.01079249382019043
decode: 23 0 69287 23 0.010773897171020508
decode: 23 0 69310 23 0.010758399963378906
decode: 23 0 69333 23 0.010759592056274414
decode: 23 0 69356 23 0.01073765754699707
decode: 23 0 69379 23 0.010741472244262695
decode: 23 0 69402 23 0.0107879638671875
decode: 23 0 69425 23 0.01090240478515625
decode: 23 0 69448 23 0.010784626007080078
decode: 23 0 69471 23 0.01082921028137207
decode: 23 0 69494 23 0.010802507400512695
decode: 23 0 69517 23 0.010809183120727539
decode: 23 0 69540 23 0.010916709899902344
decode: 23 0 69563 23 0.010937213897705078
decode: 23 0 69586 23 0.010809183120727539
decode: 23 0 69609 23 0.010821104049682617
decode: 23 0 69632 23 0.010820865631103516
decode: 23 0 69655 23 0.010812044143676758
extend: 0 1 0 247 0.011790275573730469
decode: 23 0 69474 23 0.010918855667114258
decode: 23 0 69497 23 0.010793924331665039
decode: 23 0 69520 23 0.010901451110839844
decode: 23 0 69543 23 0.010838031768798828
decode: 23 0 69566 23 0.010817289352416992
decode: 23 0 69589 23 0.010846614837646484
decode: 23 0 69612 23 0.01091456413269043
decode: 23 0 69635 23 0.010805368423461914
extend: 0 1 0 323 0.013902425765991211
decode: 23 0 69616 23 0.010812997817993164
decode: 23 0 69639 23 0.010807514190673828
decode: 23 0 69662 23 0.010781049728393555
decode: 23 0 69685 23 0.010806798934936523
decode: 23 0 69708 23 0.010792016983032227
decode: 23 0 69731 23 0.01085352897644043
decode: 21 0 69162 21 0.010871648788452148
extend: 0 2 0 592 0.02004408836364746
decode: 21 0 67784 21 0.010819196701049805
decode: 21 0 67805 21 0.010822772979736328
decode: 21 0 67826 21 0.010808467864990234
decode: 21 0 67847 21 0.010796070098876953
decode: 21 0 67868 21 0.010784149169921875
decode: 21 0 67889 21 0.010782718658447266
decode: 21 0 67910 21 0.01086115837097168
extend: 0 1 0 798 0.023549795150756836
decode: 22 0 68730 22 0.010815143585205078
decode: 22 0 68752 22 0.010796546936035156
decode: 22 0 68774 22 0.010789632797241211
decode: 22 0 68796 22 0.01079416275024414
decode: 22 0 68818 22 0.010791778564453125
decode: 22 0 68840 22 0.010792970657348633
decode: 22 0 68862 22 0.010803699493408203
decode: 22 0 68884 22 0.010811805725097656
decode: 22 0 68906 22 0.010905981063842773
decode: 22 0 68928 22 0.01085209846496582
decode: 22 0 68950 22 0.01078939437866211
decode: 22 0 68972 22 0.010793209075927734
decode: 22 0 68994 22 0.010778188705444336
decode: 22 0 69016 22 0.010780572891235352
decode: 22 0 69038 22 0.01080179214477539
decode: 22 0 69060 22 0.010778665542602539
decode: 22 0 69082 22 0.01082611083984375
decode: 22 0 69104 22 0.010809898376464844
decode: 22 0 69126 22 0.01080632209777832
decode: 22 0 69148 22 0.010823488235473633
decode: 22 0 69170 22 0.010923147201538086
decode: 22 0 69192 22 0.01079416275024414
decode: 22 0 69214 22 0.010822772979736328
decode: 22 0 69236 22 0.010820388793945312
decode: 22 0 69258 22 0.010810613632202148
decode: 22 0 69280 22 0.010896682739257812
decode: 22 0 69302 22 0.010844945907592773
decode: 22 0 69324 22 0.010825395584106445
decode: 22 0 69346 22 0.010843992233276367
decode: 22 0 69368 22 0.01083230972290039
decode: 22 0 69390 22 0.010878801345825195
decode: 22 0 69412 22 0.010848045349121094
decode: 22 0 69434 22 0.010857343673706055
decode: 22 0 69456 22 0.010886669158935547
extend: 0 1 0 366 0.01441049575805664
decode: 22 0 69473 22 0.010931253433227539
decode: 22 0 69495 22 0.010874271392822266
decode: 22 0 69517 22 0.010902166366577148
decode: 22 0 69539 22 0.010852336883544922
decode: 22 0 69561 22 0.010861635208129883
decode: 21 0 64717 21 0.010571956634521484
extend: 0 1 0 1891 0.04404282569885254
extend: 0 1 0 1195 0.03205251693725586
decode: 23 0 67826 23 0.010866641998291016
decode: 23 0 67849 23 0.010827064514160156
decode: 23 0 67872 23 0.010721683502197266
decode: 23 0 67895 23 0.010800838470458984
decode: 23 0 67918 23 0.010668277740478516
decode: 23 0 67941 23 0.010668754577636719
extend: 0 1 0 372 0.014237403869628906
decode: 24 0 68337 24 0.010654687881469727
decode: 24 0 68361 24 0.010654449462890625
decode: 24 0 68385 24 0.010660171508789062
decode: 24 0 68409 24 0.010649919509887695
decode: 24 0 68433 24 0.010662317276000977
decode: 24 0 68457 24 0.01064920425415039
decode: 24 0 68481 24 0.010652303695678711
decode: 24 0 68505 24 0.010660648345947266
extend: 0 1 0 452 0.015399456024169922
decode: 24 0 68601 24 0.010677576065063477
decode: 24 0 68625 24 0.010675668716430664
decode: 24 0 68649 24 0.010659933090209961
decode: 24 0 68673 24 0.010719776153564453
decode: 23 0 63763 23 0.010479927062988281
extend: 0 1 0 907 0.025002479553222656
extend: 0 2 0 3260 0.07764697074890137
decode: 26 0 67956 26 0.011645078659057617
decode: 26 0 67982 26 0.011627674102783203
decode: 26 0 68008 26 0.011309146881103516
decode: 26 0 68034 26 0.011154413223266602
decode: 26 0 68060 26 0.011034250259399414
decode: 26 0 68086 26 0.011019229888916016
decode: 26 0 68112 26 0.01103663444519043
decode: 26 0 68138 26 0.011013984680175781
decode: 26 0 68164 26 0.010987281799316406
decode: 26 0 68190 26 0.010965824127197266
decode: 26 0 68216 26 0.010968446731567383
decode: 26 0 68242 26 0.011017322540283203
decode: 26 0 68268 26 0.010977745056152344
decode: 26 0 68294 26 0.010992050170898438
decode: 26 0 68320 26 0.011091470718383789
decode: 26 0 68346 26 0.01109766960144043
decode: 26 0 68372 26 0.011028528213500977
decode: 26 0 68398 26 0.01111459732055664
decode: 26 0 68424 26 0.010979175567626953
decode: 26 0 68450 26 0.010990381240844727
decode: 26 0 68476 26 0.011002779006958008
decode: 26 0 68502 26 0.010958433151245117
decode: 26 0 68528 26 0.010980367660522461
decode: 26 0 68554 26 0.010975122451782227
decode: 26 0 68580 26 0.010957479476928711
decode: 26 0 68606 26 0.010966062545776367
decode: 26 0 68632 26 0.01095890998840332
decode: 26 0 68658 26 0.010971784591674805
decode: 26 0 68684 26 0.010933160781860352
decode: 26 0 68710 26 0.010941267013549805
decode: 26 0 68736 26 0.010924816131591797
decode: 26 0 68762 26 0.010920286178588867
decode: 26 0 68788 26 0.01090693473815918
decode: 26 0 68814 26 0.010918378829956055
decode: 26 0 68840 26 0.010949134826660156
decode: 26 0 68866 26 0.010942459106445312
decode: 26 0 68892 26 0.011015653610229492
decode: 26 0 68918 26 0.011073827743530273
decode: 26 0 68944 26 0.01102137565612793
decode: 26 0 68970 26 0.011083364486694336
decode: 26 0 68996 26 0.01111912727355957
decode: 26 0 69022 26 0.010982036590576172
decode: 26 0 69048 26 0.010980367660522461
decode: 26 0 69074 26 0.010962486267089844
decode: 26 0 69100 26 0.010973930358886719
decode: 26 0 69126 26 0.01097559928894043
decode: 26 0 69152 26 0.010970592498779297
decode: 26 0 69178 26 0.011154651641845703
decode: 26 0 69204 26 0.010995626449584961
decode: 25 0 63817 25 0.01071929931640625
extend: 0 1 0 962 0.02521204948425293
decode: 26 0 64805 26 0.010676145553588867
decode: 26 0 64831 26 0.010658502578735352
decode: 26 0 64857 26 0.010657548904418945
extend: 0 2 0 4377 0.10763859748840332
decode: 28 0 69262 28 0.01142573356628418
decode: 28 0 69290 28 0.011212825775146484
decode: 28 0 69318 28 0.011116981506347656
decode: 28 0 69346 28 0.011132478713989258
decode: 28 0 69374 28 0.011122941970825195
decode: 28 0 69402 28 0.011116743087768555
decode: 28 0 69430 28 0.011039495468139648
decode: 28 0 69458 28 0.010961294174194336
decode: 28 0 69486 28 0.011042594909667969
decode: 28 0 69514 28 0.010979652404785156
decode: 28 0 69542 28 0.011019706726074219
decode: 28 0 69570 28 0.010955333709716797
decode: 28 0 69598 28 0.010965585708618164
decode: 28 0 69626 28 0.010954856872558594
decode: 28 0 69654 28 0.0109710693359375
decode: 28 0 69682 28 0.010957717895507812
decode: 28 0 69710 28 0.010959625244140625
decode: 27 0 68384 27 0.010891199111938477
decode: 27 0 68411 27 0.010860443115234375
decode: 27 0 68438 27 0.010902643203735352
decode: 27 0 68465 27 0.01098012924194336
decode: 27 0 68492 27 0.010932207107543945
decode: 27 0 68519 27 0.010853052139282227
decode: 27 0 68546 27 0.010883092880249023
decode: 27 0 68573 27 0.010877370834350586
decode: 26 0 64442 26 0.010716438293457031
extend: 0 1 0 1030 0.02994370460510254
extend: 0 2 0 3917 0.09571385383605957
decode: 29 0 69418 29 0.01186513900756836
decode: 29 0 69447 29 0.01127314567565918
decode: 29 0 69476 29 0.011090278625488281
decode: 29 0 69505 29 0.01109933853149414
decode: 29 0 69534 29 0.011075258255004883
decode: 29 0 69563 29 0.010946989059448242
decode: 29 0 69592 29 0.010881185531616211
decode: 29 0 69621 29 0.010861635208129883
decode: 29 0 69650 29 0.010875701904296875
decode: 29 0 69679 29 0.010885000228881836
decode: 28 0 64579 28 0.010731220245361328
decode: 28 0 64607 28 0.010707855224609375
decode: 28 0 64635 28 0.010695219039916992
decode: 28 0 64663 28 0.010700464248657227
decode: 28 0 64691 28 0.010817766189575195
decode: 28 0 64719 28 0.010714530944824219
decode: 28 0 64747 28 0.010689258575439453
decode: 28 0 64775 28 0.010688066482543945
decode: 28 0 64803 28 0.010880470275878906
extend: 0 2 0 4672 0.11290526390075684
decode: 30 0 69505 30 0.011881589889526367
decode: 30 0 69535 30 0.011811017990112305
decode: 30 0 69565 30 0.011068344116210938
decode: 30 0 69595 30 0.010973930358886719
decode: 30 0 69625 30 0.011013031005859375
decode: 30 0 69655 30 0.010912179946899414
decode: 30 0 69685 30 0.010927200317382812
decode: 30 0 69715 30 0.010906219482421875
decode: 29 0 66980 29 0.011009454727172852
decode: 29 0 67009 29 0.010863542556762695
decode: 29 0 67038 29 0.010845422744750977
decode: 29 0 67067 29 0.010822296142578125
decode: 29 0 67096 29 0.010828971862792969
decode: 29 0 67125 29 0.01082158088684082
decode: 29 0 67154 29 0.010826826095581055
decode: 29 0 67183 29 0.010902166366577148
decode: 29 0 67212 29 0.010817766189575195
extend: 0 1 0 2765 0.06782960891723633
decode: 29 0 69510 29 0.011253833770751953
decode: 29 0 69539 29 0.011416912078857422
decode: 29 0 69568 29 0.011328935623168945
decode: 29 0 69597 29 0.011111974716186523
decode: 29 0 69626 29 0.011085033416748047
decode: 29 0 69655 29 0.010994195938110352
decode: 29 0 69684 29 0.010951519012451172
decode: 29 0 69713 29 0.010962724685668945
decode: 28 0 66968 28 0.01094961166381836
decode: 28 0 66996 28 0.01090240478515625
decode: 28 0 67024 28 0.010820865631103516
decode: 28 0 67052 28 0.010934591293334961
extend: 0 1 0 2774 0.06903839111328125
decode: 28 0 69399 28 0.011747360229492188
decode: 28 0 69427 28 0.011321544647216797
decode: 28 0 69455 28 0.011214733123779297
decode: 28 0 69483 28 0.011050224304199219
decode: 28 0 69511 28 0.011110544204711914
decode: 28 0 69539 28 0.010944843292236328
decode: 28 0 69567 28 0.0109710693359375
decode: 28 0 69595 28 0.011016130447387695
decode: 28 0 69623 28 0.010931730270385742
decode: 28 0 69651 28 0.010938167572021484
decode: 28 0 69679 28 0.010980367660522461
decode: 28 0 69707 28 0.010980367660522461
decode: 28 0 69735 28 0.010996341705322266
decode: 27 0 66975 27 0.01086735725402832
decode: 27 0 67002 27 0.010880231857299805
decode: 27 0 67029 27 0.010858535766601562
decode: 27 0 67056 27 0.010857820510864258
decode: 27 0 67083 27 0.01085662841796875
decode: 27 0 67110 27 0.010988473892211914
decode: 27 0 67137 27 0.010856151580810547
decode: 27 0 67164 27 0.010994195938110352
extend: 0 1 0 2788 0.06773829460144043
decode: 27 0 69440 27 0.011545181274414062
decode: 27 0 69467 27 0.011534690856933594
decode: 27 0 69494 27 0.011186838150024414
decode: 27 0 69521 27 0.011052608489990234
decode: 27 0 69548 27 0.011015892028808594
decode: 27 0 69575 27 0.011014938354492188
decode: 27 0 69602 27 0.011096000671386719
decode: 27 0 69629 27 0.010984659194946289
decode: 27 0 69656 27 0.010960578918457031
decode: 27 0 69683 27 0.010984420776367188
decode: 27 0 69710 27 0.010967016220092773
decode: 26 0 66937 26 0.010861635208129883
extend: 0 2 0 3256 0.0796661376953125
decode: 27 0 69603 27 0.011602401733398438
decode: 27 0 69630 27 0.011587142944335938
decode: 27 0 69657 27 0.011268138885498047
decode: 27 0 69684 27 0.011152029037475586
decode: 27 0 69711 27 0.011039018630981445
decode: 26 0 66932 26 0.010931968688964844
decode: 26 0 66958 26 0.010898828506469727
decode: 26 0 66984 26 0.010900497436523438
decode: 26 0 67010 26 0.010874032974243164
decode: 26 0 67036 26 0.01086878776550293
decode: 26 0 67062 26 0.010886669158935547
extend: 0 1 0 2806 0.06813478469848633
decode: 26 0 69427 26 0.011832475662231445
decode: 26 0 69453 26 0.011515140533447266
decode: 26 0 69479 26 0.011298894882202148
decode: 26 0 69505 26 0.011120796203613281
decode: 26 0 69531 26 0.011091232299804688
decode: 26 0 69557 26 0.011044502258300781
decode: 26 0 69583 26 0.011049270629882812
decode: 26 0 69609 26 0.011075019836425781
decode: 26 0 69635 26 0.011005640029907227
decode: 26 0 69661 26 0.011057138442993164
decode: 26 0 69687 26 0.011072635650634766
decode: 26 0 69713 26 0.01107478141784668
extend: 0 1 0 618 0.020168304443359375
decode: 26 0 69262 26 0.010993242263793945
decode: 26 0 69288 26 0.011060237884521484
decode: 26 0 69314 26 0.010995149612426758
decode: 26 0 69340 26 0.010989904403686523
decode: 26 0 69366 26 0.011001348495483398
decode: 26 0 69392 26 0.01098179817199707
decode: 26 0 69418 26 0.010979652404785156
decode: 26 0 69444 26 0.011007547378540039
decode: 26 0 69470 26 0.01099538803100586
decode: 26 0 69496 26 0.01110219955444336
decode: 26 0 69522 26 0.010972261428833008
decode: 26 0 69548 26 0.01099085807800293
decode: 26 0 69574 26 0.010981082916259766
decode: 26 0 69600 26 0.010994195938110352
decode: 26 0 69626 26 0.011005401611328125
decode: 26 0 69652 26 0.010992288589477539
extend: 0 1 0 540 0.018553495407104492
decode: 26 0 69584 26 0.011139631271362305
decode: 26 0 69610 26 0.010978460311889648
decode: 26 0 69636 26 0.011004924774169922
decode: 26 0 69662 26 0.010977506637573242
decode: 26 0 69688 26 0.010988473892211914
decode: 26 0 69714 26 0.010989189147949219
decode: 25 0 66899 25 0.010819673538208008
extend: 0 1 0 2841 0.06910037994384766
decode: 25 0 69218 25 0.011466741561889648
decode: 25 0 69243 25 0.011561155319213867
decode: 25 0 69268 25 0.011279106140136719
decode: 25 0 69293 25 0.01123809814453125
decode: 25 0 69318 25 0.011031866073608398
decode: 25 0 69343 25 0.011026620864868164
decode: 25 0 69368 25 0.011010408401489258
decode: 25 0 69393 25 0.010980367660522461
decode: 25 0 69418 25 0.0109710693359375
decode: 25 0 69443 25 0.011017560958862305
decode: 25 0 69468 25 0.011030435562133789
decode: 25 0 69493 25 0.011019229888916016
decode: 25 0 69518 25 0.011049270629882812
decode: 25 0 69543 25 0.01103520393371582
decode: 25 0 69568 25 0.011159658432006836
decode: 25 0 69593 25 0.011018991470336914
decode: 25 0 69618 25 0.01104736328125
decode: 25 0 69643 25 0.011015892028808594
decode: 25 0 69668 25 0.011016607284545898
decode: 25 0 69693 25 0.011030197143554688
decode: 25 0 69718 25 0.011020660400390625
extend: 0 1 0 635 0.019612550735473633
decode: 25 0 69200 25 0.011056661605834961
decode: 25 0 69225 25 0.01103353500366211
decode: 25 0 69250 25 0.01103663444519043
decode: 25 0 69275 25 0.01103973388671875
decode: 25 0 69300 25 0.011021852493286133
decode: 25 0 69325 25 0.011027336120605469
decode: 25 0 69350 25 0.011086702346801758
decode: 25 0 69375 25 0.011021852493286133
decode: 25 0 69400 25 0.011060237884521484
decode: 25 0 69425 25 0.011005401611328125
decode: 25 0 69450 25 0.010997295379638672
decode: 25 0 69475 25 0.010991334915161133
decode: 25 0 69500 25 0.010981321334838867
decode: 25 0 69525 25 0.011005878448486328
decode: 25 0 69550 25 0.010986566543579102
decode: 25 0 69575 25 0.010985851287841797
decode: 25 0 69600 25 0.011014938354492188
decode: 25 0 69625 25 0.0110015869140625
decode: 25 0 69650 25 0.01099395751953125
decode: 25 0 69675 25 0.010985136032104492
decode: 25 0 69700 25 0.010988950729370117
decode: 25 0 69725 25 0.010986328125
decode: 24 0 66865 24 0.010637044906616211
extend: 0 1 0 1063 0.02940511703491211
extend: 0 2 0 3433 0.08296370506286621
decode: 25 0 69571 25 0.01168370246887207
decode: 25 0 69596 25 0.011513471603393555
extend: 0 1 0 468 0.015320062637329102
decode: 25 0 69539 25 0.011205911636352539
decode: 25 0 69564 25 0.011084318161010742
decode: 25 0 69589 25 0.01097726821899414
decode: 25 0 69614 25 0.01099252700805664
decode: 25 0 69639 25 0.010955095291137695
decode: 25 0 69664 25 0.010952949523925781
decode: 25 0 69689 25 0.010976314544677734
decode: 25 0 69714 25 0.011061429977416992
decode: 24 0 68665 24 0.010737180709838867
extend: 0 1 0 2192 0.05462932586669922
decode: 24 0 67986 24 0.011119842529296875
decode: 24 0 68010 24 0.011023521423339844
extend: 0 2 0 1733 0.04204607009887695
decode: 24 0 68629 24 0.011052370071411133
decode: 24 0 68653 24 0.011029958724975586
decode: 24 0 68677 24 0.010863065719604492
decode: 24 0 68701 24 0.010811090469360352
decode: 24 0 68725 24 0.010783910751342773
decode: 24 0 68749 24 0.010789871215820312
decode: 24 0 68773 24 0.010776042938232422
decode: 24 0 68797 24 0.010758399963378906
decode: 24 0 68821 24 0.010753631591796875
decode: 24 0 68845 24 0.010866641998291016
decode: 24 0 68869 24 0.010807037353515625
decode: 24 0 68893 24 0.010763406753540039
decode: 24 0 68917 24 0.010775566101074219
decode: 24 0 68941 24 0.010768651962280273
decode: 24 0 68965 24 0.010849475860595703
decode: 24 0 68989 24 0.01083064079284668
decode: 24 0 69013 24 0.010792255401611328
decode: 24 0 69037 24 0.010939359664916992
decode: 24 0 69061 24 0.010785102844238281
decode: 24 0 69085 24 0.01078176498413086
decode: 24 0 69109 24 0.010781526565551758
decode: 24 0 69133 24 0.010776996612548828
decode: 24 0 69157 24 0.010772228240966797
decode: 24 0 69181 24 0.010912179946899414
decode: 24 0 69205 24 0.010806798934936523
decode: 24 0 69229 24 0.010779619216918945
decode: 24 0 69253 24 0.010764837265014648
decode: 24 0 69277 24 0.010791778564453125
decode: 24 0 69301 24 0.010738849639892578
decode: 24 0 69325 24 0.01074671745300293
decode: 24 0 69349 24 0.010744333267211914
decode: 24 0 69373 24 0.010728597640991211
decode: 23 0 63750 23 0.01055598258972168
extend: 0 1 0 2558 0.061667442321777344
decode: 24 0 66332 24 0.011126995086669922
decode: 24 0 66356 24 0.011073112487792969
extend: 0 3 0 2888 0.06730365753173828
decode: 27 0 69271 27 0.011791706085205078
decode: 27 0 69298 27 0.011426687240600586
decode: 27 0 69325 27 0.011521339416503906
decode: 27 0 69352 27 0.011233091354370117
decode: 27 0 69379 27 0.011078596115112305
decode: 27 0 69406 27 0.011074066162109375
decode: 27 0 69433 27 0.011092424392700195
decode: 27 0 69460 27 0.010986804962158203
decode: 27 0 69487 27 0.011049747467041016
decode: 27 0 69514 27 0.01097416877746582
decode: 27 0 69541 27 0.01102757453918457
decode: 27 0 69568 27 0.010975122451782227
decode: 27 0 69595 27 0.010998010635375977
decode: 27 0 69622 27 0.010977983474731445
decode: 27 0 69649 27 0.010980367660522461
decode: 27 0 69676 27 0.010950803756713867
decode: 27 0 69703 27 0.010980606079101562
decode: 27 0 69730 27 0.010968685150146484
decode: 26 0 67178 26 0.011038064956665039
extend: 0 1 0 497 0.015117406845092773
extend: 0 1 0 2579 0.06392860412597656
decode: 25 0 64610 25 0.011465311050415039
extend: 0 1 0 1096 0.030237674713134766
extend: 0 3 0 1549 0.03973650932312012
decode: 29 0 67284 29 0.011149406433105469
decode: 29 0 67313 29 0.011065483093261719
decode: 29 0 67342 29 0.01101231575012207
decode: 29 0 67371 29 0.011071443557739258
decode: 29 0 67400 29 0.011043071746826172
decode: 29 0 67429 29 0.01094675064086914
decode: 29 0 67458 29 0.01089930534362793
decode: 29 0 67487 29 0.010885477066040039
decode: 29 0 67516 29 0.010887384414672852
decode: 29 0 67545 29 0.010993480682373047
decode: 29 0 67574 29 0.010935068130493164
decode: 29 0 67603 29 0.010876893997192383
decode: 29 0 67632 29 0.010871171951293945
decode: 29 0 67661 29 0.01084756851196289
decode: 29 0 67690 29 0.010895252227783203
decode: 29 0 67719 29 0.010893821716308594
decode: 29 0 67748 29 0.01085972785949707
decode: 29 0 67777 29 0.010878801345825195
decode: 29 0 67806 29 0.010864019393920898
decode: 29 0 67835 29 0.010934591293334961
decode: 29 0 67864 29 0.010882854461669922
decode: 29 0 67893 29 0.010874509811401367
decode: 29 0 67922 29 0.010916948318481445
decode: 29 0 67951 29 0.010953426361083984
decode: 29 0 67980 29 0.010948896408081055
decode: 29 0 68009 29 0.010929346084594727
decode: 29 0 68038 29 0.010922908782958984
decode: 29 0 68067 29 0.010900259017944336
decode: 29 0 68096 29 0.010901212692260742
decode: 29 0 68125 29 0.010917425155639648
decode: 29 0 68154 29 0.010949373245239258
decode: 29 0 68183 29 0.01088094711303711
decode: 29 0 68212 29 0.010931015014648438
decode: 29 0 68241 29 0.010900259017944336
decode: 29 0 68270 29 0.010890960693359375
decode: 29 0 68299 29 0.010878324508666992
decode: 29 0 68328 29 0.010958671569824219
decode: 29 0 68357 29 0.010876178741455078
decode: 28 0 64078 28 0.010714292526245117
decode: 28 0 64106 28 0.010710716247558594
decode: 28 0 64134 28 0.010729551315307617
decode: 28 0 64162 28 0.010779619216918945
decode: 28 0 64190 28 0.010709524154663086
decode: 28 0 64218 28 0.010795831680297852
decode: 28 0 64246 28 0.010799169540405273
decode: 28 0 64274 28 0.010825872421264648
decode: 28 0 64302 28 0.010815620422363281
decode: 28 0 64330 28 0.010790109634399414
decode: 28 0 64358 28 0.01078343391418457
decode: 28 0 64386 28 0.010802507400512695
decode: 28 0 64414 28 0.010787487030029297
decode: 28 0 64442 28 0.010773897171020508
decode: 28 0 64470 28 0.010759830474853516
decode: 28 0 64498 28 0.010757207870483398
decode: 28 0 64526 28 0.010764837265014648
decode: 27 0 63927 27 0.010698080062866211
decode: 27 0 63954 27 0.010690689086914062
decode: 27 0 63981 27 0.010698318481445312
decode: 27 0 64008 27 0.01070857048034668
decode: 27 0 64035 27 0.010826587677001953
decode: 27 0 64062 27 0.010737895965576172
decode: 27 0 64089 27 0.010727882385253906
decode: 27 0 64116 27 0.010792016983032227
decode: 27 0 64143 27 0.010738611221313477
decode: 27 0 64170 27 0.010727643966674805
decode: 27 0 64197 27 0.010798931121826172
decode: 27 0 64224 27 0.010735034942626953
decode: 27 0 64251 27 0.010732889175415039
decode: 27 0 64278 27 0.010776519775390625
decode: 27 0 64305 27 0.01069021224975586
decode: 27 0 64332 27 0.0106964111328125
decode: 27 0 64359 27 0.010759353637695312
decode: 27 0 64386 27 0.010808706283569336
decode: 27 0 64413 27 0.010749340057373047
decode: 27 0 64440 27 0.010880470275878906
decode: 27 0 64467 27 0.010751962661743164
decode: 27 0 64494 27 0.01076960563659668
decode: 27 0 64521 27 0.010776281356811523
decode: 27 0 64548 27 0.010886669158935547
decode: 27 0 64575 27 0.01085805892944336
decode: 27 0 64602 27 0.01079416275024414
decode: 27 0 64629 27 0.010803699493408203
decode: 27 0 64656 27 0.010840892791748047
decode: 27 0 64683 27 0.010770082473754883
decode: 27 0 64710 27 0.010778665542602539
decode: 27 0 64737 27 0.010745763778686523
decode: 27 0 64764 27 0.010757207870483398
decode: 27 0 64791 27 0.010752201080322266
decode: 27 0 64818 27 0.010757207870483398
decode: 27 0 64845 27 0.010768413543701172
decode: 27 0 64872 27 0.010763168334960938
decode: 27 0 64899 27 0.010755538940429688
decode: 27 0 64926 27 0.010770320892333984
decode: 27 0 64953 27 0.010795831680297852
decode: 27 0 64980 27 0.010807037353515625
decode: 27 0 65007 27 0.010785818099975586
decode: 27 0 65034 27 0.010895729064941406
decode: 27 0 65061 27 0.010803461074829102
decode: 27 0 65088 27 0.010782241821289062
decode: 27 0 65115 27 0.010782480239868164
decode: 27 0 65142 27 0.01078939437866211
decode: 27 0 65169 27 0.010820150375366211
decode: 27 0 65196 27 0.01076364517211914
decode: 27 0 65223 27 0.010774374008178711
decode: 27 0 65250 27 0.010765314102172852
decode: 27 0 65277 27 0.010824203491210938
decode: 27 0 65304 27 0.010768890380859375
decode: 27 0 65331 27 0.010751724243164062
decode: 27 0 65358 27 0.010748863220214844
decode: 27 0 65385 27 0.010760784149169922
decode: 27 0 65412 27 0.010825872421264648
decode: 27 0 65439 27 0.010841846466064453
decode: 27 0 65466 27 0.010832548141479492
decode: 27 0 65493 27 0.010915756225585938
decode: 27 0 65520 27 0.010852813720703125
decode: 27 0 65547 27 0.010968446731567383
decode: 27 0 65574 27 0.010841846466064453
decode: 27 0 65601 27 0.01096653938293457
decode: 27 0 65628 27 0.010923624038696289
decode: 27 0 65655 27 0.010832786560058594
decode: 27 0 65682 27 0.01079106330871582
decode: 27 0 65709 27 0.01079869270324707
decode: 27 0 65736 27 0.010818958282470703
decode: 27 0 65763 27 0.010797500610351562
decode: 27 0 65790 27 0.010863065719604492
decode: 27 0 65817 27 0.010816812515258789
decode: 27 0 65844 27 0.010838031768798828
decode: 27 0 65871 27 0.010972976684570312
decode: 27 0 65898 27 0.010840415954589844
decode: 27 0 65925 27 0.010860919952392578
decode: 27 0 65952 27 0.010843515396118164
decode: 27 0 65979 27 0.010909795761108398
decode: 27 0 66006 27 0.010837316513061523
decode: 27 0 66033 27 0.010847330093383789
decode: 27 0 66060 27 0.01086115837097168
decode: 27 0 66087 27 0.01085042953491211
decode: 27 0 66114 27 0.010877132415771484
decode: 27 0 66141 27 0.010924100875854492
decode: 27 0 66168 27 0.01098775863647461
decode: 27 0 66195 27 0.010856866836547852
decode: 27 0 66222 27 0.01085805892944336
decode: 27 0 66249 27 0.010914802551269531
decode: 27 0 66276 27 0.010894536972045898
decode: 27 0 66303 27 0.010895013809204102
decode: 27 0 66330 27 0.010886430740356445
decode: 27 0 66357 27 0.010960817337036133
decode: 27 0 66384 27 0.010903358459472656
decode: 27 0 66411 27 0.010967016220092773
decode: 27 0 66438 27 0.011022806167602539
decode: 27 0 66465 27 0.010886907577514648
decode: 27 0 66492 27 0.010956764221191406
decode: 27 0 66519 27 0.010881662368774414
decode: 27 0 66546 27 0.010859966278076172
decode: 27 0 66573 27 0.011003494262695312
decode: 27 0 66600 27 0.010869503021240234
decode: 26 0 61366 26 0.01052093505859375
decode: 26 0 61392 26 0.010500907897949219
decode: 26 0 61418 26 0.010576009750366211
decode: 26 0 61444 26 0.010489463806152344
decode: 26 0 61470 26 0.010586738586425781
decode: 25 0 56828 25 0.010359525680541992
decode: 25 0 56853 25 0.010378360748291016
decode: 25 0 56878 25 0.010353326797485352
decode: 25 0 56903 25 0.010412931442260742
decode: 25 0 56928 25 0.010375738143920898
decode: 25 0 56953 25 0.010356903076171875
decode: 25 0 56978 25 0.010338544845581055
decode: 25 0 57003 25 0.01033782958984375
decode: 25 0 57028 25 0.010337352752685547
decode: 25 0 57053 25 0.010320186614990234
decode: 25 0 57078 25 0.010315179824829102
decode: 25 0 57103 25 0.010318517684936523
decode: 25 0 57128 25 0.010337591171264648
decode: 25 0 57153 25 0.010325908660888672
decode: 25 0 57178 25 0.010324239730834961
decode: 25 0 57203 25 0.010326623916625977
decode: 25 0 57228 25 0.010332345962524414
decode: 25 0 57253 25 0.010419130325317383
decode: 25 0 57278 25 0.010347604751586914
decode: 25 0 57303 25 0.010325431823730469
decode: 25 0 57328 25 0.010333538055419922
decode: 25 0 57353 25 0.01034402847290039
decode: 25 0 57378 25 0.010336160659790039
decode: 25 0 57403 25 0.010405778884887695
decode: 25 0 57428 25 0.010388851165771484
decode: 25 0 57453 25 0.010377645492553711
decode: 25 0 57478 25 0.010399341583251953
decode: 25 0 57503 25 0.010388851165771484
decode: 25 0 57528 25 0.010380744934082031
decode: 25 0 57553 25 0.010396480560302734
decode: 25 0 57578 25 0.010395526885986328
decode: 25 0 57603 25 0.01051783561706543
decode: 25 0 57628 25 0.010396957397460938
decode: 25 0 57653 25 0.01036524772644043
decode: 25 0 57678 25 0.010381221771240234
decode: 25 0 57703 25 0.010391950607299805
decode: 25 0 57728 25 0.010368108749389648
decode: 25 0 57753 25 0.010367155075073242
decode: 25 0 57778 25 0.010397911071777344
decode: 25 0 57803 25 0.01038050651550293
decode: 25 0 57828 25 0.010376453399658203
decode: 25 0 57853 25 0.010394573211669922
decode: 25 0 57878 25 0.010410785675048828
decode: 25 0 57903 25 0.010392904281616211
decode: 24 0 52444 24 0.010057210922241211
decode: 24 0 52468 24 0.009958028793334961
decode: 24 0 52492 24 0.009951591491699219
decode: 24 0 52516 24 0.010062217712402344
decode: 24 0 52540 24 0.009942293167114258
decode: 24 0 52564 24 0.009955883026123047
decode: 23 0 50784 23 0.009896278381347656
decode: 23 0 50807 23 0.009785652160644531
decode: 23 0 50830 23 0.009792089462280273
decode: 23 0 50853 23 0.009780645370483398
decode: 23 0 50876 23 0.009790420532226562
decode: 23 0 50899 23 0.009775876998901367
decode: 23 0 50922 23 0.009782075881958008
decode: 23 0 50945 23 0.009786128997802734
decode: 23 0 50968 23 0.009771585464477539
decode: 23 0 50991 23 0.009796380996704102
decode: 23 0 51014 23 0.009833097457885742
decode: 23 0 51037 23 0.009791374206542969
decode: 23 0 51060 23 0.00979471206665039
decode: 23 0 51083 23 0.009793281555175781
decode: 23 0 51106 23 0.009784698486328125
decode: 23 0 51129 23 0.00980520248413086
decode: 22 0 49750 22 0.009737491607666016
decode: 22 0 49772 22 0.009796619415283203
decode: 22 0 49794 22 0.00974726676940918
decode: 22 0 49816 22 0.009716033935546875
decode: 22 0 49838 22 0.009753942489624023
decode: 22 0 49860 22 0.009777069091796875
decode: 22 0 49882 22 0.0097503662109375
decode: 22 0 49904 22 0.009723663330078125
decode: 22 0 49926 22 0.009720087051391602
decode: 22 0 49948 22 0.00980687141418457
decode: 22 0 49970 22 0.009832143783569336
decode: 21 0 48328 21 0.009750127792358398
decode: 21 0 48349 21 0.00977182388305664
decode: 21 0 48370 21 0.00971841812133789
decode: 21 0 48391 21 0.00975346565246582
decode: 21 0 48412 21 0.00972294807434082
decode: 21 0 48433 21 0.009720087051391602
decode: 21 0 48454 21 0.009799957275390625
decode: 21 0 48475 21 0.009740829467773438
decode: 21 0 48496 21 0.009748458862304688
decode: 21 0 48517 21 0.009820938110351562
decode: 21 0 48538 21 0.00972127914428711
decode: 20 0 47181 20 0.009824275970458984
decode: 20 0 47201 20 0.009755134582519531
decode: 20 0 47221 20 0.00971078872680664
decode: 20 0 47241 20 0.009700536727905273
decode: 20 0 47261 20 0.009745121002197266
decode: 20 0 47281 20 0.009712457656860352
decode: 20 0 47301 20 0.009703397750854492
decode: 20 0 47321 20 0.009717941284179688
decode: 19 0 45659 19 0.009658575057983398
decode: 19 0 45678 19 0.009674549102783203
decode: 19 0 45697 19 0.009673357009887695
decode: 19 0 45716 19 0.009670257568359375
decode: 19 0 45735 19 0.009666919708251953
decode: 19 0 45754 19 0.009665966033935547
decode: 19 0 45773 19 0.00968170166015625
decode: 19 0 45792 19 0.00965738296508789
decode: 19 0 45811 19 0.009663820266723633
decode: 19 0 45830 19 0.009668827056884766
decode: 19 0 45849 19 0.0096588134765625
decode: 19 0 45868 19 0.009654045104980469
decode: 19 0 45887 19 0.00974583625793457
decode: 18 0 44458 18 0.009652376174926758
decode: 18 0 44476 18 0.00960397720336914
decode: 18 0 44494 18 0.009600400924682617
decode: 18 0 44512 18 0.009589672088623047
decode: 18 0 44530 18 0.009613513946533203
decode: 18 0 44548 18 0.00960850715637207
decode: 18 0 44566 18 0.009613037109375
decode: 18 0 44584 18 0.009616613388061523
decode: 18 0 44602 18 0.009616613388061523
decode: 18 0 44620 18 0.009594917297363281
decode: 18 0 44638 18 0.009636878967285156
decode: 18 0 44656 18 0.009607553482055664
decode: 18 0 44674 18 0.009612560272216797
decode: 18 0 44692 18 0.00962376594543457
decode: 18 0 44710 18 0.009650945663452148
decode: 17 0 43945 17 0.009569168090820312
decode: 17 0 43962 17 0.009560585021972656
decode: 17 0 43979 17 0.009569883346557617
decode: 17 0 43996 17 0.009561300277709961
decode: 17 0 44013 17 0.009656429290771484
decode: 17 0 44030 17 0.009649515151977539
decode: 17 0 44047 17 0.009577035903930664
decode: 17 0 44064 17 0.009551763534545898
decode: 17 0 44081 17 0.009557962417602539
decode: 17 0 44098 17 0.009630203247070312
decode: 17 0 44115 17 0.009560585021972656
decode: 17 0 44132 17 0.009558439254760742
decode: 17 0 44149 17 0.009615659713745117
decode: 17 0 44166 17 0.009610652923583984
decode: 17 0 44183 17 0.009557962417602539
decode: 17 0 44200 17 0.009578704833984375
decode: 17 0 44217 17 0.00956273078918457
decode: 17 0 44234 17 0.009550333023071289
decode: 17 0 44251 17 0.009549140930175781
decode: 17 0 44268 17 0.01039433479309082
decode: 17 0 44285 17 0.009605884552001953
decode: 17 0 44302 17 0.009576797485351562
decode: 17 0 44319 17 0.009567975997924805
decode: 17 0 44336 17 0.009621620178222656
decode: 17 0 44353 17 0.009603261947631836
decode: 17 0 44370 17 0.009549379348754883
decode: 17 0 44387 17 0.009553194046020508
decode: 17 0 44404 17 0.009551286697387695
decode: 17 0 44421 17 0.009670257568359375
decode: 17 0 44438 17 0.009592771530151367
decode: 17 0 44455 17 0.009614944458007812
decode: 17 0 44472 17 0.009570121765136719
decode: 17 0 44489 17 0.00961756706237793
decode: 17 0 44506 17 0.009555816650390625
decode: 17 0 44523 17 0.00957798957824707
decode: 17 0 44540 17 0.009566068649291992
decode: 17 0 44557 17 0.00957036018371582
decode: 17 0 44574 17 0.009587526321411133
decode: 17 0 44591 17 0.009569406509399414
decode: 17 0 44608 17 0.009593486785888672
decode: 17 0 44625 17 0.00960230827331543
decode: 17 0 44642 17 0.009562492370605469
decode: 17 0 44659 17 0.009554862976074219
decode: 17 0 44676 17 0.009569406509399414
decode: 17 0 44693 17 0.009548425674438477
decode: 17 0 44710 17 0.009593725204467773
decode: 17 0 44727 17 0.009561777114868164
decode: 17 0 44744 17 0.00957036018371582
decode: 17 0 44761 17 0.009608268737792969
decode: 17 0 44778 17 0.009564876556396484
decode: 17 0 44795 17 0.00958704948425293
decode: 17 0 44812 17 0.009568214416503906
decode: 17 0 44829 17 0.009572505950927734
decode: 17 0 44846 17 0.009571075439453125
decode: 17 0 44863 17 0.009571075439453125
decode: 17 0 44880 17 0.009554624557495117
decode: 17 0 44897 17 0.00957798957824707
decode: 17 0 44914 17 0.00955963134765625
decode: 17 0 44931 17 0.009559154510498047
decode: 17 0 44948 17 0.009557008743286133
decode: 17 0 44965 17 0.009565353393554688
decode: 17 0 44982 17 0.00955963134765625
decode: 17 0 44999 17 0.00954580307006836
decode: 17 0 45016 17 0.009588003158569336
decode: 17 0 45033 17 0.009560108184814453
decode: 17 0 45050 17 0.009553670883178711
decode: 17 0 45067 17 0.009575366973876953
decode: 17 0 45084 17 0.009574174880981445
decode: 17 0 45101 17 0.009566307067871094
decode: 17 0 45118 17 0.009572982788085938
decode: 17 0 45135 17 0.009561777114868164
decode: 16 0 42568 16 0.009323835372924805
decode: 16 0 42584 16 0.009241104125976562
decode: 16 0 42600 16 0.009257793426513672
decode: 16 0 42616 16 0.009219169616699219
decode: 16 0 42632 16 0.009219169616699219
decode: 16 0 42648 16 0.009236335754394531
decode: 16 0 42664 16 0.009244680404663086
decode: 16 0 42680 16 0.00924372673034668
decode: 16 0 42696 16 0.009229660034179688
decode: 16 0 42712 16 0.009232282638549805
decode: 16 0 42728 16 0.009227514266967773
decode: 16 0 42744 16 0.009253501892089844
decode: 16 0 42760 16 0.009220123291015625
decode: 16 0 42776 16 0.00921773910522461
decode: 16 0 42792 16 0.009213924407958984
decode: 16 0 42808 16 0.009228706359863281
decode: 16 0 42824 16 0.009259462356567383
decode: 16 0 42840 16 0.00925135612487793
decode: 16 0 42856 16 0.009237289428710938
decode: 16 0 42872 16 0.009223222732543945
decode: 16 0 42888 16 0.00923013687133789
decode: 16 0 42904 16 0.009230613708496094
decode: 16 0 42920 16 0.009259939193725586
decode: 16 0 42936 16 0.009306907653808594
decode: 16 0 42952 16 0.009236574172973633
decode: 16 0 42968 16 0.009228706359863281
decode: 16 0 42984 16 0.009216547012329102
decode: 16 0 43000 16 0.009238719940185547
decode: 16 0 43016 16 0.009222984313964844
decode: 16 0 43032 16 0.009243249893188477
decode: 16 0 43048 16 0.009232521057128906
decode: 16 0 43064 16 0.009255647659301758
decode: 16 0 43080 16 0.009222745895385742
decode: 16 0 43096 16 0.009245157241821289
decode: 16 0 43112 16 0.009237289428710938
decode: 16 0 43128 16 0.009232759475708008
decode: 16 0 43144 16 0.009233236312866211
decode: 16 0 43160 16 0.009266138076782227
decode: 16 0 43176 16 0.009228229522705078
decode: 16 0 43192 16 0.009217500686645508
decode: 16 0 43208 16 0.009232282638549805
decode: 16 0 43224 16 0.009224176406860352
decode: 16 0 43240 16 0.00922846794128418
decode: 16 0 43256 16 0.009250164031982422
decode: 16 0 43272 16 0.009231328964233398
decode: 16 0 43288 16 0.009219169616699219
decode: 16 0 43304 16 0.009229660034179688
decode: 16 0 43320 16 0.009268760681152344
decode: 16 0 43336 16 0.009223222732543945
decode: 15 0 41478 15 0.009193897247314453
decode: 15 0 41493 15 0.009219646453857422
decode: 15 0 41508 15 0.009218692779541016
decode: 15 0 41523 15 0.009177446365356445
decode: 15 0 41538 15 0.009204626083374023
decode: 15 0 41553 15 0.00920248031616211
decode: 15 0 41568 15 0.009191513061523438
decode: 15 0 41583 15 0.009190797805786133
decode: 15 0 41598 15 0.009204387664794922
decode: 15 0 41613 15 0.00928640365600586
decode: 15 0 41628 15 0.00918889045715332
decode: 15 0 41643 15 0.00919032096862793
decode: 15 0 41658 15 0.00919961929321289
decode: 15 0 41673 15 0.009186983108520508
decode: 15 0 41688 15 0.009181976318359375
decode: 15 0 41703 15 0.009241580963134766
decode: 15 0 41718 15 0.009189128875732422
decode: 15 0 41733 15 0.009192705154418945
decode: 15 0 41748 15 0.009184837341308594
decode: 15 0 41763 15 0.009191274642944336
decode: 15 0 41778 15 0.009215354919433594
decode: 15 0 41793 15 0.009192466735839844
decode: 15 0 41808 15 0.009183883666992188
decode: 15 0 41823 15 0.009203672409057617
decode: 15 0 41838 15 0.00920248031616211
decode: 15 0 41853 15 0.009215116500854492
decode: 15 0 41868 15 0.00921177864074707
decode: 15 0 41883 15 0.009183883666992188
decode: 15 0 41898 15 0.009188652038574219
decode: 15 0 41913 15 0.009184837341308594
decode: 15 0 41928 15 0.009215354919433594
decode: 15 0 41943 15 0.009217500686645508
decode: 15 0 41958 15 0.009183883666992188
decode: 15 0 41973 15 0.009284257888793945
decode: 15 0 41988 15 0.00919485092163086
decode: 15 0 42003 15 0.00919032096862793
decode: 15 0 42018 15 0.00918722152709961
decode: 15 0 42033 15 0.009228229522705078
decode: 15 0 42048 15 0.009208202362060547
decode: 15 0 42063 15 0.009179115295410156
decode: 15 0 42078 15 0.009181976318359375
decode: 15 0 42093 15 0.009221076965332031
decode: 15 0 42108 15 0.00919032096862793
decode: 15 0 42123 15 0.009178638458251953
decode: 15 0 42138 15 0.009190082550048828
decode: 15 0 42153 15 0.009186506271362305
decode: 15 0 42168 15 0.009209394454956055
decode: 15 0 42183 15 0.009183645248413086
decode: 15 0 42198 15 0.009210348129272461
decode: 15 0 42213 15 0.009206771850585938
decode: 15 0 42228 15 0.009277582168579102
decode: 15 0 42243 15 0.009185314178466797
decode: 15 0 42258 15 0.009189128875732422
decode: 15 0 42273 15 0.009310007095336914
decode: 15 0 42288 15 0.009198427200317383
decode: 15 0 42303 15 0.009185791015625
decode: 15 0 42318 15 0.009214639663696289
decode: 15 0 42333 15 0.009175777435302734
decode: 15 0 42348 15 0.009175539016723633
decode: 15 0 42363 15 0.009187936782836914
decode: 15 0 42378 15 0.009255647659301758
decode: 15 0 42393 15 0.009273052215576172
decode: 15 0 42408 15 0.009224414825439453
decode: 15 0 42423 15 0.009219646453857422
decode: 15 0 42438 15 0.009221553802490234
decode: 15 0 42453 15 0.009276390075683594
decode: 15 0 42468 15 0.009236812591552734
decode: 15 0 42483 15 0.009231805801391602
decode: 15 0 42498 15 0.009248495101928711
decode: 15 0 42513 15 0.009233713150024414
decode: 15 0 42528 15 0.009240865707397461
decode: 15 0 42543 15 0.009269237518310547
decode: 15 0 42558 15 0.009256124496459961
decode: 15 0 42573 15 0.009235858917236328
decode: 15 0 42588 15 0.009220361709594727
decode: 15 0 42603 15 0.009224176406860352
decode: 15 0 42618 15 0.00928950309753418
decode: 15 0 42633 15 0.009261369705200195
decode: 15 0 42648 15 0.009234428405761719
decode: 15 0 42663 15 0.009250640869140625
decode: 15 0 42678 15 0.009268522262573242
decode: 15 0 42693 15 0.009259223937988281
decode: 15 0 42708 15 0.009242057800292969
decode: 15 0 42723 15 0.00923466682434082
decode: 15 0 42738 15 0.009325027465820312
decode: 15 0 42753 15 0.009233236312866211
decode: 15 0 42768 15 0.00925445556640625
decode: 15 0 42783 15 0.009240150451660156
decode: 15 0 42798 15 0.009245634078979492
decode: 15 0 42813 15 0.009286642074584961
decode: 15 0 42828 15 0.009247541427612305
decode: 15 0 42843 15 0.009330987930297852
decode: 15 0 42858 15 0.009252309799194336
decode: 15 0 42873 15 0.009235858917236328
decode: 15 0 42888 15 0.009255170822143555
decode: 15 0 42903 15 0.009235382080078125
decode: 15 0 42918 15 0.009261846542358398
decode: 15 0 42933 15 0.009237051010131836
decode: 15 0 42948 15 0.009243965148925781
decode: 15 0 42963 15 0.009223461151123047
decode: 15 0 42978 15 0.009231090545654297
decode: 15 0 42993 15 0.009279966354370117
decode: 15 0 43008 15 0.009257793426513672
decode: 15 0 43023 15 0.009222745895385742
decode: 15 0 43038 15 0.009239673614501953
decode: 15 0 43053 15 0.009267330169677734
decode: 15 0 43068 15 0.00926661491394043
decode: 15 0 43083 15 0.00922393798828125
decode: 15 0 43098 15 0.009241580963134766
decode: 15 0 43113 15 0.009229183197021484
decode: 15 0 43128 15 0.009248733520507812
decode: 15 0 43143 15 0.00924229621887207
decode: 15 0 43158 15 0.009254693984985352
decode: 15 0 43173 15 0.009240388870239258
decode: 15 0 43188 15 0.009234428405761719
decode: 15 0 43203 15 0.009331464767456055
decode: 15 0 43218 15 0.009222030639648438
decode: 15 0 43233 15 0.00923609733581543
decode: 15 0 43248 15 0.009222984313964844
decode: 15 0 43263 15 0.009239912033081055
decode: 15 0 43278 15 0.009253263473510742
decode: 15 0 43293 15 0.0092620849609375
decode: 15 0 43308 15 0.009325027465820312
decode: 15 0 43323 15 0.009288311004638672
decode: 15 0 43338 15 0.009281635284423828
decode: 15 0 43353 15 0.009248018264770508
decode: 15 0 43368 15 0.00927591323852539
decode: 15 0 43383 15 0.00923776626586914
decode: 15 0 43398 15 0.009241104125976562
decode: 15 0 43413 15 0.009264230728149414
decode: 15 0 43428 15 0.009245872497558594
decode: 15 0 43443 15 0.009229183197021484
decode: 15 0 43458 15 0.00925135612487793
decode: 15 0 43473 15 0.009263753890991211
decode: 15 0 43488 15 0.009313583374023438
decode: 15 0 43503 15 0.009278535842895508
decode: 15 0 43518 15 0.009257078170776367
decode: 15 0 43533 15 0.009246349334716797
decode: 15 0 43548 15 0.009246826171875
decode: 15 0 43563 15 0.00932931900024414
decode: 15 0 43578 15 0.009229898452758789
decode: 15 0 43593 15 0.00927734375
decode: 15 0 43608 15 0.009247779846191406
decode: 15 0 43623 15 0.009307622909545898
decode: 15 0 43638 15 0.009382963180541992
decode: 15 0 43653 15 0.009311437606811523
decode: 15 0 43668 15 0.009329557418823242
decode: 15 0 43683 15 0.009322166442871094
decode: 15 0 43698 15 0.009379386901855469
decode: 15 0 43713 15 0.009283304214477539
decode: 15 0 43728 15 0.009336233139038086
decode: 15 0 43743 15 0.00938272476196289
decode: 15 0 43758 15 0.00928354263305664
decode: 15 0 43773 15 0.009285926818847656
decode: 15 0 43788 15 0.009305477142333984
decode: 15 0 43803 15 0.009286165237426758
decode: 15 0 43818 15 0.009309053421020508
decode: 15 0 43833 15 0.00929570198059082
decode: 15 0 43848 15 0.009316682815551758
decode: 15 0 43863 15 0.009296417236328125
decode: 15 0 43878 15 0.009318828582763672
decode: 15 0 43893 15 0.009293794631958008
decode: 15 0 43908 15 0.009328842163085938
decode: 15 0 43923 15 0.00929713249206543
decode: 15 0 43938 15 0.009314298629760742
decode: 15 0 43953 15 0.009289741516113281
decode: 15 0 43968 15 0.009320735931396484
decode: 15 0 43983 15 0.009279489517211914
decode: 15 0 43998 15 0.009296655654907227
decode: 15 0 44013 15 0.009289026260375977
decode: 15 0 44028 15 0.009310245513916016
decode: 15 0 44043 15 0.00929880142211914
decode: 15 0 44058 15 0.009472370147705078
decode: 15 0 44073 15 0.009305715560913086
decode: 15 0 44088 15 0.009340286254882812
decode: 15 0 44103 15 0.009300708770751953
decode: 15 0 44118 15 0.00929403305053711
decode: 15 0 44133 15 0.009300470352172852
decode: 15 0 44148 15 0.00928354263305664
decode: 15 0 44163 15 0.009284019470214844
decode: 15 0 44178 15 0.00929570198059082
decode: 15 0 44193 15 0.009320259094238281
decode: 15 0 44208 15 0.009290218353271484
decode: 15 0 44223 15 0.009308338165283203
decode: 15 0 44238 15 0.009326934814453125
decode: 15 0 44253 15 0.009301424026489258
decode: 15 0 44268 15 0.009302854537963867
decode: 15 0 44283 15 0.009301424026489258
decode: 15 0 44298 15 0.009304285049438477
decode: 15 0 44313 15 0.009400606155395508
decode: 15 0 44328 15 0.009304285049438477
decode: 15 0 44343 15 0.00928640365600586
decode: 15 0 44358 15 0.009302854537963867
decode: 14 0 39999 14 0.009113311767578125
decode: 14 0 40013 14 0.009103059768676758
decode: 14 0 40027 14 0.009081602096557617
decode: 14 0 40041 14 0.009091377258300781
decode: 14 0 40055 14 0.009114980697631836
decode: 14 0 40069 14 0.009084224700927734
decode: 14 0 40083 14 0.009076118469238281
decode: 14 0 40097 14 0.009118080139160156
decode: 14 0 40111 14 0.009180784225463867
decode: 14 0 40125 14 0.0090789794921875
decode: 14 0 40139 14 0.009084701538085938
decode: 14 0 40153 14 0.00909566879272461
decode: 14 0 40167 14 0.009176015853881836
decode: 14 0 40181 14 0.009087085723876953
decode: 14 0 40195 14 0.009112358093261719
decode: 14 0 40209 14 0.00909566879272461
decode: 14 0 40223 14 0.009109020233154297
decode: 14 0 40237 14 0.009106636047363281
decode: 14 0 40251 14 0.009089231491088867
decode: 14 0 40265 14 0.009114742279052734
decode: 14 0 40279 14 0.009094953536987305
decode: 14 0 40293 14 0.009186029434204102
decode: 14 0 40307 14 0.009113550186157227
decode: 14 0 40321 14 0.00911855697631836
decode: 14 0 40335 14 0.009080171585083008
decode: 14 0 40349 14 0.009088516235351562
decode: 14 0 40363 14 0.009086132049560547
decode: 14 0 40377 14 0.009078264236450195
decode: 14 0 40391 14 0.009111642837524414
decode: 14 0 40405 14 0.00909733772277832
decode: 14 0 40419 14 0.009118795394897461
decode: 14 0 40433 14 0.009131431579589844
decode: 13 0 37241 13 0.009018898010253906
decode: 13 0 37254 13 0.008982181549072266
decode: 13 0 37267 13 0.009012460708618164
decode: 13 0 37280 13 0.009077787399291992
decode: 13 0 37293 13 0.009030342102050781
decode: 13 0 37306 13 0.008984088897705078
decode: 13 0 37319 13 0.008975028991699219
decode: 13 0 37332 13 0.008996963500976562
decode: 13 0 37345 13 0.00897216796875
decode: 13 0 37358 13 0.008992910385131836
decode: 13 0 37371 13 0.008983612060546875
decode: 13 0 37384 13 0.008979320526123047
decode: 13 0 37397 13 0.00901174545288086
decode: 13 0 37410 13 0.008986234664916992
decode: 13 0 37423 13 0.008989334106445312
decode: 13 0 37436 13 0.009001493453979492
decode: 13 0 37449 13 0.008978128433227539
decode: 13 0 37462 13 0.009001016616821289
decode: 13 0 37475 13 0.00898599624633789
decode: 13 0 37488 13 0.008972883224487305
decode: 13 0 37501 13 0.008985519409179688
decode: 13 0 37514 13 0.009035110473632812
decode: 13 0 37527 13 0.009086132049560547
decode: 13 0 37540 13 0.008997440338134766
decode: 13 0 37553 13 0.009013891220092773
decode: 13 0 37566 13 0.008983135223388672
decode: 13 0 37579 13 0.009067296981811523
decode: 13 0 37592 13 0.008978605270385742
decode: 13 0 37605 13 0.008976936340332031
decode: 13 0 37618 13 0.008977413177490234
decode: 13 0 37631 13 0.008975982666015625
decode: 13 0 37644 13 0.009023904800415039
decode: 13 0 37657 13 0.009024381637573242
decode: 13 0 37670 13 0.008977890014648438
decode: 13 0 37683 13 0.008969306945800781
decode: 13 0 37696 13 0.008988618850708008
decode: 13 0 37709 13 0.00897836685180664
decode: 13 0 37722 13 0.008974790573120117
decode: 13 0 37735 13 0.009032487869262695
decode: 13 0 37748 13 0.008989095687866211
decode: 13 0 37761 13 0.008991479873657227
decode: 13 0 37774 13 0.009033918380737305
decode: 13 0 37787 13 0.009011030197143555
decode: 13 0 37800 13 0.008980035781860352
decode: 13 0 37813 13 0.009021997451782227
decode: 13 0 37826 13 0.009072542190551758
decode: 13 0 37839 13 0.009005546569824219
decode: 13 0 37852 13 0.009055614471435547
decode: 13 0 37865 13 0.008992195129394531
decode: 13 0 37878 13 0.008984088897705078
decode: 13 0 37891 13 0.008983612060546875
decode: 13 0 37904 13 0.009000778198242188
decode: 13 0 37917 13 0.00899362564086914
decode: 13 0 37930 13 0.009011030197143555
decode: 13 0 37943 13 0.008993387222290039
decode: 13 0 37956 13 0.009025335311889648
decode: 13 0 37969 13 0.009019613265991211
decode: 13 0 37982 13 0.009036064147949219
decode: 13 0 37995 13 0.009036540985107422
decode: 13 0 38008 13 0.00901937484741211
decode: 13 0 38021 13 0.009137868881225586
decode: 13 0 38034 13 0.009068489074707031
decode: 13 0 38047 13 0.00904226303100586
decode: 13 0 38060 13 0.009066581726074219
decode: 13 0 38073 13 0.009027481079101562
decode: 13 0 38086 13 0.009025812149047852
decode: 13 0 38099 13 0.009055376052856445
decode: 13 0 38112 13 0.009038209915161133
decode: 13 0 38125 13 0.009026527404785156
decode: 13 0 38138 13 0.009032249450683594
decode: 13 0 38151 13 0.009059906005859375
decode: 13 0 38164 13 0.009009122848510742
decode: 13 0 38177 13 0.009012460708618164
decode: 13 0 38190 13 0.009032249450683594
decode: 13 0 38203 13 0.00905299186706543
decode: 13 0 38216 13 0.009038686752319336
decode: 13 0 38229 13 0.00903177261352539
decode: 13 0 38242 13 0.009035110473632812
decode: 13 0 38255 13 0.009045124053955078
decode: 13 0 38268 13 0.009035587310791016
decode: 13 0 38281 13 0.009030580520629883
decode: 13 0 38294 13 0.009063720703125
decode: 13 0 38307 13 0.00913548469543457
decode: 13 0 38320 13 0.009034156799316406
decode: 13 0 38333 13 0.009063243865966797
decode: 13 0 38346 13 0.00904703140258789
decode: 13 0 38359 13 0.009035110473632812
decode: 13 0 38372 13 0.009110450744628906
decode: 13 0 38385 13 0.009025096893310547
decode: 13 0 38398 13 0.009025096893310547
decode: 13 0 38411 13 0.009050369262695312
decode: 13 0 38424 13 0.009049654006958008
decode: 13 0 38437 13 0.009046792984008789
decode: 13 0 38450 13 0.009033918380737305
decode: 13 0 38463 13 0.009026288986206055
decode: 13 0 38476 13 0.009029626846313477
decode: 13 0 38489 13 0.009033918380737305
decode: 13 0 38502 13 0.009019136428833008
decode: 13 0 38515 13 0.009046077728271484
decode: 13 0 38528 13 0.00903773307800293
decode: 13 0 38541 13 0.00903630256652832
decode: 13 0 38554 13 0.00903463363647461
decode: 13 0 38567 13 0.009088993072509766
decode: 13 0 38580 13 0.009049415588378906
decode: 13 0 38593 13 0.009137153625488281
decode: 13 0 38606 13 0.009049177169799805
decode: 13 0 38619 13 0.009068965911865234
decode: 13 0 38632 13 0.009070158004760742
decode: 13 0 38645 13 0.009189605712890625
decode: 13 0 38658 13 0.009074687957763672
decode: 13 0 38671 13 0.00903010368347168
decode: 13 0 38684 13 0.00912165641784668
decode: 13 0 38697 13 0.009024620056152344
decode: 13 0 38710 13 0.009069442749023438
decode: 13 0 38723 13 0.009034872055053711
decode: 13 0 38736 13 0.00911569595336914
decode: 13 0 38749 13 0.009050846099853516
decode: 13 0 38762 13 0.009070396423339844
decode: 13 0 38775 13 0.009021520614624023
decode: 13 0 38788 13 0.00913095474243164
decode: 13 0 38801 13 0.009040355682373047
decode: 13 0 38814 13 0.009040594100952148
decode: 12 0 35554 12 0.008896112442016602
decode: 12 0 35566 12 0.008896112442016602
decode: 12 0 35578 12 0.008872032165527344
decode: 12 0 35590 12 0.008881330490112305
decode: 12 0 35602 12 0.008885383605957031
decode: 12 0 35614 12 0.008868932723999023
decode: 12 0 35626 12 0.008875370025634766
decode: 12 0 35638 12 0.008979320526123047
decode: 12 0 35650 12 0.008878946304321289
decode: 12 0 35662 12 0.008875370025634766
decode: 12 0 35674 12 0.008932828903198242
decode: 12 0 35686 12 0.008980035781860352
decode: 12 0 35698 12 0.008874893188476562
decode: 12 0 35710 12 0.008862018585205078
decode: 12 0 35722 12 0.008893489837646484
decode: 12 0 35734 12 0.008880853652954102
decode: 12 0 35746 12 0.00887155532836914
decode: 12 0 35758 12 0.00887608528137207
decode: 12 0 35770 12 0.008892059326171875
decode: 12 0 35782 12 0.008872747421264648
decode: 12 0 35794 12 0.008875846862792969
decode: 12 0 35806 12 0.008928060531616211
decode: 12 0 35818 12 0.008930444717407227
decode: 12 0 35830 12 0.008934497833251953
decode: 12 0 35842 12 0.0089263916015625
decode: 12 0 35854 12 0.00894474983215332
decode: 12 0 35866 12 0.008927583694458008
decode: 12 0 35878 12 0.008916854858398438
decode: 12 0 35890 12 0.00892186164855957
decode: 12 0 35902 12 0.008929014205932617
decode: 12 0 35914 12 0.00891733169555664
decode: 12 0 35926 12 0.008919715881347656
decode: 12 0 35938 12 0.00893092155456543
decode: 12 0 35950 12 0.00893712043762207
decode: 12 0 35962 12 0.008926630020141602
decode: 12 0 35974 12 0.00893402099609375
decode: 12 0 35986 12 0.008919000625610352
decode: 12 0 35998 12 0.00892329216003418
decode: 12 0 36010 12 0.008925676345825195
decode: 12 0 36022 12 0.008943319320678711
decode: 12 0 36034 12 0.00893402099609375
decode: 12 0 36046 12 0.008918523788452148
decode: 12 0 36058 12 0.00894021987915039
decode: 12 0 36070 12 0.008924007415771484
decode: 12 0 36082 12 0.008930444717407227
decode: 12 0 36094 12 0.009028196334838867
decode: 12 0 36106 12 0.009021282196044922
decode: 12 0 36118 12 0.009018898010253906
decode: 12 0 36130 12 0.009004592895507812
decode: 12 0 36142 12 0.009035825729370117
decode: 12 0 36154 12 0.009010791778564453
decode: 12 0 36166 12 0.009007930755615234
decode: 12 0 36178 12 0.00903630256652832
decode: 12 0 36190 12 0.009043216705322266
decode: 12 0 36202 12 0.009030580520629883
decode: 12 0 36214 12 0.009038448333740234
decode: 12 0 36226 12 0.009028196334838867
decode: 12 0 36238 12 0.009027242660522461
decode: 12 0 36250 12 0.00904083251953125
decode: 12 0 36262 12 0.009044170379638672
decode: 12 0 36274 12 0.00902104377746582
decode: 12 0 36286 12 0.009021520614624023
decode: 12 0 36298 12 0.009038209915161133
decode: 12 0 36310 12 0.00902867317199707
decode: 12 0 36322 12 0.009014129638671875
decode: 12 0 36334 12 0.009018182754516602
decode: 12 0 36346 12 0.009035348892211914
decode: 12 0 36358 12 0.008966207504272461
decode: 12 0 36370 12 0.008951425552368164
decode: 12 0 36382 12 0.008963346481323242
decode: 12 0 36394 12 0.008956670761108398
decode: 12 0 36406 12 0.008925676345825195
decode: 12 0 36418 12 0.008971452713012695
decode: 12 0 36430 12 0.00895071029663086
decode: 12 0 36442 12 0.008952856063842773
decode: 12 0 36454 12 0.008939027786254883
decode: 12 0 36466 12 0.00896596908569336
decode: 12 0 36478 12 0.00896453857421875
decode: 12 0 36490 12 0.008959293365478516
decode: 12 0 36502 12 0.009015798568725586
decode: 12 0 36514 12 0.00898432731628418
decode: 12 0 36526 12 0.00897073745727539
decode: 12 0 36538 12 0.008951187133789062
decode: 12 0 36550 12 0.00896596908569336
decode: 12 0 36562 12 0.008961200714111328
decode: 12 0 36574 12 0.008977413177490234
decode: 12 0 36586 12 0.008957862854003906
decode: 12 0 36598 12 0.008956670761108398
decode: 12 0 36610 12 0.008935689926147461
decode: 12 0 36622 12 0.008954048156738281
decode: 12 0 36634 12 0.008922576904296875
decode: 12 0 36646 12 0.008941173553466797
decode: 12 0 36658 12 0.008943319320678711
decode: 12 0 36670 12 0.009011983871459961
decode: 12 0 36682 12 0.008984088897705078
decode: 12 0 36694 12 0.009006977081298828
decode: 12 0 36706 12 0.00897669792175293
decode: 12 0 36718 12 0.008976221084594727
decode: 12 0 36730 12 0.008994102478027344
decode: 12 0 36742 12 0.008980751037597656
decode: 12 0 36754 12 0.009008169174194336
decode: 12 0 36766 12 0.008999109268188477
decode: 12 0 36778 12 0.008989334106445312
decode: 12 0 36790 12 0.00897359848022461
decode: 12 0 36802 12 0.008976936340332031
decode: 12 0 36814 12 0.008973836898803711
decode: 12 0 36826 12 0.008968353271484375
decode: 12 0 36838 12 0.00906825065612793
decode: 11 0 33410 11 0.008806228637695312
decode: 11 0 33421 11 0.008836984634399414
decode: 11 0 33432 11 0.008874654769897461
decode: 11 0 33443 11 0.008851289749145508
decode: 11 0 33454 11 0.00883936882019043
decode: 11 0 33465 11 0.008916139602661133
decode: 11 0 33476 11 0.00885629653930664
decode: 11 0 33487 11 0.008838891983032227
decode: 11 0 33498 11 0.00880575180053711
decode: 11 0 33509 11 0.00887298583984375
decode: 11 0 33520 11 0.008857011795043945
decode: 11 0 33531 11 0.008845329284667969
decode: 11 0 33542 11 0.008879899978637695
decode: 11 0 33553 11 0.008848905563354492
decode: 11 0 33564 11 0.00883936882019043
decode: 11 0 33575 11 0.00884699821472168
decode: 11 0 33586 11 0.00892496109008789
decode: 11 0 33597 11 0.008852481842041016
decode: 11 0 33608 11 0.008846044540405273
decode: 11 0 33619 11 0.008854150772094727
decode: 11 0 33630 11 0.008841276168823242
decode: 11 0 33641 11 0.008848428726196289
decode: 11 0 33652 11 0.008870840072631836
decode: 11 0 33663 11 0.008853912353515625
decode: 11 0 33674 11 0.008898496627807617
decode: 11 0 33685 11 0.008876800537109375
decode: 11 0 33696 11 0.00884866714477539
decode: 11 0 33707 11 0.008910894393920898
decode: 11 0 33718 11 0.008854389190673828
decode: 11 0 33729 11 0.008846044540405273
decode: 11 0 33740 11 0.008848905563354492
decode: 11 0 33751 11 0.008861064910888672
decode: 11 0 33762 11 0.008873462677001953
decode: 11 0 33773 11 0.008844375610351562
decode: 11 0 33784 11 0.008855104446411133
decode: 10 0 29900 10 0.008692502975463867
decode: 10 0 29910 10 0.008761405944824219
decode: 9 0 26070 9 0.008529186248779297
decode: 9 0 26079 9 0.008463382720947266
decode: 9 0 26088 9 0.008445978164672852
decode: 9 0 26097 9 0.008442878723144531
decode: 9 0 26106 9 0.008434772491455078
decode: 9 0 26115 9 0.008474588394165039
decode: 9 0 26124 9 0.008461952209472656
decode: 9 0 26133 9 0.008442163467407227
decode: 9 0 26142 9 0.008446931838989258
decode: 9 0 26151 9 0.008443593978881836
decode: 9 0 26160 9 0.008449316024780273
decode: 9 0 26169 9 0.008442878723144531
decode: 9 0 26178 9 0.008461713790893555
decode: 9 0 26187 9 0.00845026969909668
decode: 9 0 26196 9 0.008454561233520508
decode: 9 0 26205 9 0.008453130722045898
decode: 9 0 26214 9 0.00846552848815918
decode: 9 0 26223 9 0.008439064025878906
decode: 9 0 26232 9 0.008435487747192383
decode: 9 0 26241 9 0.008439779281616211
decode: 9 0 26250 9 0.008452653884887695
decode: 9 0 26259 9 0.008453607559204102
decode: 9 0 26268 9 0.00850367546081543
decode: 9 0 26277 9 0.00850224494934082
decode: 9 0 26286 9 0.008493661880493164
decode: 9 0 26295 9 0.00847768783569336
decode: 9 0 26304 9 0.008504867553710938
decode: 8 0 23857 8 0.008376836776733398
decode: 8 0 23865 8 0.00834345817565918
decode: 8 0 23873 8 0.008311271667480469
decode: 8 0 23881 8 0.008317232131958008
decode: 8 0 23889 8 0.008327960968017578
decode: 8 0 23897 8 0.00832986831665039
decode: 8 0 23905 8 0.008317947387695312
decode: 8 0 23913 8 0.008318662643432617
decode: 8 0 23921 8 0.008321285247802734
decode: 8 0 23929 8 0.008312702178955078
decode: 8 0 23937 8 0.008335590362548828
decode: 8 0 23945 8 0.008323907852172852
decode: 8 0 23953 8 0.008325815200805664
decode: 8 0 23961 8 0.008333444595336914
decode: 8 0 23969 8 0.008310317993164062
decode: 8 0 23977 8 0.008315324783325195
decode: 8 0 23985 8 0.008313655853271484
decode: 8 0 23993 8 0.008316278457641602
decode: 8 0 24001 8 0.008308172225952148
decode: 8 0 24009 8 0.008325815200805664
decode: 8 0 24017 8 0.008312463760375977
decode: 8 0 24025 8 0.008312463760375977
decode: 8 0 24033 8 0.00832986831665039
decode: 7 0 19788 7 0.008169412612915039
decode: 7 0 19795 7 0.008183717727661133
decode: 7 0 19802 7 0.008163213729858398
decode: 7 0 19809 7 0.008165121078491211
decode: 7 0 19816 7 0.008162736892700195
decode: 7 0 19823 7 0.008159875869750977
decode: 7 0 19830 7 0.008160591125488281
decode: 7 0 19837 7 0.00816965103149414
decode: 7 0 19844 7 0.008176326751708984
decode: 7 0 19851 7 0.008155345916748047
decode: 7 0 19858 7 0.008169889450073242
decode: 7 0 19865 7 0.008164405822753906
decode: 7 0 19872 7 0.008169174194335938
decode: 7 0 19879 7 0.008165597915649414
decode: 7 0 19886 7 0.008177995681762695
decode: 7 0 19893 7 0.00816035270690918
decode: 7 0 19900 7 0.008175849914550781
decode: 7 0 19907 7 0.008162975311279297
decode: 7 0 19914 7 0.008165121078491211
decode: 7 0 19921 7 0.008162736892700195
decode: 7 0 19928 7 0.008179903030395508
decode: 7 0 19935 7 0.008159875869750977
decode: 7 0 19942 7 0.008149385452270508
decode: 7 0 19949 7 0.008151054382324219
decode: 7 0 19956 7 0.008178234100341797
decode: 7 0 19963 7 0.008159875869750977
decode: 7 0 19970 7 0.008160114288330078
decode: 7 0 19977 7 0.008161067962646484
decode: 7 0 19984 7 0.008155345916748047
decode: 7 0 19991 7 0.008168458938598633
decode: 7 0 19998 7 0.00817108154296875
decode: 7 0 20005 7 0.008167028427124023
decode: 7 0 20012 7 0.008158683776855469
decode: 7 0 20019 7 0.008161067962646484
decode: 7 0 20026 7 0.008178234100341797
decode: 7 0 20033 7 0.008170843124389648
decode: 7 0 20040 7 0.008174419403076172
decode: 7 0 20047 7 0.008176326751708984
decode: 7 0 20054 7 0.008163213729858398
decode: 7 0 20061 7 0.00815892219543457
decode: 7 0 20068 7 0.008180856704711914
decode: 7 0 20075 7 0.008159875869750977
decode: 7 0 20082 7 0.008156299591064453
decode: 7 0 20089 7 0.008173704147338867
decode: 7 0 20096 7 0.008171319961547852
decode: 7 0 20103 7 0.00815439224243164
decode: 7 0 20110 7 0.008182287216186523
decode: 7 0 20117 7 0.008159637451171875
decode: 7 0 20124 7 0.008153915405273438
decode: 7 0 20131 7 0.0081634521484375
decode: 7 0 20138 7 0.00817561149597168
decode: 7 0 20145 7 0.00816035270690918
decode: 7 0 20152 7 0.008162260055541992
decode: 7 0 20159 7 0.008182287216186523
decode: 7 0 20166 7 0.008178234100341797
decode: 7 0 20173 7 0.008159637451171875
decode: 7 0 20180 7 0.008166790008544922
decode: 7 0 20187 7 0.008191108703613281
decode: 7 0 20194 7 0.008169174194335938
decode: 7 0 20201 7 0.008158206939697266
decode: 7 0 20208 7 0.008160591125488281
decode: 7 0 20215 7 0.008193016052246094
decode: 7 0 20222 7 0.008172035217285156
decode: 7 0 20229 7 0.00817561149597168
decode: 7 0 20236 7 0.00815892219543457
decode: 7 0 20243 7 0.00815272331237793
decode: 7 0 20250 7 0.008153915405273438
decode: 7 0 20257 7 0.008150577545166016
decode: 7 0 20264 7 0.008179426193237305
decode: 7 0 20271 7 0.008175134658813477
decode: 7 0 20278 7 0.008154153823852539
decode: 7 0 20285 7 0.008158683776855469
decode: 7 0 20292 7 0.008159399032592773
decode: 7 0 20299 7 0.008147716522216797
decode: 7 0 20306 7 0.008172988891601562
decode: 7 0 20313 7 0.008175849914550781
decode: 7 0 20320 7 0.008149385452270508
decode: 7 0 20327 7 0.008161544799804688
decode: 7 0 20334 7 0.008172988891601562
decode: 7 0 20341 7 0.00817561149597168
decode: 7 0 20348 7 0.008162975311279297
decode: 7 0 20355 7 0.008182048797607422
decode: 7 0 20362 7 0.008163928985595703
decode: 7 0 20369 7 0.008165359497070312
decode: 7 0 20376 7 0.0081787109375
decode: 7 0 20383 7 0.008171796798706055
decode: 7 0 20390 7 0.008160829544067383
decode: 7 0 20397 7 0.00816965103149414
decode: 7 0 20404 7 0.008179426193237305
decode: 7 0 20411 7 0.008162736892700195
decode: 7 0 20418 7 0.008153915405273438
decode: 7 0 20425 7 0.008164405822753906
decode: 7 0 20432 7 0.008156299591064453
decode: 7 0 20439 7 0.008167266845703125
decode: 7 0 20446 7 0.008162736892700195
decode: 7 0 20453 7 0.008183717727661133
decode: 7 0 20460 7 0.008168458938598633
decode: 6 0 18943 6 0.008118867874145508
decode: 6 0 18949 6 0.008107900619506836
decode: 6 0 18955 6 0.008128166198730469
decode: 6 0 18961 6 0.008121252059936523
decode: 6 0 18967 6 0.008111238479614258
decode: 6 0 18973 6 0.008106470108032227
decode: 6 0 18979 6 0.00810861587524414
decode: 6 0 18985 6 0.008100032806396484
decode: 6 0 18991 6 0.008118629455566406
decode: 6 0 18997 6 0.008109569549560547
decode: 6 0 19003 6 0.008115768432617188
decode: 6 0 19009 6 0.008113861083984375
decode: 6 0 19015 6 0.008103370666503906
decode: 6 0 19021 6 0.008101940155029297
decode: 6 0 19027 6 0.00812530517578125
decode: 6 0 19033 6 0.008104801177978516
decode: 6 0 19039 6 0.008097410202026367
decode: 6 0 19045 6 0.008112668991088867
decode: 6 0 19051 6 0.008109807968139648
decode: 6 0 19057 6 0.008101940155029297
decode: 6 0 19063 6 0.008127689361572266
decode: 6 0 19069 6 0.008116006851196289
decode: 6 0 19075 6 0.008109807968139648
decode: 6 0 19081 6 0.008095502853393555
decode: 6 0 19087 6 0.008124589920043945
decode: 6 0 19093 6 0.008121967315673828
decode: 6 0 19099 6 0.008110523223876953
decode: 6 0 19105 6 0.008102178573608398
decode: 6 0 19111 6 0.00811910629272461
decode: 6 0 19117 6 0.008117198944091797
decode: 6 0 19123 6 0.008112668991088867
decode: 6 0 19129 6 0.008110523223876953
decode: 6 0 19135 6 0.008116006851196289
decode: 6 0 19141 6 0.00812077522277832
decode: 6 0 19147 6 0.008119583129882812
decode: 6 0 19153 6 0.00811910629272461
decode: 6 0 19159 6 0.008115291595458984
decode: 6 0 19165 6 0.008109569549560547
decode: 6 0 19171 6 0.00811910629272461
decode: 6 0 19177 6 0.008112192153930664
decode: 6 0 19183 6 0.008101463317871094
decode: 6 0 19189 6 0.00809168815612793
decode: 6 0 19195 6 0.008099555969238281
decode: 6 0 19201 6 0.008121490478515625
decode: 6 0 19207 6 0.008113861083984375
decode: 6 0 19213 6 0.008110761642456055
decode: 6 0 19219 6 0.008123397827148438
decode: 6 0 19225 6 0.008113861083984375
decode: 6 0 19231 6 0.008103609085083008
decode: 6 0 19237 6 0.008115053176879883
decode: 6 0 19243 6 0.008127927780151367
decode: 6 0 19249 6 0.008114814758300781
decode: 6 0 19255 6 0.008112668991088867
decode: 6 0 19261 6 0.008143186569213867
decode: 6 0 19267 6 0.008137226104736328
decode: 6 0 19273 6 0.00811910629272461
decode: 6 0 19279 6 0.008111953735351562
decode: 6 0 19285 6 0.008112907409667969
decode: 6 0 19291 6 0.00810694694519043
decode: 6 0 19297 6 0.008115291595458984
decode: 6 0 19303 6 0.008101463317871094
decode: 6 0 19309 6 0.00811147689819336
decode: 6 0 19315 6 0.008107185363769531
decode: 5 0 17015 5 0.00816035270690918
decode: 5 0 17020 5 0.008136987686157227
decode: 5 0 17025 5 0.008131265640258789
decode: 5 0 17030 5 0.008139371871948242
decode: 5 0 17035 5 0.008147716522216797
decode: 5 0 17040 5 0.008140325546264648
decode: 5 0 17045 5 0.008147716522216797
decode: 5 0 17050 5 0.008144855499267578
decode: 5 0 17055 5 0.008159875869750977
decode: 5 0 17060 5 0.008142232894897461
decode: 5 0 17065 5 0.008143901824951172
decode: 5 0 17070 5 0.008165359497070312
decode: 5 0 17075 5 0.008148431777954102
decode: 5 0 17080 5 0.00814056396484375
decode: 5 0 17085 5 0.008168220520019531
decode: 5 0 17090 5 0.00815272331237793
decode: 5 0 17095 5 0.008142948150634766
decode: 5 0 17100 5 0.008157968521118164
decode: 5 0 17105 5 0.008135080337524414
decode: 5 0 17110 5 0.008134603500366211
decode: 5 0 17115 5 0.008132457733154297
decode: 5 0 17120 5 0.008155584335327148
decode: 5 0 17125 5 0.008133411407470703
decode: 5 0 17130 5 0.008146524429321289
decode: 5 0 17135 5 0.008132457733154297
decode: 5 0 17140 5 0.008146524429321289
decode: 5 0 17145 5 0.008144140243530273
decode: 5 0 17150 5 0.008133411407470703
decode: 5 0 17155 5 0.00815272331237793
decode: 5 0 17160 5 0.008145809173583984
decode: 5 0 17165 5 0.008138179779052734
decode: 5 0 17170 5 0.008165359497070312
decode: 5 0 17175 5 0.008150100708007812
decode: 5 0 17180 5 0.008140087127685547
decode: 5 0 17185 5 0.008142232894897461
decode: 5 0 17190 5 0.008140325546264648
decode: 5 0 17195 5 0.008154630661010742
decode: 5 0 17200 5 0.008150577545166016
decode: 5 0 17205 5 0.008136749267578125
decode: 5 0 17210 5 0.00816798210144043
decode: 5 0 17215 5 0.008132457733154297
decode: 5 0 17220 5 0.008132219314575195
decode: 5 0 17225 5 0.008140087127685547
decode: 5 0 17230 5 0.00815129280090332
decode: 5 0 17235 5 0.00814056396484375
decode: 5 0 17240 5 0.008132696151733398
decode: 5 0 17245 5 0.008151531219482422
decode: 5 0 17250 5 0.008149862289428711
decode: 5 0 17255 5 0.008143901824951172
decode: 5 0 17260 5 0.00815439224243164
decode: 5 0 17265 5 0.008149862289428711
decode: 5 0 17270 5 0.00816202163696289
decode: 5 0 17275 5 0.00815439224243164
decode: 5 0 17280 5 0.008147716522216797
decode: 5 0 17285 5 0.00817108154296875
decode: 5 0 17290 5 0.008156299591064453
decode: 5 0 17295 5 0.00816488265991211
decode: 5 0 17300 5 0.00815725326538086
decode: 5 0 17305 5 0.008150339126586914
decode: 5 0 17310 5 0.008146047592163086
decode: 5 0 17315 5 0.008144617080688477
decode: 5 0 17320 5 0.008154869079589844
decode: 5 0 17325 5 0.008151769638061523
decode: 5 0 17330 5 0.00814056396484375
decode: 5 0 17335 5 0.00814962387084961
decode: 5 0 17340 5 0.008139610290527344
decode: 5 0 17345 5 0.008144140243530273
decode: 5 0 17350 5 0.008138656616210938
decode: 5 0 17355 5 0.008155345916748047
decode: 5 0 17360 5 0.008140802383422852
decode: 5 0 17365 5 0.008135795593261719
decode: 5 0 17370 5 0.008144617080688477
decode: 5 0 17375 5 0.008145332336425781
decode: 5 0 17380 5 0.008134841918945312
decode: 5 0 17385 5 0.008138179779052734
decode: 5 0 17390 5 0.008163690567016602
decode: 5 0 17395 5 0.008152484893798828
decode: 5 0 17400 5 0.008144855499267578
decode: 5 0 17405 5 0.00815892219543457
decode: 5 0 17410 5 0.008159875869750977
decode: 5 0 17415 5 0.00814962387084961
decode: 5 0 17420 5 0.008159160614013672
decode: 5 0 17425 5 0.008151054382324219
decode: 5 0 17430 5 0.008147239685058594
decode: 5 0 17435 5 0.008154153823852539
decode: 5 0 17440 5 0.008149385452270508
decode: 5 0 17445 5 0.008136272430419922
decode: 5 0 17450 5 0.008148431777954102
decode: 5 0 17455 5 0.00812673568725586
decode: 5 0 17460 5 0.008156299591064453
decode: 5 0 17465 5 0.00814199447631836
decode: 5 0 17470 5 0.008141040802001953
decode: 5 0 17475 5 0.008143901824951172
decode: 5 0 17480 5 0.008141517639160156
decode: 5 0 17485 5 0.008144617080688477
decode: 4 0 15192 4 0.007976531982421875
decode: 4 0 15196 4 0.007923603057861328
decode: 4 0 15200 4 0.007921218872070312
decode: 4 0 15204 4 0.007909536361694336
decode: 4 0 15208 4 0.007914304733276367
decode: 4 0 15212 4 0.007909536361694336
decode: 4 0 15216 4 0.00791025161743164
decode: 4 0 15220 4 0.007909536361694336
decode: 4 0 15224 4 0.007916927337646484
decode: 4 0 15228 4 0.007913589477539062
decode: 4 0 15232 4 0.007909536361694336
decode: 4 0 15236 4 0.007901191711425781
decode: 4 0 15240 4 0.007930278778076172
decode: 4 0 15244 4 0.007915496826171875
decode: 4 0 15248 4 0.007905006408691406
decode: 4 0 15252 4 0.007913589477539062
decode: 4 0 15256 4 0.007906675338745117
decode: 4 0 15260 4 0.007898092269897461
decode: 4 0 15264 4 0.007898330688476562
decode: 4 0 15268 4 0.007899045944213867
decode: 4 0 15272 4 0.007917642593383789
decode: 4 0 15276 4 0.0079193115234375
decode: 4 0 15280 4 0.007907390594482422
decode: 4 0 15284 4 0.007921695709228516
decode: 4 0 15288 4 0.00791621208190918
decode: 4 0 15292 4 0.007906436920166016
decode: 4 0 15296 4 0.00791168212890625
decode: 4 0 15300 4 0.007902860641479492
decode: 4 0 15304 4 0.007903099060058594
decode: 4 0 15308 4 0.00789189338684082
decode: 4 0 15312 4 0.00790715217590332
decode: 4 0 15316 4 0.007923603057861328
decode: 4 0 15320 4 0.007913827896118164
decode: 4 0 15324 4 0.007898330688476562
decode: 4 0 15328 4 0.007906198501586914
decode: 4 0 15332 4 0.007914066314697266
decode: 3 0 11296 3 0.007836341857910156
decode: 3 0 11299 3 0.007819175720214844
decode: 3 0 11302 3 0.007809162139892578
decode: 3 0 11305 3 0.007824420928955078
decode: 3 0 11308 3 0.007828950881958008
decode: 3 0 11311 3 0.0078105926513671875
decode: 3 0 11314 3 0.007809877395629883
decode: 3 0 11317 3 0.007808685302734375
decode: 3 0 11320 3 0.007824420928955078
decode: 3 0 11323 3 0.00782632827758789
decode: 3 0 11326 3 0.007812023162841797
decode: 3 0 11329 3 0.007800579071044922
decode: 3 0 11332 3 0.007824897766113281
decode: 3 0 11335 3 0.007822990417480469
decode: 3 0 11338 3 0.0078051090240478516
decode: 3 0 11341 3 0.007816076278686523
decode: 3 0 11344 3 0.007817268371582031
decode: 3 0 11347 3 0.007824420928955078
decode: 3 0 11350 3 0.007819890975952148
decode: 3 0 11353 3 0.007831335067749023
decode: 3 0 11356 3 0.007806301116943359
decode: 3 0 11359 3 0.007832527160644531
decode: 3 0 11362 3 0.007831573486328125
decode: 3 0 11365 3 0.0078008174896240234
decode: 3 0 11368 3 0.007837772369384766
decode: 3 0 11371 3 0.007825374603271484
decode: 3 0 11374 3 0.007816076278686523
decode: 3 0 11377 3 0.007807254791259766
decode: 3 0 11380 3 0.007837295532226562
decode: 3 0 11383 3 0.00782632827758789
decode: 3 0 11386 3 0.007807016372680664
decode: 3 0 11389 3 0.00783228874206543
decode: 3 0 11392 3 0.00783538818359375
decode: 3 0 11395 3 0.007817983627319336
decode: 3 0 11398 3 0.007814168930053711
decode: 3 0 11401 3 0.007845640182495117
decode: 3 0 11404 3 0.007826805114746094
decode: 3 0 11407 3 0.00783538818359375
decode: 3 0 11410 3 0.00781393051147461
decode: 3 0 11413 3 0.00783395767211914
decode: 3 0 11416 3 0.007825136184692383
decode: 3 0 11419 3 0.007819890975952148
decode: 3 0 11422 3 0.007809162139892578
decode: 3 0 11425 3 0.007853984832763672
decode: 3 0 11428 3 0.007825136184692383
decode: 3 0 11431 3 0.007833719253540039
decode: 3 0 11434 3 0.007821798324584961
decode: 3 0 11437 3 0.007821321487426758
decode: 3 0 11440 3 0.007830142974853516
decode: 3 0 11443 3 0.007824420928955078
decode: 3 0 11446 3 0.007799625396728516
decode: 3 0 11449 3 0.007809162139892578
decode: 3 0 11452 3 0.007844686508178711
decode: 3 0 11455 3 0.007827520370483398
decode: 3 0 11458 3 0.007826566696166992
decode: 3 0 11461 3 0.007819890975952148
decode: 3 0 11464 3 0.007809162139892578
decode: 3 0 11467 3 0.007823944091796875
decode: 3 0 11470 3 0.007813453674316406
decode: 3 0 11473 3 0.0078089237213134766
decode: 3 0 11476 3 0.007805824279785156
decode: 3 0 11479 3 0.00784158706665039
decode: 3 0 11482 3 0.007822275161743164
decode: 3 0 11485 3 0.0078089237213134766
decode: 3 0 11488 3 0.007843494415283203
decode: 3 0 11491 3 0.007825374603271484
decode: 3 0 11494 3 0.007813215255737305
decode: 3 0 11497 3 0.007829427719116211
decode: 3 0 11500 3 0.007831096649169922
decode: 3 0 11503 3 0.007822036743164062
decode: 3 0 11506 3 0.007828950881958008
decode: 3 0 11509 3 0.007817745208740234
decode: 3 0 11512 3 0.007828474044799805
decode: 3 0 11515 3 0.007824420928955078
decode: 3 0 11518 3 0.007819652557373047
decode: 3 0 11521 3 0.007817983627319336
decode: 3 0 11524 3 0.007828474044799805
decode: 3 0 11527 3 0.007817983627319336
decode: 3 0 11530 3 0.0078125
decode: 2 0 8080 2 0.007681608200073242
decode: 2 0 8082 2 0.00759434700012207
decode: 2 0 8084 2 0.0076024532318115234
decode: 2 0 8086 2 0.00757598876953125
decode: 2 0 8088 2 0.0076007843017578125
decode: 2 0 8090 2 0.007578372955322266
decode: 2 0 8092 2 0.0075762271881103516
decode: 2 0 8094 2 0.007581233978271484
decode: 2 0 8096 2 0.007587909698486328
decode: 2 0 8098 2 0.007576465606689453
decode: 2 0 8100 2 0.0075871944427490234
decode: 2 0 8102 2 0.007574796676635742
decode: 2 0 8104 2 0.007575511932373047
decode: 2 0 8106 2 0.007598161697387695
decode: 2 0 8108 2 0.007581233978271484
decode: 2 0 8110 2 0.007589101791381836
decode: 2 0 8112 2 0.0075740814208984375
decode: 1 0 4531 1 0.007357358932495117
decode: 1 0 4532 1 0.007233858108520508
decode: 1 0 4533 1 0.007224321365356445
decode: 1 0 4534 1 0.007214546203613281
decode: 1 0 4535 1 0.007231950759887695
decode: 1 0 4536 1 0.007217884063720703
decode: 1 0 4537 1 0.0072174072265625
decode: 1 0 4538 1 0.007248878479003906
decode: 1 0 4539 1 0.007228851318359375
decode: 1 0 4540 1 0.007223367691040039
decode: 1 0 4541 1 0.007223367691040039
decode: 1 0 4542 1 0.007239818572998047
decode: 1 0 4543 1 0.0072443485260009766
decode: 1 0 4544 1 0.007224559783935547
decode: 1 0 4545 1 0.0072252750396728516
decode: 1 0 4546 1 0.0072329044342041016
decode: 1 0 4547 1 0.007235527038574219
decode: 1 0 4548 1 0.0072519779205322266
decode: 1 0 4549 1 0.00722503662109375
decode: 1 0 4550 1 0.007233381271362305
decode: 1 0 4551 1 0.007225751876831055
decode: 1 0 4552 1 0.007237911224365234
decode: 1 0 4553 1 0.007245302200317383
decode: 1 0 4554 1 0.007227897644042969
decode: 1 0 4555 1 0.007221221923828125
decode: 1 0 4556 1 0.007243633270263672
decode: 1 0 4557 1 0.00722813606262207
decode: 1 0 4558 1 0.007235527038574219
decode: 1 0 4559 1 0.007222175598144531
decode: 1 0 4560 1 0.00719904899597168
decode: 1 0 4561 1 0.007240772247314453
decode: 1 0 4562 1 0.007221221923828125
decode: 1 0 4563 1 0.007211208343505859
decode: 1 0 4564 1 0.007234811782836914
decode: 1 0 4565 1 0.0072247982025146484
decode: 1 0 4566 1 0.0072138309478759766
decode: 1 0 4567 1 0.0072209835052490234
decode: 1 0 4568 1 0.0072383880615234375
decode: 1 0 4569 1 0.007233381271362305
decode: 1 0 4570 1 0.007224082946777344
decode: 1 0 4571 1 0.007224321365356445
decode: 1 0 4572 1 0.007225990295410156
decode: 1 0 4573 1 0.007241964340209961
decode: 1 0 4574 1 0.007235527038574219
decode: 1 0 4575 1 0.00723576545715332
decode: 1 0 4576 1 0.0072231292724609375
decode: 1 0 4577 1 0.007231235504150391
decode: 1 0 4578 1 0.0072667598724365234
decode: 1 0 4579 1 0.007379055023193359
decode: 1 0 4580 1 0.0072269439697265625
decode: 1 0 4581 1 0.0072231292724609375
decode: 1 0 4582 1 0.007238864898681641
decode: 1 0 4583 1 0.007238149642944336
decode: 1 0 4584 1 0.007212162017822266
decode: 1 0 4585 1 0.0072269439697265625
decode: 1 0 4586 1 0.007203578948974609
decode: 1 0 4587 1 0.007241964340209961
decode: 1 0 4588 1 0.0072231292724609375
decode: 1 0 4589 1 0.007224559783935547
decode: 1 0 4590 1 0.007203578948974609
decode: 1 0 4591 1 0.007233142852783203
decode: 1 0 4592 1 0.007241249084472656
decode: 1 0 4593 1 0.007241964340209961
decode: 1 0 4594 1 0.007233858108520508
decode: 1 0 4595 1 0.007209062576293945
decode: 1 0 4596 1 0.007233619689941406
decode: 1 0 4597 1 0.0072214603424072266
decode: 1 0 4598 1 0.007220029830932617
decode: 1 0 4599 1 0.0072290897369384766
decode: 1 0 4600 1 0.007249593734741211
decode: 1 0 4601 1 0.007231473922729492
decode: 1 0 4602 1 0.0072269439697265625
decode: 1 0 4603 1 0.0072171688079833984
decode: 1 0 4604 1 0.00722193717956543
decode: 1 0 4605 1 0.007227659225463867
decode: 1 0 4606 1 0.007225990295410156
decode: 1 0 4607 1 0.007223367691040039
decode: 1 0 4608 1 0.007223367691040039
decode: 1 0 4609 1 0.007245779037475586
decode: 1 0 4610 1 0.00723576545715332
decode: 1 0 4611 1 0.007227182388305664
decode: 1 0 4612 1 0.007237434387207031
decode: 1 0 4613 1 0.0072362422943115234
decode: 1 0 4614 1 0.007226228713989258
decode: 1 0 4615 1 0.0072231292724609375
decode: 1 0 4616 1 0.007222175598144531
decode: 1 0 4617 1 0.007230997085571289
decode: 1 0 4618 1 0.007230281829833984
decode: 1 0 4619 1 0.007219552993774414
decode: 1 0 4620 1 0.0072286128997802734
decode: 1 0 4621 1 0.0072405338287353516
decode: 1 0 4622 1 0.007221698760986328
decode: 1 0 4623 1 0.007229328155517578
decode: 1 0 4624 1 0.00722050666809082
decode: 1 0 4625 1 0.007244110107421875
decode: 1 0 4626 1 0.007233858108520508
decode: 1 0 4627 1 0.0072307586669921875
decode: 1 0 4628 1 0.007223367691040039
decode: 1 0 4629 1 0.007235288619995117
decode: 1 0 4630 1 0.007235050201416016
decode: 1 0 4631 1 0.007238149642944336
decode: 1 0 4632 1 0.0072286128997802734
decode: 1 0 4633 1 0.007232189178466797
decode: 1 0 4634 1 0.0072252750396728516
decode: 1 0 4635 1 0.007222175598144531
decode: 1 0 4636 1 0.007222175598144531
decode: 1 0 4637 1 0.0072383880615234375
decode: 1 0 4638 1 0.007238149642944336
decode: 1 0 4639 1 0.0072252750396728516
decode: 1 0 4640 1 0.007223367691040039
decode: 1 0 4641 1 0.00722813606262207
decode: 1 0 4642 1 0.007235050201416016
decode: 1 0 4643 1 0.007229804992675781
decode: 1 0 4644 1 0.0072209835052490234
decode: 1 0 4645 1 0.007215976715087891
decode: 1 0 4646 1 0.007241487503051758
decode: 1 0 4647 1 0.007233858108520508
decode: 1 0 4648 1 0.0072193145751953125
decode: 1 0 4649 1 0.007225990295410156
decode: 1 0 4650 1 0.007216215133666992
decode: 1 0 4651 1 0.007225990295410156
decode: 1 0 4652 1 0.007226705551147461
decode: 1 0 4653 1 0.007225513458251953
decode: 1 0 4654 1 0.007235527038574219
decode: 1 0 4655 1 0.00722813606262207
decode: 1 0 4656 1 0.007225751876831055
decode: 1 0 4657 1 0.007219552993774414
decode: 1 0 4658 1 0.0072329044342041016
decode: 1 0 4659 1 0.007228374481201172
decode: 1 0 4660 1 0.007224082946777344
decode: 1 0 4661 1 0.007223844528198242
decode: 1 0 4662 1 0.007226705551147461
decode: 1 0 4663 1 0.007247209548950195
decode: 1 0 4664 1 0.0072329044342041016
decode: 1 0 4665 1 0.007219076156616211
decode: 1 0 4666 1 0.007212638854980469
decode: 1 0 4667 1 0.00723719596862793
decode: 1 0 4668 1 0.0072290897369384766
decode: 1 0 4669 1 0.00722956657409668
decode: 1 0 4670 1 0.007211446762084961
decode: 1 0 4671 1 0.00722050666809082
decode: 1 0 4672 1 0.007256507873535156
decode: 1 0 4673 1 0.007234334945678711
decode: 1 0 4674 1 0.0072362422943115234
decode: 1 0 4675 1 0.007228374481201172
