extend: 0 1 0 2048 0.2123267650604248
extend: 0 1 2048 2048 0.06157970428466797
extend: 0 2 4096 2048 0.05355715751647949
mixed: 1 2 6144 2048 0.05624198913574219
mixed: 2 2 8192 2048 0.05659174919128418
mixed: 3 1 10240 2048 0.05836915969848633
mixed: 3 2 12288 2048 0.0575103759765625
mixed: 4 1 14336 2048 0.059686899185180664
mixed: 4 1 16384 2048 0.06732988357543945
mixed: 4 2 18432 2048 0.05957365036010742
mixed: 5 1 20480 2048 0.0617368221282959
mixed: 5 1 22528 2048 0.06673979759216309
mixed: 5 2 24576 2048 0.06372737884521484
mixed: 6 1 26624 2048 0.06264233589172363
mixed: 6 2 28672 2048 0.06600022315979004
mixed: 7 2 30720 2048 0.0607914924621582
mixed: 8 1 32768 2048 0.06543660163879395
mixed: 8 2 34816 2048 0.06052374839782715
mixed: 9 2 36864 2048 0.0641782283782959
mixed: 10 1 38912 2048 0.06035780906677246
mixed: 10 1 40960 2048 0.06604862213134766
mixed: 10 2 43008 2048 0.06283950805664062
mixed: 11 1 45056 2048 0.06353974342346191
mixed: 11 2 47104 2048 0.063446044921875
mixed: 12 1 49152 2048 0.06364154815673828
mixed: 12 1 51200 2048 0.06829094886779785
mixed: 12 2 53248 2048 0.06909584999084473
mixed: 13 1 55296 2048 0.06172537803649902
mixed: 13 2 57344 2048 0.0625758171081543
mixed: 14 2 59392 2048 0.06165909767150879
mixed: 15 2 61440 2048 0.06250834465026855
mixed: 16 2 63488 2048 0.0625312328338623
mixed: 17 1 65536 2048 0.06263399124145508
mixed: 17 1 67584 2048 0.06817913055419922
mixed: 17 1 69632 2048 0.07561016082763672
mixed: 17 2 71680 2048 0.06291580200195312
mixed: 18 1 73728 2048 0.06718921661376953
mixed: 18 2 75776 2048 0.06265926361083984
mixed: 19 2 77824 2048 0.06174516677856445
mixed: 20 2 79872 2048 0.06311535835266113
mixed: 21 1 81920 2048 0.06589150428771973
mixed: 21 2 83968 2048 0.06650352478027344
mixed: 22 1 86016 2048 0.06556034088134766
mixed: 22 2 88064 2048 0.06928229331970215
mixed: 23 2 90112 2048 0.062426090240478516
mixed: 24 1 92160 2048 0.06850600242614746
mixed: 24 1 94208 2048 0.07248520851135254
mixed: 24 1 96256 2048 0.08036184310913086
mixed: 24 2 98304 2048 0.06926727294921875
mixed: 25 1 100352 2048 0.06807994842529297
mixed: 25 1 102400 2048 0.0744485855102539
mixed: 25 2 104448 2048 0.06471991539001465
mixed: 26 2 106496 2048 0.06829357147216797
mixed: 27 1 108544 2048 0.06576156616210938
mixed: 27 2 110592 2048 0.0708456039428711
mixed: 28 2 112640 2048 0.06360697746276855
mixed: 29 2 114688 2048 0.06638717651367188
mixed: 30 1 116736 2048 0.06505322456359863
mixed: 30 1 118784 2048 0.07217144966125488
mixed: 30 2 120832 2048 0.06758737564086914
mixed: 31 2 122880 2048 0.06658673286437988
mixed: 32 1 124928 2048 0.16817164421081543
mixed: 32 2 126976 2048 0.06801891326904297
mixed: 33 1 129024 2048 0.06747555732727051
mixed: 33 1 131072 2048 0.07399415969848633
mixed: 33 3 133120 2048 0.06458687782287598
mixed: 35 2 135168 2048 0.0668635368347168
mixed: 36 1 137216 2048 0.0667574405670166
mixed: 36 1 139264 2048 0.07366800308227539
mixed: 36 1 141312 2048 0.08022856712341309
mixed: 36 2 143360 2048 0.08019089698791504
mixed: 37 2 145408 2048 0.06790828704833984
mixed: 38 1 147456 2048 0.06818056106567383
mixed: 38 1 149504 2048 0.07328438758850098
mixed: 38 2 151552 2048 0.07651591300964355
mixed: 39 1 153600 2048 0.06846237182617188
mixed: 39 1 155648 2048 0.0751810073852539
mixed: 39 1 157696 2048 0.08031034469604492
mixed: 39 2 159744 2048 0.07022213935852051
mixed: 40 1 161792 2048 0.07233977317810059
mixed: 40 1 163840 2048 0.07735681533813477
mixed: 40 2 165888 2048 0.07353377342224121
mixed: 41 1 167936 2048 0.07163405418395996
mixed: 41 1 169984 2048 0.07751226425170898
mixed: 41 2 172032 2048 0.07117152214050293
mixed: 42 2 174080 2048 0.06850910186767578
mixed: 43 1 176128 2048 0.07223892211914062
mixed: 43 1 178176 2048 0.08118629455566406
mixed: 43 2 180224 2048 0.07765483856201172
mixed: 44 1 182272 2048 0.07260894775390625
mixed: 44 2 184320 2048 0.06992936134338379
mixed: 45 2 186368 2048 0.06989383697509766
mixed: 46 1 188416 2048 0.07168722152709961
mixed: 46 2 190464 2048 0.07195067405700684
mixed: 47 1 192512 2048 0.07310867309570312
mixed: 47 1 194560 2048 0.07831120491027832
mixed: 47 2 196608 2048 0.0822904109954834
mixed: 48 2 198656 2048 0.0697932243347168
mixed: 49 2 200704 2048 0.07266736030578613
mixed: 50 1 202752 2048 0.07141518592834473
mixed: 50 1 204800 2048 0.07798147201538086
mixed: 50 2 206848 2048 0.07714176177978516
mixed: 51 1 208896 2048 0.0718381404876709
mixed: 51 1 210944 2048 0.08138489723205566
mixed: 51 2 212992 2048 0.07640218734741211
mixed: 52 2 215040 2048 0.07398653030395508
mixed: 53 1 217088 2048 0.0726478099822998
mixed: 53 1 219136 2048 0.07888555526733398
mixed: 53 1 221184 2048 0.08474087715148926
mixed: 53 2 223232 2048 0.07230830192565918
mixed: 54 1 225280 2048 0.07704758644104004
mixed: 54 1 227328 2048 0.08194828033447266
mixed: 54 2 229376 2048 0.07736611366271973
mixed: 55 1 231424 2048 0.07433938980102539
mixed: 55 1 233472 2048 0.0791471004486084
mixed: 56 1 235520 2048 0.07140231132507324
mixed: 56 1 237568 2048 0.0780782699584961
mixed: 56 1 239616 2048 0.0835256576538086
mixed: 56 2 241664 2048 0.08305072784423828
mixed: 57 2 243712 2048 0.07212066650390625
mixed: 58 1 245760 2048 0.07626795768737793
mixed: 58 1 247808 2048 0.08343148231506348
mixed: 58 1 249856 2048 0.08693933486938477
mixed: 58 2 251904 2048 0.07572269439697266
mixed: 59 1 253952 2048 0.07801294326782227
mixed: 59 1 256000 2048 0.083343505859375
mixed: 59 2 258048 2048 0.08686518669128418
mixed: 60 1 260096 2048 0.07302355766296387
mixed: 60 2 262144 2048 0.07875561714172363
mixed: 61 1 264192 2048 0.07559847831726074
mixed: 61 1 266240 2048 0.0812983512878418
mixed: 61 2 268288 2048 0.08489727973937988
mixed: 62 2 270336 2048 0.07328343391418457
mixed: 63 1 272384 2048 0.07468175888061523
mixed: 63 1 274432 2048 0.08124828338623047
mixed: 63 2 276480 2048 0.08371758460998535
mixed: 64 1 278528 2048 0.07518887519836426
mixed: 64 2 280576 2048 0.0738213062286377
mixed: 65 1 282624 2048 0.07831120491027832
mixed: 65 1 284672 2048 0.08555769920349121
mixed: 65 2 286720 2048 0.07528948783874512
mixed: 66 2 288768 2048 0.07662725448608398
mixed: 67 1 290816 2048 0.07785820960998535
mixed: 67 1 292864 2048 0.0827789306640625
mixed: 67 2 294912 2048 0.07474303245544434
mixed: 68 1 296960 2048 0.0790703296661377
mixed: 68 1 299008 2048 0.08968400955200195
mixed: 68 2 301056 2048 0.07648205757141113
mixed: 69 1 303104 2048 0.08211660385131836
mixed: 69 1 305152 2048 0.08711004257202148
mixed: 69 1 307200 2048 0.09200620651245117
mixed: 69 2 309248 2048 0.07657337188720703
mixed: 70 1 311296 2048 0.08377265930175781
mixed: 70 2 313344 2048 0.08144569396972656
mixed: 71 1 315392 2048 0.0792994499206543
mixed: 71 1 317440 2048 0.08903717994689941
mixed: 71 1 319488 2048 0.09203934669494629
mixed: 71 3 321536 2048 0.07567381858825684
mixed: 73 2 323584 2048 0.07717466354370117
mixed: 74 1 325632 2048 0.08249092102050781
mixed: 74 2 327680 2048 0.08019137382507324
mixed: 75 1 329728 2048 0.08241772651672363
mixed: 75 1 331776 2048 0.08610320091247559
mixed: 75 1 333824 2048 0.09177565574645996
mixed: 75 2 335872 2048 0.0784456729888916
mixed: 76 1 337920 2048 0.08360481262207031
mixed: 76 1 339968 2048 0.08838081359863281
mixed: 76 1 342016 2048 0.09306836128234863
mixed: 76 2 344064 2048 0.08390641212463379
mixed: 77 2 346112 2048 0.08170151710510254
mixed: 78 2 348160 2048 0.07721519470214844
mixed: 79 2 350208 2048 0.08135676383972168
mixed: 80 1 352256 2048 0.0846107006072998
mixed: 80 1 354304 2048 0.08800387382507324
mixed: 80 2 356352 2048 0.08509564399719238
mixed: 81 2 358400 2048 0.07872867584228516
mixed: 82 1 360448 2048 0.08020877838134766
mixed: 82 1 362496 2048 0.08695554733276367
mixed: 82 2 364544 2048 0.07919025421142578
mixed: 83 2 366592 2048 0.08053112030029297
mixed: 84 1 368640 2048 0.08425760269165039
mixed: 84 1 370688 2048 0.08885860443115234
mixed: 84 2 372736 2048 0.08325791358947754
mixed: 85 1 374784 2048 0.08507847785949707
mixed: 85 1 376832 2048 0.08934164047241211
mixed: 85 1 378880 2048 0.09506893157958984
mixed: 85 2 380928 2048 0.08610320091247559
mixed: 86 1 382976 2048 0.08385968208312988
mixed: 86 2 385024 2048 0.0817563533782959
mixed: 87 2 387072 2048 0.08189821243286133
mixed: 88 2 389120 2048 0.08022880554199219
mixed: 89 2 391168 2048 0.08393192291259766
mixed: 90 1 393216 2048 0.08234643936157227
mixed: 90 2 395264 2048 0.08486390113830566
mixed: 91 1 397312 2048 0.08442163467407227
mixed: 91 2 399360 2048 0.08772087097167969
mixed: 92 2 401408 2048 0.08131837844848633
mixed: 93 2 403456 2048 0.07879757881164551
mixed: 94 2 405504 2048 0.08434915542602539
mixed: 95 1 407552 2048 0.08702445030212402
mixed: 95 2 409600 2048 0.08304262161254883
mixed: 96 1 411648 2048 0.08601665496826172
mixed: 96 1 413696 2048 0.09104585647583008
mixed: 96 2 415744 2048 0.08485245704650879
mixed: 97 1 417792 2048 0.08579492568969727
mixed: 97 1 419840 2048 0.09140729904174805
mixed: 97 2 421888 2048 0.0853421688079834
mixed: 98 2 423936 2048 0.08611679077148438
mixed: 99 1 425984 2048 0.08229279518127441
mixed: 99 1 428032 904 0.05007624626159668
decode: 100 0 429036 100 0.03795623779296875
decode: 100 0 429136 100 0.03739142417907715
decode: 100 0 429236 100 0.03719735145568848
decode: 100 0 429336 100 0.03721213340759277
decode: 100 0 429436 100 0.03721475601196289
decode: 100 0 429536 100 0.0372471809387207
decode: 100 0 429636 100 0.03731226921081543
decode: 100 0 429736 100 0.037216901779174805
decode: 100 0 429836 100 0.037102699279785156
decode: 100 0 429936 100 0.03714728355407715
decode: 100 0 430036 100 0.03714275360107422
decode: 100 0 430136 100 0.037091970443725586
decode: 100 0 430236 100 0.037084102630615234
decode: 100 0 430336 100 0.0370330810546875
decode: 100 0 430436 100 0.037065982818603516
decode: 100 0 430536 100 0.037065744400024414
decode: 100 0 430636 100 0.03709697723388672
decode: 100 0 430736 100 0.0370335578918457
decode: 100 0 430836 100 0.03715801239013672
decode: 100 0 430936 100 0.03704261779785156
decode: 100 0 431036 100 0.03704023361206055
decode: 100 0 431136 100 0.037087440490722656
decode: 100 0 431236 100 0.03717970848083496
decode: 100 0 431336 100 0.037053585052490234
decode: 100 0 431436 100 0.037087202072143555
decode: 100 0 431536 100 0.037035465240478516
decode: 100 0 431636 100 0.037102699279785156
decode: 100 0 431736 100 0.037076473236083984
decode: 100 0 431836 100 0.037127017974853516
decode: 100 0 431936 100 0.037107229232788086
decode: 100 0 432036 100 0.0371248722076416
decode: 100 0 432136 100 0.03715634346008301
decode: 100 0 432236 100 0.037199974060058594
decode: 100 0 432336 100 0.03717803955078125
decode: 100 0 432436 100 0.03710627555847168
decode: 100 0 432536 100 0.03709697723388672
decode: 100 0 432636 100 0.0371246337890625
decode: 100 0 432736 100 0.03724241256713867
decode: 100 0 432836 100 0.037130117416381836
decode: 100 0 432936 100 0.03716540336608887
decode: 100 0 433036 100 0.03717303276062012
decode: 100 0 433136 100 0.03725028038024902
decode: 100 0 433236 100 0.037282466888427734
decode: 100 0 433336 100 0.03714895248413086
decode: 100 0 433436 100 0.03716015815734863
decode: 100 0 433536 100 0.03720998764038086
decode: 100 0 433636 100 0.03729414939880371
decode: 100 0 433736 100 0.03728365898132324
decode: 100 0 433836 100 0.037225961685180664
decode: 100 0 433936 100 0.03721213340759277
decode: 100 0 434036 100 0.037229299545288086
decode: 100 0 434136 100 0.037290096282958984
decode: 100 0 434236 100 0.03726840019226074
decode: 100 0 434336 100 0.03725409507751465
decode: 100 0 434436 100 0.0371854305267334
decode: 100 0 434536 100 0.0372614860534668
decode: 100 0 434636 100 0.03734135627746582
decode: 100 0 434736 100 0.037344932556152344
decode: 100 0 434836 100 0.03724932670593262
decode: 100 0 434936 100 0.03719472885131836
decode: 100 0 435036 100 0.037255048751831055
decode: 100 0 435136 100 0.03725409507751465
decode: 100 0 435236 100 0.03737640380859375
decode: 100 0 435336 100 0.03726649284362793
decode: 100 0 435436 100 0.03728818893432617
decode: 100 0 435536 100 0.037386178970336914
decode: 100 0 435636 100 0.03740262985229492
decode: 100 0 435736 100 0.037352561950683594
decode: 100 0 435836 100 0.03728652000427246
decode: 100 0 435936 100 0.0373232364654541
decode: 100 0 436036 100 0.03738856315612793
decode: 100 0 436136 100 0.03739142417907715
decode: 100 0 436236 100 0.03738880157470703
decode: 100 0 436336 100 0.03733515739440918
decode: 100 0 436436 100 0.03732132911682129
decode: 100 0 436536 100 0.037404775619506836
decode: 100 0 436636 100 0.037424325942993164
decode: 100 0 436736 100 0.03740286827087402
decode: 100 0 436836 100 0.03738903999328613
decode: 100 0 436936 100 0.037377119064331055
decode: 100 0 437036 100 0.037374019622802734
decode: 100 0 437136 100 0.037455081939697266
decode: 100 0 437236 100 0.03736114501953125
decode: 100 0 437336 100 0.03738737106323242
decode: 100 0 437436 100 0.037375688552856445
decode: 100 0 437536 100 0.037470102310180664
decode: 100 0 437636 100 0.03752541542053223
decode: 100 0 437736 100 0.037444353103637695
decode: 100 0 437836 100 0.037375688552856445
decode: 100 0 437936 100 0.03741455078125
decode: 100 0 438036 100 0.03749799728393555
decode: 100 0 438136 100 0.03749203681945801
decode: 100 0 438236 100 0.037378549575805664
decode: 100 0 438336 100 0.03743624687194824
decode: 100 0 438436 100 0.03748369216918945
decode: 100 0 438536 100 0.03752255439758301
decode: 100 0 438636 100 0.037508487701416016
decode: 100 0 438736 100 0.037454843521118164
decode: 100 0 438836 100 0.03745675086975098
decode: 100 0 438936 100 0.037529945373535156
decode: 100 0 439036 100 0.03756403923034668
decode: 100 0 439136 100 0.037554025650024414
decode: 100 0 439236 100 0.03748750686645508
decode: 100 0 439336 100 0.03748679161071777
decode: 100 0 439436 100 0.03754687309265137
decode: 100 0 439536 100 0.0375673770904541
decode: 99 0 434772 99 0.038372039794921875
decode: 99 0 434871 99 0.03911161422729492
decode: 99 0 434970 99 0.03830838203430176
decode: 99 0 435069 99 0.03919076919555664
decode: 99 0 435168 99 0.03845548629760742
decode: 99 0 435267 99 0.03842616081237793
decode: 99 0 435366 99 0.038399457931518555
decode: 99 0 435465 99 0.03918027877807617
decode: 99 0 435564 99 0.038516998291015625
decode: 99 0 435663 99 0.0384981632232666
decode: 99 0 435762 99 0.038416385650634766
decode: 99 0 435861 99 0.03843569755554199
decode: 99 0 435960 99 0.03922462463378906
decode: 99 0 436059 99 0.03927493095397949
decode: 98 0 431392 98 0.03620290756225586
mixed: 98 1 431392 2048 0.0801694393157959
mixed: 98 1 433440 2048 0.0886082649230957
mixed: 98 1 435488 2048 0.09356832504272461
mixed: 98 1 437536 1994 0.09811997413635254
decode: 99 0 439629 99 0.03920722007751465
decode: 99 0 439728 99 0.039778709411621094
decode: 99 0 439827 99 0.037539005279541016
decode: 99 0 439926 99 0.03752422332763672
decode: 99 0 440025 99 0.03949713706970215
decode: 99 0 440124 99 0.03757309913635254
decode: 99 0 440223 99 0.039472341537475586
decode: 98 0 436730 98 0.03960299491882324
decode: 98 0 436828 98 0.03956031799316406
decode: 98 0 436926 98 0.039295196533203125
decode: 98 0 437024 98 0.038572072982788086
decode: 98 0 437122 98 0.03922295570373535
decode: 98 0 437220 98 0.0392913818359375
decode: 97 0 430084 97 0.03772306442260742
decode: 97 0 430181 97 0.03781628608703613
decode: 97 0 430278 97 0.037833452224731445
decode: 97 0 430375 97 0.03779125213623047
decode: 97 0 430472 97 0.03771257400512695
decode: 97 0 430569 97 0.03773140907287598
decode: 97 0 430666 97 0.03785300254821777
decode: 97 0 430763 97 0.037882328033447266
decode: 97 0 430860 97 0.03774547576904297
decode: 97 0 430957 97 0.03773784637451172
decode: 97 0 431054 97 0.037871360778808594
decode: 97 0 431151 97 0.038289546966552734
decode: 97 0 431248 97 0.04111313819885254
decode: 97 0 431345 97 0.038434505462646484
decode: 97 0 431442 97 0.03780007362365723
decode: 97 0 431539 97 0.037647247314453125
decode: 97 0 431636 97 0.03790903091430664
decode: 97 0 431733 97 0.037840843200683594
decode: 97 0 431830 97 0.03777813911437988
decode: 97 0 431927 97 0.037840843200683594
decode: 97 0 432024 97 0.037928104400634766
decode: 97 0 432121 97 0.03794503211975098
decode: 97 0 432218 97 0.03763580322265625
decode: 97 0 432315 97 0.040952205657958984
decode: 97 0 432412 97 0.03787541389465332
decode: 97 0 432509 97 0.037960052490234375
decode: 97 0 432606 97 0.038016319274902344
decode: 97 0 432703 97 0.03766918182373047
decode: 97 0 432800 97 0.03786778450012207
decode: 97 0 432897 97 0.03793787956237793
decode: 97 0 432994 97 0.0379946231842041
decode: 97 0 433091 97 0.03772377967834473
decode: 97 0 433188 97 0.03846883773803711
decode: 97 0 433285 97 0.037869930267333984
decode: 97 0 433382 97 0.0380401611328125
decode: 97 0 433479 97 0.03864908218383789
decode: 97 0 433576 97 0.04107213020324707
decode: 97 0 433673 97 0.03789854049682617
decode: 97 0 433770 97 0.03791666030883789
decode: 97 0 433867 97 0.04111742973327637
decode: 96 0 431409 96 0.03657174110412598
decode: 96 0 431505 96 0.0364377498626709
decode: 96 0 431601 96 0.03636527061462402
decode: 96 0 431697 96 0.0364079475402832
decode: 96 0 431793 96 0.03651762008666992
decode: 96 0 431889 96 0.036496877670288086
decode: 96 0 431985 96 0.03638458251953125
decode: 96 0 432081 96 0.036386728286743164
decode: 96 0 432177 96 0.03641462326049805
decode: 96 0 432273 96 0.036457061767578125
decode: 96 0 432369 96 0.03652167320251465
decode: 96 0 432465 96 0.036412954330444336
decode: 96 0 432561 96 0.03643655776977539
decode: 96 0 432657 96 0.03649568557739258
decode: 96 0 432753 96 0.03647804260253906
decode: 96 0 432849 96 0.03654074668884277
decode: 96 0 432945 96 0.0364232063293457
decode: 96 0 433041 96 0.0364375114440918
decode: 96 0 433137 96 0.03644871711730957
decode: 96 0 433233 96 0.03649759292602539
decode: 96 0 433329 96 0.0365138053894043
decode: 96 0 433425 96 0.0364985466003418
decode: 96 0 433521 96 0.03652811050415039
decode: 96 0 433617 96 0.03653979301452637
decode: 96 0 433713 96 0.036502838134765625
decode: 96 0 433809 96 0.03652334213256836
decode: 95 0 429804 95 0.03654122352600098
mixed: 95 1 429804 2048 0.07945060729980469
mixed: 95 1 431852 2048 0.08796286582946777
mixed: 95 1 433900 2048 0.09480834007263184
mixed: 95 1 435948 1246 0.06384634971618652
decode: 96 0 437290 96 0.040776968002319336
decode: 96 0 437386 96 0.0398714542388916
decode: 96 0 437482 96 0.03971982002258301
decode: 96 0 437578 96 0.03959345817565918
decode: 96 0 437674 96 0.03961634635925293
decode: 96 0 437770 96 0.039685726165771484
decode: 96 0 437866 96 0.03966856002807617
decode: 96 0 437962 96 0.03957557678222656
decode: 96 0 438058 96 0.03934764862060547
decode: 96 0 438154 96 0.03943276405334473
decode: 96 0 438250 96 0.03941464424133301
decode: 96 0 438346 96 0.039520978927612305
decode: 96 0 438442 96 0.03953099250793457
decode: 96 0 438538 96 0.03953242301940918
decode: 96 0 438634 96 0.03943443298339844
decode: 96 0 438730 96 0.03943681716918945
decode: 96 0 438826 96 0.0394899845123291
decode: 96 0 438922 96 0.03964543342590332
decode: 96 0 439018 96 0.039504289627075195
decode: 96 0 439114 96 0.03952169418334961
decode: 96 0 439210 96 0.03953981399536133
decode: 96 0 439306 96 0.039632320404052734
decode: 96 0 439402 96 0.039629220962524414
decode: 96 0 439498 96 0.039522647857666016
decode: 96 0 439594 96 0.03950905799865723
decode: 96 0 439690 96 0.03954482078552246
decode: 96 0 439786 96 0.0396578311920166
decode: 96 0 439882 96 0.039577484130859375
decode: 96 0 439978 96 0.039528846740722656
decode: 95 0 433325 95 0.03835177421569824
mixed: 95 1 433325 2048 0.0830087661743164
mixed: 95 1 435373 2048 0.08961081504821777
mixed: 95 1 437421 1575 0.0828399658203125
decode: 96 0 439092 96 0.03961300849914551
decode: 95 0 436455 95 0.03837466239929199
decode: 95 0 436550 95 0.038156747817993164
decode: 95 0 436645 95 0.03813958168029785
decode: 95 0 436740 95 0.03817272186279297
decode: 95 0 436835 95 0.03817296028137207
decode: 95 0 436930 95 0.038184404373168945
decode: 95 0 437025 95 0.038186073303222656
decode: 95 0 437120 95 0.03791046142578125
decode: 95 0 437215 95 0.0379023551940918
decode: 95 0 437310 95 0.037969350814819336
decode: 95 0 437405 95 0.03799700736999512
decode: 95 0 437500 95 0.03797197341918945
decode: 95 0 437595 95 0.037955284118652344
decode: 95 0 437690 95 0.03797149658203125
decode: 95 0 437785 95 0.038010597229003906
decode: 95 0 437880 95 0.037999629974365234
decode: 95 0 437975 95 0.038007497787475586
decode: 95 0 438070 95 0.03799152374267578
decode: 95 0 438165 95 0.03802633285522461
decode: 94 0 434493 94 0.04212808609008789
mixed: 94 1 434493 2048 0.08193731307983398
mixed: 94 1 436541 2048 0.08971929550170898
mixed: 94 1 438589 2048 0.09400367736816406
mixed: 94 1 440637 1240 0.06386804580688477
decode: 95 0 441972 95 0.04045844078063965
decode: 95 0 442067 95 0.03958773612976074
decode: 95 0 442162 95 0.038568735122680664
decode: 95 0 442257 95 0.03859853744506836
decode: 95 0 442352 95 0.03855109214782715
decode: 95 0 442447 95 0.03857588768005371
decode: 94 0 439194 94 0.03856468200683594
decode: 94 0 439288 94 0.038580894470214844
decode: 93 0 437919 93 0.038138628005981445
decode: 93 0 438012 93 0.038143157958984375
decode: 93 0 438105 93 0.03807806968688965
decode: 93 0 438198 93 0.03806591033935547
decode: 93 0 438291 93 0.038057804107666016
decode: 93 0 438384 93 0.03811955451965332
decode: 93 0 438477 93 0.03809833526611328
decode: 93 0 438570 93 0.03808760643005371
decode: 93 0 438663 93 0.03809928894042969
decode: 93 0 438756 93 0.03808450698852539
decode: 93 0 438849 93 0.038176774978637695
decode: 92 0 437443 92 0.039101600646972656
mixed: 90 1 422831 2046 0.0814962387084961
mixed: 90 1 424877 2048 0.08876419067382812
mixed: 90 1 426925 2048 0.09448599815368652
mixed: 90 2 428973 2048 0.09553289413452148
mixed: 91 1 431021 2048 0.08341693878173828
mixed: 91 2 433069 2048 0.08321785926818848
mixed: 92 1 435117 2048 0.0866539478302002
mixed: 92 1 437165 305 0.03364825248718262
decode: 93 0 437563 93 0.039162397384643555
decode: 93 0 437656 93 0.038812875747680664
decode: 93 0 437749 93 0.03873586654663086
decode: 93 0 437842 93 0.03886103630065918
decode: 93 0 437935 93 0.03889799118041992
decode: 93 0 438028 93 0.038896799087524414
decode: 93 0 438121 93 0.038893938064575195
decode: 93 0 438214 93 0.03884100914001465
decode: 93 0 438307 93 0.03876495361328125
decode: 93 0 438400 93 0.03877425193786621
decode: 93 0 438493 93 0.03873753547668457
decode: 93 0 438586 93 0.03870105743408203
decode: 93 0 438679 93 0.038700103759765625
decode: 93 0 438772 93 0.03874850273132324
decode: 92 0 432265 92 0.03656625747680664
mixed: 92 1 432265 2048 0.08022832870483398
mixed: 92 1 434313 2048 0.08913326263427734
mixed: 92 1 436361 270 0.0333096981048584
decode: 93 0 436724 93 0.03708815574645996
decode: 93 0 436817 93 0.036382198333740234
decode: 93 0 436910 93 0.03633260726928711
decode: 93 0 437003 93 0.03629755973815918
decode: 93 0 437096 93 0.03632044792175293
decode: 93 0 437189 93 0.03634929656982422
decode: 93 0 437282 93 0.036388397216796875
decode: 93 0 437375 93 0.03641986846923828
decode: 92 0 430348 92 0.04025864601135254
mixed: 92 1 430348 2048 0.08151030540466309
mixed: 92 1 432396 2048 0.08922028541564941
mixed: 91 1 430051 2048 0.09456157684326172
mixed: 91 1 432099 2048 0.0988149642944336
mixed: 91 2 434147 1474 0.06047654151916504
decode: 93 0 435714 93 0.040223121643066406
decode: 93 0 435807 93 0.038558006286621094
decode: 93 0 435900 93 0.03823232650756836
decode: 93 0 435993 93 0.038207054138183594
decode: 93 0 436086 93 0.038190603256225586
decode: 92 0 429643 92 0.03820466995239258
mixed: 92 1 429643 2048 0.07928586006164551
mixed: 92 1 431691 1358 0.06153130531311035
decode: 93 0 433142 93 0.03991532325744629
decode: 93 0 433235 93 0.03858685493469238
decode: 93 0 433328 93 0.03819561004638672
decode: 93 0 433421 93 0.03823113441467285
decode: 93 0 433514 93 0.03820204734802246
decode: 93 0 433607 93 0.038201332092285156
decode: 93 0 433700 93 0.038225650787353516
decode: 93 0 433793 93 0.038202762603759766
decode: 93 0 433886 93 0.038063764572143555
decode: 93 0 433979 93 0.03805398941040039
decode: 93 0 434072 93 0.03801274299621582
decode: 93 0 434165 93 0.038046836853027344
decode: 93 0 434258 93 0.0380549430847168
decode: 92 0 432359 92 0.040908098220825195
decode: 92 0 432451 92 0.040909528732299805
decode: 92 0 432543 92 0.04087376594543457
decode: 92 0 432635 92 0.04087066650390625
decode: 91 0 431141 91 0.040267229080200195
decode: 91 0 431232 91 0.04026460647583008
decode: 91 0 431323 91 0.04019522666931152
decode: 91 0 431414 91 0.04020810127258301
decode: 91 0 431505 91 0.04021096229553223
decode: 91 0 431596 91 0.04022383689880371
decode: 91 0 431687 91 0.04024338722229004
decode: 91 0 431778 91 0.04029059410095215
decode: 91 0 431869 91 0.04030728340148926
decode: 91 0 431960 91 0.04021763801574707
decode: 91 0 432051 91 0.04023909568786621
decode: 91 0 432142 91 0.0402984619140625
decode: 91 0 432233 91 0.040342092514038086
decode: 91 0 432324 91 0.04030323028564453
decode: 91 0 432415 91 0.04027605056762695
decode: 91 0 432506 91 0.04032397270202637
decode: 91 0 432597 91 0.04033088684082031
decode: 91 0 432688 91 0.04038500785827637
decode: 91 0 432779 91 0.0402979850769043
decode: 91 0 432870 91 0.04028177261352539
decode: 91 0 432961 91 0.04034733772277832
decode: 91 0 433052 91 0.04036593437194824
decode: 91 0 433143 91 0.040361881256103516
decode: 91 0 433234 91 0.04030418395996094
decode: 91 0 433325 91 0.040338993072509766
decode: 91 0 433416 91 0.040392160415649414
decode: 91 0 433507 91 0.040396928787231445
decode: 90 0 431677 90 0.03881359100341797
decode: 90 0 431767 90 0.03882598876953125
decode: 90 0 431857 90 0.03883504867553711
decode: 90 0 431947 90 0.03887224197387695
decode: 90 0 432037 90 0.03885650634765625
decode: 90 0 432127 90 0.03883218765258789
decode: 90 0 432217 90 0.0388333797454834
decode: 90 0 432307 90 0.038884878158569336
decode: 90 0 432397 90 0.03888726234436035
decode: 90 0 432487 90 0.038875579833984375
decode: 90 0 432577 90 0.03886079788208008
decode: 90 0 432667 90 0.03888416290283203
decode: 90 0 432757 90 0.03892779350280762
decode: 90 0 432847 90 0.03890657424926758
decode: 90 0 432937 90 0.0388638973236084
decode: 90 0 433027 90 0.03888964653015137
decode: 90 0 433117 90 0.038912057876586914
decode: 90 0 433207 90 0.03896307945251465
decode: 90 0 433297 90 0.03892111778259277
decode: 90 0 433387 90 0.03890848159790039
decode: 90 0 433477 90 0.038916587829589844
decode: 90 0 433567 90 0.03894972801208496
decode: 90 0 433657 90 0.03895092010498047
decode: 90 0 433747 90 0.03891730308532715
decode: 90 0 433837 90 0.03891158103942871
decode: 90 0 433927 90 0.03895902633666992
decode: 90 0 434017 90 0.038980722427368164
decode: 90 0 434107 90 0.039008140563964844
decode: 90 0 434197 90 0.03894948959350586
decode: 90 0 434287 90 0.03894782066345215
decode: 90 0 434377 90 0.038983821868896484
decode: 90 0 434467 90 0.038995981216430664
decode: 90 0 434557 90 0.03896737098693848
decode: 90 0 434647 90 0.03899335861206055
decode: 90 0 434737 90 0.03899049758911133
decode: 90 0 434827 90 0.03902149200439453
decode: 89 0 432549 89 0.03760218620300293
mixed: 89 1 432549 2048 0.07985162734985352
mixed: 89 1 434597 2048 0.08864212036132812
mixed: 89 1 436645 2048 0.09453058242797852
mixed: 89 1 438693 922 0.054477691650390625
decode: 90 0 439705 90 0.04081106185913086
decode: 90 0 439795 90 0.03906440734863281
decode: 90 0 439885 90 0.03843951225280762
decode: 90 0 439975 90 0.038394927978515625
decode: 90 0 440065 90 0.038407325744628906
decode: 90 0 440155 90 0.038430213928222656
decode: 90 0 440245 90 0.038532257080078125
decode: 90 0 440335 90 0.038514137268066406
decode: 90 0 440425 90 0.038329124450683594
decode: 90 0 440515 90 0.03818988800048828
decode: 90 0 440605 90 0.038167715072631836
decode: 89 0 433548 89 0.04040193557739258
mixed: 89 1 433548 2048 0.08210301399230957
mixed: 88 1 432656 2048 0.09189677238464355
mixed: 88 1 434704 2048 0.09450554847717285
mixed: 88 1 436752 2048 0.09974455833435059
mixed: 87 2 432376 2048 0.08231973648071289
mixed: 88 1 434424 2048 0.08957839012145996
mixed: 88 1 436472 2048 0.09503054618835449
mixed: 88 1 438520 813 0.05252194404602051
decode: 89 0 439422 89 0.03986072540283203
decode: 89 0 439511 89 0.038855552673339844
decode: 89 0 439600 89 0.03858613967895508
decode: 88 0 437129 88 0.03710317611694336
mixed: 88 1 437129 2048 0.0798027515411377
mixed: 87 2 436235 2048 0.08583259582519531
mixed: 88 1 438283 435 0.03837132453918457
decode: 88 0 435519 88 0.03826618194580078
decode: 88 0 435607 88 0.03781533241271973
decode: 88 0 435695 88 0.037667036056518555
decode: 88 0 435783 88 0.0376741886138916
decode: 88 0 435871 88 0.03769731521606445
decode: 88 0 435959 88 0.03769421577453613
decode: 88 0 436047 88 0.03770089149475098
decode: 88 0 436135 88 0.03747892379760742
decode: 88 0 436223 88 0.037430524826049805
decode: 88 0 436311 88 0.0374605655670166
decode: 88 0 436399 88 0.03746938705444336
decode: 88 0 436487 88 0.0374908447265625
decode: 88 0 436575 88 0.037489891052246094
decode: 88 0 436663 88 0.03750109672546387
decode: 88 0 436751 88 0.03761148452758789
decode: 88 0 436839 88 0.03759288787841797
decode: 88 0 436927 88 0.03753781318664551
decode: 88 0 437015 88 0.03751230239868164
decode: 88 0 437103 88 0.03751730918884277
decode: 88 0 437191 88 0.03757023811340332
decode: 88 0 437279 88 0.03759169578552246
decode: 88 0 437367 88 0.03749847412109375
decode: 88 0 437455 88 0.03758811950683594
decode: 88 0 437543 88 0.03760051727294922
decode: 88 0 437631 88 0.03763937950134277
decode: 88 0 437719 88 0.03763246536254883
decode: 88 0 437807 88 0.03756546974182129
decode: 88 0 437895 88 0.03759908676147461
decode: 88 0 437983 88 0.03763580322265625
decode: 88 0 438071 88 0.03766989707946777
decode: 88 0 438159 88 0.037688493728637695
decode: 88 0 438247 88 0.03771352767944336
decode: 88 0 438335 88 0.037604331970214844
decode: 88 0 438423 88 0.03767251968383789
decode: 88 0 438511 88 0.0376887321472168
decode: 88 0 438599 88 0.03763628005981445
decode: 88 0 438687 88 0.037618398666381836
decode: 88 0 438775 88 0.037644147872924805
decode: 88 0 438863 88 0.037755489349365234
decode: 88 0 438951 88 0.03773689270019531
decode: 88 0 439039 88 0.037682533264160156
decode: 88 0 439127 88 0.03766822814941406
decode: 87 0 433031 87 0.03718400001525879
decode: 87 0 433118 87 0.03720426559448242
decode: 86 0 428319 86 0.038249969482421875
mixed: 86 1 428319 2048 0.08288073539733887
mixed: 86 1 430367 2048 0.08826398849487305
mixed: 86 1 432415 2048 0.09379816055297852
mixed: 86 1 434463 1998 0.09855532646179199
decode: 87 0 436548 87 0.04276108741760254
decode: 87 0 436635 87 0.04172992706298828
decode: 87 0 436722 87 0.040689945220947266
decode: 87 0 436809 87 0.04075264930725098
decode: 87 0 436896 87 0.040772438049316406
decode: 87 0 436983 87 0.040776968002319336
decode: 87 0 437070 87 0.04083061218261719
decode: 87 0 437157 87 0.04084181785583496
decode: 87 0 437244 87 0.040642499923706055
decode: 87 0 437331 87 0.04050326347351074
decode: 87 0 437418 87 0.04049062728881836
decode: 87 0 437505 87 0.040549516677856445
decode: 87 0 437592 87 0.04058218002319336
decode: 87 0 437679 87 0.04070687294006348
decode: 87 0 437766 87 0.040634870529174805
decode: 87 0 437853 87 0.04057884216308594
decode: 87 0 437940 87 0.040537357330322266
decode: 87 0 438027 87 0.040566205978393555
decode: 87 0 438114 87 0.04069018363952637
decode: 87 0 438201 87 0.04069185256958008
decode: 87 0 438288 87 0.040645599365234375
decode: 87 0 438375 87 0.04062151908874512
decode: 87 0 438462 87 0.04077005386352539
decode: 87 0 438549 87 0.04070115089416504
decode: 86 0 434145 86 0.04012107849121094
decode: 86 0 434231 86 0.040129899978637695
decode: 86 0 434317 86 0.04010486602783203
decode: 86 0 434403 86 0.04012894630432129
decode: 86 0 434489 86 0.040155887603759766
decode: 86 0 434575 86 0.040222883224487305
decode: 86 0 434661 86 0.04021048545837402
decode: 86 0 434747 86 0.04017519950866699
decode: 86 0 434833 86 0.04014921188354492
decode: 86 0 434919 86 0.0401763916015625
decode: 86 0 435005 86 0.04018282890319824
decode: 86 0 435091 86 0.0402531623840332
decode: 86 0 435177 86 0.040276288986206055
decode: 86 0 435263 86 0.04022097587585449
decode: 86 0 435349 86 0.040162086486816406
decode: 86 0 435435 86 0.04019904136657715
decode: 86 0 435521 86 0.040256500244140625
decode: 86 0 435607 86 0.040255069732666016
decode: 86 0 435693 86 0.040203094482421875
decode: 86 0 435779 86 0.0402226448059082
decode: 86 0 435865 86 0.04027414321899414
decode: 86 0 435951 86 0.04037785530090332
decode: 86 0 436037 86 0.0402989387512207
decode: 86 0 436123 86 0.0402677059173584
decode: 86 0 436209 86 0.04023551940917969
decode: 86 0 436295 86 0.04034876823425293
decode: 86 0 436381 86 0.04032635688781738
decode: 86 0 436467 86 0.040255069732666016
decode: 86 0 436553 86 0.04025530815124512
decode: 86 0 436639 86 0.04033088684082031
decode: 86 0 436725 86 0.04035544395446777
decode: 86 0 436811 86 0.040308475494384766
decode: 86 0 436897 86 0.040288448333740234
decode: 86 0 436983 86 0.04035544395446777
decode: 86 0 437069 86 0.040366172790527344
decode: 86 0 437155 86 0.04034876823425293
decode: 86 0 437241 86 0.040291786193847656
decode: 86 0 437327 86 0.040308475494384766
decode: 86 0 437413 86 0.04038429260253906
decode: 86 0 437499 86 0.040370941162109375
decode: 86 0 437585 86 0.04032564163208008
decode: 86 0 437671 86 0.040322065353393555
decode: 86 0 437757 86 0.04034614562988281
decode: 86 0 437843 86 0.040436744689941406
decode: 86 0 437929 86 0.04043722152709961
decode: 86 0 438015 86 0.04039144515991211
decode: 86 0 438101 86 0.04039359092712402
decode: 85 0 434951 85 0.03801536560058594
mixed: 85 1 434951 2048 0.0834360122680664
mixed: 85 1 436999 1114 0.05611467361450195
decode: 86 0 438199 86 0.03911876678466797
decode: 86 0 438285 86 0.03833937644958496
decode: 86 0 438371 86 0.03819775581359863
decode: 86 0 438457 86 0.03820919990539551
decode: 86 0 438543 86 0.038207292556762695
decode: 86 0 438629 86 0.0382380485534668
decode: 86 0 438715 86 0.038266658782958984
decode: 86 0 438801 86 0.03816652297973633
decode: 86 0 438887 86 0.037990570068359375
decode: 86 0 438973 86 0.03798723220825195
decode: 86 0 439059 86 0.03802776336669922
decode: 86 0 439145 86 0.03802490234375
decode: 86 0 439231 86 0.03805375099182129
decode: 86 0 439317 86 0.038069725036621094
decode: 86 0 439403 86 0.03804159164428711
decode: 86 0 439489 86 0.03805947303771973
decode: 86 0 439575 86 0.038099050521850586
decode: 86 0 439661 86 0.038105010986328125
decode: 86 0 439747 86 0.03813982009887695
decode: 86 0 439833 86 0.038106441497802734
decode: 86 0 439919 86 0.0381011962890625
decode: 86 0 440005 86 0.038110971450805664
decode: 85 0 436617 85 0.03853964805603027
decode: 85 0 436702 85 0.03853130340576172
decode: 85 0 436787 85 0.038523197174072266
decode: 85 0 436872 85 0.03853726387023926
decode: 85 0 436957 85 0.038587331771850586
decode: 85 0 437042 85 0.03860926628112793
decode: 84 0 432643 84 0.03842878341674805
mixed: 84 1 432643 2048 0.08371949195861816
mixed: 84 1 434691 2048 0.08946847915649414
mixed: 84 1 436739 2048 0.09503030776977539
mixed: 84 1 438787 1638 0.08786702156066895
decode: 85 0 440510 85 0.039234161376953125
decode: 85 0 440595 85 0.03802490234375
decode: 85 0 440680 85 0.03796720504760742
decode: 85 0 440765 85 0.03802156448364258
decode: 85 0 440850 85 0.03802895545959473
decode: 85 0 440935 85 0.038021087646484375
decode: 85 0 441020 85 0.03807187080383301
decode: 85 0 441105 85 0.03805971145629883
decode: 85 0 441190 85 0.037863969802856445
decode: 85 0 441275 85 0.03784465789794922
decode: 85 0 441360 85 0.03784489631652832
decode: 85 0 441445 85 0.03779435157775879
decode: 85 0 441530 85 0.03779196739196777
decode: 85 0 441615 85 0.03783917427062988
decode: 84 0 438427 84 0.03916811943054199
decode: 84 0 438511 84 0.03913617134094238
decode: 84 0 438595 84 0.0391240119934082
decode: 83 0 430896 83 0.040016889572143555
decode: 83 0 430979 83 0.040069580078125
decode: 83 0 431062 83 0.040114641189575195
decode: 83 0 431145 83 0.040099382400512695
decode: 83 0 431228 83 0.040082454681396484
decode: 83 0 431311 83 0.040196895599365234
decode: 83 0 431394 83 0.04016280174255371
decode: 83 0 431477 83 0.04014754295349121
decode: 83 0 431560 83 0.04025006294250488
decode: 83 0 431643 83 0.04015231132507324
decode: 83 0 431726 83 0.04010820388793945
decode: 83 0 431809 83 0.04010748863220215
decode: 83 0 431892 83 0.0401303768157959
decode: 83 0 431975 83 0.04013681411743164
decode: 83 0 432058 83 0.0403141975402832
decode: 83 0 432141 83 0.0402069091796875
decode: 83 0 432224 83 0.04018831253051758
decode: 83 0 432307 83 0.040282487869262695
decode: 83 0 432390 83 0.04045748710632324
decode: 83 0 432473 83 0.04021716117858887
decode: 83 0 432556 83 0.040204524993896484
decode: 83 0 432639 83 0.040175437927246094
decode: 83 0 432722 83 0.04019975662231445
decode: 83 0 432805 83 0.040483951568603516
decode: 83 0 432888 83 0.04033374786376953
decode: 83 0 432971 83 0.04028058052062988
decode: 83 0 433054 83 0.040315866470336914
decode: 83 0 433137 83 0.04029417037963867
decode: 83 0 433220 83 0.04025149345397949
decode: 83 0 433303 83 0.040244340896606445
decode: 83 0 433386 83 0.040232181549072266
decode: 83 0 433469 83 0.04031205177307129
decode: 83 0 433552 83 0.04032754898071289
decode: 83 0 433635 83 0.040285587310791016
decode: 83 0 433718 83 0.04029965400695801
decode: 83 0 433801 83 0.04033327102661133
decode: 83 0 433884 83 0.040261268615722656
decode: 83 0 433967 83 0.04025840759277344
decode: 83 0 434050 83 0.04024815559387207
decode: 83 0 434133 83 0.040244340896606445
decode: 83 0 434216 83 0.0406191349029541
decode: 83 0 434299 83 0.04035687446594238
decode: 82 0 426890 82 0.03940844535827637
decode: 82 0 426972 82 0.03946876525878906
decode: 82 0 427054 82 0.03943467140197754
decode: 82 0 427136 82 0.0394287109375
decode: 82 0 427218 82 0.0393519401550293
decode: 82 0 427300 82 0.03933310508728027
decode: 82 0 427382 82 0.03937172889709473
decode: 82 0 427464 82 0.039449214935302734
decode: 82 0 427546 82 0.0399627685546875
decode: 82 0 427628 82 0.0395205020904541
decode: 82 0 427710 82 0.03943800926208496
decode: 82 0 427792 82 0.03977227210998535
decode: 82 0 427874 82 0.03952670097351074
decode: 82 0 427956 82 0.03951072692871094
decode: 82 0 428038 82 0.03942680358886719
decode: 82 0 428120 82 0.03940939903259277
decode: 82 0 428202 82 0.0394597053527832
decode: 82 0 428284 82 0.03952336311340332
decode: 82 0 428366 82 0.03963804244995117
decode: 82 0 428448 82 0.03947925567626953
decode: 82 0 428530 82 0.04016447067260742
decode: 82 0 428612 82 0.039501190185546875
decode: 82 0 428694 82 0.0394895076751709
decode: 82 0 428776 82 0.03955483436584473
decode: 82 0 428858 82 0.03953409194946289
decode: 82 0 428940 82 0.03953051567077637
decode: 82 0 429022 82 0.03952670097351074
decode: 82 0 429104 82 0.0395197868347168
decode: 82 0 429186 82 0.03949761390686035
decode: 82 0 429268 82 0.039579153060913086
decode: 82 0 429350 82 0.03961038589477539
decode: 82 0 429432 82 0.03962445259094238
decode: 82 0 429514 82 0.03958630561828613
decode: 82 0 429596 82 0.039578914642333984
decode: 82 0 429678 82 0.039565324783325195
decode: 82 0 429760 82 0.03954052925109863
decode: 82 0 429842 82 0.03950619697570801
decode: 82 0 429924 82 0.0395200252532959
decode: 82 0 430006 82 0.03959536552429199
decode: 82 0 430088 82 0.03961300849914551
decode: 82 0 430170 82 0.03963494300842285
decode: 81 0 428524 81 0.03788614273071289
decode: 81 0 428605 81 0.037731170654296875
decode: 81 0 428686 81 0.03771471977233887
decode: 81 0 428767 81 0.03779029846191406
decode: 81 0 428848 81 0.037866830825805664
decode: 81 0 428929 81 0.0378572940826416
decode: 81 0 429010 81 0.03782176971435547
decode: 81 0 429091 81 0.03769874572753906
decode: 81 0 429172 81 0.03770947456359863
decode: 81 0 429253 81 0.037845611572265625
decode: 81 0 429334 81 0.03787398338317871
decode: 81 0 429415 81 0.03781437873840332
decode: 81 0 429496 81 0.03775954246520996
decode: 81 0 429577 81 0.03790140151977539
decode: 81 0 429658 81 0.03777718544006348
decode: 81 0 429739 81 0.03778219223022461
decode: 81 0 429820 81 0.03785848617553711
decode: 81 0 429901 81 0.03783559799194336
decode: 81 0 429982 81 0.037752628326416016
decode: 81 0 430063 81 0.03794360160827637
decode: 81 0 430144 81 0.03784608840942383
decode: 81 0 430225 81 0.037885189056396484
decode: 81 0 430306 81 0.03792095184326172
decode: 81 0 430387 81 0.03784775733947754
decode: 81 0 430468 81 0.037919044494628906
decode: 81 0 430549 81 0.038050174713134766
decode: 81 0 430630 81 0.03791022300720215
decode: 81 0 430711 81 0.0378565788269043
decode: 81 0 430792 81 0.0378572940826416
decode: 81 0 430873 81 0.03789830207824707
decode: 81 0 430954 81 0.037995100021362305
decode: 81 0 431035 81 0.03797483444213867
decode: 81 0 431116 81 0.0380556583404541
decode: 80 0 429116 80 0.034934043884277344
decode: 80 0 429196 80 0.03513622283935547
decode: 80 0 429276 80 0.034778594970703125
decode: 80 0 429356 80 0.03483152389526367
decode: 80 0 429436 80 0.0348508358001709
decode: 80 0 429516 80 0.03481721878051758
decode: 80 0 429596 80 0.03476357460021973
decode: 80 0 429676 80 0.03475379943847656
decode: 80 0 429756 80 0.03488969802856445
decode: 80 0 429836 80 0.03502798080444336
decode: 80 0 429916 80 0.03488969802856445
decode: 80 0 429996 80 0.0348057746887207
decode: 80 0 430076 80 0.03479623794555664
decode: 80 0 430156 80 0.03491544723510742
decode: 80 0 430236 80 0.03493762016296387
decode: 80 0 430316 80 0.03485584259033203
decode: 80 0 430396 80 0.03485369682312012
decode: 80 0 430476 80 0.034902095794677734
decode: 80 0 430556 80 0.03497481346130371
decode: 79 0 422388 79 0.03530406951904297
mixed: 79 1 422388 2048 0.08004188537597656
mixed: 79 1 424436 2048 0.08899450302124023
mixed: 79 1 426484 2048 0.09456634521484375
mixed: 79 1 428532 1825 0.09309148788452148
decode: 80 0 430437 80 0.0371098518371582
decode: 80 0 430517 80 0.035945892333984375
decode: 80 0 430597 80 0.035768747329711914
decode: 80 0 430677 80 0.03574371337890625
decode: 80 0 430757 80 0.03570127487182617
decode: 80 0 430837 80 0.035738229751586914
decode: 80 0 430917 80 0.03576326370239258
decode: 80 0 430997 80 0.03576946258544922
decode: 80 0 431077 80 0.035634517669677734
decode: 80 0 431157 80 0.03551220893859863
decode: 80 0 431237 80 0.03553199768066406
decode: 80 0 431317 80 0.03554129600524902
decode: 80 0 431397 80 0.03554987907409668
decode: 80 0 431477 80 0.035634517669677734
decode: 80 0 431557 80 0.03553938865661621
decode: 80 0 431637 80 0.0355534553527832
decode: 80 0 431717 80 0.035637617111206055
decode: 80 0 431797 80 0.0356292724609375
decode: 80 0 431877 80 0.03555870056152344
decode: 80 0 431957 80 0.03556704521179199
decode: 80 0 432037 80 0.035601139068603516
decode: 80 0 432117 80 0.03561711311340332
decode: 80 0 432197 80 0.035620689392089844
decode: 80 0 432277 80 0.03556418418884277
decode: 80 0 432357 80 0.03560638427734375
decode: 80 0 432437 80 0.03560066223144531
decode: 80 0 432517 80 0.035646915435791016
decode: 80 0 432597 80 0.03567051887512207
decode: 80 0 432677 80 0.03564333915710449
decode: 80 0 432757 80 0.035610198974609375
decode: 80 0 432837 80 0.0356135368347168
decode: 80 0 432917 80 0.035681724548339844
decode: 80 0 432997 80 0.03574419021606445
decode: 80 0 433077 80 0.03583693504333496
decode: 80 0 433157 80 0.03575539588928223
decode: 80 0 433237 80 0.035746097564697266
decode: 80 0 433317 80 0.03576302528381348
decode: 80 0 433397 80 0.035718679428100586
decode: 80 0 433477 80 0.035665273666381836
decode: 80 0 433557 80 0.035669565200805664
decode: 80 0 433637 80 0.035736799240112305
decode: 80 0 433717 80 0.03577280044555664
decode: 80 0 433797 80 0.03576469421386719
decode: 80 0 433877 80 0.03572726249694824
decode: 80 0 433957 80 0.03570890426635742
decode: 80 0 434037 80 0.0357973575592041
decode: 80 0 434117 80 0.03590273857116699
decode: 80 0 434197 80 0.03576803207397461
decode: 80 0 434277 80 0.0357508659362793
decode: 80 0 434357 80 0.03574800491333008
decode: 80 0 434437 80 0.03576207160949707
decode: 80 0 434517 80 0.03580021858215332
decode: 80 0 434597 80 0.03584027290344238
decode: 80 0 434677 80 0.03573775291442871
decode: 80 0 434757 80 0.0357508659362793
decode: 80 0 434837 80 0.035868167877197266
decode: 80 0 434917 80 0.03596019744873047
decode: 80 0 434997 80 0.035867929458618164
decode: 80 0 435077 80 0.035799503326416016
decode: 80 0 435157 80 0.03578901290893555
decode: 80 0 435237 80 0.03583860397338867
decode: 80 0 435317 80 0.03582406044006348
decode: 80 0 435397 80 0.03580451011657715
decode: 80 0 435477 80 0.035778045654296875
decode: 80 0 435557 80 0.03585028648376465
decode: 80 0 435637 80 0.03604769706726074
decode: 80 0 435717 80 0.03598141670227051
decode: 80 0 435797 80 0.03593277931213379
decode: 80 0 435877 80 0.036011695861816406
decode: 80 0 435957 80 0.035933732986450195
decode: 80 0 436037 80 0.03592371940612793
decode: 80 0 436117 80 0.035912275314331055
decode: 80 0 436197 80 0.03588676452636719
decode: 80 0 436277 80 0.035918235778808594
decode: 80 0 436357 80 0.03612661361694336
decode: 80 0 436437 80 0.03613591194152832
decode: 80 0 436517 80 0.035980224609375
decode: 80 0 436597 80 0.03592228889465332
decode: 80 0 436677 80 0.03609204292297363
decode: 80 0 436757 80 0.03645062446594238
decode: 80 0 436837 80 0.03614449501037598
decode: 80 0 436917 80 0.03614354133605957
decode: 80 0 436997 80 0.036416053771972656
decode: 80 0 437077 80 0.036185503005981445
decode: 80 0 437157 80 0.03608107566833496
decode: 80 0 437237 80 0.03606772422790527
decode: 80 0 437317 80 0.036108970642089844
decode: 80 0 437397 80 0.03602790832519531
decode: 80 0 437477 80 0.03607177734375
decode: 80 0 437557 80 0.0360870361328125
decode: 80 0 437637 80 0.03605937957763672
decode: 80 0 437717 80 0.03606081008911133
decode: 80 0 437797 80 0.03614306449890137
decode: 80 0 437877 80 0.03618192672729492
decode: 80 0 437957 80 0.03617286682128906
decode: 80 0 438037 80 0.03609061241149902
decode: 80 0 438117 80 0.036142826080322266
decode: 80 0 438197 80 0.03615760803222656
decode: 80 0 438277 80 0.036130666732788086
decode: 80 0 438357 80 0.036095380783081055
decode: 80 0 438437 80 0.03609895706176758
decode: 80 0 438517 80 0.03611111640930176
decode: 80 0 438597 80 0.03628849983215332
decode: 80 0 438677 80 0.036226511001586914
decode: 80 0 438757 80 0.03617072105407715
decode: 80 0 438837 80 0.03616166114807129
decode: 80 0 438917 80 0.036224365234375
decode: 80 0 438997 80 0.0361638069152832
decode: 80 0 439077 80 0.03615236282348633
decode: 80 0 439157 80 0.03620290756225586
decode: 80 0 439237 80 0.03617453575134277
decode: 80 0 439317 80 0.03613758087158203
decode: 80 0 439397 80 0.03627753257751465
decode: 80 0 439477 80 0.03627657890319824
decode: 80 0 439557 80 0.03624773025512695
decode: 79 0 436288 79 0.03452873229980469
decode: 79 0 436367 79 0.03452658653259277
decode: 79 0 436446 79 0.03449225425720215
decode: 79 0 436525 79 0.03443145751953125
decode: 79 0 436604 79 0.03441333770751953
decode: 79 0 436683 79 0.034446001052856445
decode: 79 0 436762 79 0.034487009048461914
decode: 79 0 436841 79 0.03450965881347656
decode: 79 0 436920 79 0.03450345993041992
decode: 78 0 433769 78 0.03452658653259277
mixed: 78 1 433769 2048 0.08153247833251953
mixed: 78 1 435817 2048 0.09437179565429688
mixed: 78 1 437865 1143 0.05892300605773926
decode: 79 0 439087 79 0.03724241256713867
decode: 79 0 439166 79 0.03557705879211426
decode: 79 0 439245 79 0.03524971008300781
decode: 79 0 439324 79 0.03534555435180664
decode: 79 0 439403 79 0.03532981872558594
decode: 79 0 439482 79 0.0353548526763916
decode: 79 0 439561 79 0.03532981872558594
decode: 79 0 439640 79 0.03525233268737793
decode: 79 0 439719 79 0.03521466255187988
decode: 79 0 439798 79 0.03511691093444824
decode: 79 0 439877 79 0.035120487213134766
decode: 79 0 439956 79 0.03508472442626953
decode: 79 0 440035 79 0.03525805473327637
decode: 79 0 440114 79 0.03603506088256836
decode: 79 0 440193 79 0.035182952880859375
decode: 79 0 440272 79 0.03523135185241699
decode: 79 0 440351 79 0.035533905029296875
decode: 79 0 440430 79 0.03523683547973633
decode: 78 0 432300 78 0.03685474395751953
mixed: 78 1 432300 2048 0.08262443542480469
mixed: 77 2 432031 2048 0.08440732955932617
mixed: 78 1 434079 2048 0.08676004409790039
mixed: 78 2 436127 2048 0.08718132972717285
mixed: 79 1 438175 581 0.04530739784240723
decode: 79 0 433594 79 0.03566479682922363
decode: 79 0 433673 79 0.03622603416442871
decode: 79 0 433752 79 0.0353696346282959
decode: 79 0 433831 79 0.035344839096069336
decode: 79 0 433910 79 0.035333871841430664
decode: 79 0 433989 79 0.03534388542175293
decode: 79 0 434068 79 0.035468101501464844
decode: 79 0 434147 79 0.03554725646972656
decode: 79 0 434226 79 0.03514218330383301
decode: 79 0 434305 79 0.0352015495300293
decode: 79 0 434384 79 0.03525042533874512
decode: 79 0 434463 79 0.035231828689575195
decode: 79 0 434542 79 0.03518557548522949
decode: 79 0 434621 79 0.03524327278137207
decode: 79 0 434700 79 0.03512001037597656
decode: 79 0 434779 79 0.03509712219238281
decode: 79 0 434858 79 0.03518986701965332
decode: 79 0 434937 79 0.03605484962463379
decode: 79 0 435016 79 0.03530454635620117
decode: 79 0 435095 79 0.03528618812561035
decode: 79 0 435174 79 0.0352320671081543
decode: 79 0 435253 79 0.03519797325134277
decode: 79 0 435332 79 0.035187721252441406
decode: 78 0 431538 78 0.03475666046142578
mixed: 78 1 431538 2048 0.08215117454528809
mixed: 78 1 433586 2048 0.09075784683227539
mixed: 78 1 435634 2048 0.0963435173034668
mixed: 78 1 437682 1005 0.05607199668884277
decode: 79 0 438766 79 0.03838372230529785
decode: 79 0 438845 79 0.03652167320251465
decode: 79 0 438924 79 0.03578042984008789
decode: 79 0 439003 79 0.0378568172454834
decode: 79 0 439082 79 0.03603935241699219
decode: 79 0 439161 79 0.036151885986328125
decode: 79 0 439240 79 0.035808563232421875
decode: 78 0 435596 78 0.03581118583679199
mixed: 78 1 435596 2048 0.0829305648803711
mixed: 78 1 437644 1008 0.05487227439880371
decode: 79 0 438731 79 0.03673839569091797
decode: 79 0 438810 79 0.03606677055358887
decode: 79 0 438889 79 0.03798723220825195
decode: 79 0 438968 79 0.03600811958312988
decode: 79 0 439047 79 0.036969661712646484
decode: 79 0 439126 79 0.036038875579833984
decode: 79 0 439205 79 0.03603100776672363
decode: 79 0 439284 79 0.0361788272857666
decode: 78 0 430783 78 0.037561655044555664
mixed: 78 1 430783 2048 0.08364176750183105
mixed: 77 1 429265 2048 0.09131455421447754
mixed: 76 3 424565 2048 0.08029341697692871
mixed: 78 1 426613 2048 0.08506131172180176
mixed: 78 1 428661 2048 0.091156005859375
mixed: 78 1 430709 2048 0.09757566452026367
mixed: 78 2 432757 2048 0.09073376655578613
mixed: 79 1 434805 2048 0.08726048469543457
mixed: 79 2 436853 2048 0.09086155891418457
mixed: 80 1 438901 1197 0.05560135841369629
decode: 81 0 440179 81 0.040903329849243164
decode: 81 0 440260 81 0.042374372482299805
decode: 81 0 440341 81 0.04010963439941406
decode: 81 0 440422 81 0.042140960693359375
decode: 81 0 440503 81 0.04007387161254883
decode: 81 0 440584 81 0.04213213920593262
decode: 81 0 440665 81 0.04001140594482422
decode: 81 0 440746 81 0.041495323181152344
decode: 81 0 440827 81 0.04048585891723633
decode: 81 0 440908 81 0.04065561294555664
decode: 81 0 440989 81 0.04030609130859375
decode: 81 0 441070 81 0.04030561447143555
decode: 80 0 433551 80 0.039754629135131836
mixed: 80 1 433551 2048 0.08455109596252441
mixed: 80 1 435599 2048 0.08872294425964355
mixed: 80 2 437647 2000 0.10195541381835938
decode: 82 0 439729 82 0.041208505630493164
decode: 82 0 439811 82 0.042003631591796875
decode: 82 0 439893 82 0.040349483489990234
decode: 82 0 439975 82 0.04198193550109863
decode: 82 0 440057 82 0.0403749942779541
decode: 82 0 440139 82 0.04182291030883789
decode: 82 0 440221 82 0.040110111236572266
decode: 82 0 440303 82 0.041750192642211914
decode: 82 0 440385 82 0.040167808532714844
decode: 81 0 436936 81 0.04102802276611328
decode: 81 0 437017 81 0.03997325897216797
decode: 81 0 437098 81 0.04118490219116211
decode: 81 0 437179 81 0.03962349891662598
decode: 81 0 437260 81 0.04113626480102539
decode: 81 0 437341 81 0.039682865142822266
decode: 81 0 437422 81 0.04120612144470215
decode: 81 0 437503 81 0.040648698806762695
decode: 81 0 437584 81 0.04020357131958008
decode: 81 0 437665 81 0.04156160354614258
decode: 81 0 437746 81 0.040346622467041016
decode: 81 0 437827 81 0.04152250289916992
decode: 81 0 437908 81 0.04028820991516113
decode: 81 0 437989 81 0.041635751724243164
decode: 81 0 438070 81 0.0410618782043457
decode: 81 0 438151 81 0.04093575477600098
decode: 81 0 438232 81 0.04049324989318848
decode: 81 0 438313 81 0.04159355163574219
decode: 81 0 438394 81 0.04040408134460449
decode: 81 0 438475 81 0.041138648986816406
decode: 81 0 438556 81 0.040578365325927734
decode: 80 0 435373 80 0.039199113845825195
decode: 80 0 435453 80 0.038360595703125
decode: 80 0 435533 80 0.03783702850341797
decode: 80 0 435613 80 0.03889608383178711
decode: 80 0 435693 80 0.03746628761291504
decode: 80 0 435773 80 0.038080453872680664
decode: 80 0 435853 80 0.03746938705444336
decode: 80 0 435933 80 0.03763461112976074
decode: 80 0 436013 80 0.03749561309814453
decode: 80 0 436093 80 0.038021087646484375
decode: 80 0 436173 80 0.03756546974182129
decode: 80 0 436253 80 0.038968801498413086
decode: 80 0 436333 80 0.03762984275817871
decode: 80 0 436413 80 0.03898286819458008
decode: 80 0 436493 80 0.037901878356933594
decode: 80 0 436573 80 0.03753328323364258
decode: 80 0 436653 80 0.03798961639404297
decode: 80 0 436733 80 0.03749680519104004
decode: 80 0 436813 80 0.0379338264465332
decode: 80 0 436893 80 0.03746151924133301
decode: 80 0 436973 80 0.03762531280517578
decode: 80 0 437053 80 0.03747868537902832
decode: 80 0 437133 80 0.03811168670654297
decode: 80 0 437213 80 0.037537574768066406
decode: 80 0 437293 80 0.037470102310180664
decode: 80 0 437373 80 0.03793621063232422
decode: 80 0 437453 80 0.03761482238769531
decode: 80 0 437533 80 0.03763437271118164
decode: 80 0 437613 80 0.037778377532958984
decode: 80 0 437693 80 0.0376436710357666
decode: 80 0 437773 80 0.03773927688598633
decode: 80 0 437853 80 0.03767561912536621
decode: 80 0 437933 80 0.03771710395812988
decode: 80 0 438013 80 0.03766179084777832
decode: 80 0 438093 80 0.03907585144042969
decode: 80 0 438173 80 0.037789106369018555
decode: 80 0 438253 80 0.0378262996673584
decode: 80 0 438333 80 0.037796974182128906
decode: 80 0 438413 80 0.03800201416015625
decode: 80 0 438493 80 0.037976980209350586
decode: 80 0 438573 80 0.0379643440246582
decode: 80 0 438653 80 0.03885078430175781
decode: 80 0 438733 80 0.037744998931884766
decode: 80 0 438813 80 0.03764510154724121
decode: 80 0 438893 80 0.03831768035888672
decode: 80 0 438973 80 0.03816843032836914
decode: 80 0 439053 80 0.03752613067626953
decode: 80 0 439133 80 0.03751349449157715
decode: 80 0 439213 80 0.037993669509887695
decode: 80 0 439293 80 0.03809666633605957
decode: 80 0 439373 80 0.037603139877319336
decode: 79 0 435374 79 0.03590989112854004
decode: 79 0 435453 79 0.03621625900268555
decode: 79 0 435532 79 0.03592848777770996
decode: 79 0 435611 79 0.03566932678222656
decode: 79 0 435690 79 0.03572559356689453
decode: 79 0 435769 79 0.03560209274291992
decode: 79 0 435848 79 0.03633880615234375
decode: 79 0 435927 79 0.03561544418334961
decode: 79 0 436006 79 0.035631418228149414
decode: 79 0 436085 79 0.03562426567077637
decode: 79 0 436164 79 0.03565526008605957
decode: 79 0 436243 79 0.03560042381286621
decode: 79 0 436322 79 0.03551125526428223
decode: 79 0 436401 79 0.03543400764465332
decode: 79 0 436480 79 0.0354766845703125
decode: 79 0 436559 79 0.03572797775268555
decode: 79 0 436638 79 0.035742759704589844
decode: 79 0 436717 79 0.035779476165771484
decode: 79 0 436796 79 0.03612089157104492
decode: 79 0 436875 79 0.03570151329040527
decode: 79 0 436954 79 0.03611016273498535
decode: 79 0 437033 79 0.03564810752868652
decode: 78 0 434426 78 0.037809133529663086
mixed: 78 1 434426 2048 0.08392333984375
mixed: 78 1 436474 2048 0.09122705459594727
mixed: 78 1 438522 2048 0.09505391120910645
mixed: 78 1 440570 337 0.03832077980041504
decode: 79 0 440986 79 0.03782963752746582
decode: 79 0 441065 79 0.03692173957824707
decode: 79 0 441144 79 0.03705143928527832
decode: 79 0 441223 79 0.03732419013977051
decode: 79 0 441302 79 0.0379331111907959
decode: 79 0 441381 79 0.03773999214172363
decode: 79 0 441460 79 0.03691411018371582
decode: 79 0 441539 79 0.03682756423950195
decode: 79 0 441618 79 0.03734588623046875
decode: 79 0 441697 79 0.03767132759094238
decode: 79 0 441776 79 0.036778926849365234
decode: 79 0 441855 79 0.037552833557128906
decode: 79 0 441934 79 0.03687119483947754
decode: 79 0 442013 79 0.03732800483703613
decode: 79 0 442092 79 0.03675675392150879
decode: 77 0 430820 77 0.0381472110748291
mixed: 77 1 430820 2048 0.08250880241394043
mixed: 77 1 432868 2048 0.08992195129394531
mixed: 77 1 434916 2048 0.09441947937011719
mixed: 77 1 436964 770 0.05253195762634277
decode: 78 0 437812 78 0.04024815559387207
decode: 78 0 437890 78 0.03897738456726074
decode: 78 0 437968 78 0.0399775505065918
decode: 78 0 438046 78 0.03987622261047363
decode: 78 0 438124 78 0.039008378982543945
decode: 78 0 438202 78 0.03910493850708008
decode: 78 0 438280 78 0.039473533630371094
decode: 78 0 438358 78 0.03879714012145996
decode: 78 0 438436 78 0.03919410705566406
decode: 78 0 438514 78 0.039418697357177734
decode: 78 0 438592 78 0.03879714012145996
decode: 78 0 438670 78 0.03970623016357422
decode: 78 0 438748 78 0.03973221778869629
decode: 78 0 438826 78 0.03886055946350098
decode: 78 0 438904 78 0.0397944450378418
decode: 78 0 438982 78 0.0393831729888916
decode: 78 0 439060 78 0.03891253471374512
decode: 78 0 439138 78 0.03885054588317871
decode: 78 0 439216 78 0.038878679275512695
decode: 78 0 439294 78 0.038999080657958984
decode: 78 0 439372 78 0.03911852836608887
decode: 78 0 439450 78 0.03888654708862305
decode: 78 0 439528 78 0.03967404365539551
decode: 78 0 439606 78 0.03888654708862305
decode: 78 0 439684 78 0.03893327713012695
decode: 78 0 439762 78 0.03977060317993164
decode: 78 0 439840 78 0.03885817527770996
decode: 78 0 439918 78 0.0391087532043457
decode: 78 0 439996 78 0.03861427307128906
decode: 78 0 440074 78 0.03903841972351074
decode: 77 0 435876 77 0.03867363929748535
mixed: 77 1 435876 2048 0.08315634727478027
mixed: 77 1 437924 2048 0.09086942672729492
mixed: 77 1 439972 2048 0.0976870059967041
mixed: 77 1 442020 194 0.03362727165222168
decode: 77 0 434603 77 0.03825044631958008
mixed: 77 1 434603 2048 0.08390259742736816
mixed: 77 2 436651 2048 0.08813881874084473
mixed: 78 1 438699 2048 0.08643913269042969
mixed: 78 1 440747 1414 0.07743263244628906
decode: 78 0 434981 78 0.038115739822387695
mixed: 78 1 434981 1913 0.07845067977905273
decode: 79 0 436973 79 0.039603233337402344
decode: 79 0 437052 79 0.038252830505371094
decode: 79 0 437131 79 0.03760099411010742
decode: 78 0 433670 78 0.03623318672180176
decode: 78 0 433748 78 0.03642678260803223
decode: 78 0 433826 78 0.036649227142333984
decode: 78 0 433904 78 0.036170005798339844
decode: 78 0 433982 78 0.036478281021118164
decode: 78 0 434060 78 0.035947322845458984
decode: 78 0 434138 78 0.035976409912109375
decode: 78 0 434216 78 0.036614418029785156
decode: 78 0 434294 78 0.03620743751525879
decode: 78 0 434372 78 0.03636336326599121
decode: 78 0 434450 78 0.03601336479187012
decode: 78 0 434528 78 0.03598141670227051
decode: 78 0 434606 78 0.03624892234802246
decode: 78 0 434684 78 0.03650927543640137
decode: 78 0 434762 78 0.0360107421875
decode: 78 0 434840 78 0.03629255294799805
decode: 78 0 434918 78 0.036221981048583984
decode: 78 0 434996 78 0.03608369827270508
decode: 78 0 435074 78 0.03600955009460449
decode: 78 0 435152 78 0.03630781173706055
decode: 78 0 435230 78 0.03611421585083008
decode: 78 0 435308 78 0.036043643951416016
decode: 78 0 435386 78 0.03628396987915039
decode: 78 0 435464 78 0.03608441352844238
decode: 78 0 435542 78 0.03610038757324219
decode: 78 0 435620 78 0.03652238845825195
decode: 78 0 435698 78 0.036156415939331055
decode: 78 0 435776 78 0.036459922790527344
decode: 78 0 435854 78 0.03613400459289551
decode: 78 0 435932 78 0.036147356033325195
decode: 77 0 427493 77 0.03742074966430664
mixed: 77 1 427493 2048 0.08091568946838379
mixed: 77 1 429541 2048 0.08917093276977539
mixed: 77 2 431589 2048 0.08660745620727539
mixed: 78 2 433637 2048 0.08734011650085449
mixed: 79 1 435685 1418 0.07085680961608887
decode: 80 0 437183 80 0.03911447525024414
decode: 80 0 437263 80 0.03864145278930664
decode: 80 0 437343 80 0.03780341148376465
decode: 80 0 437423 80 0.03803396224975586
decode: 80 0 437503 80 0.03771209716796875
decode: 80 0 437583 80 0.03815770149230957
decode: 80 0 437663 80 0.03782176971435547
decode: 80 0 437743 80 0.03836321830749512
decode: 80 0 437823 80 0.03758525848388672
decode: 80 0 437903 80 0.037690162658691406
decode: 80 0 437983 80 0.038207292556762695
decode: 80 0 438063 80 0.037587642669677734
decode: 80 0 438143 80 0.03782463073730469
decode: 80 0 438223 80 0.03775525093078613
decode: 80 0 438303 80 0.038219451904296875
decode: 80 0 438383 80 0.03772306442260742
decode: 80 0 438463 80 0.03785872459411621
decode: 80 0 438543 80 0.03759884834289551
decode: 80 0 438623 80 0.03788948059082031
decode: 80 0 438703 80 0.037637948989868164
decode: 80 0 438783 80 0.0378720760345459
decode: 80 0 438863 80 0.03759503364562988
decode: 80 0 438943 80 0.03762197494506836
decode: 80 0 439023 80 0.03810381889343262
decode: 80 0 439103 80 0.037674665451049805
decode: 80 0 439183 80 0.03812980651855469
decode: 80 0 439263 80 0.03765583038330078
decode: 80 0 439343 80 0.03801393508911133
decode: 80 0 439423 80 0.03773331642150879
decode: 80 0 439503 80 0.03801727294921875
decode: 79 0 433180 79 0.03554677963256836
mixed: 79 1 433180 2048 0.0832066535949707
mixed: 79 1 435228 1113 0.05672311782836914
decode: 80 0 436421 80 0.037433624267578125
decode: 80 0 436501 80 0.03667783737182617
decode: 80 0 436581 80 0.035791635513305664
decode: 80 0 436661 80 0.03587150573730469
decode: 80 0 436741 80 0.03590846061706543
decode: 80 0 436821 80 0.0363461971282959
decode: 80 0 436901 80 0.03587746620178223
decode: 80 0 436981 80 0.03574657440185547
decode: 80 0 437061 80 0.036073923110961914
decode: 80 0 437141 80 0.03562521934509277
decode: 80 0 437221 80 0.03606104850769043
decode: 80 0 437301 80 0.035666465759277344
decode: 80 0 437381 80 0.03560662269592285
decode: 80 0 437461 80 0.03716254234313965
decode: 80 0 437541 80 0.036054372787475586
decode: 80 0 437621 80 0.03607368469238281
decode: 80 0 437701 80 0.03688812255859375
decode: 79 0 429533 79 0.03593111038208008
mixed: 79 1 429533 2048 0.09560608863830566
mixed: 79 1 431581 2048 0.09067559242248535
mixed: 79 1 433629 2048 0.09495115280151367
mixed: 78 1 429741 2048 0.10064697265625
mixed: 78 2 431789 2048 0.0857095718383789
mixed: 79 1 433837 2048 0.09055399894714355
mixed: 79 1 435885 2048 0.09481287002563477
mixed: 79 1 437933 1053 0.06038999557495117
decode: 80 0 439066 80 0.03736472129821777
decode: 80 0 439146 80 0.03670811653137207
decode: 80 0 439226 80 0.03688669204711914
decode: 79 0 433025 79 0.03637361526489258
mixed: 79 1 433025 2048 0.08333516120910645
mixed: 79 1 435073 2048 0.08976340293884277
mixed: 79 1 437121 2048 0.09554791450500488
mixed: 79 1 439169 311 0.03486204147338867
decode: 80 0 439560 80 0.0370335578918457
decode: 80 0 439640 80 0.036904335021972656
decode: 80 0 439720 80 0.03690743446350098
decode: 80 0 439800 80 0.03677010536193848
decode: 80 0 439880 80 0.03681373596191406
decode: 80 0 439960 80 0.03676319122314453
decode: 79 0 434995 79 0.036658525466918945
mixed: 79 1 434995 1553 0.07326650619506836
decode: 80 0 436628 80 0.03784298896789551
decode: 80 0 436708 80 0.03686261177062988
decode: 80 0 436788 80 0.03655529022216797
decode: 80 0 436868 80 0.03655123710632324
decode: 80 0 436948 80 0.03662467002868652
decode: 80 0 437028 80 0.03658461570739746
decode: 80 0 437108 80 0.036510467529296875
decode: 80 0 437188 80 0.036485910415649414
decode: 80 0 437268 80 0.0364222526550293
decode: 80 0 437348 80 0.03644919395446777
decode: 80 0 437428 80 0.036435604095458984
decode: 80 0 437508 80 0.036346435546875
decode: 80 0 437588 80 0.036370277404785156
decode: 80 0 437668 80 0.03636765480041504
decode: 80 0 437748 80 0.036412715911865234
decode: 80 0 437828 80 0.03651714324951172
decode: 80 0 437908 80 0.03634929656982422
decode: 80 0 437988 80 0.03637504577636719
decode: 80 0 438068 80 0.03646135330200195
decode: 80 0 438148 80 0.03648090362548828
decode: 80 0 438228 80 0.03667569160461426
decode: 80 0 438308 80 0.03641009330749512
decode: 79 0 430950 79 0.036307573318481445
mixed: 79 1 430950 2048 0.08262848854064941
mixed: 79 1 432998 2048 0.08958148956298828
mixed: 78 1 430608 2048 0.09556436538696289
mixed: 78 2 432656 2048 0.09419822692871094
mixed: 79 1 434704 2048 0.08582639694213867
mixed: 79 1 436752 2048 0.09145259857177734
mixed: 79 1 438800 547 0.042986392974853516
decode: 79 0 436301 79 0.03814053535461426
mixed: 79 1 436301 2048 0.08138370513916016
mixed: 79 1 438349 1541 0.08063077926635742
decode: 80 0 439970 80 0.03905487060546875
decode: 80 0 440050 80 0.03804302215576172
decode: 80 0 440130 80 0.03779435157775879
decode: 80 0 440210 80 0.037832021713256836
decode: 79 0 437463 79 0.03757166862487793
mixed: 79 1 437463 1972 0.08279109001159668
decode: 80 0 439515 80 0.040627479553222656
decode: 80 0 439595 80 0.037866830825805664
decode: 80 0 439675 80 0.037523508071899414
decode: 80 0 439755 80 0.037461042404174805
decode: 80 0 439835 80 0.03744363784790039
decode: 80 0 439915 80 0.03748583793640137
decode: 80 0 439995 80 0.037543296813964844
decode: 80 0 440075 80 0.03754425048828125
decode: 80 0 440155 80 0.03748512268066406
decode: 80 0 440235 80 0.03752779960632324
decode: 80 0 440315 80 0.03734898567199707
decode: 80 0 440395 80 0.03735208511352539
decode: 80 0 440475 80 0.03737282752990723
decode: 80 0 440555 80 0.03732180595397949
decode: 80 0 440635 80 0.037305593490600586
decode: 80 0 440715 80 0.03741288185119629
decode: 80 0 440795 80 0.037378787994384766
decode: 80 0 440875 80 0.037392377853393555
decode: 80 0 440955 80 0.03731656074523926
decode: 80 0 441035 80 0.037363290786743164
decode: 80 0 441115 80 0.03743338584899902
decode: 79 0 434139 79 0.036835670471191406
mixed: 79 1 434139 2048 0.08416604995727539
mixed: 79 1 436187 1942 0.08971047401428223
decode: 80 0 438209 80 0.03866291046142578
decode: 78 0 423443 78 0.036450862884521484
mixed: 78 1 423443 2048 0.08168411254882812
mixed: 78 1 425491 2048 0.10324764251708984
mixed: 78 1 427539 2048 0.09447216987609863
mixed: 78 2 429587 2048 0.0927731990814209
mixed: 79 1 431635 2048 0.08657336235046387
mixed: 79 2 433683 2048 0.09056925773620605
mixed: 80 1 435731 2048 0.08524489402770996
mixed: 80 1 437779 2048 0.09169745445251465
mixed: 79 2 435598 2048 0.08875203132629395
mixed: 80 1 437646 2048 0.08778905868530273
mixed: 79 2 431131 2048 0.0836496353149414
mixed: 80 1 433179 2048 0.0897676944732666
mixed: 80 2 435227 2048 0.0844118595123291
mixed: 81 1 437275 1642 0.079376220703125
decode: 82 0 438999 82 0.04273033142089844
decode: 82 0 439081 82 0.041692495346069336
decode: 82 0 439163 82 0.041355133056640625
decode: 82 0 439245 82 0.04126739501953125
decode: 82 0 439327 82 0.04118227958679199
decode: 82 0 439409 82 0.0411686897277832
decode: 82 0 439491 82 0.041080474853515625
decode: 82 0 439573 82 0.041051387786865234
decode: 82 0 439655 82 0.04102015495300293
decode: 82 0 439737 82 0.041074514389038086
decode: 82 0 439819 82 0.040967464447021484
decode: 82 0 439901 82 0.0409543514251709
decode: 82 0 439983 82 0.04112672805786133
decode: 82 0 440065 82 0.04101371765136719
decode: 82 0 440147 82 0.04099225997924805
decode: 82 0 440229 82 0.04089641571044922
decode: 82 0 440311 82 0.040877580642700195
decode: 82 0 440393 82 0.041008949279785156
decode: 82 0 440475 82 0.041115522384643555
decode: 82 0 440557 82 0.04096531867980957
decode: 82 0 440639 82 0.04107809066772461
decode: 82 0 440721 82 0.04103827476501465
decode: 81 0 431637 81 0.03884243965148926
mixed: 80 1 427677 2047 0.08292698860168457
mixed: 80 1 429724 2048 0.09093976020812988
mixed: 80 1 431772 2048 0.09574699401855469
mixed: 80 2 433820 2048 0.08640360832214355
mixed: 81 1 435868 1099 0.05643320083618164
decode: 81 0 433846 81 0.03977036476135254
mixed: 81 1 433846 2048 0.08287453651428223
mixed: 81 1 435894 2048 0.09078311920166016
mixed: 81 1 437942 2048 0.09506916999816895
mixed: 81 1 439990 786 0.05297350883483887
decode: 82 0 440858 82 0.040255069732666016
decode: 82 0 440940 82 0.03974795341491699
decode: 82 0 441022 82 0.03951120376586914
decode: 82 0 441104 82 0.03953838348388672
decode: 82 0 441186 82 0.03955721855163574
decode: 82 0 441268 82 0.03957009315490723
decode: 82 0 441350 82 0.03956913948059082
decode: 81 0 439446 81 0.03833746910095215
decode: 81 0 439527 81 0.03821277618408203
decode: 81 0 439608 81 0.03809762001037598
decode: 81 0 439689 81 0.038118600845336914
decode: 81 0 439770 81 0.03812003135681152
decode: 79 0 430747 79 0.0372920036315918
mixed: 79 1 430747 2048 0.08243656158447266
mixed: 79 1 432795 2048 0.09066367149353027
mixed: 79 1 434843 2048 0.09612131118774414
mixed: 79 2 436891 2048 0.08941078186035156
mixed: 80 1 438939 1791 0.08423233032226562
decode: 81 0 440811 81 0.04044675827026367
decode: 81 0 440892 81 0.03883004188537598
decode: 81 0 440973 81 0.03858160972595215
decode: 81 0 441054 81 0.0386500358581543
decode: 81 0 441135 81 0.038687705993652344
decode: 81 0 441216 81 0.03873610496520996
decode: 80 0 435539 80 0.03838396072387695
decode: 80 0 435619 80 0.03842782974243164
decode: 80 0 435699 80 0.03818559646606445
decode: 80 0 435779 80 0.03816843032836914
decode: 79 0 429116 79 0.03726696968078613
mixed: 79 1 429116 2048 0.0825192928314209
mixed: 79 1 431164 2048 0.08963298797607422
mixed: 79 2 433212 2048 0.09474897384643555
mixed: 80 1 435260 2048 0.0848088264465332
mixed: 80 1 437308 2048 0.09106564521789551
mixed: 80 1 439356 1026 0.05859088897705078
decode: 81 0 440463 81 0.04017210006713867
decode: 81 0 440544 81 0.0390474796295166
decode: 81 0 440625 81 0.038797855377197266
decode: 81 0 440706 81 0.03887629508972168
decode: 81 0 440787 81 0.038878679275512695
decode: 81 0 440868 81 0.038889408111572266
decode: 81 0 440949 81 0.038953304290771484
decode: 81 0 441030 81 0.038921356201171875
decode: 81 0 441111 81 0.038646697998046875
decode: 81 0 441192 81 0.038634538650512695
decode: 80 0 436636 80 0.0376591682434082
mixed: 80 1 436636 2048 0.08223915100097656
mixed: 78 1 424177 2048 0.08933281898498535
mixed: 78 1 426225 2048 0.09474873542785645
mixed: 78 2 428273 2048 0.08456826210021973
mixed: 79 1 430321 2048 0.08980441093444824
mixed: 79 2 432369 2048 0.09333515167236328
mixed: 80 1 434417 1831 0.07879781723022461
decode: 81 0 436329 81 0.03868246078491211
decode: 81 0 436410 81 0.03699851036071777
decode: 81 0 436491 81 0.03656935691833496
decode: 81 0 436572 81 0.03653979301452637
decode: 81 0 436653 81 0.0365757942199707
decode: 81 0 436734 81 0.03655099868774414
decode: 81 0 436815 81 0.036562204360961914
decode: 81 0 436896 81 0.03660726547241211
decode: 81 0 436977 81 0.036590576171875
decode: 81 0 437058 81 0.03647780418395996
decode: 81 0 437139 81 0.03643345832824707
decode: 81 0 437220 81 0.03643059730529785
decode: 81 0 437301 81 0.03640437126159668
decode: 81 0 437382 81 0.03641700744628906
decode: 81 0 437463 81 0.036437273025512695
decode: 81 0 437544 81 0.03645682334899902
decode: 81 0 437625 81 0.036444902420043945
decode: 81 0 437706 81 0.03637576103210449
decode: 81 0 437787 81 0.03639698028564453
decode: 81 0 437868 81 0.03643393516540527
decode: 81 0 437949 81 0.03648638725280762
decode: 81 0 438030 81 0.0364689826965332
decode: 81 0 438111 81 0.036423444747924805
decode: 81 0 438192 81 0.03642392158508301
decode: 81 0 438273 81 0.03648948669433594
decode: 81 0 438354 81 0.03649592399597168
decode: 81 0 438435 81 0.03644394874572754
decode: 81 0 438516 81 0.03642010688781738
decode: 81 0 438597 81 0.03645467758178711
decode: 81 0 438678 81 0.03651070594787598
decode: 81 0 438759 81 0.03652811050415039
decode: 81 0 438840 81 0.03647327423095703
decode: 81 0 438921 81 0.03646397590637207
decode: 81 0 439002 81 0.036472320556640625
decode: 81 0 439083 81 0.036505699157714844
decode: 80 0 432790 80 0.035787105560302734
mixed: 80 1 432790 2048 0.08214330673217773
mixed: 80 1 434838 2048 0.09127306938171387
mixed: 80 1 436886 562 0.043520450592041016
decode: 81 0 437529 81 0.03766632080078125
decode: 81 0 437610 81 0.0374598503112793
decode: 81 0 437691 81 0.03748321533203125
decode: 81 0 437772 81 0.037470102310180664
decode: 81 0 437853 81 0.03750920295715332
decode: 81 0 437934 81 0.03755640983581543
decode: 81 0 438015 81 0.037537574768066406
decode: 81 0 438096 81 0.037497758865356445
decode: 81 0 438177 81 0.03735756874084473
decode: 81 0 438258 81 0.03734612464904785
decode: 81 0 438339 81 0.03735852241516113
decode: 81 0 438420 81 0.03736066818237305
decode: 81 0 438501 81 0.037351369857788086
decode: 81 0 438582 81 0.03737068176269531
decode: 81 0 438663 81 0.03733015060424805
decode: 81 0 438744 81 0.037348270416259766
decode: 81 0 438825 81 0.03736686706542969
decode: 81 0 438906 81 0.037384033203125
decode: 81 0 438987 81 0.03739333152770996
decode: 81 0 439068 81 0.03737187385559082
decode: 81 0 439149 81 0.03732752799987793
decode: 81 0 439230 81 0.037412405014038086
decode: 81 0 439311 81 0.03743577003479004
decode: 81 0 439392 81 0.03737354278564453
decode: 81 0 439473 81 0.03735017776489258
decode: 80 0 435633 80 0.034696340560913086
decode: 80 0 435713 80 0.03472423553466797
decode: 80 0 435793 80 0.03470563888549805
decode: 80 0 435873 80 0.03470492362976074
decode: 80 0 435953 80 0.03467869758605957
decode: 80 0 436033 80 0.03467988967895508
decode: 80 0 436113 80 0.03470349311828613
decode: 80 0 436193 80 0.03472328186035156
decode: 80 0 436273 80 0.034729719161987305
decode: 80 0 436353 80 0.03471231460571289
decode: 80 0 436433 80 0.03475451469421387
decode: 79 0 427540 79 0.03685593605041504
mixed: 79 1 427540 2048 0.0809166431427002
mixed: 79 1 429588 2048 0.09049773216247559
mixed: 79 1 431636 2048 0.09586811065673828
mixed: 79 1 433684 2048 0.1005406379699707
mixed: 79 1 435732 345 0.03838515281677246
decode: 80 0 436157 80 0.03814053535461426
decode: 80 0 436237 80 0.037790775299072266
decode: 79 0 431947 79 0.03806257247924805
mixed: 79 1 431947 2048 0.08465361595153809
mixed: 79 1 433995 2048 0.0905458927154541
mixed: 79 1 436043 539 0.043182373046875
decode: 80 0 436662 80 0.03853487968444824
decode: 80 0 436742 80 0.03805351257324219
decode: 80 0 436822 80 0.037995338439941406
decode: 80 0 436902 80 0.03801989555358887
decode: 80 0 436982 80 0.03799843788146973
decode: 80 0 437062 80 0.038043975830078125
decode: 80 0 437142 80 0.03807473182678223
decode: 80 0 437222 80 0.03788566589355469
decode: 80 0 437302 80 0.037828683853149414
decode: 80 0 437382 80 0.03791093826293945
decode: 80 0 437462 80 0.03791308403015137
decode: 80 0 437542 80 0.03787803649902344
decode: 80 0 437622 80 0.03785276412963867
decode: 80 0 437702 80 0.037933349609375
decode: 80 0 437782 80 0.037926673889160156
decode: 80 0 437862 80 0.037863969802856445
decode: 80 0 437942 80 0.0378413200378418
decode: 80 0 438022 80 0.03790998458862305
decode: 80 0 438102 80 0.03792738914489746
decode: 80 0 438182 80 0.037964582443237305
decode: 80 0 438262 80 0.03783369064331055
decode: 80 0 438342 80 0.03790640830993652
decode: 80 0 438422 80 0.03795361518859863
decode: 80 0 438502 80 0.03798508644104004
decode: 80 0 438582 80 0.03794360160827637
decode: 80 0 438662 80 0.03792381286621094
decode: 80 0 438742 80 0.037930965423583984
decode: 80 0 438822 80 0.037998199462890625
decode: 80 0 438902 80 0.03799796104431152
decode: 80 0 438982 80 0.03795146942138672
decode: 80 0 439062 80 0.037926673889160156
decode: 80 0 439142 80 0.037946462631225586
decode: 80 0 439222 80 0.038005828857421875
decode: 80 0 439302 80 0.03804636001586914
decode: 80 0 439382 80 0.03799152374267578
decode: 80 0 439462 80 0.0379946231842041
decode: 80 0 439542 80 0.03798961639404297
decode: 80 0 439622 80 0.03801298141479492
decode: 80 0 439702 80 0.037995338439941406
decode: 80 0 439782 80 0.03798389434814453
decode: 80 0 439862 80 0.037996768951416016
decode: 79 0 431638 79 0.03800010681152344
mixed: 78 1 425620 2047 0.08379864692687988
mixed: 78 1 427667 2048 0.0903177261352539
mixed: 78 1 429715 2048 0.0955054759979248
mixed: 77 2 423304 2048 0.09630084037780762
mixed: 78 1 425352 2048 0.08421802520751953
mixed: 78 1 427400 2048 0.08904314041137695
mixed: 78 2 429448 2048 0.08916401863098145
mixed: 79 1 431496 2048 0.08553695678710938
mixed: 79 1 433544 2048 0.09258198738098145
mixed: 79 2 435592 2048 0.08901286125183105
mixed: 80 1 437640 486 0.03870654106140137
decode: 81 0 438207 81 0.040139198303222656
decode: 81 0 438288 81 0.03930068016052246
decode: 80 0 434014 80 0.0343778133392334
decode: 80 0 434094 80 0.03435826301574707
decode: 80 0 434174 80 0.03428173065185547
decode: 80 0 434254 80 0.03428339958190918
decode: 80 0 434334 80 0.03435492515563965
decode: 80 0 434414 80 0.03436422348022461
decode: 80 0 434494 80 0.034380435943603516
decode: 80 0 434574 80 0.03424859046936035
decode: 80 0 434654 80 0.03421807289123535
decode: 80 0 434734 80 0.03424382209777832
decode: 80 0 434814 80 0.034264564514160156
decode: 80 0 434894 80 0.03427624702453613
decode: 80 0 434974 80 0.03428316116333008
decode: 80 0 435054 80 0.034171104431152344
decode: 80 0 435134 80 0.034235477447509766
decode: 80 0 435214 80 0.0342717170715332
decode: 80 0 435294 80 0.03429150581359863
decode: 80 0 435374 80 0.034227848052978516
decode: 80 0 435454 80 0.034281253814697266
decode: 80 0 435534 80 0.03422236442565918
decode: 80 0 435614 80 0.03427457809448242
decode: 80 0 435694 80 0.034331560134887695
decode: 80 0 435774 80 0.034253835678100586
decode: 80 0 435854 80 0.034232139587402344
decode: 80 0 435934 80 0.03425025939941406
decode: 80 0 436014 80 0.03431296348571777
decode: 80 0 436094 80 0.034326791763305664
decode: 80 0 436174 80 0.03432488441467285
decode: 80 0 436254 80 0.03423333168029785
decode: 80 0 436334 80 0.03424477577209473
decode: 80 0 436414 80 0.034332990646362305
decode: 80 0 436494 80 0.034354209899902344
decode: 80 0 436574 80 0.03433489799499512
decode: 80 0 436654 80 0.03428339958190918
decode: 80 0 436734 80 0.034258127212524414
decode: 80 0 436814 80 0.03433036804199219
decode: 80 0 436894 80 0.03440284729003906
decode: 80 0 436974 80 0.03436684608459473
decode: 80 0 437054 80 0.0343017578125
decode: 79 0 430900 79 0.03510332107543945
mixed: 79 1 430900 2048 0.08270454406738281
mixed: 79 1 432948 2048 0.09122443199157715
mixed: 78 1 427716 2048 0.09557294845581055
mixed: 78 2 429764 2048 0.0894923210144043
mixed: 79 1 431812 2048 0.08806705474853516
mixed: 79 1 433860 2048 0.0946497917175293
mixed: 79 1 435908 1023 0.05467081069946289
decode: 80 0 437011 80 0.03795146942138672
decode: 80 0 437091 80 0.03630781173706055
decode: 80 0 437171 80 0.03555798530578613
decode: 80 0 437251 80 0.03560137748718262
decode: 79 0 428201 79 0.03709149360656738
mixed: 79 1 428201 2048 0.0826113224029541
mixed: 79 1 430249 2048 0.0895085334777832
mixed: 79 1 432297 2048 0.09545159339904785
mixed: 79 1 434345 1817 0.09435391426086426
decode: 80 0 436242 80 0.036360979080200195
decode: 80 0 436322 80 0.03563380241394043
decode: 80 0 436402 80 0.03548002243041992
decode: 80 0 436482 80 0.035489797592163086
decode: 80 0 436562 80 0.03554344177246094
decode: 79 0 430355 79 0.03726673126220703
mixed: 79 1 430355 2048 0.08211040496826172
mixed: 79 1 432403 2048 0.09101510047912598
mixed: 79 2 434451 2048 0.09370827674865723
mixed: 80 1 436499 2048 0.0858004093170166
mixed: 80 1 438547 1584 0.08350753784179688
decode: 81 0 440212 81 0.03953409194946289
decode: 81 0 440293 81 0.03847956657409668
decode: 81 0 440374 81 0.03833746910095215
decode: 81 0 440455 81 0.03839230537414551
decode: 81 0 440536 81 0.03848528861999512
decode: 81 0 440617 81 0.03846335411071777
decode: 81 0 440698 81 0.038362741470336914
decode: 81 0 440779 81 0.038402557373046875
decode: 81 0 440860 81 0.038179874420166016
decode: 81 0 440941 81 0.03819894790649414
decode: 81 0 441022 81 0.03821969032287598
decode: 81 0 441103 81 0.03830862045288086
decode: 81 0 441184 81 0.038315773010253906
decode: 81 0 441265 81 0.0382230281829834
decode: 81 0 441346 81 0.038224220275878906
decode: 81 0 441427 81 0.038274288177490234
decode: 81 0 441508 81 0.0383143424987793
decode: 81 0 441589 81 0.038269758224487305
decode: 81 0 441670 81 0.038239240646362305
decode: 81 0 441751 81 0.03823518753051758
decode: 81 0 441832 81 0.038346052169799805
decode: 79 0 429025 79 0.03715944290161133
mixed: 78 1 423556 2047 0.08172965049743652
mixed: 78 1 425603 2048 0.0903933048248291
mixed: 78 1 427651 2048 0.09604930877685547
mixed: 78 2 429699 2048 0.08767867088317871
mixed: 79 1 431747 2048 0.08840465545654297
mixed: 79 1 433795 2048 0.09437942504882812
mixed: 79 1 435843 1601 0.08750176429748535
decode: 80 0 437524 80 0.037258148193359375
decode: 80 0 437604 80 0.036359310150146484
decode: 80 0 437684 80 0.03616786003112793
decode: 80 0 437764 80 0.03613018989562988
decode: 79 0 433234 79 0.03611397743225098
mixed: 78 1 431013 2047 0.08348846435546875
mixed: 78 1 433060 2048 0.09017777442932129
mixed: 78 1 435108 2048 0.09618782997131348
mixed: 78 2 437156 1638 0.07790923118591309
decode: 80 0 438874 80 0.03991961479187012
decode: 80 0 438954 80 0.0386350154876709
decode: 79 0 429195 79 0.03613924980163574
mixed: 79 2 429195 2048 0.08337879180908203
mixed: 80 1 431243 2048 0.08519768714904785
mixed: 80 1 433291 2048 0.09263372421264648
mixed: 80 1 435339 2048 0.09688472747802734
mixed: 80 1 437387 1122 0.06328940391540527
decode: 81 0 438590 81 0.038770437240600586
decode: 81 0 438671 81 0.03754734992980957
decode: 81 0 438752 81 0.03723931312561035
decode: 81 0 438833 81 0.037210702896118164
decode: 81 0 438914 81 0.037288665771484375
decode: 81 0 438995 81 0.03726935386657715
decode: 81 0 439076 81 0.0372920036315918
decode: 81 0 439157 81 0.037259578704833984
decode: 81 0 439238 81 0.03724169731140137
decode: 80 0 430212 80 0.03615736961364746
mixed: 79 1 425738 2047 0.08207488059997559
mixed: 78 1 422232 2048 0.09005355834960938
mixed: 78 1 424280 2048 0.09531164169311523
mixed: 78 1 426328 2048 0.0997781753540039
mixed: 78 2 428376 2048 0.08378386497497559
mixed: 79 2 430424 2048 0.08366131782531738
mixed: 80 2 432472 2048 0.08365917205810547
mixed: 81 1 434520 2048 0.08986854553222656
mixed: 81 1 436568 1734 0.08896303176879883
decode: 82 0 438384 82 0.0406346321105957
decode: 82 0 438466 82 0.03976178169250488
decode: 82 0 438548 82 0.03960537910461426
decode: 82 0 438630 82 0.03962135314941406
decode: 81 0 436283 81 0.039331912994384766
decode: 81 0 436364 81 0.03943347930908203
decode: 80 0 432191 80 0.03872370719909668
mixed: 80 1 432191 2048 0.08245301246643066
mixed: 80 1 434239 2048 0.09012222290039062
mixed: 80 1 436287 2048 0.09625053405761719
mixed: 80 2 438335 1587 0.07700967788696289
decode: 82 0 440004 82 0.04183197021484375
decode: 82 0 440086 82 0.04060959815979004
decode: 80 0 425351 80 0.03486061096191406
mixed: 80 1 425351 2048 0.08242487907409668
mixed: 80 1 427399 2048 0.08993005752563477
mixed: 80 1 429447 2048 0.09577417373657227
mixed: 80 2 431495 2048 0.08901739120483398
mixed: 81 1 433543 2048 0.08746981620788574
mixed: 81 1 435591 1613 0.08325767517089844
decode: 82 0 437286 82 0.03804492950439453
decode: 82 0 437368 82 0.0372920036315918
decode: 82 0 437450 82 0.03701376914978027
decode: 82 0 437532 82 0.03687572479248047
decode: 82 0 437614 82 0.036823272705078125
decode: 82 0 437696 82 0.03683876991271973
decode: 82 0 437778 82 0.03694772720336914
decode: 82 0 437860 82 0.03727436065673828
decode: 82 0 437942 82 0.037114620208740234
decode: 82 0 438024 82 0.036849021911621094
decode: 82 0 438106 82 0.03728437423706055
decode: 82 0 438188 82 0.03681302070617676
decode: 82 0 438270 82 0.03683662414550781
decode: 82 0 438352 82 0.03677558898925781
decode: 82 0 438434 82 0.03676748275756836
decode: 82 0 438516 82 0.036813974380493164
decode: 82 0 438598 82 0.03708529472351074
decode: 82 0 438680 82 0.03702282905578613
decode: 82 0 438762 82 0.03699469566345215
decode: 82 0 438844 82 0.037507057189941406
decode: 82 0 438926 82 0.036925315856933594
decode: 82 0 439008 82 0.03676033020019531
decode: 82 0 439090 82 0.03675031661987305
decode: 82 0 439172 82 0.03683805465698242
decode: 82 0 439254 82 0.036897897720336914
decode: 82 0 439336 82 0.03713798522949219
decode: 82 0 439418 82 0.037111520767211914
decode: 82 0 439500 82 0.03697395324707031
decode: 82 0 439582 82 0.037288665771484375
decode: 82 0 439664 82 0.03698468208312988
decode: 82 0 439746 82 0.03684878349304199
decode: 82 0 439828 82 0.03680849075317383
decode: 82 0 439910 82 0.03687715530395508
decode: 82 0 439992 82 0.03690075874328613
decode: 82 0 440074 82 0.03734755516052246
decode: 82 0 440156 82 0.03715252876281738
decode: 82 0 440238 82 0.03717803955078125
decode: 82 0 440320 82 0.037648677825927734
decode: 82 0 440402 82 0.03710818290710449
decode: 82 0 440484 82 0.036934852600097656
decode: 82 0 440566 82 0.03688383102416992
decode: 82 0 440648 82 0.03684520721435547
decode: 82 0 440730 82 0.03687548637390137
decode: 81 0 435354 81 0.038541316986083984
mixed: 80 1 429336 2047 0.08289217948913574
mixed: 80 1 431383 2048 0.09021162986755371
mixed: 80 1 433431 2048 0.09472155570983887
mixed: 80 1 435479 917 0.055228233337402344
decode: 81 0 436477 81 0.043495893478393555
decode: 81 0 436558 81 0.04099130630493164
decode: 80 0 432914 80 0.03693532943725586
mixed: 80 1 432914 2048 0.08315777778625488
mixed: 80 1 434962 2048 0.0902700424194336
mixed: 80 1 437010 2048 0.0954749584197998
mixed: 80 1 439058 2048 0.10135650634765625
mixed: 79 1 437979 332 0.03747439384460449
decode: 80 0 438391 80 0.03840351104736328
decode: 80 0 438471 80 0.03819012641906738
decode: 80 0 438551 80 0.038222312927246094
decode: 80 0 438631 80 0.03822684288024902
decode: 80 0 438711 80 0.038259267807006836
decode: 80 0 438791 80 0.03831005096435547
decode: 79 0 431873 79 0.036876678466796875
mixed: 79 1 431873 2048 0.08228206634521484
mixed: 79 1 433921 2048 0.0901482105255127
mixed: 79 2 435969 2048 0.09334111213684082
mixed: 80 1 438017 1309 0.0602116584777832
decode: 81 0 439407 81 0.04307413101196289
decode: 81 0 439488 81 0.04219341278076172
decode: 81 0 439569 81 0.04191017150878906
decode: 81 0 439650 81 0.04187417030334473
decode: 81 0 439731 81 0.04196023941040039
decode: 81 0 439812 81 0.04194140434265137
decode: 81 0 439893 81 0.041938066482543945
decode: 81 0 439974 81 0.04177403450012207
decode: 81 0 440055 81 0.041861534118652344
decode: 81 0 440136 81 0.04187440872192383
decode: 81 0 440217 81 0.04182744026184082
decode: 81 0 440298 81 0.041706085205078125
decode: 81 0 440379 81 0.04170560836791992
decode: 81 0 440460 81 0.04179525375366211
decode: 81 0 440541 81 0.04343533515930176
decode: 81 0 440622 81 0.04193520545959473
decode: 81 0 440703 81 0.04192924499511719
decode: 81 0 440784 81 0.04198741912841797
decode: 81 0 440865 81 0.04173398017883301
decode: 81 0 440946 81 0.04163527488708496
decode: 81 0 441027 81 0.04160308837890625
decode: 81 0 441108 81 0.04158282279968262
decode: 81 0 441189 81 0.041726112365722656
decode: 81 0 441270 81 0.041675567626953125
decode: 81 0 441351 81 0.041651248931884766
decode: 81 0 441432 81 0.04171419143676758
decode: 80 0 437598 80 0.0373990535736084
mixed: 80 1 437598 1936 0.08054137229919434
decode: 81 0 439615 81 0.041751861572265625
decode: 81 0 439696 81 0.04003286361694336
decode: 80 0 435006 80 0.038620948791503906
decode: 80 0 435086 80 0.03858160972595215
decode: 80 0 435166 80 0.038549184799194336
decode: 80 0 435246 80 0.03856635093688965
decode: 80 0 435326 80 0.038602590560913086
decode: 80 0 435406 80 0.038613319396972656
decode: 80 0 435486 80 0.03847694396972656
decode: 80 0 435566 80 0.03837251663208008
decode: 80 0 435646 80 0.03845024108886719
decode: 80 0 435726 80 0.03842616081237793
decode: 80 0 435806 80 0.03841519355773926
decode: 80 0 435886 80 0.038446903228759766
decode: 80 0 435966 80 0.03841209411621094
decode: 80 0 436046 80 0.03847026824951172
decode: 80 0 436126 80 0.03846311569213867
decode: 80 0 436206 80 0.038466453552246094
decode: 80 0 436286 80 0.03896212577819824
decode: 80 0 436366 80 0.03867363929748535
decode: 80 0 436446 80 0.038491010665893555
decode: 80 0 436526 80 0.03845834732055664
decode: 80 0 436606 80 0.038465261459350586
decode: 79 0 431242 79 0.03534889221191406
mixed: 79 1 431242 2048 0.08860945701599121
mixed: 79 1 433290 2048 0.09128570556640625
mixed: 79 1 435338 2048 0.09586119651794434
mixed: 79 2 437386 2048 0.08667588233947754
mixed: 80 1 439434 1624 0.08050203323364258
decode: 81 0 441139 81 0.04124784469604492
decode: 81 0 441220 81 0.0400543212890625
decode: 81 0 441301 81 0.039781808853149414
decode: 81 0 441382 81 0.0397799015045166
decode: 81 0 441463 81 0.03983020782470703
decode: 81 0 441544 81 0.039890289306640625
decode: 81 0 441625 81 0.03985857963562012
decode: 81 0 441706 81 0.03973221778869629
decode: 81 0 441787 81 0.03957843780517578
decode: 81 0 441868 81 0.03958725929260254
decode: 81 0 441949 81 0.039609670639038086
decode: 81 0 442030 81 0.03966188430786133
decode: 81 0 442111 81 0.0397334098815918
decode: 80 0 437449 80 0.03790593147277832
mixed: 80 1 437449 2048 0.08431434631347656
mixed: 79 2 431467 2048 0.08438801765441895
mixed: 80 1 433515 2048 0.08917713165283203
mixed: 80 1 435563 400 0.03920125961303711
decode: 81 0 436044 81 0.03957033157348633
decode: 81 0 436125 81 0.039424896240234375
decode: 81 0 436206 81 0.03944063186645508
decode: 81 0 436287 81 0.039429426193237305
decode: 81 0 436368 81 0.03956317901611328
decode: 81 0 436449 81 0.039556026458740234
decode: 81 0 436530 81 0.0394444465637207
decode: 81 0 436611 81 0.03924155235290527
decode: 81 0 436692 81 0.03928422927856445
decode: 81 0 436773 81 0.03932929039001465
decode: 81 0 436854 81 0.039255380630493164
decode: 81 0 436935 81 0.039350032806396484
decode: 81 0 437016 81 0.03935599327087402
decode: 81 0 437097 81 0.0392611026763916
decode: 81 0 437178 81 0.039286136627197266
decode: 81 0 437259 81 0.03927779197692871
decode: 81 0 437340 81 0.03936457633972168
decode: 81 0 437421 81 0.039389848709106445
decode: 81 0 437502 81 0.03930234909057617
decode: 80 0 433717 80 0.03699946403503418
decode: 80 0 433797 80 0.03709530830383301
decode: 79 0 424092 79 0.036815643310546875
mixed: 79 1 424092 2048 0.08057427406311035
mixed: 79 1 426140 2048 0.08953690528869629
mixed: 79 1 428188 2048 0.09509849548339844
mixed: 79 1 430236 2048 0.10189580917358398
mixed: 79 2 432284 2048 0.08341002464294434
mixed: 80 2 434332 2048 0.08645319938659668
mixed: 81 1 436380 1496 0.07378101348876953
decode: 82 0 437958 82 0.04177522659301758
decode: 82 0 438040 82 0.040808677673339844
decode: 82 0 438122 82 0.04068470001220703
decode: 82 0 438204 82 0.04067087173461914
decode: 82 0 438286 82 0.04059243202209473
decode: 82 0 438368 82 0.0406343936920166
decode: 82 0 438450 82 0.04072833061218262
decode: 81 0 431620 81 0.04003429412841797
mixed: 81 1 431620 2048 0.0833742618560791
mixed: 81 2 433668 2048 0.08514690399169922
mixed: 82 1 435716 365 0.03707742691040039
decode: 83 0 436164 83 0.04020047187805176
decode: 83 0 436247 83 0.04001569747924805
decode: 83 0 436330 83 0.04001593589782715
decode: 83 0 436413 83 0.04001593589782715
decode: 83 0 436496 83 0.040014028549194336
decode: 83 0 436579 83 0.04003620147705078
decode: 83 0 436662 83 0.04000377655029297
decode: 83 0 436745 83 0.039815664291381836
decode: 83 0 436828 83 0.039872169494628906
decode: 83 0 436911 83 0.03998923301696777
decode: 83 0 436994 83 0.03992938995361328
decode: 83 0 437077 83 0.03988289833068848
decode: 83 0 437160 83 0.03992867469787598
decode: 83 0 437243 83 0.03998136520385742
decode: 83 0 437326 83 0.039971113204956055
decode: 83 0 437409 83 0.039884328842163086
decode: 83 0 437492 83 0.03982138633728027
decode: 83 0 437575 83 0.03989386558532715
decode: 83 0 437658 83 0.03999733924865723
decode: 83 0 437741 83 0.03996467590332031
decode: 83 0 437824 83 0.039903879165649414
decode: 83 0 437907 83 0.0399014949798584
decode: 83 0 437990 83 0.04000377655029297
decode: 83 0 438073 83 0.0400233268737793
decode: 83 0 438156 83 0.03993678092956543
decode: 83 0 438239 83 0.03991293907165527
decode: 83 0 438322 83 0.039942264556884766
decode: 83 0 438405 83 0.040033817291259766
decode: 83 0 438488 83 0.040023088455200195
decode: 83 0 438571 83 0.03992176055908203
decode: 83 0 438654 83 0.03993988037109375
decode: 83 0 438737 83 0.04002213478088379
decode: 82 0 430587 82 0.04121804237365723
mixed: 82 1 430587 2048 0.08271670341491699
mixed: 82 1 432635 2048 0.09039735794067383
mixed: 82 1 434683 132 0.030470609664916992
decode: 83 0 434898 83 0.04184746742248535
decode: 83 0 434981 83 0.04145503044128418
decode: 83 0 435064 83 0.04132962226867676
decode: 83 0 435147 83 0.041319847106933594
decode: 83 0 435230 83 0.04134988784790039
decode: 83 0 435313 83 0.04142451286315918
decode: 83 0 435396 83 0.04139208793640137
decode: 83 0 435479 83 0.04127931594848633
decode: 83 0 435562 83 0.041192054748535156
decode: 83 0 435645 83 0.04116177558898926
decode: 82 0 426970 82 0.03978681564331055
mixed: 82 1 426970 2048 0.08314323425292969
mixed: 82 1 429018 2048 0.08980631828308105
mixed: 82 1 431066 2048 0.09527087211608887
mixed: 82 2 433114 2048 0.08864641189575195
mixed: 83 1 435162 2048 0.08982729911804199
mixed: 83 1 437210 2048 0.09480786323547363
mixed: 83 1 439258 1301 0.06850481033325195
decode: 84 0 440643 84 0.04320168495178223
decode: 84 0 440727 84 0.041719913482666016
decode: 84 0 440811 84 0.04142594337463379
decode: 84 0 440895 84 0.041503190994262695
decode: 84 0 440979 84 0.041510820388793945
decode: 84 0 441063 84 0.04148983955383301
decode: 84 0 441147 84 0.041496992111206055
decode: 84 0 441231 84 0.041443586349487305
decode: 84 0 441315 84 0.04130816459655762
decode: 84 0 441399 84 0.04132843017578125
decode: 84 0 441483 84 0.041289567947387695
decode: 84 0 441567 84 0.04130268096923828
decode: 84 0 441651 84 0.04121136665344238
decode: 84 0 441735 84 0.04123973846435547
decode: 84 0 441819 84 0.04132556915283203
decode: 84 0 441903 84 0.041335344314575195
decode: 84 0 441987 84 0.041243791580200195
decode: 83 0 435528 83 0.04178476333618164
mixed: 83 1 435528 2048 0.08260011672973633
mixed: 83 1 437576 1844 0.0858306884765625
decode: 84 0 439504 84 0.04413890838623047
decode: 84 0 439588 84 0.042395830154418945
decode: 84 0 439672 84 0.04208254814147949
decode: 83 0 435818 83 0.04163503646850586
mixed: 83 1 435818 2048 0.08367609977722168
mixed: 83 1 437866 1425 0.07579207420349121
decode: 84 0 439375 84 0.04289746284484863
decode: 83 0 433225 83 0.041759490966796875
mixed: 83 1 433225 2048 0.08288407325744629
mixed: 82 1 433025 2048 0.09002256393432617
mixed: 82 2 435073 2048 0.08965516090393066
mixed: 83 1 437121 802 0.04784345626831055
decode: 84 0 438007 84 0.039788007736206055
decode: 84 0 438091 84 0.03908944129943848
decode: 84 0 438175 84 0.03907275199890137
decode: 84 0 438259 84 0.03914213180541992
decode: 84 0 438343 84 0.03917384147644043
decode: 84 0 438427 84 0.03916788101196289
decode: 84 0 438511 84 0.03919553756713867
decode: 84 0 438595 84 0.03913378715515137
decode: 83 0 436214 83 0.039812564849853516
decode: 83 0 436297 83 0.03977489471435547
decode: 83 0 436380 83 0.03977680206298828
decode: 83 0 436463 83 0.03984689712524414
decode: 83 0 436546 83 0.039778947830200195
decode: 83 0 436629 83 0.039766550064086914
decode: 83 0 436712 83 0.0397951602935791
decode: 83 0 436795 83 0.039850711822509766
decode: 83 0 436878 83 0.03987383842468262
decode: 83 0 436961 83 0.03970527648925781
decode: 83 0 437044 83 0.03975200653076172
decode: 83 0 437127 83 0.03984570503234863
decode: 83 0 437210 83 0.03991532325744629
decode: 83 0 437293 83 0.03985905647277832
decode: 83 0 437376 83 0.03979063034057617
decode: 83 0 437459 83 0.03981471061706543
decode: 83 0 437542 83 0.039888620376586914
decode: 83 0 437625 83 0.039870500564575195
decode: 83 0 437708 83 0.03983187675476074
decode: 83 0 437791 83 0.03983759880065918
decode: 83 0 437874 83 0.03990936279296875
decode: 83 0 437957 83 0.039926767349243164
decode: 83 0 438040 83 0.03991866111755371
decode: 83 0 438123 83 0.03980398178100586
decode: 83 0 438206 83 0.03984785079956055
decode: 83 0 438289 83 0.03991246223449707
decode: 83 0 438372 83 0.03991580009460449
decode: 82 0 432654 82 0.03982353210449219
decode: 82 0 432736 82 0.03976178169250488
decode: 82 0 432818 82 0.039801836013793945
decode: 82 0 432900 82 0.039769649505615234
decode: 82 0 432982 82 0.039801597595214844
decode: 82 0 433064 82 0.03992056846618652
decode: 82 0 433146 82 0.039879560470581055
decode: 82 0 433228 82 0.039795637130737305
decode: 82 0 433310 82 0.03981614112854004
decode: 82 0 433392 82 0.03991103172302246
decode: 82 0 433474 82 0.039949655532836914
decode: 82 0 433556 82 0.039879798889160156
decode: 82 0 433638 82 0.03983044624328613
decode: 82 0 433720 82 0.03985738754272461
decode: 82 0 433802 82 0.03990030288696289
decode: 82 0 433884 82 0.03993940353393555
decode: 82 0 433966 82 0.03985166549682617
decode: 82 0 434048 82 0.03986096382141113
decode: 82 0 434130 82 0.03987407684326172
decode: 82 0 434212 82 0.03987860679626465
decode: 82 0 434294 82 0.039879798889160156
decode: 82 0 434376 82 0.040007829666137695
decode: 82 0 434458 82 0.039998531341552734
decode: 82 0 434540 82 0.03987550735473633
decode: 82 0 434622 82 0.03989696502685547
decode: 82 0 434704 82 0.040019989013671875
decode: 82 0 434786 82 0.03997969627380371
decode: 82 0 434868 82 0.03989887237548828
decode: 82 0 434950 82 0.03986644744873047
decode: 82 0 435032 82 0.03992748260498047
decode: 82 0 435114 82 0.04001307487487793
decode: 82 0 435196 82 0.040007591247558594
decode: 82 0 435278 82 0.03994488716125488
decode: 82 0 435360 82 0.03992605209350586
decode: 82 0 435442 82 0.03998970985412598
decode: 82 0 435524 82 0.040017127990722656
decode: 82 0 435606 82 0.04001784324645996
decode: 82 0 435688 82 0.039919376373291016
decode: 81 0 430913 81 0.03999495506286621
mixed: 81 1 430913 2048 0.08031558990478516
mixed: 80 1 426773 2048 0.08949160575866699
mixed: 80 1 428821 2048 0.09544539451599121
mixed: 80 1 430869 2048 0.10086917877197266
mixed: 79 2 424350 2048 0.08295702934265137
mixed: 80 2 426398 2048 0.08399415016174316
mixed: 81 2 428446 2048 0.08365511894226074
mixed: 82 1 430494 2048 0.08778738975524902
mixed: 82 2 432542 2048 0.08480572700500488
mixed: 83 1 434590 2048 0.0902395248413086
mixed: 82 2 431953 2048 0.08900332450866699
mixed: 83 1 434001 2048 0.08701252937316895
mixed: 83 1 436049 2048 0.0927584171295166
mixed: 83 1 438097 647 0.04890036582946777
decode: 84 0 438828 84 0.0411982536315918
decode: 84 0 438912 84 0.04049253463745117
decode: 83 0 430723 83 0.038828372955322266
mixed: 83 1 430723 2048 0.08596944808959961
mixed: 83 1 432771 2048 0.09040307998657227
mixed: 83 2 434819 2048 0.08946585655212402
mixed: 84 1 436867 2048 0.08610224723815918
mixed: 84 1 438915 1244 0.05950212478637695
decode: 85 0 440244 85 0.042337656021118164
decode: 85 0 440329 85 0.041156768798828125
decode: 85 0 440414 85 0.04108548164367676
decode: 85 0 440499 85 0.04088902473449707
decode: 85 0 440584 85 0.04085969924926758
decode: 85 0 440669 85 0.04085397720336914
decode: 85 0 440754 85 0.0408940315246582
decode: 85 0 440839 85 0.040823936462402344
decode: 85 0 440924 85 0.040746450424194336
decode: 85 0 441009 85 0.04065561294555664
decode: 84 0 433688 84 0.0379183292388916
mixed: 84 1 433688 2048 0.08469772338867188
mixed: 83 1 433625 966 0.051171302795410156
decode: 84 0 434675 84 0.03735971450805664
decode: 84 0 434759 84 0.036458730697631836
decode: 84 0 434843 84 0.03619670867919922
decode: 84 0 434927 84 0.03620576858520508
decode: 84 0 435011 84 0.03622102737426758
decode: 84 0 435095 84 0.03620147705078125
decode: 84 0 435179 84 0.036225080490112305
decode: 84 0 435263 84 0.036203861236572266
decode: 84 0 435347 84 0.0361943244934082
decode: 84 0 435431 84 0.03606104850769043
decode: 84 0 435515 84 0.03605532646179199
decode: 84 0 435599 84 0.03609490394592285
decode: 84 0 435683 84 0.036034584045410156
decode: 83 0 427577 83 0.038620948791503906
mixed: 83 1 427577 2048 0.08366656303405762
mixed: 83 1 429625 2048 0.09093379974365234
mixed: 83 1 431673 2048 0.09603261947631836
mixed: 83 2 433721 2048 0.09249687194824219
mixed: 84 1 435769 2048 0.08648157119750977
mixed: 84 1 437817 830 0.05047297477722168
decode: 85 0 438732 85 0.03880643844604492
decode: 85 0 438817 85 0.038239479064941406
decode: 85 0 438902 85 0.03816485404968262
decode: 85 0 438987 85 0.0382227897644043
decode: 85 0 439072 85 0.038227081298828125
decode: 85 0 439157 85 0.038246870040893555
decode: 85 0 439242 85 0.03818368911743164
decode: 85 0 439327 85 0.038086891174316406
decode: 85 0 439412 85 0.037947893142700195
decode: 85 0 439497 85 0.0379796028137207
decode: 85 0 439582 85 0.038017988204956055
decode: 85 0 439667 85 0.03806638717651367
decode: 85 0 439752 85 0.03809547424316406
decode: 85 0 439837 85 0.038106679916381836
decode: 85 0 439922 85 0.03803277015686035
decode: 85 0 440007 85 0.03805041313171387
decode: 85 0 440092 85 0.03818678855895996
decode: 85 0 440177 85 0.0380704402923584
decode: 85 0 440262 85 0.03800606727600098
decode: 85 0 440347 85 0.03799009323120117
decode: 85 0 440432 85 0.03807950019836426
decode: 85 0 440517 85 0.03809046745300293
decode: 85 0 440602 85 0.03813505172729492
decode: 85 0 440687 85 0.03801083564758301
decode: 85 0 440772 85 0.038031816482543945
decode: 85 0 440857 85 0.038153648376464844
decode: 85 0 440942 85 0.03816843032836914
decode: 85 0 441027 85 0.0380861759185791
decode: 84 0 433061 84 0.03893399238586426
mixed: 84 1 433061 2048 0.08290791511535645
mixed: 84 1 435109 2048 0.09130048751831055
mixed: 84 1 437157 2048 0.09649491310119629
mixed: 84 1 439205 2048 0.10128617286682129
mixed: 84 1 441253 188 0.03132963180541992
decode: 85 0 441526 85 0.03857541084289551
decode: 85 0 441611 85 0.038134098052978516
decode: 85 0 441696 85 0.0380399227142334
decode: 85 0 441781 85 0.03800201416015625
decode: 85 0 441866 85 0.0381166934967041
decode: 85 0 441951 85 0.03802156448364258
decode: 84 0 434988 84 0.039206504821777344
mixed: 84 1 434988 2048 0.08438277244567871
mixed: 84 1 437036 2048 0.08988308906555176
mixed: 84 1 439084 975 0.053919315338134766
decode: 85 0 440144 85 0.042066335678100586
decode: 85 0 440229 85 0.03961181640625
decode: 83 0 426291 83 0.04162025451660156
mixed: 83 1 426291 2048 0.08359313011169434
mixed: 83 2 428339 2048 0.0867455005645752
mixed: 84 1 430387 2048 0.08626341819763184
mixed: 84 1 432435 2048 0.0921940803527832
mixed: 84 1 434483 2048 0.09710955619812012
mixed: 84 1 436531 268 0.03621268272399902
decode: 85 0 436884 85 0.039520263671875
decode: 85 0 436969 85 0.03927350044250488
decode: 85 0 437054 85 0.03926515579223633
decode: 85 0 437139 85 0.039267778396606445
decode: 85 0 437224 85 0.0392918586730957
decode: 85 0 437309 85 0.03933429718017578
decode: 85 0 437394 85 0.03930544853210449
decode: 85 0 437479 85 0.03916764259338379
decode: 84 0 430152 84 0.03945159912109375
mixed: 84 1 430152 2048 0.08117437362670898
mixed: 84 1 432200 2048 0.0905005931854248
mixed: 83 1 426632 2048 0.09522557258605957
mixed: 82 2 425964 2048 0.0944356918334961
mixed: 83 1 428012 2048 0.08489394187927246
mixed: 83 1 430060 2048 0.09146332740783691
mixed: 83 2 432108 2048 0.09096789360046387
mixed: 84 1 434156 2048 0.08605813980102539
mixed: 84 1 436204 2048 0.09208369255065918
mixed: 84 1 438252 1534 0.08167505264282227
decode: 85 0 439871 85 0.04259896278381348
decode: 83 0 429936 83 0.04217052459716797
mixed: 83 1 429936 2048 0.08397293090820312
mixed: 83 1 431984 1269 0.05881071090698242
decode: 84 0 433337 84 0.04301142692565918
decode: 84 0 433421 84 0.04227042198181152
decode: 84 0 433505 84 0.04201149940490723
decode: 84 0 433589 84 0.04199361801147461
decode: 84 0 433673 84 0.041939735412597656
decode: 84 0 433757 84 0.04194140434265137
decode: 84 0 433841 84 0.04201626777648926
decode: 84 0 433925 84 0.04204106330871582
decode: 84 0 434009 84 0.041852712631225586
decode: 84 0 434093 84 0.04183387756347656
decode: 84 0 434177 84 0.04176831245422363
decode: 84 0 434261 84 0.04175734519958496
decode: 84 0 434345 84 0.041803836822509766
decode: 84 0 434429 84 0.041869163513183594
decode: 84 0 434513 84 0.041837215423583984
decode: 84 0 434597 84 0.041782379150390625
decode: 84 0 434681 84 0.04177045822143555
decode: 83 0 427053 83 0.04026174545288086
mixed: 83 1 427053 2048 0.08303308486938477
mixed: 83 2 429101 2048 0.08447408676147461
mixed: 84 2 431149 2048 0.08787059783935547
mixed: 85 1 433197 2048 0.08479762077331543
mixed: 85 1 435245 704 0.046722412109375
decode: 86 0 436035 86 0.041243791580200195
decode: 86 0 436121 86 0.04100489616394043
decode: 86 0 436207 86 0.04079794883728027
decode: 86 0 436293 86 0.04117393493652344
decode: 86 0 436379 86 0.04060196876525879
decode: 86 0 436465 86 0.0405278205871582
decode: 86 0 436551 86 0.04048967361450195
decode: 86 0 436637 86 0.04029536247253418
decode: 86 0 436723 86 0.040378570556640625
decode: 86 0 436809 86 0.04076504707336426
decode: 86 0 436895 86 0.04064130783081055
decode: 86 0 436981 86 0.040436506271362305
decode: 86 0 437067 86 0.040437936782836914
decode: 86 0 437153 86 0.04032754898071289
decode: 86 0 437239 86 0.04033064842224121
decode: 86 0 437325 86 0.04039907455444336
decode: 86 0 437411 86 0.04044175148010254
decode: 86 0 437497 86 0.04181504249572754
decode: 86 0 437583 86 0.04070091247558594
decode: 86 0 437669 86 0.04050946235656738
decode: 86 0 437755 86 0.040564775466918945
decode: 86 0 437841 86 0.04042840003967285
decode: 86 0 437927 86 0.04038810729980469
decode: 86 0 438013 86 0.040482282638549805
decode: 86 0 438099 86 0.04046773910522461
decode: 86 0 438185 86 0.04046940803527832
decode: 86 0 438271 86 0.041396379470825195
decode: 86 0 438357 86 0.04075765609741211
decode: 86 0 438443 86 0.04053473472595215
decode: 86 0 438529 86 0.040622711181640625
decode: 86 0 438615 86 0.04046988487243652
decode: 86 0 438701 86 0.040513038635253906
decode: 86 0 438787 86 0.0404963493347168
decode: 86 0 438873 86 0.04048943519592285
decode: 86 0 438959 86 0.040494441986083984
decode: 86 0 439045 86 0.04058384895324707
decode: 86 0 439131 86 0.04085803031921387
decode: 86 0 439217 86 0.04083847999572754
decode: 86 0 439303 86 0.04116535186767578
decode: 86 0 439389 86 0.04061436653137207
decode: 86 0 439475 86 0.04052877426147461
decode: 86 0 439561 86 0.0404658317565918
decode: 86 0 439647 86 0.04047560691833496
decode: 86 0 439733 86 0.04047441482543945
decode: 86 0 439819 86 0.04082369804382324
decode: 86 0 439905 86 0.040694475173950195
decode: 86 0 439991 86 0.0406951904296875
decode: 86 0 440077 86 0.04085946083068848
decode: 86 0 440163 86 0.04070019721984863
decode: 86 0 440249 86 0.04121708869934082
decode: 86 0 440335 86 0.04068636894226074
decode: 86 0 440421 86 0.04059100151062012
decode: 86 0 440507 86 0.04053688049316406
decode: 86 0 440593 86 0.04054546356201172
decode: 86 0 440679 86 0.040610313415527344
decode: 86 0 440765 86 0.0409541130065918
decode: 86 0 440851 86 0.04080057144165039
decode: 86 0 440937 86 0.04064655303955078
decode: 86 0 441023 86 0.0407562255859375
decode: 86 0 441109 86 0.04062604904174805
decode: 86 0 441195 86 0.04059457778930664
decode: 86 0 441281 86 0.04071545600891113
decode: 86 0 441367 86 0.04069328308105469
decode: 86 0 441453 86 0.040635108947753906
decode: 86 0 441539 86 0.040700674057006836
decode: 86 0 441625 86 0.04069828987121582
decode: 86 0 441711 86 0.0407257080078125
decode: 86 0 441797 86 0.040814876556396484
decode: 86 0 441883 86 0.040816545486450195
decode: 86 0 441969 86 0.040776968002319336
decode: 86 0 442055 86 0.040750980377197266
decode: 86 0 442141 86 0.040734291076660156
decode: 86 0 442227 86 0.040923118591308594
decode: 86 0 442313 86 0.0408632755279541
decode: 85 0 434566 85 0.040990352630615234
mixed: 85 1 434566 2048 0.0842435359954834
mixed: 85 1 436614 2048 0.09080791473388672
mixed: 85 1 438662 1855 0.09091424942016602
decode: 84 0 435466 84 0.03997635841369629
decode: 84 0 435550 84 0.03849935531616211
decode: 84 0 435634 84 0.03831148147583008
decode: 84 0 435718 84 0.038266897201538086
decode: 84 0 435802 84 0.038184404373168945
decode: 84 0 435886 84 0.03811168670654297
decode: 84 0 435970 84 0.03812861442565918
decode: 84 0 436054 84 0.03812122344970703
decode: 84 0 436138 84 0.03781723976135254
decode: 84 0 436222 84 0.03779172897338867
decode: 84 0 436306 84 0.037961483001708984
decode: 84 0 436390 84 0.038023948669433594
decode: 83 0 430609 83 0.038968801498413086
mixed: 83 1 430609 2048 0.08134317398071289
mixed: 83 1 432657 2048 0.09053993225097656
mixed: 83 1 434705 1979 0.09447836875915527
decode: 84 0 436768 84 0.04043006896972656
decode: 84 0 436852 84 0.03940987586975098
decode: 84 0 436936 84 0.03919506072998047
decode: 84 0 437020 84 0.039307594299316406
decode: 84 0 437104 84 0.0392153263092041
decode: 84 0 437188 84 0.03906989097595215
decode: 84 0 437272 84 0.03911304473876953
decode: 84 0 437356 84 0.03909587860107422
decode: 84 0 437440 84 0.038842201232910156
decode: 84 0 437524 84 0.03894829750061035
decode: 84 0 437608 84 0.03900480270385742
decode: 84 0 437692 84 0.039099931716918945
decode: 84 0 437776 84 0.03908276557922363
decode: 84 0 437860 84 0.03902077674865723
decode: 84 0 437944 84 0.0389857292175293
decode: 84 0 438028 84 0.03897833824157715
decode: 84 0 438112 84 0.039003849029541016
decode: 84 0 438196 84 0.03907275199890137
decode: 84 0 438280 84 0.03906440734863281
decode: 84 0 438364 84 0.03910326957702637
decode: 84 0 438448 84 0.03907322883605957
decode: 84 0 438532 84 0.039017677307128906
decode: 84 0 438616 84 0.039072513580322266
decode: 84 0 438700 84 0.03910422325134277
decode: 84 0 438784 84 0.03902888298034668
decode: 84 0 438868 84 0.03903532028198242
decode: 84 0 438952 84 0.03904414176940918
decode: 84 0 439036 84 0.03906440734863281
decode: 84 0 439120 84 0.03917384147644043
decode: 83 0 431785 83 0.03945589065551758
mixed: 83 1 431785 2048 0.08414840698242188
mixed: 83 1 433833 2048 0.09380269050598145
mixed: 83 1 435881 977 0.05343151092529297
decode: 84 0 436942 84 0.04018902778625488
decode: 84 0 437026 84 0.0391087532043457
decode: 84 0 437110 84 0.03831934928894043
decode: 84 0 437194 84 0.03821539878845215
decode: 84 0 437278 84 0.03817439079284668
decode: 84 0 437362 84 0.03820371627807617
decode: 84 0 437446 84 0.03824925422668457
decode: 84 0 437530 84 0.03823995590209961
decode: 84 0 437614 84 0.03822898864746094
decode: 84 0 437698 84 0.038160085678100586
decode: 84 0 437782 84 0.03808450698852539
decode: 84 0 437866 84 0.03808736801147461
decode: 84 0 437950 84 0.03811001777648926
decode: 84 0 438034 84 0.038168907165527344
decode: 84 0 438118 84 0.038073062896728516
decode: 84 0 438202 84 0.03802061080932617
decode: 84 0 438286 84 0.03809165954589844
decode: 84 0 438370 84 0.038137197494506836
decode: 84 0 438454 84 0.03818392753601074
decode: 83 0 431721 83 0.040236473083496094
mixed: 83 1 431721 2048 0.08400559425354004
mixed: 83 1 433769 902 0.05123305320739746
decode: 84 0 434755 84 0.04186224937438965
decode: 84 0 434839 84 0.040791988372802734
decode: 84 0 434923 84 0.04047107696533203
decode: 84 0 435007 84 0.04048967361450195
decode: 84 0 435091 84 0.04055166244506836
decode: 84 0 435175 84 0.040532588958740234
decode: 84 0 435259 84 0.04051661491394043
decode: 84 0 435343 84 0.040513038635253906
decode: 84 0 435427 84 0.040372610092163086
decode: 84 0 435511 84 0.04031848907470703
decode: 84 0 435595 84 0.040322065353393555
decode: 84 0 435679 84 0.04034113883972168
decode: 84 0 435763 84 0.0403294563293457
decode: 84 0 435847 84 0.040288686752319336
decode: 84 0 435931 84 0.04028940200805664
decode: 84 0 436015 84 0.04032111167907715
decode: 84 0 436099 84 0.04036307334899902
decode: 84 0 436183 84 0.040331363677978516
decode: 84 0 436267 84 0.04030895233154297
decode: 84 0 436351 84 0.040329694747924805
decode: 84 0 436435 84 0.04039740562438965
decode: 84 0 436519 84 0.04044079780578613
decode: 84 0 436603 84 0.04034781455993652
decode: 84 0 436687 84 0.04033827781677246
decode: 84 0 436771 84 0.040326595306396484
decode: 84 0 436855 84 0.04034233093261719
decode: 84 0 436939 84 0.04037833213806152
decode: 84 0 437023 84 0.04043436050415039
decode: 84 0 437107 84 0.0404512882232666
decode: 84 0 437191 84 0.04035782814025879
decode: 84 0 437275 84 0.04039764404296875
decode: 84 0 437359 84 0.040429115295410156
decode: 84 0 437443 84 0.040441036224365234
decode: 84 0 437527 84 0.04046130180358887
decode: 84 0 437611 84 0.04036450386047363
decode: 83 0 434753 83 0.038007259368896484
mixed: 83 1 434753 2048 0.08271908760070801
mixed: 83 1 436801 2048 0.09086966514587402
mixed: 83 1 438849 919 0.05365943908691406
decode: 84 0 439852 84 0.040825605392456055
decode: 84 0 439936 84 0.03891324996948242
decode: 84 0 440020 84 0.0382997989654541
decode: 84 0 440104 84 0.03821706771850586
decode: 84 0 440188 84 0.03828239440917969
decode: 83 0 436537 83 0.038063764572143555
decode: 83 0 436620 83 0.0381166934967041
decode: 83 0 436703 83 0.03818845748901367
decode: 83 0 436786 83 0.03788900375366211
decode: 83 0 436869 83 0.037793874740600586
decode: 83 0 436952 83 0.03804349899291992
decode: 83 0 437035 83 0.03800082206726074
decode: 83 0 437118 83 0.03789806365966797
decode: 83 0 437201 83 0.03794693946838379
decode: 83 0 437284 83 0.03791379928588867
decode: 83 0 437367 83 0.037994384765625
decode: 83 0 437450 83 0.03801870346069336
decode: 83 0 437533 83 0.03788566589355469
decode: 83 0 437616 83 0.03792905807495117
decode: 82 0 432509 82 0.03964996337890625
mixed: 82 1 432509 2048 0.08071517944335938
mixed: 82 1 434557 2048 0.09070682525634766
mixed: 82 1 436605 2048 0.09505391120910645
mixed: 82 1 438653 1872 0.09516596794128418
decode: 83 0 440608 83 0.03960371017456055
decode: 83 0 440691 83 0.0383760929107666
decode: 83 0 440774 83 0.038075923919677734
decode: 83 0 440857 83 0.03808307647705078
decode: 83 0 440940 83 0.03816080093383789
decode: 83 0 441023 83 0.038193464279174805
decode: 83 0 441106 83 0.03817033767700195
decode: 83 0 441189 83 0.03809809684753418
decode: 83 0 441272 83 0.037978410720825195
decode: 83 0 441355 83 0.037938833236694336
decode: 83 0 441438 83 0.03791618347167969
decode: 83 0 441521 83 0.03798651695251465
decode: 83 0 441604 83 0.03802776336669922
decode: 83 0 441687 83 0.03800201416015625
decode: 83 0 441770 83 0.03793144226074219
decode: 83 0 441853 83 0.037953853607177734
decode: 83 0 441936 83 0.03803896903991699
decode: 83 0 442019 83 0.03803372383117676
decode: 83 0 442102 83 0.03799843788146973
decode: 83 0 442185 83 0.038042545318603516
decode: 83 0 442268 83 0.037973880767822266
decode: 83 0 442351 83 0.038053035736083984
decode: 82 0 436378 82 0.03716683387756348
decode: 82 0 436460 82 0.03709983825683594
decode: 82 0 436542 82 0.03704500198364258
decode: 82 0 436624 82 0.03713202476501465
decode: 81 0 427400 81 0.03769087791442871
mixed: 81 1 427400 2048 0.08294034004211426
mixed: 81 1 429448 2048 0.09045124053955078
mixed: 81 2 431496 2048 0.09112048149108887
mixed: 82 1 433544 2048 0.08571434020996094
mixed: 82 1 435592 2048 0.09215426445007324
mixed: 82 1 437640 2048 0.09710097312927246
mixed: 82 1 439688 1727 0.09247779846191406
decode: 83 0 441498 83 0.03921151161193848
decode: 83 0 441581 83 0.03794240951538086
decode: 83 0 441664 83 0.03757357597351074
decode: 83 0 441747 83 0.037609100341796875
decode: 82 0 435772 82 0.03753209114074707
decode: 82 0 435854 82 0.03754067420959473
decode: 82 0 435936 82 0.037394046783447266
decode: 82 0 436018 82 0.037413835525512695
decode: 82 0 436100 82 0.037470102310180664
decode: 82 0 436182 82 0.03742551803588867
decode: 82 0 436264 82 0.037334442138671875
decode: 81 0 432620 81 0.03909802436828613
decode: 81 0 432701 81 0.03910183906555176
decode: 81 0 432782 81 0.03913736343383789
decode: 81 0 432863 81 0.0391535758972168
decode: 80 0 429021 80 0.03587937355041504
decode: 80 0 429101 80 0.03588104248046875
decode: 80 0 429181 80 0.035883188247680664
decode: 80 0 429261 80 0.035927534103393555
decode: 80 0 429341 80 0.03597140312194824
decode: 80 0 429421 80 0.03589463233947754
decode: 80 0 429501 80 0.03587651252746582
decode: 80 0 429581 80 0.03600645065307617
decode: 80 0 429661 80 0.03597116470336914
decode: 80 0 429741 80 0.03597593307495117
decode: 80 0 429821 80 0.03589177131652832
decode: 80 0 429901 80 0.03591156005859375
decode: 80 0 429981 80 0.03591036796569824
decode: 80 0 430061 80 0.03603720664978027
decode: 80 0 430141 80 0.03598809242248535
decode: 80 0 430221 80 0.03591489791870117
decode: 80 0 430301 80 0.0359654426574707
decode: 80 0 430381 80 0.035954952239990234
decode: 80 0 430461 80 0.036060333251953125
decode: 80 0 430541 80 0.03602337837219238
decode: 80 0 430621 80 0.03590893745422363
decode: 80 0 430701 80 0.03591609001159668
decode: 80 0 430781 80 0.03597569465637207
decode: 79 0 425702 79 0.03586077690124512
mixed: 79 1 425702 2048 0.08014464378356934
mixed: 79 1 427750 2048 0.09093976020812988
mixed: 79 1 429798 737 0.048660993576049805
decode: 80 0 430615 80 0.03651118278503418
decode: 80 0 430695 80 0.03598928451538086
decode: 80 0 430775 80 0.03599715232849121
decode: 80 0 430855 80 0.036041975021362305
decode: 80 0 430935 80 0.036036014556884766
decode: 80 0 431015 80 0.03603196144104004
decode: 80 0 431095 80 0.03602290153503418
decode: 80 0 431175 80 0.036125898361206055
decode: 80 0 431255 80 0.03604245185852051
decode: 80 0 431335 80 0.03598928451538086
decode: 80 0 431415 80 0.03581380844116211
decode: 80 0 431495 80 0.035773515701293945
decode: 80 0 431575 80 0.03587675094604492
decode: 80 0 431655 80 0.03594613075256348
decode: 80 0 431735 80 0.03591418266296387
decode: 80 0 431815 80 0.035837650299072266
decode: 80 0 431895 80 0.03589296340942383
decode: 80 0 431975 80 0.035933494567871094
decode: 80 0 432055 80 0.035944461822509766
decode: 80 0 432135 80 0.03592658042907715
decode: 80 0 432215 80 0.03584766387939453
decode: 80 0 432295 80 0.03592252731323242
decode: 80 0 432375 80 0.03599190711975098
decode: 80 0 432455 80 0.035984039306640625
decode: 80 0 432535 80 0.0359492301940918
decode: 80 0 432615 80 0.035921335220336914
decode: 80 0 432695 80 0.03590035438537598
decode: 80 0 432775 80 0.03595256805419922
decode: 80 0 432855 80 0.036003828048706055
decode: 80 0 432935 80 0.0359654426574707
decode: 80 0 433015 80 0.03591465950012207
decode: 80 0 433095 80 0.035932064056396484
decode: 80 0 433175 80 0.03602433204650879
decode: 80 0 433255 80 0.036052703857421875
decode: 80 0 433335 80 0.0359804630279541
decode: 80 0 433415 80 0.03592395782470703
decode: 80 0 433495 80 0.03593921661376953
decode: 80 0 433575 80 0.03605055809020996
decode: 80 0 433655 80 0.036039113998413086
decode: 80 0 433735 80 0.03599357604980469
decode: 80 0 433815 80 0.03597617149353027
decode: 80 0 433895 80 0.035988807678222656
decode: 80 0 433975 80 0.03611183166503906
decode: 80 0 434055 80 0.03604888916015625
decode: 80 0 434135 80 0.036045074462890625
decode: 80 0 434215 80 0.03603672981262207
decode: 80 0 434295 80 0.03603005409240723
decode: 80 0 434375 80 0.0361025333404541
decode: 80 0 434455 80 0.03609871864318848
decode: 80 0 434535 80 0.036063432693481445
decode: 80 0 434615 80 0.03602480888366699
decode: 80 0 434695 80 0.03601837158203125
decode: 80 0 434775 80 0.0361330509185791
decode: 80 0 434855 80 0.03613734245300293
decode: 80 0 434935 80 0.03607511520385742
decode: 80 0 435015 80 0.03607344627380371
decode: 80 0 435095 80 0.036038875579833984
decode: 80 0 435175 80 0.03612351417541504
decode: 80 0 435255 80 0.03615975379943848
decode: 80 0 435335 80 0.036075592041015625
decode: 80 0 435415 80 0.03607583045959473
decode: 80 0 435495 80 0.03608989715576172
decode: 80 0 435575 80 0.03618907928466797
decode: 80 0 435655 80 0.03615713119506836
decode: 80 0 435735 80 0.03611302375793457
decode: 80 0 435815 80 0.036052703857421875
decode: 80 0 435895 80 0.036127567291259766
decode: 80 0 435975 80 0.03620171546936035
decode: 80 0 436055 80 0.03617238998413086
decode: 80 0 436135 80 0.036118268966674805
decode: 80 0 436215 80 0.036104679107666016
decode: 80 0 436295 80 0.03613924980163574
decode: 80 0 436375 80 0.03622794151306152
decode: 80 0 436455 80 0.036211252212524414
decode: 80 0 436535 80 0.03646445274353027
decode: 80 0 436615 80 0.03615760803222656
decode: 80 0 436695 80 0.03617382049560547
decode: 80 0 436775 80 0.036228179931640625
decode: 80 0 436855 80 0.03624582290649414
decode: 80 0 436935 80 0.03617119789123535
decode: 80 0 437015 80 0.036141157150268555
decode: 80 0 437095 80 0.03620648384094238
decode: 80 0 437175 80 0.036263227462768555
decode: 80 0 437255 80 0.03624844551086426
decode: 80 0 437335 80 0.03615736961364746
decode: 80 0 437415 80 0.03621625900268555
decode: 80 0 437495 80 0.03626132011413574
decode: 80 0 437575 80 0.036313533782958984
decode: 80 0 437655 80 0.036336660385131836
decode: 80 0 437735 80 0.03623008728027344
decode: 80 0 437815 80 0.03621196746826172
decode: 80 0 437895 80 0.03632807731628418
decode: 80 0 437975 80 0.036275625228881836
decode: 80 0 438055 80 0.03630781173706055
decode: 80 0 438135 80 0.036284685134887695
decode: 80 0 438215 80 0.03626227378845215
decode: 80 0 438295 80 0.03635525703430176
decode: 80 0 438375 80 0.03635382652282715
decode: 80 0 438455 80 0.036322593688964844
decode: 80 0 438535 80 0.036238908767700195
decode: 80 0 438615 80 0.036258697509765625
decode: 80 0 438695 80 0.03636598587036133
decode: 80 0 438775 80 0.03637886047363281
decode: 80 0 438855 80 0.036357879638671875
decode: 80 0 438935 80 0.03628039360046387
decode: 80 0 439015 80 0.03628969192504883
decode: 80 0 439095 80 0.036405324935913086
decode: 80 0 439175 80 0.03638863563537598
decode: 80 0 439255 80 0.03633475303649902
decode: 79 0 432041 79 0.037841796875
mixed: 79 1 432041 2048 0.08306002616882324
mixed: 79 1 434089 2048 0.09033775329589844
mixed: 79 1 436137 2048 0.09559106826782227
mixed: 79 1 438185 1546 0.0870509147644043
decode: 80 0 439811 80 0.03842568397521973
decode: 80 0 439891 80 0.03699803352355957
decode: 80 0 439971 80 0.03671073913574219
decode: 80 0 440051 80 0.03676414489746094
decode: 80 0 440131 80 0.03681612014770508
decode: 80 0 440211 80 0.036812782287597656
decode: 80 0 440291 80 0.03690624237060547
decode: 79 0 434163 79 0.03827190399169922
mixed: 79 2 434163 2048 0.08389711380004883
mixed: 80 2 436211 2048 0.08713364601135254
mixed: 81 1 438259 1728 0.07959890365600586
decode: 82 0 440069 82 0.040189266204833984
decode: 82 0 440151 82 0.038024187088012695
decode: 82 0 440233 82 0.037714242935180664
decode: 82 0 440315 82 0.03771781921386719
decode: 82 0 440397 82 0.037698984146118164
decode: 82 0 440479 82 0.0377504825592041
decode: 82 0 440561 82 0.037811279296875
decode: 82 0 440643 82 0.03777933120727539
decode: 82 0 440725 82 0.03751850128173828
decode: 82 0 440807 82 0.03754544258117676
decode: 82 0 440889 82 0.03748607635498047
decode: 82 0 440971 82 0.03763747215270996
decode: 82 0 441053 82 0.037641286849975586
decode: 82 0 441135 82 0.037568092346191406
decode: 82 0 441217 82 0.037613868713378906
decode: 82 0 441299 82 0.037665605545043945
decode: 82 0 441381 82 0.03768110275268555
decode: 81 0 433732 81 0.0404815673828125
decode: 81 0 433813 81 0.04044508934020996
decode: 81 0 433894 81 0.040479183197021484
decode: 81 0 433975 81 0.040581464767456055
decode: 81 0 434056 81 0.040567874908447266
decode: 81 0 434137 81 0.04047393798828125
decode: 81 0 434218 81 0.04046630859375
decode: 81 0 434299 81 0.04053664207458496
decode: 81 0 434380 81 0.040575265884399414
decode: 81 0 434461 81 0.04051518440246582
decode: 81 0 434542 81 0.04050302505493164
decode: 81 0 434623 81 0.040578365325927734
decode: 81 0 434704 81 0.04063081741333008
decode: 80 0 429923 80 0.037568092346191406
mixed: 80 1 429923 2048 0.08146214485168457
mixed: 80 1 431971 2048 0.09050941467285156
mixed: 80 1 434019 1729 0.08752632141113281
decode: 81 0 435829 81 0.03993368148803711
decode: 81 0 435910 81 0.03855109214782715
decode: 81 0 435991 81 0.038290977478027344
decode: 81 0 436072 81 0.03824782371520996
decode: 81 0 436153 81 0.03826141357421875
decode: 81 0 436234 81 0.03834390640258789
decode: 81 0 436315 81 0.03828835487365723
decode: 81 0 436396 81 0.03820300102233887
decode: 81 0 436477 81 0.03818058967590332
decode: 81 0 436558 81 0.038031816482543945
decode: 81 0 436639 81 0.038041114807128906
decode: 81 0 436720 81 0.03805899620056152
decode: 81 0 436801 81 0.03817129135131836
decode: 81 0 436882 81 0.038228750228881836
decode: 81 0 436963 81 0.03810000419616699
decode: 81 0 437044 81 0.03806257247924805
decode: 81 0 437125 81 0.03810691833496094
decode: 81 0 437206 81 0.03820085525512695
decode: 81 0 437287 81 0.03822588920593262
decode: 81 0 437368 81 0.038114309310913086
decode: 81 0 437449 81 0.03812074661254883
decode: 81 0 437530 81 0.038167715072631836
decode: 81 0 437611 81 0.03820037841796875
decode: 81 0 437692 81 0.038201332092285156
decode: 81 0 437773 81 0.03812432289123535
decode: 81 0 437854 81 0.03816509246826172
decode: 81 0 437935 81 0.03825259208679199
decode: 81 0 438016 81 0.03824210166931152
decode: 81 0 438097 81 0.0381925106048584
decode: 81 0 438178 81 0.03815054893493652
decode: 81 0 438259 81 0.03822445869445801
decode: 81 0 438340 81 0.038300275802612305
decode: 81 0 438421 81 0.038254737854003906
decode: 81 0 438502 81 0.03816628456115723
decode: 81 0 438583 81 0.03818154335021973
decode: 81 0 438664 81 0.03825855255126953
decode: 81 0 438745 81 0.03831005096435547
decode: 81 0 438826 81 0.03825020790100098
decode: 81 0 438907 81 0.03824448585510254
decode: 81 0 438988 81 0.038182735443115234
decode: 80 0 432219 80 0.03579068183898926
mixed: 80 1 432219 2048 0.08361458778381348
mixed: 80 1 434267 2048 0.09147167205810547
mixed: 80 1 436315 2048 0.09625816345214844
mixed: 80 1 438363 988 0.055617332458496094
decode: 81 0 439432 81 0.04073071479797363
decode: 81 0 439513 81 0.03983902931213379
decode: 80 0 431043 80 0.03500223159790039
mixed: 80 1 431043 2048 0.0825045108795166
mixed: 80 1 433091 2048 0.09061241149902344
mixed: 80 1 435139 2048 0.09555506706237793
mixed: 80 1 437187 982 0.055078744888305664
decode: 81 0 438250 81 0.0399777889251709
decode: 81 0 438331 81 0.03867650032043457
decode: 81 0 438412 81 0.03854680061340332
decode: 81 0 438493 81 0.03858590126037598
decode: 81 0 438574 81 0.038556814193725586
decode: 81 0 438655 81 0.03865623474121094
decode: 81 0 438736 81 0.03875565528869629
decode: 81 0 438817 81 0.03866267204284668
decode: 81 0 438898 81 0.0385136604309082
decode: 81 0 438979 81 0.038313865661621094
decode: 80 0 432363 80 0.033831119537353516
mixed: 80 1 432363 2048 0.08332371711730957
mixed: 80 1 434411 2048 0.09030938148498535
mixed: 80 1 436459 2048 0.09652853012084961
mixed: 80 1 438507 1126 0.06337165832519531
decode: 81 0 439714 81 0.03994107246398926
decode: 81 0 439795 81 0.039145708084106445
decode: 81 0 439876 81 0.03899979591369629
decode: 81 0 439957 81 0.038970947265625
decode: 81 0 440038 81 0.039086103439331055
decode: 81 0 440119 81 0.0391848087310791
decode: 81 0 440200 81 0.03910684585571289
decode: 81 0 440281 81 0.03898286819458008
decode: 81 0 440362 81 0.038907527923583984
decode: 81 0 440443 81 0.03887438774108887
decode: 81 0 440524 81 0.03881096839904785
decode: 80 0 433440 80 0.034545183181762695
mixed: 80 1 433440 2048 0.08399128913879395
mixed: 80 1 435488 2048 0.09042096138000488
mixed: 80 1 437536 105 0.03064441680908203
decode: 80 0 433401 80 0.03536820411682129
mixed: 80 1 433401 2048 0.08154821395874023
mixed: 79 1 432220 2048 0.09054160118103027
mixed: 79 1 434268 2048 0.09520292282104492
mixed: 79 1 436316 1799 0.09442257881164551
decode: 80 0 438195 80 0.03800344467163086
decode: 79 0 435856 79 0.03819727897644043
decode: 79 0 435935 79 0.03803229331970215
decode: 79 0 436014 79 0.03793048858642578
decode: 79 0 436093 79 0.038010597229003906
decode: 79 0 436172 79 0.03811168670654297
decode: 79 0 436251 79 0.038137197494506836
decode: 79 0 436330 79 0.03791618347167969
decode: 79 0 436409 79 0.0378413200378418
decode: 79 0 436488 79 0.03778815269470215
decode: 79 0 436567 79 0.037760257720947266
decode: 79 0 436646 79 0.03783106803894043
decode: 78 0 430612 78 0.03547024726867676
mixed: 78 1 430612 2048 0.08273506164550781
mixed: 78 1 432660 2048 0.09009885787963867
mixed: 78 1 434708 2048 0.0984349250793457
mixed: 78 2 436756 2048 0.0943136215209961
mixed: 79 1 438804 1830 0.08283782005310059
decode: 80 0 440714 80 0.03965902328491211
decode: 80 0 440794 80 0.038210153579711914
decode: 80 0 440874 80 0.03806257247924805
decode: 80 0 440954 80 0.03799009323120117
decode: 80 0 441034 80 0.03813767433166504
decode: 79 0 433969 79 0.03586220741271973
mixed: 79 1 433969 2048 0.0833139419555664
mixed: 79 1 436017 2048 0.09120678901672363
mixed: 79 1 438065 2048 0.09675359725952148
mixed: 79 1 440113 981 0.05621528625488281
decode: 80 0 441174 80 0.036754608154296875
decode: 80 0 441254 80 0.03609013557434082
decode: 80 0 441334 80 0.03596663475036621
decode: 80 0 441414 80 0.03612065315246582
decode: 80 0 441494 80 0.03603935241699219
decode: 80 0 441574 80 0.03603839874267578
decode: 80 0 441654 80 0.036028146743774414
decode: 80 0 441734 80 0.036031484603881836
decode: 80 0 441814 80 0.03593325614929199
decode: 79 0 432471 79 0.035401105880737305
mixed: 79 1 432471 2048 0.08429932594299316
mixed: 79 1 434519 2048 0.09132575988769531
mixed: 79 1 436567 460 0.03957009315490723
decode: 80 0 437107 80 0.03569364547729492
decode: 80 0 437187 80 0.035529375076293945
decode: 80 0 437267 80 0.03557324409484863
decode: 79 0 434251 79 0.03637552261352539
mixed: 79 1 434251 2048 0.08375167846679688
mixed: 79 1 436299 1429 0.07586431503295898
decode: 80 0 437808 80 0.03704524040222168
decode: 80 0 437888 80 0.03621411323547363
decode: 80 0 437968 80 0.0362551212310791
decode: 80 0 438048 80 0.03631877899169922
decode: 80 0 438128 80 0.036339759826660156
decode: 80 0 438208 80 0.03634381294250488
decode: 80 0 438288 80 0.036222219467163086
decode: 80 0 438368 80 0.036221981048583984
decode: 80 0 438448 80 0.03622245788574219
decode: 80 0 438528 80 0.036261558532714844
decode: 80 0 438608 80 0.03621792793273926
decode: 80 0 438688 80 0.03612804412841797
decode: 80 0 438768 80 0.03618431091308594
decode: 80 0 438848 80 0.036218881607055664
decode: 80 0 438928 80 0.03624749183654785
decode: 80 0 439008 80 0.03617572784423828
decode: 80 0 439088 80 0.036177635192871094
decode: 80 0 439168 80 0.03615927696228027
decode: 80 0 439248 80 0.0363006591796875
decode: 80 0 439328 80 0.036255598068237305
decode: 80 0 439408 80 0.03618574142456055
decode: 80 0 439488 80 0.03620290756225586
decode: 80 0 439568 80 0.036225318908691406
decode: 80 0 439648 80 0.03630709648132324
decode: 80 0 439728 80 0.036275625228881836
decode: 80 0 439808 80 0.0361628532409668
decode: 80 0 439888 80 0.03615903854370117
decode: 80 0 439968 80 0.0362248420715332
decode: 80 0 440048 80 0.03627943992614746
decode: 80 0 440128 80 0.03633618354797363
decode: 80 0 440208 80 0.03626084327697754
decode: 80 0 440288 80 0.0362391471862793
decode: 80 0 440368 80 0.036287784576416016
decode: 80 0 440448 80 0.036353349685668945
decode: 80 0 440528 80 0.036292314529418945
decode: 80 0 440608 80 0.03622794151306152
decode: 80 0 440688 80 0.03622126579284668
decode: 79 0 436870 79 0.035423994064331055
mixed: 78 1 434202 2047 0.08246588706970215
mixed: 78 1 436249 2048 0.08937239646911621
mixed: 78 1 438297 2048 0.09586787223815918
mixed: 78 1 440345 361 0.03849434852600098
decode: 79 0 440785 79 0.03803133964538574
decode: 79 0 440864 79 0.037590742111206055
decode: 79 0 440943 79 0.03757333755493164
decode: 78 0 431830 78 0.03805828094482422
mixed: 78 2 431830 2048 0.0801544189453125
mixed: 79 1 433878 2048 0.08561134338378906
mixed: 79 1 435926 2048 0.09032297134399414
mixed: 79 1 437974 2048 0.09551525115966797
mixed: 79 1 440022 1009 0.057118892669677734
decode: 80 0 441111 80 0.0377194881439209
decode: 80 0 441191 80 0.03624415397644043
decode: 80 0 441271 80 0.036012887954711914
decode: 80 0 441351 80 0.03603172302246094
decode: 80 0 441431 80 0.03597378730773926
decode: 80 0 441511 80 0.035965681076049805
decode: 80 0 441591 80 0.036000967025756836
decode: 80 0 441671 80 0.03601217269897461
decode: 80 0 441751 80 0.03606724739074707
decode: 80 0 441831 80 0.03598594665527344
decode: 80 0 441911 80 0.03574395179748535
decode: 79 0 438173 79 0.03904891014099121
mixed: 79 1 438173 2048 0.08458852767944336
mixed: 79 1 440221 454 0.03907942771911621
decode: 80 0 440755 80 0.03977060317993164
decode: 80 0 440835 80 0.0392916202545166
decode: 79 0 435064 79 0.037697792053222656
mixed: 79 1 435064 1720 0.07602405548095703
decode: 80 0 436864 80 0.038613080978393555
decode: 80 0 436944 80 0.03780674934387207
decode: 80 0 437024 80 0.037741899490356445
decode: 80 0 437104 80 0.03774094581604004
decode: 80 0 437184 80 0.037713050842285156
decode: 80 0 437264 80 0.03772687911987305
decode: 80 0 437344 80 0.03776121139526367
decode: 80 0 437424 80 0.037734031677246094
decode: 80 0 437504 80 0.0376133918762207
decode: 80 0 437584 80 0.03767108917236328
decode: 79 0 428813 79 0.03592228889465332
mixed: 79 1 428813 2048 0.08240175247192383
mixed: 79 2 430861 2048 0.08725214004516602
mixed: 80 1 432909 2048 0.09970521926879883
mixed: 80 1 434957 2048 0.09154295921325684
mixed: 80 2 437005 2048 0.09625816345214844
mixed: 81 1 439053 2048 0.08480644226074219
mixed: 80 2 436434 2048 0.08527922630310059
mixed: 81 1 438482 2048 0.08832859992980957
mixed: 81 1 440530 484 0.03936409950256348
decode: 82 0 441096 82 0.040383338928222656
decode: 82 0 441178 82 0.039624929428100586
decode: 82 0 441260 82 0.03950643539428711
decode: 82 0 441342 82 0.03955364227294922
decode: 82 0 441424 82 0.03961753845214844
decode: 81 0 437797 81 0.041779518127441406
decode: 81 0 437878 81 0.04160189628601074
decode: 81 0 437959 81 0.04152059555053711
decode: 81 0 438040 81 0.04140639305114746
decode: 81 0 438121 81 0.04151153564453125
decode: 81 0 438202 81 0.0415956974029541
decode: 81 0 438283 81 0.0417170524597168
decode: 81 0 438364 81 0.041571617126464844
decode: 80 0 433037 80 0.03841853141784668
mixed: 80 1 433037 2048 0.08402895927429199
mixed: 80 1 435085 2048 0.09105968475341797
mixed: 80 1 437133 2048 0.09581851959228516
mixed: 80 1 439181 1097 0.06221914291381836
decode: 81 0 440359 81 0.0426175594329834
decode: 81 0 440440 81 0.040985822677612305
decode: 81 0 440521 81 0.04073977470397949
decode: 81 0 440602 81 0.040816307067871094
decode: 81 0 440683 81 0.04081535339355469
decode: 81 0 440764 81 0.04072141647338867
decode: 81 0 440845 81 0.04071235656738281
decode: 81 0 440926 81 0.04072451591491699
decode: 81 0 441007 81 0.04065966606140137
decode: 81 0 441088 81 0.04064226150512695
decode: 81 0 441169 81 0.04055190086364746
decode: 81 0 441250 81 0.04053688049316406
decode: 81 0 441331 81 0.04067420959472656
decode: 80 0 436744 80 0.039031982421875
decode: 80 0 436824 80 0.038960933685302734
decode: 80 0 436904 80 0.03890705108642578
decode: 80 0 436984 80 0.03893709182739258
decode: 80 0 437064 80 0.038936614990234375
decode: 80 0 437144 80 0.03899216651916504
decode: 80 0 437224 80 0.03903794288635254
decode: 80 0 437304 80 0.03905439376831055
decode: 79 0 428599 79 0.0394136905670166
mixed: 79 1 428599 2048 0.08183479309082031
mixed: 79 1 430647 2048 0.09026384353637695
mixed: 79 2 432695 2048 0.09418821334838867
mixed: 80 1 434743 2048 0.08444857597351074
mixed: 80 1 436791 1716 0.0824730396270752
decode: 81 0 438588 81 0.04032182693481445
decode: 81 0 438669 81 0.039284706115722656
decode: 81 0 438750 81 0.03910398483276367
decode: 81 0 438831 81 0.03910326957702637
decode: 81 0 438912 81 0.039113759994506836
decode: 81 0 438993 81 0.03911399841308594
decode: 81 0 439074 81 0.0391077995300293
decode: 81 0 439155 81 0.03903388977050781
decode: 81 0 439236 81 0.038912296295166016
decode: 81 0 439317 81 0.03886699676513672
decode: 81 0 439398 81 0.03882193565368652
decode: 81 0 439479 81 0.03886270523071289
decode: 81 0 439560 81 0.038870811462402344
decode: 81 0 439641 81 0.03892040252685547
decode: 81 0 439722 81 0.038976430892944336
decode: 81 0 439803 81 0.03894519805908203
decode: 81 0 439884 81 0.03888225555419922
decode: 80 0 434040 80 0.03946042060852051
mixed: 80 1 434040 2048 0.08312559127807617
mixed: 80 1 436088 2048 0.0906057357788086
mixed: 80 1 438136 2048 0.09645247459411621
mixed: 80 1 440184 308 0.034950971603393555
decode: 81 0 440573 81 0.03944039344787598
decode: 81 0 440654 81 0.03908705711364746
decode: 80 0 436638 80 0.03849148750305176
decode: 80 0 436718 80 0.03855109214782715
decode: 80 0 436798 80 0.03852701187133789
decode: 79 0 431875 79 0.03729844093322754
mixed: 79 1 431875 2048 0.08299374580383301
mixed: 79 1 433923 2048 0.0894768238067627
mixed: 79 1 435971 2048 0.09593057632446289
mixed: 79 1 438019 171 0.03109288215637207
decode: 80 0 438270 80 0.03773379325866699
decode: 80 0 438350 80 0.03742218017578125
decode: 80 0 438430 80 0.03728604316711426
decode: 80 0 438510 80 0.03728199005126953
decode: 80 0 438590 80 0.037264347076416016
decode: 80 0 438670 80 0.03732895851135254
decode: 80 0 438750 80 0.03731894493103027
decode: 80 0 438830 80 0.03738546371459961
decode: 80 0 438910 80 0.03730201721191406
decode: 80 0 438990 80 0.037200927734375
decode: 79 0 432877 79 0.03676581382751465
mixed: 79 1 432877 2048 0.08209729194641113
mixed: 79 1 434925 2048 0.09076094627380371
mixed: 78 1 431905 2048 0.09774136543273926
mixed: 78 2 433953 2048 0.0946962833404541
mixed: 78 1 429127 2048 0.08539652824401855
mixed: 78 2 431175 2048 0.08465194702148438
mixed: 79 1 433223 2048 0.08839035034179688
mixed: 79 1 435271 1819 0.08835625648498535
decode: 80 0 437170 80 0.0380551815032959
decode: 80 0 437250 80 0.03675556182861328
decode: 80 0 437330 80 0.03650689125061035
decode: 80 0 437410 80 0.0365300178527832
decode: 80 0 437490 80 0.03657197952270508
decode: 80 0 437570 80 0.03656768798828125
decode: 80 0 437650 80 0.03658723831176758
decode: 79 0 433990 79 0.039249420166015625
mixed: 79 1 433990 2048 0.08184266090393066
mixed: 79 1 436038 2048 0.09037208557128906
mixed: 79 1 438086 2048 0.09517908096313477
mixed: 79 1 440134 711 0.04977130889892578
decode: 80 0 440925 80 0.03966236114501953
decode: 80 0 441005 80 0.03944897651672363
decode: 80 0 441085 80 0.03938555717468262
decode: 80 0 441165 80 0.039473533630371094
decode: 80 0 441245 80 0.039466142654418945
decode: 80 0 441325 80 0.039476633071899414
decode: 80 0 441405 80 0.039537906646728516
decode: 80 0 441485 80 0.03930854797363281
decode: 80 0 441565 80 0.039273977279663086
decode: 80 0 441645 80 0.03922009468078613
decode: 80 0 441725 80 0.03927874565124512
decode: 80 0 441805 80 0.03933119773864746
decode: 80 0 441885 80 0.03933095932006836
decode: 80 0 441965 80 0.039281368255615234
decode: 80 0 442045 80 0.03928637504577637
decode: 80 0 442125 80 0.03941059112548828
decode: 80 0 442205 80 0.03934073448181152
decode: 80 0 442285 80 0.03931713104248047
decode: 80 0 442365 80 0.039312124252319336
decode: 79 0 432594 79 0.03746199607849121
mixed: 79 1 432594 2048 0.07934427261352539
mixed: 79 1 434642 2048 0.08778595924377441
mixed: 79 1 436690 507 0.03881072998046875
decode: 80 0 437277 80 0.03794527053833008
decode: 79 0 430712 79 0.036641597747802734
mixed: 79 1 430712 2048 0.08085298538208008
mixed: 79 1 432760 2048 0.08957839012145996
mixed: 79 1 434808 754 0.048577308654785156
decode: 80 0 435642 80 0.03745317459106445
decode: 80 0 435722 80 0.03665781021118164
decode: 80 0 435802 80 0.03649735450744629
decode: 80 0 435882 80 0.03651857376098633
decode: 80 0 435962 80 0.036572933197021484
decode: 80 0 436042 80 0.03654742240905762
decode: 80 0 436122 80 0.03656435012817383
decode: 80 0 436202 80 0.036505699157714844
decode: 80 0 436282 80 0.036380767822265625
decode: 80 0 436362 80 0.0363619327545166
decode: 80 0 436442 80 0.03641057014465332
decode: 80 0 436522 80 0.03643035888671875
decode: 80 0 436602 80 0.036478519439697266
decode: 80 0 436682 80 0.036371469497680664
decode: 80 0 436762 80 0.03636312484741211
decode: 79 0 432530 79 0.039209604263305664
mixed: 79 1 432530 2048 0.08060979843139648
mixed: 79 1 434578 2048 0.09107565879821777
mixed: 79 1 436626 2048 0.09453368186950684
mixed: 79 1 438674 1079 0.062011003494262695
decode: 80 0 439833 80 0.04221844673156738
decode: 80 0 439913 80 0.04060673713684082
decode: 80 0 439993 80 0.04038071632385254
decode: 80 0 440073 80 0.04029107093811035
decode: 80 0 440153 80 0.040228843688964844
decode: 79 0 432148 79 0.038027286529541016
mixed: 79 1 432148 2048 0.08445358276367188
mixed: 79 1 434196 2048 0.09169363975524902
mixed: 79 1 436244 617 0.04526090621948242
decode: 80 0 436941 80 0.03844642639160156
decode: 80 0 437021 80 0.038192033767700195
decode: 80 0 437101 80 0.03810381889343262
decode: 80 0 437181 80 0.03809642791748047
decode: 79 0 433612 79 0.039191484451293945
mixed: 79 1 433612 2048 0.08298730850219727
mixed: 79 1 435660 2048 0.09062051773071289
mixed: 79 1 437708 2048 0.09491229057312012
mixed: 79 1 439756 447 0.042781829833984375
decode: 80 0 440283 80 0.04124879837036133
decode: 80 0 440363 80 0.04028439521789551
decode: 80 0 440443 80 0.040251731872558594
decode: 80 0 440523 80 0.04027867317199707
decode: 80 0 440603 80 0.04027748107910156
decode: 80 0 440683 80 0.04028201103210449
decode: 80 0 440763 80 0.040282487869262695
decode: 79 0 432824 79 0.039856672286987305
mixed: 79 1 432824 2048 0.08005595207214355
mixed: 79 1 434872 2048 0.09165716171264648
mixed: 79 1 436920 2048 0.09560346603393555
mixed: 79 1 438968 1780 0.09326362609863281
decode: 80 0 440828 80 0.04109501838684082
decode: 80 0 440908 80 0.03973078727722168
decode: 80 0 440988 80 0.03942513465881348
decode: 79 0 437350 79 0.03705763816833496
mixed: 79 1 437350 2048 0.08171701431274414
mixed: 79 1 439398 1014 0.05149435997009277
decode: 80 0 440492 80 0.038889169692993164
decode: 80 0 440572 80 0.03791975975036621
decode: 79 0 435843 79 0.038330078125
mixed: 79 1 435843 2048 0.0811166763305664
mixed: 79 1 437891 2048 0.09162330627441406
mixed: 79 1 439939 1898 0.09145927429199219
decode: 80 0 441917 80 0.04032421112060547
decode: 80 0 441997 80 0.038600921630859375
decode: 79 0 435707 79 0.03851628303527832
mixed: 79 1 435707 2048 0.08305835723876953
mixed: 79 1 437755 2048 0.09067869186401367
mixed: 79 1 439803 1849 0.09107685089111328
decode: 80 0 441732 80 0.04025888442993164
decode: 80 0 441812 80 0.039009809494018555
decode: 80 0 441892 80 0.03859734535217285
decode: 80 0 441972 80 0.038522958755493164
decode: 80 0 442052 80 0.038477182388305664
decode: 79 0 438995 79 0.03900623321533203
decode: 79 0 439074 79 0.039026498794555664
decode: 79 0 439153 79 0.03903627395629883
decode: 79 0 439232 79 0.0388796329498291
decode: 79 0 439311 79 0.03887128829956055
decode: 79 0 439390 79 0.03883790969848633
decode: 79 0 439469 79 0.03889656066894531
decode: 77 0 429702 77 0.03764748573303223
mixed: 77 1 429702 2048 0.07966899871826172
mixed: 77 1 431750 2048 0.08936285972595215
mixed: 77 1 433798 2048 0.09571504592895508
mixed: 77 1 435846 2048 0.10109066963195801
mixed: 76 1 434574 282 0.034483909606933594
decode: 77 0 434933 77 0.038367271423339844
decode: 77 0 435010 77 0.0380401611328125
decode: 77 0 435087 77 0.03801560401916504
decode: 77 0 435164 77 0.0380401611328125
decode: 77 0 435241 77 0.03807520866394043
decode: 77 0 435318 77 0.03805184364318848
decode: 77 0 435395 77 0.03809070587158203
decode: 77 0 435472 77 0.03808760643005371
decode: 77 0 435549 77 0.03795123100280762
decode: 77 0 435626 77 0.0379643440246582
decode: 77 0 435703 77 0.03792381286621094
decode: 77 0 435780 77 0.03789544105529785
decode: 77 0 435857 77 0.037877559661865234
decode: 77 0 435934 77 0.03789639472961426
decode: 77 0 436011 77 0.037911415100097656
decode: 77 0 436088 77 0.03785276412963867
decode: 77 0 436165 77 0.037871360778808594
decode: 77 0 436242 77 0.037892818450927734
decode: 77 0 436319 77 0.037940263748168945
decode: 77 0 436396 77 0.03794741630554199
decode: 76 0 428084 76 0.03969979286193848
mixed: 76 1 428084 2048 0.0835716724395752
mixed: 76 1 430132 2048 0.08978390693664551
mixed: 76 1 432180 2048 0.09596586227416992
mixed: 76 2 434228 2048 0.09907960891723633
mixed: 77 1 436276 2048 0.08551836013793945
mixed: 77 1 438324 1567 0.08013439178466797
decode: 78 0 439969 78 0.04231095314025879
decode: 78 0 440047 78 0.0410304069519043
decode: 78 0 440125 78 0.040058135986328125
decode: 78 0 440203 78 0.04005861282348633
decode: 78 0 440281 78 0.04008173942565918
decode: 78 0 440359 78 0.040076255798339844
decode: 78 0 440437 78 0.040086984634399414
decode: 78 0 440515 78 0.040065765380859375
decode: 78 0 440593 78 0.03990960121154785
decode: 78 0 440671 78 0.039794206619262695
decode: 78 0 440749 78 0.03983259201049805
decode: 78 0 440827 78 0.03993844985961914
decode: 78 0 440905 78 0.03992581367492676
decode: 78 0 440983 78 0.03983879089355469
decode: 78 0 441061 78 0.039871931076049805
decode: 78 0 441139 78 0.03993058204650879
decode: 77 0 433179 77 0.039986371994018555
mixed: 77 1 433179 2048 0.08277440071105957
mixed: 77 1 435227 2048 0.09005880355834961
mixed: 77 1 437275 1972 0.09752511978149414
decode: 78 0 439325 78 0.0416717529296875
decode: 78 0 439403 78 0.04035019874572754
decode: 78 0 439481 78 0.040110111236572266
decode: 78 0 439559 78 0.040070295333862305
decode: 78 0 439637 78 0.040093421936035156
decode: 78 0 439715 78 0.040091753005981445
decode: 78 0 439793 78 0.04010820388793945
decode: 78 0 439871 78 0.040112972259521484
decode: 78 0 439949 78 0.03994035720825195
decode: 78 0 440027 78 0.039914846420288086
decode: 78 0 440105 78 0.03992295265197754
decode: 78 0 440183 78 0.03987479209899902
decode: 78 0 440261 78 0.03994870185852051
decode: 78 0 440339 78 0.03996872901916504
decode: 78 0 440417 78 0.03990769386291504
decode: 78 0 440495 78 0.03990459442138672
decode: 77 0 436713 77 0.03995323181152344
mixed: 77 1 436713 1246 0.05441451072692871
decode: 78 0 438037 78 0.04216766357421875
decode: 78 0 438115 78 0.04037308692932129
decode: 78 0 438193 78 0.04016399383544922
decode: 78 0 438271 78 0.04019331932067871
decode: 78 0 438349 78 0.040151357650756836
decode: 78 0 438427 78 0.04015326499938965
decode: 78 0 438505 78 0.04017233848571777
decode: 78 0 438583 78 0.040190935134887695
decode: 78 0 438661 78 0.04001760482788086
decode: 78 0 438739 78 0.03996396064758301
decode: 78 0 438817 78 0.03998303413391113
decode: 78 0 438895 78 0.04004383087158203
decode: 78 0 438973 78 0.040009260177612305
decode: 77 0 433086 77 0.03667187690734863
mixed: 77 1 433086 2048 0.08309793472290039
mixed: 77 1 435134 2048 0.09089398384094238
mixed: 77 1 437182 629 0.04453849792480469
decode: 78 0 437889 78 0.03735613822937012
decode: 78 0 437967 78 0.036885976791381836
decode: 78 0 438045 78 0.03696322441101074
decode: 77 0 431891 77 0.039730072021484375
mixed: 77 1 431891 2048 0.08353471755981445
mixed: 77 1 433939 2048 0.09025907516479492
mixed: 77 1 435987 2048 0.09621930122375488
mixed: 77 1 438035 1066 0.06199359893798828
decode: 78 0 439179 78 0.03789782524108887
decode: 78 0 439257 78 0.03722977638244629
decode: 78 0 439335 78 0.03705954551696777
decode: 78 0 439413 78 0.037019968032836914
decode: 78 0 439491 78 0.03693866729736328
decode: 78 0 439569 78 0.0369720458984375
decode: 78 0 439647 78 0.03701138496398926
decode: 78 0 439725 78 0.03704714775085449
decode: 78 0 439803 78 0.03688168525695801
decode: 77 0 431701 77 0.03887820243835449
mixed: 77 1 431701 2048 0.08398199081420898
mixed: 76 1 428461 2048 0.09003233909606934
mixed: 76 2 430509 2048 0.08764171600341797
mixed: 77 1 432557 2048 0.08705425262451172
mixed: 77 1 434605 2048 0.09385967254638672
mixed: 77 1 436653 655 0.04854607582092285
decode: 78 0 437386 78 0.039087772369384766
decode: 78 0 437464 78 0.03867197036743164
decode: 78 0 437542 78 0.03840017318725586
decode: 78 0 437620 78 0.03838086128234863
decode: 78 0 437698 78 0.0384373664855957
decode: 78 0 437776 78 0.03841280937194824
decode: 78 0 437854 78 0.03837943077087402
decode: 78 0 437932 78 0.03833627700805664
decode: 78 0 438010 78 0.03822898864746094
decode: 78 0 438088 78 0.0381925106048584
decode: 78 0 438166 78 0.0381932258605957
decode: 78 0 438244 78 0.038300514221191406
decode: 78 0 438322 78 0.03826093673706055
decode: 78 0 438400 78 0.038236141204833984
decode: 77 0 433112 77 0.03818488121032715
mixed: 77 1 433112 2048 0.08190512657165527
mixed: 77 1 435160 2048 0.09063124656677246
mixed: 77 1 437208 154 0.030790328979492188
decode: 78 0 437440 78 0.03905129432678223
decode: 78 0 437518 78 0.038463592529296875
decode: 78 0 437596 78 0.038495779037475586
decode: 78 0 437674 78 0.038465261459350586
decode: 78 0 437752 78 0.038460493087768555
decode: 78 0 437830 78 0.0384821891784668
decode: 78 0 437908 78 0.038530826568603516
decode: 78 0 437986 78 0.038391828536987305
decode: 78 0 438064 78 0.038327932357788086
decode: 78 0 438142 78 0.03830742835998535
decode: 78 0 438220 78 0.038280487060546875
decode: 78 0 438298 78 0.038291215896606445
decode: 78 0 438376 78 0.038340091705322266
decode: 77 0 430689 77 0.038238525390625
mixed: 77 1 430689 2048 0.08070898056030273
mixed: 77 1 432737 2048 0.0898294448852539
mixed: 77 1 434785 2048 0.09577536582946777
mixed: 77 1 436833 2048 0.1002357006072998
mixed: 77 1 438881 328 0.03668093681335449
decode: 78 0 439287 78 0.03905797004699707
decode: 78 0 439365 78 0.03860139846801758
decode: 78 0 439443 78 0.038567304611206055
decode: 78 0 439521 78 0.03862333297729492
decode: 78 0 439599 78 0.03885197639465332
decode: 78 0 439677 78 0.038915157318115234
decode: 78 0 439755 78 0.03868532180786133
decode: 78 0 439833 78 0.03860878944396973
decode: 78 0 439911 78 0.038390159606933594
decode: 78 0 439989 78 0.03842282295227051
decode: 78 0 440067 78 0.03840827941894531
decode: 78 0 440145 78 0.0384676456451416
decode: 78 0 440223 78 0.038471221923828125
decode: 78 0 440301 78 0.038437843322753906
decode: 78 0 440379 78 0.03841757774353027
decode: 78 0 440457 78 0.03844618797302246
decode: 78 0 440535 78 0.03847002983093262
decode: 78 0 440613 78 0.03848147392272949
decode: 78 0 440691 78 0.038421630859375
decode: 78 0 440769 78 0.03847908973693848
decode: 78 0 440847 78 0.038497209548950195
decode: 78 0 440925 78 0.03854632377624512
decode: 78 0 441003 78 0.038495540618896484
decode: 78 0 441081 78 0.03847002983093262
decode: 78 0 441159 78 0.03846311569213867
decode: 78 0 441237 78 0.03851056098937988
decode: 78 0 441315 78 0.0385279655456543
decode: 77 0 433449 77 0.03832674026489258
mixed: 77 1 433449 1864 0.07833361625671387
decode: 78 0 435391 78 0.039995431900024414
decode: 78 0 435469 78 0.03917217254638672
decode: 78 0 435547 78 0.0385897159576416
decode: 78 0 435625 78 0.03863191604614258
decode: 78 0 435703 78 0.038645029067993164
decode: 78 0 435781 78 0.03864455223083496
decode: 78 0 435859 78 0.03865385055541992
decode: 78 0 435937 78 0.0385584831237793
decode: 78 0 436015 78 0.03844904899597168
decode: 78 0 436093 78 0.0384368896484375
decode: 76 0 424138 76 0.03709983825683594
mixed: 76 1 424138 2048 0.08300948143005371
mixed: 76 1 426186 2048 0.09029483795166016
mixed: 76 1 428234 2048 0.09723281860351562
mixed: 76 2 430282 2048 0.0901486873626709
mixed: 77 1 432330 2048 0.08749985694885254
mixed: 77 1 434378 2048 0.0930624008178711
mixed: 77 1 436426 2048 0.09882211685180664
mixed: 77 1 438474 239 0.03272533416748047
decode: 78 0 438791 78 0.03823566436767578
decode: 78 0 438869 78 0.03791999816894531
decode: 78 0 438947 78 0.03799772262573242
decode: 78 0 439025 78 0.03792881965637207
decode: 78 0 439103 78 0.03796863555908203
decode: 78 0 439181 78 0.03798556327819824
decode: 78 0 439259 78 0.03805041313171387
decode: 78 0 439337 78 0.037897586822509766
decode: 78 0 439415 78 0.03771185874938965
decode: 78 0 439493 78 0.03779721260070801
decode: 78 0 439571 78 0.03781843185424805
decode: 78 0 439649 78 0.03783226013183594
decode: 78 0 439727 78 0.03788948059082031
decode: 78 0 439805 78 0.03777599334716797
decode: 78 0 439883 78 0.037840843200683594
decode: 78 0 439961 78 0.03791022300720215
decode: 78 0 440039 78 0.03777790069580078
decode: 78 0 440117 78 0.03783440589904785
decode: 78 0 440195 78 0.037796735763549805
decode: 78 0 440273 78 0.03786110877990723
decode: 78 0 440351 78 0.03786301612854004
decode: 78 0 440429 78 0.037848711013793945
decode: 78 0 440507 78 0.037833452224731445
decode: 78 0 440585 78 0.0378422737121582
decode: 78 0 440663 78 0.037966012954711914
decode: 78 0 440741 78 0.03786349296569824
decode: 77 0 434091 77 0.03775453567504883
mixed: 77 1 434091 2048 0.08196449279785156
mixed: 77 1 436139 705 0.04778933525085449
decode: 78 0 436922 78 0.036427974700927734
decode: 78 0 437000 78 0.035967111587524414
decode: 78 0 437078 78 0.03582620620727539
decode: 78 0 437156 78 0.03578519821166992
decode: 78 0 437234 78 0.035767555236816406
decode: 78 0 437312 78 0.03588461875915527
decode: 78 0 437390 78 0.03589010238647461
decode: 78 0 437468 78 0.035881996154785156
decode: 78 0 437546 78 0.03577566146850586
decode: 78 0 437624 78 0.035764217376708984
decode: 78 0 437702 78 0.03607988357543945
decode: 77 0 429684 77 0.0380556583404541
mixed: 77 1 429684 2048 0.08443856239318848
mixed: 77 1 431732 2048 0.08988070487976074
mixed: 77 2 433780 1442 0.07155156135559082
decode: 79 0 435301 79 0.03976702690124512
decode: 79 0 435380 79 0.03858160972595215
decode: 79 0 435459 79 0.03833603858947754
decode: 79 0 435538 79 0.03830075263977051
decode: 79 0 435617 79 0.03830075263977051
decode: 79 0 435696 79 0.038297176361083984
decode: 79 0 435775 79 0.03832697868347168
decode: 79 0 435854 79 0.03834819793701172
decode: 79 0 435933 79 0.038179874420166016
decode: 79 0 436012 79 0.03816056251525879
decode: 79 0 436091 79 0.03815460205078125
decode: 79 0 436170 79 0.03818058967590332
decode: 79 0 436249 79 0.03815054893493652
decode: 79 0 436328 79 0.03814053535461426
decode: 79 0 436407 79 0.03812146186828613
decode: 79 0 436486 79 0.03827786445617676
decode: 79 0 436565 79 0.03820633888244629
decode: 79 0 436644 79 0.03817296028137207
decode: 79 0 436723 79 0.03815746307373047
decode: 79 0 436802 79 0.03818011283874512
decode: 79 0 436881 79 0.03823399543762207
decode: 79 0 436960 79 0.038205862045288086
decode: 79 0 437039 79 0.03817319869995117
decode: 79 0 437118 79 0.03820395469665527
decode: 79 0 437197 79 0.03821420669555664
decode: 79 0 437276 79 0.038254737854003906
decode: 79 0 437355 79 0.03824472427368164
decode: 79 0 437434 79 0.038214921951293945
decode: 79 0 437513 79 0.03818464279174805
decode: 79 0 437592 79 0.038233041763305664
decode: 79 0 437671 79 0.038257598876953125
decode: 79 0 437750 79 0.03825497627258301
decode: 79 0 437829 79 0.03824806213378906
decode: 79 0 437908 79 0.0382533073425293
decode: 78 0 428588 78 0.037035226821899414
mixed: 78 1 428588 2048 0.08172869682312012
mixed: 77 1 423225 2048 0.08975720405578613
mixed: 77 1 425273 2048 0.09465646743774414
mixed: 77 2 427321 2048 0.09797096252441406
mixed: 78 1 429369 2048 0.0848245620727539
mixed: 78 2 431417 2048 0.08650827407836914
mixed: 79 1 433465 2048 0.0853424072265625
mixed: 79 1 435513 2048 0.09253597259521484
mixed: 79 1 437561 1071 0.06010603904724121
decode: 80 0 438712 80 0.0390622615814209
decode: 80 0 438792 80 0.0382380485534668
decode: 80 0 438872 80 0.03798484802246094
decode: 79 0 434066 79 0.03802061080932617
mixed: 79 1 434066 2048 0.08381795883178711
mixed: 79 1 436114 2048 0.09044480323791504
mixed: 79 1 438162 1637 0.08485245704650879
decode: 80 0 439879 80 0.03898429870605469
decode: 80 0 439959 80 0.03796052932739258
decode: 80 0 440039 80 0.03768348693847656
decode: 80 0 440119 80 0.03770184516906738
decode: 80 0 440199 80 0.037702322006225586
decode: 80 0 440279 80 0.037728071212768555
decode: 79 0 436085 79 0.037264108657836914
mixed: 79 1 436085 2048 0.08277606964111328
mixed: 79 1 438133 1130 0.057042598724365234
decode: 80 0 439343 80 0.03814530372619629
decode: 79 0 436596 79 0.037364959716796875
decode: 79 0 436675 79 0.03713798522949219
decode: 79 0 436754 79 0.03721189498901367
decode: 79 0 436833 79 0.037278175354003906
decode: 79 0 436912 79 0.03733325004577637
decode: 79 0 436991 79 0.03734588623046875
decode: 79 0 437070 79 0.03736686706542969
decode: 79 0 437149 79 0.03706789016723633
decode: 79 0 437228 79 0.03700900077819824
decode: 79 0 437307 79 0.037137746810913086
decode: 79 0 437386 79 0.03706765174865723
decode: 79 0 437465 79 0.03706526756286621
decode: 79 0 437544 79 0.0370783805847168
decode: 79 0 437623 79 0.03707146644592285
decode: 79 0 437702 79 0.03713846206665039
decode: 79 0 437781 79 0.037183523178100586
decode: 79 0 437860 79 0.03707313537597656
decode: 79 0 437939 79 0.037030935287475586
decode: 79 0 438018 79 0.037042856216430664
decode: 79 0 438097 79 0.03721737861633301
decode: 79 0 438176 79 0.03717994689941406
decode: 79 0 438255 79 0.037076473236083984
decode: 79 0 438334 79 0.03708696365356445
decode: 79 0 438413 79 0.03718733787536621
decode: 79 0 438492 79 0.03716754913330078
decode: 79 0 438571 79 0.03717947006225586
decode: 79 0 438650 79 0.03713417053222656
decode: 79 0 438729 79 0.037143707275390625
decode: 79 0 438808 79 0.037154197692871094
decode: 79 0 438887 79 0.037184953689575195
decode: 79 0 438966 79 0.03722500801086426
decode: 79 0 439045 79 0.03710770606994629
decode: 79 0 439124 79 0.037101030349731445
decode: 79 0 439203 79 0.03716540336608887
decode: 78 0 436239 78 0.03728747367858887
decode: 78 0 436317 78 0.03727984428405762
decode: 78 0 436395 78 0.03714609146118164
decode: 78 0 436473 78 0.03731489181518555
decode: 78 0 436551 78 0.03724503517150879
decode: 78 0 436629 78 0.03728628158569336
decode: 78 0 436707 78 0.03718757629394531
decode: 78 0 436785 78 0.03719806671142578
decode: 78 0 436863 78 0.03713107109069824
decode: 78 0 436941 78 0.03728652000427246
decode: 78 0 437019 78 0.037283897399902344
decode: 78 0 437097 78 0.03722715377807617
decode: 78 0 437175 78 0.03720569610595703
decode: 78 0 437253 78 0.03722071647644043
decode: 78 0 437331 78 0.037352800369262695
decode: 78 0 437409 78 0.03728890419006348
decode: 78 0 437487 78 0.037198781967163086
decode: 78 0 437565 78 0.037229061126708984
decode: 78 0 437643 78 0.03730440139770508
decode: 78 0 437721 78 0.037387847900390625
decode: 77 0 429396 77 0.03801298141479492
mixed: 77 1 429396 2048 0.08284926414489746
mixed: 77 1 431444 2048 0.09296870231628418
mixed: 77 1 433492 2048 0.0954427719116211
mixed: 77 1 435540 2048 0.10073113441467285
mixed: 77 1 437588 188 0.030900955200195312
decode: 78 0 437854 78 0.03800320625305176
decode: 77 0 431287 77 0.03944897651672363
mixed: 77 1 431287 2048 0.08295321464538574
mixed: 77 1 433335 2048 0.09051108360290527
mixed: 77 2 435383 2048 0.09581184387207031
mixed: 77 2 432992 2048 0.0829019546508789
mixed: 78 1 435040 1141 0.055069684982299805
decode: 79 0 436260 79 0.03882551193237305
decode: 79 0 436339 79 0.037722110748291016
decode: 79 0 436418 79 0.03759360313415527
decode: 79 0 436497 79 0.03753972053527832
decode: 79 0 436576 79 0.037508249282836914
decode: 79 0 436655 79 0.03780055046081543
decode: 79 0 436734 79 0.03761577606201172
decode: 79 0 436813 79 0.03765106201171875
decode: 79 0 436892 79 0.03770804405212402
decode: 79 0 436971 79 0.037558555603027344
decode: 79 0 437050 79 0.03742408752441406
decode: 79 0 437129 79 0.03736567497253418
decode: 79 0 437208 79 0.037476539611816406
decode: 79 0 437287 79 0.03745889663696289
decode: 79 0 437366 79 0.03741598129272461
decode: 79 0 437445 79 0.03754377365112305
decode: 79 0 437524 79 0.03751349449157715
decode: 79 0 437603 79 0.037584543228149414
decode: 79 0 437682 79 0.037689208984375
decode: 79 0 437761 79 0.03749251365661621
decode: 79 0 437840 79 0.0374295711517334
decode: 79 0 437919 79 0.03748130798339844
decode: 79 0 437998 79 0.03752756118774414
decode: 79 0 438077 79 0.03754281997680664
decode: 79 0 438156 79 0.037851810455322266
decode: 79 0 438235 79 0.03760051727294922
decode: 79 0 438314 79 0.03768610954284668
decode: 79 0 438393 79 0.03786039352416992
decode: 79 0 438472 79 0.037543296813964844
decode: 79 0 438551 79 0.03748512268066406
decode: 79 0 438630 79 0.03750181198120117
decode: 79 0 438709 79 0.0375971794128418
decode: 79 0 438788 79 0.03753042221069336
decode: 79 0 438867 79 0.0375216007232666
decode: 79 0 438946 79 0.03751969337463379
decode: 79 0 439025 79 0.03764224052429199
decode: 78 0 435168 78 0.03917694091796875
mixed: 78 1 435168 2048 0.08105683326721191
mixed: 78 1 437216 2048 0.09039020538330078
mixed: 78 1 439264 277 0.03423476219177246
decode: 79 0 439620 79 0.039774417877197266
decode: 79 0 439699 79 0.03955698013305664
decode: 79 0 439778 79 0.03936028480529785
decode: 79 0 439857 79 0.03934001922607422
decode: 79 0 439936 79 0.039370059967041016
decode: 78 0 431347 78 0.037229299545288086
mixed: 77 1 423295 2047 0.08432245254516602
mixed: 77 1 425342 2048 0.0899052619934082
mixed: 77 1 427390 2048 0.09503006935119629
mixed: 77 2 429438 2048 0.08842110633850098
mixed: 78 1 431486 2048 0.08849430084228516
mixed: 78 1 433534 2048 0.09395146369934082
mixed: 78 2 435582 2048 0.08861064910888672
mixed: 79 2 437630 2048 0.08346199989318848
mixed: 79 2 434625 2048 0.08568835258483887
mixed: 80 1 436673 1075 0.05493450164794922
decode: 81 0 437829 81 0.044820547103881836
decode: 81 0 437910 81 0.042073726654052734
decode: 81 0 437991 81 0.0417938232421875
decode: 81 0 438072 81 0.041887521743774414
decode: 81 0 438153 81 0.04189419746398926
decode: 81 0 438234 81 0.04189729690551758
decode: 81 0 438315 81 0.041903018951416016
decode: 81 0 438396 81 0.04196667671203613
decode: 81 0 438477 81 0.041669607162475586
decode: 81 0 438558 81 0.04167747497558594
decode: 81 0 438639 81 0.041635751724243164
decode: 81 0 438720 81 0.04169726371765137
decode: 81 0 438801 81 0.04164910316467285
decode: 80 0 431013 80 0.03843402862548828
mixed: 80 1 431013 2048 0.08270812034606934
mixed: 80 1 433061 2048 0.08987045288085938
mixed: 80 2 435109 2048 0.08471322059631348
mixed: 81 1 437157 387 0.03877544403076172
decode: 82 0 437626 82 0.03801870346069336
decode: 82 0 437708 82 0.037752389907836914
decode: 82 0 437790 82 0.037737369537353516
decode: 81 0 431198 81 0.03669023513793945
mixed: 81 1 431198 2048 0.08671903610229492
mixed: 81 1 433246 2048 0.09071111679077148
mixed: 81 1 435294 2048 0.0959157943725586
mixed: 81 1 437342 1062 0.06116604804992676
decode: 82 0 438486 82 0.04196524620056152
decode: 82 0 438568 82 0.04043912887573242
decode: 82 0 438650 82 0.04016470909118652
decode: 82 0 438732 82 0.0400087833404541
decode: 82 0 438814 82 0.040094852447509766
decode: 82 0 438896 82 0.04005622863769531
decode: 82 0 438978 82 0.040073394775390625
decode: 82 0 439060 82 0.03999495506286621
decode: 82 0 439142 82 0.039922475814819336
decode: 82 0 439224 82 0.0400240421295166
decode: 82 0 439306 82 0.04004335403442383
decode: 82 0 439388 82 0.04001259803771973
decode: 82 0 439470 82 0.03991889953613281
decode: 82 0 439552 82 0.03983473777770996
decode: 82 0 439634 82 0.03983759880065918
decode: 82 0 439716 82 0.039922475814819336
decode: 82 0 439798 82 0.040019989013671875
decode: 82 0 439880 82 0.03993844985961914
decode: 82 0 439962 82 0.039876699447631836
decode: 82 0 440044 82 0.03989529609680176
decode: 82 0 440126 82 0.04004240036010742
decode: 82 0 440208 82 0.03995990753173828
decode: 82 0 440290 82 0.03987407684326172
decode: 82 0 440372 82 0.039887189865112305
decode: 82 0 440454 82 0.039931535720825195
decode: 82 0 440536 82 0.04005122184753418
decode: 81 0 436663 81 0.03855013847351074
decode: 81 0 436744 81 0.03847670555114746
decode: 81 0 436825 81 0.03843402862548828
decode: 81 0 436906 81 0.03848767280578613
decode: 81 0 436987 81 0.03850531578063965
decode: 81 0 437068 81 0.03847861289978027
decode: 81 0 437149 81 0.038506507873535156
decode: 81 0 437230 81 0.03852128982543945
decode: 81 0 437311 81 0.0386350154876709
decode: 81 0 437392 81 0.03855013847351074
decode: 81 0 437473 81 0.03853631019592285
decode: 81 0 437554 81 0.03851151466369629
decode: 81 0 437635 81 0.038492679595947266
decode: 81 0 437716 81 0.03848695755004883
decode: 81 0 437797 81 0.03857755661010742
decode: 81 0 437878 81 0.038657426834106445
decode: 81 0 437959 81 0.03857707977294922
decode: 80 0 435172 80 0.038376569747924805
decode: 80 0 435252 80 0.03836631774902344
decode: 80 0 435332 80 0.03838849067687988
decode: 80 0 435412 80 0.03844857215881348
decode: 80 0 435492 80 0.03842306137084961
decode: 80 0 435572 80 0.03839445114135742
decode: 80 0 435652 80 0.0384063720703125
decode: 80 0 435732 80 0.038506269454956055
decode: 80 0 435812 80 0.038491010665893555
decode: 80 0 435892 80 0.03844308853149414
decode: 80 0 435972 80 0.03838658332824707
decode: 80 0 436052 80 0.0384063720703125
decode: 80 0 436132 80 0.03850889205932617
decode: 80 0 436212 80 0.03846597671508789
decode: 80 0 436292 80 0.03844118118286133
decode: 80 0 436372 80 0.03845047950744629
decode: 80 0 436452 80 0.03846311569213867
decode: 80 0 436532 80 0.03851771354675293
decode: 80 0 436612 80 0.03854179382324219
decode: 80 0 436692 80 0.038486480712890625
decode: 80 0 436772 80 0.038450002670288086
decode: 80 0 436852 80 0.03849482536315918
decode: 80 0 436932 80 0.03858613967895508
decode: 80 0 437012 80 0.03852367401123047
decode: 80 0 437092 80 0.03850436210632324
decode: 80 0 437172 80 0.038608551025390625
decode: 80 0 437252 80 0.038641929626464844
decode: 80 0 437332 80 0.03858470916748047
decode: 80 0 437412 80 0.03848767280578613
decode: 80 0 437492 80 0.03853464126586914
decode: 80 0 437572 80 0.03859448432922363
decode: 80 0 437652 80 0.03862595558166504
decode: 80 0 437732 80 0.038598060607910156
decode: 80 0 437812 80 0.03880453109741211
decode: 80 0 437892 80 0.0386655330657959
decode: 80 0 437972 80 0.038651466369628906
decode: 80 0 438052 80 0.03862309455871582
decode: 80 0 438132 80 0.038567304611206055
decode: 80 0 438212 80 0.03859400749206543
decode: 80 0 438292 80 0.03872990608215332
decode: 79 0 435138 79 0.0387272834777832
mixed: 79 1 435138 2048 0.08490681648254395
mixed: 79 1 437186 1599 0.08045411109924316
decode: 80 0 438865 80 0.039499521255493164
decode: 80 0 438945 80 0.03891110420227051
decode: 80 0 439025 80 0.038863182067871094
decode: 80 0 439105 80 0.03892254829406738
decode: 80 0 439185 80 0.03887677192687988
decode: 80 0 439265 80 0.038878440856933594
decode: 80 0 439345 80 0.03905200958251953
decode: 80 0 439425 80 0.03891921043395996
decode: 80 0 439505 80 0.03873753547668457
decode: 80 0 439585 80 0.038778066635131836
decode: 80 0 439665 80 0.038892269134521484
decode: 80 0 439745 80 0.038791656494140625
decode: 80 0 439825 80 0.03876614570617676
decode: 80 0 439905 80 0.038770198822021484
decode: 80 0 439985 80 0.0388178825378418
decode: 80 0 440065 80 0.03871607780456543
decode: 79 0 436070 79 0.038225650787353516
mixed: 79 1 436070 2048 0.08098673820495605
mixed: 79 1 438118 1353 0.07355022430419922
decode: 79 0 432539 79 0.03736162185668945
mixed: 79 1 432539 2048 0.08320212364196777
mixed: 79 1 434587 2048 0.09076213836669922
mixed: 79 1 436635 2048 0.09611320495605469
mixed: 79 1 438683 726 0.050116777420043945
decode: 80 0 439489 80 0.038880109786987305
decode: 80 0 439569 80 0.038109540939331055
decode: 80 0 439649 80 0.03806304931640625
decode: 80 0 439729 80 0.038129329681396484
decode: 80 0 439809 80 0.03810381889343262
decode: 80 0 439889 80 0.0381169319152832
decode: 80 0 439969 80 0.03815054893493652
decode: 80 0 440049 80 0.03818345069885254
decode: 80 0 440129 80 0.03799772262573242
decode: 80 0 440209 80 0.038001060485839844
decode: 80 0 440289 80 0.03792142868041992
decode: 80 0 440369 80 0.03794097900390625
decode: 80 0 440449 80 0.038008928298950195
decode: 80 0 440529 80 0.03806662559509277
decode: 80 0 440609 80 0.03802156448364258
decode: 79 0 435875 79 0.0364689826965332
mixed: 79 1 435875 2048 0.0833735466003418
mixed: 78 1 429746 2048 0.09105825424194336
mixed: 78 2 431794 2048 0.09210753440856934
mixed: 79 1 433842 2048 0.0859518051147461
mixed: 79 1 435890 1691 0.08357834815979004
decode: 80 0 437661 80 0.03817152976989746
decode: 80 0 437741 80 0.03708386421203613
decode: 80 0 437821 80 0.03692221641540527
decode: 80 0 437901 80 0.0369565486907959
decode: 80 0 437981 80 0.036989450454711914
decode: 79 0 431475 79 0.03700733184814453
mixed: 78 1 427570 2047 0.08381104469299316
mixed: 78 1 429617 2048 0.09111762046813965
mixed: 78 1 431665 2048 0.09650135040283203
mixed: 78 2 433713 2048 0.08793282508850098
mixed: 79 1 435761 274 0.034061431884765625
decode: 80 0 436115 80 0.036540985107421875
decode: 80 0 436195 80 0.036211490631103516
decode: 80 0 436275 80 0.03610420227050781
decode: 80 0 436355 80 0.03609776496887207
decode: 80 0 436435 80 0.03611564636230469
decode: 80 0 436515 80 0.03610682487487793
decode: 80 0 436595 80 0.03618621826171875
decode: 80 0 436675 80 0.03621840476989746
decode: 80 0 436755 80 0.036108970642089844
decode: 80 0 436835 80 0.03628706932067871
decode: 80 0 436915 80 0.03631019592285156
decode: 80 0 436995 80 0.03629255294799805
decode: 80 0 437075 80 0.03620433807373047
decode: 80 0 437155 80 0.036301374435424805
decode: 80 0 437235 80 0.03608226776123047
decode: 80 0 437315 80 0.03606986999511719
decode: 80 0 437395 80 0.03614687919616699
decode: 80 0 437475 80 0.03616642951965332
decode: 80 0 437555 80 0.03614497184753418
decode: 80 0 437635 80 0.03606224060058594
decode: 80 0 437715 80 0.0361175537109375
decode: 80 0 437795 80 0.03612399101257324
decode: 80 0 437875 80 0.036132097244262695
decode: 80 0 437955 80 0.03612923622131348
decode: 80 0 438035 80 0.03605771064758301
decode: 80 0 438115 80 0.03606224060058594
decode: 80 0 438195 80 0.036530494689941406
decode: 80 0 438275 80 0.036277055740356445
decode: 80 0 438355 80 0.03614687919616699
decode: 80 0 438435 80 0.03614163398742676
decode: 80 0 438515 80 0.03632974624633789
decode: 80 0 438595 80 0.03615379333496094
decode: 80 0 438675 80 0.036121368408203125
decode: 80 0 438755 80 0.03618216514587402
decode: 80 0 438835 80 0.036221981048583984
decode: 79 0 437207 79 0.03986382484436035
mixed: 78 1 428995 2047 0.08311629295349121
mixed: 77 1 424628 2048 0.09024977684020996
mixed: 77 2 426676 2048 0.09464240074157715
mixed: 78 1 428724 2048 0.08828258514404297
mixed: 78 2 430772 2048 0.0859231948852539
mixed: 79 1 432820 2048 0.08825063705444336
mixed: 79 1 434868 2048 0.09430575370788574
mixed: 79 1 436916 1019 0.05513119697570801
decode: 80 0 438015 80 0.04009675979614258
decode: 80 0 438095 80 0.03912615776062012
decode: 80 0 438175 80 0.03874087333679199
decode: 80 0 438255 80 0.03879976272583008
decode: 80 0 438335 80 0.03904223442077637
decode: 80 0 438415 80 0.03884625434875488
decode: 80 0 438495 80 0.03887319564819336
decode: 80 0 438575 80 0.038828134536743164
decode: 80 0 438655 80 0.0387728214263916
decode: 80 0 438735 80 0.038660526275634766
decode: 80 0 438815 80 0.038613080978393555
decode: 80 0 438895 80 0.03860306739807129
decode: 80 0 438975 80 0.03856849670410156
decode: 80 0 439055 80 0.03863215446472168
decode: 80 0 439135 80 0.03903937339782715
decode: 80 0 439215 80 0.03874659538269043
decode: 80 0 439295 80 0.03890728950500488
decode: 80 0 439375 80 0.038680076599121094
decode: 80 0 439455 80 0.0386652946472168
decode: 80 0 439535 80 0.03879737854003906
decode: 80 0 439615 80 0.03873491287231445
decode: 80 0 439695 80 0.038747549057006836
decode: 80 0 439775 80 0.038698673248291016
decode: 79 0 430025 79 0.03889799118041992
mixed: 78 1 426680 2047 0.08227682113647461
mixed: 78 2 428727 2048 0.08698749542236328
mixed: 79 2 430775 2048 0.08417701721191406
mixed: 80 1 432823 2048 0.08689594268798828
mixed: 80 1 434871 2048 0.09353208541870117
mixed: 80 2 436919 1735 0.08035087585449219
decode: 82 0 438736 82 0.03979921340942383
decode: 82 0 438818 82 0.038522958755493164
decode: 82 0 438900 82 0.03829789161682129
decode: 82 0 438982 82 0.03845977783203125
decode: 82 0 439064 82 0.03835153579711914
decode: 82 0 439146 82 0.03876137733459473
decode: 82 0 439228 82 0.03843379020690918
decode: 82 0 439310 82 0.038693904876708984
decode: 81 0 431510 81 0.03753376007080078
mixed: 81 2 431510 2048 0.0834047794342041
mixed: 82 1 433558 2048 0.08514976501464844
mixed: 82 1 435606 2048 0.09123992919921875
mixed: 82 1 437654 2048 0.09753727912902832
mixed: 82 1 439702 1821 0.095947265625
decode: 83 0 441606 83 0.04077625274658203
decode: 83 0 441689 83 0.03899025917053223
decode: 83 0 441772 83 0.03866267204284668
decode: 83 0 441855 83 0.038739681243896484
decode: 83 0 441938 83 0.038796186447143555
decode: 82 0 439116 82 0.03721880912780762
decode: 82 0 439198 82 0.03680300712585449
decode: 82 0 439280 82 0.03709149360656738
decode: 82 0 439362 82 0.0366518497467041
decode: 82 0 439444 82 0.037087440490722656
decode: 82 0 439526 82 0.036657094955444336
decode: 82 0 439608 82 0.036605119705200195
decode: 82 0 439690 82 0.03693532943725586
decode: 81 0 433494 81 0.03720355033874512
mixed: 81 1 433494 2048 0.08335208892822266
mixed: 81 2 435542 2048 0.08348846435546875
mixed: 82 1 437590 458 0.039710283279418945
decode: 83 0 438131 83 0.03758955001831055
decode: 83 0 438214 83 0.037869930267333984
decode: 83 0 438297 83 0.03738999366760254
decode: 83 0 438380 83 0.037641048431396484
decode: 83 0 438463 83 0.03739142417907715
decode: 83 0 438546 83 0.03743386268615723
decode: 83 0 438629 83 0.0374302864074707
decode: 83 0 438712 83 0.03734254837036133
decode: 83 0 438795 83 0.037184953689575195
decode: 83 0 438878 83 0.03713417053222656
decode: 83 0 438961 83 0.037093400955200195
decode: 82 0 433838 82 0.03706979751586914
mixed: 82 1 433838 2048 0.08335137367248535
mixed: 82 1 435886 1783 0.0835416316986084
decode: 83 0 437752 83 0.041155338287353516
decode: 83 0 437835 83 0.04044079780578613
decode: 83 0 437918 83 0.040253400802612305
decode: 83 0 438001 83 0.039936065673828125
decode: 83 0 438084 83 0.04053163528442383
decode: 82 0 431985 82 0.04107785224914551
mixed: 82 1 431985 2048 0.08326935768127441
mixed: 82 1 434033 2048 0.09228086471557617
mixed: 82 1 436081 2048 0.09579157829284668
mixed: 82 1 438129 989 0.057431936264038086
decode: 83 0 439201 83 0.04070639610290527
decode: 83 0 439284 83 0.03999590873718262
decode: 83 0 439367 83 0.04037308692932129
decode: 83 0 439450 83 0.03990626335144043
decode: 83 0 439533 83 0.03982877731323242
decode: 83 0 439616 83 0.04042673110961914
decode: 83 0 439699 83 0.03993988037109375
decode: 83 0 439782 83 0.03963756561279297
decode: 83 0 439865 83 0.04016304016113281
decode: 83 0 439948 83 0.039687156677246094
decode: 83 0 440031 83 0.03965878486633301
decode: 83 0 440114 83 0.04022049903869629
decode: 83 0 440197 83 0.03966927528381348
decode: 83 0 440280 83 0.03969264030456543
decode: 83 0 440363 83 0.04017496109008789
decode: 83 0 440446 83 0.03968667984008789
decode: 83 0 440529 83 0.0397028923034668
decode: 83 0 440612 83 0.0398409366607666
decode: 82 0 432316 82 0.0368504524230957
mixed: 82 2 432316 2048 0.08087778091430664
mixed: 83 2 434364 2048 0.0857541561126709
mixed: 84 1 436412 2048 0.09036588668823242
mixed: 84 1 438460 261 0.03422427177429199
decode: 85 0 438806 85 0.037832021713256836
decode: 85 0 438891 85 0.03712010383605957
decode: 85 0 438976 85 0.037456512451171875
decode: 85 0 439061 85 0.037110090255737305
decode: 85 0 439146 85 0.03712868690490723
decode: 85 0 439231 85 0.03764939308166504
decode: 85 0 439316 85 0.03695487976074219
decode: 85 0 439401 85 0.03695178031921387
decode: 85 0 439486 85 0.03691506385803223
decode: 85 0 439571 85 0.03747081756591797
decode: 85 0 439656 85 0.036917924880981445
decode: 85 0 439741 85 0.03731870651245117
decode: 85 0 439826 85 0.036960601806640625
decode: 84 0 434625 84 0.039179325103759766
decode: 84 0 434709 84 0.0390474796295166
decode: 84 0 434793 84 0.03904581069946289
decode: 84 0 434877 84 0.039010047912597656
decode: 84 0 434961 84 0.03939247131347656
decode: 84 0 435045 84 0.03944730758666992
decode: 84 0 435129 84 0.03908276557922363
decode: 84 0 435213 84 0.039508819580078125
decode: 84 0 435297 84 0.03907203674316406
decode: 84 0 435381 84 0.03907632827758789
decode: 84 0 435465 84 0.03940749168395996
decode: 84 0 435549 84 0.03909182548522949
decode: 84 0 435633 84 0.03946280479431152
decode: 84 0 435717 84 0.039077043533325195
decode: 84 0 435801 84 0.039437055587768555
decode: 84 0 435885 84 0.03950977325439453
decode: 84 0 435969 84 0.03910946846008301
decode: 84 0 436053 84 0.03965616226196289
decode: 84 0 436137 84 0.03915143013000488
decode: 84 0 436221 84 0.03981328010559082
decode: 84 0 436305 84 0.039124488830566406
decode: 84 0 436389 84 0.03959774971008301
decode: 84 0 436473 84 0.03918600082397461
decode: 84 0 436557 84 0.03919363021850586
decode: 84 0 436641 84 0.03943014144897461
decode: 84 0 436725 84 0.03919076919555664
decode: 84 0 436809 84 0.03957557678222656
decode: 84 0 436893 84 0.039138078689575195
decode: 84 0 436977 84 0.039702653884887695
decode: 84 0 437061 84 0.03915286064147949
decode: 84 0 437145 84 0.03923511505126953
decode: 84 0 437229 84 0.0392298698425293
decode: 83 0 433753 83 0.039354801177978516
mixed: 83 1 433753 2048 0.08209514617919922
mixed: 83 1 435801 2048 0.09057354927062988
mixed: 83 1 437849 2048 0.09703588485717773
mixed: 83 1 439897 411 0.04122638702392578
decode: 84 0 440392 84 0.040650129318237305
decode: 84 0 440476 84 0.040209054946899414
decode: 84 0 440560 84 0.040622711181640625
decode: 84 0 440644 84 0.04075455665588379
decode: 84 0 440728 84 0.04022383689880371
decode: 84 0 440812 84 0.040262460708618164
decode: 84 0 440896 84 0.04016852378845215
decode: 83 0 434402 83 0.038437843322753906
mixed: 83 1 434402 2048 0.08440661430358887
mixed: 83 2 436450 1683 0.07829141616821289
decode: 85 0 438218 85 0.03883004188537598
decode: 85 0 438303 85 0.03884434700012207
decode: 85 0 438388 85 0.03838348388671875
decode: 85 0 438473 85 0.03883862495422363
decode: 85 0 438558 85 0.03847098350524902
decode: 84 0 435150 84 0.04052400588989258
mixed: 84 1 435150 2048 0.08472871780395508
mixed: 83 2 428408 2048 0.08796453475952148
mixed: 84 1 430456 2048 0.08655619621276855
mixed: 84 2 432504 2048 0.08904099464416504
mixed: 85 1 434552 2048 0.08646702766418457
mixed: 85 2 436600 2048 0.09044027328491211
mixed: 86 1 438648 2048 0.08489274978637695
mixed: 86 1 440696 468 0.04115462303161621
decode: 86 0 433813 86 0.039459943771362305
decode: 85 0 431469 85 0.03998565673828125
decode: 85 0 431554 85 0.03939414024353027
decode: 85 0 431639 85 0.03938913345336914
decode: 85 0 431724 85 0.03980588912963867
decode: 85 0 431809 85 0.039374351501464844
decode: 85 0 431894 85 0.03962540626525879
decode: 85 0 431979 85 0.03914690017700195
decode: 85 0 432064 85 0.039819955825805664
decode: 85 0 432149 85 0.03922724723815918
decode: 85 0 432234 85 0.03926539421081543
decode: 85 0 432319 85 0.0396726131439209
decode: 85 0 432404 85 0.039279937744140625
decode: 85 0 432489 85 0.0394895076751709
decode: 84 0 424806 84 0.0373234748840332
mixed: 84 1 424806 2048 0.08205103874206543
mixed: 84 2 426854 2048 0.08765268325805664
mixed: 85 1 428902 2048 0.08727598190307617
mixed: 85 1 430950 2048 0.09224081039428711
mixed: 85 1 432998 1139 0.06133842468261719
decode: 86 0 434223 86 0.038999319076538086
decode: 86 0 434309 86 0.037279605865478516
decode: 86 0 434395 86 0.037500619888305664
decode: 86 0 434481 86 0.037153005599975586
decode: 86 0 434567 86 0.037094831466674805
decode: 86 0 434653 86 0.03752779960632324
decode: 86 0 434739 86 0.037261247634887695
decode: 86 0 434825 86 0.03724312782287598
decode: 86 0 434911 86 0.03695034980773926
decode: 86 0 434997 86 0.03691387176513672
decode: 86 0 435083 86 0.037314414978027344
decode: 86 0 435169 86 0.03705191612243652
decode: 86 0 435255 86 0.03693985939025879
decode: 86 0 435341 86 0.0372614860534668
decode: 86 0 435427 86 0.037017107009887695
decode: 86 0 435513 86 0.03708600997924805
decode: 86 0 435599 86 0.03747272491455078
decode: 86 0 435685 86 0.03698301315307617
decode: 86 0 435771 86 0.037400245666503906
decode: 86 0 435857 86 0.03709721565246582
decode: 86 0 435943 86 0.03776216506958008
decode: 86 0 436029 86 0.037020206451416016
decode: 86 0 436115 86 0.037546634674072266
decode: 86 0 436201 86 0.03703022003173828
decode: 86 0 436287 86 0.03712582588195801
decode: 86 0 436373 86 0.03725075721740723
decode: 86 0 436459 86 0.03705263137817383
decode: 86 0 436545 86 0.03705334663391113
decode: 86 0 436631 86 0.03701519966125488
decode: 86 0 436717 86 0.037577152252197266
decode: 86 0 436803 86 0.0370793342590332
decode: 86 0 436889 86 0.03735971450805664
decode: 86 0 436975 86 0.037056922912597656
decode: 86 0 437061 86 0.037238121032714844
decode: 86 0 437147 86 0.03746461868286133
decode: 86 0 437233 86 0.03738522529602051
decode: 86 0 437319 86 0.03703165054321289
decode: 86 0 437405 86 0.03714418411254883
decode: 86 0 437491 86 0.037558555603027344
decode: 86 0 437577 86 0.0378422737121582
decode: 86 0 437663 86 0.03716731071472168
decode: 86 0 437749 86 0.037062883377075195
decode: 86 0 437835 86 0.03766465187072754
decode: 86 0 437921 86 0.03777194023132324
decode: 86 0 438007 86 0.037096261978149414
decode: 86 0 438093 86 0.03717446327209473
decode: 86 0 438179 86 0.037680625915527344
decode: 86 0 438265 86 0.03713512420654297
decode: 86 0 438351 86 0.03713369369506836
decode: 86 0 438437 86 0.03708839416503906
decode: 86 0 438523 86 0.03766202926635742
decode: 86 0 438609 86 0.037175655364990234
decode: 86 0 438695 86 0.03747820854187012
decode: 86 0 438781 86 0.03713059425354004
decode: 86 0 438867 86 0.03794980049133301
decode: 86 0 438953 86 0.03775167465209961
decode: 86 0 439039 86 0.037393808364868164
decode: 86 0 439125 86 0.03737354278564453
decode: 86 0 439211 86 0.03741335868835449
decode: 86 0 439297 86 0.03739738464355469
decode: 86 0 439383 86 0.037290096282958984
decode: 86 0 439469 86 0.037203073501586914
decode: 86 0 439555 86 0.03724312782287598
decode: 86 0 439641 86 0.03734755516052246
decode: 86 0 439727 86 0.038062095642089844
decode: 86 0 439813 86 0.03744983673095703
decode: 86 0 439899 86 0.038381338119506836
decode: 86 0 439985 86 0.03755807876586914
decode: 86 0 440071 86 0.03731656074523926
decode: 86 0 440157 86 0.03724193572998047
decode: 86 0 440243 86 0.03777194023132324
decode: 86 0 440329 86 0.03722882270812988
decode: 86 0 440415 86 0.03769707679748535
decode: 86 0 440501 86 0.03719925880432129
decode: 86 0 440587 86 0.037371158599853516
decode: 86 0 440673 86 0.03733420372009277
decode: 86 0 440759 86 0.03778672218322754
decode: 86 0 440845 86 0.0373072624206543
decode: 86 0 440931 86 0.037369489669799805
decode: 86 0 441017 86 0.037314414978027344
decode: 86 0 441103 86 0.03784632682800293
decode: 86 0 441189 86 0.037369489669799805
decode: 86 0 441275 86 0.037697792053222656
decode: 86 0 441361 86 0.037346601486206055
decode: 86 0 441447 86 0.03781843185424805
decode: 86 0 441533 86 0.03728055953979492
decode: 85 0 438109 85 0.03819704055786133
mixed: 84 1 435211 2047 0.08423781394958496
mixed: 83 1 428345 2048 0.09133267402648926
mixed: 83 2 430393 2048 0.08565783500671387
mixed: 84 2 432441 2048 0.08740019798278809
mixed: 85 1 434489 2048 0.09058713912963867
mixed: 85 1 436537 412 0.040677785873413086
decode: 86 0 437035 86 0.0363306999206543
decode: 86 0 437121 86 0.03629326820373535
decode: 86 0 437207 86 0.036559104919433594
decode: 86 0 437293 86 0.03607916831970215
decode: 86 0 437379 86 0.03657793998718262
decode: 86 0 437465 86 0.036179542541503906
decode: 86 0 437551 86 0.036219120025634766
decode: 86 0 437637 86 0.036736249923706055
decode: 86 0 437723 86 0.036150455474853516
decode: 86 0 437809 86 0.035997867584228516
decode: 86 0 437895 86 0.03638172149658203
decode: 85 0 429404 85 0.03998875617980957
mixed: 84 1 425741 2047 0.08482623100280762
mixed: 84 1 427788 2048 0.09044933319091797
mixed: 83 1 424484 2048 0.09634780883789062
mixed: 83 2 426532 2048 0.10105252265930176
mixed: 84 1 428580 2048 0.08516979217529297
mixed: 84 2 430628 2048 0.08501696586608887
mixed: 85 1 432676 2048 0.09015297889709473
mixed: 85 1 434724 2048 0.09573101997375488
mixed: 85 1 436772 668 0.050276756286621094
decode: 86 0 437526 86 0.03987741470336914
decode: 86 0 437612 86 0.039116859436035156
decode: 86 0 437698 86 0.03920578956604004
decode: 86 0 437784 86 0.03921175003051758
decode: 86 0 437870 86 0.03956747055053711
decode: 86 0 437956 86 0.03919672966003418
decode: 86 0 438042 86 0.03933215141296387
decode: 86 0 438128 86 0.03908038139343262
decode: 86 0 438214 86 0.039449214935302734
decode: 86 0 438300 86 0.03896450996398926
decode: 86 0 438386 86 0.03940844535827637
decode: 86 0 438472 86 0.038949012756347656
decode: 86 0 438558 86 0.03934049606323242
decode: 86 0 438644 86 0.038962364196777344
decode: 86 0 438730 86 0.03942370414733887
decode: 86 0 438816 86 0.03908586502075195
decode: 85 0 429021 85 0.03745579719543457
mixed: 85 1 429021 2048 0.08318018913269043
mixed: 85 1 431069 2048 0.09018301963806152
mixed: 85 1 433117 2048 0.0965878963470459
mixed: 85 2 435165 2048 0.09739542007446289
mixed: 86 1 437213 2048 0.08522439002990723
mixed: 86 1 439261 1606 0.08108329772949219
decode: 87 0 440954 87 0.040117502212524414
decode: 87 0 441041 87 0.040090322494506836
decode: 87 0 441128 87 0.039221763610839844
decode: 87 0 441215 87 0.03919219970703125
decode: 87 0 441302 87 0.0395197868347168
decode: 87 0 441389 87 0.03921651840209961
decode: 87 0 441476 87 0.03914833068847656
decode: 86 0 431939 86 0.03785967826843262
mixed: 86 1 431939 2048 0.08262085914611816
mixed: 86 1 433987 2048 0.09069204330444336
mixed: 86 1 436035 1429 0.07795023918151855
decode: 86 0 432998 86 0.0409696102142334
decode: 86 0 433084 86 0.03987908363342285
decode: 86 0 433170 86 0.03961372375488281
decode: 86 0 433256 86 0.03971576690673828
decode: 86 0 433342 86 0.03965187072753906
decode: 86 0 433428 86 0.040048837661743164
decode: 86 0 433514 86 0.03959250450134277
decode: 86 0 433600 86 0.03994464874267578
decode: 86 0 433686 86 0.03944993019104004
decode: 86 0 433772 86 0.039424896240234375
decode: 86 0 433858 86 0.03933858871459961
decode: 86 0 433944 86 0.03945565223693848
decode: 86 0 434030 86 0.039696455001831055
decode: 85 0 428664 85 0.03858494758605957
mixed: 85 1 428664 2048 0.08537006378173828
mixed: 85 1 430712 2048 0.08964705467224121
mixed: 85 1 432760 2048 0.09582114219665527
mixed: 85 1 434808 2048 0.1020805835723877
mixed: 85 1 436856 157 0.03183102607727051
decode: 86 0 437099 86 0.04016828536987305
decode: 86 0 437185 86 0.03958749771118164
decode: 86 0 437271 86 0.04011273384094238
decode: 86 0 437357 86 0.03961682319641113
decode: 86 0 437443 86 0.039591073989868164
decode: 86 0 437529 86 0.039513587951660156
decode: 86 0 437615 86 0.03934907913208008
decode: 86 0 437701 86 0.03923654556274414
decode: 85 0 435132 85 0.039267539978027344
decode: 85 0 435217 85 0.03923201560974121
decode: 85 0 435302 85 0.03932380676269531
decode: 85 0 435387 85 0.03931450843811035
decode: 85 0 435472 85 0.039299726486206055
decode: 84 0 430630 84 0.03823351860046387
decode: 84 0 430714 84 0.0382535457611084
decode: 84 0 430798 84 0.03838801383972168
decode: 84 0 430882 84 0.038355112075805664
decode: 84 0 430966 84 0.038263559341430664
decode: 84 0 431050 84 0.03825187683105469
decode: 84 0 431134 84 0.03831338882446289
decode: 84 0 431218 84 0.03838801383972168
decode: 84 0 431302 84 0.03835606575012207
decode: 84 0 431386 84 0.038260459899902344
decode: 84 0 431470 84 0.03827953338623047
decode: 84 0 431554 84 0.03833746910095215
decode: 84 0 431638 84 0.03840208053588867
decode: 84 0 431722 84 0.03837728500366211
decode: 84 0 431806 84 0.038339853286743164
decode: 84 0 431890 84 0.03838777542114258
decode: 84 0 431974 84 0.03840065002441406
decode: 84 0 432058 84 0.0384831428527832
decode: 84 0 432142 84 0.038370609283447266
decode: 84 0 432226 84 0.03835487365722656
decode: 84 0 432310 84 0.03838062286376953
decode: 84 0 432394 84 0.0384368896484375
decode: 84 0 432478 84 0.03860116004943848
decode: 84 0 432562 84 0.038358211517333984
decode: 84 0 432646 84 0.03835463523864746
decode: 84 0 432730 84 0.03852128982543945
decode: 84 0 432814 84 0.03857421875
decode: 84 0 432898 84 0.0384213924407959
decode: 84 0 432982 84 0.03834676742553711
decode: 84 0 433066 84 0.03841114044189453
decode: 84 0 433150 84 0.03850221633911133
decode: 84 0 433234 84 0.03858518600463867
decode: 84 0 433318 84 0.03845405578613281
decode: 84 0 433402 84 0.038413047790527344
decode: 84 0 433486 84 0.038428306579589844
decode: 84 0 433570 84 0.03856062889099121
decode: 84 0 433654 84 0.03852272033691406
decode: 84 0 433738 84 0.03847312927246094
decode: 84 0 433822 84 0.03848457336425781
decode: 84 0 433906 84 0.03852438926696777
decode: 84 0 433990 84 0.03855276107788086
decode: 84 0 434074 84 0.03857278823852539
decode: 84 0 434158 84 0.038457393646240234
decode: 84 0 434242 84 0.03851890563964844
decode: 84 0 434326 84 0.038532257080078125
decode: 84 0 434410 84 0.03858137130737305
decode: 84 0 434494 84 0.03852343559265137
decode: 84 0 434578 84 0.03850364685058594
decode: 84 0 434662 84 0.03860354423522949
decode: 84 0 434746 84 0.03864645957946777
decode: 84 0 434830 84 0.0386502742767334
decode: 84 0 434914 84 0.03847098350524902
decode: 84 0 434998 84 0.0384976863861084
decode: 84 0 435082 84 0.038623809814453125
decode: 84 0 435166 84 0.03859519958496094
decode: 84 0 435250 84 0.03857278823852539
decode: 84 0 435334 84 0.03857731819152832
decode: 84 0 435418 84 0.03855466842651367
decode: 84 0 435502 84 0.03866243362426758
decode: 84 0 435586 84 0.03865933418273926
decode: 84 0 435670 84 0.03862118721008301
decode: 84 0 435754 84 0.03857827186584473
decode: 84 0 435838 84 0.03867220878601074
decode: 84 0 435922 84 0.03860950469970703
decode: 84 0 436006 84 0.03857731819152832
decode: 84 0 436090 84 0.03870344161987305
decode: 84 0 436174 84 0.038747549057006836
decode: 84 0 436258 84 0.03857898712158203
decode: 83 0 433970 83 0.03901267051696777
decode: 83 0 434053 83 0.039087533950805664
decode: 83 0 434136 83 0.039116859436035156
decode: 83 0 434219 83 0.03908181190490723
decode: 83 0 434302 83 0.03905749320983887
decode: 83 0 434385 83 0.03904271125793457
decode: 83 0 434468 83 0.03909659385681152
decode: 83 0 434551 83 0.039130210876464844
decode: 83 0 434634 83 0.039067983627319336
decode: 82 0 430919 82 0.03908085823059082
mixed: 82 1 430919 2048 0.08350563049316406
mixed: 82 1 432967 2048 0.09032440185546875
mixed: 82 1 435015 2048 0.09592890739440918
mixed: 82 1 437063 1044 0.060622215270996094
decode: 83 0 438190 83 0.04215264320373535
decode: 83 0 438273 83 0.04065060615539551
decode: 83 0 438356 83 0.04046344757080078
decode: 83 0 438439 83 0.0405120849609375
decode: 83 0 438522 83 0.0405733585357666
decode: 83 0 438605 83 0.04056072235107422
decode: 83 0 438688 83 0.040410518646240234
decode: 83 0 438771 83 0.04037785530090332
decode: 83 0 438854 83 0.04019761085510254
decode: 83 0 438937 83 0.04018402099609375
decode: 83 0 439020 83 0.040212392807006836
decode: 83 0 439103 83 0.040215253829956055
decode: 83 0 439186 83 0.040239572525024414
decode: 83 0 439269 83 0.040291786193847656
decode: 83 0 439352 83 0.04030299186706543
decode: 82 0 432325 82 0.03811144828796387
mixed: 82 1 432325 2048 0.08097267150878906
mixed: 82 1 434373 2048 0.09044480323791504
mixed: 82 1 436421 2048 0.09574341773986816
mixed: 82 1 438469 154 0.030647993087768555
decode: 83 0 438706 83 0.03923225402832031
decode: 83 0 438789 83 0.038449764251708984
decode: 83 0 438872 83 0.03841805458068848
decode: 83 0 438955 83 0.038515567779541016
decode: 83 0 439038 83 0.038433074951171875
decode: 83 0 439121 83 0.03848385810852051
decode: 83 0 439204 83 0.038475751876831055
decode: 83 0 439287 83 0.038305044174194336
decode: 83 0 439370 83 0.03830122947692871
decode: 83 0 439453 83 0.0383152961730957
decode: 83 0 439536 83 0.03818798065185547
decode: 83 0 439619 83 0.03826570510864258
decode: 83 0 439702 83 0.03837776184082031
decode: 83 0 439785 83 0.03836512565612793
decode: 83 0 439868 83 0.0382537841796875
decode: 83 0 439951 83 0.038313865661621094
decode: 83 0 440034 83 0.03822827339172363
decode: 83 0 440117 83 0.03840923309326172
decode: 83 0 440200 83 0.03831624984741211
decode: 83 0 440283 83 0.03835010528564453
decode: 83 0 440366 83 0.038222312927246094
decode: 82 0 432605 82 0.041286468505859375
mixed: 82 1 432605 2048 0.08275055885314941
mixed: 82 1 434653 2048 0.09040427207946777
mixed: 82 2 436701 2048 0.09166264533996582
mixed: 83 1 438749 796 0.04859113693237305
decode: 84 0 439629 84 0.042363882064819336
decode: 84 0 439713 84 0.04156303405761719
decode: 84 0 439797 84 0.04155874252319336
decode: 84 0 439881 84 0.0415956974029541
decode: 83 0 431093 83 0.0398707389831543
mixed: 81 1 424363 2046 0.08495068550109863
mixed: 81 1 426409 2048 0.08931970596313477
mixed: 80 2 424590 2048 0.08914804458618164
mixed: 81 1 426638 2048 0.08585333824157715
mixed: 81 1 428686 2048 0.09254050254821777
mixed: 81 2 430734 2048 0.09360313415527344
mixed: 82 1 432782 2048 0.08521246910095215
mixed: 81 1 432256 2048 0.09059810638427734
mixed: 81 1 434304 2048 0.09704422950744629
mixed: 81 1 436352 107 0.02946949005126953
decode: 82 0 436541 82 0.03887462615966797
decode: 82 0 436623 82 0.03811335563659668
decode: 82 0 436705 82 0.0379483699798584
decode: 82 0 436787 82 0.03792881965637207
decode: 82 0 436869 82 0.03797197341918945
decode: 82 0 436951 82 0.03803110122680664
decode: 81 0 434766 81 0.040696144104003906
decode: 81 0 434847 81 0.04075980186462402
decode: 81 0 434928 81 0.040541648864746094
decode: 81 0 435009 81 0.04057908058166504
decode: 81 0 435090 81 0.04064512252807617
decode: 80 0 426639 80 0.03696489334106445
mixed: 80 1 426639 2048 0.08240652084350586
mixed: 80 1 428687 2048 0.08993339538574219
mixed: 80 1 430735 2048 0.09538578987121582
mixed: 80 1 432783 1962 0.09916186332702637
decode: 81 0 434826 81 0.038661956787109375
decode: 81 0 434907 81 0.03766965866088867
decode: 81 0 434988 81 0.03744053840637207
decode: 81 0 435069 81 0.03742218017578125
decode: 80 0 428247 80 0.03814363479614258
mixed: 80 1 428247 2048 0.08615469932556152
mixed: 80 1 430295 2048 0.09054422378540039
mixed: 80 1 432343 2048 0.09432721138000488
mixed: 80 2 434391 2048 0.0959467887878418
mixed: 81 1 436439 1412 0.07295703887939453
decode: 82 0 437933 82 0.041738271713256836
decode: 82 0 438015 82 0.040540456771850586
decode: 82 0 438097 82 0.04008007049560547
decode: 82 0 438179 82 0.04002690315246582
decode: 82 0 438261 82 0.040097951889038086
decode: 82 0 438343 82 0.04011034965515137
decode: 82 0 438425 82 0.04012489318847656
decode: 82 0 438507 82 0.040120840072631836
decode: 82 0 438589 82 0.03996706008911133
decode: 82 0 438671 82 0.03992438316345215
decode: 82 0 438753 82 0.03992176055908203
decode: 82 0 438835 82 0.03995704650878906
decode: 82 0 438917 82 0.03994035720825195
decode: 82 0 438999 82 0.03989076614379883
decode: 82 0 439081 82 0.03987741470336914
decode: 82 0 439163 82 0.039910078048706055
decode: 82 0 439245 82 0.04000449180603027
decode: 82 0 439327 82 0.03996396064758301
decode: 82 0 439409 82 0.039893150329589844
decode: 81 0 437350 81 0.03690290451049805
decode: 81 0 437431 81 0.03692054748535156
decode: 81 0 437512 81 0.03694796562194824
decode: 81 0 437593 81 0.03685712814331055
decode: 81 0 437674 81 0.03684067726135254
decode: 81 0 437755 81 0.0368196964263916
decode: 81 0 437836 81 0.03688192367553711
decode: 81 0 437917 81 0.03688645362854004
decode: 81 0 437998 81 0.03685903549194336
decode: 81 0 438079 81 0.03684234619140625
decode: 81 0 438160 81 0.036871910095214844
decode: 81 0 438241 81 0.03690290451049805
decode: 81 0 438322 81 0.036908864974975586
decode: 81 0 438403 81 0.03686380386352539
decode: 80 0 434307 80 0.038523197174072266
mixed: 80 1 434307 2048 0.0836634635925293
mixed: 80 1 436355 2048 0.09016799926757812
mixed: 80 1 438403 665 0.048146963119506836
decode: 81 0 439149 81 0.03726005554199219
decode: 81 0 439230 81 0.036919355392456055
decode: 81 0 439311 81 0.03685331344604492
decode: 80 0 437509 80 0.0380859375
decode: 80 0 437589 80 0.03809690475463867
decode: 80 0 437669 80 0.03808283805847168
decode: 80 0 437749 80 0.038125038146972656
decode: 80 0 437829 80 0.0380864143371582
decode: 80 0 437909 80 0.038010597229003906
decode: 80 0 437989 80 0.03790640830993652
decode: 80 0 438069 80 0.03797006607055664
decode: 80 0 438149 80 0.038019418716430664
decode: 80 0 438229 80 0.03803443908691406
decode: 80 0 438309 80 0.03800344467163086
decode: 80 0 438389 80 0.037920236587524414
decode: 80 0 438469 80 0.037923574447631836
decode: 80 0 438549 80 0.03799939155578613
decode: 80 0 438629 80 0.03803396224975586
decode: 80 0 438709 80 0.03800368309020996
decode: 80 0 438789 80 0.037926673889160156
decode: 80 0 438869 80 0.03792548179626465
decode: 80 0 438949 80 0.0380406379699707
decode: 80 0 439029 80 0.03803515434265137
decode: 79 0 431213 79 0.038055419921875
mixed: 79 1 431213 2048 0.08312082290649414
mixed: 79 1 433261 2048 0.09060096740722656
mixed: 78 2 431106 2048 0.09024572372436523
mixed: 79 1 433154 2048 0.0848231315612793
mixed: 79 1 435202 2048 0.09162449836730957
mixed: 79 2 437250 2048 0.09269070625305176
mixed: 80 1 439298 792 0.0480656623840332
decode: 81 0 440171 81 0.0392909049987793
decode: 81 0 440252 81 0.03855085372924805
decode: 79 0 427706 79 0.036743879318237305
mixed: 79 1 427706 2048 0.08427643775939941
mixed: 79 2 429754 2048 0.08619928359985352
mixed: 80 1 431802 2048 0.0861508846282959
mixed: 80 2 433850 2048 0.08958864212036133
mixed: 81 1 435898 2048 0.08577537536621094
mixed: 81 1 437946 2048 0.0916600227355957
mixed: 81 1 439994 1419 0.08021759986877441
decode: 82 0 441495 82 0.04156756401062012
decode: 81 0 435938 81 0.03936934471130371
decode: 81 0 436019 81 0.038942575454711914
decode: 81 0 436100 81 0.0389103889465332
decode: 81 0 436181 81 0.03892636299133301
decode: 81 0 436262 81 0.03892636299133301
decode: 81 0 436343 81 0.03888273239135742
decode: 81 0 436424 81 0.03887462615966797
decode: 80 0 427146 80 0.03911471366882324
mixed: 80 1 427146 2048 0.07988381385803223
mixed: 80 1 429194 2048 0.09041285514831543
mixed: 80 1 431242 2048 0.09558606147766113
mixed: 80 2 433290 2048 0.09482312202453613
mixed: 81 1 435338 2044 0.08973193168640137
decode: 82 0 437464 82 0.04065132141113281
decode: 82 0 437546 82 0.03899335861206055
decode: 82 0 437628 82 0.038462162017822266
decode: 82 0 437710 82 0.03846621513366699
decode: 82 0 437792 82 0.03851675987243652
decode: 82 0 437874 82 0.038519859313964844
decode: 82 0 437956 82 0.038524627685546875
decode: 82 0 438038 82 0.03854703903198242
decode: 82 0 438120 82 0.03844594955444336
decode: 82 0 438202 82 0.038407325744628906
decode: 82 0 438284 82 0.03843283653259277
decode: 82 0 438366 82 0.03839302062988281
decode: 82 0 438448 82 0.03837132453918457
decode: 82 0 438530 82 0.038312435150146484
decode: 82 0 438612 82 0.0382997989654541
decode: 82 0 438694 82 0.0383450984954834
decode: 82 0 438776 82 0.03842616081237793
decode: 82 0 438858 82 0.038405656814575195
decode: 82 0 438940 82 0.03828024864196777
decode: 82 0 439022 82 0.0383145809173584
decode: 82 0 439104 82 0.03841400146484375
decode: 82 0 439186 82 0.03844594955444336
decode: 82 0 439268 82 0.038378000259399414
decode: 82 0 439350 82 0.03837847709655762
decode: 81 0 432267 81 0.04004812240600586
mixed: 81 1 432267 2048 0.08211803436279297
mixed: 81 1 434315 2048 0.08998942375183105
mixed: 81 1 436363 2048 0.09483861923217773
mixed: 81 1 438411 1676 0.08994865417480469
decode: 82 0 440169 82 0.04006171226501465
decode: 82 0 440251 82 0.03905606269836426
decode: 82 0 440333 82 0.03883934020996094
decode: 82 0 440415 82 0.03894495964050293
decode: 82 0 440497 82 0.03887367248535156
decode: 82 0 440579 82 0.03887367248535156
decode: 82 0 440661 82 0.0388484001159668
decode: 82 0 440743 82 0.03886723518371582
decode: 82 0 440825 82 0.038803815841674805
decode: 82 0 440907 82 0.03880500793457031
decode: 82 0 440989 82 0.03872370719909668
decode: 82 0 441071 82 0.03869938850402832
decode: 82 0 441153 82 0.03867936134338379
decode: 81 0 438883 81 0.039003610610961914
decode: 81 0 438964 81 0.038968801498413086
decode: 81 0 439045 81 0.03896784782409668
decode: 81 0 439126 81 0.03900289535522461
decode: 81 0 439207 81 0.03900313377380371
decode: 81 0 439288 81 0.03901791572570801
decode: 81 0 439369 81 0.038991451263427734
decode: 81 0 439450 81 0.03904986381530762
decode: 80 0 432687 80 0.03694605827331543
mixed: 80 1 432687 2048 0.08260869979858398
mixed: 80 1 434735 2048 0.09023618698120117
mixed: 80 1 436783 2048 0.09569358825683594
mixed: 80 1 438831 1884 0.09500408172607422
decode: 81 0 440796 81 0.04076814651489258
decode: 81 0 440877 81 0.03935861587524414
decode: 81 0 440958 81 0.039269447326660156
decode: 80 0 437223 80 0.037049055099487305
decode: 80 0 437303 80 0.037323951721191406
decode: 80 0 437383 80 0.03715157508850098
decode: 80 0 437463 80 0.037084102630615234
decode: 80 0 437543 80 0.037061214447021484
decode: 80 0 437623 80 0.03706502914428711
decode: 80 0 437703 80 0.0370028018951416
decode: 80 0 437783 80 0.03686165809631348
decode: 80 0 437863 80 0.03680253028869629
decode: 79 0 435095 79 0.037760019302368164
mixed: 79 1 435095 2048 0.0813744068145752
mixed: 79 1 437143 2048 0.09087896347045898
mixed: 79 1 439191 2048 0.09536480903625488
mixed: 79 1 441239 958 0.05457592010498047
decode: 80 0 442277 80 0.03967928886413574
decode: 80 0 442357 80 0.038187265396118164
decode: 80 0 442437 80 0.03798866271972656
decode: 79 0 437537 79 0.03808426856994629
mixed: 79 1 437537 2048 0.08209061622619629
mixed: 79 1 439585 897 0.0503084659576416
decode: 80 0 440562 80 0.03888750076293945
decode: 79 0 432163 79 0.036371707916259766
mixed: 79 1 432163 2048 0.08279776573181152
mixed: 79 1 434211 2048 0.09113311767578125
mixed: 79 1 436259 2048 0.09616947174072266
mixed: 79 1 438307 1737 0.09181070327758789
decode: 80 0 440124 80 0.0396578311920166
decode: 80 0 440204 80 0.03828239440917969
decode: 79 0 431999 79 0.03711390495300293
mixed: 79 1 431999 2048 0.08148956298828125
mixed: 79 1 434047 2048 0.09112930297851562
mixed: 79 1 436095 2048 0.09586453437805176
mixed: 79 1 438143 741 0.05043530464172363
decode: 80 0 438964 80 0.038190364837646484
decode: 80 0 439044 80 0.037250518798828125
decode: 80 0 439124 80 0.03718757629394531
decode: 80 0 439204 80 0.03718757629394531
decode: 80 0 439284 80 0.037209272384643555
decode: 80 0 439364 80 0.03718709945678711
decode: 80 0 439444 80 0.03725075721740723
decode: 80 0 439524 80 0.037230730056762695
decode: 80 0 439604 80 0.03707146644592285
decode: 80 0 439684 80 0.03707766532897949
decode: 80 0 439764 80 0.03709983825683594
decode: 80 0 439844 80 0.03698158264160156
decode: 80 0 439924 80 0.03697562217712402
decode: 80 0 440004 80 0.037049055099487305
decode: 80 0 440084 80 0.03705716133117676
decode: 80 0 440164 80 0.037050724029541016
decode: 80 0 440244 80 0.03699350357055664
decode: 79 0 438002 79 0.03701949119567871
decode: 79 0 438081 79 0.03706073760986328
decode: 79 0 438160 79 0.037076473236083984
decode: 79 0 438239 79 0.037058115005493164
decode: 78 0 433492 78 0.03920340538024902
decode: 78 0 433570 78 0.039200544357299805
decode: 78 0 433648 78 0.03929615020751953
decode: 78 0 433726 78 0.039287567138671875
decode: 78 0 433804 78 0.03923654556274414
decode: 78 0 433882 78 0.03920912742614746
decode: 78 0 433960 78 0.039243459701538086
decode: 78 0 434038 78 0.039299726486206055
decode: 78 0 434116 78 0.03936004638671875
decode: 78 0 434194 78 0.039229393005371094
decode: 78 0 434272 78 0.03925156593322754
decode: 78 0 434350 78 0.03936648368835449
decode: 78 0 434428 78 0.039327144622802734
decode: 78 0 434506 78 0.039306640625
decode: 78 0 434584 78 0.03928256034851074
decode: 78 0 434662 78 0.03931236267089844
decode: 78 0 434740 78 0.03936171531677246
decode: 78 0 434818 78 0.03932666778564453
decode: 77 0 431608 77 0.03692317008972168
mixed: 77 1 431608 2048 0.08050704002380371
mixed: 77 1 433656 2048 0.09018182754516602
mixed: 77 1 435704 2048 0.09842658042907715
mixed: 76 1 431637 2048 0.10010457038879395
mixed: 76 2 433685 2048 0.08394932746887207
mixed: 77 1 435733 2048 0.09006237983703613
mixed: 77 1 437781 671 0.04820990562438965
decode: 78 0 438530 78 0.04112672805786133
decode: 78 0 438608 78 0.04076838493347168
decode: 78 0 438686 78 0.040589094161987305
decode: 78 0 438764 78 0.04066348075866699
decode: 77 0 434565 77 0.03646993637084961
decode: 77 0 434642 77 0.03663039207458496
decode: 77 0 434719 77 0.036579132080078125
decode: 76 0 426177 76 0.03984498977661133
mixed: 76 1 426177 2048 0.08267498016357422
mixed: 76 1 428225 2048 0.08877301216125488
mixed: 76 1 430273 2048 0.09483051300048828
mixed: 76 1 432321 2048 0.09972167015075684
mixed: 75 2 430382 2048 0.08266615867614746
mixed: 76 1 432430 2048 0.08890080451965332
mixed: 76 1 434478 2048 0.09521627426147461
mixed: 76 1 436526 491 0.03973555564880371
decode: 77 0 437094 77 0.039182424545288086
decode: 77 0 437171 77 0.03889036178588867
decode: 77 0 437248 77 0.03888273239135742
decode: 77 0 437325 77 0.03893756866455078
decode: 77 0 437402 77 0.038954973220825195
decode: 77 0 437479 77 0.03894400596618652
decode: 76 0 432226 76 0.036489248275756836
mixed: 76 1 432226 2048 0.08328366279602051
mixed: 76 1 434274 2048 0.09030389785766602
mixed: 76 1 436322 2048 0.09577465057373047
mixed: 76 1 438370 298 0.0346221923828125
decode: 77 0 438745 77 0.038141727447509766
decode: 77 0 438822 77 0.037810325622558594
decode: 77 0 438899 77 0.0379023551940918
decode: 77 0 438976 77 0.03791332244873047
decode: 77 0 439053 77 0.03795480728149414
decode: 77 0 439130 77 0.03784608840942383
decode: 77 0 439207 77 0.037817955017089844
decode: 77 0 439284 77 0.03772401809692383
decode: 77 0 439361 77 0.03763747215270996
decode: 77 0 439438 77 0.037709951400756836
decode: 77 0 439515 77 0.037764787673950195
decode: 77 0 439592 77 0.03781867027282715
decode: 77 0 439669 77 0.037691354751586914
decode: 77 0 439746 77 0.03769326210021973
decode: 77 0 439823 77 0.03777790069580078
decode: 77 0 439900 77 0.037807464599609375
decode: 77 0 439977 77 0.03777956962585449
decode: 77 0 440054 77 0.03768038749694824
decode: 76 0 433187 76 0.03879261016845703
mixed: 76 1 433187 2048 0.0797572135925293
mixed: 76 1 435235 2048 0.09033441543579102
mixed: 76 1 437283 1477 0.07922935485839844
decode: 77 0 438837 77 0.03921651840209961
decode: 77 0 438914 77 0.03797507286071777
decode: 77 0 438991 77 0.03751230239868164
decode: 77 0 439068 77 0.03749203681945801
decode: 77 0 439145 77 0.0375669002532959
decode: 77 0 439222 77 0.037532806396484375
decode: 77 0 439299 77 0.03753471374511719
decode: 77 0 439376 77 0.03758096694946289
decode: 76 0 431010 76 0.03741455078125
mixed: 76 1 431010 2048 0.08101558685302734
mixed: 76 1 433058 2048 0.08975791931152344
mixed: 76 1 435106 2048 0.09551453590393066
mixed: 76 1 437154 2048 0.10046172142028809
mixed: 76 1 439202 271 0.03476428985595703
decode: 77 0 439550 77 0.0377655029296875
decode: 77 0 439627 77 0.03729963302612305
decode: 77 0 439704 77 0.03730034828186035
decode: 77 0 439781 77 0.03723788261413574
decode: 77 0 439858 77 0.0372467041015625
decode: 77 0 439935 77 0.037251949310302734
decode: 77 0 440012 77 0.03729581832885742
decode: 77 0 440089 77 0.03719615936279297
decode: 77 0 440166 77 0.03716921806335449
decode: 77 0 440243 77 0.03719735145568848
decode: 77 0 440320 77 0.037111520767211914
decode: 77 0 440397 77 0.0370938777923584
decode: 77 0 440474 77 0.03714156150817871
decode: 77 0 440551 77 0.037177324295043945
decode: 77 0 440628 77 0.037172794342041016
decode: 77 0 440705 77 0.037109375
decode: 77 0 440782 77 0.03716397285461426
decode: 77 0 440859 77 0.03718924522399902
decode: 77 0 440936 77 0.037262678146362305
decode: 77 0 441013 77 0.03719329833984375
decode: 77 0 441090 77 0.03711223602294922
decode: 77 0 441167 77 0.037108421325683594
decode: 77 0 441244 77 0.03725409507751465
decode: 77 0 441321 77 0.037245750427246094
decode: 77 0 441398 77 0.03722190856933594
decode: 77 0 441475 77 0.037149906158447266
decode: 76 0 435726 76 0.037142038345336914
mixed: 76 1 435726 1419 0.06907510757446289
decode: 77 0 437222 77 0.038353681564331055
decode: 77 0 437299 77 0.03751969337463379
decode: 77 0 437376 77 0.037395477294921875
decode: 76 0 428807 76 0.03855395317077637
mixed: 76 1 428807 2048 0.08496451377868652
mixed: 76 2 430855 2048 0.08727574348449707
mixed: 77 1 432903 2048 0.08475613594055176
mixed: 77 1 434951 333 0.03741097450256348
decode: 78 0 435362 78 0.039305686950683594
decode: 78 0 435440 78 0.038587093353271484
decode: 78 0 435518 78 0.0385739803314209
decode: 78 0 435596 78 0.03865385055541992
decode: 78 0 435674 78 0.038646697998046875
decode: 77 0 428205 77 0.038625478744506836
mixed: 77 1 428205 2048 0.08303141593933105
mixed: 77 1 430253 2048 0.08971261978149414
mixed: 77 1 432301 2048 0.09502768516540527
mixed: 77 1 434349 934 0.0552067756652832
decode: 78 0 435361 78 0.0399172306060791
decode: 78 0 435439 78 0.038884878158569336
decode: 78 0 435517 78 0.038713693618774414
decode: 78 0 435595 78 0.038686275482177734
decode: 78 0 435673 78 0.03870654106140137
decode: 77 0 427901 77 0.038735151290893555
mixed: 77 1 427901 2048 0.08080434799194336
mixed: 77 1 429949 2048 0.09011173248291016
mixed: 77 1 431997 2048 0.09555864334106445
mixed: 77 1 434045 283 0.034253597259521484
decode: 78 0 434406 78 0.039708614349365234
decode: 78 0 434484 78 0.03873085975646973
decode: 78 0 434562 78 0.03874945640563965
decode: 78 0 434640 78 0.03880047798156738
decode: 78 0 434718 78 0.03879666328430176
decode: 78 0 434796 78 0.03874802589416504
decode: 78 0 434874 78 0.03872394561767578
decode: 78 0 434952 78 0.0386350154876709
decode: 78 0 435030 78 0.03855323791503906
decode: 78 0 435108 78 0.03857302665710449
decode: 78 0 435186 78 0.03862142562866211
decode: 78 0 435264 78 0.038629770278930664
decode: 77 0 429791 77 0.036878108978271484
mixed: 77 1 429791 2048 0.08004879951477051
mixed: 77 1 431839 2048 0.0899510383605957
mixed: 77 1 433887 1367 0.07721543312072754
decode: 78 0 435332 78 0.038303375244140625
decode: 78 0 435410 78 0.037053823471069336
decode: 78 0 435488 78 0.0367884635925293
decode: 78 0 435566 78 0.03679347038269043
decode: 78 0 435644 78 0.03676772117614746
decode: 78 0 435722 78 0.036818742752075195
decode: 78 0 435800 78 0.03681349754333496
decode: 78 0 435878 78 0.03681063652038574
decode: 78 0 435956 78 0.03677797317504883
decode: 78 0 436034 78 0.03663969039916992
decode: 78 0 436112 78 0.036669254302978516
decode: 78 0 436190 78 0.036684513092041016
decode: 78 0 436268 78 0.036661386489868164
decode: 78 0 436346 78 0.03667402267456055
decode: 78 0 436424 78 0.03666090965270996
decode: 78 0 436502 78 0.03666114807128906
decode: 78 0 436580 78 0.03663229942321777
decode: 78 0 436658 78 0.036692142486572266
decode: 78 0 436736 78 0.036710500717163086
decode: 78 0 436814 78 0.036717891693115234
decode: 78 0 436892 78 0.036661386489868164
decode: 78 0 436970 78 0.03665447235107422
decode: 78 0 437048 78 0.03665900230407715
decode: 78 0 437126 78 0.03669381141662598
decode: 78 0 437204 78 0.03664231300354004
decode: 78 0 437282 78 0.03674578666687012
decode: 77 0 431888 77 0.03956103324890137
mixed: 77 1 431888 2048 0.08042526245117188
mixed: 77 1 433936 1689 0.08346796035766602
decode: 78 0 435703 78 0.04146623611450195
decode: 78 0 435781 78 0.039972543716430664
decode: 78 0 435859 78 0.03977179527282715
decode: 78 0 435937 78 0.039774417877197266
decode: 78 0 436015 78 0.03977394104003906
decode: 78 0 436093 78 0.03989291191101074
decode: 78 0 436171 78 0.039972782135009766
decode: 78 0 436249 78 0.039843082427978516
decode: 78 0 436327 78 0.039618730545043945
decode: 78 0 436405 78 0.039629459381103516
decode: 78 0 436483 78 0.03960752487182617
decode: 78 0 436561 78 0.03954315185546875
decode: 78 0 436639 78 0.039623260498046875
decode: 78 0 436717 78 0.03970599174499512
decode: 78 0 436795 78 0.03964877128601074
decode: 78 0 436873 78 0.03961682319641113
decode: 78 0 436951 78 0.03967165946960449
decode: 78 0 437029 78 0.039700984954833984
decode: 78 0 437107 78 0.039705753326416016
decode: 78 0 437185 78 0.03964114189147949
decode: 78 0 437263 78 0.03963637351989746
decode: 78 0 437341 78 0.03973054885864258
decode: 78 0 437419 78 0.039743900299072266
decode: 77 0 429019 77 0.037183523178100586
mixed: 77 1 429019 2048 0.08336162567138672
mixed: 77 1 431067 2048 0.08956670761108398
mixed: 77 1 433115 2048 0.09503054618835449
mixed: 76 2 428350 2048 0.09563016891479492
mixed: 77 1 430398 2048 0.0838472843170166
mixed: 77 2 432446 2048 0.08768582344055176
mixed: 78 1 434494 2048 0.08550643920898438
mixed: 78 1 436542 395 0.03889894485473633
decode: 79 0 437016 79 0.03809952735900879
decode: 79 0 437095 79 0.037573814392089844
decode: 79 0 437174 79 0.03755950927734375
decode: 79 0 437253 79 0.037642478942871094
decode: 79 0 437332 79 0.03759169578552246
decode: 79 0 437411 79 0.03757953643798828
decode: 79 0 437490 79 0.03751230239868164
decode: 79 0 437569 79 0.03752255439758301
decode: 79 0 437648 79 0.03737449645996094
decode: 79 0 437727 79 0.037389278411865234
decode: 79 0 437806 79 0.03738760948181152
decode: 79 0 437885 79 0.03750014305114746
decode: 79 0 437964 79 0.0374755859375
decode: 78 0 433668 78 0.03808164596557617
mixed: 78 1 433668 2048 0.0836784839630127
mixed: 78 1 435716 2048 0.09292221069335938
mixed: 78 2 437764 2048 0.08766913414001465
mixed: 79 1 439812 720 0.046193599700927734
decode: 80 0 440612 80 0.03902411460876465
decode: 80 0 440692 80 0.03866744041442871
decode: 80 0 440772 80 0.03865814208984375
decode: 80 0 440852 80 0.038628339767456055
decode: 79 0 432489 79 0.03719496726989746
mixed: 79 1 432489 2048 0.08391785621643066
mixed: 79 1 434537 840 0.04944443702697754
decode: 80 0 435457 80 0.0374445915222168
decode: 80 0 435537 80 0.03710484504699707
decode: 80 0 435617 80 0.037178754806518555
decode: 80 0 435697 80 0.03716707229614258
decode: 80 0 435777 80 0.03722691535949707
decode: 80 0 435857 80 0.03723406791687012
decode: 80 0 435937 80 0.0372617244720459
decode: 80 0 436017 80 0.03717494010925293
decode: 80 0 436097 80 0.03706479072570801
decode: 79 0 428097 79 0.04018759727478027
mixed: 79 1 428097 2048 0.08432269096374512
mixed: 79 1 430145 2048 0.09046268463134766
mixed: 79 2 432193 2048 0.0949869155883789
mixed: 80 1 434241 2048 0.08489155769348145
mixed: 80 1 436289 2048 0.09027361869812012
mixed: 80 1 438337 1478 0.07864141464233398
decode: 81 0 439896 81 0.03970932960510254
decode: 81 0 439977 81 0.038866519927978516
decode: 81 0 440058 81 0.03872871398925781
decode: 81 0 440139 81 0.038747310638427734
decode: 81 0 440220 81 0.03873562812805176
decode: 81 0 440301 81 0.038717031478881836
decode: 80 0 436033 80 0.03818249702453613
decode: 80 0 436113 80 0.03815126419067383
decode: 80 0 436193 80 0.03803110122680664
decode: 80 0 436273 80 0.03798794746398926
decode: 80 0 436353 80 0.03795146942138672
decode: 80 0 436433 80 0.03799152374267578
decode: 80 0 436513 80 0.03799700736999512
decode: 80 0 436593 80 0.038033485412597656
decode: 79 0 431958 79 0.039830923080444336
mixed: 79 1 431958 2048 0.08164429664611816
mixed: 79 1 434006 2048 0.09044289588928223
mixed: 79 1 436054 2048 0.09625887870788574
mixed: 79 1 438102 2048 0.10065579414367676
mixed: 79 1 440150 277 0.03485727310180664
decode: 79 0 438196 79 0.03794741630554199
mixed: 79 1 438196 2048 0.08065629005432129
mixed: 79 1 440244 728 0.04659891128540039
decode: 80 0 441052 80 0.03850841522216797
decode: 80 0 441132 80 0.03775286674499512
decode: 80 0 441212 80 0.03766059875488281
decode: 80 0 441292 80 0.037737131118774414
decode: 80 0 441372 80 0.03768587112426758
decode: 80 0 441452 80 0.03768301010131836
decode: 80 0 441532 80 0.0377812385559082
decode: 79 0 433553 79 0.03814053535461426
mixed: 79 1 433553 2048 0.08159112930297852
mixed: 79 1 435601 2048 0.0901942253112793
mixed: 79 1 437649 1024 0.053308963775634766
decode: 80 0 438753 80 0.03881669044494629
decode: 80 0 438833 80 0.03828740119934082
decode: 80 0 438913 80 0.038275718688964844
decode: 80 0 438993 80 0.0382390022277832
decode: 80 0 439073 80 0.03824138641357422
decode: 80 0 439153 80 0.03823447227478027
decode: 80 0 439233 80 0.03826594352722168
decode: 79 0 434688 79 0.03864455223083496
decode: 79 0 434767 79 0.038542747497558594
decode: 79 0 434846 79 0.03857231140136719
decode: 79 0 434925 79 0.038512468338012695
decode: 78 0 427944 78 0.03756546974182129
mixed: 78 1 427944 2048 0.08373546600341797
mixed: 78 1 429992 2048 0.09064888954162598
mixed: 78 1 432040 2048 0.0956733226776123
mixed: 78 1 434088 712 0.04982900619506836
decode: 79 0 434879 79 0.03951525688171387
decode: 79 0 434958 79 0.03887438774108887
decode: 79 0 435037 79 0.03875589370727539
decode: 79 0 435116 79 0.038758277893066406
decode: 79 0 435195 79 0.03874516487121582
decode: 79 0 435274 79 0.038754940032958984
decode: 79 0 435353 79 0.0387425422668457
decode: 79 0 435432 79 0.03873157501220703
decode: 79 0 435511 79 0.038590192794799805
decode: 79 0 435590 79 0.03862786293029785
decode: 79 0 435669 79 0.038666725158691406
decode: 79 0 435748 79 0.038567543029785156
decode: 79 0 435827 79 0.038565635681152344
decode: 79 0 435906 79 0.03857731819152832
decode: 78 0 426918 78 0.038373708724975586
mixed: 78 1 426918 2048 0.08231616020202637
mixed: 78 1 428966 2048 0.0924079418182373
mixed: 78 1 431014 2048 0.09550762176513672
mixed: 78 2 433062 2048 0.09226107597351074
mixed: 79 1 435110 2048 0.08674335479736328
mixed: 79 1 437158 2007 0.09245538711547852
decode: 80 0 439245 80 0.0412137508392334
decode: 80 0 439325 80 0.03922295570373535
decode: 80 0 439405 80 0.03885960578918457
decode: 80 0 439485 80 0.03887653350830078
decode: 80 0 439565 80 0.03891634941101074
decode: 80 0 439645 80 0.03892183303833008
decode: 78 0 426801 78 0.038208961486816406
mixed: 77 1 418867 2047 0.08221793174743652
mixed: 77 1 420914 2048 0.08993220329284668
mixed: 77 1 422962 2048 0.09488844871520996
mixed: 77 1 425010 2048 0.10060620307922363
mixed: 77 2 427058 2048 0.08525848388671875
mixed: 78 1 429106 2048 0.08899974822998047
mixed: 77 1 422709 2048 0.09334778785705566
mixed: 77 2 424757 2048 0.08709287643432617
mixed: 78 1 426805 2048 0.08692383766174316
mixed: 78 1 428853 2048 0.09422898292541504
mixed: 78 1 430901 2048 0.09926986694335938
mixed: 78 2 432949 2048 0.08665323257446289
mixed: 79 1 434997 2048 0.08828139305114746
mixed: 79 1 437045 2048 0.09412431716918945
mixed: 79 1 439093 1079 0.061578989028930664
decode: 80 0 440252 80 0.03958749771118164
decode: 80 0 440332 80 0.03859424591064453
decode: 80 0 440412 80 0.038390159606933594
decode: 80 0 440492 80 0.03827834129333496
decode: 80 0 440572 80 0.03829240798950195
decode: 80 0 440652 80 0.038332223892211914
decode: 80 0 440732 80 0.03837180137634277
decode: 80 0 440812 80 0.03833889961242676
decode: 80 0 440892 80 0.03812146186828613
decode: 80 0 440972 80 0.038117170333862305
decode: 80 0 441052 80 0.0381007194519043
decode: 79 0 434679 79 0.038048505783081055
mixed: 79 1 434679 2048 0.07972025871276855
mixed: 79 1 436727 937 0.05098080635070801
decode: 80 0 437744 80 0.0394899845123291
decode: 80 0 437824 80 0.038414955139160156
decode: 80 0 437904 80 0.03825187683105469
decode: 80 0 437984 80 0.03830575942993164
decode: 80 0 438064 80 0.03831982612609863
decode: 80 0 438144 80 0.03834033012390137
decode: 80 0 438224 80 0.03827643394470215
decode: 80 0 438304 80 0.038275718688964844
decode: 80 0 438384 80 0.03810262680053711
decode: 80 0 438464 80 0.0380864143371582
decode: 79 0 433041 79 0.038195133209228516
mixed: 79 1 433041 2048 0.0802774429321289
mixed: 79 1 435089 2048 0.09031128883361816
mixed: 79 1 437137 2048 0.09587955474853516
mixed: 79 1 439185 1234 0.06521749496459961
decode: 80 0 440499 80 0.042012929916381836
decode: 80 0 440579 80 0.04114270210266113
decode: 79 0 436829 79 0.03892183303833008
decode: 79 0 436908 79 0.03894996643066406
decode: 79 0 436987 79 0.03881072998046875
decode: 79 0 437066 79 0.03877973556518555
decode: 79 0 437145 79 0.038762807846069336
decode: 79 0 437224 79 0.03869962692260742
decode: 79 0 437303 79 0.03861093521118164
decode: 79 0 437382 79 0.03872489929199219
decode: 79 0 437461 79 0.038700103759765625
decode: 78 0 431062 78 0.038286447525024414
mixed: 78 1 431062 2048 0.08397102355957031
mixed: 78 1 433110 1698 0.08179545402526855
decode: 79 0 434887 79 0.03982114791870117
decode: 79 0 434966 79 0.038665771484375
decode: 79 0 435045 79 0.03842496871948242
decode: 79 0 435124 79 0.03843188285827637
decode: 79 0 435203 79 0.03856945037841797
decode: 79 0 435282 79 0.038588762283325195
decode: 79 0 435361 79 0.03881382942199707
decode: 79 0 435440 79 0.03857088088989258
decode: 79 0 435519 79 0.03839373588562012
decode: 79 0 435598 79 0.03839826583862305
decode: 79 0 435677 79 0.03834176063537598
decode: 79 0 435756 79 0.03829383850097656
decode: 79 0 435835 79 0.038283586502075195
decode: 79 0 435914 79 0.03847002983093262
decode: 79 0 435993 79 0.03852200508117676
decode: 79 0 436072 79 0.03835868835449219
decode: 79 0 436151 79 0.03839254379272461
decode: 79 0 436230 79 0.0384213924407959
decode: 79 0 436309 79 0.03846168518066406
decode: 79 0 436388 79 0.03847527503967285
decode: 79 0 436467 79 0.03835606575012207
decode: 79 0 436546 79 0.03835749626159668
decode: 79 0 436625 79 0.0385134220123291
decode: 78 0 434353 78 0.04062938690185547
mixed: 78 1 434353 2048 0.08478450775146484
mixed: 78 1 436401 1276 0.05846405029296875
decode: 79 0 437756 79 0.04175686836242676
decode: 79 0 437835 79 0.04091978073120117
decode: 79 0 437914 79 0.040691375732421875
decode: 79 0 437993 79 0.040872812271118164
decode: 79 0 438072 79 0.04094243049621582
decode: 79 0 438151 79 0.040828704833984375
decode: 79 0 438230 79 0.04088783264160156
decode: 79 0 438309 79 0.04055333137512207
decode: 79 0 438388 79 0.04055500030517578
decode: 79 0 438467 79 0.040578365325927734
decode: 79 0 438546 79 0.040604591369628906
decode: 79 0 438625 79 0.04056215286254883
decode: 79 0 438704 79 0.04057884216308594
decode: 79 0 438783 79 0.04065823554992676
decode: 79 0 438862 79 0.04074430465698242
decode: 79 0 438941 79 0.04072237014770508
decode: 79 0 439020 79 0.040564775466918945
decode: 79 0 439099 79 0.040557146072387695
decode: 79 0 439178 79 0.04067873954772949
decode: 79 0 439257 79 0.040750980377197266
decode: 79 0 439336 79 0.04068255424499512
decode: 79 0 439415 79 0.04067850112915039
decode: 79 0 439494 79 0.04064774513244629
decode: 79 0 439573 79 0.04078054428100586
decode: 79 0 439652 79 0.0408320426940918
decode: 79 0 439731 79 0.0406796932220459
decode: 79 0 439810 79 0.04072976112365723
decode: 79 0 439889 79 0.04075741767883301
decode: 79 0 439968 79 0.040775299072265625
decode: 79 0 440047 79 0.040700674057006836
decode: 79 0 440126 79 0.04072093963623047
decode: 79 0 440205 79 0.04059243202209473
decode: 79 0 440284 79 0.04067254066467285
decode: 79 0 440363 79 0.040825605392456055
decode: 79 0 440442 79 0.04088282585144043
decode: 79 0 440521 79 0.04079318046569824
decode: 79 0 440600 79 0.04069828987121582
decode: 79 0 440679 79 0.04077267646789551
decode: 79 0 440758 79 0.04088139533996582
decode: 79 0 440837 79 0.04081606864929199
decode: 79 0 440916 79 0.04073286056518555
decode: 79 0 440995 79 0.04092001914978027
decode: 79 0 441074 79 0.04075884819030762
decode: 79 0 441153 79 0.04075121879577637
decode: 79 0 441232 79 0.040755271911621094
decode: 79 0 441311 79 0.04074883460998535
decode: 79 0 441390 79 0.040849924087524414
decode: 79 0 441469 79 0.040937185287475586
decode: 79 0 441548 79 0.04076123237609863
decode: 79 0 441627 79 0.040949344635009766
decode: 79 0 441706 79 0.04076218605041504
decode: 79 0 441785 79 0.04076123237609863
decode: 79 0 441864 79 0.04077959060668945
decode: 79 0 441943 79 0.04088163375854492
decode: 79 0 442022 79 0.041071176528930664
decode: 79 0 442101 79 0.04080462455749512
decode: 79 0 442180 79 0.04080939292907715
decode: 79 0 442259 79 0.0408937931060791
decode: 79 0 442338 79 0.04086661338806152
decode: 79 0 442417 79 0.04089069366455078
decode: 79 0 442496 79 0.04087328910827637
decode: 79 0 442575 79 0.04092836380004883
decode: 79 0 442654 79 0.0409238338470459
decode: 79 0 442733 79 0.04096722602844238
decode: 78 0 439966 78 0.041587114334106445
mixed: 77 1 436666 2047 0.08198714256286621
mixed: 77 1 438713 2048 0.09012579917907715
mixed: 77 1 440761 881 0.0520787239074707
decode: 77 0 433649 77 0.04037928581237793
mixed: 76 1 426617 2047 0.07990384101867676
mixed: 76 2 428664 2048 0.0861821174621582
mixed: 77 1 430712 2048 0.08657431602478027
mixed: 77 1 432760 2048 0.0920722484588623
mixed: 75 2 421358 2048 0.08623766899108887
mixed: 75 1 416081 2048 0.0872948169708252
mixed: 75 2 418129 2048 0.0826420783996582
mixed: 76 1 420177 2048 0.08937978744506836
mixed: 76 2 422225 2048 0.08831977844238281
mixed: 77 1 424273 2048 0.08822154998779297
mixed: 77 2 426321 2048 0.09228372573852539
mixed: 78 2 428369 2048 0.08287191390991211
mixed: 79 1 430417 2048 0.08677268028259277
mixed: 79 2 432465 2048 0.08698821067810059
mixed: 80 1 434513 1936 0.08547043800354004
decode: 81 0 436530 81 0.04046511650085449
decode: 81 0 436611 81 0.03938794136047363
decode: 81 0 436692 81 0.03918194770812988
decode: 81 0 436773 81 0.03917574882507324
decode: 81 0 436854 81 0.03932785987854004
decode: 81 0 436935 81 0.03923821449279785
decode: 81 0 437016 81 0.03922915458679199
decode: 81 0 437097 81 0.03925585746765137
decode: 81 0 437178 81 0.03905057907104492
decode: 81 0 437259 81 0.03903388977050781
decode: 81 0 437340 81 0.038990020751953125
decode: 81 0 437421 81 0.0390315055847168
decode: 81 0 437502 81 0.03904867172241211
decode: 81 0 437583 81 0.039069175720214844
decode: 81 0 437664 81 0.039046525955200195
decode: 81 0 437745 81 0.039407968521118164
decode: 81 0 437826 81 0.03916645050048828
decode: 81 0 437907 81 0.039087772369384766
decode: 81 0 437988 81 0.03907895088195801
decode: 81 0 438069 81 0.03905320167541504
decode: 81 0 438150 81 0.03903007507324219
decode: 81 0 438231 81 0.039069175720214844
decode: 81 0 438312 81 0.03910207748413086
decode: 81 0 438393 81 0.03911781311035156
decode: 81 0 438474 81 0.03920292854309082
decode: 81 0 438555 81 0.03912520408630371
decode: 81 0 438636 81 0.039148807525634766
decode: 81 0 438717 81 0.0393671989440918
decode: 81 0 438798 81 0.03923511505126953
decode: 81 0 438879 81 0.03909897804260254
decode: 81 0 438960 81 0.039145469665527344
decode: 81 0 439041 81 0.03914475440979004
decode: 81 0 439122 81 0.03912067413330078
decode: 81 0 439203 81 0.039290428161621094
decode: 80 0 436460 80 0.0377500057220459
decode: 80 0 436540 80 0.03777790069580078
decode: 80 0 436620 80 0.03791236877441406
decode: 80 0 436700 80 0.037789344787597656
decode: 79 0 433617 79 0.03888821601867676
decode: 79 0 433696 79 0.03898358345031738
decode: 78 0 429680 78 0.038178443908691406
mixed: 78 1 429680 2048 0.08040690422058105
mixed: 78 1 431728 2048 0.09008383750915527
mixed: 78 1 433776 2048 0.09465265274047852
mixed: 78 1 435824 2025 0.10240292549133301
decode: 79 0 437928 79 0.039563894271850586
decode: 79 0 438007 79 0.03817939758300781
decode: 79 0 438086 79 0.0374913215637207
decode: 79 0 438165 79 0.037487030029296875
decode: 79 0 438244 79 0.03749895095825195
decode: 79 0 438323 79 0.037552595138549805
decode: 79 0 438402 79 0.03757834434509277
decode: 79 0 438481 79 0.03757834434509277
decode: 79 0 438560 79 0.037517547607421875
decode: 79 0 438639 79 0.037444114685058594
decode: 79 0 438718 79 0.03744626045227051
decode: 79 0 438797 79 0.03743314743041992
decode: 79 0 438876 79 0.03740406036376953
decode: 79 0 438955 79 0.037438392639160156
decode: 79 0 439034 79 0.037425994873046875
decode: 79 0 439113 79 0.03734278678894043
decode: 79 0 439192 79 0.03740501403808594
decode: 79 0 439271 79 0.0374906063079834
decode: 79 0 439350 79 0.037473201751708984
decode: 79 0 439429 79 0.037416696548461914
decode: 79 0 439508 79 0.03737926483154297
decode: 79 0 439587 79 0.03740048408508301
decode: 78 0 432375 78 0.03688836097717285
mixed: 78 1 432375 2048 0.0843205451965332
mixed: 78 1 434423 2048 0.0898585319519043
mixed: 78 1 436471 153 0.03059530258178711
decode: 79 0 436703 79 0.037398338317871094
decode: 79 0 436782 79 0.037004709243774414
decode: 78 0 434130 78 0.03820157051086426
decode: 78 0 434208 78 0.03819465637207031
decode: 78 0 434286 78 0.038168907165527344
decode: 78 0 434364 78 0.038238525390625
decode: 78 0 434442 78 0.038237571716308594
decode: 78 0 434520 78 0.03818941116333008
decode: 78 0 434598 78 0.03810834884643555
decode: 78 0 434676 78 0.03811001777648926
decode: 78 0 434754 78 0.038048505783081055
decode: 78 0 434832 78 0.038079023361206055
decode: 78 0 434910 78 0.03809976577758789
decode: 78 0 434988 78 0.038098812103271484
decode: 78 0 435066 78 0.03810429573059082
decode: 78 0 435144 78 0.03808426856994629
decode: 78 0 435222 78 0.03806424140930176
decode: 78 0 435300 78 0.03813743591308594
decode: 78 0 435378 78 0.03815293312072754
decode: 78 0 435456 78 0.03815650939941406
decode: 78 0 435534 78 0.03809475898742676
decode: 78 0 435612 78 0.0380861759185791
decode: 78 0 435690 78 0.03815627098083496
decode: 78 0 435768 78 0.038193464279174805
decode: 78 0 435846 78 0.038138389587402344
decode: 78 0 435924 78 0.03811979293823242
decode: 78 0 436002 78 0.038164615631103516
decode: 77 0 426761 77 0.03782391548156738
mixed: 77 1 426761 2048 0.0802621841430664
mixed: 77 1 428809 2048 0.08885574340820312
mixed: 77 1 430857 2048 0.09617042541503906
mixed: 77 2 432905 2048 0.09147763252258301
mixed: 78 1 434953 2048 0.08650064468383789
mixed: 78 1 437001 2048 0.09239912033081055
mixed: 78 1 439049 2048 0.0972898006439209
mixed: 77 2 434397 2048 0.08611822128295898
mixed: 78 1 436445 2048 0.0869448184967041
mixed: 78 1 438493 1431 0.07752346992492676
decode: 79 0 440003 79 0.041161298751831055
decode: 79 0 440082 79 0.040271759033203125
decode: 79 0 440161 79 0.04016709327697754
decode: 79 0 440240 79 0.04015970230102539
decode: 79 0 440319 79 0.040186166763305664
decode: 79 0 440398 79 0.040229082107543945
decode: 79 0 440477 79 0.04025840759277344
decode: 78 0 433898 78 0.03817105293273926
mixed: 78 1 433898 2048 0.0838623046875
mixed: 78 1 435946 2048 0.09067153930664062
mixed: 78 1 437994 2048 0.09578704833984375
mixed: 78 1 440042 409 0.040624380111694336
decode: 79 0 440530 79 0.039261817932128906
decode: 79 0 440609 79 0.03849959373474121
decode: 79 0 440688 79 0.03850674629211426
decode: 79 0 440767 79 0.038480281829833984
decode: 79 0 440846 79 0.03850078582763672
decode: 79 0 440925 79 0.03846311569213867
decode: 79 0 441004 79 0.03847098350524902
decode: 79 0 441083 79 0.03849148750305176
decode: 79 0 441162 79 0.03840231895446777
decode: 79 0 441241 79 0.038346290588378906
decode: 79 0 441320 79 0.038311004638671875
decode: 79 0 441399 79 0.03835129737854004
decode: 79 0 441478 79 0.038420915603637695
decode: 79 0 441557 79 0.03839850425720215
decode: 78 0 436144 78 0.038846492767333984
mixed: 78 1 436144 2048 0.08215999603271484
mixed: 78 1 438192 2048 0.08955550193786621
mixed: 78 1 440240 677 0.04795217514038086
decode: 79 0 440996 79 0.039640188217163086
decode: 79 0 441075 79 0.03931140899658203
decode: 79 0 441154 79 0.03916215896606445
decode: 79 0 441233 79 0.03913164138793945
decode: 79 0 441312 79 0.03914809226989746
decode: 79 0 441391 79 0.03916597366333008
decode: 79 0 441470 79 0.03918814659118652
decode: 79 0 441549 79 0.03919553756713867
decode: 79 0 441628 79 0.03900599479675293
decode: 79 0 441707 79 0.03899788856506348
decode: 79 0 441786 79 0.03894376754760742
decode: 79 0 441865 79 0.038945913314819336
decode: 78 0 434606 78 0.03882336616516113
mixed: 78 1 434606 2048 0.0822300910949707
mixed: 78 1 436654 832 0.05000710487365723
decode: 79 0 437565 79 0.039612770080566406
decode: 79 0 437644 79 0.039040327072143555
decode: 79 0 437723 79 0.03893733024597168
decode: 79 0 437802 79 0.038930654525756836
decode: 79 0 437881 79 0.038964271545410156
decode: 79 0 437960 79 0.038973331451416016
decode: 79 0 438039 79 0.03898000717163086
decode: 79 0 438118 79 0.038985490798950195
decode: 79 0 438197 79 0.038831233978271484
decode: 78 0 435120 78 0.037375450134277344
decode: 78 0 435198 78 0.03728461265563965
decode: 78 0 435276 78 0.03728508949279785
decode: 78 0 435354 78 0.037416934967041016
decode: 78 0 435432 78 0.03742837905883789
decode: 78 0 435510 78 0.03740072250366211
decode: 78 0 435588 78 0.03732419013977051
decode: 78 0 435666 78 0.03732919692993164
decode: 78 0 435744 78 0.03746175765991211
decode: 78 0 435822 78 0.03744149208068848
decode: 78 0 435900 78 0.03733658790588379
decode: 78 0 435978 78 0.03731703758239746
decode: 78 0 436056 78 0.03742074966430664
decode: 78 0 436134 78 0.037448883056640625
decode: 78 0 436212 78 0.037459611892700195
decode: 78 0 436290 78 0.03736257553100586
decode: 78 0 436368 78 0.037360429763793945
decode: 77 0 428936 77 0.03583717346191406
mixed: 77 1 428936 2048 0.08028650283813477
mixed: 77 1 430984 2048 0.08982133865356445
mixed: 77 1 433032 2048 0.0952150821685791
mixed: 77 1 435080 2048 0.10312747955322266
mixed: 77 2 437128 2048 0.08498549461364746
mixed: 78 1 439176 2048 0.08903908729553223
mixed: 78 1 441224 202 0.031897783279418945
decode: 79 0 441505 79 0.0391538143157959
decode: 79 0 441584 79 0.03876805305480957
decode: 79 0 441663 79 0.03868913650512695
decode: 79 0 441742 79 0.038717031478881836
decode: 79 0 441821 79 0.03871488571166992
decode: 78 0 433406 78 0.03573107719421387
mixed: 78 1 433406 2048 0.08451986312866211
mixed: 78 1 435454 2048 0.09009265899658203
mixed: 78 1 437502 2048 0.0955512523651123
mixed: 78 1 439550 2004 0.1001284122467041
decode: 77 0 427819 77 0.038172245025634766
mixed: 77 1 427819 2048 0.08040547370910645
mixed: 76 1 426347 2048 0.08925056457519531
mixed: 76 2 428395 2048 0.08565473556518555
mixed: 77 1 430443 2048 0.08726310729980469
mixed: 77 1 432491 2048 0.09400177001953125
mixed: 77 2 434539 2048 0.0879063606262207
mixed: 78 1 436587 1555 0.07813620567321777
decode: 79 0 438221 79 0.037091970443725586
decode: 79 0 438300 79 0.03651738166809082
decode: 79 0 438379 79 0.03646564483642578
decode: 79 0 438458 79 0.03642749786376953
decode: 79 0 438537 79 0.03644442558288574
decode: 79 0 438616 79 0.03647947311401367
decode: 79 0 438695 79 0.03649425506591797
decode: 79 0 438774 79 0.03646063804626465
decode: 79 0 438853 79 0.03641343116760254
decode: 79 0 438932 79 0.03634810447692871
decode: 79 0 439011 79 0.03635764122009277
decode: 79 0 439090 79 0.03633880615234375
decode: 78 0 434052 78 0.03819990158081055
mixed: 78 1 434052 2048 0.08162593841552734
mixed: 78 1 436100 654 0.04641389846801758
decode: 79 0 436833 79 0.03885698318481445
decode: 79 0 436912 79 0.03833818435668945
decode: 79 0 436991 79 0.03836798667907715
decode: 79 0 437070 79 0.038419246673583984
decode: 79 0 437149 79 0.03840756416320801
decode: 79 0 437228 79 0.03841829299926758
decode: 79 0 437307 79 0.038402557373046875
decode: 79 0 437386 79 0.03836655616760254
decode: 79 0 437465 79 0.038223981857299805
decode: 79 0 437544 79 0.03824925422668457
decode: 79 0 437623 79 0.03823041915893555
decode: 79 0 437702 79 0.0382535457611084
decode: 79 0 437781 79 0.03821277618408203
decode: 79 0 437860 79 0.03820490837097168
decode: 79 0 437939 79 0.03818559646606445
decode: 79 0 438018 79 0.03826117515563965
decode: 79 0 438097 79 0.03825807571411133
decode: 79 0 438176 79 0.038218021392822266
decode: 79 0 438255 79 0.03824877738952637
decode: 79 0 438334 79 0.038249969482421875
decode: 79 0 438413 79 0.03830409049987793
decode: 79 0 438492 79 0.038260459899902344
decode: 79 0 438571 79 0.03824448585510254
decode: 79 0 438650 79 0.0382845401763916
decode: 79 0 438729 79 0.038370609283447266
decode: 78 0 431821 78 0.036275386810302734
mixed: 78 1 431821 2048 0.08376073837280273
mixed: 78 1 433869 2048 0.09084033966064453
mixed: 78 1 435917 1977 0.09472799301147461
decode: 79 0 437973 79 0.03838205337524414
decode: 79 0 438052 79 0.036689043045043945
decode: 79 0 438131 79 0.03636336326599121
decode: 79 0 438210 79 0.036382436752319336
decode: 79 0 438289 79 0.03641963005065918
decode: 79 0 438368 79 0.03641939163208008
decode: 79 0 438447 79 0.03652000427246094
decode: 79 0 438526 79 0.03652215003967285
decode: 79 0 438605 79 0.036520957946777344
decode: 79 0 438684 79 0.03620505332946777
decode: 79 0 438763 79 0.03620767593383789
decode: 79 0 438842 79 0.036292076110839844
decode: 79 0 438921 79 0.03632307052612305
decode: 79 0 439000 79 0.03627467155456543
decode: 79 0 439079 79 0.03621363639831543
decode: 78 0 436639 78 0.03624248504638672
decode: 78 0 436717 78 0.03630542755126953
decode: 78 0 436795 78 0.03633546829223633
decode: 78 0 436873 78 0.03624153137207031
decode: 78 0 436951 78 0.036240577697753906
decode: 78 0 437029 78 0.03627896308898926
decode: 78 0 437107 78 0.036348819732666016
decode: 78 0 437185 78 0.03632187843322754
decode: 78 0 437263 78 0.03626418113708496
decode: 78 0 437341 78 0.03627324104309082
decode: 78 0 437419 78 0.03629589080810547
decode: 78 0 437497 78 0.03639030456542969
decode: 78 0 437575 78 0.036374807357788086
decode: 78 0 437653 78 0.03630638122558594
decode: 77 0 429363 77 0.03852963447570801
mixed: 77 1 429363 2048 0.08121204376220703
mixed: 77 1 431411 2048 0.08980703353881836
mixed: 77 2 433459 2048 0.08554220199584961
mixed: 78 1 435507 604 0.043593645095825195
decode: 79 0 436190 79 0.03925347328186035
decode: 79 0 436269 79 0.038999319076538086
decode: 79 0 436348 79 0.03878593444824219
decode: 79 0 436427 79 0.03882575035095215
decode: 79 0 436506 79 0.038810014724731445
decode: 79 0 436585 79 0.038794517517089844
decode: 79 0 436664 79 0.03879237174987793
decode: 79 0 436743 79 0.03888845443725586
decode: 79 0 436822 79 0.03873729705810547
decode: 79 0 436901 79 0.038739919662475586
decode: 79 0 436980 79 0.03871321678161621
decode: 79 0 437059 79 0.038687705993652344
decode: 78 0 433231 78 0.03753066062927246
decode: 78 0 433309 78 0.03751254081726074
decode: 78 0 433387 78 0.03757643699645996
decode: 78 0 433465 78 0.03759479522705078
decode: 78 0 433543 78 0.037554025650024414
decode: 78 0 433621 78 0.03752017021179199
decode: 78 0 433699 78 0.03756976127624512
decode: 78 0 433777 78 0.03761553764343262
decode: 78 0 433855 78 0.037638187408447266
decode: 78 0 433933 78 0.03750753402709961
decode: 78 0 434011 78 0.03756570816040039
decode: 78 0 434089 78 0.03760266304016113
decode: 78 0 434167 78 0.03765559196472168
decode: 78 0 434245 78 0.03766751289367676
decode: 78 0 434323 78 0.03760552406311035
decode: 78 0 434401 78 0.03759145736694336
decode: 78 0 434479 78 0.03758859634399414
decode: 78 0 434557 78 0.0376439094543457
decode: 78 0 434635 78 0.03757619857788086
decode: 78 0 434713 78 0.03762364387512207
decode: 78 0 434791 78 0.03763937950134277
decode: 78 0 434869 78 0.0376894474029541
decode: 78 0 434947 78 0.03772091865539551
decode: 78 0 435025 78 0.037609100341796875
decode: 78 0 435103 78 0.0376439094543457
decode: 78 0 435181 78 0.037671566009521484
decode: 78 0 435259 78 0.03771662712097168
decode: 78 0 435337 78 0.03773999214172363
decode: 78 0 435415 78 0.03767681121826172
decode: 78 0 435493 78 0.03759765625
decode: 78 0 435571 78 0.03769230842590332
decode: 78 0 435649 78 0.03766679763793945
decode: 78 0 435727 78 0.03773808479309082
decode: 78 0 435805 78 0.03766179084777832
decode: 78 0 435883 78 0.03769278526306152
decode: 78 0 435961 78 0.03774571418762207
decode: 78 0 436039 78 0.03778839111328125
decode: 78 0 436117 78 0.03771543502807617
decode: 78 0 436195 78 0.037699222564697266
decode: 78 0 436273 78 0.037691593170166016
decode: 78 0 436351 78 0.037796974182128906
decode: 78 0 436429 78 0.0377655029296875
decode: 78 0 436507 78 0.03772473335266113
decode: 78 0 436585 78 0.03773355484008789
decode: 78 0 436663 78 0.03774547576904297
decode: 78 0 436741 78 0.037766218185424805
decode: 78 0 436819 78 0.03774404525756836
decode: 78 0 436897 78 0.03776693344116211
decode: 78 0 436975 78 0.037680625915527344
decode: 78 0 437053 78 0.03774380683898926
decode: 78 0 437131 78 0.03775191307067871
decode: 78 0 437209 78 0.03783416748046875
decode: 78 0 437287 78 0.03772854804992676
decode: 78 0 437365 78 0.03777742385864258
decode: 77 0 430164 77 0.03778362274169922
mixed: 77 2 430164 2048 0.08249497413635254
mixed: 78 1 432212 1488 0.07426285743713379
decode: 79 0 433779 79 0.0393984317779541
decode: 79 0 433858 79 0.03819155693054199
decode: 79 0 433937 79 0.03805899620056152
decode: 79 0 434016 79 0.03799128532409668
decode: 79 0 434095 79 0.03800082206726074
decode: 79 0 434174 79 0.03801226615905762
decode: 79 0 434253 79 0.037966012954711914
decode: 79 0 434332 79 0.0380101203918457
decode: 79 0 434411 79 0.03800463676452637
decode: 79 0 434490 79 0.037871599197387695
decode: 79 0 434569 79 0.0378108024597168
decode: 79 0 434648 79 0.03792214393615723
decode: 79 0 434727 79 0.03784751892089844
decode: 79 0 434806 79 0.0378110408782959
decode: 79 0 434885 79 0.03790783882141113
decode: 79 0 434964 79 0.03793907165527344
decode: 79 0 435043 79 0.037940025329589844
decode: 79 0 435122 79 0.03786110877990723
decode: 79 0 435201 79 0.03786897659301758
decode: 79 0 435280 79 0.037957191467285156
decode: 79 0 435359 79 0.0379796028137207
decode: 79 0 435438 79 0.03792262077331543
decode: 79 0 435517 79 0.037909507751464844
decode: 79 0 435596 79 0.037894248962402344
decode: 79 0 435675 79 0.03799843788146973
decode: 79 0 435754 79 0.037969350814819336
decode: 79 0 435833 79 0.037947654724121094
decode: 79 0 435912 79 0.03793215751647949
decode: 79 0 435991 79 0.03791952133178711
decode: 79 0 436070 79 0.03802657127380371
decode: 79 0 436149 79 0.03804898262023926
decode: 79 0 436228 79 0.037953853607177734
decode: 79 0 436307 79 0.03794097900390625
decode: 79 0 436386 79 0.037930965423583984
decode: 79 0 436465 79 0.038013458251953125
decode: 79 0 436544 79 0.03805422782897949
decode: 79 0 436623 79 0.037987709045410156
decode: 79 0 436702 79 0.03799247741699219
decode: 79 0 436781 79 0.038048505783081055
decode: 79 0 436860 79 0.03805971145629883
decode: 79 0 436939 79 0.03800845146179199
decode: 79 0 437018 79 0.03792738914489746
decode: 79 0 437097 79 0.03794360160827637
decode: 79 0 437176 79 0.03805255889892578
decode: 79 0 437255 79 0.03808450698852539
decode: 79 0 437334 79 0.03801870346069336
decode: 79 0 437413 79 0.03804898262023926
decode: 79 0 437492 79 0.038024187088012695
decode: 79 0 437571 79 0.03806805610656738
decode: 78 0 431649 78 0.037282466888427734
decode: 78 0 431727 78 0.03722071647644043
decode: 78 0 431805 78 0.037214040756225586
decode: 78 0 431883 78 0.03726792335510254
decode: 78 0 431961 78 0.037314414978027344
decode: 78 0 432039 78 0.03729104995727539
decode: 78 0 432117 78 0.03724312782287598
decode: 78 0 432195 78 0.03728795051574707
decode: 78 0 432273 78 0.03746342658996582
decode: 78 0 432351 78 0.03738689422607422
decode: 78 0 432429 78 0.03747153282165527
decode: 78 0 432507 78 0.037319183349609375
decode: 78 0 432585 78 0.0373532772064209
decode: 78 0 432663 78 0.037415266036987305
decode: 78 0 432741 78 0.03733325004577637
decode: 78 0 432819 78 0.037325143814086914
decode: 78 0 432897 78 0.03739285469055176
decode: 78 0 432975 78 0.03743433952331543
decode: 78 0 433053 78 0.03749227523803711
decode: 78 0 433131 78 0.03749656677246094
decode: 78 0 433209 78 0.037392616271972656
decode: 78 0 433287 78 0.037349700927734375
decode: 78 0 433365 78 0.037412166595458984
decode: 78 0 433443 78 0.03740119934082031
decode: 78 0 433521 78 0.03736281394958496
decode: 78 0 433599 78 0.03772902488708496
decode: 78 0 433677 78 0.03750324249267578
decode: 78 0 433755 78 0.037549495697021484
decode: 78 0 433833 78 0.03757214546203613
decode: 78 0 433911 78 0.0374600887298584
decode: 78 0 433989 78 0.03738856315612793
decode: 78 0 434067 78 0.03746652603149414
decode: 78 0 434145 78 0.03745460510253906
decode: 78 0 434223 78 0.03744053840637207
decode: 78 0 434301 78 0.03751778602600098
decode: 78 0 434379 78 0.03752851486206055
decode: 78 0 434457 78 0.03757429122924805
decode: 78 0 434535 78 0.03758358955383301
decode: 78 0 434613 78 0.037518978118896484
decode: 78 0 434691 78 0.037418365478515625
decode: 78 0 434769 78 0.037509918212890625
decode: 77 0 427472 77 0.03664517402648926
mixed: 77 1 427472 2048 0.0817563533782959
mixed: 77 1 429520 2048 0.09039926528930664
mixed: 77 1 431568 2048 0.09656739234924316
mixed: 77 1 433616 770 0.05294942855834961
decode: 78 0 434464 78 0.03948521614074707
decode: 78 0 434542 78 0.03876209259033203
decode: 78 0 434620 78 0.03847503662109375
decode: 78 0 434698 78 0.0385744571685791
decode: 78 0 434776 78 0.038637638092041016
decode: 78 0 434854 78 0.03864765167236328
decode: 78 0 434932 78 0.03860831260681152
decode: 78 0 435010 78 0.03869223594665527
decode: 78 0 435088 78 0.03837466239929199
decode: 78 0 435166 78 0.038308143615722656
decode: 78 0 435244 78 0.03831601142883301
decode: 78 0 435322 78 0.03826761245727539
decode: 78 0 435400 78 0.038294315338134766
decode: 78 0 435478 78 0.03850817680358887
decode: 78 0 435556 78 0.038485050201416016
decode: 78 0 435634 78 0.038372039794921875
decode: 78 0 435712 78 0.03862810134887695
decode: 78 0 435790 78 0.03839254379272461
decode: 78 0 435868 78 0.03836560249328613
decode: 78 0 435946 78 0.03833127021789551
decode: 78 0 436024 78 0.03833723068237305
decode: 78 0 436102 78 0.038318634033203125
decode: 78 0 436180 78 0.038385629653930664
decode: 78 0 436258 78 0.0383908748626709
decode: 78 0 436336 78 0.03836178779602051
decode: 78 0 436414 78 0.03880763053894043
decode: 78 0 436492 78 0.03847813606262207
decode: 78 0 436570 78 0.03847384452819824
decode: 78 0 436648 78 0.038564443588256836
decode: 78 0 436726 78 0.03850293159484863
decode: 78 0 436804 78 0.03844642639160156
decode: 78 0 436882 78 0.0383601188659668
decode: 78 0 436960 78 0.038366079330444336
decode: 78 0 437038 78 0.03843045234680176
decode: 78 0 437116 78 0.03846287727355957
decode: 78 0 437194 78 0.03851675987243652
decode: 78 0 437272 78 0.03848004341125488
decode: 78 0 437350 78 0.03848409652709961
decode: 78 0 437428 78 0.03864145278930664
decode: 78 0 437506 78 0.038504838943481445
decode: 78 0 437584 78 0.0384061336517334
decode: 78 0 437662 78 0.03840780258178711
decode: 78 0 437740 78 0.038518667221069336
decode: 78 0 437818 78 0.03852128982543945
decode: 78 0 437896 78 0.03849530220031738
decode: 77 0 435598 77 0.03658890724182129
mixed: 77 1 435598 2048 0.08388185501098633
mixed: 77 1 437646 2048 0.09059643745422363
mixed: 77 1 439694 1503 0.08043718338012695
decode: 78 0 441275 78 0.038053035736083984
decode: 78 0 441353 78 0.03728652000427246
decode: 78 0 441431 78 0.03728318214416504
decode: 78 0 441509 78 0.037229061126708984
decode: 78 0 441587 78 0.03731179237365723
decode: 78 0 441665 78 0.037247419357299805
decode: 78 0 441743 78 0.03737068176269531
decode: 78 0 441821 78 0.03751802444458008
decode: 78 0 441899 78 0.03716325759887695
decode: 78 0 441977 78 0.03714132308959961
decode: 76 0 431122 76 0.036611318588256836
mixed: 76 1 431122 2048 0.08350205421447754
mixed: 76 2 433170 2048 0.08936858177185059
mixed: 76 1 429769 2048 0.08342504501342773
mixed: 76 2 431817 2048 0.08356690406799316
mixed: 77 2 433865 2048 0.08430838584899902
mixed: 77 1 427416 2048 0.08797287940979004
mixed: 77 1 429464 2048 0.09302091598510742
mixed: 76 2 423688 2048 0.09041213989257812
mixed: 77 2 425736 2048 0.08274960517883301
mixed: 78 1 427784 2048 0.08606243133544922
mixed: 78 2 429832 2048 0.08371257781982422
mixed: 79 1 431880 2048 0.08949780464172363
mixed: 79 1 433928 2048 0.09499263763427734
mixed: 79 1 435976 1753 0.09301090240478516
decode: 80 0 437809 80 0.038305044174194336
decode: 80 0 437889 80 0.03675532341003418
decode: 80 0 437969 80 0.03650403022766113
decode: 80 0 438049 80 0.036412954330444336
decode: 80 0 438129 80 0.0363924503326416
decode: 80 0 438209 80 0.03647041320800781
decode: 80 0 438289 80 0.036490678787231445
decode: 80 0 438369 80 0.03648519515991211
decode: 80 0 438449 80 0.036489009857177734
decode: 80 0 438529 80 0.03638052940368652
decode: 80 0 438609 80 0.03620433807373047
decode: 80 0 438689 80 0.036200523376464844
decode: 80 0 438769 80 0.036351919174194336
decode: 80 0 438849 80 0.036280155181884766
decode: 80 0 438929 80 0.03629279136657715
decode: 80 0 439009 80 0.03637194633483887
decode: 80 0 439089 80 0.03632760047912598
decode: 80 0 439169 80 0.03627920150756836
decode: 80 0 439249 80 0.03627896308898926
decode: 80 0 439329 80 0.03627276420593262
decode: 80 0 439409 80 0.03637552261352539
decode: 80 0 439489 80 0.036383867263793945
decode: 80 0 439569 80 0.03631019592285156
decode: 80 0 439649 80 0.03635454177856445
decode: 80 0 439729 80 0.03632855415344238
decode: 80 0 439809 80 0.03637194633483887
decode: 80 0 439889 80 0.03636980056762695
decode: 80 0 439969 80 0.03632164001464844
decode: 80 0 440049 80 0.03634023666381836
decode: 79 0 436325 79 0.03877592086791992
decode: 79 0 436404 79 0.03884553909301758
decode: 79 0 436483 79 0.03881025314331055
decode: 79 0 436562 79 0.03873634338378906
decode: 79 0 436641 79 0.038773298263549805
decode: 79 0 436720 79 0.038817405700683594
decode: 79 0 436799 79 0.03883624076843262
decode: 79 0 436878 79 0.03876757621765137
decode: 79 0 436957 79 0.03881096839904785
decode: 78 0 433035 78 0.03883957862854004
mixed: 78 1 433035 2048 0.08377885818481445
mixed: 78 1 435083 2048 0.08999443054199219
mixed: 78 1 437131 1085 0.05928993225097656
decode: 79 0 438295 79 0.04045462608337402
decode: 79 0 438374 79 0.03916740417480469
decode: 79 0 438453 79 0.03906893730163574
decode: 79 0 438532 79 0.03911161422729492
decode: 79 0 438611 79 0.03911399841308594
decode: 79 0 438690 79 0.039107322692871094
decode: 79 0 438769 79 0.0390775203704834
decode: 79 0 438848 79 0.039070844650268555
decode: 79 0 438927 79 0.038916587829589844
decode: 79 0 439006 79 0.03891944885253906
decode: 79 0 439085 79 0.0389561653137207
decode: 79 0 439164 79 0.0390017032623291
decode: 79 0 439243 79 0.038919687271118164
decode: 79 0 439322 79 0.03899979591369629
decode: 79 0 439401 79 0.03899526596069336
decode: 79 0 439480 79 0.03898811340332031
decode: 79 0 439559 79 0.03900003433227539
decode: 79 0 439638 79 0.03889966011047363
decode: 79 0 439717 79 0.03894448280334473
decode: 79 0 439796 79 0.0390017032623291
decode: 79 0 439875 79 0.03899884223937988
decode: 79 0 439954 79 0.03895902633666992
decode: 79 0 440033 79 0.03894996643066406
decode: 79 0 440112 79 0.038954973220825195
decode: 79 0 440191 79 0.03901958465576172
decode: 79 0 440270 79 0.039003610610961914
decode: 79 0 440349 79 0.038953542709350586
decode: 79 0 440428 79 0.03894329071044922
decode: 78 0 432990 78 0.03532981872558594
mixed: 78 1 432990 2048 0.08400821685791016
mixed: 78 1 435038 2048 0.09019804000854492
mixed: 78 1 437086 2048 0.09590816497802734
mixed: 78 1 439134 347 0.03784966468811035
decode: 79 0 439560 79 0.03821587562561035
decode: 78 0 434169 78 0.03975510597229004
decode: 78 0 434247 78 0.03979349136352539
decode: 78 0 434325 78 0.039825439453125
decode: 78 0 434403 78 0.03981661796569824
decode: 78 0 434481 78 0.03982663154602051
decode: 78 0 434559 78 0.0398256778717041
decode: 78 0 434637 78 0.039664268493652344
decode: 78 0 434715 78 0.0396268367767334
decode: 78 0 434793 78 0.0396428108215332
decode: 78 0 434871 78 0.039682865142822266
decode: 78 0 434949 78 0.03969264030456543
decode: 78 0 435027 78 0.03965020179748535
decode: 78 0 435105 78 0.039614200592041016
decode: 77 0 428040 77 0.03721976280212402
mixed: 77 1 428040 2048 0.08198976516723633
mixed: 77 1 430088 2048 0.09084773063659668
mixed: 77 1 432136 2048 0.0957651138305664
mixed: 77 2 434184 2048 0.0943918228149414
mixed: 78 1 436232 1498 0.07308602333068848
decode: 79 0 437809 79 0.03800225257873535
decode: 79 0 437888 79 0.037081003189086914
decode: 79 0 437967 79 0.03680133819580078
decode: 79 0 438046 79 0.03685593605041504
decode: 79 0 438125 79 0.036832571029663086
decode: 79 0 438204 79 0.036840200424194336
decode: 79 0 438283 79 0.03686976432800293
decode: 79 0 438362 79 0.03690505027770996
decode: 79 0 438441 79 0.036905527114868164
decode: 79 0 438520 79 0.03676557540893555
decode: 78 0 435515 78 0.03936266899108887
decode: 78 0 435593 78 0.03935551643371582
decode: 78 0 435671 78 0.03940749168395996
decode: 78 0 435749 78 0.03942537307739258
decode: 78 0 435827 78 0.039504289627075195
decode: 78 0 435905 78 0.03949427604675293
decode: 78 0 435983 78 0.03953123092651367
decode: 78 0 436061 78 0.039430856704711914
decode: 78 0 436139 78 0.03943371772766113
decode: 78 0 436217 78 0.03950190544128418
decode: 78 0 436295 78 0.0394902229309082
decode: 78 0 436373 78 0.03946328163146973
decode: 78 0 436451 78 0.039511680603027344
decode: 78 0 436529 78 0.03951120376586914
decode: 77 0 427587 77 0.03657722473144531
mixed: 77 1 427587 2048 0.08005142211914062
mixed: 77 1 429635 2048 0.09157919883728027
mixed: 77 1 431683 2048 0.0956411361694336
mixed: 77 1 433731 715 0.05025672912597656
decode: 78 0 434524 78 0.03977823257446289
decode: 78 0 434602 78 0.039147138595581055
decode: 78 0 434680 78 0.03909039497375488
decode: 78 0 434758 78 0.03905653953552246
decode: 78 0 434836 78 0.03908681869506836
decode: 78 0 434914 78 0.03916120529174805
decode: 78 0 434992 78 0.03909015655517578
decode: 78 0 435070 78 0.03896832466125488
decode: 78 0 435148 78 0.038907527923583984
decode: 78 0 435226 78 0.0389249324798584
decode: 78 0 435304 78 0.0389561653137207
decode: 78 0 435382 78 0.038987159729003906
decode: 77 0 426370 77 0.03679299354553223
mixed: 77 1 426370 2048 0.08355116844177246
mixed: 77 1 428418 2048 0.0899667739868164
mixed: 77 1 430466 2048 0.09507560729980469
mixed: 77 2 432514 2048 0.0976555347442627
mixed: 78 2 434562 2048 0.08340024948120117
mixed: 78 2 429196 2048 0.0842444896697998
mixed: 79 1 431244 2048 0.0875997543334961
mixed: 79 2 433292 2048 0.08724474906921387
mixed: 80 1 435340 2048 0.08666110038757324
mixed: 80 1 437388 1483 0.07833671569824219
decode: 81 0 438952 81 0.03881430625915527
decode: 81 0 439033 81 0.03783464431762695
decode: 81 0 439114 81 0.03757810592651367
decode: 81 0 439195 81 0.037592172622680664
decode: 81 0 439276 81 0.03762459754943848
decode: 81 0 439357 81 0.0376741886138916
decode: 81 0 439438 81 0.037659645080566406
decode: 81 0 439519 81 0.03766608238220215
decode: 81 0 439600 81 0.03760933876037598
decode: 81 0 439681 81 0.03747892379760742
decode: 81 0 439762 81 0.03753376007080078
decode: 81 0 439843 81 0.03750205039978027
decode: 81 0 439924 81 0.03749799728393555
decode: 81 0 440005 81 0.037489891052246094
decode: 81 0 440086 81 0.03742384910583496
decode: 81 0 440167 81 0.03745579719543457
decode: 81 0 440248 81 0.0375216007232666
decode: 81 0 440329 81 0.037538766860961914
decode: 80 0 433366 80 0.03680014610290527
mixed: 80 1 433366 2048 0.08191347122192383
mixed: 80 1 435414 2048 0.09084439277648926
mixed: 80 1 437462 1921 0.09346914291381836
decode: 81 0 439464 81 0.03812861442565918
decode: 81 0 439545 81 0.03694915771484375
decode: 81 0 439626 81 0.036756277084350586
decode: 81 0 439707 81 0.036719322204589844
decode: 81 0 439788 81 0.03673267364501953
decode: 81 0 439869 81 0.03677558898925781
decode: 81 0 439950 81 0.036766767501831055
decode: 81 0 440031 81 0.036817073822021484
decode: 81 0 440112 81 0.03661823272705078
decode: 81 0 440193 81 0.03659319877624512
decode: 81 0 440274 81 0.036562442779541016
decode: 81 0 440355 81 0.03660464286804199
decode: 81 0 440436 81 0.036608219146728516
decode: 81 0 440517 81 0.03664207458496094
decode: 80 0 432232 80 0.03716135025024414
mixed: 80 1 432232 2048 0.08407974243164062
mixed: 80 1 434280 2048 0.08885002136230469
mixed: 80 2 436328 2048 0.09468269348144531
mixed: 81 1 438376 1471 0.07139301300048828
decode: 82 0 439929 82 0.03954195976257324
decode: 82 0 440011 82 0.03900885581970215
decode: 82 0 440093 82 0.03852701187133789
decode: 82 0 440175 82 0.03853011131286621
decode: 82 0 440257 82 0.03854632377624512
decode: 82 0 440339 82 0.0385279655456543
decode: 81 0 436124 81 0.038532257080078125
mixed: 81 1 436124 2048 0.08241772651672363
mixed: 80 1 433271 2048 0.0899510383605957
mixed: 80 1 435319 1763 0.08718323707580566
decode: 80 0 434117 80 0.0375363826751709
decode: 80 0 434197 80 0.03652071952819824
decode: 80 0 434277 80 0.03623557090759277
decode: 80 0 434357 80 0.036240339279174805
decode: 80 0 434437 80 0.03622317314147949
decode: 80 0 434517 80 0.03634929656982422
decode: 80 0 434597 80 0.03628349304199219
decode: 80 0 434677 80 0.03626704216003418
decode: 80 0 434757 80 0.03621053695678711
decode: 80 0 434837 80 0.03603959083557129
decode: 80 0 434917 80 0.036078453063964844
decode: 80 0 434997 80 0.03608226776123047
decode: 80 0 435077 80 0.03610539436340332
decode: 80 0 435157 80 0.03626275062561035
decode: 80 0 435237 80 0.03617072105407715
decode: 80 0 435317 80 0.03610038757324219
decode: 80 0 435397 80 0.036066293716430664
decode: 80 0 435477 80 0.03616976737976074
decode: 80 0 435557 80 0.036185264587402344
decode: 80 0 435637 80 0.03614354133605957
decode: 80 0 435717 80 0.03612995147705078
decode: 80 0 435797 80 0.03611421585083008
decode: 80 0 435877 80 0.03613162040710449
decode: 80 0 435957 80 0.03616929054260254
decode: 80 0 436037 80 0.03614926338195801
decode: 80 0 436117 80 0.03614354133605957
decode: 80 0 436197 80 0.03616046905517578
decode: 80 0 436277 80 0.0361933708190918
decode: 80 0 436357 80 0.03618001937866211
decode: 80 0 436437 80 0.03617978096008301
decode: 80 0 436517 80 0.03615903854370117
decode: 80 0 436597 80 0.03616142272949219
decode: 80 0 436677 80 0.036200761795043945
decode: 80 0 436757 80 0.03621649742126465
decode: 80 0 436837 80 0.03622317314147949
decode: 80 0 436917 80 0.0361940860748291
decode: 80 0 436997 80 0.036222219467163086
decode: 80 0 437077 80 0.03623628616333008
decode: 80 0 437157 80 0.03627300262451172
decode: 80 0 437237 80 0.03621816635131836
decode: 80 0 437317 80 0.036205291748046875
decode: 80 0 437397 80 0.03624844551086426
decode: 80 0 437477 80 0.036284446716308594
decode: 80 0 437557 80 0.03629350662231445
decode: 79 0 433067 79 0.03649163246154785
mixed: 79 1 433067 2048 0.0828092098236084
mixed: 79 1 435115 2048 0.09066057205200195
mixed: 79 1 437163 2048 0.09576106071472168
mixed: 79 1 439211 1278 0.0665740966796875
decode: 80 0 440569 80 0.03867959976196289
decode: 80 0 440649 80 0.037233829498291016
decode: 80 0 440729 80 0.03687691688537598
decode: 80 0 440809 80 0.0366673469543457
decode: 80 0 440889 80 0.036623239517211914
decode: 80 0 440969 80 0.036599159240722656
decode: 80 0 441049 80 0.03659248352050781
decode: 80 0 441129 80 0.03659224510192871
decode: 80 0 441209 80 0.03661775588989258
decode: 80 0 441289 80 0.03644394874572754
decode: 80 0 441369 80 0.03647923469543457
decode: 80 0 441449 80 0.036435604095458984
decode: 80 0 441529 80 0.03647589683532715
decode: 80 0 441609 80 0.036535024642944336
decode: 80 0 441689 80 0.03649568557739258
decode: 80 0 441769 80 0.036427974700927734
decode: 79 0 439180 79 0.03516960144042969
decode: 79 0 439259 79 0.03526592254638672
decode: 79 0 439338 79 0.03527998924255371
decode: 79 0 439417 79 0.035309791564941406
decode: 79 0 439496 79 0.035166025161743164
decode: 78 0 433226 78 0.03487515449523926
mixed: 78 1 433226 2048 0.0825052261352539
mixed: 78 1 435274 2048 0.08988118171691895
mixed: 78 1 437322 2048 0.0971367359161377
mixed: 78 1 439370 244 0.032501220703125
decode: 79 0 439693 79 0.035268306732177734
decode: 79 0 439772 79 0.03496265411376953
decode: 79 0 439851 79 0.03490638732910156
decode: 79 0 439930 79 0.03487658500671387
decode: 78 0 433736 78 0.036185503005981445
mixed: 77 1 429606 2047 0.08146238327026367
mixed: 77 1 431653 2048 0.08951950073242188
mixed: 77 1 433701 2048 0.09574532508850098
mixed: 77 1 435749 2048 0.1016397476196289
mixed: 77 1 437797 238 0.0332026481628418
decode: 78 0 438113 78 0.04013800621032715
decode: 77 0 430381 77 0.03543996810913086
mixed: 77 1 430381 2048 0.08225679397583008
mixed: 77 1 432429 1823 0.08541059494018555
decode: 78 0 434330 78 0.03680109977722168
decode: 78 0 434408 78 0.0361788272857666
decode: 78 0 434486 78 0.03555035591125488
decode: 78 0 434564 78 0.035419464111328125
decode: 78 0 434642 78 0.035421133041381836
decode: 78 0 434720 78 0.03541421890258789
decode: 78 0 434798 78 0.035433292388916016
decode: 78 0 434876 78 0.03554248809814453
decode: 78 0 434954 78 0.03562355041503906
decode: 78 0 435032 78 0.035373687744140625
decode: 78 0 435110 78 0.03521561622619629
decode: 78 0 435188 78 0.03524327278137207
decode: 78 0 435266 78 0.03521585464477539
decode: 78 0 435344 78 0.03526163101196289
decode: 78 0 435422 78 0.03522992134094238
decode: 78 0 435500 78 0.03534531593322754
decode: 78 0 435578 78 0.035303592681884766
decode: 78 0 435656 78 0.035253286361694336
decode: 78 0 435734 78 0.03525733947753906
decode: 78 0 435812 78 0.03528261184692383
decode: 78 0 435890 78 0.0353398323059082
decode: 78 0 435968 78 0.03536343574523926
decode: 78 0 436046 78 0.03528904914855957
decode: 78 0 436124 78 0.03528547286987305
decode: 78 0 436202 78 0.035308122634887695
decode: 78 0 436280 78 0.035390377044677734
decode: 77 0 431843 77 0.038680076599121094
decode: 77 0 431920 77 0.038668155670166016
decode: 77 0 431997 77 0.038625478744506836
decode: 77 0 432074 77 0.03863787651062012
decode: 77 0 432151 77 0.03865218162536621
decode: 77 0 432228 77 0.03865861892700195
decode: 77 0 432305 77 0.038666725158691406
decode: 77 0 432382 77 0.03864455223083496
decode: 77 0 432459 77 0.0386960506439209
decode: 77 0 432536 77 0.03868865966796875
decode: 77 0 432613 77 0.03868460655212402
decode: 77 0 432690 77 0.03869915008544922
decode: 77 0 432767 77 0.03869938850402832
decode: 77 0 432844 77 0.03867530822753906
decode: 77 0 432921 77 0.03875017166137695
decode: 77 0 432998 77 0.038716793060302734
decode: 77 0 433075 77 0.03872323036193848
decode: 77 0 433152 77 0.038752079010009766
decode: 77 0 433229 77 0.038759708404541016
decode: 77 0 433306 77 0.03875160217285156
decode: 77 0 433383 77 0.03872203826904297
decode: 77 0 433460 77 0.03871965408325195
decode: 77 0 433537 77 0.03880882263183594
decode: 77 0 433614 77 0.03878498077392578
decode: 77 0 433691 77 0.0387728214263916
decode: 77 0 433768 77 0.03875327110290527
decode: 77 0 433845 77 0.03876066207885742
decode: 77 0 433922 77 0.0387876033782959
decode: 77 0 433999 77 0.038797855377197266
decode: 77 0 434076 77 0.03889727592468262
decode: 77 0 434153 77 0.03877568244934082
decode: 77 0 434230 77 0.038838863372802734
decode: 77 0 434307 77 0.03884577751159668
decode: 77 0 434384 77 0.038851261138916016
decode: 77 0 434461 77 0.03879880905151367
decode: 77 0 434538 77 0.03878045082092285
decode: 77 0 434615 77 0.03882312774658203
decode: 77 0 434692 77 0.03881573677062988
decode: 77 0 434769 77 0.038831472396850586
decode: 77 0 434846 77 0.038829803466796875
decode: 77 0 434923 77 0.0388484001159668
decode: 77 0 435000 77 0.038849830627441406
decode: 77 0 435077 77 0.038875579833984375
decode: 77 0 435154 77 0.03882884979248047
decode: 77 0 435231 77 0.0388340950012207
decode: 77 0 435308 77 0.038840293884277344
decode: 77 0 435385 77 0.038909196853637695
decode: 77 0 435462 77 0.03888225555419922
decode: 77 0 435539 77 0.038858652114868164
decode: 77 0 435616 77 0.038991451263427734
decode: 77 0 435693 77 0.03890228271484375
decode: 77 0 435770 77 0.03892064094543457
decode: 77 0 435847 77 0.03886866569519043
decode: 77 0 435924 77 0.038854360580444336
decode: 77 0 436001 77 0.038947343826293945
decode: 77 0 436078 77 0.03893327713012695
decode: 77 0 436155 77 0.038936614990234375
decode: 77 0 436232 77 0.03891491889953613
decode: 77 0 436309 77 0.038938283920288086
decode: 77 0 436386 77 0.038924217224121094
decode: 77 0 436463 77 0.03894615173339844
decode: 77 0 436540 77 0.03893327713012695
decode: 77 0 436617 77 0.03892326354980469
decode: 77 0 436694 77 0.03894186019897461
decode: 77 0 436771 77 0.03898930549621582
decode: 77 0 436848 77 0.03898167610168457
decode: 77 0 436925 77 0.038934946060180664
decode: 77 0 437002 77 0.03895425796508789
decode: 77 0 437079 77 0.038973093032836914
decode: 77 0 437156 77 0.03899335861206055
decode: 77 0 437233 77 0.03902173042297363
decode: 77 0 437310 77 0.03898048400878906
decode: 77 0 437387 77 0.03898143768310547
decode: 77 0 437464 77 0.039031982421875
decode: 76 0 432027 76 0.03903388977050781
decode: 76 0 432103 76 0.03900146484375
decode: 76 0 432179 76 0.03898358345031738
decode: 76 0 432255 76 0.03902125358581543
decode: 76 0 432331 76 0.03908276557922363
decode: 76 0 432407 76 0.03910112380981445
decode: 76 0 432483 76 0.03903532028198242
decode: 76 0 432559 76 0.039023637771606445
decode: 76 0 432635 76 0.039060354232788086
decode: 76 0 432711 76 0.039095163345336914
decode: 76 0 432787 76 0.03902792930603027
decode: 76 0 432863 76 0.03902578353881836
decode: 76 0 432939 76 0.0390775203704834
decode: 76 0 433015 76 0.03911423683166504
decode: 76 0 433091 76 0.039087772369384766
decode: 76 0 433167 76 0.0390782356262207
decode: 76 0 433243 76 0.039081573486328125
decode: 76 0 433319 76 0.03909730911254883
decode: 76 0 433395 76 0.03912520408630371
decode: 76 0 433471 76 0.03910374641418457
decode: 76 0 433547 76 0.039103031158447266
decode: 76 0 433623 76 0.0391082763671875
decode: 76 0 433699 76 0.03915715217590332
decode: 76 0 433775 76 0.03914451599121094
decode: 76 0 433851 76 0.03912615776062012
decode: 76 0 433927 76 0.03911733627319336
decode: 76 0 434003 76 0.03910350799560547
decode: 76 0 434079 76 0.039129018783569336
decode: 76 0 434155 76 0.03919410705566406
decode: 76 0 434231 76 0.0391542911529541
decode: 76 0 434307 76 0.03913426399230957
decode: 76 0 434383 76 0.039177656173706055
decode: 76 0 434459 76 0.039206504821777344
decode: 76 0 434535 76 0.03919506072998047
decode: 76 0 434611 76 0.0391535758972168
decode: 76 0 434687 76 0.03916120529174805
decode: 76 0 434763 76 0.0392458438873291
decode: 76 0 434839 76 0.03923964500427246
decode: 76 0 434915 76 0.0391850471496582
decode: 76 0 434991 76 0.03917837142944336
decode: 76 0 435067 76 0.03922271728515625
decode: 76 0 435143 76 0.03924870491027832
decode: 76 0 435219 76 0.03927135467529297
decode: 76 0 435295 76 0.039206504821777344
decode: 76 0 435371 76 0.03923654556274414
decode: 76 0 435447 76 0.039295196533203125
decode: 76 0 435523 76 0.03923606872558594
decode: 76 0 435599 76 0.03924059867858887
decode: 76 0 435675 76 0.03922772407531738
decode: 76 0 435751 76 0.03925776481628418
decode: 76 0 435827 76 0.039267778396606445
decode: 76 0 435903 76 0.03929448127746582
decode: 76 0 435979 76 0.039258718490600586
decode: 76 0 436055 76 0.039263248443603516
decode: 75 0 428068 75 0.03553318977355957
mixed: 75 1 428068 2048 0.0832223892211914
mixed: 75 1 430116 2048 0.09003901481628418
mixed: 75 1 432164 2048 0.0955355167388916
mixed: 75 1 434212 2048 0.10306692123413086
mixed: 75 2 436260 1306 0.07084369659423828
decode: 77 0 437643 77 0.04006052017211914
decode: 77 0 437720 77 0.03930258750915527
decode: 77 0 437797 77 0.03922677040100098
decode: 76 0 428392 76 0.03569221496582031
mixed: 76 1 428392 2048 0.08162999153137207
mixed: 76 2 430440 2048 0.08429551124572754
mixed: 77 2 432488 2048 0.08671712875366211
mixed: 78 1 434536 972 0.04880475997924805
decode: 79 0 435587 79 0.036217451095581055
decode: 79 0 435666 79 0.03592681884765625
decode: 79 0 435745 79 0.03571748733520508
decode: 79 0 435824 79 0.03572249412536621
decode: 79 0 435903 79 0.03572869300842285
decode: 79 0 435982 79 0.03572201728820801
decode: 79 0 436061 79 0.03571891784667969
decode: 79 0 436140 79 0.03577232360839844
decode: 79 0 436219 79 0.03562784194946289
decode: 79 0 436298 79 0.03560996055603027
decode: 79 0 436377 79 0.035608530044555664
decode: 79 0 436456 79 0.03564286231994629
decode: 79 0 436535 79 0.03560495376586914
decode: 79 0 436614 79 0.03555798530578613
decode: 79 0 436693 79 0.03560805320739746
decode: 79 0 436772 79 0.03558158874511719
decode: 79 0 436851 79 0.03561830520629883
decode: 79 0 436930 79 0.03557252883911133
decode: 79 0 437009 79 0.03557729721069336
decode: 79 0 437088 79 0.035605430603027344
decode: 78 0 429932 78 0.03927254676818848
mixed: 77 1 425944 2047 0.08154296875
mixed: 77 1 427991 2048 0.09052729606628418
mixed: 77 1 430039 2048 0.09619855880737305
mixed: 77 2 432087 2048 0.09985923767089844
mixed: 78 2 434135 2048 0.08342385292053223
mixed: 79 1 436183 1099 0.054894447326660156
decode: 80 0 437362 80 0.03900456428527832
decode: 80 0 437442 80 0.03751039505004883
decode: 80 0 437522 80 0.036660194396972656
decode: 80 0 437602 80 0.03669238090515137
decode: 80 0 437682 80 0.03652000427246094
decode: 80 0 437762 80 0.036577701568603516
decode: 80 0 437842 80 0.03652501106262207
decode: 80 0 437922 80 0.03667855262756348
decode: 80 0 438002 80 0.03662371635437012
decode: 80 0 438082 80 0.03647303581237793
decode: 80 0 438162 80 0.036359310150146484
decode: 80 0 438242 80 0.036362648010253906
decode: 80 0 438322 80 0.03646349906921387
decode: 80 0 438402 80 0.03645825386047363
decode: 80 0 438482 80 0.03640270233154297
decode: 80 0 438562 80 0.036479949951171875
decode: 80 0 438642 80 0.0364384651184082
decode: 80 0 438722 80 0.03646659851074219
decode: 80 0 438802 80 0.03646349906921387
decode: 80 0 438882 80 0.03645825386047363
decode: 80 0 438962 80 0.03650164604187012
decode: 80 0 439042 80 0.0364375114440918
decode: 80 0 439122 80 0.03651142120361328
decode: 80 0 439202 80 0.03652644157409668
decode: 79 0 433765 79 0.03641080856323242
mixed: 79 1 433765 2048 0.08347964286804199
mixed: 79 1 435813 2048 0.09111309051513672
mixed: 79 1 437861 2048 0.09613347053527832
mixed: 79 1 439909 1132 0.06312274932861328
decode: 80 0 441121 80 0.041518211364746094
decode: 80 0 441201 80 0.039834022521972656
decode: 80 0 441281 80 0.03933525085449219
decode: 80 0 441361 80 0.03933429718017578
decode: 80 0 441441 80 0.03938007354736328
decode: 80 0 441521 80 0.03935980796813965
decode: 79 0 433417 79 0.03781008720397949
mixed: 78 1 425841 2047 0.08112907409667969
mixed: 78 1 427888 2048 0.09082555770874023
mixed: 78 1 429936 2048 0.09531569480895996
mixed: 78 2 431984 2048 0.09845757484436035
mixed: 79 1 434032 2048 0.08491015434265137
mixed: 79 1 436080 2048 0.09058594703674316
mixed: 78 1 434241 2048 0.09593725204467773
mixed: 78 1 436289 1915 0.09751486778259277
decode: 79 0 438283 79 0.04139590263366699
decode: 79 0 438362 79 0.039801597595214844
decode: 79 0 438441 79 0.03941059112548828
decode: 79 0 438520 79 0.03943490982055664
decode: 79 0 438599 79 0.039385080337524414
decode: 79 0 438678 79 0.039392948150634766
decode: 79 0 438757 79 0.039402008056640625
decode: 79 0 438836 79 0.03941178321838379
decode: 79 0 438915 79 0.039305686950683594
decode: 78 0 431755 78 0.039086103439331055
mixed: 78 1 431755 2048 0.0829169750213623
mixed: 78 1 433803 2048 0.10259294509887695
mixed: 78 1 435851 2048 0.09663891792297363
mixed: 78 2 437899 1849 0.08427643775939941
decode: 80 0 439828 80 0.0423276424407959
decode: 80 0 439908 80 0.03999829292297363
decode: 80 0 439988 80 0.039441823959350586
decode: 80 0 440068 80 0.03948020935058594
decode: 80 0 440148 80 0.03951215744018555
decode: 80 0 440228 80 0.0395050048828125
decode: 80 0 440308 80 0.039602041244506836
decode: 80 0 440388 80 0.039591073989868164
decode: 80 0 440468 80 0.03924822807312012
decode: 80 0 440548 80 0.03925800323486328
decode: 79 0 435611 79 0.039521217346191406
mixed: 79 2 435611 2048 0.08262062072753906
mixed: 80 1 437659 2048 0.08667731285095215
mixed: 80 1 439707 1356 0.07488608360290527
decode: 81 0 441144 81 0.039961814880371094
decode: 80 0 433135 80 0.039995670318603516
decode: 80 0 433215 80 0.039717674255371094
decode: 80 0 433295 80 0.03974151611328125
decode: 80 0 433375 80 0.03969120979309082
decode: 80 0 433455 80 0.03964662551879883
decode: 80 0 433535 80 0.039691925048828125
decode: 80 0 433615 80 0.03975343704223633
decode: 80 0 433695 80 0.039563894271850586
decode: 80 0 433775 80 0.03949785232543945
decode: 80 0 433855 80 0.03949689865112305
decode: 80 0 433935 80 0.03956937789916992
decode: 80 0 434015 80 0.03957056999206543
decode: 80 0 434095 80 0.0395512580871582
decode: 80 0 434175 80 0.03952598571777344
decode: 80 0 434255 80 0.03951764106750488
decode: 79 0 430931 79 0.03891324996948242
mixed: 79 1 430931 2048 0.08360576629638672
mixed: 79 1 432979 2048 0.09064102172851562
mixed: 79 1 435027 2048 0.0958108901977539
mixed: 79 1 437075 576 0.04456281661987305
decode: 80 0 437731 80 0.0396122932434082
decode: 80 0 437811 80 0.03928518295288086
decode: 80 0 437891 80 0.03921175003051758
decode: 80 0 437971 80 0.0392148494720459
decode: 80 0 438051 80 0.03919410705566406
decode: 80 0 438131 80 0.03922438621520996
decode: 80 0 438211 80 0.0392153263092041
decode: 80 0 438291 80 0.039231061935424805
decode: 80 0 438371 80 0.039130210876464844
decode: 80 0 438451 80 0.03907370567321777
decode: 80 0 438531 80 0.03907585144042969
decode: 80 0 438611 80 0.0391240119934082
decode: 80 0 438691 80 0.03912925720214844
decode: 80 0 438771 80 0.03914666175842285
decode: 80 0 438851 80 0.039038658142089844
decode: 80 0 438931 80 0.03903460502624512
decode: 80 0 439011 80 0.0391237735748291
decode: 80 0 439091 80 0.03912472724914551
decode: 80 0 439171 80 0.03911423683166504
decode: 80 0 439251 80 0.039063453674316406
decode: 80 0 439331 80 0.03906726837158203
decode: 80 0 439411 80 0.03914141654968262
decode: 80 0 439491 80 0.03914475440979004
decode: 80 0 439571 80 0.03907942771911621
decode: 79 0 437178 79 0.039572954177856445
mixed: 78 1 433861 2047 0.08276581764221191
mixed: 78 1 435908 2048 0.09112071990966797
mixed: 78 1 437956 1124 0.06045413017272949
decode: 79 0 439159 79 0.04172182083129883
decode: 79 0 439238 79 0.040506839752197266
decode: 79 0 439317 79 0.040132761001586914
decode: 79 0 439396 79 0.040146827697753906
decode: 79 0 439475 79 0.040210723876953125
decode: 79 0 439554 79 0.040239572525024414
decode: 79 0 439633 79 0.040261268615722656
decode: 79 0 439712 79 0.040160179138183594
decode: 79 0 439791 79 0.04008603096008301
decode: 79 0 439870 79 0.04007887840270996
decode: 79 0 439949 79 0.04011225700378418
decode: 79 0 440028 79 0.04008841514587402
decode: 79 0 440107 79 0.04006338119506836
decode: 79 0 440186 79 0.03998422622680664
decode: 79 0 440265 79 0.04001879692077637
decode: 79 0 440344 79 0.04008173942565918
decode: 79 0 440423 79 0.04008984565734863
decode: 79 0 440502 79 0.04000067710876465
decode: 79 0 440581 79 0.04000687599182129
decode: 79 0 440660 79 0.04008984565734863
decode: 79 0 440739 79 0.04014921188354492
decode: 79 0 440818 79 0.04005885124206543
decode: 79 0 440897 79 0.040008544921875
decode: 78 0 436127 78 0.040439605712890625
mixed: 78 1 436127 1988 0.08354973793029785
decode: 79 0 438194 79 0.042459726333618164
decode: 79 0 438273 79 0.041045427322387695
decode: 79 0 438352 79 0.040786027908325195
decode: 79 0 438431 79 0.04077935218811035
decode: 78 0 434389 78 0.03891158103942871
mixed: 78 1 434389 2048 0.08182811737060547
mixed: 78 1 436437 2048 0.09017753601074219
mixed: 78 1 438485 1925 0.0946497917175293
decode: 79 0 440489 79 0.04020071029663086
decode: 79 0 440568 79 0.039472103118896484
decode: 79 0 440647 79 0.03913259506225586
decode: 79 0 440726 79 0.03924298286437988
decode: 79 0 440805 79 0.03907632827758789
decode: 78 0 435066 78 0.03798103332519531
mixed: 78 1 435066 2048 0.08207821846008301
mixed: 78 1 437114 2021 0.09098958969116211
decode: 79 0 439214 79 0.0400390625
decode: 79 0 439293 79 0.03833961486816406
decode: 79 0 439372 79 0.03807663917541504
decode: 79 0 439451 79 0.03805351257324219
decode: 79 0 439530 79 0.03815627098083496
decode: 79 0 439609 79 0.03808903694152832
decode: 79 0 439688 79 0.03804755210876465
decode: 79 0 439767 79 0.037917375564575195
decode: 78 0 434292 78 0.03813886642456055
mixed: 78 1 434292 2048 0.08464598655700684
mixed: 78 2 436340 2048 0.09154176712036133
mixed: 79 1 438388 2048 0.08461880683898926
mixed: 79 1 440436 764 0.04798555374145508
decode: 80 0 441280 80 0.03878307342529297
decode: 80 0 441360 80 0.038301706314086914
decode: 80 0 441440 80 0.03841137886047363
decode: 80 0 441520 80 0.03838968276977539
decode: 80 0 441600 80 0.038317203521728516
decode: 80 0 441680 80 0.0384221076965332
decode: 80 0 441760 80 0.03842020034790039
decode: 80 0 441840 80 0.03839755058288574
decode: 80 0 441920 80 0.038124799728393555
decode: 80 0 442000 80 0.03804922103881836
decode: 80 0 442080 80 0.03810453414916992
decode: 79 0 433157 79 0.038246870040893555
mixed: 79 1 433157 2048 0.08410787582397461
mixed: 79 2 435205 2048 0.08565306663513184
mixed: 80 1 437253 2048 0.0909566879272461
mixed: 80 1 439301 1540 0.08268070220947266
decode: 81 0 440922 81 0.04307675361633301
decode: 80 0 433648 80 0.037984371185302734
mixed: 80 1 433648 2048 0.08296561241149902
mixed: 80 1 435696 2048 0.0910029411315918
mixed: 80 1 437744 2048 0.09668350219726562
mixed: 80 1 439792 450 0.04093050956726074
decode: 81 0 440323 81 0.042800188064575195
decode: 81 0 440404 81 0.04237723350524902
decode: 81 0 440485 81 0.04236459732055664
decode: 81 0 440566 81 0.04240894317626953
decode: 81 0 440647 81 0.0423588752746582
decode: 81 0 440728 81 0.04237484931945801
decode: 81 0 440809 81 0.04248404502868652
decode: 81 0 440890 81 0.04228639602661133
decode: 80 0 436478 80 0.03778386116027832
decode: 80 0 436558 80 0.03785133361816406
decode: 80 0 436638 80 0.03777146339416504
decode: 80 0 436718 80 0.03777623176574707
decode: 80 0 436798 80 0.03776717185974121
decode: 80 0 436878 80 0.03771066665649414
decode: 80 0 436958 80 0.03774833679199219
decode: 80 0 437038 80 0.03784823417663574
decode: 80 0 437118 80 0.0378572940826416
decode: 80 0 437198 80 0.03780364990234375
decode: 80 0 437278 80 0.03789043426513672
decode: 79 0 431376 79 0.039319753646850586
mixed: 79 1 431376 2048 0.08124876022338867
mixed: 79 2 433424 2048 0.09046626091003418
mixed: 80 1 435472 2048 0.08394145965576172
mixed: 80 1 437520 1514 0.07817363739013672
decode: 81 0 439115 81 0.0411832332611084
decode: 81 0 439196 81 0.04024982452392578
decode: 81 0 439277 81 0.04010581970214844
decode: 81 0 439358 81 0.04013824462890625
decode: 81 0 439439 81 0.04010486602783203
decode: 81 0 439520 81 0.040108680725097656
decode: 81 0 439601 81 0.040177345275878906
decode: 81 0 439682 81 0.04009437561035156
decode: 81 0 439763 81 0.039975881576538086
decode: 81 0 439844 81 0.03990793228149414
decode: 81 0 439925 81 0.039911746978759766
decode: 81 0 440006 81 0.04028797149658203
decode: 81 0 440087 81 0.04005599021911621
decode: 81 0 440168 81 0.04003477096557617
decode: 81 0 440249 81 0.040199995040893555
decode: 81 0 440330 81 0.04000973701477051
decode: 81 0 440411 81 0.0399472713470459
decode: 81 0 440492 81 0.03993535041809082
decode: 81 0 440573 81 0.03992915153503418
decode: 81 0 440654 81 0.039961814880371094
decode: 81 0 440735 81 0.04004645347595215
decode: 81 0 440816 81 0.04002881050109863
decode: 81 0 440897 81 0.04000401496887207
decode: 81 0 440978 81 0.039958953857421875
decode: 81 0 441059 81 0.04004383087158203
decode: 80 0 433984 80 0.039335012435913086
mixed: 80 1 433984 2048 0.08287978172302246
mixed: 80 2 436032 2048 0.08598160743713379
mixed: 81 1 438080 1499 0.07582259178161621
decode: 82 0 439661 82 0.04172062873840332
decode: 81 0 430393 81 0.038117408752441406
mixed: 81 1 430393 2048 0.08238887786865234
mixed: 81 1 432441 2048 0.09026741981506348
mixed: 81 2 434489 2048 0.09246110916137695
mixed: 82 1 436537 2048 0.08596396446228027
mixed: 82 1 438585 2048 0.09233713150024414
mixed: 82 1 440633 1351 0.0798790454864502
decode: 81 0 432766 81 0.04123663902282715
mixed: 81 1 432766 2048 0.08273720741271973
mixed: 81 1 434814 2048 0.09099411964416504
mixed: 81 1 436862 2048 0.09694457054138184
mixed: 81 1 438910 208 0.03238987922668457
decode: 82 0 439200 82 0.04037666320800781
decode: 82 0 439282 82 0.04000425338745117
decode: 82 0 439364 82 0.0400090217590332
decode: 82 0 439446 82 0.040039777755737305
decode: 82 0 439528 82 0.04001903533935547
decode: 82 0 439610 82 0.04008650779724121
decode: 82 0 439692 82 0.040045738220214844
decode: 82 0 439774 82 0.03989124298095703
decode: 82 0 439856 82 0.0397493839263916
decode: 82 0 439938 82 0.039798736572265625
decode: 82 0 440020 82 0.039896488189697266
decode: 82 0 440102 82 0.039876699447631836
decode: 82 0 440184 82 0.039824724197387695
decode: 82 0 440266 82 0.03982424736022949
decode: 82 0 440348 82 0.039906978607177734
decode: 82 0 440430 82 0.03992438316345215
decode: 82 0 440512 82 0.03987717628479004
decode: 82 0 440594 82 0.03984785079956055
decode: 82 0 440676 82 0.039900779724121094
decode: 82 0 440758 82 0.03994297981262207
decode: 82 0 440840 82 0.039975881576538086
decode: 82 0 440922 82 0.039882659912109375
decode: 82 0 441004 82 0.039876699447631836
decode: 82 0 441086 82 0.03995370864868164
decode: 82 0 441168 82 0.04026150703430176
decode: 82 0 441250 82 0.040029048919677734
decode: 82 0 441332 82 0.03995776176452637
decode: 81 0 434922 81 0.039958953857421875
mixed: 81 1 434922 2048 0.08279728889465332
mixed: 81 1 436970 2048 0.0904543399810791
mixed: 81 2 439018 2048 0.08486390113830566
mixed: 82 1 441066 285 0.03751063346862793
decode: 83 0 441434 83 0.04019331932067871
decode: 83 0 441517 83 0.0396115779876709
decode: 83 0 441600 83 0.039565086364746094
decode: 83 0 441683 83 0.03953194618225098
decode: 83 0 441766 83 0.03956031799316406
decode: 82 0 435895 82 0.039861440658569336
mixed: 82 1 435895 2048 0.08263278007507324
mixed: 82 1 437943 2048 0.09047174453735352
mixed: 82 1 439991 935 0.05229830741882324
decode: 83 0 441009 83 0.04004049301147461
decode: 83 0 441092 83 0.03956198692321777
decode: 83 0 441175 83 0.03997492790222168
decode: 83 0 441258 83 0.04004549980163574
decode: 82 0 433979 82 0.038863420486450195
mixed: 82 1 433979 2048 0.0833284854888916
mixed: 81 1 428640 2048 0.09072470664978027
mixed: 81 2 430688 2048 0.08675646781921387
mixed: 82 2 432736 2048 0.08384585380554199
mixed: 82 2 425671 2048 0.08443856239318848
mixed: 83 1 427719 2048 0.08704257011413574
mixed: 83 1 429767 2048 0.09434199333190918
mixed: 83 2 431815 2048 0.09631586074829102
mixed: 84 2 433863 2048 0.08426094055175781
mixed: 85 1 435911 2048 0.08491301536560059
mixed: 85 1 437959 2048 0.09212207794189453
mixed: 85 1 440007 859 0.052468299865722656
decode: 86 0 440952 86 0.03968930244445801
decode: 86 0 441038 86 0.038802385330200195
decode: 86 0 441124 86 0.03852081298828125
decode: 86 0 441210 86 0.03846287727355957
decode: 86 0 441296 86 0.03851747512817383
decode: 86 0 441382 86 0.038457393646240234
decode: 86 0 441468 86 0.03840923309326172
decode: 86 0 441554 86 0.03846931457519531
decode: 86 0 441640 86 0.03832244873046875
decode: 85 0 433484 85 0.039325714111328125
mixed: 85 1 433484 2048 0.08306384086608887
mixed: 85 1 435532 1481 0.07604551315307617
decode: 86 0 437099 86 0.0405430793762207
decode: 86 0 437185 86 0.03954029083251953
decode: 85 0 432800 85 0.03749561309814453
decode: 85 0 432885 85 0.03752398490905762
decode: 85 0 432970 85 0.03752493858337402
decode: 85 0 433055 85 0.03773021697998047
decode: 85 0 433140 85 0.03758883476257324
decode: 85 0 433225 85 0.037575721740722656
decode: 85 0 433310 85 0.03798246383666992
decode: 85 0 433395 85 0.03741788864135742
decode: 85 0 433480 85 0.03739118576049805
decode: 85 0 433565 85 0.03746819496154785
decode: 85 0 433650 85 0.03741002082824707
decode: 85 0 433735 85 0.037372589111328125
decode: 85 0 433820 85 0.03737759590148926
decode: 85 0 433905 85 0.03738284111022949
decode: 84 0 431230 84 0.039310455322265625
mixed: 84 1 431230 2048 0.08455729484558105
mixed: 84 1 433278 2048 0.09111881256103516
mixed: 84 1 435326 2048 0.09658241271972656
mixed: 84 1 437374 1083 0.06304764747619629
decode: 85 0 438542 85 0.03972959518432617
decode: 85 0 438627 85 0.03901052474975586
decode: 85 0 438712 85 0.038697004318237305
decode: 85 0 438797 85 0.03875398635864258
decode: 85 0 438882 85 0.03897881507873535
decode: 85 0 438967 85 0.038849592208862305
decode: 85 0 439052 85 0.03915596008300781
decode: 85 0 439137 85 0.03870868682861328
decode: 85 0 439222 85 0.0389094352722168
decode: 85 0 439307 85 0.03863048553466797
decode: 85 0 439392 85 0.03870058059692383
decode: 85 0 439477 85 0.039313316345214844
decode: 85 0 439562 85 0.038698673248291016
decode: 85 0 439647 85 0.03868675231933594
decode: 85 0 439732 85 0.03869318962097168
decode: 85 0 439817 85 0.03903532028198242
decode: 85 0 439902 85 0.038681983947753906
decode: 85 0 439987 85 0.038964033126831055
decode: 85 0 440072 85 0.03870654106140137
decode: 85 0 440157 85 0.03896951675415039
decode: 85 0 440242 85 0.038765907287597656
decode: 85 0 440327 85 0.038712263107299805
decode: 85 0 440412 85 0.038695335388183594
decode: 85 0 440497 85 0.03889775276184082
decode: 85 0 440582 85 0.0386962890625
decode: 85 0 440667 85 0.038687705993652344
decode: 85 0 440752 85 0.038697242736816406
decode: 85 0 440837 85 0.0386505126953125
decode: 84 0 437866 84 0.03813624382019043
mixed: 83 1 434744 2047 0.08373188972473145
mixed: 83 1 436791 2048 0.09097504615783691
mixed: 83 1 438839 1885 0.09343695640563965
decode: 84 0 440808 84 0.039628028869628906
decode: 84 0 440892 84 0.03852367401123047
decode: 84 0 440976 84 0.037833452224731445
decode: 84 0 441060 84 0.03775978088378906
decode: 84 0 441144 84 0.0377497673034668
decode: 84 0 441228 84 0.03774738311767578
decode: 84 0 441312 84 0.03779244422912598
decode: 84 0 441396 84 0.038114070892333984
decode: 84 0 441480 84 0.03775310516357422
decode: 84 0 441564 84 0.037955284118652344
decode: 84 0 441648 84 0.03788900375366211
decode: 84 0 441732 84 0.037711143493652344
decode: 83 0 431910 83 0.03662919998168945
mixed: 83 1 431910 2048 0.08907079696655273
mixed: 83 2 433958 2048 0.08471870422363281
mixed: 84 1 436006 2048 0.0898435115814209
mixed: 84 1 438054 402 0.040146589279174805
decode: 85 0 438541 85 0.03701019287109375
decode: 84 0 432817 84 0.0360102653503418
mixed: 84 1 432817 2048 0.08404040336608887
mixed: 84 1 434865 2048 0.09109163284301758
mixed: 84 1 436913 2048 0.09734869003295898
mixed: 83 1 431960 1640 0.08913731575012207
decode: 84 0 433684 84 0.03957509994506836
decode: 84 0 433768 84 0.03920269012451172
decode: 84 0 433852 84 0.038497209548950195
decode: 84 0 433936 84 0.03878664970397949
decode: 84 0 434020 84 0.038530826568603516
decode: 84 0 434104 84 0.038518428802490234
decode: 84 0 434188 84 0.03852128982543945
decode: 83 0 425662 83 0.037749528884887695
mixed: 83 1 425662 2048 0.08227872848510742
mixed: 83 1 427710 2048 0.09070205688476562
mixed: 83 1 429758 2048 0.0963587760925293
mixed: 83 2 431806 2048 0.09235978126525879
mixed: 84 2 433854 2048 0.08426284790039062
mixed: 85 1 435902 2048 0.08702492713928223
mixed: 85 1 437950 304 0.03484988212585449
decode: 86 0 438340 86 0.0394284725189209
decode: 86 0 438426 86 0.0391230583190918
decode: 86 0 438512 86 0.03915119171142578
decode: 86 0 438598 86 0.03911256790161133
decode: 86 0 438684 86 0.039118051528930664
decode: 86 0 438770 86 0.03943228721618652
decode: 86 0 438856 86 0.039160728454589844
decode: 86 0 438942 86 0.03925776481628418
decode: 86 0 439028 86 0.03900313377380371
decode: 86 0 439114 86 0.039052486419677734
decode: 86 0 439200 86 0.03961658477783203
decode: 86 0 439286 86 0.039044857025146484
decode: 86 0 439372 86 0.0393218994140625
decode: 86 0 439458 86 0.03908419609069824
decode: 86 0 439544 86 0.03940463066101074
decode: 86 0 439630 86 0.03910231590270996
decode: 86 0 439716 86 0.0393671989440918
decode: 86 0 439802 86 0.03902935981750488
decode: 86 0 439888 86 0.039350032806396484
decode: 86 0 439974 86 0.039078474044799805
decode: 86 0 440060 86 0.03924274444580078
decode: 86 0 440146 86 0.03908705711364746
decode: 86 0 440232 86 0.03929781913757324
decode: 84 0 429149 84 0.036695241928100586
mixed: 84 1 429149 2048 0.08213448524475098
mixed: 84 2 431197 2048 0.08916115760803223
mixed: 85 1 433245 2048 0.08556699752807617
mixed: 85 2 435293 2048 0.0868525505065918
mixed: 86 1 437341 2048 0.08928561210632324
mixed: 86 1 439389 267 0.035355567932128906
decode: 87 0 439743 87 0.0369570255279541
decode: 87 0 439830 87 0.036812543869018555
decode: 87 0 439917 87 0.037009239196777344
decode: 87 0 440004 87 0.03734731674194336
decode: 87 0 440091 87 0.03689241409301758
decode: 87 0 440178 87 0.037172555923461914
decode: 87 0 440265 87 0.03702116012573242
decode: 87 0 440352 87 0.036726951599121094
decode: 87 0 440439 87 0.036695003509521484
decode: 86 0 438327 86 0.03795647621154785
decode: 86 0 438413 86 0.03799104690551758
decode: 86 0 438499 86 0.03790473937988281
decode: 86 0 438585 86 0.037929534912109375
decode: 86 0 438671 86 0.03790402412414551
decode: 86 0 438757 86 0.03835320472717285
decode: 86 0 438843 86 0.038041114807128906
decode: 85 0 433901 85 0.036791324615478516
mixed: 85 1 433901 2048 0.08255648612976074
mixed: 85 1 435949 2048 0.08974838256835938
mixed: 85 1 437997 1165 0.0617671012878418
decode: 86 0 439248 86 0.039835453033447266
decode: 86 0 439334 86 0.03890681266784668
decode: 85 0 430127 85 0.03941178321838379
mixed: 85 1 430127 2048 0.08268976211547852
mixed: 85 1 432175 2048 0.10164403915405273
mixed: 84 2 429832 2048 0.08930230140686035
mixed: 85 1 431880 2048 0.08815932273864746
mixed: 85 2 433928 2048 0.0868387222290039
mixed: 86 1 435976 2048 0.08850669860839844
mixed: 85 2 430955 2048 0.08811354637145996
mixed: 86 2 433003 2048 0.08249592781066895
mixed: 87 1 435051 2048 0.08929967880249023
mixed: 87 1 437099 1426 0.06906652450561523
decode: 88 0 438613 88 0.03967547416687012
decode: 88 0 438701 88 0.03876376152038574
decode: 88 0 438789 88 0.03866934776306152
decode: 88 0 438877 88 0.03862261772155762
decode: 87 0 434722 87 0.03783869743347168
decode: 87 0 434809 87 0.037056922912597656
decode: 87 0 434896 87 0.037375450134277344
decode: 87 0 434983 87 0.036974430084228516
decode: 87 0 435070 87 0.03679037094116211
decode: 87 0 435157 87 0.03737974166870117
decode: 87 0 435244 87 0.03705120086669922
decode: 87 0 435331 87 0.03694462776184082
decode: 87 0 435418 87 0.03690528869628906
decode: 87 0 435505 87 0.03682112693786621
decode: 87 0 435592 87 0.03685712814331055
decode: 87 0 435679 87 0.03742623329162598
decode: 87 0 435766 87 0.0371859073638916
decode: 87 0 435853 87 0.03697490692138672
decode: 86 0 431125 86 0.03987598419189453
mixed: 86 1 431125 2048 0.08425617218017578
mixed: 86 1 433173 2048 0.09132981300354004
mixed: 86 1 435221 1404 0.0672600269317627
decode: 87 0 436712 87 0.042349815368652344
decode: 87 0 436799 87 0.04041242599487305
decode: 87 0 436886 87 0.040192604064941406
decode: 87 0 436973 87 0.04013323783874512
decode: 87 0 437060 87 0.040175676345825195
decode: 87 0 437147 87 0.0405268669128418
decode: 87 0 437234 87 0.040166378021240234
decode: 87 0 437321 87 0.040471553802490234
decode: 87 0 437408 87 0.03999924659729004
decode: 87 0 437495 87 0.0402219295501709
decode: 87 0 437582 87 0.03987312316894531
decode: 87 0 437669 87 0.040410518646240234
decode: 87 0 437756 87 0.03993082046508789
decode: 87 0 437843 87 0.04000592231750488
decode: 87 0 437930 87 0.03991079330444336
decode: 87 0 438017 87 0.040253400802612305
decode: 87 0 438104 87 0.04026460647583008
decode: 87 0 438191 87 0.039929866790771484
decode: 87 0 438278 87 0.04034280776977539
decode: 87 0 438365 87 0.03998279571533203
decode: 87 0 438452 87 0.040220022201538086
decode: 87 0 438539 87 0.039964914321899414
decode: 87 0 438626 87 0.0400547981262207
decode: 87 0 438713 87 0.040300607681274414
decode: 87 0 438800 87 0.040040016174316406
decode: 86 0 432253 86 0.03920340538024902
mixed: 86 1 432253 2048 0.08378076553344727
mixed: 86 1 434301 2048 0.09125804901123047
mixed: 86 1 436349 2048 0.0969233512878418
mixed: 86 1 438397 704 0.05069756507873535
decode: 87 0 439188 87 0.038773298263549805
decode: 87 0 439275 87 0.03801250457763672
decode: 87 0 439362 87 0.03834843635559082
decode: 87 0 439449 87 0.038066864013671875
decode: 87 0 439536 87 0.038460493087768555
decode: 87 0 439623 87 0.03802180290222168
decode: 87 0 439710 87 0.03831911087036133
decode: 86 0 437053 86 0.037177085876464844
mixed: 86 1 437053 2048 0.08340930938720703
mixed: 86 1 439101 2048 0.09053182601928711
mixed: 86 1 441149 1031 0.059259653091430664
decode: 87 0 442267 87 0.03820490837097168
decode: 86 0 435725 86 0.03840160369873047
decode: 86 0 435811 86 0.038153886795043945
decode: 86 0 435897 86 0.038088083267211914
decode: 86 0 435983 86 0.03843379020690918
decode: 86 0 436069 86 0.03827476501464844
decode: 85 0 426075 85 0.039420366287231445
mixed: 85 1 426075 2048 0.08219456672668457
mixed: 85 1 428123 2048 0.09143328666687012
mixed: 85 1 430171 2048 0.09555315971374512
mixed: 85 2 432219 2048 0.08945631980895996
mixed: 86 1 434267 2048 0.08785367012023926
mixed: 86 2 436315 2048 0.08819460868835449
mixed: 87 1 438363 2048 0.08667969703674316
mixed: 87 1 440411 617 0.052396297454833984
decode: 88 0 441116 88 0.03821206092834473
decode: 87 0 436736 87 0.040052175521850586
decode: 87 0 436823 87 0.039763689041137695
decode: 86 0 434147 86 0.03931307792663574
mixed: 86 1 434147 2048 0.08263874053955078
mixed: 86 1 436195 2048 0.09022855758666992
mixed: 85 1 434662 2048 0.09581661224365234
mixed: 85 2 436710 2048 0.09828925132751465
mixed: 86 1 438758 1191 0.05601954460144043
decode: 87 0 440036 87 0.039141178131103516
decode: 87 0 440123 87 0.03821516036987305
decode: 87 0 440210 87 0.03812861442565918
decode: 87 0 440297 87 0.03829360008239746
decode: 87 0 440384 87 0.03812408447265625
decode: 87 0 440471 87 0.03820061683654785
decode: 87 0 440558 87 0.038810014724731445
decode: 86 0 432576 86 0.03625988960266113
mixed: 86 1 432576 2048 0.08472323417663574
mixed: 86 1 434624 2048 0.09118008613586426
mixed: 86 1 436672 1479 0.07944631576538086
decode: 86 0 431068 86 0.039891719818115234
mixed: 86 1 431068 2048 0.08294224739074707
mixed: 86 1 433116 2048 0.09068703651428223
mixed: 86 1 435164 2048 0.09614419937133789
mixed: 86 1 437212 1885 0.09664082527160645
decode: 87 0 439184 87 0.04281115531921387
decode: 87 0 439271 87 0.04143548011779785
decode: 87 0 439358 87 0.04085850715637207
decode: 87 0 439445 87 0.041429996490478516
decode: 87 0 439532 87 0.04087400436401367
decode: 87 0 439619 87 0.04088473320007324
decode: 87 0 439706 87 0.040847063064575195
decode: 87 0 439793 87 0.040764570236206055
decode: 87 0 439880 87 0.041011810302734375
decode: 87 0 439967 87 0.040635108947753906
decode: 87 0 440054 87 0.04122424125671387
decode: 87 0 440141 87 0.040984153747558594
decode: 87 0 440228 87 0.04066133499145508
decode: 87 0 440315 87 0.041018009185791016
decode: 87 0 440402 87 0.04069256782531738
decode: 87 0 440489 87 0.0407257080078125
decode: 87 0 440576 87 0.040937185287475586
decode: 87 0 440663 87 0.04073214530944824
decode: 86 0 435235 86 0.040780067443847656
decode: 86 0 435321 86 0.04066777229309082
decode: 86 0 435407 86 0.040995121002197266
decode: 86 0 435493 86 0.041139841079711914
decode: 86 0 435579 86 0.04068946838378906
decode: 86 0 435665 86 0.0413362979888916
decode: 86 0 435751 86 0.04075169563293457
decode: 86 0 435837 86 0.04077959060668945
decode: 86 0 435923 86 0.04073214530944824
decode: 86 0 436009 86 0.04078793525695801
decode: 86 0 436095 86 0.04112434387207031
decode: 86 0 436181 86 0.04069781303405762
decode: 86 0 436267 86 0.04115867614746094
decode: 86 0 436353 86 0.040987253189086914
decode: 86 0 436439 86 0.04075813293457031
decode: 86 0 436525 86 0.04104280471801758
decode: 86 0 436611 86 0.040793657302856445
decode: 86 0 436697 86 0.0408022403717041
decode: 86 0 436783 86 0.04080963134765625
decode: 86 0 436869 86 0.04083395004272461
decode: 86 0 436955 86 0.04112362861633301
decode: 86 0 437041 86 0.04079461097717285
decode: 84 0 422917 84 0.03887939453125
mixed: 83 1 417857 2047 0.08446145057678223
mixed: 82 1 413235 2048 0.08980751037597656
mixed: 82 1 415283 2048 0.09600663185119629
mixed: 82 2 417331 2048 0.09058451652526855
mixed: 83 2 419379 2048 0.08552050590515137
mixed: 84 1 421427 2048 0.08512401580810547
mixed: 84 2 423475 2048 0.0882716178894043
mixed: 85 2 425523 2048 0.08355903625488281
mixed: 86 2 427571 2048 0.08368468284606934
mixed: 87 1 429619 2048 0.08848285675048828
mixed: 87 2 431667 2048 0.08633828163146973
mixed: 88 1 433715 2048 0.08947992324829102
mixed: 88 1 435763 2048 0.1008303165435791
mixed: 88 1 437811 606 0.0474085807800293
decode: 89 0 438506 89 0.04017138481140137
decode: 89 0 438595 89 0.03991222381591797
decode: 89 0 438684 89 0.04053449630737305
decode: 89 0 438773 89 0.03997635841369629
decode: 88 0 434638 88 0.03867506980895996
decode: 88 0 434726 88 0.03864598274230957
decode: 88 0 434814 88 0.03916215896606445
decode: 88 0 434902 88 0.03856635093688965
decode: 88 0 434990 88 0.03876686096191406
decode: 88 0 435078 88 0.03842425346374512
decode: 88 0 435166 88 0.038376569747924805
decode: 88 0 435254 88 0.038635969161987305
decode: 88 0 435342 88 0.03868913650512695
decode: 88 0 435430 88 0.03840970993041992
decode: 88 0 435518 88 0.03848695755004883
decode: 88 0 435606 88 0.03841662406921387
decode: 88 0 435694 88 0.03850388526916504
decode: 88 0 435782 88 0.038968801498413086
decode: 88 0 435870 88 0.03856325149536133
decode: 88 0 435958 88 0.03878593444824219
decode: 88 0 436046 88 0.038495779037475586
decode: 88 0 436134 88 0.038424015045166016
decode: 88 0 436222 88 0.0389714241027832
decode: 88 0 436310 88 0.038507938385009766
decode: 88 0 436398 88 0.03876352310180664
decode: 88 0 436486 88 0.03851032257080078
decode: 88 0 436574 88 0.03853201866149902
decode: 87 0 428847 87 0.037468910217285156
mixed: 87 1 428847 2048 0.08195853233337402
mixed: 87 1 430895 2048 0.09003210067749023
mixed: 87 2 432943 2048 0.08518314361572266
mixed: 88 1 434991 280 0.034511566162109375
decode: 89 0 435360 89 0.03959298133850098
decode: 89 0 435449 89 0.03959155082702637
decode: 89 0 435538 89 0.03905439376831055
decode: 89 0 435627 89 0.03906655311584473
decode: 89 0 435716 89 0.03903365135192871
decode: 89 0 435805 89 0.03936481475830078
decode: 89 0 435894 89 0.03903937339782715
decode: 89 0 435983 89 0.039151668548583984
decode: 89 0 436072 89 0.038834571838378906
decode: 89 0 436161 89 0.0388331413269043
decode: 89 0 436250 89 0.03891110420227051
decode: 89 0 436339 89 0.038867950439453125
decode: 89 0 436428 89 0.039124250411987305
decode: 89 0 436517 89 0.03890681266784668
decode: 89 0 436606 89 0.03893876075744629
decode: 89 0 436695 89 0.0393681526184082
decode: 89 0 436784 89 0.038909196853637695
decode: 89 0 436873 89 0.03916454315185547
decode: 89 0 436962 89 0.03895068168640137
decode: 89 0 437051 89 0.038951873779296875
decode: 89 0 437140 89 0.0394129753112793
decode: 89 0 437229 89 0.0389866828918457
decode: 89 0 437318 89 0.03918266296386719
decode: 89 0 437407 89 0.038964033126831055
decode: 89 0 437496 89 0.03897500038146973
decode: 89 0 437585 89 0.03900623321533203
decode: 88 0 435453 88 0.03969764709472656
mixed: 88 1 435453 1283 0.05835843086242676
decode: 89 0 436825 89 0.04016876220703125
decode: 89 0 436914 89 0.03889107704162598
decode: 89 0 437003 89 0.03856253623962402
decode: 89 0 437092 89 0.038808584213256836
decode: 89 0 437181 89 0.03862738609313965
decode: 89 0 437270 89 0.03861808776855469
decode: 89 0 437359 89 0.039243459701538086
decode: 89 0 437448 89 0.038681983947753906
decode: 89 0 437537 89 0.03887176513671875
decode: 89 0 437626 89 0.038504838943481445
decode: 89 0 437715 89 0.03858208656311035
decode: 89 0 437804 89 0.0391840934753418
decode: 89 0 437893 89 0.03856182098388672
decode: 89 0 437982 89 0.03884267807006836
decode: 89 0 438071 89 0.03852081298828125
decode: 89 0 438160 89 0.03849434852600098
decode: 89 0 438249 89 0.039057254791259766
decode: 89 0 438338 89 0.03861522674560547
decode: 89 0 438427 89 0.038893699645996094
decode: 89 0 438516 89 0.03858304023742676
decode: 89 0 438605 89 0.03851962089538574
decode: 89 0 438694 89 0.03910708427429199
decode: 89 0 438783 89 0.03865981101989746
decode: 89 0 438872 89 0.038982391357421875
decode: 89 0 438961 89 0.03853106498718262
decode: 89 0 439050 89 0.03855323791503906
decode: 89 0 439139 89 0.0392460823059082
decode: 89 0 439228 89 0.03861546516418457
decode: 89 0 439317 89 0.03852438926696777
decode: 89 0 439406 89 0.03855419158935547
decode: 89 0 439495 89 0.03862118721008301
decode: 89 0 439584 89 0.03857302665710449
decode: 89 0 439673 89 0.03853654861450195
decode: 89 0 439762 89 0.03851127624511719
decode: 89 0 439851 89 0.03860640525817871
decode: 89 0 439940 89 0.03861546516418457
decode: 89 0 440029 89 0.038545846939086914
decode: 89 0 440118 89 0.03855705261230469
decode: 89 0 440207 89 0.038599491119384766
decode: 89 0 440296 89 0.03864550590515137
decode: 89 0 440385 89 0.038645029067993164
decode: 89 0 440474 89 0.03854966163635254
decode: 89 0 440563 89 0.03856539726257324
decode: 88 0 434001 88 0.03790712356567383
mixed: 88 1 434001 2048 0.08356332778930664
mixed: 88 1 436049 185 0.030633926391601562
decode: 89 0 436323 89 0.03898310661315918
decode: 89 0 436412 89 0.03866720199584961
decode: 89 0 436501 89 0.03866291046142578
decode: 88 0 428974 88 0.036086082458496094
mixed: 88 1 428974 2048 0.08329987525939941
mixed: 88 1 431022 2048 0.0905609130859375
mixed: 88 1 433070 2048 0.09576296806335449
mixed: 88 2 435118 2048 0.08459806442260742
mixed: 89 1 437166 2048 0.0910489559173584
mixed: 89 1 439214 1089 0.059235572814941406
decode: 89 0 438344 89 0.039769887924194336
decode: 89 0 438433 89 0.03882789611816406
decode: 89 0 438522 89 0.03866291046142578
decode: 88 0 431309 88 0.03688526153564453
mixed: 88 1 431309 2048 0.08300423622131348
mixed: 88 1 433357 2048 0.0907444953918457
mixed: 88 1 435405 2048 0.09682917594909668
mixed: 88 1 437453 291 0.034726619720458984
decode: 89 0 437833 89 0.040253639221191406
decode: 89 0 437922 89 0.04004812240600586
decode: 88 0 435494 88 0.03818845748901367
decode: 88 0 435582 88 0.03814244270324707
decode: 88 0 435670 88 0.03813505172729492
decode: 88 0 435758 88 0.038225650787353516
decode: 88 0 435846 88 0.03824424743652344
decode: 88 0 435934 88 0.038088321685791016
decode: 88 0 436022 88 0.038072824478149414
decode: 88 0 436110 88 0.03806638717651367
decode: 88 0 436198 88 0.037984371185302734
decode: 88 0 436286 88 0.0380251407623291
decode: 88 0 436374 88 0.03806638717651367
decode: 88 0 436462 88 0.0380711555480957
decode: 88 0 436550 88 0.03809690475463867
decode: 88 0 436638 88 0.03805899620056152
decode: 88 0 436726 88 0.038048744201660156
decode: 88 0 436814 88 0.03810882568359375
decode: 88 0 436902 88 0.038143157958984375
decode: 88 0 436990 88 0.03805208206176758
decode: 88 0 437078 88 0.038089752197265625
decode: 88 0 437166 88 0.03814220428466797
decode: 88 0 437254 88 0.03823590278625488
decode: 88 0 437342 88 0.038185834884643555
decode: 88 0 437430 88 0.03809022903442383
decode: 88 0 437518 88 0.038084983825683594
decode: 88 0 437606 88 0.0381159782409668
decode: 88 0 437694 88 0.038172245025634766
decode: 87 0 431109 87 0.03618264198303223
mixed: 87 1 431109 2048 0.08147644996643066
mixed: 87 1 433157 2048 0.09020638465881348
mixed: 87 1 435205 2048 0.09608602523803711
mixed: 87 1 437253 146 0.030995845794677734
decode: 88 0 437487 88 0.0369565486907959
decode: 88 0 437575 88 0.03638052940368652
decode: 88 0 437663 88 0.03633570671081543
decode: 88 0 437751 88 0.036561012268066406
decode: 88 0 437839 88 0.03635811805725098
decode: 88 0 437927 88 0.03636884689331055
decode: 88 0 438015 88 0.03642916679382324
decode: 88 0 438103 88 0.036402225494384766
decode: 88 0 438191 88 0.0362858772277832
decode: 88 0 438279 88 0.03632712364196777
decode: 88 0 438367 88 0.03625655174255371
decode: 88 0 438455 88 0.0362086296081543
decode: 88 0 438543 88 0.03624701499938965
decode: 88 0 438631 88 0.03627490997314453
decode: 88 0 438719 88 0.03629183769226074
decode: 88 0 438807 88 0.03633761405944824
decode: 88 0 438895 88 0.036260366439819336
decode: 88 0 438983 88 0.03623604774475098
decode: 88 0 439071 88 0.036306142807006836
decode: 88 0 439159 88 0.03630995750427246
decode: 88 0 439247 88 0.036348581314086914
decode: 88 0 439335 88 0.03628253936767578
decode: 88 0 439423 88 0.036275625228881836
decode: 88 0 439511 88 0.036309003829956055
decode: 88 0 439599 88 0.03634190559387207
decode: 88 0 439687 88 0.03633832931518555
decode: 88 0 439775 88 0.036278724670410156
decode: 88 0 439863 88 0.03628396987915039
decode: 88 0 439951 88 0.036347389221191406
decode: 88 0 440039 88 0.0364072322845459
decode: 88 0 440127 88 0.03638029098510742
decode: 88 0 440215 88 0.03630638122558594
decode: 88 0 440303 88 0.03634452819824219
decode: 88 0 440391 88 0.036345481872558594
decode: 88 0 440479 88 0.03638887405395508
decode: 88 0 440567 88 0.036389827728271484
decode: 87 0 437726 87 0.03501534461975098
decode: 87 0 437813 87 0.03502607345581055
decode: 87 0 437900 87 0.03509330749511719
decode: 87 0 437987 87 0.03506302833557129
decode: 87 0 438074 87 0.035070180892944336
decode: 87 0 438161 87 0.03498554229736328
decode: 87 0 438248 87 0.03499746322631836
decode: 87 0 438335 87 0.03503537178039551
decode: 87 0 438422 87 0.03507518768310547
decode: 87 0 438509 87 0.03506302833557129
decode: 87 0 438596 87 0.03504061698913574
decode: 87 0 438683 87 0.035066843032836914
decode: 87 0 438770 87 0.03504776954650879
decode: 86 0 435539 86 0.0355982780456543
decode: 86 0 435625 86 0.03563404083251953
decode: 86 0 435711 86 0.03552961349487305
decode: 86 0 435797 86 0.03556346893310547
decode: 85 0 427686 85 0.03522849082946777
mixed: 85 1 427686 2048 0.08323287963867188
mixed: 85 1 429734 2048 0.09077239036560059
mixed: 85 2 431782 2048 0.0879824161529541
mixed: 86 2 433830 2048 0.08688497543334961
mixed: 87 1 435878 1967 0.08562040328979492
decode: 88 0 437933 88 0.036707401275634766
decode: 88 0 438021 88 0.0356137752532959
decode: 88 0 438109 88 0.03547263145446777
decode: 88 0 438197 88 0.0354771614074707
decode: 88 0 438285 88 0.03547334671020508
decode: 88 0 438373 88 0.03546643257141113
decode: 88 0 438461 88 0.03553366661071777
decode: 88 0 438549 88 0.03554558753967285
decode: 88 0 438637 88 0.035482168197631836
decode: 88 0 438725 88 0.035375118255615234
decode: 88 0 438813 88 0.035378456115722656
decode: 88 0 438901 88 0.03540229797363281
decode: 88 0 438989 88 0.035398244857788086
decode: 88 0 439077 88 0.03531813621520996
decode: 88 0 439165 88 0.03536534309387207
decode: 88 0 439253 88 0.03539633750915527
decode: 88 0 439341 88 0.035468101501464844
decode: 88 0 439429 88 0.035422563552856445
decode: 88 0 439517 88 0.03536558151245117
decode: 88 0 439605 88 0.03535294532775879
decode: 88 0 439693 88 0.035372018814086914
decode: 88 0 439781 88 0.035448551177978516
decode: 88 0 439869 88 0.035455942153930664
decode: 88 0 439957 88 0.03537893295288086
decode: 88 0 440045 88 0.035393476486206055
decode: 88 0 440133 88 0.03541088104248047
decode: 87 0 431090 87 0.03665566444396973
mixed: 87 1 431090 2048 0.08298635482788086
mixed: 87 2 433138 2048 0.08576369285583496
mixed: 88 1 435186 2048 0.08884596824645996
mixed: 88 2 437234 2048 0.08849215507507324
mixed: 89 1 439282 965 0.050310611724853516
decode: 90 0 440337 90 0.04220151901245117
decode: 90 0 440427 90 0.04131460189819336
decode: 90 0 440517 90 0.04108548164367676
decode: 90 0 440607 90 0.04104900360107422
decode: 89 0 434454 89 0.03917813301086426
mixed: 89 1 434454 2048 0.08326959609985352
mixed: 89 1 436502 626 0.0446321964263916
decode: 90 0 437218 90 0.04002189636230469
decode: 90 0 437308 90 0.03927922248840332
decode: 90 0 437398 90 0.0392460823059082
decode: 90 0 437488 90 0.039174795150756836
decode: 90 0 437578 90 0.03916668891906738
decode: 89 0 434695 89 0.03913116455078125
decode: 89 0 434784 89 0.039144039154052734
decode: 89 0 434873 89 0.03903841972351074
decode: 89 0 434962 89 0.03898286819458008
decode: 89 0 435051 89 0.039006948471069336
decode: 89 0 435140 89 0.03907442092895508
decode: 89 0 435229 89 0.039057016372680664
decode: 89 0 435318 89 0.03900718688964844
decode: 89 0 435407 89 0.03898286819458008
decode: 89 0 435496 89 0.038994789123535156
decode: 89 0 435585 89 0.03907966613769531
decode: 89 0 435674 89 0.03910565376281738
decode: 89 0 435763 89 0.039038658142089844
decode: 89 0 435852 89 0.03920435905456543
decode: 89 0 435941 89 0.039176225662231445
decode: 89 0 436030 89 0.03906702995300293
decode: 89 0 436119 89 0.03906989097595215
decode: 89 0 436208 89 0.03908538818359375
decode: 88 0 427649 88 0.03685188293457031
mixed: 88 1 427649 2048 0.0849616527557373
mixed: 88 1 429697 2048 0.09045147895812988
mixed: 88 1 431745 2048 0.09583854675292969
mixed: 88 1 433793 773 0.053293704986572266
decode: 89 0 434655 89 0.04086184501647949
decode: 89 0 434744 89 0.038514137268066406
decode: 89 0 434833 89 0.038193702697753906
decode: 89 0 434922 89 0.038195133209228516
decode: 89 0 435011 89 0.03820371627807617
decode: 89 0 435100 89 0.03820085525512695
decode: 89 0 435189 89 0.03820157051086426
decode: 89 0 435278 89 0.038196563720703125
decode: 89 0 435367 89 0.03819847106933594
decode: 89 0 435456 89 0.038083791732788086
decode: 89 0 435545 89 0.03801846504211426
decode: 89 0 435634 89 0.03801774978637695
decode: 89 0 435723 89 0.038049936294555664
decode: 89 0 435812 89 0.03816962242126465
decode: 89 0 435901 89 0.038130998611450195
decode: 89 0 435990 89 0.03804206848144531
decode: 89 0 436079 89 0.03803133964538574
decode: 89 0 436168 89 0.03811502456665039
decode: 89 0 436257 89 0.038134098052978516
decode: 89 0 436346 89 0.03812408447265625
decode: 89 0 436435 89 0.03807187080383301
decode: 89 0 436524 89 0.038088321685791016
decode: 89 0 436613 89 0.03815722465515137
decode: 89 0 436702 89 0.03819775581359863
decode: 89 0 436791 89 0.038126468658447266
decode: 89 0 436880 89 0.038103342056274414
decode: 89 0 436969 89 0.03812217712402344
decode: 89 0 437058 89 0.03821825981140137
decode: 89 0 437147 89 0.03822445869445801
decode: 89 0 437236 89 0.038117408752441406
decode: 89 0 437325 89 0.03812694549560547
decode: 89 0 437414 89 0.03816652297973633
decode: 89 0 437503 89 0.03822159767150879
decode: 89 0 437592 89 0.03819441795349121
decode: 89 0 437681 89 0.03813648223876953
decode: 89 0 437770 89 0.038141489028930664
decode: 89 0 437859 89 0.0382230281829834
decode: 89 0 437948 89 0.038190364837646484
decode: 89 0 438037 89 0.03819847106933594
decode: 89 0 438126 89 0.038155317306518555
decode: 89 0 438215 89 0.03821730613708496
decode: 89 0 438304 89 0.038332462310791016
decode: 89 0 438393 89 0.03824019432067871
decode: 89 0 438482 89 0.038170576095581055
decode: 89 0 438571 89 0.03816056251525879
decode: 89 0 438660 89 0.038205623626708984
decode: 89 0 438749 89 0.03824639320373535
decode: 88 0 436761 88 0.03620290756225586
decode: 88 0 436849 88 0.036107540130615234
decode: 88 0 436937 88 0.03611397743225098
decode: 88 0 437025 88 0.03620314598083496
decode: 88 0 437113 88 0.03621411323547363
decode: 88 0 437201 88 0.03620290756225586
decode: 88 0 437289 88 0.03617382049560547
decode: 88 0 437377 88 0.03614950180053711
decode: 88 0 437465 88 0.03629636764526367
decode: 88 0 437553 88 0.03624248504638672
decode: 88 0 437641 88 0.03628182411193848
decode: 88 0 437729 88 0.03618288040161133
decode: 88 0 437817 88 0.03618788719177246
decode: 87 0 432489 87 0.03698396682739258
mixed: 87 1 432489 2048 0.08306121826171875
mixed: 87 1 434537 2048 0.09087228775024414
mixed: 87 1 436585 2048 0.09662461280822754
mixed: 87 2 438633 1739 0.08120107650756836
decode: 89 0 440461 89 0.04122495651245117
decode: 89 0 440550 89 0.04016923904418945
decode: 89 0 440639 89 0.039886474609375
decode: 89 0 440728 89 0.0398714542388916
decode: 89 0 440817 89 0.039871931076049805
decode: 89 0 440906 89 0.039931297302246094
decode: 89 0 440995 89 0.040174007415771484
decode: 89 0 441084 89 0.039937734603881836
decode: 89 0 441173 89 0.03972220420837402
decode: 89 0 441262 89 0.03967928886413574
decode: 89 0 441351 89 0.039780378341674805
decode: 89 0 441440 89 0.039762020111083984
decode: 89 0 441529 89 0.039804935455322266
decode: 89 0 441618 89 0.03972363471984863
decode: 89 0 441707 89 0.03974175453186035
decode: 88 0 435566 88 0.037049293518066406
decode: 88 0 435654 88 0.0370631217956543
decode: 87 0 430579 87 0.03883719444274902
mixed: 87 1 430579 2048 0.0825495719909668
mixed: 87 1 432627 2048 0.09025144577026367
mixed: 87 1 434675 2048 0.09631824493408203
mixed: 87 1 436723 1706 0.09164261817932129
decode: 88 0 438517 88 0.037750959396362305
decode: 88 0 438605 88 0.037015676498413086
decode: 88 0 438693 88 0.03657031059265137
decode: 88 0 438781 88 0.03656458854675293
decode: 88 0 438869 88 0.03656649589538574
decode: 88 0 438957 88 0.036545753479003906
decode: 88 0 439045 88 0.03652834892272949
decode: 88 0 439133 88 0.036606788635253906
decode: 88 0 439221 88 0.036542654037475586
decode: 88 0 439309 88 0.0364837646484375
decode: 88 0 439397 88 0.036704301834106445
decode: 88 0 439485 88 0.03650403022766113
decode: 88 0 439573 88 0.03639411926269531
decode: 88 0 439661 88 0.03639554977416992
decode: 87 0 433987 87 0.04038739204406738
mixed: 87 1 433987 2048 0.0835564136505127
mixed: 87 1 436035 2048 0.09120750427246094
mixed: 87 1 438083 2048 0.0968017578125
mixed: 87 1 440131 707 0.05253863334655762
decode: 88 0 440926 88 0.04134631156921387
decode: 88 0 441014 88 0.040650129318237305
decode: 88 0 441102 88 0.04063892364501953
decode: 88 0 441190 88 0.04065561294555664
decode: 88 0 441278 88 0.04065752029418945
decode: 88 0 441366 88 0.040544748306274414
decode: 88 0 441454 88 0.04059028625488281
decode: 88 0 441542 88 0.04055643081665039
decode: 88 0 441630 88 0.04050493240356445
decode: 88 0 441718 88 0.04037642478942871
decode: 88 0 441806 88 0.04036569595336914
decode: 88 0 441894 88 0.04049420356750488
decode: 88 0 441982 88 0.04051494598388672
decode: 88 0 442070 88 0.04042625427246094
decode: 88 0 442158 88 0.04042458534240723
decode: 87 0 432554 87 0.03621506690979004
mixed: 87 2 432554 2048 0.08284878730773926
mixed: 88 1 434602 2048 0.08701515197753906
mixed: 88 1 436650 1685 0.08263754844665527
decode: 88 0 430922 88 0.039383649826049805
mixed: 88 1 430922 2048 0.08275675773620605
mixed: 87 1 431002 2048 0.09033060073852539
mixed: 87 1 433050 2048 0.09657454490661621
mixed: 87 1 435098 381 0.03965187072753906
decode: 88 0 435567 88 0.039067983627319336
decode: 88 0 435655 88 0.03882169723510742
decode: 88 0 435743 88 0.038774967193603516
decode: 88 0 435831 88 0.038725852966308594
decode: 87 0 431683 87 0.03636312484741211
mixed: 87 1 431683 2048 0.08298230171203613
mixed: 87 1 433731 2048 0.09128427505493164
mixed: 87 1 435779 2048 0.09635043144226074
mixed: 87 1 437827 1766 0.09355974197387695
decode: 88 0 439681 88 0.03806662559509277
decode: 88 0 439769 88 0.037348270416259766
decode: 88 0 439857 88 0.037244319915771484
decode: 88 0 439945 88 0.03718090057373047
decode: 88 0 440033 88 0.0372164249420166
decode: 88 0 440121 88 0.037186384201049805
decode: 87 0 437737 87 0.037979841232299805
decode: 87 0 437824 87 0.03802132606506348
decode: 87 0 437911 87 0.03795504570007324
decode: 87 0 437998 87 0.03787970542907715
decode: 87 0 438085 87 0.03781747817993164
decode: 87 0 438172 87 0.03790926933288574
decode: 87 0 438259 87 0.037895917892456055
decode: 87 0 438346 87 0.03782296180725098
decode: 86 0 431203 86 0.037363529205322266
mixed: 86 1 431203 2048 0.08496618270874023
mixed: 86 1 433251 2048 0.09096479415893555
mixed: 86 1 435299 1103 0.05958437919616699
decode: 87 0 436489 87 0.038897037506103516
decode: 87 0 436576 87 0.03801918029785156
decode: 87 0 436663 87 0.03756570816040039
decode: 87 0 436750 87 0.03759503364562988
decode: 87 0 436837 87 0.03757524490356445
decode: 87 0 436924 87 0.03758358955383301
decode: 87 0 437011 87 0.03758955001831055
decode: 87 0 437098 87 0.037635087966918945
decode: 87 0 437185 87 0.037541866302490234
decode: 87 0 437272 87 0.03747081756591797
decode: 87 0 437359 87 0.037474632263183594
decode: 86 0 431485 86 0.03903055191040039
mixed: 86 1 431485 2048 0.08222651481628418
mixed: 86 2 433533 2048 0.0867009162902832
mixed: 87 2 435581 1774 0.08024215698242188
decode: 89 0 437444 89 0.043512582778930664
decode: 89 0 437533 89 0.041503190994262695
decode: 89 0 437622 89 0.04115486145019531
decode: 89 0 437711 89 0.04118180274963379
decode: 89 0 437800 89 0.041196346282958984
decode: 89 0 437889 89 0.0412144660949707
decode: 89 0 437978 89 0.041245222091674805
decode: 89 0 438067 89 0.04124093055725098
decode: 89 0 438156 89 0.04095029830932617
decode: 89 0 438245 89 0.040992021560668945
decode: 89 0 438334 89 0.041069746017456055
decode: 89 0 438423 89 0.04116082191467285
decode: 89 0 438512 89 0.04101967811584473
decode: 89 0 438601 89 0.04105830192565918
decode: 89 0 438690 89 0.04105067253112793
decode: 89 0 438779 89 0.041060686111450195
decode: 89 0 438868 89 0.0410764217376709
decode: 89 0 438957 89 0.04111194610595703
decode: 89 0 439046 89 0.04110097885131836
decode: 89 0 439135 89 0.04104208946228027
decode: 89 0 439224 89 0.0410609245300293
decode: 89 0 439313 89 0.041115760803222656
decode: 89 0 439402 89 0.04113602638244629
decode: 89 0 439491 89 0.04109644889831543
decode: 89 0 439580 89 0.04104208946228027
decode: 89 0 439669 89 0.04115557670593262
decode: 89 0 439758 89 0.041147470474243164
decode: 89 0 439847 89 0.041127920150756836
decode: 89 0 439936 89 0.04108858108520508
decode: 89 0 440025 89 0.041097164154052734
decode: 89 0 440114 89 0.04115104675292969
decode: 89 0 440203 89 0.04119229316711426
decode: 89 0 440292 89 0.04114365577697754
decode: 89 0 440381 89 0.041199684143066406
decode: 89 0 440470 89 0.04115867614746094
decode: 89 0 440559 89 0.041143178939819336
decode: 89 0 440648 89 0.04118061065673828
decode: 89 0 440737 89 0.0412144660949707
decode: 88 0 431728 88 0.037630319595336914
mixed: 88 1 431728 2048 0.08272480964660645
mixed: 88 1 433776 2048 0.09067368507385254
mixed: 88 1 435824 164 0.031049489974975586
decode: 89 0 436077 89 0.041062355041503906
decode: 89 0 436166 89 0.04045510292053223
decode: 89 0 436255 89 0.040387868881225586
decode: 89 0 436344 89 0.040476322174072266
decode: 89 0 436433 89 0.04051685333251953
decode: 89 0 436522 89 0.04044055938720703
decode: 89 0 436611 89 0.04043245315551758
decode: 89 0 436700 89 0.04028654098510742
decode: 89 0 436789 89 0.04022073745727539
decode: 89 0 436878 89 0.04024767875671387
decode: 89 0 436967 89 0.040406227111816406
decode: 89 0 437056 89 0.04034256935119629
decode: 89 0 437145 89 0.04036450386047363
decode: 89 0 437234 89 0.040320634841918945
decode: 89 0 437323 89 0.04027390480041504
decode: 89 0 437412 89 0.040349721908569336
decode: 89 0 437501 89 0.040350914001464844
decode: 89 0 437590 89 0.04028820991516113
decode: 89 0 437679 89 0.04032707214355469
decode: 88 0 431219 88 0.036805152893066406
mixed: 88 1 431219 2048 0.08295583724975586
mixed: 88 1 433267 1357 0.06350326538085938
decode: 89 0 434713 89 0.0408024787902832
decode: 89 0 434802 89 0.03953838348388672
decode: 89 0 434891 89 0.039398193359375
decode: 89 0 434980 89 0.03943634033203125
decode: 89 0 435069 89 0.0394587516784668
decode: 89 0 435158 89 0.03943896293640137
decode: 89 0 435247 89 0.03945279121398926
decode: 89 0 435336 89 0.03951597213745117
decode: 89 0 435425 89 0.03946232795715332
decode: 89 0 435514 89 0.039238691329956055
decode: 89 0 435603 89 0.03927421569824219
decode: 89 0 435692 89 0.039282798767089844
decode: 89 0 435781 89 0.03934621810913086
decode: 89 0 435870 89 0.039301395416259766
decode: 89 0 435959 89 0.0393061637878418
decode: 89 0 436048 89 0.039304494857788086
decode: 89 0 436137 89 0.039254188537597656
decode: 89 0 436226 89 0.03923773765563965
decode: 89 0 436315 89 0.03929495811462402
decode: 88 0 426320 88 0.038771629333496094
mixed: 88 1 426320 2048 0.08179616928100586
mixed: 88 1 428368 2048 0.09075164794921875
mixed: 88 1 430416 2048 0.09828805923461914
mixed: 88 2 432464 2048 0.08877038955688477
mixed: 89 1 434512 2048 0.08792638778686523
mixed: 89 1 436560 2048 0.09415912628173828
mixed: 89 1 438608 1088 0.06125187873840332
decode: 90 0 439786 90 0.03969001770019531
decode: 90 0 439876 90 0.03860139846801758
decode: 90 0 439966 90 0.038416385650634766
decode: 90 0 440056 90 0.03840899467468262
decode: 90 0 440146 90 0.03844165802001953
decode: 90 0 440236 90 0.038437604904174805
decode: 90 0 440326 90 0.03844332695007324
decode: 90 0 440416 90 0.03844594955444336
decode: 90 0 440506 90 0.03844857215881348
decode: 90 0 440596 90 0.0382688045501709
decode: 90 0 440686 90 0.03824186325073242
decode: 90 0 440776 90 0.038249969482421875
decode: 89 0 436350 89 0.039473533630371094
mixed: 89 1 436350 2048 0.08302450180053711
mixed: 89 1 438398 1998 0.0901486873626709
decode: 89 0 433514 89 0.04062676429748535
mixed: 89 1 433514 2048 0.0820913314819336
mixed: 89 1 435562 744 0.04748034477233887
decode: 90 0 436396 90 0.03925490379333496
decode: 90 0 436486 90 0.03870892524719238
decode: 90 0 436576 90 0.03865337371826172
decode: 90 0 436666 90 0.03863120079040527
decode: 90 0 436756 90 0.03862595558166504
decode: 90 0 436846 90 0.038625240325927734
decode: 90 0 436936 90 0.038614511489868164
decode: 90 0 437026 90 0.0385894775390625
decode: 90 0 437116 90 0.0384824275970459
decode: 90 0 437206 90 0.03846883773803711
decode: 90 0 437296 90 0.038422346115112305
decode: 90 0 437386 90 0.03847050666809082
decode: 90 0 437476 90 0.03849601745605469
decode: 90 0 437566 90 0.03849005699157715
decode: 90 0 437656 90 0.038482666015625
decode: 90 0 437746 90 0.038443565368652344
decode: 90 0 437836 90 0.03845334053039551
decode: 90 0 437926 90 0.03851199150085449
decode: 90 0 438016 90 0.03855085372924805
decode: 90 0 438106 90 0.038511037826538086
decode: 90 0 438196 90 0.0384974479675293
decode: 90 0 438286 90 0.03849458694458008
decode: 89 0 433452 89 0.038713932037353516
mixed: 89 1 433452 2048 0.0836648941040039
mixed: 89 1 435500 1231 0.059290409088134766
decode: 90 0 436821 90 0.040201663970947266
decode: 90 0 436911 90 0.03951716423034668
decode: 90 0 437001 90 0.03891420364379883
decode: 90 0 437091 90 0.038950204849243164
decode: 90 0 437181 90 0.03894305229187012
decode: 90 0 437271 90 0.03898286819458008
decode: 90 0 437361 90 0.0389096736907959
decode: 90 0 437451 90 0.03889060020446777
decode: 90 0 437541 90 0.0387873649597168
decode: 90 0 437631 90 0.038776397705078125
decode: 90 0 437721 90 0.038756608963012695
decode: 90 0 437811 90 0.03873705863952637
decode: 90 0 437901 90 0.03871941566467285
decode: 90 0 437991 90 0.03876161575317383
decode: 90 0 438081 90 0.038770437240600586
decode: 90 0 438171 90 0.03876209259033203
decode: 90 0 438261 90 0.03873419761657715
decode: 90 0 438351 90 0.03875088691711426
decode: 90 0 438441 90 0.038832664489746094
decode: 90 0 438531 90 0.03882598876953125
decode: 90 0 438621 90 0.0387873649597168
decode: 90 0 438711 90 0.038828372955322266
decode: 90 0 438801 90 0.03880596160888672
decode: 90 0 438891 90 0.03886103630065918
decode: 90 0 438981 90 0.03885221481323242
decode: 90 0 439071 90 0.03886675834655762
decode: 90 0 439161 90 0.038802385330200195
decode: 90 0 439251 90 0.03885459899902344
decode: 90 0 439341 90 0.03885030746459961
decode: 90 0 439431 90 0.0388188362121582
decode: 90 0 439521 90 0.038781166076660156
decode: 90 0 439611 90 0.03885030746459961
decode: 89 0 430805 89 0.040650367736816406
mixed: 89 1 430805 2048 0.08368778228759766
mixed: 89 1 432853 361 0.03583383560180664
decode: 90 0 433304 90 0.041900634765625
decode: 90 0 433394 90 0.04096031188964844
decode: 90 0 433484 90 0.040917158126831055
decode: 90 0 433574 90 0.04095172882080078
decode: 90 0 433664 90 0.04093217849731445
decode: 90 0 433754 90 0.04090738296508789
decode: 90 0 433844 90 0.040923357009887695
decode: 90 0 433934 90 0.040703535079956055
decode: 90 0 434024 90 0.04070711135864258
decode: 90 0 434114 90 0.04073929786682129
decode: 90 0 434204 90 0.04076552391052246
decode: 89 0 431249 89 0.037873268127441406
decode: 89 0 431338 89 0.03786754608154297
decode: 89 0 431427 89 0.037859201431274414
decode: 89 0 431516 89 0.03785538673400879
decode: 89 0 431605 89 0.03787398338317871
decode: 89 0 431694 89 0.03792405128479004
decode: 89 0 431783 89 0.03791022300720215
decode: 89 0 431872 89 0.03788495063781738
decode: 89 0 431961 89 0.03791022300720215
decode: 89 0 432050 89 0.0379033088684082
decode: 89 0 432139 89 0.03798055648803711
decode: 89 0 432228 89 0.03796744346618652
decode: 89 0 432317 89 0.03791213035583496
decode: 89 0 432406 89 0.03790426254272461
decode: 89 0 432495 89 0.03794407844543457
decode: 89 0 432584 89 0.03794980049133301
decode: 89 0 432673 89 0.03797316551208496
decode: 89 0 432762 89 0.03792691230773926
decode: 89 0 432851 89 0.03795337677001953
decode: 89 0 432940 89 0.03800845146179199
decode: 89 0 433029 89 0.03802061080932617
decode: 89 0 433118 89 0.03800630569458008
decode: 89 0 433207 89 0.03795194625854492
decode: 89 0 433296 89 0.03796195983886719
decode: 89 0 433385 89 0.038042306900024414
decode: 89 0 433474 89 0.03802776336669922
decode: 89 0 433563 89 0.03798842430114746
decode: 89 0 433652 89 0.037982940673828125
decode: 89 0 433741 89 0.038007259368896484
decode: 89 0 433830 89 0.03806781768798828
decode: 89 0 433919 89 0.03804636001586914
decode: 89 0 434008 89 0.037985801696777344
decode: 89 0 434097 89 0.03800320625305176
decode: 89 0 434186 89 0.03808164596557617
decode: 89 0 434275 89 0.03810262680053711
decode: 89 0 434364 89 0.038068532943725586
decode: 89 0 434453 89 0.03803753852844238
decode: 89 0 434542 89 0.0380396842956543
decode: 89 0 434631 89 0.03810000419616699
decode: 89 0 434720 89 0.03810000419616699
decode: 89 0 434809 89 0.03807950019836426
decode: 89 0 434898 89 0.03804969787597656
decode: 88 0 431717 88 0.03739571571350098
mixed: 88 1 431717 2048 0.08288812637329102
mixed: 88 1 433765 2048 0.0901644229888916
mixed: 88 1 435813 2048 0.09595990180969238
mixed: 88 1 437861 711 0.05014348030090332
decode: 89 0 438661 89 0.037575721740722656
decode: 89 0 438750 89 0.03690028190612793
decode: 89 0 438839 89 0.0367121696472168
decode: 89 0 438928 89 0.03674578666687012
decode: 89 0 439017 89 0.03671455383300781
decode: 89 0 439106 89 0.03673124313354492
decode: 89 0 439195 89 0.03673553466796875
decode: 89 0 439284 89 0.03673148155212402
decode: 89 0 439373 89 0.03663802146911621
decode: 89 0 439462 89 0.03662562370300293
decode: 89 0 439551 89 0.036611318588256836
decode: 89 0 439640 89 0.03656601905822754
decode: 89 0 439729 89 0.0365602970123291
decode: 89 0 439818 89 0.036632537841796875
decode: 89 0 439907 89 0.03664565086364746
decode: 89 0 439996 89 0.03661704063415527
decode: 89 0 440085 89 0.03661537170410156
decode: 88 0 437510 88 0.03817152976989746
decode: 88 0 437598 88 0.038238525390625
decode: 88 0 437686 88 0.03823375701904297
decode: 88 0 437774 88 0.03815007209777832
decode: 88 0 437862 88 0.03815650939941406
decode: 88 0 437950 88 0.038199663162231445
decode: 88 0 438038 88 0.03824877738952637
decode: 88 0 438126 88 0.03821110725402832
decode: 87 0 434350 87 0.03676724433898926
decode: 87 0 434437 87 0.03678178787231445
decode: 87 0 434524 87 0.036795616149902344
decode: 87 0 434611 87 0.0367887020111084
decode: 87 0 434698 87 0.036849021911621094
decode: 87 0 434785 87 0.036802053451538086
decode: 87 0 434872 87 0.03680872917175293
decode: 87 0 434959 87 0.0368342399597168
decode: 87 0 435046 87 0.036850690841674805
decode: 87 0 435133 87 0.036835432052612305
decode: 87 0 435220 87 0.03680586814880371
decode: 87 0 435307 87 0.036800384521484375
decode: 87 0 435394 87 0.036890506744384766
decode: 87 0 435481 87 0.03689932823181152
decode: 87 0 435568 87 0.03684663772583008
decode: 86 0 429147 86 0.03606748580932617
mixed: 85 1 421814 2047 0.08165121078491211
mixed: 84 1 420150 2048 0.08981490135192871
mixed: 84 1 422198 2048 0.09544229507446289
mixed: 84 2 424246 2048 0.09690451622009277
mixed: 85 1 426294 2048 0.0849301815032959
mixed: 85 1 428342 2048 0.09069275856018066
mixed: 85 2 430390 2048 0.08771634101867676
mixed: 86 1 432438 2048 0.08767938613891602
mixed: 85 1 427742 2048 0.09630584716796875
mixed: 85 2 429790 2048 0.08940744400024414
mixed: 86 2 431838 2048 0.0876922607421875
mixed: 87 1 433886 2048 0.08433771133422852
mixed: 87 1 435934 2048 0.09085917472839355
mixed: 87 1 437982 2048 0.09592652320861816
mixed: 87 1 440030 682 0.049930572509765625
decode: 88 0 440800 88 0.035463809967041016
decode: 88 0 440888 88 0.03471732139587402
decode: 88 0 440976 88 0.034676551818847656
decode: 88 0 441064 88 0.03464961051940918
decode: 88 0 441152 88 0.03469085693359375
decode: 88 0 441240 88 0.03474307060241699
decode: 88 0 441328 88 0.0347442626953125
decode: 87 0 436822 87 0.03711366653442383
mixed: 87 1 436822 2048 0.08382296562194824
mixed: 87 1 438870 2048 0.09095478057861328
mixed: 87 1 440918 382 0.03813481330871582
decode: 88 0 441388 88 0.03759050369262695
decode: 88 0 441476 88 0.037255048751831055
decode: 88 0 441564 88 0.037164926528930664
decode: 88 0 441652 88 0.03719496726989746
decode: 88 0 441740 88 0.03715705871582031
decode: 88 0 441828 88 0.03718066215515137
decode: 88 0 441916 88 0.03716588020324707
decode: 88 0 442004 88 0.03720378875732422
decode: 88 0 442092 88 0.03704524040222168
decode: 88 0 442180 88 0.03702521324157715
decode: 87 0 434578 87 0.03527212142944336
mixed: 87 2 434578 2048 0.07950353622436523
mixed: 88 2 436626 2048 0.08492517471313477
mixed: 89 1 438674 1822 0.08237576484680176
decode: 89 0 432115 89 0.03932476043701172
mixed: 89 1 432115 2048 0.08356428146362305
mixed: 89 1 434163 2048 0.08937525749206543
mixed: 89 2 436211 2048 0.08558320999145508
mixed: 90 1 438259 173 0.0308072566986084
decode: 90 0 435992 90 0.039641618728637695
decode: 90 0 436082 90 0.03930854797363281
decode: 90 0 436172 90 0.03928327560424805
decode: 90 0 436262 90 0.03928875923156738
decode: 90 0 436352 90 0.03929853439331055
decode: 90 0 436442 90 0.03930854797363281
decode: 90 0 436532 90 0.039322614669799805
decode: 90 0 436622 90 0.03929495811462402
decode: 89 0 433225 89 0.03787708282470703
decode: 89 0 433314 89 0.03792762756347656
decode: 89 0 433403 89 0.03785228729248047
decode: 89 0 433492 89 0.03779768943786621
decode: 89 0 433581 89 0.037806034088134766
decode: 89 0 433670 89 0.037925004959106445
decode: 89 0 433759 89 0.03791999816894531
decode: 89 0 433848 89 0.03786063194274902
decode: 89 0 433937 89 0.03785848617553711
decode: 89 0 434026 89 0.03785991668701172
decode: 89 0 434115 89 0.03794670104980469
decode: 89 0 434204 89 0.03796219825744629
decode: 89 0 434293 89 0.03787875175476074
decode: 89 0 434382 89 0.03785991668701172
decode: 89 0 434471 89 0.037925004959106445
decode: 89 0 434560 89 0.03795337677001953
decode: 89 0 434649 89 0.0379481315612793
decode: 88 0 426729 88 0.03713417053222656
mixed: 88 1 426729 2048 0.08353185653686523
mixed: 88 1 428777 2048 0.08981847763061523
mixed: 88 2 430825 2048 0.0906975269317627
mixed: 89 1 432873 2048 0.08607840538024902
mixed: 89 1 434921 1510 0.07813334465026855
decode: 90 0 436521 90 0.03977155685424805
decode: 90 0 436611 90 0.03873276710510254
decode: 90 0 436701 90 0.03847146034240723
decode: 90 0 436791 90 0.03842949867248535
decode: 90 0 436881 90 0.03844165802001953
decode: 90 0 436971 90 0.03843379020690918
decode: 90 0 437061 90 0.03850388526916504
decode: 90 0 437151 90 0.03851723670959473
decode: 90 0 437241 90 0.0384058952331543
decode: 90 0 437331 90 0.038459062576293945
decode: 90 0 437421 90 0.03841066360473633
decode: 90 0 437511 90 0.03834891319274902
decode: 90 0 437601 90 0.03829693794250488
decode: 90 0 437691 90 0.038352012634277344
decode: 90 0 437781 90 0.03840827941894531
decode: 90 0 437871 90 0.03839564323425293
decode: 90 0 437961 90 0.03830981254577637
decode: 90 0 438051 90 0.038311004638671875
decode: 90 0 438141 90 0.03839874267578125
decode: 90 0 438231 90 0.038407325744628906
decode: 90 0 438321 90 0.038361310958862305
decode: 90 0 438411 90 0.03832387924194336
decode: 90 0 438501 90 0.03838086128234863
decode: 90 0 438591 90 0.03846478462219238
decode: 90 0 438681 90 0.03845477104187012
decode: 90 0 438771 90 0.03837156295776367
decode: 90 0 438861 90 0.03835582733154297
decode: 90 0 438951 90 0.03840446472167969
decode: 90 0 439041 90 0.03850245475769043
decode: 90 0 439131 90 0.0384366512298584
decode: 90 0 439221 90 0.0383915901184082
decode: 90 0 439311 90 0.038378238677978516
decode: 90 0 439401 90 0.03848576545715332
decode: 90 0 439491 90 0.038492441177368164
decode: 90 0 439581 90 0.0384364128112793
decode: 90 0 439671 90 0.03840017318725586
decode: 90 0 439761 90 0.03845858573913574
decode: 89 0 434733 89 0.0371401309967041
mixed: 89 1 434733 2048 0.08393406867980957
mixed: 88 1 432572 2048 0.08972430229187012
mixed: 88 1 434620 1843 0.09099912643432617
decode: 89 0 436552 89 0.038903236389160156
decode: 89 0 436641 89 0.037307024002075195
decode: 89 0 436730 89 0.036778926849365234
decode: 89 0 436819 89 0.03671073913574219
decode: 89 0 436908 89 0.03671121597290039
decode: 89 0 436997 89 0.03674936294555664
decode: 89 0 437086 89 0.03693985939025879
decode: 89 0 437175 89 0.03690457344055176
decode: 89 0 437264 89 0.036771297454833984
decode: 89 0 437353 89 0.036724090576171875
decode: 87 0 429068 87 0.03590965270996094
mixed: 86 1 426990 2047 0.08577728271484375
mixed: 86 1 429037 2048 0.08969402313232422
mixed: 85 1 427440 2048 0.09545683860778809
mixed: 85 2 429488 2048 0.08928322792053223
mixed: 86 1 431536 2048 0.08786749839782715
mixed: 86 1 433584 1122 0.05813288688659668
decode: 87 0 434793 87 0.03761124610900879
decode: 87 0 434880 87 0.03634977340698242
decode: 87 0 434967 87 0.03608894348144531
decode: 87 0 435054 87 0.03623485565185547
decode: 87 0 435141 87 0.03609108924865723
decode: 87 0 435228 87 0.03604841232299805
decode: 87 0 435315 87 0.03604888916015625
decode: 87 0 435402 87 0.03603053092956543
decode: 87 0 435489 87 0.0358736515045166
decode: 87 0 435576 87 0.035930633544921875
decode: 87 0 435663 87 0.035956621170043945
decode: 87 0 435750 87 0.0359187126159668
decode: 87 0 435837 87 0.03621697425842285
decode: 87 0 435924 87 0.03596901893615723
decode: 87 0 436011 87 0.035893917083740234
decode: 87 0 436098 87 0.03585481643676758
decode: 87 0 436185 87 0.03590798377990723
decode: 87 0 436272 87 0.03593945503234863
decode: 87 0 436359 87 0.03600502014160156
decode: 87 0 436446 87 0.03594779968261719
decode: 87 0 436533 87 0.03594160079956055
decode: 87 0 436620 87 0.035994529724121094
decode: 87 0 436707 87 0.03617405891418457
decode: 87 0 436794 87 0.0360562801361084
decode: 86 0 434048 86 0.03641009330749512
mixed: 86 1 434048 2048 0.08248066902160645
mixed: 86 1 436096 2048 0.08982205390930176
mixed: 86 1 438144 1461 0.08071208000183105
decode: 87 0 439692 87 0.03820395469665527
decode: 87 0 439779 87 0.03735208511352539
decode: 87 0 439866 87 0.03671693801879883
decode: 87 0 439953 87 0.036683082580566406
decode: 87 0 440040 87 0.036635398864746094
decode: 86 0 435994 86 0.03573727607727051
mixed: 86 1 435994 2048 0.08484220504760742
mixed: 86 1 438042 780 0.0498356819152832
decode: 87 0 438909 87 0.03610801696777344
decode: 87 0 438996 87 0.03589820861816406
decode: 87 0 439083 87 0.0358424186706543
decode: 87 0 439170 87 0.0360107421875
decode: 87 0 439257 87 0.03589296340942383
decode: 87 0 439344 87 0.03583478927612305
decode: 87 0 439431 87 0.0357356071472168
decode: 87 0 439518 87 0.035544395446777344
decode: 87 0 439605 87 0.03556656837463379
decode: 87 0 439692 87 0.03559088706970215
decode: 87 0 439779 87 0.0356593132019043
decode: 87 0 439866 87 0.03572368621826172
decode: 87 0 439953 87 0.03571128845214844
decode: 87 0 440040 87 0.03565359115600586
decode: 87 0 440127 87 0.03563094139099121
decode: 87 0 440214 87 0.03569293022155762
decode: 87 0 440301 87 0.03574848175048828
decode: 87 0 440388 87 0.0358731746673584
decode: 87 0 440475 87 0.03575587272644043
decode: 87 0 440562 87 0.03572511672973633
decode: 87 0 440649 87 0.03600668907165527
decode: 86 0 438214 86 0.038300514221191406
decode: 86 0 438300 86 0.038238525390625
decode: 86 0 438386 86 0.038160085678100586
decode: 86 0 438472 86 0.038169145584106445
decode: 86 0 438558 86 0.038407325744628906
decode: 86 0 438644 86 0.0382843017578125
decode: 86 0 438730 86 0.03821420669555664
decode: 86 0 438816 86 0.03824353218078613
decode: 86 0 438902 86 0.03899502754211426
decode: 86 0 438988 86 0.038422346115112305
decode: 85 0 434265 85 0.03943347930908203
decode: 85 0 434350 85 0.0394132137298584
decode: 85 0 434435 85 0.03936505317687988
decode: 85 0 434520 85 0.03932547569274902
decode: 85 0 434605 85 0.03931379318237305
decode: 85 0 434690 85 0.03937506675720215
decode: 85 0 434775 85 0.039374351501464844
decode: 85 0 434860 85 0.03937363624572754
decode: 85 0 434945 85 0.03934764862060547
decode: 85 0 435030 85 0.03945469856262207
decode: 85 0 435115 85 0.039488792419433594
decode: 85 0 435200 85 0.03981184959411621
decode: 85 0 435285 85 0.03942990303039551
decode: 85 0 435370 85 0.03937172889709473
decode: 85 0 435455 85 0.03945207595825195
decode: 85 0 435540 85 0.03946113586425781
decode: 85 0 435625 85 0.039331912994384766
decode: 85 0 435710 85 0.03931999206542969
decode: 85 0 435795 85 0.039432525634765625
decode: 85 0 435880 85 0.03947186470031738
decode: 85 0 435965 85 0.0394742488861084
decode: 85 0 436050 85 0.039376020431518555
decode: 85 0 436135 85 0.03937077522277832
decode: 85 0 436220 85 0.03950142860412598
decode: 85 0 436305 85 0.039484500885009766
decode: 85 0 436390 85 0.03937339782714844
decode: 85 0 436475 85 0.03941202163696289
decode: 85 0 436560 85 0.03945207595825195
decode: 85 0 436645 85 0.039559125900268555
decode: 85 0 436730 85 0.039560556411743164
decode: 85 0 436815 85 0.039628028869628906
decode: 85 0 436900 85 0.03966498374938965
decode: 84 0 431599 84 0.036775827407836914
mixed: 84 1 431599 2048 0.08464574813842773
mixed: 84 1 433647 1734 0.08390450477600098
decode: 85 0 435466 85 0.0378880500793457
decode: 85 0 435551 85 0.037097930908203125
decode: 85 0 435636 85 0.036931753158569336
decode: 85 0 435721 85 0.03693366050720215
decode: 85 0 435806 85 0.036916494369506836
decode: 85 0 435891 85 0.03689289093017578
decode: 85 0 435976 85 0.03697490692138672
decode: 85 0 436061 85 0.036956787109375
decode: 85 0 436146 85 0.03687787055969238
decode: 85 0 436231 85 0.03682136535644531
decode: 85 0 436316 85 0.036809682846069336
decode: 85 0 436401 85 0.03673720359802246
decode: 85 0 436486 85 0.03675127029418945
decode: 85 0 436571 85 0.036821842193603516
decode: 85 0 436656 85 0.03687906265258789
decode: 85 0 436741 85 0.03683829307556152
decode: 85 0 436826 85 0.03679227828979492
decode: 85 0 436911 85 0.0367732048034668
decode: 85 0 436996 85 0.036885976791381836
decode: 85 0 437081 85 0.03686785697937012
decode: 85 0 437166 85 0.03686094284057617
decode: 85 0 437251 85 0.036804914474487305
decode: 85 0 437336 85 0.036776065826416016
decode: 85 0 437421 85 0.03689002990722656
decode: 85 0 437506 85 0.03694462776184082
decode: 85 0 437591 85 0.036823272705078125
decode: 85 0 437676 85 0.03684282302856445
decode: 85 0 437761 85 0.0368502140045166
decode: 85 0 437846 85 0.03692340850830078
decode: 85 0 437931 85 0.03693962097167969
decode: 85 0 438016 85 0.03682851791381836
decode: 85 0 438101 85 0.03680610656738281
decode: 85 0 438186 85 0.03688454627990723
decode: 85 0 438271 85 0.03694653511047363
decode: 85 0 438356 85 0.03695273399353027
decode: 85 0 438441 85 0.036846160888671875
decode: 84 0 434233 84 0.037770986557006836
mixed: 84 1 434233 2048 0.08419919013977051
mixed: 84 1 436281 2048 0.09097695350646973
mixed: 83 2 436253 2048 0.08596348762512207
mixed: 84 1 438301 1770 0.08352112770080566
decode: 85 0 440156 85 0.0410151481628418
decode: 85 0 440241 85 0.039598703384399414
decode: 85 0 440326 85 0.039426326751708984
decode: 85 0 440411 85 0.03945732116699219
decode: 85 0 440496 85 0.03948569297790527
decode: 83 0 431917 83 0.03922152519226074
mixed: 83 1 431917 2048 0.08261251449584961
mixed: 83 1 433965 2048 0.09053993225097656
mixed: 83 1 436013 2048 0.09567832946777344
mixed: 83 1 438061 714 0.04993796348571777
decode: 84 0 438859 84 0.03935551643371582
decode: 84 0 438943 84 0.03872513771057129
decode: 84 0 439027 84 0.03862404823303223
decode: 84 0 439111 84 0.03863167762756348
decode: 84 0 439195 84 0.038630008697509766
decode: 84 0 439279 84 0.03866076469421387
decode: 84 0 439363 84 0.03867340087890625
decode: 84 0 439447 84 0.03866124153137207
decode: 84 0 439531 84 0.03846859931945801
decode: 84 0 439615 84 0.03846406936645508
decode: 84 0 439699 84 0.038445472717285156
decode: 84 0 439783 84 0.038454294204711914
decode: 84 0 439867 84 0.03839397430419922
decode: 84 0 439951 84 0.03842449188232422
decode: 84 0 440035 84 0.03843879699707031
decode: 84 0 440119 84 0.0384981632232666
decode: 84 0 440203 84 0.038483381271362305
decode: 83 0 435153 83 0.03578543663024902
mixed: 83 1 435153 2048 0.08321261405944824
mixed: 83 1 437201 2048 0.09105205535888672
mixed: 83 1 439249 1357 0.06666755676269531
decode: 84 0 440690 84 0.038106679916381836
decode: 84 0 440774 84 0.036751747131347656
decode: 84 0 440858 84 0.03618574142456055
decode: 84 0 440942 84 0.03606367111206055
decode: 84 0 441026 84 0.036080360412597656
decode: 84 0 441110 84 0.03611016273498535
decode: 84 0 441194 84 0.036075592041015625
decode: 83 0 431502 83 0.0375211238861084
mixed: 83 1 431502 2048 0.08370661735534668
mixed: 82 1 427333 2048 0.10985636711120605
mixed: 82 2 429381 2048 0.086029052734375
mixed: 83 1 431429 2048 0.08906006813049316
mixed: 83 2 433477 2048 0.08841609954833984
mixed: 84 1 435525 2048 0.08749103546142578
mixed: 84 2 437573 2048 0.08761191368103027
mixed: 85 1 439621 1734 0.08103322982788086
decode: 86 0 441441 86 0.039536237716674805
decode: 86 0 441527 86 0.03856682777404785
decode: 86 0 441613 86 0.038114309310913086
decode: 85 0 437341 85 0.03650021553039551
mixed: 85 1 437341 2048 0.08307242393493652
mixed: 85 1 439389 2048 0.09008979797363281
mixed: 85 1 441437 277 0.034363746643066406
decode: 86 0 441800 86 0.036908626556396484
decode: 86 0 441886 86 0.03657937049865723
decode: 86 0 441972 86 0.036582231521606445
decode: 86 0 442058 86 0.03651762008666992
decode: 86 0 442144 86 0.03649401664733887
decode: 86 0 442230 86 0.03645968437194824
decode: 86 0 442316 86 0.03657388687133789
decode: 86 0 442402 86 0.03650307655334473
decode: 86 0 442488 86 0.03644728660583496
decode: 85 0 437839 85 0.03612089157104492
decode: 85 0 437924 85 0.0361323356628418
decode: 85 0 438009 85 0.036115407943725586
decode: 85 0 438094 85 0.036138296127319336
decode: 84 0 434923 84 0.0368349552154541
decode: 84 0 435007 84 0.03696846961975098
decode: 84 0 435091 84 0.03691387176513672
decode: 84 0 435175 84 0.03682971000671387
decode: 84 0 435259 84 0.03679680824279785
decode: 83 0 425892 83 0.035669565200805664
mixed: 83 1 425892 2048 0.08112668991088867
mixed: 83 1 427940 2048 0.08881282806396484
mixed: 83 1 429988 2048 0.0950160026550293
mixed: 83 1 432036 306 0.0344996452331543
decode: 84 0 432426 84 0.03939509391784668
decode: 84 0 432510 84 0.03826022148132324
decode: 84 0 432594 84 0.03826475143432617
decode: 84 0 432678 84 0.03820228576660156
decode: 84 0 432762 84 0.038197994232177734
decode: 84 0 432846 84 0.03823089599609375
decode: 84 0 432930 84 0.03828835487365723
decode: 84 0 433014 84 0.03821849822998047
decode: 84 0 433098 84 0.03800082206726074
decode: 84 0 433182 84 0.0379939079284668
decode: 84 0 433266 84 0.038048744201660156
decode: 84 0 433350 84 0.0380551815032959
decode: 84 0 433434 84 0.03806352615356445
decode: 84 0 433518 84 0.03812551498413086
decode: 84 0 433602 84 0.03814435005187988
decode: 84 0 433686 84 0.038062095642089844
decode: 84 0 433770 84 0.038091182708740234
decode: 84 0 433854 84 0.03818488121032715
decode: 84 0 433938 84 0.03818202018737793
decode: 84 0 434022 84 0.0381777286529541
decode: 84 0 434106 84 0.03810477256774902
decode: 84 0 434190 84 0.03811526298522949
decode: 84 0 434274 84 0.03817462921142578
decode: 84 0 434358 84 0.038156986236572266
decode: 84 0 434442 84 0.03814053535461426
decode: 84 0 434526 84 0.038121938705444336
decode: 84 0 434610 84 0.03818392753601074
decode: 84 0 434694 84 0.038185834884643555
decode: 84 0 434778 84 0.038186073303222656
decode: 84 0 434862 84 0.03814387321472168
decode: 84 0 434946 84 0.03818225860595703
decode: 84 0 435030 84 0.03820157051086426
decode: 84 0 435114 84 0.03823280334472656
decode: 84 0 435198 84 0.03819417953491211
decode: 84 0 435282 84 0.03818392753601074
decode: 84 0 435366 84 0.038172245025634766
decode: 84 0 435450 84 0.038223981857299805
decode: 84 0 435534 84 0.03823971748352051
decode: 84 0 435618 84 0.0382082462310791
decode: 84 0 435702 84 0.038207054138183594
decode: 84 0 435786 84 0.038194894790649414
decode: 84 0 435870 84 0.03827476501464844
decode: 84 0 435954 84 0.03827929496765137
decode: 84 0 436038 84 0.03821420669555664
decode: 83 0 428925 83 0.03821730613708496
mixed: 83 1 428925 2048 0.08055520057678223
mixed: 83 1 430973 2048 0.08920645713806152
mixed: 83 1 433021 2048 0.09578299522399902
mixed: 83 2 435069 2048 0.09694504737854004
mixed: 84 1 437117 2048 0.0844886302947998
mixed: 84 1 439165 1109 0.05746197700500488
decode: 85 0 440359 85 0.041095733642578125
decode: 85 0 440444 85 0.039992332458496094
decode: 85 0 440529 85 0.03946328163146973
decode: 85 0 440614 85 0.03948044776916504
decode: 85 0 440699 85 0.03945446014404297
decode: 85 0 440784 85 0.03946042060852051
decode: 85 0 440869 85 0.03950953483581543
decode: 85 0 440954 85 0.03950619697570801
decode: 85 0 441039 85 0.0392763614654541
decode: 85 0 441124 85 0.039282798767089844
decode: 85 0 441209 85 0.03929018974304199
decode: 85 0 441294 85 0.0392918586730957
decode: 83 0 429710 83 0.03903031349182129
mixed: 83 1 429710 2048 0.0819551944732666
mixed: 83 1 431758 2048 0.08939695358276367
mixed: 83 1 433806 2048 0.09589791297912598
mixed: 83 2 435854 2048 0.08635592460632324
mixed: 84 1 437902 2048 0.08799028396606445
mixed: 84 1 439950 1827 0.0895395278930664
decode: 85 0 441862 85 0.04053330421447754
decode: 85 0 441947 85 0.039031028747558594
decode: 85 0 442032 85 0.038771629333496094
decode: 84 0 435373 84 0.03825187683105469
mixed: 84 1 435373 1160 0.056305885314941406
decode: 85 0 436618 85 0.038281917572021484
decode: 85 0 436703 85 0.03824591636657715
decode: 85 0 436788 85 0.03819894790649414
decode: 85 0 436873 85 0.03821206092834473
decode: 85 0 436958 85 0.0383448600769043
decode: 84 0 434122 84 0.038405656814575195
mixed: 84 1 434122 2048 0.08214211463928223
mixed: 84 1 436170 2048 0.08926701545715332
mixed: 84 1 438218 1398 0.07706713676452637
decode: 85 0 439701 85 0.03983306884765625
decode: 84 0 433280 84 0.035924673080444336
mixed: 84 1 433280 2048 0.08080554008483887
mixed: 84 1 435328 2048 0.08972954750061035
mixed: 84 1 437376 791 0.05191993713378906
decode: 84 0 435921 84 0.040953636169433594
mixed: 84 1 435921 2048 0.08321428298950195
mixed: 84 1 437969 2048 0.08909726142883301
mixed: 84 1 440017 555 0.04289531707763672
decode: 85 0 440657 85 0.04020380973815918
decode: 85 0 440742 85 0.03954958915710449
decode: 85 0 440827 85 0.039472341537475586
decode: 85 0 440912 85 0.03962063789367676
decode: 85 0 440997 85 0.03957200050354004
decode: 85 0 441082 85 0.0396270751953125
decode: 85 0 441167 85 0.03971719741821289
decode: 85 0 441252 85 0.039541006088256836
decode: 85 0 441337 85 0.03931760787963867
decode: 85 0 441422 85 0.03931474685668945
decode: 84 0 435200 84 0.03904104232788086
mixed: 84 1 435200 1846 0.07850217819213867
decode: 85 0 437131 85 0.04107165336608887
decode: 85 0 437216 85 0.03934884071350098
decode: 85 0 437301 85 0.03924369812011719
decode: 85 0 437386 85 0.039266347885131836
decode: 84 0 429550 84 0.03821754455566406
mixed: 84 1 429550 2048 0.08333587646484375
mixed: 84 2 431598 2032 0.08482599258422852
decode: 86 0 433716 86 0.04027271270751953
decode: 86 0 433802 86 0.03851890563964844
decode: 86 0 433888 86 0.03819537162780762
decode: 86 0 433974 86 0.03818392753601074
decode: 86 0 434060 86 0.038214921951293945
decode: 86 0 434146 86 0.03824472427368164
decode: 86 0 434232 86 0.03831911087036133
decode: 86 0 434318 86 0.038335323333740234
decode: 86 0 434404 86 0.03812980651855469
decode: 86 0 434490 86 0.03801465034484863
decode: 86 0 434576 86 0.038039207458496094
decode: 86 0 434662 86 0.038027048110961914
decode: 86 0 434748 86 0.0380244255065918
decode: 86 0 434834 86 0.03811168670654297
decode: 86 0 434920 86 0.03811812400817871
decode: 86 0 435006 86 0.0380709171295166
decode: 86 0 435092 86 0.03806328773498535
decode: 86 0 435178 86 0.03805851936340332
decode: 86 0 435264 86 0.0381169319152832
decode: 86 0 435350 86 0.03813982009887695
decode: 86 0 435436 86 0.0380709171295166
decode: 86 0 435522 86 0.03813314437866211
decode: 86 0 435608 86 0.038228511810302734
decode: 86 0 435694 86 0.03816366195678711
decode: 86 0 435780 86 0.038149118423461914
decode: 86 0 435866 86 0.038105010986328125
decode: 86 0 435952 86 0.03809762001037598
decode: 86 0 436038 86 0.03818082809448242
decode: 85 0 433453 85 0.03779458999633789
decode: 85 0 433538 85 0.037848472595214844
decode: 85 0 433623 85 0.03781628608703613
decode: 85 0 433708 85 0.03778886795043945
decode: 85 0 433793 85 0.037833452224731445
decode: 85 0 433878 85 0.03784799575805664
decode: 85 0 433963 85 0.03776979446411133
decode: 85 0 434048 85 0.03774213790893555
decode: 85 0 434133 85 0.0377957820892334
decode: 85 0 434218 85 0.037836551666259766
decode: 85 0 434303 85 0.037871360778808594
decode: 85 0 434388 85 0.03778958320617676
decode: 85 0 434473 85 0.03778839111328125
decode: 84 0 428913 84 0.03715085983276367
mixed: 84 1 428913 2048 0.08023977279663086
mixed: 84 1 430961 2048 0.09044361114501953
mixed: 84 1 433009 2048 0.09485149383544922
mixed: 84 2 435057 2048 0.09042143821716309
mixed: 85 1 437105 2048 0.08691859245300293
mixed: 85 1 439153 388 0.03893876075744629
decode: 86 0 439627 86 0.03698897361755371
decode: 86 0 439713 86 0.036539554595947266
decode: 86 0 439799 86 0.03651714324951172
decode: 86 0 439885 86 0.03654050827026367
decode: 86 0 439971 86 0.03653979301452637
decode: 86 0 440057 86 0.03662753105163574
decode: 86 0 440143 86 0.03656625747680664
decode: 86 0 440229 86 0.03652024269104004
decode: 86 0 440315 86 0.036492347717285156
decode: 86 0 440401 86 0.03641867637634277
decode: 86 0 440487 86 0.03637266159057617
decode: 86 0 440573 86 0.036429405212402344
decode: 86 0 440659 86 0.03636980056762695
decode: 86 0 440745 86 0.03653287887573242
decode: 86 0 440831 86 0.036505699157714844
decode: 86 0 440917 86 0.0364985466003418
decode: 86 0 441003 86 0.03647637367248535
decode: 86 0 441089 86 0.03641533851623535
decode: 86 0 441175 86 0.036560773849487305
decode: 86 0 441261 86 0.03646421432495117
decode: 86 0 441347 86 0.03649306297302246
decode: 86 0 441433 86 0.03640270233154297
decode: 86 0 441519 86 0.03641223907470703
decode: 86 0 441605 86 0.03653311729431152
decode: 86 0 441691 86 0.03651762008666992
decode: 86 0 441777 86 0.03644609451293945
decode: 86 0 441863 86 0.03650188446044922
decode: 86 0 441949 86 0.03649020195007324
decode: 86 0 442035 86 0.03648877143859863
decode: 86 0 442121 86 0.03653097152709961
decode: 86 0 442207 86 0.036466121673583984
decode: 86 0 442293 86 0.03654026985168457
decode: 86 0 442379 86 0.036514997482299805
decode: 86 0 442465 86 0.03661489486694336
decode: 86 0 442551 86 0.03654789924621582
decode: 85 0 435086 85 0.03728365898132324
mixed: 84 1 427982 2047 0.08317184448242188
mixed: 84 2 430029 2048 0.08925819396972656
mixed: 85 1 432077 2048 0.08492898941040039
mixed: 85 1 434125 2048 0.09104442596435547
mixed: 85 1 436173 2048 0.09655427932739258
mixed: 85 1 438221 87 0.029721975326538086
decode: 86 0 438394 86 0.03690814971923828
decode: 86 0 438480 86 0.03642606735229492
decode: 86 0 438566 86 0.03641653060913086
decode: 86 0 438652 86 0.0364377498626709
decode: 86 0 438738 86 0.0364840030670166
decode: 86 0 438824 86 0.03644561767578125
decode: 86 0 438910 86 0.036408424377441406
decode: 86 0 438996 86 0.036388397216796875
decode: 86 0 439082 86 0.03633284568786621
decode: 86 0 439168 86 0.03632068634033203
decode: 86 0 439254 86 0.03629279136657715
decode: 86 0 439340 86 0.036246299743652344
decode: 85 0 434588 85 0.0362553596496582
mixed: 85 1 434588 2048 0.08316564559936523
mixed: 85 1 436636 2048 0.08979392051696777
mixed: 85 1 438684 1621 0.08476424217224121
decode: 86 0 440391 86 0.03747439384460449
decode: 86 0 440477 86 0.03653287887573242
decode: 86 0 440563 86 0.036423683166503906
decode: 85 0 436882 85 0.03644537925720215
decode: 85 0 436967 85 0.0364532470703125
decode: 85 0 437052 85 0.036478519439697266
decode: 84 0 431493 84 0.0364840030670166
mixed: 84 1 431493 2048 0.08127403259277344
mixed: 84 1 433541 2048 0.09095931053161621
mixed: 84 1 435589 2048 0.09571290016174316
mixed: 84 1 437637 2048 0.10112309455871582
mixed: 84 1 439685 129 0.030802011489868164
decode: 85 0 439899 85 0.038541316986083984
decode: 85 0 439984 85 0.03835892677307129
decode: 85 0 440069 85 0.038202524185180664
decode: 85 0 440154 85 0.038197994232177734
decode: 85 0 440239 85 0.0382077693939209
decode: 85 0 440324 85 0.03828692436218262
decode: 85 0 440409 85 0.038211822509765625
decode: 85 0 440494 85 0.038065433502197266
decode: 85 0 440579 85 0.03798556327819824
decode: 85 0 440664 85 0.03820443153381348
decode: 85 0 440749 85 0.038167476654052734
decode: 85 0 440834 85 0.03807950019836426
decode: 84 0 431914 84 0.036730051040649414
mixed: 83 1 425431 2047 0.08277487754821777
mixed: 83 2 427478 2048 0.08463764190673828
mixed: 83 2 421248 2048 0.08334541320800781
mixed: 84 1 423296 2048 0.0879824161529541
mixed: 84 1 425344 2048 0.09380269050598145
mixed: 84 2 427392 2048 0.08431291580200195
mixed: 85 1 429440 2048 0.08905673027038574
mixed: 85 1 431488 2048 0.09483647346496582
mixed: 85 1 433536 2048 0.10081648826599121
mixed: 85 2 435584 2048 0.08854222297668457
mixed: 86 1 437632 1542 0.07860851287841797
decode: 87 0 439261 87 0.03911781311035156
decode: 87 0 439348 87 0.03841710090637207
decode: 87 0 439435 87 0.038352012634277344
decode: 87 0 439522 87 0.038347482681274414
decode: 87 0 439609 87 0.03832292556762695
decode: 87 0 439696 87 0.038291215896606445
decode: 87 0 439783 87 0.038298606872558594
decode: 87 0 439870 87 0.03827047348022461
decode: 87 0 439957 87 0.03813767433166504
decode: 86 0 431916 86 0.03767991065979004
mixed: 86 1 431916 2048 0.08359479904174805
mixed: 86 1 433964 1343 0.06308937072753906
decode: 86 0 433418 86 0.03809833526611328
mixed: 86 1 433418 2048 0.08312773704528809
mixed: 86 1 435466 2048 0.09014439582824707
mixed: 86 1 437514 2048 0.09568595886230469
mixed: 86 1 439562 894 0.05438375473022461
decode: 87 0 440543 87 0.04122614860534668
decode: 87 0 440630 87 0.03960680961608887
decode: 87 0 440717 87 0.039186716079711914
decode: 87 0 440804 87 0.039206743240356445
decode: 87 0 440891 87 0.03913998603820801
decode: 87 0 440978 87 0.03925585746765137
decode: 87 0 441065 87 0.03923439979553223
decode: 87 0 441152 87 0.03921842575073242
decode: 87 0 441239 87 0.03920936584472656
decode: 86 0 435134 86 0.037984609603881836
mixed: 86 1 435134 1924 0.08323359489440918
decode: 87 0 437145 87 0.040383100509643555
decode: 87 0 437232 87 0.038410186767578125
decode: 87 0 437319 87 0.038168907165527344
decode: 87 0 437406 87 0.03815865516662598
decode: 87 0 437493 87 0.038220882415771484
decode: 87 0 437580 87 0.03821229934692383
decode: 86 0 431260 86 0.03671741485595703
mixed: 86 1 431260 2048 0.08512401580810547
mixed: 86 1 433308 2048 0.09134197235107422
mixed: 86 2 435356 2048 0.09100079536437988
mixed: 87 1 437404 1676 0.07768082618713379
decode: 88 0 439168 88 0.03844022750854492
decode: 88 0 439256 88 0.03708791732788086
decode: 88 0 439344 88 0.03677225112915039
decode: 88 0 439432 88 0.0367884635925293
decode: 88 0 439520 88 0.036803245544433594
decode: 88 0 439608 88 0.036843061447143555
decode: 88 0 439696 88 0.03682422637939453
decode: 88 0 439784 88 0.03683829307556152
decode: 88 0 439872 88 0.0367894172668457
decode: 88 0 439960 88 0.03668665885925293
decode: 88 0 440048 88 0.03668618202209473
decode: 88 0 440136 88 0.03670144081115723
decode: 87 0 431265 87 0.03746151924133301
mixed: 87 1 431265 2048 0.08182597160339355
mixed: 86 1 426168 2048 0.09007763862609863
mixed: 86 2 428216 2048 0.09027266502380371
mixed: 87 1 430264 2048 0.0852363109588623
mixed: 87 2 432312 2048 0.08306694030761719
mixed: 88 1 434360 2048 0.08925223350524902
mixed: 87 1 430639 2048 0.09496784210205078
mixed: 87 2 432687 2048 0.08589839935302734
mixed: 88 1 434735 1174 0.05707979202270508
decode: 89 0 435998 89 0.036513328552246094
decode: 89 0 436087 89 0.03589797019958496
decode: 89 0 436176 89 0.03575706481933594
decode: 89 0 436265 89 0.03577685356140137
decode: 89 0 436354 89 0.03579211235046387
decode: 89 0 436443 89 0.03585696220397949
decode: 89 0 436532 89 0.03587150573730469
decode: 89 0 436621 89 0.035881996154785156
decode: 88 0 429027 88 0.037017822265625
mixed: 88 1 429027 2048 0.08338475227355957
mixed: 88 1 431075 2048 0.09093165397644043
mixed: 88 1 433123 2048 0.09579086303710938
mixed: 88 2 435171 2048 0.09581708908081055
mixed: 89 1 437219 994 0.04918861389160156
decode: 90 0 438303 90 0.03797554969787598
decode: 90 0 438393 90 0.03755331039428711
decode: 90 0 438483 90 0.03732419013977051
decode: 90 0 438573 90 0.03730964660644531
decode: 90 0 438663 90 0.037518978118896484
decode: 90 0 438753 90 0.03741097450256348
decode: 90 0 438843 90 0.0373845100402832
decode: 90 0 438933 90 0.03745889663696289
decode: 90 0 439023 90 0.037195444107055664
decode: 90 0 439113 90 0.03721141815185547
decode: 90 0 439203 90 0.03715395927429199
decode: 90 0 439293 90 0.037207841873168945
decode: 90 0 439383 90 0.03721809387207031
decode: 90 0 439473 90 0.037175655364990234
decode: 90 0 439563 90 0.037633419036865234
decode: 90 0 439653 90 0.03733420372009277
decode: 88 0 431883 88 0.039021968841552734
decode: 88 0 431971 88 0.039034366607666016
decode: 88 0 432059 88 0.03891706466674805
decode: 88 0 432147 88 0.03882956504821777
decode: 88 0 432235 88 0.038933515548706055
decode: 88 0 432323 88 0.03896594047546387
decode: 88 0 432411 88 0.0388948917388916
decode: 88 0 432499 88 0.03905653953552246
decode: 88 0 432587 88 0.038993120193481445
decode: 88 0 432675 88 0.03904557228088379
decode: 88 0 432763 88 0.0391087532043457
decode: 88 0 432851 88 0.038924455642700195
decode: 88 0 432939 88 0.0389256477355957
decode: 88 0 433027 88 0.039014339447021484
decode: 88 0 433115 88 0.03899788856506348
decode: 88 0 433203 88 0.0389552116394043
decode: 88 0 433291 88 0.0391082763671875
decode: 88 0 433379 88 0.03907012939453125
decode: 88 0 433467 88 0.03907656669616699
decode: 88 0 433555 88 0.039105892181396484
decode: 88 0 433643 88 0.03896617889404297
decode: 88 0 433731 88 0.03898763656616211
decode: 88 0 433819 88 0.03905630111694336
decode: 88 0 433907 88 0.03904080390930176
decode: 88 0 433995 88 0.03896808624267578
decode: 88 0 434083 88 0.03910946846008301
decode: 88 0 434171 88 0.039122819900512695
decode: 88 0 434259 88 0.03914451599121094
decode: 88 0 434347 88 0.039162635803222656
decode: 88 0 434435 88 0.03905367851257324
decode: 88 0 434523 88 0.0390625
decode: 88 0 434611 88 0.03905677795410156
decode: 88 0 434699 88 0.039090871810913086
decode: 88 0 434787 88 0.038987159729003906
decode: 88 0 434875 88 0.039112091064453125
decode: 88 0 434963 88 0.03911733627319336
decode: 88 0 435051 88 0.03906559944152832
decode: 88 0 435139 88 0.03934741020202637
decode: 88 0 435227 88 0.03920555114746094
decode: 88 0 435315 88 0.039101362228393555
decode: 88 0 435403 88 0.039070844650268555
decode: 87 0 429289 87 0.03765296936035156
mixed: 87 1 429289 2048 0.0823216438293457
mixed: 87 1 431337 2048 0.09005570411682129
mixed: 87 1 433385 2048 0.0952308177947998
mixed: 87 2 435433 2048 0.09022140502929688
mixed: 88 1 437481 1943 0.08541750907897949
decode: 89 0 439513 89 0.04093289375305176
decode: 88 0 436072 88 0.03888583183288574
decode: 88 0 436160 88 0.0377347469329834
decode: 88 0 436248 88 0.03770756721496582
decode: 88 0 436336 88 0.03770327568054199
decode: 88 0 436424 88 0.037682533264160156
decode: 88 0 436512 88 0.03767824172973633
decode: 88 0 436600 88 0.03766155242919922
decode: 88 0 436688 88 0.03758859634399414
decode: 88 0 436776 88 0.03754615783691406
decode: 87 0 434021 87 0.039235591888427734
decode: 87 0 434108 87 0.03913474082946777
decode: 87 0 434195 87 0.03922677040100098
decode: 87 0 434282 87 0.03915739059448242
decode: 86 0 427122 86 0.03726506233215332
mixed: 86 1 427122 2048 0.08086919784545898
mixed: 86 1 429170 2048 0.09027647972106934
mixed: 86 1 431218 2048 0.09738636016845703
mixed: 86 2 433266 2048 0.09762024879455566
mixed: 87 1 435314 2048 0.08504629135131836
mixed: 87 1 437362 2048 0.09086298942565918
mixed: 87 1 439410 399 0.039061784744262695
decode: 88 0 439897 88 0.038976192474365234
decode: 88 0 439985 88 0.03881406784057617
decode: 88 0 440073 88 0.03876972198486328
decode: 88 0 440161 88 0.03880715370178223
decode: 88 0 440249 88 0.038836002349853516
decode: 88 0 440337 88 0.03886294364929199
decode: 88 0 440425 88 0.03877758979797363
decode: 88 0 440513 88 0.03855395317077637
decode: 88 0 440601 88 0.038817405700683594
decode: 88 0 440689 88 0.0386202335357666
decode: 88 0 440777 88 0.03860116004943848
decode: 88 0 440865 88 0.03862285614013672
decode: 88 0 440953 88 0.03864026069641113
decode: 88 0 441041 88 0.03861355781555176
decode: 88 0 441129 88 0.03866720199584961
decode: 88 0 441217 88 0.03864908218383789
decode: 88 0 441305 88 0.03869938850402832
decode: 88 0 441393 88 0.03869366645812988
decode: 88 0 441481 88 0.03866887092590332
decode: 88 0 441569 88 0.03867793083190918
decode: 88 0 441657 88 0.03871583938598633
decode: 87 0 434854 87 0.0366206169128418
mixed: 87 1 434854 2048 0.08322572708129883
mixed: 87 1 436902 2048 0.09044313430786133
mixed: 87 1 438950 923 0.053759098052978516
decode: 88 0 439961 88 0.04152798652648926
decode: 88 0 440049 88 0.03723549842834473
decode: 88 0 440137 88 0.036812782287597656
decode: 88 0 440225 88 0.03676772117614746
decode: 88 0 440313 88 0.03675484657287598
decode: 88 0 440401 88 0.036812782287597656
decode: 88 0 440489 88 0.03689265251159668
decode: 87 0 437553 87 0.03737592697143555
decode: 87 0 437640 87 0.03731060028076172
decode: 87 0 437727 87 0.03719305992126465
decode: 87 0 437814 87 0.03720569610595703
decode: 87 0 437901 87 0.037172555923461914
decode: 87 0 437988 87 0.03720211982727051
decode: 87 0 438075 87 0.037190914154052734
decode: 87 0 438162 87 0.03717207908630371
decode: 87 0 438249 87 0.03719639778137207
decode: 87 0 438336 87 0.03721904754638672
decode: 87 0 438423 87 0.037194252014160156
decode: 87 0 438510 87 0.03717780113220215
decode: 86 0 432598 86 0.03719186782836914
mixed: 86 1 432598 2048 0.08161783218383789
mixed: 86 2 434646 2048 0.08280420303344727
mixed: 87 1 436694 979 0.050948381423950195
decode: 88 0 437761 88 0.03836774826049805
decode: 88 0 437849 88 0.03759908676147461
decode: 88 0 437937 88 0.03741717338562012
decode: 88 0 438025 88 0.037384986877441406
decode: 88 0 438113 88 0.03744101524353027
decode: 88 0 438201 88 0.037491798400878906
decode: 88 0 438289 88 0.0374302864074707
decode: 88 0 438377 88 0.037390708923339844
decode: 88 0 438465 88 0.03725790977478027
decode: 88 0 438553 88 0.037239789962768555
decode: 88 0 438641 88 0.037248849868774414
decode: 88 0 438729 88 0.03730010986328125
decode: 88 0 438817 88 0.0373227596282959
decode: 88 0 438905 88 0.03726482391357422
decode: 88 0 438993 88 0.0372614860534668
decode: 88 0 439081 88 0.037282466888427734
decode: 88 0 439169 88 0.037345170974731445
decode: 88 0 439257 88 0.03733706474304199
decode: 88 0 439345 88 0.037320852279663086
decode: 88 0 439433 88 0.037267446517944336
decode: 88 0 439521 88 0.03730607032775879
decode: 88 0 439609 88 0.03738069534301758
decode: 88 0 439697 88 0.037364959716796875
decode: 88 0 439785 88 0.03733682632446289
decode: 86 0 426411 86 0.0350804328918457
mixed: 86 1 426411 2048 0.0836937427520752
mixed: 86 1 428459 2048 0.09024286270141602
mixed: 86 2 430507 2048 0.08447670936584473
mixed: 86 1 423248 2048 0.0868079662322998
mixed: 86 2 425296 2048 0.09357810020446777
mixed: 87 1 427344 2048 0.08263158798217773
mixed: 87 1 429392 2048 0.09014368057250977
mixed: 87 2 431440 2048 0.0933840274810791
mixed: 88 1 433488 2048 0.08415603637695312
mixed: 88 1 435536 2048 0.0898141860961914
mixed: 87 1 432621 2048 0.09554028511047363
mixed: 87 1 434669 1068 0.06189560890197754
decode: 88 0 435825 88 0.03685426712036133
decode: 88 0 435913 88 0.03596186637878418
decode: 88 0 436001 88 0.03504180908203125
decode: 88 0 436089 88 0.034934043884277344
decode: 88 0 436177 88 0.0350186824798584
decode: 88 0 436265 88 0.0350797176361084
decode: 88 0 436353 88 0.03502225875854492
decode: 88 0 436441 88 0.03501701354980469
decode: 88 0 436529 88 0.03511381149291992
decode: 88 0 436617 88 0.03490877151489258
decode: 88 0 436705 88 0.034876108169555664
decode: 88 0 436793 88 0.034873008728027344
decode: 88 0 436881 88 0.034935712814331055
decode: 88 0 436969 88 0.03495907783508301
decode: 88 0 437057 88 0.03489542007446289
decode: 88 0 437145 88 0.03486156463623047
decode: 88 0 437233 88 0.03493332862854004
decode: 88 0 437321 88 0.03500247001647949
decode: 88 0 437409 88 0.03494906425476074
decode: 88 0 437497 88 0.03490734100341797
decode: 87 0 431821 87 0.038529157638549805
mixed: 87 1 431821 2048 0.08319449424743652
mixed: 87 1 433869 2048 0.08975934982299805
mixed: 86 1 434205 2048 0.09470844268798828
mixed: 86 2 436253 2048 0.09727668762207031
mixed: 87 1 438301 2048 0.08587932586669922
mixed: 87 1 440349 1634 0.07989788055419922
decode: 88 0 442071 88 0.038568973541259766
decode: 88 0 442159 88 0.03723740577697754
decode: 88 0 442247 88 0.03698873519897461
decode: 88 0 442335 88 0.03694963455200195
decode: 88 0 442423 88 0.036974430084228516
decode: 87 0 435828 87 0.03679156303405762
mixed: 87 1 435828 2048 0.08344340324401855
mixed: 86 2 430464 2048 0.08875250816345215
mixed: 87 1 432512 2048 0.08298873901367188
mixed: 87 2 434560 2048 0.08242011070251465
mixed: 88 1 436608 2048 0.09012746810913086
mixed: 88 1 438656 1225 0.061435699462890625
decode: 89 0 439970 89 0.04293203353881836
decode: 89 0 440059 89 0.0417637825012207
decode: 89 0 440148 89 0.04147529602050781
decode: 89 0 440237 89 0.04146432876586914
decode: 89 0 440326 89 0.041445255279541016
decode: 89 0 440415 89 0.04146599769592285
decode: 89 0 440504 89 0.041506052017211914
decode: 89 0 440593 89 0.041394948959350586
decode: 88 0 436817 88 0.03488349914550781
decode: 88 0 436905 88 0.03491473197937012
decode: 87 0 433491 87 0.036339759826660156
decode: 87 0 433578 87 0.03640627861022949
decode: 87 0 433665 87 0.03634166717529297
decode: 87 0 433752 87 0.03636431694030762
decode: 87 0 433839 87 0.036405324935913086
decode: 87 0 433926 87 0.03637981414794922
decode: 87 0 434013 87 0.03637194633483887
decode: 87 0 434100 87 0.036376237869262695
decode: 87 0 434187 87 0.03640270233154297
decode: 87 0 434274 87 0.03642535209655762
decode: 87 0 434361 87 0.03636503219604492
decode: 87 0 434448 87 0.03637099266052246
decode: 87 0 434535 87 0.03643608093261719
decode: 86 0 429369 86 0.0352175235748291
mixed: 86 1 429369 2048 0.08226275444030762
mixed: 86 1 431417 2048 0.09015965461730957
mixed: 86 1 433465 1507 0.07950186729431152
decode: 87 0 435059 87 0.03649139404296875
decode: 87 0 435146 87 0.03546643257141113
decode: 87 0 435233 87 0.035330772399902344
decode: 87 0 435320 87 0.03536081314086914
decode: 87 0 435407 87 0.03537178039550781
decode: 87 0 435494 87 0.0354001522064209
decode: 87 0 435581 87 0.03540396690368652
decode: 87 0 435668 87 0.035448551177978516
decode: 87 0 435755 87 0.03537130355834961
decode: 87 0 435842 87 0.03528332710266113
decode: 87 0 435929 87 0.03525662422180176
decode: 87 0 436016 87 0.03525948524475098
decode: 87 0 436103 87 0.03529787063598633
decode: 87 0 436190 87 0.03530478477478027
decode: 87 0 436277 87 0.035216569900512695
decode: 87 0 436364 87 0.03520393371582031
decode: 87 0 436451 87 0.0352482795715332
decode: 87 0 436538 87 0.03530120849609375
decode: 87 0 436625 87 0.03532123565673828
decode: 87 0 436712 87 0.035276174545288086
decode: 87 0 436799 87 0.03525805473327637
decode: 87 0 436886 87 0.035329341888427734
decode: 87 0 436973 87 0.03537440299987793
decode: 87 0 437060 87 0.035373687744140625
decode: 87 0 437147 87 0.03525543212890625
decode: 87 0 437234 87 0.03527975082397461
decode: 87 0 437321 87 0.03533434867858887
decode: 87 0 437408 87 0.035393476486206055
decode: 87 0 437495 87 0.03545212745666504
decode: 87 0 437582 87 0.035318613052368164
decode: 87 0 437669 87 0.03527021408081055
decode: 87 0 437756 87 0.03537559509277344
decode: 87 0 437843 87 0.035401105880737305
decode: 87 0 437930 87 0.03537917137145996
decode: 87 0 438017 87 0.035292625427246094
decode: 87 0 438104 87 0.03534674644470215
decode: 87 0 438191 87 0.035439252853393555
decode: 87 0 438278 87 0.03544926643371582
decode: 87 0 438365 87 0.03542017936706543
decode: 87 0 438452 87 0.035362958908081055
decode: 86 0 431892 86 0.036344051361083984
mixed: 86 1 431892 2048 0.08059000968933105
mixed: 86 1 433940 2048 0.08982038497924805
mixed: 86 2 435988 2048 0.08495044708251953
mixed: 87 1 438036 774 0.04822897911071777
decode: 88 0 438898 88 0.03686666488647461
decode: 88 0 438986 88 0.036603450775146484
decode: 88 0 439074 88 0.03657174110412598
decode: 88 0 439162 88 0.03656125068664551
decode: 88 0 439250 88 0.03658008575439453
decode: 88 0 439338 88 0.036659955978393555
decode: 88 0 439426 88 0.036608219146728516
decode: 88 0 439514 88 0.03652834892272949
decode: 88 0 439602 88 0.03646492958068848
decode: 88 0 439690 88 0.03640866279602051
decode: 88 0 439778 88 0.03639936447143555
decode: 88 0 439866 88 0.036412715911865234
decode: 88 0 439954 88 0.03647446632385254
decode: 88 0 440042 88 0.03650784492492676
decode: 88 0 440130 88 0.0364530086517334
decode: 88 0 440218 88 0.03647923469543457
decode: 88 0 440306 88 0.036446332931518555
decode: 88 0 440394 88 0.03649711608886719
decode: 88 0 440482 88 0.03650641441345215
decode: 88 0 440570 88 0.036443471908569336
decode: 88 0 440658 88 0.03648781776428223
decode: 88 0 440746 88 0.036498069763183594
decode: 88 0 440834 88 0.03652524948120117
decode: 88 0 440922 88 0.036507606506347656
decode: 87 0 435658 87 0.03528475761413574
mixed: 87 1 435658 2048 0.08426809310913086
mixed: 87 1 437706 117 0.02970576286315918
decode: 88 0 437911 88 0.03602433204650879
decode: 88 0 437999 88 0.035555124282836914
decode: 88 0 438087 88 0.03551888465881348
decode: 88 0 438175 88 0.0355677604675293
decode: 88 0 438263 88 0.03555178642272949
decode: 87 0 429645 87 0.03600001335144043
mixed: 87 1 429645 2048 0.07984161376953125
mixed: 87 1 431693 2048 0.08812379837036133
mixed: 87 1 433741 2048 0.09509682655334473
mixed: 87 2 435789 1194 0.05538535118103027
decode: 89 0 437072 89 0.04059791564941406
decode: 89 0 437161 89 0.037836551666259766
decode: 89 0 437250 89 0.03769493103027344
decode: 89 0 437339 89 0.037769317626953125
decode: 89 0 437428 89 0.037726402282714844
decode: 89 0 437517 89 0.0377352237701416
decode: 89 0 437606 89 0.03774261474609375
decode: 89 0 437695 89 0.037760257720947266
decode: 89 0 437784 89 0.0374913215637207
decode: 88 0 434611 88 0.03745126724243164
mixed: 88 1 434611 2048 0.08218550682067871
mixed: 88 1 436659 2048 0.08983111381530762
mixed: 88 1 438707 1940 0.09415245056152344
decode: 89 0 440736 89 0.04011726379394531
decode: 89 0 440825 89 0.03873801231384277
decode: 89 0 440914 89 0.03860783576965332
decode: 89 0 441003 89 0.03862142562866211
decode: 89 0 441092 89 0.03860807418823242
decode: 89 0 441181 89 0.03868579864501953
decode: 89 0 441270 89 0.038674354553222656
decode: 89 0 441359 89 0.03867816925048828
decode: 89 0 441448 89 0.03859424591064453
decode: 89 0 441537 89 0.038489341735839844
decode: 89 0 441626 89 0.038515567779541016
decode: 89 0 441715 89 0.038503408432006836
decode: 89 0 441804 89 0.03852033615112305
decode: 88 0 435200 88 0.035427093505859375
mixed: 88 1 435200 1932 0.08616256713867188
decode: 89 0 437221 89 0.041673898696899414
decode: 89 0 437310 89 0.03909778594970703
decode: 88 0 432263 88 0.03557276725769043
mixed: 87 2 429373 2047 0.08385205268859863
mixed: 88 1 431420 2048 0.08429479598999023
mixed: 88 2 433468 2048 0.08306169509887695
mixed: 89 1 435516 2048 0.08828377723693848
mixed: 89 1 437564 2048 0.09494709968566895
mixed: 89 1 439612 2048 0.09989619255065918
mixed: 89 1 441660 284 0.03527355194091797
decode: 90 0 442034 90 0.03970527648925781
decode: 90 0 442124 90 0.039215803146362305
decode: 90 0 442214 90 0.039247989654541016
decode: 89 0 437337 89 0.0376887321472168
mixed: 89 1 437337 2048 0.08140063285827637
mixed: 89 1 439385 193 0.0319976806640625
decode: 90 0 439668 90 0.0380246639251709
decode: 90 0 439758 90 0.03766679763793945
decode: 90 0 439848 90 0.03766274452209473
decode: 90 0 439938 90 0.03762316703796387
decode: 89 0 432204 89 0.040094614028930664
decode: 89 0 432293 89 0.040148258209228516
decode: 89 0 432382 89 0.040013790130615234
decode: 89 0 432471 89 0.03981471061706543
decode: 89 0 432560 89 0.0397799015045166
decode: 89 0 432649 89 0.039757728576660156
decode: 89 0 432738 89 0.039771318435668945
decode: 89 0 432827 89 0.03993535041809082
decode: 89 0 432916 89 0.04012775421142578
decode: 89 0 433005 89 0.039841413497924805
decode: 88 0 427812 88 0.036524057388305664
mixed: 88 1 427812 2048 0.08286666870117188
mixed: 88 1 429860 2048 0.0903174877166748
mixed: 88 1 431908 1066 0.058760643005371094
decode: 89 0 433063 89 0.04201865196228027
decode: 89 0 433152 89 0.0411527156829834
decode: 89 0 433241 89 0.04115724563598633
decode: 89 0 433330 89 0.04101681709289551
decode: 89 0 433419 89 0.041107177734375
decode: 89 0 433508 89 0.041155099868774414
decode: 89 0 433597 89 0.04124307632446289
decode: 89 0 433686 89 0.04098963737487793
decode: 89 0 433775 89 0.04105997085571289
decode: 89 0 433864 89 0.04093360900878906
decode: 89 0 433953 89 0.04100346565246582
decode: 89 0 434042 89 0.04096341133117676
decode: 89 0 434131 89 0.04103422164916992
decode: 89 0 434220 89 0.04107379913330078
decode: 89 0 434309 89 0.04099273681640625
decode: 89 0 434398 89 0.04092288017272949
decode: 89 0 434487 89 0.040909528732299805
decode: 89 0 434576 89 0.04103899002075195
decode: 89 0 434665 89 0.04116320610046387
decode: 89 0 434754 89 0.04102158546447754
decode: 89 0 434843 89 0.040971994400024414
decode: 89 0 434932 89 0.04119372367858887
decode: 89 0 435021 89 0.04112100601196289
decode: 89 0 435110 89 0.04104208946228027
decode: 89 0 435199 89 0.04107260704040527
decode: 89 0 435288 89 0.041136980056762695
decode: 89 0 435377 89 0.04119515419006348
decode: 89 0 435466 89 0.0409853458404541
decode: 89 0 435555 89 0.04104161262512207
decode: 89 0 435644 89 0.041085004806518555
decode: 89 0 435733 89 0.04117393493652344
decode: 89 0 435822 89 0.04117417335510254
decode: 89 0 435911 89 0.04109954833984375
decode: 89 0 436000 89 0.04107093811035156
decode: 89 0 436089 89 0.041190385818481445
decode: 89 0 436178 89 0.04127073287963867
decode: 89 0 436267 89 0.041144371032714844
decode: 89 0 436356 89 0.041120052337646484
decode: 89 0 436445 89 0.04111814498901367
decode: 89 0 436534 89 0.041045188903808594
decode: 89 0 436623 89 0.04119157791137695
decode: 89 0 436712 89 0.04111528396606445
decode: 89 0 436801 89 0.041123390197753906
decode: 89 0 436890 89 0.04122138023376465
decode: 89 0 436979 89 0.04124164581298828
decode: 89 0 437068 89 0.041143178939819336
decode: 89 0 437157 89 0.04114651679992676
decode: 89 0 437246 89 0.04123067855834961
decode: 89 0 437335 89 0.04111647605895996
decode: 89 0 437424 89 0.0412144660949707
decode: 89 0 437513 89 0.04117321968078613
decode: 89 0 437602 89 0.04115772247314453
decode: 89 0 437691 89 0.04129290580749512
decode: 89 0 437780 89 0.04131937026977539
decode: 89 0 437869 89 0.041150808334350586
decode: 89 0 437958 89 0.04105019569396973
decode: 89 0 438047 89 0.041275739669799805
decode: 89 0 438136 89 0.04129981994628906
decode: 89 0 438225 89 0.0412440299987793
decode: 89 0 438314 89 0.04108572006225586
decode: 89 0 438403 89 0.0412290096282959
decode: 89 0 438492 89 0.04121518135070801
decode: 89 0 438581 89 0.041219234466552734
decode: 89 0 438670 89 0.041356563568115234
decode: 89 0 438759 89 0.041324615478515625
decode: 89 0 438848 89 0.0411834716796875
decode: 89 0 438937 89 0.04123950004577637
decode: 89 0 439026 89 0.04134511947631836
decode: 88 0 436544 88 0.03725624084472656
decode: 88 0 436632 88 0.03716230392456055
decode: 88 0 436720 88 0.03717541694641113
decode: 88 0 436808 88 0.03718233108520508
decode: 88 0 436896 88 0.03724360466003418
decode: 88 0 436984 88 0.03732657432556152
decode: 88 0 437072 88 0.03719043731689453
decode: 88 0 437160 88 0.03723549842834473
decode: 86 0 423942 86 0.03665757179260254
mixed: 86 1 423942 2048 0.08132815361022949
mixed: 86 1 425990 2048 0.08899402618408203
mixed: 85 1 424303 2048 0.09448409080505371
mixed: 85 1 426351 2048 0.09975218772888184
mixed: 85 2 428399 2048 0.08375406265258789
mixed: 86 1 430447 2048 0.08846187591552734
mixed: 86 1 432495 2048 0.09477806091308594
mixed: 86 1 434543 2048 0.09988689422607422
mixed: 86 2 436591 2048 0.08333539962768555
mixed: 87 1 438639 1435 0.07617545127868652
decode: 88 0 440162 88 0.03755998611450195
decode: 88 0 440250 88 0.036452531814575195
decode: 87 0 434054 87 0.0361483097076416
mixed: 87 1 434054 2048 0.08249020576477051
mixed: 87 1 436102 2048 0.09099245071411133
mixed: 87 1 438150 200 0.0346226692199707
decode: 88 0 438438 88 0.036771535873413086
decode: 88 0 438526 88 0.03621983528137207
decode: 88 0 438614 88 0.03614449501037598
decode: 88 0 438702 88 0.03615093231201172
decode: 88 0 438790 88 0.03615069389343262
decode: 88 0 438878 88 0.03618931770324707
decode: 88 0 438966 88 0.036194801330566406
decode: 88 0 439054 88 0.03621077537536621
decode: 88 0 439142 88 0.03608059883117676
decode: 88 0 439230 88 0.036063194274902344
decode: 88 0 439318 88 0.036041259765625
decode: 88 0 439406 88 0.036047935485839844
decode: 88 0 439494 88 0.036051034927368164
decode: 88 0 439582 88 0.0360410213470459
decode: 88 0 439670 88 0.03599739074707031
decode: 88 0 439758 88 0.03602409362792969
decode: 88 0 439846 88 0.03608345985412598
decode: 88 0 439934 88 0.036080121994018555
decode: 88 0 440022 88 0.03605842590332031
decode: 88 0 440110 88 0.03602933883666992
decode: 86 0 430327 86 0.037120819091796875
mixed: 86 1 430327 2048 0.0799105167388916
mixed: 85 1 429410 2048 0.0896749496459961
mixed: 85 2 431458 2048 0.08662199974060059
mixed: 86 2 433506 2048 0.08304810523986816
mixed: 87 1 435554 2048 0.08680319786071777
mixed: 87 1 437602 1703 0.0844106674194336
decode: 88 0 439393 88 0.039923906326293945
decode: 88 0 439481 88 0.03884434700012207
decode: 88 0 439569 88 0.03860902786254883
decode: 88 0 439657 88 0.03864336013793945
decode: 88 0 439745 88 0.03864717483520508
decode: 88 0 439833 88 0.03867053985595703
decode: 88 0 439921 88 0.03866982460021973
decode: 88 0 440009 88 0.03869771957397461
decode: 88 0 440097 88 0.03844928741455078
decode: 88 0 440185 88 0.03843426704406738
decode: 88 0 440273 88 0.03849482536315918
decode: 87 0 437052 87 0.03852725028991699
decode: 87 0 437139 87 0.03849482536315918
decode: 87 0 437226 87 0.038498640060424805
decode: 87 0 437313 87 0.03850388526916504
decode: 87 0 437400 87 0.03856849670410156
decode: 87 0 437487 87 0.038576602935791016
decode: 87 0 437574 87 0.038523197174072266
decode: 87 0 437661 87 0.03852701187133789
decode: 87 0 437748 87 0.03854036331176758
decode: 87 0 437835 87 0.03856301307678223
decode: 87 0 437922 87 0.03864097595214844
decode: 87 0 438009 87 0.03861641883850098
decode: 87 0 438096 87 0.038559913635253906
decode: 87 0 438183 87 0.03860831260681152
decode: 87 0 438270 87 0.03860020637512207
decode: 87 0 438357 87 0.03858661651611328
decode: 87 0 438444 87 0.038567543029785156
decode: 86 0 430775 86 0.03851604461669922
mixed: 86 1 430775 2048 0.08213543891906738
mixed: 86 1 432823 2048 0.08916401863098145
mixed: 86 2 434871 2048 0.08669304847717285
mixed: 87 1 436919 617 0.0437469482421875
decode: 88 0 437624 88 0.03971123695373535
decode: 88 0 437712 88 0.03913283348083496
decode: 88 0 437800 88 0.03902244567871094
decode: 88 0 437888 88 0.038993120193481445
decode: 88 0 437976 88 0.03902101516723633
decode: 88 0 438064 88 0.03902244567871094
decode: 88 0 438152 88 0.0390477180480957
decode: 88 0 438240 88 0.0389101505279541
decode: 88 0 438328 88 0.03887176513671875
decode: 88 0 438416 88 0.03888726234436035
decode: 88 0 438504 88 0.0388178825378418
decode: 87 0 429501 87 0.03623652458190918
mixed: 87 1 429501 2048 0.08379030227661133
mixed: 87 1 431549 2048 0.09010696411132812
mixed: 87 1 433597 1500 0.07970356941223145
decode: 88 0 435185 88 0.038513898849487305
decode: 88 0 435273 88 0.0366823673248291
decode: 88 0 435361 88 0.036399126052856445
decode: 88 0 435449 88 0.036476850509643555
decode: 88 0 435537 88 0.03648567199707031
decode: 88 0 435625 88 0.03647971153259277
decode: 88 0 435713 88 0.03661179542541504
decode: 88 0 435801 88 0.03658246994018555
decode: 88 0 435889 88 0.03647947311401367
decode: 88 0 435977 88 0.03625607490539551
decode: 88 0 436065 88 0.03623557090759277
decode: 88 0 436153 88 0.0363771915435791
decode: 88 0 436241 88 0.03638410568237305
decode: 88 0 436329 88 0.03633570671081543
decode: 88 0 436417 88 0.03627634048461914
decode: 88 0 436505 88 0.03630876541137695
decode: 88 0 436593 88 0.03640484809875488
decode: 88 0 436681 88 0.03641843795776367
decode: 88 0 436769 88 0.036322832107543945
decode: 88 0 436857 88 0.03632950782775879
decode: 88 0 436945 88 0.03637576103210449
decode: 88 0 437033 88 0.03642773628234863
decode: 87 0 431049 87 0.036275625228881836
mixed: 87 1 431049 2048 0.08225345611572266
mixed: 87 1 433097 2048 0.08892631530761719
mixed: 87 1 435145 2048 0.09464335441589355
mixed: 87 1 437193 771 0.05112504959106445
decode: 88 0 438052 88 0.037169694900512695
decode: 88 0 438140 88 0.03685283660888672
decode: 88 0 438228 88 0.036608219146728516
decode: 88 0 438316 88 0.036627769470214844
decode: 88 0 438404 88 0.03667259216308594
decode: 88 0 438492 88 0.03665637969970703
decode: 88 0 438580 88 0.03665876388549805
decode: 88 0 438668 88 0.036635398864746094
decode: 88 0 438756 88 0.03653526306152344
decode: 88 0 438844 88 0.03650307655334473
decode: 88 0 438932 88 0.036477088928222656
decode: 88 0 439020 88 0.03652215003967285
decode: 87 0 435931 87 0.03463864326477051
mixed: 87 1 435931 2048 0.08382534980773926
mixed: 87 1 437979 2048 0.09037542343139648
mixed: 87 1 440027 2048 0.09571981430053711
mixed: 86 2 434119 2048 0.08278512954711914
mixed: 87 1 436167 2048 0.08979582786560059
mixed: 87 1 438215 2048 0.09545731544494629
mixed: 87 1 440263 443 0.040093183517456055
decode: 88 0 440794 88 0.03616952896118164
decode: 88 0 440882 88 0.03602910041809082
decode: 88 0 440970 88 0.03603100776672363
decode: 87 0 438388 87 0.03764224052429199
mixed: 87 1 438388 1346 0.05860543251037598
decode: 88 0 439822 88 0.03894948959350586
decode: 88 0 439910 88 0.03777599334716797
decode: 88 0 439998 88 0.03762340545654297
decode: 88 0 440086 88 0.037628173828125
decode: 88 0 440174 88 0.03761887550354004
decode: 88 0 440262 88 0.03763771057128906
decode: 88 0 440350 88 0.03764963150024414
decode: 88 0 440438 88 0.037703514099121094
decode: 88 0 440526 88 0.037636756896972656
decode: 88 0 440614 88 0.03756308555603027
decode: 88 0 440702 88 0.037537574768066406
decode: 88 0 440790 88 0.03753829002380371
decode: 88 0 440878 88 0.03750157356262207
decode: 88 0 440966 88 0.03749418258666992
decode: 88 0 441054 88 0.037480831146240234
decode: 88 0 441142 88 0.03751087188720703
decode: 88 0 441230 88 0.03756904602050781
decode: 88 0 441318 88 0.037563323974609375
decode: 87 0 436869 87 0.037516117095947266
mixed: 87 1 436869 2048 0.08296561241149902
mixed: 87 1 438917 2048 0.08988189697265625
mixed: 87 1 440965 1169 0.060475826263427734
decode: 88 0 442222 88 0.038829803466796875
decode: 88 0 442310 88 0.037979841232299805
decode: 88 0 442398 88 0.0377652645111084
decode: 88 0 442486 88 0.03774094581604004
decode: 87 0 434634 87 0.03634834289550781
mixed: 87 1 434634 2048 0.08346986770629883
mixed: 86 1 428837 2048 0.08974266052246094
mixed: 86 1 430885 2048 0.09515690803527832
mixed: 86 2 432933 2048 0.08510470390319824
mixed: 87 2 434981 2048 0.08361458778381348
mixed: 88 1 437029 2048 0.0882561206817627
mixed: 88 1 439077 321 0.035112619400024414
decode: 89 0 439487 89 0.03905200958251953
decode: 88 0 436410 88 0.03810453414916992
mixed: 88 1 436410 2048 0.08186554908752441
mixed: 88 1 438458 2034 0.08978962898254395
decode: 89 0 440581 89 0.04186868667602539
decode: 89 0 440670 89 0.04051041603088379
decode: 89 0 440759 89 0.03993415832519531
decode: 89 0 440848 89 0.03992104530334473
decode: 89 0 440937 89 0.03995800018310547
decode: 88 0 435734 88 0.03731989860534668
decode: 88 0 435822 88 0.037307024002075195
decode: 88 0 435910 88 0.03723740577697754
decode: 88 0 435998 88 0.037073612213134766
decode: 88 0 436086 88 0.037058353424072266
decode: 88 0 436174 88 0.037104129791259766
decode: 88 0 436262 88 0.03708696365356445
decode: 88 0 436350 88 0.037177324295043945
decode: 88 0 436438 88 0.037190914154052734
decode: 88 0 436526 88 0.03713178634643555
decode: 88 0 436614 88 0.03711676597595215
decode: 88 0 436702 88 0.03714585304260254
decode: 88 0 436790 88 0.037169694900512695
decode: 87 0 428701 87 0.0364837646484375
mixed: 87 1 428701 2048 0.08278131484985352
mixed: 86 1 426768 2048 0.08906888961791992
mixed: 86 1 428816 2048 0.09498143196105957
mixed: 86 3 430864 2048 0.08360981941223145
mixed: 88 1 432912 2048 0.08456110954284668
mixed: 88 1 434960 2048 0.09158515930175781
mixed: 88 1 437008 818 0.051573991775512695
decode: 89 0 437915 89 0.03952741622924805
decode: 89 0 438004 89 0.03809785842895508
decode: 89 0 438093 89 0.03781318664550781
decode: 89 0 438182 89 0.03775763511657715
decode: 89 0 438271 89 0.03779196739196777
decode: 89 0 438360 89 0.03779172897338867
decode: 89 0 438449 89 0.03779244422912598
decode: 89 0 438538 89 0.03785896301269531
decode: 89 0 438627 89 0.037781476974487305
decode: 89 0 438716 89 0.03768014907836914
decode: 89 0 438805 89 0.03767108917236328
decode: 89 0 438894 89 0.03763389587402344
decode: 89 0 438983 89 0.037673234939575195
decode: 89 0 439072 89 0.03763175010681152
decode: 89 0 439161 89 0.03757357597351074
decode: 89 0 439250 89 0.037599802017211914
decode: 89 0 439339 89 0.03768563270568848
decode: 89 0 439428 89 0.03771543502807617
decode: 89 0 439517 89 0.03761744499206543
decode: 89 0 439606 89 0.03763723373413086
decode: 89 0 439695 89 0.03767085075378418
decode: 89 0 439784 89 0.0376887321472168
decode: 89 0 439873 89 0.03769040107727051
decode: 89 0 439962 89 0.03761911392211914
decode: 89 0 440051 89 0.03762245178222656
decode: 89 0 440140 89 0.03767848014831543
decode: 89 0 440229 89 0.03773951530456543
decode: 89 0 440318 89 0.03769636154174805
decode: 89 0 440407 89 0.03766441345214844
decode: 89 0 440496 89 0.03767275810241699
decode: 89 0 440585 89 0.037790536880493164
decode: 89 0 440674 89 0.037798166275024414
decode: 89 0 440763 89 0.03773999214172363
decode: 89 0 440852 89 0.03766989707946777
decode: 89 0 440941 89 0.03767800331115723
decode: 88 0 435872 88 0.039421796798706055
mixed: 88 1 435872 2048 0.08340215682983398
mixed: 88 1 437920 1945 0.08851814270019531
decode: 89 0 439954 89 0.03753829002380371
decode: 89 0 440043 89 0.03651142120361328
decode: 88 0 433793 88 0.037642478942871094
decode: 88 0 433881 88 0.03765082359313965
decode: 88 0 433969 88 0.037683963775634766
decode: 88 0 434057 88 0.03766822814941406
decode: 87 0 428783 87 0.03696584701538086
mixed: 87 1 428783 2048 0.07974743843078613
mixed: 87 1 430831 2048 0.08806562423706055
mixed: 87 1 432879 2048 0.09532570838928223
mixed: 87 1 434927 1859 0.09625792503356934
decode: 88 0 436874 88 0.039095401763916016
decode: 88 0 436962 88 0.03819680213928223
decode: 88 0 437050 88 0.03807330131530762
decode: 88 0 437138 88 0.03804183006286621
decode: 88 0 437226 88 0.038031816482543945
decode: 88 0 437314 88 0.03805398941040039
decode: 88 0 437402 88 0.038046836853027344
decode: 88 0 437490 88 0.03807473182678223
decode: 88 0 437578 88 0.03799009323120117
decode: 88 0 437666 88 0.03781485557556152
decode: 88 0 437754 88 0.03792619705200195
decode: 88 0 437842 88 0.03793811798095703
decode: 88 0 437930 88 0.03789234161376953
decode: 88 0 438018 88 0.037917137145996094
decode: 88 0 438106 88 0.03792119026184082
decode: 88 0 438194 88 0.0379183292388916
decode: 88 0 438282 88 0.03788876533508301
decode: 88 0 438370 88 0.03788328170776367
decode: 88 0 438458 88 0.03795504570007324
decode: 88 0 438546 88 0.03796815872192383
decode: 88 0 438634 88 0.03796744346618652
decode: 88 0 438722 88 0.03796648979187012
decode: 88 0 438810 88 0.03793621063232422
decode: 88 0 438898 88 0.03798270225524902
decode: 88 0 438986 88 0.03796195983886719
decode: 88 0 439074 88 0.03793764114379883
decode: 88 0 439162 88 0.037940263748168945
decode: 88 0 439250 88 0.03795957565307617
decode: 87 0 435817 87 0.038246870040893555
decode: 87 0 435904 87 0.038259267807006836
decode: 87 0 435991 87 0.038143157958984375
decode: 87 0 436078 87 0.03816342353820801
decode: 87 0 436165 87 0.0382235050201416
decode: 87 0 436252 87 0.03826713562011719
decode: 87 0 436339 87 0.03823113441467285
decode: 87 0 436426 87 0.038179636001586914
decode: 87 0 436513 87 0.03816580772399902
decode: 87 0 436600 87 0.03829145431518555
decode: 87 0 436687 87 0.03828859329223633
decode: 87 0 436774 87 0.03820085525512695
decode: 87 0 436861 87 0.03820323944091797
decode: 87 0 436948 87 0.038220882415771484
decode: 87 0 437035 87 0.03831362724304199
decode: 87 0 437122 87 0.03833794593811035
decode: 87 0 437209 87 0.03825783729553223
decode: 87 0 437296 87 0.03821206092834473
decode: 87 0 437383 87 0.03830385208129883
decode: 87 0 437470 87 0.03836178779602051
decode: 87 0 437557 87 0.03861689567565918
decode: 87 0 437644 87 0.038350820541381836
decode: 87 0 437731 87 0.03830313682556152
decode: 87 0 437818 87 0.03841829299926758
decode: 86 0 431232 86 0.03782320022583008
mixed: 86 1 431232 2048 0.07986330986022949
mixed: 86 1 433280 2048 0.08878731727600098
mixed: 86 2 435328 2048 0.08549213409423828
mixed: 87 1 437376 892 0.049825191497802734
decode: 88 0 438356 88 0.0400080680847168
decode: 88 0 438444 88 0.039383649826049805
decode: 88 0 438532 88 0.03929281234741211
decode: 87 0 433964 87 0.03882312774658203
mixed: 87 1 433964 2048 0.08494305610656738
mixed: 87 1 436012 2048 0.08990240097045898
mixed: 87 1 438060 2048 0.09479713439941406
mixed: 87 1 440108 624 0.0461423397064209
decode: 88 0 440820 88 0.04003143310546875
decode: 88 0 440908 88 0.03934764862060547
decode: 87 0 435537 87 0.03974032402038574
mixed: 87 1 435537 2048 0.0847320556640625
mixed: 87 1 437585 2048 0.09004378318786621
mixed: 87 1 439633 2048 0.09515643119812012
mixed: 87 1 441681 602 0.04607796669006348
decode: 88 0 442371 88 0.0409550666809082
decode: 88 0 442459 88 0.03992891311645508
decode: 88 0 442547 88 0.039873600006103516
decode: 88 0 442635 88 0.03987383842468262
decode: 87 0 433933 87 0.03761458396911621
mixed: 87 1 433933 2048 0.08276200294494629
mixed: 86 1 430075 2048 0.09009003639221191
mixed: 86 2 432123 2048 0.09320783615112305
mixed: 87 1 434171 2048 0.08352351188659668
mixed: 87 1 436219 1942 0.08869695663452148
decode: 88 0 438249 88 0.04053831100463867
decode: 88 0 438337 88 0.038857460021972656
decode: 88 0 438425 88 0.038488149642944336
decode: 88 0 438513 88 0.03848886489868164
decode: 88 0 438601 88 0.03842926025390625
decode: 88 0 438689 88 0.03844642639160156
decode: 88 0 438777 88 0.03847146034240723
decode: 88 0 438865 88 0.0385136604309082
decode: 88 0 438953 88 0.03831911087036133
decode: 88 0 439041 88 0.03825044631958008
decode: 88 0 439129 88 0.03826284408569336
decode: 88 0 439217 88 0.038283348083496094
decode: 88 0 439305 88 0.038272857666015625
decode: 87 0 432889 87 0.03778576850891113
mixed: 87 1 432889 2048 0.08118844032287598
mixed: 87 1 434937 1666 0.08098912239074707
decode: 88 0 436691 88 0.03907299041748047
decode: 87 0 430325 87 0.03828620910644531
mixed: 87 1 430325 2048 0.08362293243408203
mixed: 86 1 429876 2048 0.08994412422180176
mixed: 86 1 431924 2048 0.09490799903869629
mixed: 86 1 433972 2048 0.0999600887298584
mixed: 86 2 436020 2048 0.09129476547241211
mixed: 87 1 438068 250 0.031939029693603516
decode: 88 0 438406 88 0.03982686996459961
decode: 88 0 438494 88 0.03947091102600098
decode: 88 0 438582 88 0.03940153121948242
decode: 88 0 438670 88 0.03942275047302246
decode: 88 0 438758 88 0.03942251205444336
decode: 88 0 438846 88 0.039437055587768555
decode: 87 0 434652 87 0.03947710990905762
mixed: 87 1 434652 2048 0.0802621841430664
mixed: 87 1 436700 2048 0.08996701240539551
mixed: 87 1 438748 751 0.04904603958129883
decode: 88 0 439587 88 0.0399167537689209
decode: 88 0 439675 88 0.0395052433013916
decode: 88 0 439763 88 0.03950023651123047
decode: 88 0 439851 88 0.03953886032104492
decode: 88 0 439939 88 0.03954935073852539
decode: 88 0 440027 88 0.03943514823913574
decode: 88 0 440115 88 0.03946399688720703
decode: 88 0 440203 88 0.03940892219543457
decode: 87 0 433966 87 0.038251399993896484
mixed: 86 1 424863 2047 0.08327364921569824
mixed: 86 1 426910 2048 0.08939981460571289
mixed: 86 2 428958 2048 0.09391355514526367
mixed: 87 1 431006 2048 0.0840139389038086
mixed: 87 1 433054 2048 0.09053277969360352
mixed: 86 1 431448 2048 0.09531903266906738
mixed: 85 2 429095 2048 0.09517121315002441
mixed: 86 2 431143 2048 0.0814812183380127
mixed: 87 1 433191 2048 0.08656620979309082
mixed: 87 2 435239 2048 0.08615541458129883
mixed: 88 1 437287 2048 0.08667802810668945
mixed: 88 2 439335 2048 0.08672046661376953
mixed: 89 1 441383 924 0.04989290237426758
decode: 89 0 437747 89 0.04069399833679199
mixed: 89 1 437747 2048 0.08327698707580566
mixed: 88 1 437202 680 0.04653143882751465
decode: 89 0 437971 89 0.04092884063720703
decode: 89 0 438060 89 0.04021644592285156
decode: 89 0 438149 89 0.040183305740356445
decode: 89 0 438238 89 0.04020953178405762
decode: 89 0 438327 89 0.040223121643066406
decode: 88 0 433817 88 0.03833913803100586
mixed: 88 1 433817 2048 0.0829920768737793
mixed: 88 1 435865 2048 0.09056615829467773
mixed: 88 1 437913 728 0.04776167869567871
decode: 89 0 438730 89 0.04146313667297363
decode: 89 0 438819 89 0.04091787338256836
decode: 89 0 438908 89 0.04083371162414551
decode: 89 0 438997 89 0.040737152099609375
decode: 89 0 439086 89 0.040749311447143555
decode: 89 0 439175 89 0.040879249572753906
decode: 89 0 439264 89 0.040869951248168945
decode: 89 0 439353 89 0.04076433181762695
decode: 89 0 439442 89 0.04070711135864258
decode: 89 0 439531 89 0.04063677787780762
decode: 89 0 439620 89 0.04059600830078125
decode: 89 0 439709 89 0.04064822196960449
decode: 89 0 439798 89 0.04070925712585449
decode: 89 0 439887 89 0.04070639610290527
decode: 89 0 439976 89 0.04061603546142578
decode: 89 0 440065 89 0.04064464569091797
decode: 88 0 433080 88 0.037398576736450195
mixed: 88 1 433080 2048 0.08084654808044434
mixed: 88 2 435128 2048 0.08522439002990723
mixed: 89 1 437176 1209 0.05708742141723633
decode: 90 0 438475 90 0.04083514213562012
decode: 89 0 436960 89 0.03887224197387695
decode: 89 0 437049 89 0.038548946380615234
decode: 89 0 437138 89 0.038587331771850586
decode: 89 0 437227 89 0.0385899543762207
decode: 89 0 437316 89 0.03850507736206055
decode: 89 0 437405 89 0.03851056098937988
decode: 89 0 437494 89 0.038564443588256836
decode: 89 0 437583 89 0.03846240043640137
decode: 89 0 437672 89 0.0384066104888916
decode: 89 0 437761 89 0.03841972351074219
decode: 89 0 437850 89 0.03845071792602539
decode: 89 0 437939 89 0.03838682174682617
decode: 89 0 438028 89 0.03835415840148926
decode: 89 0 438117 89 0.038410186767578125
decode: 89 0 438206 89 0.038429975509643555
decode: 89 0 438295 89 0.03844904899597168
decode: 89 0 438384 89 0.038382530212402344
decode: 89 0 438473 89 0.03839445114135742
decode: 89 0 438562 89 0.038492441177368164
decode: 89 0 438651 89 0.038541316986083984
decode: 89 0 438740 89 0.03842520713806152
decode: 89 0 438829 89 0.03842735290527344
decode: 89 0 438918 89 0.03843188285827637
decode: 89 0 439007 89 0.038518667221069336
decode: 89 0 439096 89 0.038503170013427734
decode: 89 0 439185 89 0.038450002670288086
decode: 89 0 439274 89 0.03845620155334473
decode: 89 0 439363 89 0.03850555419921875
decode: 89 0 439452 89 0.038535118103027344
decode: 89 0 439541 89 0.03852248191833496
decode: 89 0 439630 89 0.03846287727355957
decode: 89 0 439719 89 0.03848099708557129
decode: 89 0 439808 89 0.038576602935791016
decode: 89 0 439897 89 0.038573265075683594
decode: 89 0 439986 89 0.03851795196533203
decode: 89 0 440075 89 0.03851151466369629
decode: 89 0 440164 89 0.03852200508117676
decode: 89 0 440253 89 0.03856968879699707
decode: 89 0 440342 89 0.03858041763305664
decode: 89 0 440431 89 0.038503170013427734
decode: 89 0 440520 89 0.03851675987243652
decode: 89 0 440609 89 0.038606882095336914
decode: 89 0 440698 89 0.038658857345581055
decode: 89 0 440787 89 0.038602352142333984
decode: 88 0 437215 88 0.03635406494140625
decode: 88 0 437303 88 0.03635597229003906
decode: 88 0 437391 88 0.03645205497741699
decode: 88 0 437479 88 0.03648567199707031
decode: 88 0 437567 88 0.03644275665283203
decode: 88 0 437655 88 0.036383867263793945
decode: 88 0 437743 88 0.03641152381896973
decode: 88 0 437831 88 0.03650712966918945
decode: 88 0 437919 88 0.03651762008666992
decode: 88 0 438007 88 0.03644919395446777
decode: 88 0 438095 88 0.03637409210205078
decode: 88 0 438183 88 0.03643655776977539
decode: 88 0 438271 88 0.036550045013427734
decode: 88 0 438359 88 0.03656959533691406
decode: 88 0 438447 88 0.03646349906921387
decode: 88 0 438535 88 0.036405086517333984
decode: 88 0 438623 88 0.03646111488342285
decode: 88 0 438711 88 0.03654837608337402
decode: 88 0 438799 88 0.036539554595947266
decode: 88 0 438887 88 0.036481618881225586
decode: 87 0 433247 87 0.03695869445800781
mixed: 87 1 433247 2048 0.08635115623474121
mixed: 87 1 435295 2048 0.09038710594177246
mixed: 87 1 437343 2048 0.09567093849182129
mixed: 85 2 428554 2048 0.09434819221496582
mixed: 86 1 430602 2048 0.08605456352233887
mixed: 86 1 432650 2048 0.09168696403503418
mixed: 86 1 434698 2048 0.09626054763793945
mixed: 86 2 436746 2048 0.0884866714477539
mixed: 87 1 438794 868 0.04937863349914551
decode: 88 0 439750 88 0.037523508071899414
decode: 88 0 439838 88 0.03692746162414551
decode: 88 0 439926 88 0.036882877349853516
decode: 88 0 440014 88 0.03690791130065918
decode: 88 0 440102 88 0.03696179389953613
decode: 88 0 440190 88 0.036969900131225586
decode: 88 0 440278 88 0.03695201873779297
decode: 87 0 437322 87 0.03803253173828125
decode: 87 0 437409 87 0.0378570556640625
decode: 87 0 437496 87 0.03789520263671875
decode: 87 0 437583 87 0.03789949417114258
decode: 87 0 437670 87 0.037970542907714844
decode: 87 0 437757 87 0.03799724578857422
decode: 87 0 437844 87 0.03797507286071777
decode: 87 0 437931 87 0.037908315658569336
decode: 87 0 438018 87 0.03791165351867676
decode: 87 0 438105 87 0.0380096435546875
decode: 87 0 438192 87 0.03802371025085449
decode: 87 0 438279 87 0.03797578811645508
decode: 87 0 438366 87 0.03793787956237793
decode: 87 0 438453 87 0.03795576095581055
decode: 87 0 438540 87 0.03805375099182129
decode: 87 0 438627 87 0.03802227973937988
decode: 87 0 438714 87 0.03796553611755371
decode: 87 0 438801 87 0.03794550895690918
decode: 87 0 438888 87 0.03796219825744629
decode: 87 0 438975 87 0.038016557693481445
decode: 87 0 439062 87 0.03805804252624512
decode: 87 0 439149 87 0.03798866271972656
decode: 87 0 439236 87 0.037992000579833984
decode: 87 0 439323 87 0.03803133964538574
decode: 87 0 439410 87 0.038066864013671875
decode: 86 0 436810 86 0.038046836853027344
decode: 86 0 436896 86 0.03795027732849121
decode: 86 0 436982 86 0.03796553611755371
decode: 86 0 437068 86 0.038028717041015625
decode: 86 0 437154 86 0.038100481033325195
decode: 86 0 437240 86 0.03803658485412598
decode: 86 0 437326 86 0.03798222541809082
decode: 86 0 437412 86 0.03801441192626953
decode: 86 0 437498 86 0.03809237480163574
decode: 86 0 437584 86 0.03807330131530762
decode: 86 0 437670 86 0.0379948616027832
decode: 86 0 437756 86 0.03799271583557129
decode: 85 0 431714 85 0.0391077995300293
mixed: 85 1 431714 2048 0.08217978477478027
mixed: 85 1 433762 2048 0.09024214744567871
mixed: 85 2 435810 2048 0.09209227561950684
mixed: 86 1 437858 2048 0.0853886604309082
mixed: 86 1 439906 1556 0.08025336265563965
decode: 87 0 441549 87 0.041625261306762695
decode: 87 0 441636 87 0.040112972259521484
decode: 87 0 441723 87 0.03939366340637207
decode: 87 0 441810 87 0.03939199447631836
decode: 86 0 436010 86 0.03936290740966797
decode: 86 0 436096 86 0.039420127868652344
decode: 86 0 436182 86 0.03941035270690918
decode: 86 0 436268 86 0.03939199447631836
decode: 86 0 436354 86 0.03922891616821289
decode: 86 0 436440 86 0.03919076919555664
decode: 86 0 436526 86 0.0392301082611084
decode: 86 0 436612 86 0.039244651794433594
decode: 86 0 436698 86 0.0392308235168457
decode: 86 0 436784 86 0.039247751235961914
decode: 85 0 434517 85 0.0379180908203125
mixed: 85 1 434517 2048 0.0842733383178711
mixed: 85 1 436565 2048 0.09076523780822754
mixed: 85 1 438613 1945 0.09397339820861816
decode: 86 0 440644 86 0.04031634330749512
decode: 86 0 440730 86 0.038390159606933594
decode: 85 0 439128 85 0.03983283042907715
decode: 85 0 439213 85 0.039841413497924805
decode: 85 0 439298 85 0.03983116149902344
decode: 85 0 439383 85 0.03986167907714844
decode: 85 0 439468 85 0.03988528251647949
decode: 85 0 439553 85 0.03991270065307617
decode: 85 0 439638 85 0.03982281684875488
decode: 85 0 439723 85 0.03979039192199707
decode: 85 0 439808 85 0.039703369140625
decode: 85 0 439893 85 0.039650917053222656
decode: 85 0 439978 85 0.03966832160949707
decode: 85 0 440063 85 0.039850473403930664
decode: 85 0 440148 85 0.03981637954711914
decode: 85 0 440233 85 0.03969144821166992
decode: 85 0 440318 85 0.03968358039855957
decode: 85 0 440403 85 0.03978872299194336
decode: 84 0 432231 84 0.03787088394165039
mixed: 84 1 432231 2048 0.08087849617004395
mixed: 84 2 434279 2048 0.08485603332519531
mixed: 85 1 436327 2048 0.08916354179382324
mixed: 85 1 438375 140 0.030896902084350586
decode: 86 0 438601 86 0.039488792419433594
decode: 86 0 438687 86 0.03817319869995117
decode: 86 0 438773 86 0.03809642791748047
decode: 86 0 438859 86 0.038100242614746094
decode: 86 0 438945 86 0.03810238838195801
decode: 86 0 439031 86 0.03810477256774902
decode: 86 0 439117 86 0.038123130798339844
decode: 86 0 439203 86 0.03815340995788574
decode: 86 0 439289 86 0.03796839714050293
decode: 85 0 434522 85 0.03794717788696289
decode: 85 0 434607 85 0.037941932678222656
decode: 85 0 434692 85 0.03789925575256348
decode: 85 0 434777 85 0.037981510162353516
decode: 85 0 434862 85 0.03798484802246094
decode: 85 0 434947 85 0.037978172302246094
decode: 85 0 435032 85 0.03794598579406738
decode: 85 0 435117 85 0.0379488468170166
decode: 85 0 435202 85 0.037985801696777344
decode: 85 0 435287 85 0.0380096435546875
decode: 85 0 435372 85 0.037943124771118164
decode: 85 0 435457 85 0.03794527053833008
decode: 84 0 429836 84 0.03740954399108887
mixed: 84 1 429836 2048 0.08056211471557617
mixed: 84 1 431884 2048 0.08913969993591309
mixed: 84 1 433932 2048 0.0949702262878418
mixed: 84 1 435980 1232 0.06427574157714844
decode: 85 0 437297 85 0.039695024490356445
decode: 85 0 437382 85 0.03851127624511719
decode: 85 0 437467 85 0.038361549377441406
decode: 85 0 437552 85 0.03837323188781738
decode: 85 0 437637 85 0.03841447830200195
decode: 85 0 437722 85 0.0383913516998291
decode: 85 0 437807 85 0.03835272789001465
decode: 84 0 431368 84 0.037069082260131836
mixed: 84 1 431368 2048 0.09298014640808105
mixed: 84 1 433416 2048 0.09000205993652344
mixed: 84 1 435464 1592 0.08357667922973633
decode: 85 0 437141 85 0.0388028621673584
decode: 85 0 437226 85 0.037676095962524414
decode: 85 0 437311 85 0.0373225212097168
decode: 85 0 437396 85 0.03734183311462402
decode: 85 0 437481 85 0.03735518455505371
decode: 85 0 437566 85 0.03735756874084473
decode: 85 0 437651 85 0.037374258041381836
decode: 85 0 437736 85 0.03741908073425293
decode: 85 0 437821 85 0.03741335868835449
decode: 85 0 437906 85 0.03723883628845215
decode: 85 0 437991 85 0.03716087341308594
decode: 85 0 438076 85 0.03717494010925293
decode: 85 0 438161 85 0.03717207908630371
decode: 84 0 433396 84 0.03654742240905762
decode: 84 0 433480 84 0.03665947914123535
decode: 84 0 433564 84 0.03663468360900879
decode: 84 0 433648 84 0.03661918640136719
decode: 84 0 433732 84 0.0365605354309082
decode: 84 0 433816 84 0.036556243896484375
decode: 84 0 433900 84 0.03667950630187988
decode: 84 0 433984 84 0.0366365909576416
decode: 84 0 434068 84 0.03663992881774902
decode: 84 0 434152 84 0.03657650947570801
decode: 84 0 434236 84 0.03658771514892578
decode: 84 0 434320 84 0.03668808937072754
decode: 84 0 434404 84 0.036711692810058594
decode: 84 0 434488 84 0.03663516044616699
decode: 84 0 434572 84 0.03660130500793457
decode: 84 0 434656 84 0.03661465644836426
decode: 84 0 434740 84 0.036734819412231445
decode: 84 0 434824 84 0.036699533462524414
decode: 84 0 434908 84 0.03665781021118164
decode: 84 0 434992 84 0.03663325309753418
decode: 84 0 435076 84 0.03668212890625
decode: 84 0 435160 84 0.036710262298583984
decode: 84 0 435244 84 0.036763906478881836
decode: 84 0 435328 84 0.03664708137512207
decode: 84 0 435412 84 0.036670684814453125
decode: 84 0 435496 84 0.03672623634338379
decode: 84 0 435580 84 0.036783695220947266
decode: 84 0 435664 84 0.03677558898925781
decode: 84 0 435748 84 0.036678314208984375
decode: 84 0 435832 84 0.03668928146362305
decode: 84 0 435916 84 0.03672075271606445
decode: 83 0 427927 83 0.037470340728759766
mixed: 83 1 427927 2048 0.08077335357666016
mixed: 83 1 429975 2048 0.0899498462677002
mixed: 83 1 432023 2048 0.09580850601196289
mixed: 83 1 434071 1565 0.08801388740539551
decode: 84 0 435720 84 0.03998541831970215
decode: 84 0 435804 84 0.03869891166687012
decode: 84 0 435888 84 0.03850865364074707
decode: 84 0 435972 84 0.038385868072509766
decode: 84 0 436056 84 0.0383305549621582
decode: 84 0 436140 84 0.03838014602661133
decode: 84 0 436224 84 0.038373708724975586
decode: 84 0 436308 84 0.03843832015991211
decode: 84 0 436392 84 0.038329362869262695
decode: 84 0 436476 84 0.03831911087036133
decode: 84 0 436560 84 0.03823447227478027
decode: 84 0 436644 84 0.038291215896606445
decode: 84 0 436728 84 0.038259029388427734
decode: 84 0 436812 84 0.038208723068237305
decode: 84 0 436896 84 0.03823280334472656
decode: 84 0 436980 84 0.03831362724304199
decode: 83 0 430270 83 0.037700653076171875
mixed: 83 1 430270 2048 0.08269739151000977
mixed: 83 1 432318 2048 0.08980584144592285
mixed: 83 1 434366 2048 0.09524750709533691
mixed: 83 2 436414 2048 0.0865023136138916
mixed: 83 1 433600 379 0.0374295711517334
decode: 84 0 434063 84 0.03938126564025879
decode: 84 0 434147 84 0.039173126220703125
decode: 84 0 434231 84 0.039227962493896484
decode: 84 0 434315 84 0.03924274444580078
decode: 84 0 434399 84 0.039277076721191406
decode: 83 0 427901 83 0.03988385200500488
mixed: 83 1 427901 2048 0.08462643623352051
mixed: 83 1 429949 2048 0.0899500846862793
mixed: 83 1 431997 2048 0.09598278999328613
mixed: 83 2 434045 2048 0.09990787506103516
mixed: 84 1 436093 1470 0.07204151153564453
decode: 85 0 437648 85 0.0402071475982666
decode: 85 0 437733 85 0.03840970993041992
decode: 85 0 437818 85 0.03812980651855469
decode: 85 0 437903 85 0.038112640380859375
decode: 85 0 437988 85 0.038178443908691406
decode: 85 0 438073 85 0.03819608688354492
decode: 85 0 438158 85 0.038147926330566406
decode: 85 0 438243 85 0.038199424743652344
decode: 85 0 438328 85 0.038053035736083984
decode: 85 0 438413 85 0.03802680969238281
decode: 85 0 438498 85 0.03817439079284668
decode: 85 0 438583 85 0.03809475898742676
decode: 85 0 438668 85 0.038012027740478516
decode: 85 0 438753 85 0.03792524337768555
decode: 85 0 438838 85 0.037935495376586914
decode: 85 0 438923 85 0.03799009323120117
decode: 85 0 439008 85 0.03804516792297363
decode: 85 0 439093 85 0.03797745704650879
decode: 85 0 439178 85 0.03796195983886719
decode: 85 0 439263 85 0.038036346435546875
decode: 85 0 439348 85 0.03821730613708496
decode: 85 0 439433 85 0.0381166934967041
decode: 85 0 439518 85 0.03799772262573242
decode: 85 0 439603 85 0.03796029090881348
decode: 84 0 431774 84 0.03991961479187012
mixed: 84 1 431774 2048 0.08124923706054688
mixed: 84 1 433822 2048 0.0909123420715332
mixed: 84 1 435870 1240 0.061532020568847656
decode: 85 0 437195 85 0.04125380516052246
decode: 85 0 437280 85 0.04056978225708008
decode: 84 0 432409 84 0.03863263130187988
mixed: 84 1 432409 2048 0.0821828842163086
mixed: 84 1 434457 2048 0.09025764465332031
mixed: 84 1 436505 1909 0.09158730506896973
decode: 85 0 438499 85 0.040929555892944336
decode: 85 0 438584 85 0.03954768180847168
decode: 85 0 438669 85 0.03860044479370117
decode: 85 0 438754 85 0.038661956787109375
decode: 85 0 438839 85 0.03872823715209961
decode: 85 0 438924 85 0.038725852966308594
decode: 85 0 439009 85 0.03874039649963379
decode: 85 0 439094 85 0.038747549057006836
decode: 85 0 439179 85 0.0385587215423584
decode: 85 0 439264 85 0.03853631019592285
decode: 85 0 439349 85 0.03847241401672363
decode: 85 0 439434 85 0.03846406936645508
decode: 85 0 439519 85 0.03847026824951172
decode: 85 0 439604 85 0.038543701171875
decode: 85 0 439689 85 0.03855085372924805
decode: 85 0 439774 85 0.03853106498718262
decode: 85 0 439859 85 0.038518428802490234
decode: 85 0 439944 85 0.038530826568603516
decode: 84 0 435693 84 0.03887462615966797
decode: 84 0 435777 84 0.038908958435058594
decode: 84 0 435861 84 0.03900313377380371
decode: 84 0 435945 84 0.038930416107177734
decode: 84 0 436029 84 0.038857221603393555
decode: 84 0 436113 84 0.03885149955749512
decode: 83 0 430617 83 0.03728985786437988
mixed: 83 1 430617 2048 0.0830836296081543
mixed: 83 1 432665 2048 0.09021663665771484
mixed: 83 1 434713 2048 0.09562444686889648
mixed: 83 1 436761 1786 0.09525346755981445
decode: 84 0 438631 84 0.040247440338134766
decode: 84 0 438715 84 0.039450883865356445
decode: 84 0 438799 84 0.03928112983703613
decode: 84 0 438883 84 0.039226531982421875
decode: 84 0 438967 84 0.039289236068725586
decode: 84 0 439051 84 0.03925347328186035
decode: 84 0 439135 84 0.03914785385131836
decode: 84 0 439219 84 0.039140939712524414
decode: 84 0 439303 84 0.03898930549621582
decode: 84 0 439387 84 0.0389866828918457
decode: 84 0 439471 84 0.03896331787109375
decode: 84 0 439555 84 0.03918743133544922
decode: 84 0 439639 84 0.03907656669616699
decode: 84 0 439723 84 0.039098501205444336
decode: 84 0 439807 84 0.039060115814208984
decode: 84 0 439891 84 0.03908348083496094
decode: 84 0 439975 84 0.0390467643737793
decode: 84 0 440059 84 0.03904581069946289
decode: 84 0 440143 84 0.03904271125793457
decode: 84 0 440227 84 0.03897881507873535
decode: 84 0 440311 84 0.03900456428527832
decode: 84 0 440395 84 0.03901362419128418
decode: 84 0 440479 84 0.03903007507324219
decode: 84 0 440563 84 0.0390164852142334
decode: 84 0 440647 84 0.03908824920654297
decode: 84 0 440731 84 0.03910231590270996
decode: 84 0 440815 84 0.03902173042297363
decode: 83 0 435425 83 0.03794574737548828
mixed: 83 1 435425 1649 0.07502245903015137
decode: 84 0 437158 84 0.039919137954711914
decode: 84 0 437242 84 0.03848838806152344
decode: 84 0 437326 84 0.03826022148132324
decode: 84 0 437410 84 0.03818368911743164
decode: 84 0 437494 84 0.03815650939941406
decode: 84 0 437578 84 0.038187265396118164
decode: 83 0 432833 83 0.03823590278625488
mixed: 83 1 432833 2048 0.08173775672912598
mixed: 83 1 434881 224 0.032044410705566406
decode: 84 0 435189 84 0.038519859313964844
decode: 84 0 435273 84 0.03832530975341797
decode: 84 0 435357 84 0.03824663162231445
decode: 84 0 435441 84 0.038219451904296875
decode: 83 0 432956 83 0.03921175003051758
decode: 83 0 433039 83 0.03923201560974121
decode: 83 0 433122 83 0.03919267654418945
decode: 83 0 433205 83 0.03892779350280762
decode: 83 0 433288 83 0.03903961181640625
decode: 83 0 433371 83 0.03915286064147949
decode: 83 0 433454 83 0.03913307189941406
decode: 83 0 433537 83 0.039045095443725586
decode: 83 0 433620 83 0.03910064697265625
decode: 83 0 433703 83 0.03915834426879883
decode: 83 0 433786 83 0.03917384147644043
decode: 83 0 433869 83 0.039122581481933594
decode: 83 0 433952 83 0.039061784744262695
decode: 83 0 434035 83 0.03908991813659668
decode: 83 0 434118 83 0.03908228874206543
decode: 83 0 434201 83 0.03913712501525879
decode: 83 0 434284 83 0.03916120529174805
decode: 83 0 434367 83 0.039200782775878906
decode: 83 0 434450 83 0.039101362228393555
decode: 83 0 434533 83 0.03910088539123535
decode: 83 0 434616 83 0.03922414779663086
decode: 83 0 434699 83 0.039235830307006836
decode: 83 0 434782 83 0.03912854194641113
decode: 83 0 434865 83 0.0391080379486084
decode: 83 0 434948 83 0.03916287422180176
decode: 83 0 435031 83 0.03920912742614746
decode: 83 0 435114 83 0.039202213287353516
decode: 83 0 435197 83 0.03915238380432129
decode: 83 0 435280 83 0.03912353515625
decode: 83 0 435363 83 0.03927183151245117
decode: 83 0 435446 83 0.039301395416259766
decode: 83 0 435529 83 0.03914666175842285
decode: 83 0 435612 83 0.039136409759521484
decode: 83 0 435695 83 0.03916144371032715
decode: 83 0 435778 83 0.0391848087310791
decode: 83 0 435861 83 0.03920125961303711
decode: 83 0 435944 83 0.03933238983154297
decode: 83 0 436027 83 0.03929567337036133
decode: 83 0 436110 83 0.03920912742614746
decode: 82 0 432114 82 0.039176225662231445
decode: 82 0 432196 82 0.03931856155395508
decode: 82 0 432278 82 0.039322853088378906
decode: 82 0 432360 82 0.03923916816711426
decode: 82 0 432442 82 0.03920626640319824
decode: 82 0 432524 82 0.039217233657836914
decode: 81 0 424535 81 0.037146806716918945
decode: 81 0 424616 81 0.037169456481933594
decode: 81 0 424697 81 0.03720688819885254
decode: 81 0 424778 81 0.03721213340759277
decode: 81 0 424859 81 0.03715372085571289
decode: 81 0 424940 81 0.03715157508850098
decode: 80 0 417340 80 0.03745317459106445
decode: 80 0 417420 80 0.037494659423828125
decode: 80 0 417500 80 0.037444114685058594
decode: 79 0 408374 79 0.03496217727661133
decode: 79 0 408453 79 0.03497958183288574
decode: 79 0 408532 79 0.035050392150878906
decode: 78 0 401288 78 0.034668922424316406
decode: 78 0 401366 78 0.03468060493469238
decode: 78 0 401444 78 0.03463029861450195
decode: 77 0 393302 77 0.03522133827209473
decode: 77 0 393379 77 0.0352625846862793
decode: 77 0 393456 77 0.0352630615234375
decode: 77 0 393533 77 0.03526878356933594
decode: 77 0 393610 77 0.03520607948303223
decode: 77 0 393687 77 0.03526616096496582
decode: 77 0 393764 77 0.0352787971496582
decode: 77 0 393841 77 0.03532242774963379
decode: 77 0 393918 77 0.0353245735168457
decode: 77 0 393995 77 0.03524470329284668
decode: 77 0 394072 77 0.035260915756225586
decode: 77 0 394149 77 0.0352780818939209
decode: 77 0 394226 77 0.03531384468078613
decode: 77 0 394303 77 0.035362958908081055
decode: 77 0 394380 77 0.03528165817260742
decode: 77 0 394457 77 0.035288333892822266
decode: 77 0 394534 77 0.0353083610534668
decode: 77 0 394611 77 0.035341739654541016
decode: 76 0 391350 76 0.03566384315490723
decode: 76 0 391426 76 0.03555011749267578
decode: 76 0 391502 76 0.03554487228393555
decode: 76 0 391578 76 0.035629987716674805
decode: 76 0 391654 76 0.0356600284576416
decode: 76 0 391730 76 0.035671234130859375
decode: 76 0 391806 76 0.03561115264892578
decode: 76 0 391882 76 0.03559303283691406
decode: 76 0 391958 76 0.03560590744018555
decode: 76 0 392034 76 0.035691261291503906
decode: 76 0 392110 76 0.035703182220458984
decode: 76 0 392186 76 0.03564333915710449
decode: 76 0 392262 76 0.035636186599731445
decode: 76 0 392338 76 0.035666704177856445
decode: 75 0 387351 75 0.03540325164794922
decode: 75 0 387426 75 0.035347700119018555
decode: 75 0 387501 75 0.0352938175201416
decode: 75 0 387576 75 0.03530573844909668
decode: 75 0 387651 75 0.03527569770812988
decode: 75 0 387726 75 0.035405874252319336
decode: 75 0 387801 75 0.03536343574523926
decode: 75 0 387876 75 0.035321712493896484
decode: 75 0 387951 75 0.03531789779663086
decode: 75 0 388026 75 0.03527498245239258
decode: 75 0 388101 75 0.03544425964355469
decode: 75 0 388176 75 0.03537487983703613
decode: 75 0 388251 75 0.03536176681518555
decode: 75 0 388326 75 0.03536534309387207
decode: 75 0 388401 75 0.035318851470947266
decode: 75 0 388476 75 0.035440683364868164
decode: 75 0 388551 75 0.0354609489440918
decode: 75 0 388626 75 0.035391807556152344
decode: 75 0 388701 75 0.03533625602722168
decode: 75 0 388776 75 0.035347938537597656
decode: 75 0 388851 75 0.03548026084899902
decode: 75 0 388926 75 0.035446882247924805
decode: 75 0 389001 75 0.03542518615722656
decode: 75 0 389076 75 0.03539705276489258
decode: 75 0 389151 75 0.0353853702545166
decode: 75 0 389226 75 0.03547167778015137
decode: 75 0 389301 75 0.03551459312438965
decode: 75 0 389376 75 0.03544139862060547
decode: 75 0 389451 75 0.03539443016052246
decode: 75 0 389526 75 0.03543519973754883
decode: 75 0 389601 75 0.03554821014404297
decode: 75 0 389676 75 0.035507917404174805
decode: 75 0 389751 75 0.035500288009643555
decode: 75 0 389826 75 0.03543448448181152
decode: 74 0 382922 74 0.03567051887512207
decode: 74 0 382996 74 0.03574323654174805
decode: 74 0 383070 74 0.03579998016357422
decode: 74 0 383144 74 0.03575539588928223
decode: 74 0 383218 74 0.035714149475097656
decode: 74 0 383292 74 0.03566861152648926
decode: 74 0 383366 74 0.035768747329711914
decode: 74 0 383440 74 0.03581380844116211
decode: 73 0 380855 73 0.03490757942199707
decode: 73 0 380928 73 0.03487348556518555
decode: 73 0 381001 73 0.03503012657165527
decode: 73 0 381074 73 0.03505969047546387
decode: 73 0 381147 73 0.03503108024597168
decode: 73 0 381220 73 0.03495168685913086
decode: 73 0 381293 73 0.03489422798156738
decode: 72 0 375481 72 0.03182864189147949
decode: 72 0 375553 72 0.03180217742919922
decode: 72 0 375625 72 0.03180098533630371
decode: 72 0 375697 72 0.03177762031555176
decode: 72 0 375769 72 0.03176093101501465
decode: 72 0 375841 72 0.03185439109802246
decode: 72 0 375913 72 0.03174567222595215
decode: 72 0 375985 72 0.03178071975708008
decode: 72 0 376057 72 0.03177070617675781
decode: 72 0 376129 72 0.031760454177856445
decode: 72 0 376201 72 0.031725406646728516
decode: 72 0 376273 72 0.03174853324890137
decode: 71 0 373828 71 0.03167223930358887
decode: 71 0 373899 71 0.031790971755981445
decode: 71 0 373970 71 0.0317230224609375
decode: 71 0 374041 71 0.031795501708984375
decode: 70 0 367095 70 0.03125286102294922
decode: 70 0 367165 70 0.03127145767211914
decode: 70 0 367235 70 0.03131508827209473
decode: 70 0 367305 70 0.03133821487426758
decode: 70 0 367375 70 0.0312800407409668
decode: 70 0 367445 70 0.03131508827209473
decode: 70 0 367515 70 0.031341552734375
decode: 69 0 363346 69 0.031687021255493164
decode: 69 0 363415 69 0.031566619873046875
decode: 68 0 360747 68 0.03127932548522949
decode: 68 0 360815 68 0.031235456466674805
decode: 68 0 360883 68 0.03126215934753418
decode: 68 0 360951 68 0.031248807907104492
decode: 68 0 361019 68 0.03130698204040527
decode: 68 0 361087 68 0.03129076957702637
decode: 68 0 361155 68 0.03131580352783203
decode: 68 0 361223 68 0.031265974044799805
decode: 68 0 361291 68 0.031252145767211914
decode: 68 0 361359 68 0.03127932548522949
decode: 67 0 355916 67 0.03122234344482422
decode: 66 0 347904 66 0.030773162841796875
decode: 66 0 347970 66 0.030739307403564453
decode: 66 0 348036 66 0.030700206756591797
decode: 66 0 348102 66 0.030690908432006836
decode: 66 0 348168 66 0.03070545196533203
decode: 65 0 340783 65 0.029230833053588867
decode: 65 0 340848 65 0.029227495193481445
decode: 65 0 340913 65 0.02922534942626953
decode: 65 0 340978 65 0.029220104217529297
decode: 65 0 341043 65 0.02917647361755371
decode: 65 0 341108 65 0.029242992401123047
decode: 65 0 341173 65 0.029278993606567383
decode: 65 0 341238 65 0.02925705909729004
decode: 64 0 333149 64 0.027848005294799805
decode: 63 0 326873 63 0.02749943733215332
decode: 63 0 326936 63 0.027503013610839844
decode: 63 0 326999 63 0.027477741241455078
decode: 63 0 327062 63 0.027519702911376953
decode: 63 0 327125 63 0.027514934539794922
decode: 63 0 327188 63 0.027517080307006836
decode: 63 0 327251 63 0.02783036231994629
decode: 63 0 327314 63 0.02763652801513672
decode: 63 0 327377 63 0.027573585510253906
decode: 63 0 327440 63 0.027552366256713867
decode: 63 0 327503 63 0.02756190299987793
decode: 62 0 324592 62 0.027426958084106445
decode: 62 0 324654 62 0.027343034744262695
decode: 62 0 324716 62 0.02736496925354004
decode: 62 0 324778 62 0.02736067771911621
decode: 62 0 324840 62 0.027422189712524414
decode: 62 0 324902 62 0.027443647384643555
decode: 62 0 324964 62 0.027426719665527344
decode: 62 0 325026 62 0.02756667137145996
decode: 62 0 325088 62 0.027462482452392578
decode: 62 0 325150 62 0.027405977249145508
decode: 62 0 325212 62 0.027402400970458984
decode: 62 0 325274 62 0.027452468872070312
decode: 62 0 325336 62 0.027463197708129883
decode: 62 0 325398 62 0.02744746208190918
decode: 62 0 325460 62 0.027383804321289062
decode: 62 0 325522 62 0.027569055557250977
decode: 62 0 325584 62 0.02753305435180664
decode: 62 0 325646 62 0.027491331100463867
decode: 62 0 325708 62 0.02748847007751465
decode: 62 0 325770 62 0.027474164962768555
decode: 61 0 321607 61 0.0268709659576416
decode: 61 0 321668 61 0.026830673217773438
decode: 61 0 321729 61 0.026790380477905273
decode: 61 0 321790 61 0.02682638168334961
decode: 61 0 321851 61 0.027167081832885742
decode: 61 0 321912 61 0.026911497116088867
decode: 61 0 321973 61 0.02681279182434082
decode: 61 0 322034 61 0.0267791748046875
decode: 58 0 299603 58 0.025338411331176758
decode: 58 0 299661 58 0.02544856071472168
decode: 58 0 299719 58 0.025440454483032227
decode: 58 0 299777 58 0.025420427322387695
decode: 58 0 299835 58 0.02541518211364746
decode: 58 0 299893 58 0.02535557746887207
decode: 58 0 299951 58 0.02536749839782715
decode: 58 0 300009 58 0.025356531143188477
decode: 58 0 300067 58 0.02540421485900879
decode: 58 0 300125 58 0.025463581085205078
decode: 58 0 300183 58 0.025441408157348633
decode: 58 0 300241 58 0.025435924530029297
decode: 58 0 300299 58 0.02536773681640625
decode: 58 0 300357 58 0.025374174118041992
decode: 58 0 300415 58 0.025385141372680664
decode: 58 0 300473 58 0.025447368621826172
decode: 58 0 300531 58 0.02545619010925293
decode: 58 0 300589 58 0.02549457550048828
decode: 58 0 300647 58 0.025449514389038086
decode: 58 0 300705 58 0.025420427322387695
decode: 58 0 300763 58 0.025681734085083008
decode: 58 0 300821 58 0.025542497634887695
decode: 58 0 300879 58 0.025519847869873047
decode: 58 0 300937 58 0.025490283966064453
decode: 58 0 300995 58 0.025512218475341797
decode: 58 0 301053 58 0.02575063705444336
decode: 58 0 301111 58 0.025559663772583008
decode: 58 0 301169 58 0.025484323501586914
decode: 58 0 301227 58 0.025493621826171875
decode: 58 0 301285 58 0.02572035789489746
decode: 58 0 301343 58 0.025629281997680664
decode: 58 0 301401 58 0.025586366653442383
decode: 58 0 301459 58 0.025481462478637695
decode: 58 0 301517 58 0.02549266815185547
decode: 58 0 301575 58 0.02572941780090332
decode: 57 0 294985 57 0.026016950607299805
decode: 56 0 288105 56 0.023724079132080078
decode: 56 0 288161 56 0.02365565299987793
decode: 56 0 288217 56 0.023636579513549805
decode: 56 0 288273 56 0.0238800048828125
decode: 56 0 288329 56 0.02368617057800293
decode: 56 0 288385 56 0.023606061935424805
decode: 56 0 288441 56 0.023668766021728516
decode: 56 0 288497 56 0.023655176162719727
decode: 56 0 288553 56 0.023972034454345703
decode: 56 0 288609 56 0.02377796173095703
decode: 56 0 288665 56 0.023926496505737305
decode: 56 0 288721 56 0.023726701736450195
decode: 56 0 288777 56 0.0237276554107666
decode: 56 0 288833 56 0.023720741271972656
decode: 56 0 288889 56 0.023686647415161133
decode: 56 0 288945 56 0.023973941802978516
decode: 56 0 289001 56 0.023753881454467773
decode: 56 0 289057 56 0.023720979690551758
decode: 56 0 289113 56 0.023664236068725586
decode: 56 0 289169 56 0.023638486862182617
decode: 56 0 289225 56 0.02392888069152832
decode: 56 0 289281 56 0.023779869079589844
decode: 56 0 289337 56 0.023717880249023438
decode: 56 0 289393 56 0.02364969253540039
decode: 56 0 289449 56 0.023633718490600586
decode: 56 0 289505 56 0.023904800415039062
decode: 56 0 289561 56 0.024134397506713867
decode: 56 0 289617 56 0.02384638786315918
decode: 56 0 289673 56 0.023768901824951172
decode: 56 0 289729 56 0.023754358291625977
decode: 55 0 286674 55 0.023893117904663086
decode: 55 0 286729 55 0.024226665496826172
decode: 55 0 286784 55 0.024371862411499023
decode: 55 0 286839 55 0.02413320541381836
decode: 55 0 286894 55 0.024103879928588867
decode: 55 0 286949 55 0.024138450622558594
decode: 55 0 287004 55 0.0242917537689209
decode: 55 0 287059 55 0.02394866943359375
decode: 55 0 287114 55 0.02402472496032715
decode: 55 0 287169 55 0.024005413055419922
decode: 55 0 287224 55 0.023997068405151367
decode: 55 0 287279 55 0.02400374412536621
decode: 55 0 287334 55 0.02401876449584961
decode: 55 0 287389 55 0.02398228645324707
decode: 55 0 287444 55 0.023972034454345703
decode: 55 0 287499 55 0.023961305618286133
decode: 55 0 287554 55 0.023929834365844727
decode: 54 0 281672 54 0.02409529685974121
decode: 54 0 281726 54 0.024102210998535156
decode: 54 0 281780 54 0.024098873138427734
decode: 54 0 281834 54 0.024103641510009766
decode: 53 0 279460 53 0.024106264114379883
decode: 53 0 279513 53 0.024126768112182617
decode: 53 0 279566 53 0.02415156364440918
decode: 53 0 279619 53 0.024511098861694336
decode: 53 0 279672 53 0.024270057678222656
decode: 53 0 279725 53 0.02426767349243164
decode: 53 0 279778 53 0.024236679077148438
decode: 53 0 279831 53 0.02415776252746582
decode: 53 0 279884 53 0.024194717407226562
decode: 53 0 279937 53 0.024189233779907227
decode: 53 0 279990 53 0.02419757843017578
decode: 53 0 280043 53 0.02422785758972168
decode: 53 0 280096 53 0.024236202239990234
decode: 53 0 280149 53 0.024199247360229492
decode: 53 0 280202 53 0.02415776252746582
decode: 53 0 280255 53 0.024158954620361328
decode: 53 0 280308 53 0.02414703369140625
decode: 53 0 280361 53 0.024415969848632812
decode: 53 0 280414 53 0.024282455444335938
decode: 53 0 280467 53 0.024277925491333008
decode: 53 0 280520 53 0.02424025535583496
decode: 53 0 280573 53 0.02418041229248047
decode: 53 0 280626 53 0.02418804168701172
decode: 53 0 280679 53 0.02421402931213379
decode: 53 0 280732 53 0.024449825286865234
decode: 52 0 277129 52 0.023912429809570312
decode: 52 0 277181 52 0.023833274841308594
decode: 52 0 277233 52 0.02384471893310547
decode: 52 0 277285 52 0.023784637451171875
decode: 52 0 277337 52 0.02376532554626465
decode: 52 0 277389 52 0.02377176284790039
decode: 52 0 277441 52 0.023819923400878906
decode: 52 0 277493 52 0.023990869522094727
decode: 52 0 277545 52 0.023886442184448242
decode: 52 0 277597 52 0.023972272872924805
decode: 51 0 271505 51 0.023806095123291016
decode: 51 0 271556 51 0.023955345153808594
decode: 51 0 271607 51 0.02382802963256836
decode: 51 0 271658 51 0.0238497257232666
decode: 51 0 271709 51 0.023856163024902344
decode: 51 0 271760 51 0.02385687828063965
decode: 51 0 271811 51 0.023819684982299805
decode: 50 0 263456 50 0.02356553077697754
decode: 50 0 263506 50 0.02352285385131836
decode: 50 0 263556 50 0.023496627807617188
decode: 50 0 263606 50 0.023536205291748047
decode: 50 0 263656 50 0.02353525161743164
decode: 49 0 254218 49 0.02314281463623047
decode: 48 0 249437 48 0.021953344345092773
decode: 48 0 249485 48 0.021875381469726562
decode: 48 0 249533 48 0.021840810775756836
decode: 48 0 249581 48 0.022014379501342773
decode: 48 0 249629 48 0.021959543228149414
decode: 48 0 249677 48 0.021934986114501953
decode: 48 0 249725 48 0.0219881534576416
decode: 48 0 249773 48 0.02196788787841797
decode: 48 0 249821 48 0.021878719329833984
decode: 48 0 249869 48 0.021986722946166992
decode: 48 0 249917 48 0.021979570388793945
decode: 48 0 249965 48 0.021960020065307617
decode: 48 0 250013 48 0.022028684616088867
decode: 48 0 250061 48 0.022035837173461914
decode: 48 0 250109 48 0.02199721336364746
decode: 48 0 250157 48 0.021988630294799805
decode: 48 0 250205 48 0.02196955680847168
decode: 48 0 250253 48 0.021948814392089844
decode: 48 0 250301 48 0.022030353546142578
decode: 48 0 250349 48 0.022001266479492188
decode: 48 0 250397 48 0.021997690200805664
decode: 48 0 250445 48 0.02204275131225586
decode: 48 0 250493 48 0.02195262908935547
decode: 48 0 250541 48 0.02195906639099121
decode: 48 0 250589 48 0.022014856338500977
decode: 48 0 250637 48 0.02198481559753418
decode: 46 0 238848 46 0.021204471588134766
decode: 46 0 238894 46 0.021093368530273438
decode: 46 0 238940 46 0.02122783660888672
decode: 44 0 229725 44 0.020514488220214844
decode: 43 0 224832 43 0.020250320434570312
decode: 43 0 224875 43 0.020251035690307617
decode: 43 0 224918 43 0.0202329158782959
decode: 43 0 224961 43 0.02029109001159668
decode: 42 0 218898 42 0.02023458480834961
decode: 42 0 218940 42 0.02018904685974121
decode: 42 0 218982 42 0.020154714584350586
decode: 42 0 219024 42 0.02010512351989746
decode: 42 0 219066 42 0.020102739334106445
decode: 42 0 219108 42 0.020111560821533203
decode: 42 0 219150 42 0.020111083984375
decode: 42 0 219192 42 0.020129680633544922
decode: 42 0 219234 42 0.020143985748291016
decode: 42 0 219276 42 0.020160675048828125
decode: 42 0 219318 42 0.020441532135009766
decode: 42 0 219360 42 0.02021169662475586
decode: 42 0 219402 42 0.020229101181030273
decode: 42 0 219444 42 0.020443201065063477
decode: 42 0 219486 42 0.02025127410888672
decode: 42 0 219528 42 0.020253658294677734
decode: 42 0 219570 42 0.020303010940551758
decode: 42 0 219612 42 0.02028965950012207
decode: 42 0 219654 42 0.020237445831298828
decode: 42 0 219696 42 0.020236968994140625
decode: 42 0 219738 42 0.020466089248657227
decode: 42 0 219780 42 0.02025437355041504
decode: 42 0 219822 42 0.020236968994140625
decode: 42 0 219864 42 0.020184755325317383
decode: 42 0 219906 42 0.02019047737121582
decode: 42 0 219948 42 0.020209789276123047
decode: 42 0 219990 42 0.020230531692504883
decode: 42 0 220032 42 0.02022242546081543
decode: 42 0 220074 42 0.020208358764648438
decode: 42 0 220116 42 0.0202178955078125
decode: 42 0 220158 42 0.020189285278320312
decode: 42 0 220200 42 0.020184993743896484
decode: 42 0 220242 42 0.020195484161376953
decode: 42 0 220284 42 0.02017807960510254
decode: 41 0 218008 41 0.020197391510009766
decode: 41 0 218049 41 0.02022552490234375
decode: 41 0 218090 41 0.020267963409423828
decode: 41 0 218131 41 0.02026653289794922
decode: 41 0 218172 41 0.02038121223449707
decode: 41 0 218213 41 0.020348548889160156
decode: 41 0 218254 41 0.020284652709960938
decode: 41 0 218295 41 0.020267486572265625
decode: 41 0 218336 41 0.020272493362426758
decode: 41 0 218377 41 0.020258426666259766
decode: 41 0 218418 41 0.02027750015258789
decode: 41 0 218459 41 0.02029109001159668
decode: 41 0 218500 41 0.0203096866607666
decode: 41 0 218541 41 0.02023625373840332
decode: 41 0 218582 41 0.020182371139526367
decode: 41 0 218623 41 0.020195484161376953
decode: 41 0 218664 41 0.020187854766845703
decode: 41 0 218705 41 0.020190954208374023
decode: 41 0 218746 41 0.020241260528564453
decode: 41 0 218787 41 0.020227909088134766
decode: 41 0 218828 41 0.020229816436767578
decode: 41 0 218869 41 0.020243167877197266
decode: 41 0 218910 41 0.02035999298095703
decode: 41 0 218951 41 0.020293235778808594
decode: 41 0 218992 41 0.020261526107788086
decode: 41 0 219033 41 0.0204465389251709
decode: 41 0 219074 41 0.020514726638793945
decode: 41 0 219115 41 0.020275354385375977
decode: 41 0 219156 41 0.0203096866607666
decode: 41 0 219197 41 0.02054595947265625
decode: 41 0 219238 41 0.020349502563476562
decode: 41 0 219279 41 0.020326614379882812
decode: 41 0 219320 41 0.020441293716430664
decode: 41 0 219361 41 0.020382165908813477
decode: 41 0 219402 41 0.020290851593017578
decode: 41 0 219443 41 0.020251989364624023
decode: 41 0 219484 41 0.020374536514282227
decode: 41 0 219525 41 0.02048325538635254
decode: 41 0 219566 41 0.02032470703125
decode: 41 0 219607 41 0.02031230926513672
decode: 41 0 219648 41 0.0205690860748291
decode: 41 0 219689 41 0.020319700241088867
decode: 41 0 219730 41 0.020286083221435547
decode: 41 0 219771 41 0.020538806915283203
decode: 41 0 219812 41 0.02032923698425293
decode: 41 0 219853 41 0.020349740982055664
decode: 41 0 219894 41 0.020386457443237305
decode: 41 0 219935 41 0.020358800888061523
decode: 41 0 219976 41 0.02033710479736328
decode: 41 0 220017 41 0.020325660705566406
decode: 41 0 220058 41 0.02032923698425293
decode: 41 0 220099 41 0.020282268524169922
decode: 41 0 220140 41 0.020326614379882812
decode: 41 0 220181 41 0.02034902572631836
decode: 41 0 220222 41 0.020322561264038086
decode: 41 0 220263 41 0.020296335220336914
decode: 41 0 220304 41 0.020316123962402344
decode: 41 0 220345 41 0.02028656005859375
decode: 41 0 220386 41 0.02025914192199707
decode: 41 0 220427 41 0.020282506942749023
decode: 41 0 220468 41 0.020258188247680664
decode: 41 0 220509 41 0.020297765731811523
decode: 41 0 220550 41 0.020313024520874023
decode: 41 0 220591 41 0.020344257354736328
decode: 41 0 220632 41 0.020646095275878906
decode: 40 0 217983 40 0.01938319206237793
decode: 40 0 218023 40 0.0194091796875
decode: 40 0 218063 40 0.019600629806518555
decode: 40 0 218103 40 0.019504547119140625
decode: 40 0 218143 40 0.019316673278808594
decode: 40 0 218183 40 0.019272804260253906
decode: 40 0 218223 40 0.019370079040527344
decode: 40 0 218263 40 0.019305944442749023
decode: 40 0 218303 40 0.019346237182617188
decode: 40 0 218343 40 0.0193636417388916
decode: 40 0 218383 40 0.019296884536743164
decode: 40 0 218423 40 0.019312381744384766
decode: 40 0 218463 40 0.019305944442749023
decode: 40 0 218503 40 0.019255876541137695
decode: 40 0 218543 40 0.019214153289794922
decode: 40 0 218583 40 0.0192110538482666
decode: 40 0 218623 40 0.019217491149902344
decode: 40 0 218663 40 0.019281625747680664
decode: 40 0 218703 40 0.019312381744384766
decode: 40 0 218743 40 0.019289255142211914
decode: 40 0 218783 40 0.019310712814331055
decode: 40 0 218823 40 0.019263505935668945
decode: 40 0 218863 40 0.019275665283203125
decode: 40 0 218903 40 0.019396066665649414
decode: 40 0 218943 40 0.019310474395751953
decode: 40 0 218983 40 0.019339561462402344
decode: 40 0 219023 40 0.019412994384765625
decode: 40 0 219063 40 0.019803524017333984
decode: 40 0 219103 40 0.019379377365112305
decode: 40 0 219143 40 0.01933002471923828
decode: 40 0 219183 40 0.01932668685913086
decode: 40 0 219223 40 0.019318819046020508
decode: 40 0 219263 40 0.019301891326904297
decode: 40 0 219303 40 0.019336938858032227
decode: 39 0 212754 39 0.019733190536499023
decode: 39 0 212793 39 0.019365549087524414
decode: 39 0 212832 39 0.019339799880981445
decode: 39 0 212871 39 0.019235849380493164
decode: 39 0 212910 39 0.019200563430786133
decode: 39 0 212949 39 0.019207000732421875
decode: 39 0 212988 39 0.019231319427490234
decode: 39 0 213027 39 0.019190073013305664
decode: 39 0 213066 39 0.019239425659179688
decode: 39 0 213105 39 0.0192415714263916
decode: 39 0 213144 39 0.01922893524169922
decode: 39 0 213183 39 0.019232511520385742
decode: 39 0 213222 39 0.019242525100708008
decode: 39 0 213261 39 0.019466161727905273
decode: 39 0 213300 39 0.019263744354248047
decode: 39 0 213339 39 0.019258975982666016
decode: 39 0 213378 39 0.019303560256958008
decode: 39 0 213417 39 0.019459247589111328
decode: 39 0 213456 39 0.01965022087097168
decode: 39 0 213495 39 0.019347429275512695
decode: 39 0 213534 39 0.019330263137817383
decode: 39 0 213573 39 0.01947331428527832
decode: 39 0 213612 39 0.019432783126831055
decode: 39 0 213651 39 0.01931905746459961
decode: 39 0 213690 39 0.01933121681213379
decode: 39 0 213729 39 0.019455671310424805
decode: 39 0 213768 39 0.019774198532104492
decode: 39 0 213807 39 0.019347667694091797
decode: 39 0 213846 39 0.01930832862854004
decode: 39 0 213885 39 0.01955246925354004
decode: 38 0 209299 38 0.019072771072387695
decode: 38 0 209337 38 0.01905035972595215
decode: 38 0 209375 38 0.019083499908447266
decode: 38 0 209413 38 0.019141435623168945
decode: 38 0 209451 38 0.019422054290771484
decode: 38 0 209489 38 0.019140243530273438
decode: 38 0 209527 38 0.01908397674560547
decode: 38 0 209565 38 0.019089698791503906
decode: 38 0 209603 38 0.019200563430786133
decode: 38 0 209641 38 0.019369840621948242
decode: 38 0 209679 38 0.019110441207885742
decode: 38 0 209717 38 0.019126415252685547
decode: 38 0 209755 38 0.019733428955078125
decode: 38 0 209793 38 0.019156455993652344
decode: 38 0 209831 38 0.019106149673461914
decode: 37 0 206175 37 0.019069433212280273
decode: 35 0 193252 35 0.018818140029907227
decode: 35 0 193287 35 0.01868462562561035
decode: 35 0 193322 35 0.01867198944091797
decode: 35 0 193357 35 0.018654823303222656
decode: 35 0 193392 35 0.018802642822265625
decode: 34 0 188347 34 0.018337249755859375
decode: 34 0 188381 34 0.018308162689208984
decode: 34 0 188415 34 0.01825118064880371
decode: 34 0 188449 34 0.01824951171875
decode: 34 0 188483 34 0.01852273941040039
decode: 34 0 188517 34 0.018458127975463867
decode: 34 0 188551 34 0.018351316452026367
decode: 34 0 188585 34 0.01832127571105957
decode: 34 0 188619 34 0.01831674575805664
decode: 34 0 188653 34 0.018471717834472656
decode: 34 0 188687 34 0.01838064193725586
decode: 34 0 188721 34 0.018500089645385742
decode: 34 0 188755 34 0.018270254135131836
decode: 34 0 188789 34 0.018293142318725586
decode: 34 0 188823 34 0.01839590072631836
decode: 34 0 188857 34 0.018518924713134766
decode: 34 0 188891 34 0.018605947494506836
decode: 34 0 188925 34 0.01831507682800293
decode: 34 0 188959 34 0.01827073097229004
decode: 34 0 188993 34 0.01828169822692871
decode: 34 0 189027 34 0.018477678298950195
decode: 34 0 189061 34 0.018729686737060547
decode: 34 0 189095 34 0.018358469009399414
decode: 34 0 189129 34 0.018365144729614258
decode: 34 0 189163 34 0.018314361572265625
decode: 34 0 189197 34 0.01829242706298828
decode: 34 0 189231 34 0.018508195877075195
decode: 34 0 189265 34 0.018294572830200195
decode: 34 0 189299 34 0.018285274505615234
decode: 34 0 189333 34 0.018306493759155273
decode: 34 0 189367 34 0.01852130889892578
decode: 34 0 189401 34 0.01871633529663086
decode: 34 0 189435 34 0.018368005752563477
decode: 34 0 189469 34 0.018362760543823242
decode: 34 0 189503 34 0.01832294464111328
decode: 34 0 189537 34 0.018297433853149414
decode: 34 0 189571 34 0.018564939498901367
decode: 34 0 189605 34 0.01832437515258789
decode: 34 0 189639 34 0.018396615982055664
decode: 34 0 189673 34 0.018369436264038086
decode: 34 0 189707 34 0.01852869987487793
decode: 34 0 189741 34 0.018781423568725586
decode: 34 0 189775 34 0.0183713436126709
decode: 34 0 189809 34 0.018340349197387695
decode: 34 0 189843 34 0.01846599578857422
decode: 34 0 189877 34 0.018578290939331055
decode: 34 0 189911 34 0.01865553855895996
decode: 34 0 189945 34 0.01837635040283203
decode: 34 0 189979 34 0.018398284912109375
decode: 34 0 190013 34 0.018452882766723633
decode: 34 0 190047 34 0.018523216247558594
decode: 34 0 190081 34 0.01864767074584961
decode: 34 0 190115 34 0.018308162689208984
decode: 34 0 190149 34 0.018303871154785156
decode: 34 0 190183 34 0.018543243408203125
decode: 33 0 182692 33 0.018090486526489258
decode: 33 0 182725 33 0.018108129501342773
decode: 33 0 182758 33 0.01824474334716797
decode: 33 0 182791 33 0.018392562866210938
decode: 33 0 182824 33 0.018448352813720703
decode: 33 0 182857 33 0.018063068389892578
decode: 33 0 182890 33 0.01805281639099121
decode: 33 0 182923 33 0.018346071243286133
decode: 33 0 182956 33 0.018093109130859375
decode: 33 0 182989 33 0.018097877502441406
decode: 32 0 179399 32 0.017368078231811523
decode: 32 0 179431 32 0.017544031143188477
decode: 32 0 179463 32 0.017670869827270508
decode: 32 0 179495 32 0.01709127426147461
decode: 32 0 179527 32 0.017077207565307617
decode: 32 0 179559 32 0.0171506404876709
decode: 32 0 179591 32 0.017154693603515625
decode: 32 0 179623 32 0.01733541488647461
decode: 32 0 179655 32 0.017184972763061523
decode: 32 0 179687 32 0.0171048641204834
decode: 32 0 179719 32 0.017132282257080078
decode: 32 0 179751 32 0.017098188400268555
decode: 32 0 179783 32 0.017343759536743164
decode: 32 0 179815 32 0.01743340492248535
decode: 32 0 179847 32 0.017136812210083008
decode: 32 0 179879 32 0.0171201229095459
decode: 32 0 179911 32 0.01716160774230957
decode: 32 0 179943 32 0.017238140106201172
decode: 32 0 179975 32 0.017293930053710938
decode: 32 0 180007 32 0.017879009246826172
decode: 32 0 180039 32 0.017183542251586914
decode: 32 0 180071 32 0.017096519470214844
decode: 32 0 180103 32 0.017217159271240234
decode: 32 0 180135 32 0.017145395278930664
decode: 32 0 180167 32 0.017351388931274414
decode: 32 0 180199 32 0.017192840576171875
decode: 32 0 180231 32 0.017226696014404297
decode: 32 0 180263 32 0.017203092575073242
decode: 32 0 180295 32 0.017151355743408203
decode: 32 0 180327 32 0.017200708389282227
decode: 32 0 180359 32 0.017417192459106445
decode: 32 0 180391 32 0.01762104034423828
decode: 32 0 180423 32 0.01726245880126953
decode: 32 0 180455 32 0.017285585403442383
decode: 32 0 180487 32 0.017287731170654297
decode: 32 0 180519 32 0.01737356185913086
decode: 32 0 180551 32 0.017569541931152344
decode: 32 0 180583 32 0.0174715518951416
decode: 32 0 180615 32 0.01725935935974121
decode: 32 0 180647 32 0.017177820205688477
decode: 32 0 180679 32 0.017219066619873047
decode: 32 0 180711 32 0.017233848571777344
decode: 32 0 180743 32 0.017453432083129883
decode: 32 0 180775 32 0.017688274383544922
decode: 32 0 180807 32 0.017293930053710938
decode: 32 0 180839 32 0.017366647720336914
decode: 32 0 180871 32 0.01722860336303711
decode: 32 0 180903 32 0.017378568649291992
decode: 32 0 180935 32 0.017535686492919922
decode: 32 0 180967 32 0.01740550994873047
decode: 32 0 180999 32 0.017472028732299805
decode: 32 0 181031 32 0.017288923263549805
decode: 32 0 181063 32 0.01726555824279785
decode: 32 0 181095 32 0.017190933227539062
decode: 32 0 181127 32 0.01723170280456543
decode: 32 0 181159 32 0.01764059066772461
decode: 32 0 181191 32 0.017414331436157227
decode: 32 0 181223 32 0.017728805541992188
decode: 32 0 181255 32 0.01726078987121582
decode: 32 0 181287 32 0.017228364944458008
decode: 32 0 181319 32 0.01727890968322754
decode: 32 0 181351 32 0.01730966567993164
decode: 32 0 181383 32 0.017359495162963867
decode: 32 0 181415 32 0.017537355422973633
decode: 31 0 172010 31 0.01704573631286621
decode: 31 0 172041 31 0.016668081283569336
decode: 31 0 172072 31 0.016654491424560547
decode: 30 0 164583 30 0.01635122299194336
decode: 30 0 164613 30 0.016295671463012695
decode: 29 0 157865 29 0.01615166664123535
decode: 29 0 157894 29 0.016092538833618164
decode: 29 0 157923 29 0.01613020896911621
decode: 29 0 157952 29 0.016113996505737305
decode: 29 0 157981 29 0.0160977840423584
decode: 29 0 158010 29 0.01608729362487793
decode: 29 0 158039 29 0.016115188598632812
decode: 29 0 158068 29 0.01610589027404785
decode: 29 0 158097 29 0.01609349250793457
decode: 28 0 150472 28 0.015866994857788086
decode: 28 0 150500 28 0.01584172248840332
decode: 28 0 150528 28 0.01584315299987793
decode: 28 0 150556 28 0.01587820053100586
decode: 28 0 150584 28 0.01587700843811035
decode: 28 0 150612 28 0.01585674285888672
decode: 28 0 150640 28 0.015846967697143555
decode: 28 0 150668 28 0.01586127281188965
decode: 28 0 150696 28 0.01583695411682129
decode: 28 0 150724 28 0.015798330307006836
decode: 28 0 150752 28 0.015888214111328125
decode: 28 0 150780 28 0.015883922576904297
decode: 28 0 150808 28 0.015819549560546875
decode: 28 0 150836 28 0.015913009643554688
decode: 28 0 150864 28 0.015848159790039062
decode: 28 0 150892 28 0.01581406593322754
decode: 28 0 150920 28 0.01584339141845703
decode: 28 0 150948 28 0.015881061553955078
decode: 28 0 150976 28 0.01587963104248047
decode: 28 0 151004 28 0.015860319137573242
decode: 28 0 151032 28 0.015844106674194336
decode: 28 0 151060 28 0.015911340713500977
decode: 28 0 151088 28 0.015868425369262695
decode: 28 0 151116 28 0.015850067138671875
decode: 28 0 151144 28 0.01585102081298828
decode: 28 0 151172 28 0.015906333923339844
decode: 28 0 151200 28 0.01589369773864746
decode: 28 0 151228 28 0.01583695411682129
decode: 28 0 151256 28 0.01582503318786621
decode: 28 0 151284 28 0.015906333923339844
decode: 28 0 151312 28 0.01590561866760254
decode: 28 0 151340 28 0.015903711318969727
decode: 28 0 151368 28 0.015858888626098633
decode: 28 0 151396 28 0.015928030014038086
decode: 28 0 151424 28 0.015906333923339844
decode: 28 0 151452 28 0.0159299373626709
decode: 28 0 151480 28 0.015897035598754883
decode: 28 0 151508 28 0.015848159790039062
decode: 28 0 151536 28 0.01592421531677246
decode: 28 0 151564 28 0.015871047973632812
decode: 28 0 151592 28 0.01592731475830078
decode: 28 0 151620 28 0.0159304141998291
decode: 28 0 151648 28 0.015903234481811523
decode: 28 0 151676 28 0.015880823135375977
decode: 28 0 151704 28 0.015872716903686523
decode: 28 0 151732 28 0.01592421531677246
decode: 28 0 151760 28 0.015906333923339844
decode: 28 0 151788 28 0.015929698944091797
decode: 28 0 151816 28 0.01584625244140625
decode: 28 0 151844 28 0.015913963317871094
decode: 28 0 151872 28 0.0159912109375
decode: 28 0 151900 28 0.015988826751708984
decode: 28 0 151928 28 0.015961885452270508
decode: 28 0 151956 28 0.015932083129882812
decode: 27 0 145761 27 0.01540827751159668
decode: 27 0 145788 27 0.015514373779296875
decode: 27 0 145815 27 0.015508174896240234
decode: 27 0 145842 27 0.015398979187011719
decode: 27 0 145869 27 0.0154266357421875
decode: 27 0 145896 27 0.01546478271484375
decode: 27 0 145923 27 0.015515565872192383
decode: 27 0 145950 27 0.01542973518371582
decode: 27 0 145977 27 0.015465259552001953
decode: 27 0 146004 27 0.01547694206237793
decode: 27 0 146031 27 0.015472888946533203
decode: 27 0 146058 27 0.015487909317016602
decode: 27 0 146085 27 0.015503644943237305
decode: 27 0 146112 27 0.015479803085327148
decode: 27 0 146139 27 0.015464544296264648
decode: 27 0 146166 27 0.015510082244873047
decode: 27 0 146193 27 0.01547551155090332
decode: 27 0 146220 27 0.015531301498413086
decode: 27 0 146247 27 0.015465021133422852
decode: 27 0 146274 27 0.015533447265625
decode: 27 0 146301 27 0.015498876571655273
decode: 27 0 146328 27 0.015512704849243164
decode: 27 0 146355 27 0.01553201675415039
decode: 27 0 146382 27 0.015490293502807617
decode: 27 0 146409 27 0.015477180480957031
decode: 27 0 146436 27 0.01558995246887207
decode: 27 0 146463 27 0.015505313873291016
decode: 27 0 146490 27 0.015505075454711914
decode: 27 0 146517 27 0.015527486801147461
decode: 27 0 146544 27 0.015477657318115234
decode: 27 0 146571 27 0.015471935272216797
decode: 27 0 146598 27 0.015569925308227539
decode: 27 0 146625 27 0.015472650527954102
decode: 27 0 146652 27 0.015552759170532227
decode: 27 0 146679 27 0.015510320663452148
decode: 27 0 146706 27 0.015593290328979492
decode: 27 0 146733 27 0.015542030334472656
decode: 27 0 146760 27 0.015573501586914062
decode: 27 0 146787 27 0.015507936477661133
decode: 27 0 146814 27 0.015589237213134766
decode: 26 0 140365 26 0.015046358108520508
decode: 26 0 140391 26 0.015089273452758789
decode: 26 0 140417 26 0.015065908432006836
decode: 26 0 140443 26 0.01501154899597168
decode: 26 0 140469 26 0.015061616897583008
decode: 26 0 140495 26 0.015073299407958984
decode: 26 0 140521 26 0.015033960342407227
decode: 26 0 140547 26 0.015037298202514648
decode: 26 0 140573 26 0.015079498291015625
decode: 26 0 140599 26 0.015130758285522461
decode: 26 0 140625 26 0.015061140060424805
decode: 26 0 140651 26 0.015070676803588867
decode: 26 0 140677 26 0.015038490295410156
decode: 26 0 140703 26 0.015053510665893555
decode: 26 0 140729 26 0.01503133773803711
decode: 26 0 140755 26 0.01507568359375
decode: 26 0 140781 26 0.015031099319458008
decode: 26 0 140807 26 0.01507711410522461
decode: 26 0 140833 26 0.015078544616699219
decode: 26 0 140859 26 0.015007257461547852
decode: 26 0 140885 26 0.01506495475769043
decode: 26 0 140911 26 0.01506805419921875
decode: 26 0 140937 26 0.015047550201416016
decode: 26 0 140963 26 0.015034914016723633
decode: 26 0 140989 26 0.014994144439697266
decode: 26 0 141015 26 0.015039682388305664
decode: 26 0 141041 26 0.014976978302001953
decode: 26 0 141067 26 0.015064477920532227
decode: 26 0 141093 26 0.015064001083374023
decode: 26 0 141119 26 0.015054702758789062
decode: 26 0 141145 26 0.015059471130371094
decode: 26 0 141171 26 0.015082120895385742
decode: 26 0 141197 26 0.015039205551147461
decode: 26 0 141223 26 0.015062093734741211
decode: 26 0 141249 26 0.015001296997070312
decode: 26 0 141275 26 0.015013933181762695
decode: 26 0 141301 26 0.015069246292114258
decode: 26 0 141327 26 0.015070199966430664
decode: 26 0 141353 26 0.015073776245117188
decode: 26 0 141379 26 0.015015602111816406
decode: 26 0 141405 26 0.015127182006835938
decode: 26 0 141431 26 0.01520085334777832
decode: 26 0 141457 26 0.015139579772949219
decode: 26 0 141483 26 0.015107154846191406
decode: 26 0 141509 26 0.01516866683959961
decode: 26 0 141535 26 0.015045642852783203
decode: 26 0 141561 26 0.015068769454956055
decode: 26 0 141587 26 0.01513528823852539
decode: 26 0 141613 26 0.015084981918334961
decode: 26 0 141639 26 0.015127420425415039
decode: 26 0 141665 26 0.015112638473510742
decode: 26 0 141691 26 0.015074729919433594
decode: 26 0 141717 26 0.015123128890991211
decode: 26 0 141743 26 0.015058517456054688
decode: 26 0 141769 26 0.015081167221069336
decode: 26 0 141795 26 0.015052556991577148
decode: 26 0 141821 26 0.015079736709594727
decode: 26 0 141847 26 0.015120506286621094
decode: 26 0 141873 26 0.015133142471313477
decode: 26 0 141899 26 0.015076637268066406
decode: 26 0 141925 26 0.015120267868041992
decode: 26 0 141951 26 0.015127182006835938
decode: 26 0 141977 26 0.015120267868041992
decode: 26 0 142003 26 0.015084981918334961
decode: 26 0 142029 26 0.015064716339111328
decode: 26 0 142055 26 0.015039443969726562
decode: 26 0 142081 26 0.015072345733642578
decode: 26 0 142107 26 0.01506805419921875
decode: 26 0 142133 26 0.015129804611206055
decode: 25 0 137972 25 0.015030860900878906
decode: 25 0 137997 25 0.015034914016723633
decode: 25 0 138022 25 0.015017271041870117
decode: 25 0 138047 25 0.015050411224365234
decode: 25 0 138072 25 0.015011072158813477
decode: 25 0 138097 25 0.01503443717956543
decode: 25 0 138122 25 0.0149993896484375
decode: 25 0 138147 25 0.015016317367553711
decode: 25 0 138172 25 0.01501917839050293
decode: 25 0 138197 25 0.015021085739135742
decode: 25 0 138222 25 0.015089750289916992
decode: 25 0 138247 25 0.015014171600341797
decode: 25 0 138272 25 0.015121221542358398
decode: 25 0 138297 25 0.015089988708496094
decode: 25 0 138322 25 0.015120744705200195
decode: 25 0 138347 25 0.015128850936889648
decode: 25 0 138372 25 0.015030384063720703
decode: 25 0 138397 25 0.015117645263671875
decode: 25 0 138422 25 0.015133380889892578
decode: 25 0 138447 25 0.015172243118286133
decode: 25 0 138472 25 0.015055656433105469
decode: 25 0 138497 25 0.015144824981689453
decode: 25 0 138522 25 0.015111207962036133
decode: 25 0 138547 25 0.015153169631958008
decode: 25 0 138572 25 0.015057563781738281
decode: 25 0 138597 25 0.015061616897583008
decode: 25 0 138622 25 0.01515507698059082
decode: 25 0 138647 25 0.015190839767456055
decode: 25 0 138672 25 0.015084505081176758
decode: 25 0 138697 25 0.015191793441772461
decode: 25 0 138722 25 0.01514887809753418
decode: 25 0 138747 25 0.015197038650512695
decode: 25 0 138772 25 0.01509547233581543
decode: 25 0 138797 25 0.015126466751098633
decode: 25 0 138822 25 0.015123844146728516
decode: 25 0 138847 25 0.015122175216674805
decode: 25 0 138872 25 0.01506495475769043
decode: 25 0 138897 25 0.015159368515014648
decode: 25 0 138922 25 0.015122652053833008
decode: 25 0 138947 25 0.015118122100830078
decode: 25 0 138972 25 0.015101909637451172
decode: 25 0 138997 25 0.015167713165283203
decode: 25 0 139022 25 0.015131235122680664
decode: 25 0 139047 25 0.015067338943481445
decode: 25 0 139072 25 0.015069723129272461
decode: 25 0 139097 25 0.015144109725952148
decode: 25 0 139122 25 0.015133142471313477
decode: 25 0 139147 25 0.01516866683959961
decode: 25 0 139172 25 0.015091180801391602
decode: 24 0 133518 24 0.014294862747192383
decode: 24 0 133542 24 0.014245986938476562
decode: 24 0 133566 24 0.014261245727539062
decode: 24 0 133590 24 0.014285802841186523
decode: 24 0 133614 24 0.01427316665649414
decode: 24 0 133638 24 0.014254570007324219
decode: 24 0 133662 24 0.014286518096923828
decode: 24 0 133686 24 0.014310121536254883
decode: 24 0 133710 24 0.014309167861938477
decode: 24 0 133734 24 0.01429891586303711
decode: 24 0 133758 24 0.014304637908935547
decode: 24 0 133782 24 0.014292001724243164
decode: 24 0 133806 24 0.014302492141723633
decode: 24 0 133830 24 0.01427006721496582
decode: 24 0 133854 24 0.014358043670654297
decode: 24 0 133878 24 0.014334917068481445
decode: 24 0 133902 24 0.014298677444458008
decode: 24 0 133926 24 0.0142669677734375
decode: 23 0 131213 23 0.014186382293701172
decode: 23 0 131236 23 0.014167070388793945
decode: 23 0 131259 23 0.014276742935180664
decode: 23 0 131282 23 0.014227151870727539
decode: 23 0 131305 23 0.014209985733032227
decode: 23 0 131328 23 0.014178991317749023
decode: 23 0 131351 23 0.014172792434692383
decode: 23 0 131374 23 0.014155387878417969
decode: 23 0 131397 23 0.014200448989868164
decode: 23 0 131420 23 0.014145135879516602
decode: 23 0 131443 23 0.014168262481689453
decode: 23 0 131466 23 0.014168262481689453
decode: 23 0 131489 23 0.01422262191772461
decode: 23 0 131512 23 0.014195680618286133
decode: 23 0 131535 23 0.014209508895874023
decode: 23 0 131558 23 0.01417088508605957
decode: 23 0 131581 23 0.014374017715454102
decode: 23 0 131604 23 0.014199495315551758
decode: 23 0 131627 23 0.014208793640136719
decode: 23 0 131650 23 0.014205694198608398
decode: 23 0 131673 23 0.014328956604003906
decode: 22 0 124523 22 0.013976573944091797
decode: 22 0 124545 22 0.013994693756103516
decode: 22 0 124567 22 0.013981103897094727
decode: 22 0 124589 22 0.014218568801879883
decode: 22 0 124611 22 0.014004230499267578
decode: 22 0 124633 22 0.014018535614013672
decode: 22 0 124655 22 0.01397252082824707
decode: 22 0 124677 22 0.014013290405273438
decode: 22 0 124699 22 0.013941526412963867
decode: 22 0 124721 22 0.01400136947631836
decode: 22 0 124743 22 0.013977289199829102
decode: 21 0 117743 21 0.013822317123413086
decode: 21 0 117764 21 0.013828277587890625
decode: 21 0 117785 21 0.013900279998779297
decode: 21 0 117806 21 0.013811349868774414
decode: 21 0 117827 21 0.01414346694946289
decode: 21 0 117848 21 0.01379251480102539
decode: 21 0 117869 21 0.014081716537475586
decode: 21 0 117890 21 0.013797283172607422
decode: 21 0 117911 21 0.014098882675170898
decode: 21 0 117932 21 0.013813257217407227
decode: 21 0 117953 21 0.014074563980102539
decode: 21 0 117974 21 0.013821840286254883
decode: 21 0 117995 21 0.014065980911254883
decode: 20 0 109580 20 0.013243913650512695
decode: 20 0 109600 20 0.013473033905029297
decode: 20 0 109620 20 0.01323390007019043
decode: 20 0 109640 20 0.013478755950927734
decode: 20 0 109660 20 0.013271808624267578
decode: 20 0 109680 20 0.013552188873291016
decode: 20 0 109700 20 0.013247966766357422
decode: 20 0 109720 20 0.013527154922485352
decode: 20 0 109740 20 0.013269662857055664
decode: 20 0 109760 20 0.013522148132324219
decode: 20 0 109780 20 0.013408660888671875
decode: 20 0 109800 20 0.01338958740234375
decode: 20 0 109820 20 0.013209819793701172
decode: 20 0 109840 20 0.0131988525390625
decode: 20 0 109860 20 0.013355016708374023
decode: 20 0 109880 20 0.013226509094238281
decode: 20 0 109900 20 0.013478755950927734
decode: 20 0 109920 20 0.013262510299682617
decode: 20 0 109940 20 0.013469457626342773
decode: 20 0 109960 20 0.013250589370727539
decode: 20 0 109980 20 0.013510704040527344
decode: 20 0 110000 20 0.013247966766357422
decode: 20 0 110020 20 0.013575315475463867
decode: 20 0 110040 20 0.013246774673461914
decode: 20 0 110060 20 0.013552188873291016
decode: 20 0 110080 20 0.013266801834106445
decode: 19 0 106663 19 0.013074874877929688
decode: 19 0 106682 19 0.013004302978515625
decode: 19 0 106701 19 0.013348817825317383
decode: 19 0 106720 19 0.013027667999267578
decode: 19 0 106739 19 0.013307809829711914
decode: 19 0 106758 19 0.013017892837524414
decode: 19 0 106777 19 0.013326883316040039
decode: 19 0 106796 19 0.012975692749023438
decode: 19 0 106815 19 0.01329183578491211
decode: 19 0 106834 19 0.013045549392700195
decode: 19 0 106853 19 0.013297080993652344
decode: 19 0 106872 19 0.012991905212402344
decode: 19 0 106891 19 0.013337135314941406
decode: 19 0 106910 19 0.013030052185058594
decode: 19 0 106929 19 0.013335704803466797
decode: 18 0 97064 18 0.012629985809326172
decode: 18 0 97082 18 0.012937784194946289
decode: 18 0 97100 18 0.012595653533935547
decode: 18 0 97118 18 0.012918472290039062
decode: 18 0 97136 18 0.012932300567626953
decode: 18 0 97154 18 0.01287841796875
decode: 18 0 97172 18 0.012870550155639648
decode: 18 0 97190 18 0.01316523551940918
decode: 18 0 97208 18 0.013002634048461914
decode: 17 0 90350 17 0.012661457061767578
decode: 17 0 90367 17 0.012728691101074219
decode: 16 0 85521 16 0.01210641860961914
decode: 16 0 85537 16 0.011907815933227539
decode: 16 0 85553 16 0.011516332626342773
decode: 16 0 85569 16 0.011536359786987305
decode: 16 0 85585 16 0.011566400527954102
decode: 16 0 85601 16 0.01171731948852539
decode: 16 0 85617 16 0.011817216873168945
decode: 16 0 85633 16 0.01178288459777832
decode: 16 0 85649 16 0.011577606201171875
decode: 16 0 85665 16 0.011515140533447266
decode: 16 0 85681 16 0.011841297149658203
decode: 16 0 85697 16 0.011828184127807617
decode: 15 0 79425 15 0.011614084243774414
decode: 15 0 79440 15 0.011550426483154297
decode: 15 0 79455 15 0.011269092559814453
decode: 15 0 79470 15 0.0116119384765625
decode: 15 0 79485 15 0.011349916458129883
decode: 15 0 79500 15 0.011581659317016602
decode: 15 0 79515 15 0.011546611785888672
decode: 15 0 79530 15 0.01136636734008789
decode: 15 0 79545 15 0.011349916458129883
decode: 15 0 79560 15 0.011387348175048828
decode: 15 0 79575 15 0.011594772338867188
decode: 15 0 79590 15 0.011611223220825195
decode: 15 0 79605 15 0.011424779891967773
decode: 15 0 79620 15 0.011337757110595703
decode: 15 0 79635 15 0.011340856552124023
decode: 15 0 79650 15 0.011586666107177734
decode: 15 0 79665 15 0.011519908905029297
decode: 15 0 79680 15 0.01134490966796875
decode: 15 0 79695 15 0.011316299438476562
decode: 15 0 79710 15 0.011272430419921875
decode: 15 0 79725 15 0.01149129867553711
decode: 15 0 79740 15 0.011571168899536133
decode: 15 0 79755 15 0.011445283889770508
decode: 15 0 79770 15 0.01136326789855957
decode: 15 0 79785 15 0.011795282363891602
decode: 15 0 79800 15 0.011635065078735352
decode: 15 0 79815 15 0.011554241180419922
decode: 15 0 79830 15 0.011420011520385742
decode: 15 0 79845 15 0.011374235153198242
decode: 15 0 79860 15 0.011358499526977539
decode: 15 0 79875 15 0.011570930480957031
decode: 15 0 79890 15 0.011671304702758789
decode: 15 0 79905 15 0.011601448059082031
decode: 15 0 79920 15 0.011359930038452148
decode: 15 0 79935 15 0.011379003524780273
decode: 15 0 79950 15 0.01156759262084961
decode: 15 0 79965 15 0.01156473159790039
decode: 15 0 79980 15 0.011324405670166016
decode: 15 0 79995 15 0.011332035064697266
decode: 15 0 80010 15 0.011350631713867188
decode: 15 0 80025 15 0.01153564453125
decode: 15 0 80040 15 0.011435270309448242
decode: 15 0 80055 15 0.01128077507019043
decode: 15 0 80070 15 0.011497259140014648
decode: 15 0 80085 15 0.011338233947753906
decode: 15 0 80100 15 0.011537313461303711
decode: 15 0 80115 15 0.011514663696289062
decode: 15 0 80130 15 0.011353731155395508
decode: 14 0 73471 14 0.011096954345703125
decode: 14 0 73485 14 0.011048555374145508
decode: 14 0 73499 14 0.011259078979492188
decode: 14 0 73513 14 0.01121973991394043
decode: 14 0 73527 14 0.011032581329345703
decode: 14 0 73541 14 0.011267900466918945
decode: 14 0 73555 14 0.011163949966430664
decode: 14 0 73569 14 0.011312484741210938
decode: 14 0 73583 14 0.011225700378417969
decode: 14 0 73597 14 0.010979652404785156
decode: 14 0 73611 14 0.011233091354370117
decode: 14 0 73625 14 0.011205911636352539
decode: 14 0 73639 14 0.01113128662109375
decode: 14 0 73653 14 0.011019468307495117
decode: 14 0 73667 14 0.01107931137084961
decode: 14 0 73681 14 0.011300325393676758
decode: 14 0 73695 14 0.011061906814575195
decode: 14 0 73709 14 0.010993480682373047
decode: 14 0 73723 14 0.011180639266967773
decode: 14 0 73737 14 0.011126041412353516
decode: 14 0 73751 14 0.011036396026611328
decode: 14 0 73765 14 0.010989665985107422
decode: 14 0 73779 14 0.011031150817871094
decode: 14 0 73793 14 0.011133432388305664
decode: 14 0 73807 14 0.011322021484375
decode: 14 0 73821 14 0.01105809211730957
decode: 14 0 73835 14 0.011441707611083984
decode: 14 0 73849 14 0.011337041854858398
decode: 14 0 73863 14 0.011305093765258789
decode: 14 0 73877 14 0.011068344116210938
decode: 14 0 73891 14 0.011063814163208008
decode: 14 0 73905 14 0.011237382888793945
decode: 14 0 73919 14 0.011326313018798828
decode: 14 0 73933 14 0.011008024215698242
decode: 14 0 73947 14 0.011183977127075195
decode: 14 0 73961 14 0.011218786239624023
decode: 14 0 73975 14 0.010990142822265625
decode: 14 0 73989 14 0.011067628860473633
decode: 14 0 74003 14 0.011116743087768555
decode: 14 0 74017 14 0.011330604553222656
decode: 14 0 74031 14 0.011232137680053711
decode: 14 0 74045 14 0.011087179183959961
decode: 14 0 74059 14 0.011379003524780273
decode: 14 0 74073 14 0.01121211051940918
decode: 14 0 74087 14 0.011205673217773438
decode: 14 0 74101 14 0.011063098907470703
decode: 14 0 74115 14 0.011072874069213867
decode: 14 0 74129 14 0.011202573776245117
decode: 14 0 74143 14 0.011069774627685547
decode: 14 0 74157 14 0.011010169982910156
decode: 14 0 74171 14 0.011146783828735352
decode: 14 0 74185 14 0.011219024658203125
decode: 13 0 70314 13 0.01091313362121582
decode: 13 0 70327 13 0.010910749435424805
decode: 13 0 70340 13 0.010895729064941406
decode: 13 0 70353 13 0.010869503021240234
decode: 13 0 70366 13 0.010872364044189453
decode: 13 0 70379 13 0.010852813720703125
decode: 13 0 70392 13 0.010881185531616211
decode: 13 0 70405 13 0.010976791381835938
decode: 13 0 70418 13 0.01104879379272461
decode: 13 0 70431 13 0.010940074920654297
decode: 13 0 70444 13 0.010918617248535156
decode: 13 0 70457 13 0.010936260223388672
decode: 12 0 67562 12 0.010715246200561523
decode: 12 0 67574 12 0.010656118392944336
decode: 11 0 64441 11 0.010560750961303711
decode: 11 0 64452 11 0.010614871978759766
decode: 11 0 64463 11 0.010587453842163086
decode: 11 0 64474 11 0.01055908203125
decode: 11 0 64485 11 0.010556936264038086
decode: 11 0 64496 11 0.010591745376586914
decode: 11 0 64507 11 0.010563135147094727
decode: 11 0 64518 11 0.010564088821411133
decode: 11 0 64529 11 0.010519266128540039
decode: 11 0 64540 11 0.010527610778808594
decode: 11 0 64551 11 0.010549068450927734
decode: 11 0 64562 11 0.010523557662963867
decode: 11 0 64573 11 0.010579347610473633
decode: 11 0 64584 11 0.010541915893554688
decode: 11 0 64595 11 0.010744094848632812
decode: 11 0 64606 11 0.010751724243164062
decode: 11 0 64617 11 0.010651826858520508
decode: 11 0 64628 11 0.010623693466186523
decode: 11 0 64639 11 0.010626077651977539
decode: 11 0 64650 11 0.010739564895629883
decode: 11 0 64661 11 0.010622739791870117
decode: 11 0 64672 11 0.010617256164550781
decode: 11 0 64683 11 0.010749578475952148
decode: 11 0 64694 11 0.010553121566772461
decode: 11 0 64705 11 0.010590314865112305
decode: 11 0 64716 11 0.010689020156860352
decode: 11 0 64727 11 0.010833263397216797
decode: 11 0 64738 11 0.010535240173339844
decode: 11 0 64749 11 0.010702848434448242
decode: 11 0 64760 11 0.010734081268310547
decode: 11 0 64771 11 0.010577201843261719
decode: 11 0 64782 11 0.010739803314208984
decode: 11 0 64793 11 0.010733604431152344
decode: 11 0 64804 11 0.010600805282592773
decode: 11 0 64815 11 0.01064610481262207
decode: 10 0 61024 10 0.010425329208374023
decode: 10 0 61034 10 0.010675191879272461
decode: 10 0 61044 10 0.010415077209472656
decode: 10 0 61054 10 0.010419845581054688
decode: 10 0 61064 10 0.010553836822509766
decode: 10 0 61074 10 0.01041722297668457
decode: 10 0 61084 10 0.01040339469909668
decode: 10 0 61094 10 0.010563373565673828
decode: 10 0 61104 10 0.010437726974487305
decode: 10 0 61114 10 0.010417699813842773
decode: 10 0 61124 10 0.010566949844360352
decode: 10 0 61134 10 0.010427236557006836
decode: 10 0 61144 10 0.010437488555908203
decode: 10 0 61154 10 0.010579347610473633
decode: 9 0 53715 9 0.01035308837890625
decode: 9 0 53724 9 0.01013040542602539
decode: 9 0 53733 9 0.010311365127563477
decode: 9 0 53742 9 0.010155916213989258
decode: 9 0 53751 9 0.010120868682861328
decode: 9 0 53760 9 0.010257244110107422
decode: 9 0 53769 9 0.010133504867553711
decode: 9 0 53778 9 0.010151863098144531
decode: 9 0 53787 9 0.010299205780029297
decode: 9 0 53796 9 0.010153770446777344
decode: 9 0 53805 9 0.010129451751708984
decode: 9 0 53814 9 0.010268688201904297
decode: 8 0 46724 8 0.009648799896240234
decode: 8 0 46732 8 0.009573698043823242
decode: 8 0 46740 8 0.009701967239379883
decode: 8 0 46748 8 0.009584426879882812
decode: 8 0 46756 8 0.009716033935546875
decode: 8 0 46764 8 0.009689807891845703
decode: 8 0 46772 8 0.009584903717041016
decode: 8 0 46780 8 0.009681940078735352
decode: 8 0 46788 8 0.00962686538696289
decode: 8 0 46796 8 0.009737253189086914
decode: 8 0 46804 8 0.009691476821899414
decode: 8 0 46812 8 0.009543895721435547
decode: 8 0 46820 8 0.009680747985839844
decode: 8 0 46828 8 0.009648799896240234
decode: 8 0 46836 8 0.00954127311706543
decode: 8 0 46844 8 0.009759664535522461
decode: 8 0 46852 8 0.00955653190612793
decode: 8 0 46860 8 0.009548425674438477
decode: 8 0 46868 8 0.009637594223022461
decode: 8 0 46876 8 0.009577035903930664
decode: 8 0 46884 8 0.009653091430664062
decode: 8 0 46892 8 0.009584665298461914
decode: 8 0 46900 8 0.009627819061279297
decode: 8 0 46908 8 0.009719610214233398
decode: 8 0 46916 8 0.009562253952026367
decode: 8 0 46924 8 0.009689569473266602
decode: 8 0 46932 8 0.009659051895141602
decode: 8 0 46940 8 0.00956869125366211
decode: 7 0 38039 7 0.009318113327026367
decode: 7 0 38046 7 0.00925755500793457
decode: 7 0 38053 7 0.009127140045166016
decode: 7 0 38060 7 0.009250640869140625
decode: 7 0 38067 7 0.009121894836425781
decode: 7 0 38074 7 0.009140968322753906
decode: 7 0 38081 7 0.009186267852783203
decode: 7 0 38088 7 0.009252786636352539
decode: 7 0 38095 7 0.009284019470214844
decode: 7 0 38102 7 0.009150028228759766
decode: 7 0 38109 7 0.009307861328125
decode: 7 0 38116 7 0.009273052215576172
decode: 7 0 38123 7 0.00912022590637207
decode: 7 0 38130 7 0.009268999099731445
decode: 7 0 38137 7 0.00916600227355957
decode: 7 0 38144 7 0.009148120880126953
decode: 7 0 38151 7 0.009311914443969727
decode: 7 0 38158 7 0.00911855697631836
decode: 7 0 38165 7 0.009248495101928711
decode: 7 0 38172 7 0.009136199951171875
decode: 7 0 38179 7 0.009298086166381836
decode: 7 0 38186 7 0.009298086166381836
decode: 7 0 38193 7 0.009145498275756836
decode: 7 0 38200 7 0.009252309799194336
decode: 7 0 38207 7 0.009372234344482422
decode: 7 0 38214 7 0.009132623672485352
decode: 7 0 38221 7 0.009305238723754883
decode: 7 0 38228 7 0.009175777435302734
decode: 7 0 38235 7 0.009259700775146484
decode: 7 0 38242 7 0.009229421615600586
decode: 7 0 38249 7 0.009217977523803711
decode: 7 0 38256 7 0.00926351547241211
decode: 7 0 38263 7 0.0091400146484375
decode: 7 0 38270 7 0.009362936019897461
decode: 7 0 38277 7 0.00931239128112793
decode: 7 0 38284 7 0.009132623672485352
decode: 7 0 38291 7 0.00924539566040039
decode: 7 0 38298 7 0.009131193161010742
decode: 7 0 38305 7 0.009147405624389648
decode: 7 0 38312 7 0.009192466735839844
decode: 7 0 38319 7 0.009281396865844727
decode: 7 0 38326 7 0.00928187370300293
decode: 7 0 38333 7 0.009148120880126953
decode: 7 0 38340 7 0.009371519088745117
decode: 7 0 38347 7 0.009325265884399414
decode: 7 0 38354 7 0.00914621353149414
decode: 7 0 38361 7 0.009313106536865234
decode: 7 0 38368 7 0.009142398834228516
decode: 7 0 38375 7 0.009132623672485352
decode: 7 0 38382 7 0.00923609733581543
decode: 7 0 38389 7 0.009175777435302734
decode: 7 0 38396 7 0.00927114486694336
decode: 7 0 38403 7 0.009178876876831055
decode: 7 0 38410 7 0.00930166244506836
decode: 7 0 38417 7 0.009270191192626953
decode: 7 0 38424 7 0.009120941162109375
decode: 7 0 38431 7 0.009230613708496094
decode: 7 0 38438 7 0.009140968322753906
decode: 7 0 38445 7 0.009212255477905273
decode: 7 0 38452 7 0.009165287017822266
decode: 7 0 38459 7 0.009292125701904297
decode: 7 0 38466 7 0.009367227554321289
decode: 7 0 38473 7 0.0091400146484375
decode: 7 0 38480 7 0.009283065795898438
decode: 7 0 38487 7 0.009248733520507812
decode: 7 0 38494 7 0.009136438369750977
decode: 7 0 38501 7 0.009296894073486328
decode: 7 0 38508 7 0.009142637252807617
decode: 7 0 38515 7 0.009148597717285156
decode: 7 0 38522 7 0.009202957153320312
decode: 7 0 38529 7 0.009133338928222656
decode: 7 0 38536 7 0.009329557418823242
decode: 7 0 38543 7 0.009126901626586914
decode: 7 0 38550 7 0.009271621704101562
decode: 7 0 38557 7 0.00942683219909668
decode: 7 0 38564 7 0.009128332138061523
decode: 7 0 38571 7 0.009250879287719727
decode: 7 0 38578 7 0.009128093719482422
decode: 7 0 38585 7 0.009263038635253906
decode: 7 0 38592 7 0.009186506271362305
decode: 7 0 38599 7 0.009267807006835938
decode: 6 0 34286 6 0.009070873260498047
decode: 6 0 34292 6 0.00896763801574707
decode: 6 0 34298 6 0.009108781814575195
decode: 6 0 34304 6 0.008952856063842773
decode: 6 0 34310 6 0.008975028991699219
decode: 6 0 34316 6 0.00903773307800293
decode: 6 0 34322 6 0.009036779403686523
decode: 6 0 34328 6 0.009075403213500977
decode: 6 0 34334 6 0.008965253829956055
decode: 6 0 34340 6 0.009174108505249023
decode: 6 0 34346 6 0.008959770202636719
decode: 6 0 34352 6 0.008967161178588867
decode: 6 0 34358 6 0.009034395217895508
decode: 6 0 34364 6 0.009012222290039062
decode: 6 0 34370 6 0.009073495864868164
decode: 6 0 34376 6 0.008948564529418945
decode: 6 0 34382 6 0.009051799774169922
decode: 6 0 34388 6 0.008972644805908203
decode: 6 0 34394 6 0.008973121643066406
decode: 6 0 34400 6 0.00906682014465332
decode: 6 0 34406 6 0.009001731872558594
decode: 6 0 34412 6 0.009056568145751953
decode: 6 0 34418 6 0.008945703506469727
decode: 6 0 34424 6 0.009066104888916016
decode: 6 0 34430 6 0.009009838104248047
decode: 6 0 34436 6 0.008949995040893555
decode: 6 0 34442 6 0.009050369262695312
decode: 6 0 34448 6 0.00899958610534668
decode: 6 0 34454 6 0.009073495864868164
decode: 6 0 34460 6 0.008978605270385742
decode: 6 0 34466 6 0.009075403213500977
decode: 6 0 34472 6 0.009057044982910156
decode: 6 0 34478 6 0.008949041366577148
decode: 6 0 34484 6 0.0091094970703125
decode: 6 0 34490 6 0.008961915969848633
decode: 6 0 34496 6 0.009064435958862305
decode: 6 0 34502 6 0.008966684341430664
decode: 6 0 34508 6 0.009057760238647461
decode: 6 0 34514 6 0.009056329727172852
decode: 6 0 34520 6 0.008966207504272461
decode: 6 0 34526 6 0.009126901626586914
decode: 6 0 34532 6 0.00900578498840332
decode: 6 0 34538 6 0.009105443954467773
decode: 6 0 34544 6 0.009048700332641602
decode: 6 0 34550 6 0.009097099304199219
decode: 6 0 34556 6 0.009144306182861328
decode: 6 0 34562 6 0.008998632431030273
decode: 6 0 34568 6 0.009202718734741211
decode: 6 0 34574 6 0.009048938751220703
decode: 6 0 34580 6 0.009015083312988281
decode: 6 0 34586 6 0.009105682373046875
decode: 6 0 34592 6 0.009015083312988281
decode: 6 0 34598 6 0.009164810180664062
decode: 6 0 34604 6 0.009025812149047852
decode: 6 0 34610 6 0.009227752685546875
decode: 6 0 34616 6 0.009181976318359375
decode: 6 0 34622 6 0.009001731872558594
decode: 6 0 34628 6 0.009119033813476562
decode: 6 0 34634 6 0.009007453918457031
decode: 6 0 34640 6 0.009038925170898438
decode: 6 0 34646 6 0.009034872055053711
decode: 6 0 34652 6 0.00922703742980957
decode: 6 0 34658 6 0.009178638458251953
decode: 6 0 34664 6 0.009006500244140625
decode: 6 0 34670 6 0.009188413619995117
decode: 6 0 34676 6 0.009118318557739258
decode: 6 0 34682 6 0.009001970291137695
decode: 6 0 34688 6 0.009122610092163086
decode: 6 0 34694 6 0.009059429168701172
decode: 6 0 34700 6 0.009156942367553711
decode: 6 0 34706 6 0.009004831314086914
decode: 6 0 34712 6 0.009125947952270508
decode: 6 0 34718 6 0.009250640869140625
decode: 6 0 34724 6 0.00900888442993164
decode: 6 0 34730 6 0.009166955947875977
decode: 6 0 34736 6 0.008990764617919922
decode: 6 0 34742 6 0.009003400802612305
decode: 6 0 34748 6 0.009072303771972656
decode: 6 0 34754 6 0.009084224700927734
decode: 6 0 34760 6 0.00919485092163086
decode: 6 0 34766 6 0.009006500244140625
decode: 6 0 34772 6 0.009188652038574219
decode: 6 0 34778 6 0.009024858474731445
decode: 6 0 34784 6 0.009008169174194336
decode: 6 0 34790 6 0.009121894836425781
decode: 6 0 34796 6 0.008997678756713867
decode: 6 0 34802 6 0.009253740310668945
decode: 6 0 34808 6 0.00903940200805664
decode: 6 0 34814 6 0.009166955947875977
decode: 6 0 34820 6 0.009162664413452148
decode: 6 0 34826 6 0.00899648666381836
decode: 6 0 34832 6 0.009101390838623047
decode: 6 0 34838 6 0.008998394012451172
decode: 6 0 34844 6 0.009011030197143555
decode: 6 0 34850 6 0.009175539016723633
decode: 6 0 34856 6 0.00909566879272461
decode: 5 0 31837 5 0.008974552154541016
decode: 5 0 31842 5 0.008884429931640625
decode: 5 0 31847 5 0.009040117263793945
decode: 5 0 31852 5 0.00896596908569336
decode: 5 0 31857 5 0.008822202682495117
decode: 5 0 31862 5 0.008972883224487305
decode: 5 0 31867 5 0.008825063705444336
decode: 5 0 31872 5 0.008893966674804688
decode: 5 0 31877 5 0.008905887603759766
decode: 5 0 31882 5 0.00892496109008789
decode: 5 0 31887 5 0.008951663970947266
decode: 5 0 31892 5 0.008847713470458984
decode: 5 0 31897 5 0.008965492248535156
decode: 5 0 31902 5 0.008831977844238281
decode: 5 0 31907 5 0.008817672729492188
decode: 5 0 31912 5 0.008946418762207031
decode: 5 0 31917 5 0.008867979049682617
decode: 5 0 31922 5 0.008953332901000977
decode: 5 0 31927 5 0.008828163146972656
decode: 5 0 31932 5 0.009013891220092773
decode: 5 0 31937 5 0.008844375610351562
decode: 5 0 31942 5 0.008845090866088867
decode: 5 0 31947 5 0.009006500244140625
decode: 5 0 31952 5 0.00884556770324707
decode: 5 0 31957 5 0.00899195671081543
decode: 5 0 31962 5 0.00892186164855957
decode: 5 0 31967 5 0.00908207893371582
decode: 5 0 31972 5 0.009008169174194336
decode: 5 0 31977 5 0.008839845657348633
decode: 5 0 31982 5 0.008978843688964844
decode: 5 0 31987 5 0.008833885192871094
decode: 5 0 31992 5 0.008840322494506836
decode: 5 0 31997 5 0.008879661560058594
decode: 5 0 32002 5 0.009048938751220703
decode: 5 0 32007 5 0.00901174545288086
decode: 5 0 32012 5 0.00883936882019043
decode: 5 0 32017 5 0.00897073745727539
decode: 5 0 32022 5 0.008841276168823242
decode: 5 0 32027 5 0.00882411003112793
decode: 5 0 32032 5 0.008898735046386719
decode: 5 0 32037 5 0.009027719497680664
decode: 5 0 32042 5 0.009016752243041992
decode: 5 0 32047 5 0.00883936882019043
decode: 5 0 32052 5 0.009002447128295898
decode: 5 0 32057 5 0.0089263916015625
decode: 5 0 32062 5 0.008810997009277344
decode: 5 0 32067 5 0.009018421173095703
decode: 5 0 32072 5 0.008845090866088867
decode: 5 0 32077 5 0.00899815559387207
decode: 5 0 32082 5 0.008838891983032227
decode: 5 0 32087 5 0.008957624435424805
decode: 4 0 23357 4 0.00859522819519043
decode: 4 0 23361 4 0.008320093154907227
decode: 4 0 23365 4 0.008469820022583008
decode: 4 0 23369 4 0.00832223892211914
decode: 4 0 23373 4 0.00842905044555664
decode: 4 0 23377 4 0.00830984115600586
decode: 4 0 23381 4 0.008421659469604492
decode: 4 0 23385 4 0.008290290832519531
decode: 4 0 23389 4 0.008318901062011719
decode: 4 0 23393 4 0.008307456970214844
decode: 4 0 23397 4 0.008433341979980469
decode: 4 0 23401 4 0.008474111557006836
decode: 4 0 23405 4 0.008303403854370117
decode: 4 0 23409 4 0.008339881896972656
decode: 4 0 23413 4 0.008420228958129883
decode: 4 0 23417 4 0.008410453796386719
decode: 4 0 23421 4 0.008291482925415039
decode: 4 0 23425 4 0.00841522216796875
decode: 4 0 23429 4 0.008322000503540039
decode: 4 0 23433 4 0.008412361145019531
decode: 4 0 23437 4 0.00830841064453125
decode: 4 0 23441 4 0.008403539657592773
decode: 4 0 23445 4 0.008286476135253906
decode: 4 0 23449 4 0.00831294059753418
decode: 4 0 23453 4 0.008316755294799805
decode: 4 0 23457 4 0.008424520492553711
decode: 4 0 23461 4 0.008425712585449219
decode: 4 0 23465 4 0.008302688598632812
decode: 4 0 23469 4 0.008322954177856445
decode: 4 0 23473 4 0.008348941802978516
decode: 4 0 23477 4 0.008529424667358398
decode: 4 0 23481 4 0.008296966552734375
decode: 4 0 23485 4 0.008466958999633789
decode: 4 0 23489 4 0.008319854736328125
decode: 4 0 23493 4 0.008413314819335938
decode: 4 0 23497 4 0.008301019668579102
decode: 4 0 23501 4 0.008379697799682617
decode: 4 0 23505 4 0.008287429809570312
decode: 4 0 23509 4 0.008294820785522461
decode: 4 0 23513 4 0.00832223892211914
decode: 4 0 23517 4 0.008432388305664062
decode: 4 0 23521 4 0.008432626724243164
decode: 4 0 23525 4 0.008292675018310547
decode: 4 0 23529 4 0.008390665054321289
decode: 4 0 23533 4 0.008312225341796875
decode: 4 0 23537 4 0.008420467376708984
decode: 4 0 23541 4 0.008308172225952148
decode: 4 0 23545 4 0.00846719741821289
decode: 4 0 23549 4 0.008305072784423828
decode: 4 0 23553 4 0.0084075927734375
decode: 4 0 23557 4 0.008314847946166992
decode: 4 0 23561 4 0.008420467376708984
decode: 4 0 23565 4 0.008497953414916992
decode: 4 0 23569 4 0.008293628692626953
decode: 4 0 23573 4 0.008304595947265625
decode: 4 0 23577 4 0.008445501327514648
decode: 4 0 23581 4 0.00845479965209961
decode: 4 0 23585 4 0.008296728134155273
decode: 4 0 23589 4 0.008400201797485352
decode: 4 0 23593 4 0.008292436599731445
decode: 4 0 23597 4 0.008408784866333008
decode: 4 0 23601 4 0.00830531120300293
decode: 4 0 23605 4 0.00846719741821289
decode: 4 0 23609 4 0.008307456970214844
decode: 4 0 23613 4 0.008337259292602539
decode: 4 0 23617 4 0.008390426635742188
decode: 4 0 23621 4 0.008406639099121094
decode: 4 0 23625 4 0.008423328399658203
decode: 4 0 23629 4 0.008336544036865234
decode: 4 0 23633 4 0.008442401885986328
decode: 4 0 23637 4 0.008359432220458984
decode: 4 0 23641 4 0.00843954086303711
decode: 4 0 23645 4 0.008344173431396484
decode: 4 0 23649 4 0.008448123931884766
decode: 4 0 23653 4 0.008330583572387695
decode: 4 0 23657 4 0.00835728645324707
decode: 4 0 23661 4 0.008338451385498047
decode: 4 0 23665 4 0.00848245620727539
decode: 4 0 23669 4 0.00856637954711914
decode: 4 0 23673 4 0.008326292037963867
decode: 4 0 23677 4 0.008476018905639648
decode: 4 0 23681 4 0.008358955383300781
decode: 4 0 23685 4 0.008460044860839844
decode: 4 0 23689 4 0.008333444595336914
decode: 4 0 23693 4 0.008469343185424805
decode: 4 0 23697 4 0.008349180221557617
decode: 4 0 23701 4 0.008450031280517578
decode: 4 0 23705 4 0.00834345817565918
decode: 4 0 23709 4 0.008513212203979492
decode: 4 0 23713 4 0.008476972579956055
decode: 4 0 23717 4 0.0083465576171875
decode: 4 0 23721 4 0.00849461555480957
decode: 4 0 23725 4 0.008383512496948242
decode: 4 0 23729 4 0.008450031280517578
decode: 4 0 23733 4 0.008341789245605469
decode: 4 0 23737 4 0.008423566818237305
decode: 4 0 23741 4 0.008337736129760742
decode: 4 0 23745 4 0.008458375930786133
decode: 4 0 23749 4 0.00834035873413086
decode: 4 0 23753 4 0.00844573974609375
decode: 4 0 23757 4 0.008357048034667969
decode: 4 0 23761 4 0.008428335189819336
decode: 4 0 23765 4 0.00835418701171875
decode: 4 0 23769 4 0.008424758911132812
decode: 4 0 23773 4 0.008550405502319336
decode: 4 0 23777 4 0.00832366943359375
decode: 4 0 23781 4 0.00838613510131836
decode: 4 0 23785 4 0.008425712585449219
decode: 4 0 23789 4 0.008446455001831055
decode: 4 0 23793 4 0.00834345817565918
decode: 4 0 23797 4 0.00845479965209961
decode: 4 0 23801 4 0.008356332778930664
decode: 4 0 23805 4 0.008371829986572266
decode: 4 0 23809 4 0.00834512710571289
decode: 4 0 23813 4 0.008491754531860352
decode: 4 0 23817 4 0.0084991455078125
decode: 4 0 23821 4 0.008334636688232422
decode: 4 0 23825 4 0.008420944213867188
decode: 4 0 23829 4 0.00838017463684082
decode: 4 0 23833 4 0.008451461791992188
decode: 4 0 23837 4 0.008327960968017578
decode: 4 0 23841 4 0.00852346420288086
decode: 4 0 23845 4 0.008351564407348633
decode: 4 0 23849 4 0.008454322814941406
decode: 4 0 23853 4 0.008345365524291992
decode: 4 0 23857 4 0.00848245620727539
decode: 4 0 23861 4 0.00834965705871582
decode: 4 0 23865 4 0.008352518081665039
decode: 4 0 23869 4 0.008393287658691406
decode: 4 0 23873 4 0.008484363555908203
decode: 4 0 23877 4 0.008471965789794922
decode: 4 0 23881 4 0.008330345153808594
decode: 4 0 23885 4 0.008427858352661133
decode: 4 0 23889 4 0.00833272933959961
decode: 4 0 23893 4 0.00852203369140625
decode: 4 0 23897 4 0.008419990539550781
decode: 4 0 23901 4 0.008502006530761719
decode: 4 0 23905 4 0.008402824401855469
decode: 4 0 23909 4 0.008362770080566406
decode: 4 0 23913 4 0.008475303649902344
decode: 4 0 23917 4 0.008449792861938477
decode: 4 0 23921 4 0.008493185043334961
decode: 4 0 23925 4 0.008327960968017578
decode: 4 0 23929 4 0.00847625732421875
decode: 4 0 23933 4 0.008351802825927734
decode: 4 0 23937 4 0.00846409797668457
decode: 4 0 23941 4 0.008345365524291992
decode: 4 0 23945 4 0.008428335189819336
decode: 4 0 23949 4 0.00832986831665039
decode: 4 0 23953 4 0.00833272933959961
decode: 4 0 23957 4 0.008332014083862305
decode: 4 0 23961 4 0.008484125137329102
decode: 4 0 23965 4 0.008574962615966797
decode: 4 0 23969 4 0.008344888687133789
decode: 4 0 23973 4 0.008380413055419922
decode: 4 0 23977 4 0.008400917053222656
decode: 4 0 23981 4 0.008476972579956055
decode: 4 0 23985 4 0.00833892822265625
decode: 4 0 23989 4 0.008542776107788086
decode: 4 0 23993 4 0.008352994918823242
decode: 4 0 23997 4 0.008474349975585938
decode: 4 0 24001 4 0.00839376449584961
decode: 4 0 24005 4 0.008438825607299805
decode: 4 0 24009 4 0.00846409797668457
decode: 4 0 24013 4 0.008337736129760742
decode: 4 0 24017 4 0.0084075927734375
decode: 4 0 24021 4 0.008472442626953125
decode: 4 0 24025 4 0.008453130722045898
decode: 4 0 24029 4 0.008344173431396484
decode: 4 0 24033 4 0.008433103561401367
decode: 4 0 24037 4 0.008332967758178711
decode: 4 0 24041 4 0.00844717025756836
decode: 4 0 24045 4 0.008342981338500977
decode: 4 0 24049 4 0.008459091186523438
decode: 4 0 24053 4 0.008354663848876953
decode: 4 0 24057 4 0.008342981338500977
decode: 4 0 24061 4 0.008443355560302734
decode: 4 0 24065 4 0.008509635925292969
decode: 4 0 24069 4 0.008466243743896484
decode: 4 0 24073 4 0.008372306823730469
decode: 4 0 24077 4 0.008356571197509766
decode: 4 0 24081 4 0.008356809616088867
decode: 4 0 24085 4 0.008328914642333984
decode: 4 0 24089 4 0.008330583572387695
decode: 4 0 24093 4 0.008329391479492188
decode: 4 0 24097 4 0.008325815200805664
decode: 4 0 24101 4 0.008320093154907227
decode: 4 0 24105 4 0.008320093154907227
decode: 4 0 24109 4 0.008329629898071289
decode: 4 0 24113 4 0.008327960968017578
decode: 4 0 24117 4 0.008317232131958008
decode: 4 0 24121 4 0.008334159851074219
decode: 4 0 24125 4 0.008329391479492188
decode: 4 0 24129 4 0.008324861526489258
decode: 4 0 24133 4 0.008318185806274414
decode: 4 0 24137 4 0.008338451385498047
decode: 3 0 18301 3 0.008095026016235352
decode: 3 0 18304 3 0.008089303970336914
decode: 3 0 18307 3 0.008105278015136719
decode: 3 0 18310 3 0.008112192153930664
decode: 3 0 18313 3 0.008081197738647461
decode: 3 0 18316 3 0.008100509643554688
decode: 3 0 18319 3 0.008081197738647461
decode: 3 0 18322 3 0.00811004638671875
decode: 3 0 18325 3 0.008087873458862305
decode: 3 0 18328 3 0.008133172988891602
decode: 3 0 18331 3 0.008083820343017578
decode: 3 0 18334 3 0.008104801177978516
decode: 3 0 18337 3 0.008097171783447266
decode: 3 0 18340 3 0.008095026016235352
decode: 3 0 18343 3 0.008093595504760742
decode: 3 0 18346 3 0.008103370666503906
decode: 3 0 18349 3 0.00809168815612793
decode: 3 0 18352 3 0.008092164993286133
decode: 3 0 18355 3 0.008097648620605469
decode: 3 0 18358 3 0.008091211318969727
decode: 3 0 18361 3 0.008109807968139648
decode: 3 0 18364 3 0.008090019226074219
decode: 3 0 18367 3 0.008102893829345703
decode: 3 0 18370 3 0.008081912994384766
decode: 3 0 18373 3 0.008100271224975586
decode: 3 0 18376 3 0.008108377456665039
decode: 3 0 18379 3 0.008090734481811523
decode: 3 0 18382 3 0.00809335708618164
decode: 3 0 18385 3 0.008104324340820312
decode: 3 0 18388 3 0.008084297180175781
decode: 3 0 18391 3 0.008109569549560547
decode: 3 0 18394 3 0.008087158203125
decode: 3 0 18397 3 0.008083581924438477
decode: 3 0 18400 3 0.008110523223876953
decode: 3 0 18403 3 0.00809168815612793
decode: 3 0 18406 3 0.008095264434814453
decode: 3 0 18409 3 0.008085012435913086
decode: 3 0 18412 3 0.00811457633972168
decode: 3 0 18415 3 0.008147716522216797
decode: 3 0 18418 3 0.008112907409667969
decode: 3 0 18421 3 0.008089780807495117
decode: 3 0 18424 3 0.008101463317871094
decode: 3 0 18427 3 0.008098363876342773
decode: 3 0 18430 3 0.00810861587524414
decode: 3 0 18433 3 0.008095026016235352
decode: 3 0 18436 3 0.008098363876342773
decode: 3 0 18439 3 0.008100509643554688
decode: 3 0 18442 3 0.008109807968139648
decode: 3 0 18445 3 0.008084774017333984
decode: 3 0 18448 3 0.008148908615112305
decode: 3 0 18451 3 0.008087158203125
decode: 3 0 18454 3 0.008092164993286133
decode: 3 0 18457 3 0.008091211318969727
decode: 3 0 18460 3 0.008080244064331055
decode: 3 0 18463 3 0.008081912994384766
decode: 3 0 18466 3 0.008120298385620117
decode: 3 0 18469 3 0.008089780807495117
decode: 3 0 18472 3 0.008110284805297852
decode: 3 0 18475 3 0.008086442947387695
decode: 3 0 18478 3 0.008092164993286133
decode: 3 0 18481 3 0.008101463317871094
decode: 3 0 18484 3 0.008104562759399414
decode: 3 0 18487 3 0.008096694946289062
decode: 3 0 18490 3 0.008102893829345703
decode: 3 0 18493 3 0.008099079132080078
decode: 3 0 18496 3 0.008097171783447266
decode: 3 0 18499 3 0.00810861587524414
decode: 3 0 18502 3 0.008104562759399414
decode: 3 0 18505 3 0.008098602294921875
decode: 3 0 18508 3 0.008099555969238281
decode: 3 0 18511 3 0.008110284805297852
decode: 3 0 18514 3 0.008107900619506836
decode: 3 0 18517 3 0.008080005645751953
decode: 3 0 18520 3 0.008089303970336914
decode: 3 0 18523 3 0.008086204528808594
decode: 3 0 18526 3 0.008096933364868164
decode: 3 0 18529 3 0.00807809829711914
decode: 3 0 18532 3 0.008089065551757812
decode: 3 0 18535 3 0.008084297180175781
decode: 3 0 18538 3 0.008111715316772461
decode: 3 0 18541 3 0.008075714111328125
decode: 3 0 18544 3 0.008098840713500977
decode: 3 0 18547 3 0.008091449737548828
decode: 3 0 18550 3 0.008095264434814453
decode: 3 0 18553 3 0.008083581924438477
decode: 3 0 18556 3 0.008088350296020508
decode: 3 0 18559 3 0.008095264434814453
decode: 3 0 18562 3 0.008089065551757812
decode: 3 0 18565 3 0.00808262825012207
decode: 3 0 18568 3 0.008086919784545898
decode: 3 0 18571 3 0.008081436157226562
decode: 3 0 18574 3 0.008089065551757812
decode: 3 0 18577 3 0.008080005645751953
decode: 3 0 18580 3 0.008088827133178711
decode: 3 0 18583 3 0.008079767227172852
decode: 3 0 18586 3 0.008087396621704102
decode: 2 0 10295 2 0.00780940055847168
decode: 2 0 10297 2 0.0077550411224365234
decode: 2 0 10299 2 0.007732391357421875
decode: 2 0 10301 2 0.0077457427978515625
decode: 2 0 10303 2 0.00773930549621582
decode: 2 0 10305 2 0.007737636566162109
decode: 2 0 10307 2 0.007734775543212891
decode: 2 0 10309 2 0.007754087448120117
decode: 2 0 10311 2 0.007740497589111328
decode: 2 0 10313 2 0.007748842239379883
decode: 2 0 10315 2 0.00774836540222168
decode: 2 0 10317 2 0.0077359676361083984
decode: 2 0 10319 2 0.007738351821899414
decode: 2 0 10321 2 0.00774693489074707
decode: 2 0 10323 2 0.00773930549621582
decode: 2 0 10325 2 0.007736682891845703
decode: 2 0 10327 2 0.007750988006591797
decode: 2 0 10329 2 0.007747173309326172
decode: 2 0 10331 2 0.0077342987060546875
decode: 2 0 10333 2 0.007749795913696289
decode: 2 0 10335 2 0.007743120193481445
decode: 2 0 10337 2 0.007768869400024414
decode: 2 0 10339 2 0.007726430892944336
decode: 2 0 10341 2 0.007765769958496094
decode: 2 0 10343 2 0.00774693489074707
decode: 2 0 10345 2 0.007737636566162109
decode: 2 0 10347 2 0.007745981216430664
decode: 2 0 10349 2 0.00773310661315918
decode: 2 0 10351 2 0.00773930549621582
decode: 2 0 10353 2 0.007734537124633789
decode: 2 0 10355 2 0.007781267166137695
decode: 2 0 10357 2 0.007741689682006836
decode: 2 0 10359 2 0.0077362060546875
decode: 2 0 10361 2 0.0077402591705322266
decode: 2 0 10363 2 0.007741451263427734
decode: 2 0 10365 2 0.007737874984741211
decode: 2 0 10367 2 0.007730007171630859
decode: 2 0 10369 2 0.00775456428527832
decode: 2 0 10371 2 0.007745981216430664
decode: 2 0 10373 2 0.007744312286376953
decode: 1 0 3385 1 0.007307767868041992
decode: 1 0 3386 1 0.0072405338287353516
decode: 1 0 3387 1 0.0072400569915771484
decode: 1 0 3388 1 0.0072481632232666016
decode: 1 0 3389 1 0.007246971130371094
decode: 1 0 3390 1 0.0072290897369384766
decode: 1 0 3391 1 0.007235527038574219
decode: 1 0 3392 1 0.007250308990478516
decode: 1 0 3393 1 0.007236003875732422
decode: 1 0 3394 1 0.00724339485168457
decode: 1 0 3395 1 0.00725865364074707
decode: 1 0 3396 1 0.007252693176269531
decode: 1 0 3397 1 0.0072290897369384766
decode: 1 0 3398 1 0.0072782039642333984
decode: 1 0 3399 1 0.007254123687744141
decode: 1 0 3400 1 0.0072405338287353516
decode: 1 0 3401 1 0.007232189178466797
decode: 1 0 3402 1 0.007256984710693359
decode: 1 0 3403 1 0.00724029541015625
decode: 1 0 3404 1 0.007235527038574219
decode: 1 0 3405 1 0.00725555419921875
decode: 1 0 3406 1 0.007255077362060547
decode: 1 0 3407 1 0.0072476863861083984
decode: 1 0 3408 1 0.007265567779541016
decode: 1 0 3409 1 0.007262706756591797
decode: 1 0 3410 1 0.007238626480102539
decode: 1 0 3411 1 0.007247447967529297
decode: 1 0 3412 1 0.007255077362060547
decode: 1 0 3413 1 0.007256746292114258
decode: 1 0 3414 1 0.007267951965332031
decode: 1 0 3415 1 0.007258892059326172
decode: 1 0 3416 1 0.0072498321533203125
decode: 1 0 3417 1 0.007253170013427734
decode: 1 0 3418 1 0.007250070571899414
decode: 1 0 3419 1 0.007252693176269531
decode: 1 0 3420 1 0.007254362106323242
decode: 1 0 3421 1 0.007286787033081055
decode: 1 0 3422 1 0.007253408432006836
decode: 1 0 3423 1 0.007256031036376953
decode: 1 0 3424 1 0.007241249084472656
decode: 1 0 3425 1 0.007271766662597656
decode: 1 0 3426 1 0.007253170013427734
decode: 1 0 3427 1 0.007264852523803711
decode: 1 0 3428 1 0.0072786808013916016
decode: 1 0 3429 1 0.00726318359375
decode: 1 0 3430 1 0.007262706756591797
decode: 1 0 3431 1 0.007244110107421875
decode: 1 0 3432 1 0.0072824954986572266
decode: 1 0 3433 1 0.007256507873535156
decode: 1 0 3434 1 0.007255077362060547
decode: 1 0 3435 1 0.007289886474609375
decode: 1 0 3436 1 0.007267951965332031
decode: 1 0 3437 1 0.0072553157806396484
decode: 1 0 3438 1 0.007267951965332031
decode: 1 0 3439 1 0.0072824954986572266
decode: 1 0 3440 1 0.0072574615478515625
decode: 1 0 3441 1 0.0072786808013916016
decode: 1 0 3442 1 0.007269859313964844
decode: 1 0 3443 1 0.007272481918334961
decode: 1 0 3444 1 0.007261991500854492
decode: 1 0 3445 1 0.00730133056640625
