extend: 0 1 0 1401 0.03906440734863281
extend: 0 5 0 8192 0.22021269798278809
extend: 0 5 1075 8192 0.2198500633239746
extend: 0 5 1919 8192 0.2017512321472168
extend: 0 3 483 8192 0.20468592643737793
extend: 0 4 1346 8192 0.22737407684326172
extend: 0 5 4224 7429 0.1938185691833496
decode: 23 0 49813 23 0.18079066276550293
decode: 23 0 49836 23 0.010005474090576172
decode: 23 0 49859 23 0.009835481643676758
decode: 23 0 49882 23 0.009833812713623047
decode: 23 0 49905 23 0.009807825088500977
decode: 23 0 49928 23 0.009822607040405273
decode: 23 0 49951 23 0.00987696647644043
decode: 23 0 49974 23 0.009861946105957031
decode: 23 0 49997 23 0.009830236434936523
decode: 23 0 50020 23 0.009815454483032227
decode: 23 0 50043 23 0.009872674942016602
decode: 23 0 50066 23 0.009898900985717773
decode: 23 0 50089 23 0.009899139404296875
decode: 23 0 50112 23 0.009893178939819336
decode: 23 0 50135 23 0.009895563125610352
decode: 23 0 50158 23 0.009884357452392578
decode: 23 0 50181 23 0.00994110107421875
decode: 23 0 50204 23 0.009888887405395508
decode: 23 0 50227 23 0.009902715682983398
decode: 23 0 50250 23 0.009877443313598633
decode: 23 0 50273 23 0.00986790657043457
decode: 23 0 50296 23 0.009986400604248047
decode: 23 0 50319 23 0.009856224060058594
decode: 23 0 50342 23 0.009885311126708984
decode: 23 0 50365 23 0.00986623764038086
decode: 23 0 50388 23 0.009878873825073242
decode: 23 0 50411 23 0.009911537170410156
decode: 23 0 50434 23 0.009911298751831055
decode: 23 0 50457 23 0.009861469268798828
decode: 23 0 50480 23 0.009856700897216797
decode: 23 0 50503 23 0.009880781173706055
decode: 23 0 50526 23 0.009857892990112305
decode: 23 0 50549 23 0.009866476058959961
decode: 23 0 50572 23 0.009868383407592773
decode: 23 0 50595 23 0.009868144989013672
decode: 23 0 50618 23 0.009882211685180664
decode: 23 0 50641 23 0.009852409362792969
decode: 23 0 50664 23 0.009885311126708984
decode: 23 0 50687 23 0.009918928146362305
decode: 23 0 50710 23 0.009866714477539062
decode: 23 0 50733 23 0.009857177734375
decode: 23 0 50756 23 0.009860038757324219
decode: 23 0 50779 23 0.009870290756225586
decode: 23 0 50802 23 0.009860515594482422
decode: 23 0 50825 23 0.009875774383544922
decode: 23 0 50848 23 0.009859085083007812
decode: 23 0 50871 23 0.009948492050170898
decode: 23 0 50894 23 0.00988149642944336
decode: 23 0 50917 23 0.009914398193359375
decode: 23 0 50940 23 0.00995779037475586
decode: 23 0 50963 23 0.009969234466552734
decode: 23 0 50986 23 0.009865522384643555
decode: 23 0 51009 23 0.009874343872070312
decode: 23 0 51032 23 0.009949445724487305
decode: 23 0 51055 23 0.009851455688476562
decode: 23 0 51078 23 0.009873390197753906
decode: 23 0 51101 23 0.00987386703491211
decode: 23 0 51124 23 0.009943962097167969
decode: 23 0 51147 23 0.009969949722290039
decode: 23 0 51170 23 0.009871721267700195
decode: 23 0 51193 23 0.00990915298461914
decode: 23 0 51216 23 0.009854316711425781
decode: 23 0 51239 23 0.0098724365234375
decode: 23 0 51262 23 0.009866714477539062
decode: 23 0 51285 23 0.009857416152954102
decode: 23 0 51308 23 0.009860992431640625
decode: 23 0 51331 23 0.009891748428344727
decode: 23 0 51354 23 0.009852170944213867
decode: 23 0 51377 23 0.009919404983520508
decode: 23 0 51400 23 0.009860992431640625
decode: 23 0 51423 23 0.00987696647644043
decode: 23 0 51446 23 0.00986337661743164
decode: 23 0 51469 23 0.00997471809387207
decode: 23 0 51492 23 0.009864568710327148
decode: 23 0 51515 23 0.009859800338745117
extend: 0 7 0 16277 0.38663649559020996
decode: 30 0 67822 30 0.011587858200073242
decode: 30 0 67852 30 0.01132512092590332
decode: 30 0 67882 30 0.011160850524902344
decode: 30 0 67912 30 0.011236190795898438
decode: 30 0 67942 30 0.011085033416748047
decode: 30 0 67972 30 0.01101231575012207
decode: 30 0 68002 30 0.010910272598266602
decode: 30 0 68032 30 0.010962247848510742
decode: 30 0 68062 30 0.01087045669555664
decode: 30 0 68092 30 0.010907173156738281
decode: 30 0 68122 30 0.010932207107543945
decode: 30 0 68152 30 0.010901927947998047
decode: 30 0 68182 30 0.010894775390625
decode: 30 0 68212 30 0.010891914367675781
decode: 30 0 68242 30 0.010879993438720703
decode: 30 0 68272 30 0.011013507843017578
decode: 30 0 68302 30 0.010885000228881836
decode: 30 0 68332 30 0.011000394821166992
decode: 30 0 68362 30 0.010987281799316406
decode: 30 0 68392 30 0.01089024543762207
decode: 30 0 68422 30 0.010885477066040039
decode: 30 0 68452 30 0.011004924774169922
decode: 30 0 68482 30 0.010867118835449219
decode: 30 0 68512 30 0.010880231857299805
decode: 30 0 68542 30 0.010857343673706055
decode: 30 0 68572 30 0.010873794555664062
decode: 30 0 68602 30 0.010967731475830078
decode: 30 0 68632 30 0.01086735725402832
decode: 30 0 68662 30 0.010852813720703125
decode: 30 0 68692 30 0.010883092880249023
decode: 30 0 68722 30 0.010851621627807617
decode: 30 0 68752 30 0.010834932327270508
decode: 30 0 68782 30 0.010829448699951172
decode: 30 0 68812 30 0.010884284973144531
decode: 30 0 68842 30 0.010821819305419922
decode: 30 0 68872 30 0.010853290557861328
decode: 30 0 68902 30 0.010901927947998047
decode: 30 0 68932 30 0.010837316513061523
decode: 30 0 68962 30 0.010939359664916992
decode: 30 0 68992 30 0.010863304138183594
decode: 30 0 69022 30 0.010857105255126953
decode: 30 0 69052 30 0.010883092880249023
decode: 30 0 69082 30 0.010872840881347656
decode: 30 0 69112 30 0.010886907577514648
decode: 30 0 69142 30 0.010911703109741211
decode: 30 0 69172 30 0.01101064682006836
decode: 30 0 69202 30 0.01090550422668457
decode: 30 0 69232 30 0.010901927947998047
decode: 30 0 69262 30 0.010874509811401367
decode: 30 0 69292 30 0.010889768600463867
decode: 30 0 69322 30 0.010899782180786133
decode: 30 0 69352 30 0.010890960693359375
decode: 30 0 69382 30 0.011173009872436523
decode: 30 0 69412 30 0.010889530181884766
decode: 30 0 69442 30 0.010933876037597656
decode: 30 0 69472 30 0.010921716690063477
decode: 30 0 69502 30 0.010953187942504883
decode: 30 0 69532 30 0.01104593276977539
decode: 30 0 69562 30 0.010980844497680664
decode: 30 0 69592 30 0.010953426361083984
decode: 30 0 69622 30 0.010912895202636719
decode: 30 0 69652 30 0.010930538177490234
decode: 30 0 69682 30 0.010910987854003906
decode: 30 0 69712 30 0.0109100341796875
decode: 29 0 65642 29 0.010760784149169922
decode: 29 0 65671 29 0.010785102844238281
decode: 29 0 65700 29 0.010765314102172852
decode: 29 0 65729 29 0.010797739028930664
decode: 29 0 65758 29 0.010783672332763672
decode: 29 0 65787 29 0.010787248611450195
decode: 29 0 65816 29 0.010848760604858398
decode: 29 0 65845 29 0.010767936706542969
decode: 29 0 65874 29 0.010782957077026367
decode: 29 0 65903 29 0.010854244232177734
decode: 29 0 65932 29 0.01079702377319336
decode: 29 0 65961 29 0.010792970657348633
decode: 29 0 65990 29 0.010820627212524414
decode: 29 0 66019 29 0.01087808609008789
decode: 29 0 66048 29 0.010797262191772461
decode: 28 0 65256 28 0.010869503021240234
decode: 28 0 65284 28 0.01092076301574707
decode: 28 0 65312 28 0.01076817512512207
decode: 28 0 65340 28 0.01078486442565918
decode: 28 0 65368 28 0.010763168334960938
decode: 28 0 65396 28 0.010778188705444336
decode: 28 0 65424 28 0.010771751403808594
decode: 28 0 65452 28 0.010778427124023438
decode: 28 0 65480 28 0.010760784149169922
decode: 28 0 65508 28 0.010809659957885742
decode: 28 0 65536 28 0.010802030563354492
decode: 28 0 65564 28 0.010803937911987305
decode: 28 0 65592 28 0.010861635208129883
decode: 28 0 65620 28 0.010803937911987305
decode: 28 0 65648 28 0.010823488235473633
decode: 28 0 65676 28 0.010926246643066406
decode: 28 0 65704 28 0.010791540145874023
decode: 28 0 65732 28 0.010784387588500977
decode: 28 0 65760 28 0.010914325714111328
decode: 28 0 65788 28 0.010810613632202148
decode: 28 0 65816 28 0.010881900787353516
decode: 28 0 65844 28 0.010769367218017578
decode: 28 0 65872 28 0.010773897171020508
decode: 28 0 65900 28 0.010782718658447266
decode: 28 0 65928 28 0.010782718658447266
decode: 28 0 65956 28 0.010766983032226562
decode: 28 0 65984 28 0.010874748229980469
decode: 28 0 66012 28 0.010803937911987305
decode: 28 0 66040 28 0.010803937911987305
decode: 28 0 66068 28 0.010795831680297852
decode: 28 0 66096 28 0.010945320129394531
decode: 28 0 66124 28 0.010803461074829102
decode: 28 0 66152 28 0.010800361633300781
decode: 28 0 66180 28 0.010798454284667969
decode: 28 0 66208 28 0.010779142379760742
decode: 28 0 66236 28 0.010800600051879883
decode: 28 0 66264 28 0.010823726654052734
decode: 28 0 66292 28 0.01082754135131836
decode: 28 0 66320 28 0.010919332504272461
decode: 28 0 66348 28 0.010886430740356445
decode: 28 0 66376 28 0.010823488235473633
decode: 28 0 66404 28 0.010823965072631836
decode: 28 0 66432 28 0.010885477066040039
decode: 28 0 66460 28 0.010877609252929688
decode: 28 0 66488 28 0.010925054550170898
decode: 28 0 66516 28 0.010964632034301758
decode: 28 0 66544 28 0.010874509811401367
decode: 28 0 66572 28 0.010956764221191406
decode: 28 0 66600 28 0.010913372039794922
decode: 28 0 66628 28 0.010841846466064453
decode: 28 0 66656 28 0.010863542556762695
decode: 28 0 66684 28 0.010822296142578125
decode: 28 0 66712 28 0.010828495025634766
extend: 0 1 0 4100 0.10660576820373535
decode: 26 0 69557 26 0.011790037155151367
decode: 26 0 69583 26 0.011534452438354492
decode: 26 0 69609 26 0.011515617370605469
decode: 26 0 69635 26 0.011284828186035156
decode: 26 0 69661 26 0.01125192642211914
decode: 26 0 69687 26 0.011265754699707031
decode: 26 0 69713 26 0.011062383651733398
decode: 25 0 65631 25 0.010872364044189453
decode: 25 0 65656 25 0.010863065719604492
decode: 25 0 65681 25 0.010894298553466797
decode: 25 0 65706 25 0.010876178741455078
decode: 25 0 65731 25 0.010951042175292969
decode: 25 0 65756 25 0.010863065719604492
decode: 25 0 65781 25 0.010879278182983398
decode: 25 0 65806 25 0.010948419570922852
decode: 25 0 65831 25 0.010884284973144531
decode: 25 0 65856 25 0.010917901992797852
decode: 25 0 65881 25 0.010866880416870117
decode: 25 0 65906 25 0.010875463485717773
decode: 25 0 65931 25 0.010922431945800781
decode: 25 0 65956 25 0.010866165161132812
decode: 25 0 65981 25 0.011089324951171875
decode: 25 0 66006 25 0.010915756225585938
decode: 25 0 66031 25 0.010898828506469727
decode: 25 0 66056 25 0.010979175567626953
decode: 25 0 66081 25 0.010999202728271484
decode: 25 0 66106 25 0.010947465896606445
decode: 25 0 66131 25 0.010981321334838867
decode: 25 0 66156 25 0.01085352897644043
decode: 25 0 66181 25 0.010870218276977539
decode: 25 0 66206 25 0.010850906372070312
decode: 25 0 66231 25 0.010831356048583984
decode: 25 0 66256 25 0.010871648788452148
decode: 25 0 66281 25 0.010817527770996094
decode: 25 0 66306 25 0.010948419570922852
decode: 24 0 62800 24 0.010422706604003906
decode: 24 0 62824 24 0.010421514511108398
decode: 24 0 62848 24 0.010423421859741211
decode: 24 0 62872 24 0.01042485237121582
decode: 24 0 62896 24 0.010459423065185547
decode: 24 0 62920 24 0.01042938232421875
decode: 24 0 62944 24 0.010412931442260742
decode: 24 0 62968 24 0.010419130325317383
decode: 24 0 62992 24 0.01049494743347168
decode: 24 0 63016 24 0.010406255722045898
decode: 24 0 63040 24 0.010406970977783203
decode: 24 0 63064 24 0.010494232177734375
decode: 24 0 63088 24 0.010426759719848633
decode: 24 0 63112 24 0.01041269302368164
decode: 24 0 63136 24 0.010439157485961914
decode: 24 0 63160 24 0.010422945022583008
decode: 24 0 63184 24 0.01045370101928711
decode: 24 0 63208 24 0.010424613952636719
decode: 24 0 63232 24 0.010431766510009766
decode: 24 0 63256 24 0.01042485237121582
decode: 24 0 63280 24 0.010519027709960938
decode: 24 0 63304 24 0.010423660278320312
decode: 24 0 63328 24 0.010535240173339844
decode: 24 0 63352 24 0.010406017303466797
decode: 24 0 63376 24 0.01041865348815918
decode: 24 0 63400 24 0.01041865348815918
decode: 24 0 63424 24 0.010457038879394531
decode: 24 0 63448 24 0.01041102409362793
decode: 24 0 63472 24 0.01050567626953125
decode: 24 0 63496 24 0.010539531707763672
decode: 24 0 63520 24 0.010578393936157227
decode: 24 0 63544 24 0.010491132736206055
decode: 24 0 63568 24 0.010524272918701172
decode: 24 0 63592 24 0.010565519332885742
decode: 24 0 63616 24 0.010509252548217773
decode: 24 0 63640 24 0.010501861572265625
decode: 24 0 63664 24 0.010472774505615234
decode: 24 0 63688 24 0.010517120361328125
decode: 24 0 63712 24 0.010562658309936523
extend: 0 2 0 4568 0.11287450790405273
decode: 26 0 68306 26 0.011524677276611328
decode: 26 0 68332 26 0.011506795883178711
decode: 26 0 68358 26 0.011489152908325195
decode: 26 0 68384 26 0.01160883903503418
decode: 26 0 68410 26 0.011074542999267578
decode: 26 0 68436 26 0.01099395751953125
decode: 26 0 68462 26 0.01097559928894043
decode: 26 0 68488 26 0.010965347290039062
decode: 26 0 68514 26 0.010961055755615234
decode: 26 0 68540 26 0.011000394821166992
decode: 26 0 68566 26 0.010931968688964844
decode: 26 0 68592 26 0.01092839241027832
decode: 26 0 68618 26 0.010933160781860352
decode: 26 0 68644 26 0.011026382446289062
decode: 26 0 68670 26 0.010941028594970703
decode: 26 0 68696 26 0.010931730270385742
decode: 26 0 68722 26 0.010957002639770508
decode: 26 0 68748 26 0.010936260223388672
decode: 26 0 68774 26 0.01092672348022461
decode: 26 0 68800 26 0.010928630828857422
decode: 26 0 68826 26 0.011029243469238281
decode: 26 0 68852 26 0.010985851287841797
decode: 26 0 68878 26 0.011098861694335938
decode: 26 0 68904 26 0.010985612869262695
decode: 26 0 68930 26 0.011054515838623047
decode: 26 0 68956 26 0.010984182357788086
decode: 26 0 68982 26 0.0110931396484375
decode: 26 0 69008 26 0.011059999465942383
decode: 26 0 69034 26 0.010961771011352539
decode: 26 0 69060 26 0.010996341705322266
decode: 26 0 69086 26 0.011065483093261719
decode: 25 0 64801 25 0.010682106018066406
decode: 25 0 64826 25 0.01067495346069336
decode: 25 0 64851 25 0.01068568229675293
decode: 25 0 64876 25 0.010677099227905273
decode: 25 0 64901 25 0.010750293731689453
decode: 25 0 64926 25 0.010709524154663086
decode: 25 0 64951 25 0.010737419128417969
decode: 25 0 64976 25 0.01072239875793457
decode: 25 0 65001 25 0.010727882385253906
decode: 25 0 65026 25 0.010713577270507812
decode: 25 0 65051 25 0.010724306106567383
decode: 25 0 65076 25 0.010826826095581055
decode: 25 0 65101 25 0.010728597640991211
decode: 25 0 65126 25 0.010796070098876953
decode: 25 0 65151 25 0.010748863220214844
decode: 25 0 65176 25 0.010769844055175781
decode: 25 0 65201 25 0.010744571685791016
decode: 25 0 65226 25 0.010755300521850586
decode: 25 0 65251 25 0.010788679122924805
decode: 25 0 65276 25 0.010811090469360352
decode: 25 0 65301 25 0.01080012321472168
decode: 25 0 65326 25 0.010803461074829102
decode: 25 0 65351 25 0.010812997817993164
decode: 25 0 65376 25 0.010792016983032227
decode: 25 0 65401 25 0.010776281356811523
decode: 25 0 65426 25 0.01089930534362793
decode: 25 0 65451 25 0.010770082473754883
decode: 25 0 65476 25 0.010918855667114258
decode: 25 0 65501 25 0.010782957077026367
decode: 25 0 65526 25 0.010786294937133789
decode: 25 0 65551 25 0.010792255401611328
decode: 25 0 65576 25 0.01101994514465332
decode: 25 0 65601 25 0.01080942153930664
decode: 25 0 65626 25 0.010900497436523438
decode: 25 0 65651 25 0.010822534561157227
decode: 25 0 65676 25 0.010815620422363281
decode: 25 0 65701 25 0.010821342468261719
decode: 25 0 65726 25 0.010825872421264648
decode: 25 0 65751 25 0.010837793350219727
decode: 25 0 65776 25 0.01078176498413086
decode: 25 0 65801 25 0.010774612426757812
decode: 25 0 65826 25 0.010776281356811523
extend: 0 1 0 455 0.015593290328979492
decode: 26 0 66307 26 0.010903596878051758
decode: 26 0 66333 26 0.010765790939331055
decode: 26 0 66359 26 0.010782957077026367
decode: 26 0 66385 26 0.010782957077026367
decode: 26 0 66411 26 0.01085209846496582
decode: 26 0 66437 26 0.010782241821289062
decode: 26 0 66463 26 0.010784387588500977
decode: 26 0 66489 26 0.010790586471557617
decode: 26 0 66515 26 0.010891914367675781
decode: 26 0 66541 26 0.01076650619506836
decode: 26 0 66567 26 0.010929584503173828
decode: 26 0 66593 26 0.010848760604858398
decode: 26 0 66619 26 0.010819673538208008
decode: 26 0 66645 26 0.010801553726196289
decode: 26 0 66671 26 0.010791540145874023
decode: 26 0 66697 26 0.010816335678100586
decode: 26 0 66723 26 0.01095438003540039
decode: 26 0 66749 26 0.010856866836547852
decode: 26 0 66775 26 0.010847330093383789
decode: 26 0 66801 26 0.010831356048583984
decode: 26 0 66827 26 0.010816812515258789
decode: 26 0 66853 26 0.01085352897644043
decode: 26 0 66879 26 0.010828256607055664
decode: 26 0 66905 26 0.010848283767700195
decode: 26 0 66931 26 0.01082468032836914
decode: 26 0 66957 26 0.010842561721801758
decode: 26 0 66983 26 0.010944843292236328
decode: 26 0 67009 26 0.01099705696105957
decode: 26 0 67035 26 0.01085042953491211
decode: 26 0 67061 26 0.010871410369873047
decode: 26 0 67087 26 0.010877370834350586
decode: 26 0 67113 26 0.010904073715209961
decode: 26 0 67139 26 0.01085805892944336
decode: 26 0 67165 26 0.010895490646362305
decode: 26 0 67191 26 0.010929346084594727
decode: 26 0 67217 26 0.010830163955688477
decode: 26 0 67243 26 0.010882139205932617
decode: 26 0 67269 26 0.01085209846496582
decode: 26 0 67295 26 0.010867834091186523
decode: 26 0 67321 26 0.010888338088989258
decode: 26 0 67347 26 0.010836124420166016
decode: 26 0 67373 26 0.010818719863891602
decode: 26 0 67399 26 0.01082611083984375
decode: 26 0 67425 26 0.01084589958190918
decode: 26 0 67451 26 0.010976314544677734
decode: 26 0 67477 26 0.010856389999389648
decode: 26 0 67503 26 0.010976791381835938
decode: 26 0 67529 26 0.010857343673706055
decode: 26 0 67555 26 0.010849475860595703
decode: 26 0 67581 26 0.010874271392822266
decode: 26 0 67607 26 0.010846853256225586
decode: 26 0 67633 26 0.010854721069335938
decode: 26 0 67659 26 0.010823726654052734
decode: 26 0 67685 26 0.01084756851196289
decode: 26 0 67711 26 0.010884523391723633
decode: 26 0 67737 26 0.010838747024536133
decode: 26 0 67763 26 0.010885953903198242
decode: 26 0 67789 26 0.010890722274780273
decode: 26 0 67815 26 0.010885000228881836
decode: 26 0 67841 26 0.010895967483520508
decode: 26 0 67867 26 0.010886669158935547
decode: 26 0 67893 26 0.01102304458618164
decode: 26 0 67919 26 0.011025667190551758
decode: 26 0 67945 26 0.010917425155639648
decode: 26 0 67971 26 0.010909318923950195
decode: 26 0 67997 26 0.010934114456176758
decode: 26 0 68023 26 0.010918140411376953
decode: 26 0 68049 26 0.010944604873657227
decode: 26 0 68075 26 0.010870218276977539
decode: 26 0 68101 26 0.010887861251831055
decode: 26 0 68127 26 0.010885238647460938
decode: 26 0 68153 26 0.01088094711303711
decode: 26 0 68179 26 0.010876178741455078
decode: 26 0 68205 26 0.011016607284545898
decode: 26 0 68231 26 0.010933637619018555
decode: 26 0 68257 26 0.010876655578613281
decode: 26 0 68283 26 0.010965585708618164
decode: 26 0 68309 26 0.010908365249633789
decode: 26 0 68335 26 0.010930061340332031
decode: 26 0 68361 26 0.010926961898803711
decode: 26 0 68387 26 0.01097726821899414
decode: 26 0 68413 26 0.010944128036499023
decode: 26 0 68439 26 0.010906457901000977
decode: 26 0 68465 26 0.010941267013549805
decode: 26 0 68491 26 0.011041879653930664
decode: 26 0 68517 26 0.010965108871459961
decode: 26 0 68543 26 0.01088404655456543
decode: 26 0 68569 26 0.011023521423339844
decode: 26 0 68595 26 0.011019706726074219
decode: 26 0 68621 26 0.010900735855102539
decode: 26 0 68647 26 0.010879993438720703
decode: 26 0 68673 26 0.010904550552368164
decode: 26 0 68699 26 0.01096343994140625
decode: 26 0 68725 26 0.01098179817199707
decode: 26 0 68751 26 0.010889053344726562
decode: 26 0 68777 26 0.011040925979614258
decode: 26 0 68803 26 0.010959148406982422
decode: 26 0 68829 26 0.011006355285644531
decode: 26 0 68855 26 0.010961771011352539
decode: 26 0 68881 26 0.01100611686706543
decode: 26 0 68907 26 0.010933637619018555
decode: 26 0 68933 26 0.011012792587280273
decode: 26 0 68959 26 0.01093745231628418
decode: 26 0 68985 26 0.010996580123901367
decode: 26 0 69011 26 0.010932207107543945
decode: 26 0 69037 26 0.010935783386230469
decode: 26 0 69063 26 0.010999917984008789
decode: 26 0 69089 26 0.010928630828857422
decode: 26 0 69115 26 0.01098489761352539
decode: 26 0 69141 26 0.010945558547973633
decode: 26 0 69167 26 0.010983467102050781
decode: 26 0 69193 26 0.010974645614624023
decode: 26 0 69219 26 0.011039257049560547
decode: 26 0 69245 26 0.011269569396972656
decode: 26 0 69271 26 0.011023998260498047
decode: 26 0 69297 26 0.011012792587280273
decode: 26 0 69323 26 0.010981321334838867
decode: 26 0 69349 26 0.01099252700805664
decode: 26 0 69375 26 0.010982751846313477
decode: 26 0 69401 26 0.011104822158813477
decode: 26 0 69427 26 0.010971546173095703
decode: 26 0 69453 26 0.010993242263793945
decode: 26 0 69479 26 0.010985851287841797
decode: 26 0 69505 26 0.011003255844116211
decode: 26 0 69531 26 0.01100015640258789
decode: 26 0 69557 26 0.011024951934814453
decode: 26 0 69583 26 0.011078357696533203
decode: 26 0 69609 26 0.011016845703125
decode: 26 0 69635 26 0.011001825332641602
decode: 26 0 69661 26 0.011029243469238281
decode: 26 0 69687 26 0.01100778579711914
decode: 26 0 69713 26 0.011015892028808594
decode: 25 0 69151 25 0.010926246643066406
decode: 25 0 69176 25 0.010949850082397461
decode: 25 0 69201 25 0.010925054550170898
decode: 25 0 69226 25 0.011003494262695312
decode: 25 0 69251 25 0.010981321334838867
decode: 25 0 69276 25 0.010995864868164062
decode: 25 0 69301 25 0.011043310165405273
decode: 25 0 69326 25 0.011002302169799805
decode: 25 0 69351 25 0.010988712310791016
decode: 25 0 69376 25 0.010996580123901367
decode: 25 0 69401 25 0.011031150817871094
decode: 25 0 69426 25 0.011076927185058594
decode: 25 0 69451 25 0.011024713516235352
decode: 25 0 69476 25 0.011013269424438477
decode: 25 0 69501 25 0.011049985885620117
decode: 25 0 69526 25 0.011006355285644531
decode: 25 0 69551 25 0.0109710693359375
decode: 25 0 69576 25 0.011053085327148438
decode: 25 0 69601 25 0.01099705696105957
decode: 25 0 69626 25 0.010986328125
decode: 25 0 69651 25 0.010982990264892578
decode: 25 0 69676 25 0.01097869873046875
decode: 25 0 69701 25 0.01100611686706543
decode: 25 0 69726 25 0.01100015640258789
decode: 24 0 65413 24 0.010650873184204102
decode: 24 0 65437 24 0.010656118392944336
decode: 24 0 65461 24 0.010612249374389648
decode: 24 0 65485 24 0.0106353759765625
decode: 24 0 65509 24 0.01060342788696289
decode: 24 0 65533 24 0.010608911514282227
extend: 0 2 0 4468 0.11142230033874512
decode: 24 0 68744 24 0.011675596237182617
decode: 24 0 68768 24 0.011124610900878906
decode: 24 0 68792 24 0.01101374626159668
decode: 24 0 68816 24 0.01101827621459961
decode: 24 0 68840 24 0.010982990264892578
decode: 24 0 68864 24 0.01092386245727539
decode: 24 0 68888 24 0.010940313339233398
decode: 24 0 68912 24 0.01082468032836914
decode: 24 0 68936 24 0.01080632209777832
decode: 24 0 68960 24 0.010785579681396484
decode: 24 0 68984 24 0.010898351669311523
decode: 24 0 69008 24 0.010767221450805664
decode: 24 0 69032 24 0.010874032974243164
decode: 24 0 69056 24 0.010812997817993164
decode: 24 0 69080 24 0.010810136795043945
decode: 24 0 69104 24 0.01080632209777832
decode: 24 0 69128 24 0.010820388793945312
decode: 24 0 69152 24 0.010776042938232422
decode: 24 0 69176 24 0.010863304138183594
decode: 24 0 69200 24 0.010797500610351562
decode: 24 0 69224 24 0.010804891586303711
decode: 24 0 69248 24 0.010780096054077148
decode: 24 0 69272 24 0.010800838470458984
decode: 24 0 69296 24 0.010837316513061523
decode: 24 0 69320 24 0.010791540145874023
decode: 24 0 69344 24 0.01082158088684082
decode: 24 0 69368 24 0.010786771774291992
decode: 24 0 69392 24 0.010901212692260742
decode: 24 0 69416 24 0.010778665542602539
decode: 24 0 69440 24 0.010794639587402344
decode: 24 0 69464 24 0.010803699493408203
decode: 24 0 69488 24 0.010790824890136719
decode: 24 0 69512 24 0.010754108428955078
decode: 24 0 69536 24 0.010763168334960938
decode: 24 0 69560 24 0.010767698287963867
decode: 24 0 69584 24 0.010887384414672852
decode: 24 0 69608 24 0.010786294937133789
decode: 24 0 69632 24 0.010802745819091797
decode: 24 0 69656 24 0.010745525360107422
decode: 24 0 69680 24 0.0108184814453125
decode: 24 0 69704 24 0.01080632209777832
decode: 24 0 69728 24 0.010793447494506836
decode: 22 0 65198 22 0.010641336441040039
decode: 22 0 65220 22 0.01065683364868164
decode: 22 0 65242 22 0.010682344436645508
decode: 22 0 65264 22 0.010691404342651367
decode: 22 0 65286 22 0.010744094848632812
decode: 22 0 65308 22 0.010639429092407227
decode: 22 0 65330 22 0.010653257369995117
decode: 22 0 65352 22 0.01062631607055664
decode: 22 0 65374 22 0.01061105728149414
decode: 22 0 65396 22 0.010655879974365234
decode: 22 0 65418 22 0.010626077651977539
decode: 22 0 65440 22 0.010641336441040039
decode: 22 0 65462 22 0.01062464714050293
decode: 22 0 65484 22 0.010743856430053711
decode: 22 0 65506 22 0.010636091232299805
decode: 22 0 65528 22 0.010648012161254883
decode: 22 0 65550 22 0.010644197463989258
decode: 22 0 65572 22 0.010701656341552734
decode: 22 0 65594 22 0.010692834854125977
decode: 22 0 65616 22 0.01066899299621582
decode: 22 0 65638 22 0.010683059692382812
decode: 22 0 65660 22 0.010650873184204102
decode: 22 0 65682 22 0.010678768157958984
decode: 22 0 65704 22 0.01064753532409668
decode: 22 0 65726 22 0.010697126388549805
decode: 22 0 65748 22 0.010634183883666992
decode: 22 0 65770 22 0.010654211044311523
decode: 22 0 65792 22 0.010638952255249023
decode: 22 0 65814 22 0.010635852813720703
decode: 22 0 65836 22 0.010627985000610352
decode: 22 0 65858 22 0.010621786117553711
extend: 0 2 0 5077 0.12390732765197754
decode: 22 0 68859 22 0.011714458465576172
decode: 22 0 68881 22 0.011558294296264648
decode: 22 0 68903 22 0.011227846145629883
decode: 22 0 68925 22 0.011148691177368164
decode: 22 0 68947 22 0.010949373245239258
decode: 22 0 68969 22 0.010851383209228516
decode: 22 0 68991 22 0.010835886001586914
decode: 22 0 69013 22 0.010839462280273438
decode: 22 0 69035 22 0.010917425155639648
decode: 22 0 69057 22 0.010898828506469727
decode: 22 0 69079 22 0.010817527770996094
decode: 22 0 69101 22 0.010914087295532227
decode: 22 0 69123 22 0.010789871215820312
decode: 22 0 69145 22 0.010861873626708984
decode: 22 0 69167 22 0.010790824890136719
decode: 22 0 69189 22 0.01078033447265625
decode: 22 0 69211 22 0.010787487030029297
decode: 22 0 69233 22 0.010811328887939453
decode: 22 0 69255 22 0.010794639587402344
decode: 22 0 69277 22 0.010780096054077148
decode: 22 0 69299 22 0.010826587677001953
decode: 22 0 69321 22 0.010812997817993164
decode: 22 0 69343 22 0.010792016983032227
decode: 22 0 69365 22 0.010804176330566406
decode: 22 0 69387 22 0.010794639587402344
decode: 22 0 69409 22 0.010807991027832031
decode: 22 0 69431 22 0.010801076889038086
decode: 22 0 69453 22 0.010806560516357422
decode: 22 0 69475 22 0.010812997817993164
decode: 22 0 69497 22 0.01078343391418457
decode: 22 0 69519 22 0.010798215866088867
decode: 22 0 69541 22 0.010790348052978516
decode: 22 0 69563 22 0.010812759399414062
decode: 22 0 69585 22 0.010889053344726562
decode: 22 0 69607 22 0.010814905166625977
decode: 22 0 69629 22 0.010831356048583984
decode: 22 0 69651 22 0.010816097259521484
decode: 22 0 69673 22 0.010824203491210938
decode: 22 0 69695 22 0.010819435119628906
decode: 22 0 69717 22 0.010814905166625977
decode: 21 0 65317 21 0.01055288314819336
decode: 21 0 65338 21 0.010561466217041016
decode: 21 0 65359 21 0.010597467422485352
decode: 21 0 65380 21 0.010535478591918945
decode: 21 0 65401 21 0.010554075241088867
decode: 21 0 65422 21 0.010530471801757812
decode: 21 0 65443 21 0.010551691055297852
decode: 21 0 65464 21 0.010575532913208008
decode: 21 0 65485 21 0.010529518127441406
decode: 21 0 65506 21 0.010539054870605469
decode: 21 0 65527 21 0.0105438232421875
decode: 21 0 65548 21 0.010587692260742188
decode: 21 0 65569 21 0.010704278945922852
decode: 21 0 65590 21 0.010587930679321289
decode: 21 0 65611 21 0.010581016540527344
decode: 21 0 65632 21 0.010630130767822266
decode: 21 0 65653 21 0.01059103012084961
decode: 21 0 65674 21 0.010604381561279297
decode: 20 0 62608 20 0.010517120361328125
extend: 0 1 0 3466 0.08658862113952637
decode: 21 0 66095 21 0.011324167251586914
decode: 21 0 66116 21 0.011085748672485352
decode: 21 0 66137 21 0.011016130447387695
decode: 21 0 66158 21 0.01090383529663086
decode: 21 0 66179 21 0.010897636413574219
decode: 21 0 66200 21 0.010813474655151367
extend: 0 2 0 2100 0.051525115966796875
decode: 22 0 67561 22 0.011220216751098633
decode: 22 0 67583 22 0.011057138442993164
decode: 22 0 67605 22 0.010988950729370117
decode: 22 0 67627 22 0.010872602462768555
decode: 22 0 67649 22 0.01086878776550293
decode: 22 0 67671 22 0.010857820510864258
decode: 22 0 67693 22 0.010779619216918945
decode: 22 0 67715 22 0.010811567306518555
decode: 22 0 67737 22 0.010808944702148438
decode: 22 0 67759 22 0.01080775260925293
decode: 22 0 67781 22 0.010787010192871094
decode: 22 0 67803 22 0.010886430740356445
decode: 22 0 67825 22 0.010790109634399414
decode: 22 0 67847 22 0.01080012321472168
decode: 22 0 67869 22 0.010787248611450195
decode: 22 0 67891 22 0.010853767395019531
decode: 22 0 67913 22 0.010800600051879883
decode: 22 0 67935 22 0.010786056518554688
decode: 22 0 67957 22 0.010841608047485352
decode: 22 0 67979 22 0.010792732238769531
decode: 22 0 68001 22 0.010774850845336914
decode: 22 0 68023 22 0.01080322265625
decode: 22 0 68045 22 0.010788917541503906
decode: 22 0 68067 22 0.010804891586303711
decode: 22 0 68089 22 0.01089024543762207
decode: 22 0 68111 22 0.010812997817993164
decode: 22 0 68133 22 0.010796546936035156
decode: 22 0 68155 22 0.010816574096679688
decode: 22 0 68177 22 0.01079869270324707
decode: 22 0 68199 22 0.010847806930541992
decode: 22 0 68221 22 0.010876178741455078
decode: 22 0 68243 22 0.010754585266113281
decode: 22 0 68265 22 0.0107574462890625
decode: 22 0 68287 22 0.010752439498901367
decode: 22 0 68309 22 0.010746479034423828
decode: 22 0 68331 22 0.010809898376464844
decode: 22 0 68353 22 0.010750770568847656
decode: 22 0 68375 22 0.010760784149169922
decode: 22 0 68397 22 0.010800838470458984
decode: 22 0 68419 22 0.010750532150268555
decode: 21 0 65857 21 0.010635614395141602
extend: 0 1 0 1029 0.029755115509033203
decode: 22 0 66908 22 0.010915040969848633
decode: 22 0 66930 22 0.010941028594970703
decode: 22 0 66952 22 0.010766029357910156
decode: 22 0 66974 22 0.010746002197265625
decode: 22 0 66996 22 0.010748624801635742
decode: 22 0 67018 22 0.010745763778686523
decode: 22 0 67040 22 0.010743379592895508
decode: 22 0 67062 22 0.010776996612548828
decode: 22 0 67084 22 0.010783910751342773
decode: 22 0 67106 22 0.010730981826782227
decode: 22 0 67128 22 0.010725975036621094
decode: 22 0 67150 22 0.010739326477050781
decode: 21 0 62699 21 0.010518550872802734
decode: 21 0 62720 21 0.010510444641113281
decode: 21 0 62741 21 0.010515213012695312
decode: 21 0 62762 21 0.010520458221435547
decode: 21 0 62783 21 0.010528087615966797
decode: 21 0 62804 21 0.010534524917602539
decode: 21 0 62825 21 0.010515689849853516
decode: 21 0 62846 21 0.010495662689208984
decode: 21 0 62867 21 0.010497331619262695
decode: 21 0 62888 21 0.010526657104492188
decode: 21 0 62909 21 0.010506391525268555
decode: 21 0 62930 21 0.01052546501159668
decode: 21 0 62951 21 0.010510683059692383
decode: 21 0 62972 21 0.010524272918701172
decode: 21 0 62993 21 0.01052236557006836
decode: 21 0 63014 21 0.010521411895751953
decode: 21 0 63035 21 0.010477781295776367
decode: 21 0 63056 21 0.010483503341674805
decode: 21 0 63077 21 0.010484457015991211
decode: 21 0 63098 21 0.010471582412719727
decode: 21 0 63119 21 0.010498046875
decode: 21 0 63140 21 0.010564804077148438
decode: 21 0 63161 21 0.010483503341674805
extend: 0 3 0 5771 0.14205145835876465
decode: 24 0 68956 24 0.011714696884155273
decode: 24 0 68980 24 0.01161503791809082
decode: 24 0 69004 24 0.011169195175170898
decode: 24 0 69028 24 0.01116490364074707
decode: 24 0 69052 24 0.011152029037475586
decode: 24 0 69076 24 0.011023521423339844
decode: 24 0 69100 24 0.010903358459472656
decode: 24 0 69124 24 0.01087641716003418
decode: 24 0 69148 24 0.01084446907043457
decode: 24 0 69172 24 0.010892629623413086
decode: 24 0 69196 24 0.010869741439819336
decode: 24 0 69220 24 0.01087808609008789
decode: 24 0 69244 24 0.0108642578125
decode: 24 0 69268 24 0.010838747024536133
decode: 24 0 69292 24 0.010831356048583984
decode: 24 0 69316 24 0.010830879211425781
decode: 24 0 69340 24 0.0108642578125
decode: 24 0 69364 24 0.010833024978637695
decode: 24 0 69388 24 0.010884284973144531
decode: 24 0 69412 24 0.01088571548461914
decode: 24 0 69436 24 0.010880708694458008
decode: 24 0 69460 24 0.010838031768798828
decode: 24 0 69484 24 0.010862588882446289
decode: 24 0 69508 24 0.010950326919555664
decode: 24 0 69532 24 0.011045455932617188
decode: 24 0 69556 24 0.010838985443115234
decode: 24 0 69580 24 0.010822772979736328
decode: 24 0 69604 24 0.010868310928344727
decode: 24 0 69628 24 0.010907649993896484
decode: 24 0 69652 24 0.010835886001586914
decode: 24 0 69676 24 0.01083064079284668
decode: 24 0 69700 24 0.010834217071533203
decode: 24 0 69724 24 0.010785102844238281
decode: 23 0 68650 23 0.010769128799438477
decode: 23 0 68673 23 0.010770082473754883
decode: 23 0 68696 23 0.010857820510864258
decode: 23 0 68719 23 0.010762691497802734
decode: 23 0 68742 23 0.010758399963378906
decode: 23 0 68765 23 0.010755062103271484
decode: 23 0 68788 23 0.010795116424560547
decode: 23 0 68811 23 0.010792732238769531
decode: 23 0 68834 23 0.01083827018737793
decode: 23 0 68857 23 0.010834217071533203
decode: 23 0 68880 23 0.010829448699951172
decode: 23 0 68903 23 0.010830879211425781
decode: 23 0 68926 23 0.010846376419067383
decode: 23 0 68949 23 0.01085352897644043
decode: 23 0 68972 23 0.010875940322875977
decode: 23 0 68995 23 0.010827302932739258
decode: 23 0 69018 23 0.010886192321777344
decode: 23 0 69041 23 0.01079869270324707
decode: 23 0 69064 23 0.010850906372070312
decode: 23 0 69087 23 0.010828733444213867
decode: 23 0 69110 23 0.010809183120727539
decode: 23 0 69133 23 0.010881900787353516
decode: 23 0 69156 23 0.01082754135131836
decode: 23 0 69179 23 0.010925054550170898
decode: 23 0 69202 23 0.01080632209777832
decode: 23 0 69225 23 0.010838508605957031
decode: 23 0 69248 23 0.010821819305419922
decode: 23 0 69271 23 0.010880231857299805
decode: 23 0 69294 23 0.010837793350219727
decode: 23 0 69317 23 0.010853052139282227
decode: 23 0 69340 23 0.010833263397216797
decode: 23 0 69363 23 0.010871171951293945
decode: 23 0 69386 23 0.010835647583007812
decode: 23 0 69409 23 0.010821104049682617
decode: 23 0 69432 23 0.010800600051879883
decode: 23 0 69455 23 0.010849714279174805
decode: 23 0 69478 23 0.010806798934936523
decode: 23 0 69501 23 0.010826587677001953
decode: 23 0 69524 23 0.010822296142578125
decode: 21 0 64178 21 0.010518312454223633
decode: 21 0 64199 21 0.010578155517578125
decode: 21 0 64220 21 0.010515213012695312
decode: 21 0 64241 21 0.010599374771118164
decode: 21 0 64262 21 0.010565042495727539
decode: 21 0 64283 21 0.010560274124145508
decode: 21 0 64304 21 0.010551691055297852
decode: 21 0 64325 21 0.010602474212646484
decode: 21 0 64346 21 0.010541439056396484
decode: 21 0 64367 21 0.010563373565673828
decode: 21 0 64388 21 0.010624885559082031
decode: 21 0 64409 21 0.010528564453125
decode: 21 0 64430 21 0.010523796081542969
decode: 21 0 64451 21 0.010535478591918945
decode: 21 0 64472 21 0.010548591613769531
decode: 21 0 64493 21 0.010612249374389648
decode: 21 0 64514 21 0.010513067245483398
decode: 21 0 64535 21 0.010546445846557617
decode: 21 0 64556 21 0.010560989379882812
decode: 21 0 64577 21 0.010559320449829102
decode: 21 0 64598 21 0.01056361198425293
decode: 21 0 64619 21 0.010546207427978516
decode: 21 0 64640 21 0.010540246963500977
decode: 21 0 64661 21 0.010591745376586914
decode: 21 0 64682 21 0.010647058486938477
decode: 21 0 64703 21 0.010585784912109375
decode: 21 0 64724 21 0.01051950454711914
decode: 21 0 64745 21 0.010538101196289062
decode: 21 0 64766 21 0.010520219802856445
decode: 21 0 64787 21 0.010574102401733398
decode: 21 0 64808 21 0.010534286499023438
decode: 21 0 64829 21 0.01058506965637207
decode: 21 0 64850 21 0.010517358779907227
decode: 21 0 64871 21 0.010513067245483398
decode: 21 0 64892 21 0.010661602020263672
decode: 21 0 64913 21 0.010612964630126953
decode: 21 0 64934 21 0.010596990585327148
decode: 21 0 64955 21 0.010593175888061523
decode: 21 0 64976 21 0.010563373565673828
decode: 21 0 64997 21 0.010560035705566406
decode: 21 0 65018 21 0.010542869567871094
decode: 21 0 65039 21 0.010606765747070312
decode: 21 0 65060 21 0.01058650016784668
decode: 21 0 65081 21 0.010587930679321289
decode: 21 0 65102 21 0.010573148727416992
decode: 21 0 65123 21 0.010565757751464844
decode: 21 0 65144 21 0.010564088821411133
decode: 21 0 65165 21 0.010686635971069336
decode: 21 0 65186 21 0.01057124137878418
decode: 21 0 65207 21 0.010552406311035156
decode: 21 0 65228 21 0.010592937469482422
decode: 21 0 65249 21 0.010606527328491211
decode: 21 0 65270 21 0.010593891143798828
decode: 21 0 65291 21 0.01064753532409668
decode: 21 0 65312 21 0.010590791702270508
decode: 21 0 65333 21 0.010614395141601562
decode: 21 0 65354 21 0.01060032844543457
decode: 21 0 65375 21 0.010603189468383789
decode: 21 0 65396 21 0.010731935501098633
decode: 21 0 65417 21 0.01059579849243164
decode: 21 0 65438 21 0.010589838027954102
decode: 21 0 65459 21 0.010577201843261719
decode: 21 0 65480 21 0.0106201171875
decode: 21 0 65501 21 0.010590076446533203
decode: 21 0 65522 21 0.010614633560180664
decode: 21 0 65543 21 0.010582208633422852
decode: 21 0 65564 21 0.010567426681518555
decode: 21 0 65585 21 0.010590553283691406
decode: 21 0 65606 21 0.01059412956237793
decode: 21 0 65627 21 0.010597944259643555
decode: 21 0 65648 21 0.01063680648803711
decode: 21 0 65669 21 0.010637998580932617
decode: 21 0 65690 21 0.010710716247558594
decode: 21 0 65711 21 0.010592222213745117
decode: 21 0 65732 21 0.010604143142700195
decode: 21 0 65753 21 0.010629415512084961
decode: 21 0 65774 21 0.010617494583129883
decode: 21 0 65795 21 0.010680198669433594
decode: 21 0 65816 21 0.010562419891357422
decode: 21 0 65837 21 0.010567903518676758
decode: 21 0 65858 21 0.010641813278198242
decode: 21 0 65879 21 0.010687828063964844
extend: 0 1 0 1098 0.029564380645751953
decode: 22 0 66999 22 0.01080775260925293
decode: 22 0 67021 22 0.010900020599365234
decode: 22 0 67043 22 0.010864496231079102
decode: 22 0 67065 22 0.01068878173828125
decode: 22 0 67087 22 0.010726213455200195
decode: 22 0 67109 22 0.010679244995117188
decode: 22 0 67131 22 0.010698795318603516
decode: 22 0 67153 22 0.010675191879272461
decode: 22 0 67175 22 0.010673999786376953
decode: 22 0 67197 22 0.010670185089111328
decode: 22 0 67219 22 0.01071476936340332
decode: 22 0 67241 22 0.010699748992919922
decode: 22 0 67263 22 0.010694026947021484
decode: 22 0 67285 22 0.010730981826782227
decode: 22 0 67307 22 0.010686635971069336
decode: 22 0 67329 22 0.01066899299621582
decode: 22 0 67351 22 0.010671615600585938
decode: 22 0 67373 22 0.010655641555786133
decode: 22 0 67395 22 0.010654687881469727
decode: 22 0 67417 22 0.010690450668334961
decode: 22 0 67439 22 0.010671854019165039
decode: 22 0 67461 22 0.01077890396118164
decode: 22 0 67483 22 0.010732173919677734
decode: 22 0 67505 22 0.010690927505493164
decode: 22 0 67527 22 0.01067495346069336
decode: 22 0 67549 22 0.010697603225708008
decode: 22 0 67571 22 0.010682344436645508
decode: 22 0 67593 22 0.010687828063964844
decode: 22 0 67615 22 0.01070713996887207
decode: 22 0 67637 22 0.01065206527709961
decode: 22 0 67659 22 0.01067042350769043
decode: 22 0 67681 22 0.010636091232299805
decode: 22 0 67703 22 0.010642051696777344
decode: 22 0 67725 22 0.010670900344848633
decode: 22 0 67747 22 0.010636329650878906
decode: 22 0 67769 22 0.010765552520751953
decode: 22 0 67791 22 0.010702848434448242
decode: 22 0 67813 22 0.01070094108581543
decode: 22 0 67835 22 0.010683298110961914
decode: 22 0 67857 22 0.010690927505493164
decode: 22 0 67879 22 0.010757923126220703
decode: 22 0 67901 22 0.010721921920776367
decode: 22 0 67923 22 0.010721683502197266
decode: 21 0 66263 21 0.010640621185302734
decode: 21 0 66284 21 0.010667562484741211
decode: 21 0 66305 21 0.010648965835571289
decode: 21 0 66326 21 0.010641813278198242
decode: 21 0 66347 21 0.010656118392944336
decode: 21 0 66368 21 0.010672807693481445
decode: 21 0 66389 21 0.010675430297851562
decode: 21 0 66410 21 0.010620832443237305
decode: 21 0 66431 21 0.010637760162353516
decode: 21 0 66452 21 0.010736227035522461
decode: 21 0 66473 21 0.0106353759765625
decode: 21 0 66494 21 0.010612964630126953
decode: 21 0 66515 21 0.010608673095703125
decode: 21 0 66536 21 0.01065206527709961
decode: 21 0 66557 21 0.010644197463989258
decode: 21 0 66578 21 0.01066279411315918
decode: 21 0 66599 21 0.01066446304321289
decode: 21 0 66620 21 0.010668754577636719
decode: 21 0 66641 21 0.010669469833374023
decode: 21 0 66662 21 0.010663747787475586
decode: 21 0 66683 21 0.010642766952514648
decode: 21 0 66704 21 0.010679244995117188
decode: 21 0 66725 21 0.010629892349243164
decode: 21 0 66746 21 0.010626792907714844
decode: 21 0 66767 21 0.010654687881469727
decode: 21 0 66788 21 0.010605096817016602
decode: 21 0 66809 21 0.010637998580932617
decode: 21 0 66830 21 0.010619401931762695
decode: 21 0 66851 21 0.010686397552490234
decode: 21 0 66872 21 0.010683774948120117
decode: 21 0 66893 21 0.010695934295654297
decode: 21 0 66914 21 0.010772705078125
decode: 21 0 66935 21 0.010702133178710938
decode: 21 0 66956 21 0.010688066482543945
decode: 21 0 66977 21 0.010717630386352539
decode: 21 0 66998 21 0.010691404342651367
decode: 21 0 67019 21 0.010761737823486328
extend: 0 1 0 588 0.02057647705078125
decode: 22 0 67629 22 0.01071023941040039
decode: 22 0 67651 22 0.01070713996887207
decode: 22 0 67673 22 0.01068425178527832
decode: 22 0 67695 22 0.010671138763427734
decode: 22 0 67717 22 0.010700464248657227
decode: 22 0 67739 22 0.010690450668334961
decode: 22 0 67761 22 0.010681390762329102
decode: 22 0 67783 22 0.010688066482543945
decode: 22 0 67805 22 0.01068568229675293
decode: 22 0 67827 22 0.010704517364501953
decode: 22 0 67849 22 0.010695457458496094
decode: 22 0 67871 22 0.010692119598388672
decode: 22 0 67893 22 0.01070713996887207
decode: 22 0 67915 22 0.010695934295654297
decode: 22 0 67937 22 0.010746955871582031
decode: 22 0 67959 22 0.010699033737182617
decode: 22 0 67981 22 0.010686635971069336
decode: 22 0 68003 22 0.010743141174316406
decode: 22 0 68025 22 0.010740280151367188
decode: 22 0 68047 22 0.010696887969970703
decode: 22 0 68069 22 0.010689258575439453
decode: 22 0 68091 22 0.01068258285522461
decode: 22 0 68113 22 0.010721921920776367
decode: 22 0 68135 22 0.010784387588500977
decode: 22 0 68157 22 0.010704994201660156
decode: 22 0 68179 22 0.010728597640991211
decode: 22 0 68201 22 0.010844707489013672
decode: 22 0 68223 22 0.01078939437866211
decode: 22 0 68245 22 0.010721445083618164
decode: 22 0 68267 22 0.010732412338256836
decode: 22 0 68289 22 0.010706424713134766
decode: 22 0 68311 22 0.010732173919677734
decode: 22 0 68333 22 0.010710954666137695
decode: 22 0 68355 22 0.010689735412597656
decode: 22 0 68377 22 0.010779619216918945
decode: 22 0 68399 22 0.010741710662841797
decode: 22 0 68421 22 0.01074981689453125
decode: 22 0 68443 22 0.010731220245361328
decode: 22 0 68465 22 0.010716676712036133
decode: 22 0 68487 22 0.010854005813598633
decode: 22 0 68509 22 0.010772466659545898
decode: 22 0 68531 22 0.010770559310913086
decode: 22 0 68553 22 0.010766983032226562
decode: 22 0 68575 22 0.010786294937133789
decode: 22 0 68597 22 0.010808467864990234
decode: 22 0 68619 22 0.010826826095581055
decode: 22 0 68641 22 0.010763883590698242
decode: 22 0 68663 22 0.010771512985229492
decode: 22 0 68685 22 0.010746479034423828
decode: 22 0 68707 22 0.01076054573059082
decode: 22 0 68729 22 0.010770320892333984
decode: 22 0 68751 22 0.010744094848632812
decode: 22 0 68773 22 0.010764122009277344
decode: 22 0 68795 22 0.010747671127319336
decode: 22 0 68817 22 0.010748147964477539
decode: 22 0 68839 22 0.010746240615844727
decode: 22 0 68861 22 0.01077413558959961
decode: 22 0 68883 22 0.010776519775390625
decode: 22 0 68905 22 0.010770559310913086
decode: 22 0 68927 22 0.010802030563354492
decode: 22 0 68949 22 0.010751485824584961
decode: 22 0 68971 22 0.010779857635498047
decode: 22 0 68993 22 0.01081538200378418
decode: 22 0 69015 22 0.01088261604309082
decode: 22 0 69037 22 0.01073908805847168
decode: 22 0 69059 22 0.01079416275024414
decode: 22 0 69081 22 0.010753870010375977
decode: 22 0 69103 22 0.010787487030029297
decode: 22 0 69125 22 0.010785818099975586
decode: 22 0 69147 22 0.010729789733886719
decode: 22 0 69169 22 0.010755062103271484
decode: 22 0 69191 22 0.010741233825683594
decode: 22 0 69213 22 0.010762214660644531
decode: 22 0 69235 22 0.010755062103271484
decode: 22 0 69257 22 0.010775566101074219
decode: 22 0 69279 22 0.010903358459472656
decode: 22 0 69301 22 0.01080942153930664
decode: 22 0 69323 22 0.010761022567749023
decode: 22 0 69345 22 0.010772228240966797
decode: 22 0 69367 22 0.010783910751342773
extend: 0 1 0 173 0.011645317077636719
decode: 22 0 68304 22 0.010787487030029297
decode: 21 0 64763 21 0.010667562484741211
decode: 21 0 64784 21 0.010605573654174805
decode: 21 0 64805 21 0.010571956634521484
decode: 21 0 64826 21 0.010573863983154297
decode: 21 0 64847 21 0.010568380355834961
decode: 21 0 64868 21 0.010629415512084961
decode: 21 0 64889 21 0.010629653930664062
decode: 21 0 64910 21 0.010602235794067383
decode: 21 0 64931 21 0.010691404342651367
decode: 21 0 64952 21 0.010586261749267578
decode: 21 0 64973 21 0.010610580444335938
decode: 21 0 64994 21 0.010584831237792969
decode: 21 0 65015 21 0.010610103607177734
decode: 21 0 65036 21 0.010622262954711914
decode: 21 0 65057 21 0.010626792907714844
decode: 21 0 65078 21 0.010561227798461914
decode: 21 0 65099 21 0.010571718215942383
decode: 21 0 65120 21 0.010619640350341797
decode: 21 0 65141 21 0.010579347610473633
decode: 21 0 65162 21 0.010565996170043945
decode: 21 0 65183 21 0.010594367980957031
decode: 21 0 65204 21 0.010619163513183594
decode: 21 0 65225 21 0.010602951049804688
decode: 21 0 65246 21 0.010703325271606445
decode: 21 0 65267 21 0.010591983795166016
decode: 21 0 65288 21 0.010615348815917969
decode: 21 0 65309 21 0.010600805282592773
decode: 21 0 65330 21 0.010762214660644531
decode: 21 0 65351 21 0.01062774658203125
decode: 21 0 65372 21 0.010593891143798828
decode: 21 0 65393 21 0.010569334030151367
decode: 21 0 65414 21 0.010576009750366211
decode: 21 0 65435 21 0.010569095611572266
decode: 21 0 65456 21 0.010662078857421875
decode: 21 0 65477 21 0.010604619979858398
decode: 21 0 65498 21 0.010554313659667969
decode: 21 0 65519 21 0.010562419891357422
decode: 21 0 65540 21 0.01057124137878418
decode: 21 0 65561 21 0.010593414306640625
decode: 21 0 65582 21 0.010596990585327148
decode: 21 0 65603 21 0.01058816909790039
decode: 21 0 65624 21 0.010623455047607422
decode: 21 0 65645 21 0.010663986206054688
decode: 21 0 65666 21 0.010637283325195312
decode: 21 0 65687 21 0.01062321662902832
decode: 21 0 65708 21 0.010640621185302734
decode: 21 0 65729 21 0.010624885559082031
decode: 21 0 65750 21 0.010613203048706055
decode: 21 0 65771 21 0.010612964630126953
decode: 21 0 65792 21 0.010603904724121094
decode: 21 0 65813 21 0.010614633560180664
decode: 21 0 65834 21 0.01060628890991211
decode: 21 0 65855 21 0.010610103607177734
decode: 21 0 65876 21 0.010719060897827148
decode: 21 0 65897 21 0.010645389556884766
decode: 21 0 65918 21 0.010610342025756836
decode: 21 0 65939 21 0.010681629180908203
decode: 21 0 65960 21 0.010625123977661133
decode: 21 0 65981 21 0.010633707046508789
decode: 21 0 66002 21 0.010620594024658203
decode: 21 0 66023 21 0.010619878768920898
decode: 21 0 66044 21 0.010656118392944336
decode: 21 0 66065 21 0.010630607604980469
decode: 21 0 66086 21 0.010659217834472656
decode: 21 0 66107 21 0.010629892349243164
decode: 21 0 66128 21 0.010613203048706055
decode: 21 0 66149 21 0.010607719421386719
decode: 21 0 66170 21 0.010617494583129883
decode: 21 0 66191 21 0.010608434677124023
decode: 21 0 66212 21 0.01065826416015625
decode: 21 0 66233 21 0.010656118392944336
decode: 21 0 66254 21 0.010635852813720703
decode: 21 0 66275 21 0.01063227653503418
decode: 21 0 66296 21 0.010618925094604492
decode: 21 0 66317 21 0.010625600814819336
decode: 21 0 66338 21 0.01065373420715332
decode: 21 0 66359 21 0.010630369186401367
decode: 21 0 66380 21 0.010621070861816406
decode: 21 0 66401 21 0.010743856430053711
decode: 21 0 66422 21 0.010621309280395508
decode: 21 0 66443 21 0.010635614395141602
extend: 0 1 0 1259 0.03130364418029785
decode: 22 0 67724 22 0.010890483856201172
decode: 22 0 67746 22 0.010823488235473633
decode: 22 0 67768 22 0.010759830474853516
decode: 22 0 67790 22 0.010775566101074219
decode: 22 0 67812 22 0.010767936706542969
decode: 22 0 67834 22 0.010796070098876953
decode: 22 0 67856 22 0.010835409164428711
decode: 22 0 67878 22 0.010784149169921875
decode: 22 0 67900 22 0.010773897171020508
decode: 22 0 67922 22 0.010797739028930664
decode: 22 0 67944 22 0.010872602462768555
decode: 22 0 67966 22 0.010782957077026367
decode: 22 0 67988 22 0.01078176498413086
decode: 22 0 68010 22 0.010792016983032227
decode: 22 0 68032 22 0.010810613632202148
decode: 22 0 68054 22 0.010784149169921875
decode: 22 0 68076 22 0.010808944702148438
decode: 22 0 68098 22 0.010793447494506836
decode: 22 0 68120 22 0.010888099670410156
decode: 22 0 68142 22 0.010796070098876953
decode: 22 0 68164 22 0.010773181915283203
decode: 22 0 68186 22 0.010778188705444336
decode: 22 0 68208 22 0.01080632209777832
decode: 22 0 68230 22 0.010795116424560547
decode: 22 0 68252 22 0.010816574096679688
decode: 22 0 68274 22 0.010799884796142578
decode: 22 0 68296 22 0.010861635208129883
decode: 22 0 68318 22 0.01078176498413086
decode: 22 0 68340 22 0.010805130004882812
decode: 22 0 68362 22 0.01074838638305664
decode: 22 0 68384 22 0.010844230651855469
decode: 22 0 68406 22 0.010779619216918945
decode: 21 0 67645 21 0.010697603225708008
decode: 21 0 67666 21 0.010764122009277344
decode: 21 0 67687 21 0.010749101638793945
decode: 21 0 67708 21 0.01084280014038086
decode: 21 0 67729 21 0.010706424713134766
decode: 21 0 67750 21 0.010706901550292969
decode: 21 0 67771 21 0.010690927505493164
decode: 21 0 67792 21 0.010859966278076172
decode: 21 0 67813 21 0.01078343391418457
decode: 21 0 67834 21 0.01076650619506836
decode: 21 0 67855 21 0.01075291633605957
decode: 21 0 67876 21 0.010756731033325195
decode: 21 0 67897 21 0.010736227035522461
decode: 21 0 67918 21 0.010812044143676758
decode: 21 0 67939 21 0.01077580451965332
decode: 21 0 67960 21 0.010744810104370117
decode: 20 0 62369 20 0.010502099990844727
extend: 0 1 0 2878 0.07174992561340332
decode: 21 0 65268 21 0.011301279067993164
decode: 21 0 65289 21 0.011257648468017578
decode: 21 0 65310 21 0.010924100875854492
decode: 21 0 65331 21 0.010875225067138672
decode: 21 0 65352 21 0.010697126388549805
decode: 21 0 65373 21 0.010692119598388672
decode: 21 0 65394 21 0.010657548904418945
decode: 21 0 65415 21 0.010648965835571289
decode: 21 0 65436 21 0.010726213455200195
decode: 21 0 65457 21 0.010615110397338867
decode: 21 0 65478 21 0.010615110397338867
decode: 21 0 65499 21 0.010631561279296875
decode: 21 0 65520 21 0.010614395141601562
decode: 21 0 65541 21 0.010615348815917969
decode: 21 0 65562 21 0.01067042350769043
decode: 21 0 65583 21 0.010593652725219727
decode: 21 0 65604 21 0.010638713836669922
decode: 21 0 65625 21 0.010620594024658203
decode: 21 0 65646 21 0.010650157928466797
decode: 21 0 65667 21 0.010616540908813477
decode: 21 0 65688 21 0.010647773742675781
decode: 21 0 65709 21 0.01061105728149414
decode: 21 0 65730 21 0.010607242584228516
decode: 21 0 65751 21 0.010614156723022461
extend: 0 1 0 3640 0.08807539939880371
decode: 22 0 69413 22 0.011814117431640625
decode: 22 0 69435 22 0.011771440505981445
decode: 22 0 69457 22 0.011693239212036133
decode: 22 0 69479 22 0.011707782745361328
decode: 22 0 69501 22 0.011477947235107422
decode: 22 0 69523 22 0.0110321044921875
decode: 22 0 69545 22 0.010977029800415039
decode: 22 0 69567 22 0.010959148406982422
decode: 22 0 69589 22 0.010943174362182617
decode: 22 0 69611 22 0.010949134826660156
decode: 22 0 69633 22 0.01089930534362793
decode: 22 0 69655 22 0.010910272598266602
decode: 22 0 69677 22 0.010916948318481445
decode: 22 0 69699 22 0.010912179946899414
decode: 21 0 65468 21 0.010648965835571289
decode: 21 0 65489 21 0.010643720626831055
decode: 21 0 65510 21 0.010643720626831055
decode: 21 0 65531 21 0.010627031326293945
decode: 21 0 65552 21 0.010757923126220703
decode: 21 0 65573 21 0.01073765754699707
decode: 21 0 65594 21 0.010631322860717773
decode: 21 0 65615 21 0.010610818862915039
decode: 21 0 65636 21 0.010748624801635742
decode: 21 0 65657 21 0.010627269744873047
decode: 21 0 65678 21 0.010610818862915039
decode: 21 0 65699 21 0.010648250579833984
decode: 21 0 65720 21 0.010620355606079102
decode: 21 0 65741 21 0.01059579849243164
decode: 21 0 65762 21 0.010611772537231445
decode: 21 0 65783 21 0.010637760162353516
decode: 21 0 65804 21 0.010642528533935547
decode: 21 0 65825 21 0.01060795783996582
decode: 21 0 65846 21 0.010616064071655273
decode: 21 0 65867 21 0.010591268539428711
decode: 21 0 65888 21 0.010558843612670898
decode: 21 0 65909 21 0.010571956634521484
decode: 21 0 65930 21 0.010571002960205078
decode: 21 0 65951 21 0.01054525375366211
decode: 21 0 65972 21 0.010625362396240234
decode: 21 0 65993 21 0.010597944259643555
decode: 21 0 66014 21 0.010715484619140625
decode: 21 0 66035 21 0.010598182678222656
decode: 21 0 66056 21 0.010636568069458008
decode: 21 0 66077 21 0.01066446304321289
decode: 21 0 66098 21 0.010615110397338867
decode: 21 0 66119 21 0.010606527328491211
decode: 21 0 66140 21 0.010631561279296875
decode: 21 0 66161 21 0.010637521743774414
decode: 21 0 66182 21 0.010632038116455078
decode: 21 0 66203 21 0.010648965835571289
decode: 21 0 66224 21 0.010630130767822266
decode: 21 0 66245 21 0.010694265365600586
decode: 21 0 66266 21 0.01063084602355957
decode: 21 0 66287 21 0.010613203048706055
decode: 21 0 66308 21 0.010646581649780273
decode: 21 0 66329 21 0.010612010955810547
decode: 21 0 66350 21 0.01063084602355957
decode: 21 0 66371 21 0.010604381561279297
decode: 21 0 66392 21 0.010668516159057617
decode: 21 0 66413 21 0.010659933090209961
decode: 21 0 66434 21 0.010645866394042969
decode: 21 0 66455 21 0.010609626770019531
decode: 21 0 66476 21 0.010623931884765625
decode: 21 0 66497 21 0.010638236999511719
decode: 21 0 66518 21 0.010651826858520508
decode: 21 0 66539 21 0.01062631607055664
decode: 21 0 66560 21 0.010641336441040039
decode: 21 0 66581 21 0.010639429092407227
decode: 21 0 66602 21 0.010678291320800781
decode: 21 0 66623 21 0.010699748992919922
decode: 21 0 66644 21 0.010790348052978516
decode: 21 0 66665 21 0.010677337646484375
decode: 21 0 66686 21 0.010646343231201172
decode: 21 0 66707 21 0.010660409927368164
decode: 21 0 66728 21 0.01068568229675293
extend: 0 1 0 369 0.014429807662963867
decode: 22 0 67119 22 0.010732650756835938
decode: 22 0 67141 22 0.010676383972167969
decode: 22 0 67163 22 0.010641813278198242
decode: 22 0 67185 22 0.010626792907714844
decode: 22 0 67207 22 0.010659933090209961
decode: 22 0 67229 22 0.010631084442138672
decode: 22 0 67251 22 0.010631084442138672
decode: 22 0 67273 22 0.010617971420288086
decode: 22 0 67295 22 0.010619401931762695
decode: 22 0 67317 22 0.010619401931762695
decode: 22 0 67339 22 0.010632038116455078
decode: 22 0 67361 22 0.010645151138305664
decode: 22 0 67383 22 0.010655403137207031
decode: 22 0 67405 22 0.010650157928466797
decode: 22 0 67427 22 0.010659217834472656
decode: 22 0 67449 22 0.010644197463989258
decode: 22 0 67471 22 0.010645151138305664
decode: 22 0 67493 22 0.010681390762329102
decode: 22 0 67515 22 0.010629415512084961
decode: 22 0 67537 22 0.010637283325195312
decode: 22 0 67559 22 0.01062917709350586
decode: 22 0 67581 22 0.010624408721923828
decode: 22 0 67603 22 0.010614395141601562
decode: 22 0 67625 22 0.010636091232299805
decode: 22 0 67647 22 0.010687112808227539
decode: 22 0 67669 22 0.010639429092407227
decode: 22 0 67691 22 0.010623693466186523
decode: 22 0 67713 22 0.010821104049682617
decode: 21 0 62869 21 0.0104522705078125
extend: 0 2 0 4932 0.11942505836486816
decode: 23 0 67824 23 0.011551380157470703
decode: 23 0 67847 23 0.011499881744384766
decode: 23 0 67870 23 0.011266469955444336
decode: 23 0 67893 23 0.010869264602661133
decode: 23 0 67916 23 0.010797262191772461
decode: 23 0 67939 23 0.010726690292358398
decode: 23 0 67962 23 0.010766744613647461
decode: 23 0 67985 23 0.01072835922241211
decode: 23 0 68008 23 0.010676860809326172
decode: 23 0 68031 23 0.010756492614746094
decode: 23 0 68054 23 0.010682106018066406
decode: 23 0 68077 23 0.010654687881469727
decode: 23 0 68100 23 0.010661125183105469
decode: 23 0 68123 23 0.010775327682495117
decode: 23 0 68146 23 0.010737180709838867
decode: 23 0 68169 23 0.010782003402709961
decode: 23 0 68192 23 0.010720014572143555
decode: 23 0 68215 23 0.010744571685791016
decode: 23 0 68238 23 0.010729074478149414
decode: 23 0 68261 23 0.010800838470458984
decode: 23 0 68284 23 0.01072835922241211
decode: 23 0 68307 23 0.010727405548095703
decode: 23 0 68330 23 0.010737895965576172
decode: 23 0 68353 23 0.010728120803833008
decode: 23 0 68376 23 0.010743379592895508
decode: 23 0 68399 23 0.010735273361206055
decode: 23 0 68422 23 0.010729551315307617
decode: 23 0 68445 23 0.010718822479248047
decode: 23 0 68468 23 0.010768651962280273
decode: 23 0 68491 23 0.010746002197265625
decode: 23 0 68514 23 0.010735034942626953
decode: 23 0 68537 23 0.010718822479248047
decode: 23 0 68560 23 0.010765314102172852
decode: 23 0 68583 23 0.010721445083618164
decode: 23 0 68606 23 0.010698556900024414
decode: 23 0 68629 23 0.010704278945922852
decode: 23 0 68652 23 0.010705947875976562
decode: 23 0 68675 23 0.010684967041015625
decode: 23 0 68698 23 0.010708332061767578
decode: 23 0 68721 23 0.01069498062133789
decode: 23 0 68744 23 0.010695695877075195
decode: 22 0 66311 22 0.010699748992919922
extend: 0 1 0 2562 0.06366276741027832
decode: 23 0 68896 23 0.011454105377197266
decode: 23 0 68919 23 0.011007547378540039
decode: 23 0 68942 23 0.010997772216796875
decode: 23 0 68965 23 0.010986566543579102
decode: 23 0 68988 23 0.010874032974243164
decode: 23 0 69011 23 0.010858774185180664
decode: 23 0 69034 23 0.010846376419067383
decode: 23 0 69057 23 0.010793447494506836
decode: 23 0 69080 23 0.010761022567749023
decode: 23 0 69103 23 0.010792732238769531
decode: 23 0 69126 23 0.010761737823486328
decode: 23 0 69149 23 0.010806560516357422
decode: 23 0 69172 23 0.010763168334960938
decode: 23 0 69195 23 0.010765552520751953
decode: 23 0 69218 23 0.01078033447265625
decode: 23 0 69241 23 0.010771036148071289
decode: 23 0 69264 23 0.010825395584106445
decode: 23 0 69287 23 0.01078486442565918
decode: 23 0 69310 23 0.010789871215820312
decode: 23 0 69333 23 0.010886192321777344
decode: 23 0 69356 23 0.010782003402709961
decode: 23 0 69379 23 0.010793685913085938
decode: 23 0 69402 23 0.010805368423461914
decode: 23 0 69425 23 0.010851144790649414
decode: 21 0 66382 21 0.010673284530639648
extend: 0 1 0 1915 0.04542875289916992
decode: 22 0 68319 22 0.01146078109741211
decode: 21 0 62928 21 0.011027812957763672
extend: 0 4 0 5832 0.13850092887878418
decode: 25 0 68785 25 0.011922121047973633
decode: 25 0 68810 25 0.011831283569335938
decode: 25 0 68835 25 0.01183938980102539
decode: 24 0 66986 24 0.010926485061645508
decode: 24 0 67010 24 0.010707616806030273
decode: 24 0 67034 24 0.010688543319702148
decode: 24 0 67058 24 0.010649919509887695
decode: 24 0 67082 24 0.010657310485839844
decode: 24 0 67106 24 0.010640382766723633
decode: 24 0 67130 24 0.010612964630126953
decode: 24 0 67154 24 0.010631561279296875
decode: 24 0 67178 24 0.010641813278198242
decode: 24 0 67202 24 0.010646820068359375
decode: 24 0 67226 24 0.010654211044311523
decode: 24 0 67250 24 0.010683774948120117
decode: 24 0 67274 24 0.010680913925170898
decode: 24 0 67298 24 0.010687112808227539
decode: 24 0 67322 24 0.010728597640991211
decode: 24 0 67346 24 0.01070713996887207
decode: 24 0 67370 24 0.010757923126220703
decode: 23 0 63811 23 0.01068878173828125
extend: 0 1 0 2896 0.07116174697875977
decode: 24 0 66731 24 0.011268138885498047
decode: 24 0 66755 24 0.011107683181762695
decode: 24 0 66779 24 0.010940313339233398
decode: 24 0 66803 24 0.01102304458618164
decode: 24 0 66827 24 0.010772705078125
decode: 24 0 66851 24 0.010664939880371094
decode: 24 0 66875 24 0.010776042938232422
decode: 24 0 66899 24 0.01066899299621582
decode: 24 0 66923 24 0.010633230209350586
decode: 24 0 66947 24 0.01065206527709961
decode: 24 0 66971 24 0.010664939880371094
decode: 24 0 66995 24 0.010657072067260742
decode: 24 0 67019 24 0.010653495788574219
extend: 0 1 0 1203 0.03181123733520508
decode: 25 0 68247 25 0.011251688003540039
decode: 25 0 68272 25 0.011056184768676758
decode: 25 0 68297 25 0.011108875274658203
decode: 25 0 68322 25 0.011007070541381836
decode: 25 0 68347 25 0.010986804962158203
decode: 25 0 68372 25 0.010986804962158203
decode: 25 0 68397 25 0.010979175567626953
decode: 25 0 68422 25 0.010976076126098633
decode: 25 0 68447 25 0.011002302169799805
decode: 25 0 68472 25 0.011108160018920898
decode: 25 0 68497 25 0.010989665985107422
decode: 25 0 68522 25 0.011001348495483398
decode: 25 0 68547 25 0.010993480682373047
decode: 25 0 68572 25 0.010996580123901367
decode: 25 0 68597 25 0.010999202728271484
decode: 25 0 68622 25 0.010991334915161133
decode: 25 0 68647 25 0.011000633239746094
decode: 25 0 68672 25 0.01100611686706543
decode: 25 0 68697 25 0.011060476303100586
decode: 25 0 68722 25 0.011015892028808594
decode: 25 0 68747 25 0.011003255844116211
decode: 25 0 68772 25 0.011117219924926758
decode: 25 0 68797 25 0.011022329330444336
decode: 25 0 68822 25 0.011224746704101562
decode: 24 0 67619 24 0.010696649551391602
decode: 24 0 67643 24 0.010710954666137695
decode: 24 0 67667 24 0.010690927505493164
decode: 24 0 67691 24 0.010726690292358398
decode: 24 0 67715 24 0.01076817512512207
decode: 24 0 67739 24 0.010709762573242188
decode: 24 0 67763 24 0.010671377182006836
decode: 24 0 67787 24 0.010657548904418945
decode: 24 0 67811 24 0.010669946670532227
decode: 24 0 67835 24 0.010643959045410156
decode: 24 0 67859 24 0.0106964111328125
decode: 24 0 67883 24 0.010643482208251953
decode: 24 0 67907 24 0.010663747787475586
decode: 24 0 67931 24 0.010663986206054688
decode: 24 0 67955 24 0.010761499404907227
decode: 24 0 67979 24 0.010663509368896484
decode: 24 0 68003 24 0.010717391967773438
decode: 24 0 68027 24 0.010709762573242188
decode: 24 0 68051 24 0.010708808898925781
decode: 24 0 68075 24 0.01071786880493164
decode: 24 0 68099 24 0.010697126388549805
decode: 24 0 68123 24 0.010704755783081055
decode: 24 0 68147 24 0.010687828063964844
decode: 24 0 68171 24 0.010749578475952148
decode: 24 0 68195 24 0.010703086853027344
decode: 24 0 68219 24 0.010694503784179688
decode: 24 0 68243 24 0.010772943496704102
decode: 24 0 68267 24 0.010727167129516602
decode: 24 0 68291 24 0.010709285736083984
decode: 24 0 68315 24 0.010731220245361328
decode: 24 0 68339 24 0.010720491409301758
decode: 24 0 68363 24 0.010703086853027344
decode: 24 0 68387 24 0.010719060897827148
decode: 24 0 68411 24 0.010773181915283203
decode: 24 0 68435 24 0.010706186294555664
decode: 24 0 68459 24 0.010805368423461914
decode: 24 0 68483 24 0.010706186294555664
decode: 24 0 68507 24 0.010701894760131836
decode: 24 0 68531 24 0.010690689086914062
decode: 24 0 68555 24 0.010703325271606445
decode: 24 0 68579 24 0.01069188117980957
decode: 24 0 68603 24 0.010788679122924805
decode: 24 0 68627 24 0.010722637176513672
decode: 24 0 68651 24 0.010711669921875
decode: 24 0 68675 24 0.010764360427856445
decode: 24 0 68699 24 0.010813236236572266
decode: 24 0 68723 24 0.010773897171020508
decode: 24 0 68747 24 0.01077890396118164
decode: 24 0 68771 24 0.010790109634399414
decode: 24 0 68795 24 0.010780096054077148
decode: 24 0 68819 24 0.010782718658447266
decode: 24 0 68843 24 0.010746240615844727
decode: 24 0 68867 24 0.010772466659545898
decode: 24 0 68891 24 0.010730981826782227
decode: 24 0 68915 24 0.010742425918579102
decode: 23 0 63810 23 0.010535955429077148
extend: 0 2 0 3759 0.08827781677246094
decode: 25 0 67594 25 0.01158595085144043
decode: 25 0 67619 25 0.011248350143432617
decode: 25 0 67644 25 0.01133108139038086
decode: 25 0 67669 25 0.011198759078979492
decode: 25 0 67694 25 0.011147260665893555
decode: 25 0 67719 25 0.011017560958862305
decode: 25 0 67744 25 0.011011123657226562
decode: 25 0 67769 25 0.011011362075805664
decode: 24 0 64898 24 0.010740280151367188
decode: 24 0 64922 24 0.010687589645385742
decode: 24 0 64946 24 0.010670185089111328
decode: 23 0 64343 23 0.010659456253051758
decode: 23 0 64366 23 0.010697126388549805
decode: 23 0 64389 23 0.01073145866394043
decode: 23 0 64412 23 0.010661125183105469
decode: 23 0 64435 23 0.010683059692382812
decode: 23 0 64458 23 0.010840654373168945
decode: 23 0 64481 23 0.010699748992919922
decode: 23 0 64504 23 0.010636568069458008
decode: 23 0 64527 23 0.010592460632324219
decode: 23 0 64550 23 0.010584592819213867
decode: 23 0 64573 23 0.010693550109863281
decode: 23 0 64596 23 0.01061391830444336
decode: 23 0 64619 23 0.010642766952514648
decode: 23 0 64642 23 0.010588407516479492
decode: 23 0 64665 23 0.010608434677124023
decode: 23 0 64688 23 0.010607242584228516
decode: 23 0 64711 23 0.01061701774597168
decode: 23 0 64734 23 0.010614633560180664
decode: 23 0 64757 23 0.010606765747070312
decode: 23 0 64780 23 0.010617256164550781
decode: 23 0 64803 23 0.010594367980957031
decode: 23 0 64826 23 0.010564804077148438
decode: 23 0 64849 23 0.010643959045410156
decode: 23 0 64872 23 0.010634183883666992
decode: 23 0 64895 23 0.010611295700073242
decode: 23 0 64918 23 0.010599374771118164
decode: 23 0 64941 23 0.010570049285888672
decode: 23 0 64964 23 0.010544061660766602
decode: 23 0 64987 23 0.010568618774414062
decode: 23 0 65010 23 0.010561943054199219
decode: 23 0 65033 23 0.010576486587524414
decode: 23 0 65056 23 0.01054072380065918
decode: 23 0 65079 23 0.010544776916503906
decode: 23 0 65102 23 0.010567903518676758
decode: 23 0 65125 23 0.010632038116455078
decode: 23 0 65148 23 0.010641098022460938
decode: 23 0 65171 23 0.010573863983154297
decode: 23 0 65194 23 0.010584831237792969
decode: 23 0 65217 23 0.010594367980957031
decode: 23 0 65240 23 0.010596990585327148
decode: 23 0 65263 23 0.010608911514282227
decode: 23 0 65286 23 0.010570764541625977
decode: 23 0 65309 23 0.010562658309936523
decode: 23 0 65332 23 0.010564088821411133
decode: 23 0 65355 23 0.010570287704467773
decode: 23 0 65378 23 0.010605573654174805
decode: 23 0 65401 23 0.010575532913208008
decode: 23 0 65424 23 0.010580301284790039
decode: 23 0 65447 23 0.010583639144897461
decode: 23 0 65470 23 0.010576486587524414
decode: 23 0 65493 23 0.010693073272705078
decode: 23 0 65516 23 0.010660648345947266
decode: 23 0 65539 23 0.010595560073852539
decode: 23 0 65562 23 0.010590553283691406
decode: 23 0 65585 23 0.010600805282592773
decode: 23 0 65608 23 0.010586261749267578
decode: 23 0 65631 23 0.010598182678222656
decode: 23 0 65654 23 0.010637521743774414
decode: 23 0 65677 23 0.010573387145996094
decode: 23 0 65700 23 0.01056051254272461
decode: 23 0 65723 23 0.010554790496826172
decode: 23 0 65746 23 0.01056814193725586
decode: 23 0 65769 23 0.010564565658569336
decode: 23 0 65792 23 0.01056981086730957
decode: 23 0 65815 23 0.010622262954711914
decode: 23 0 65838 23 0.010566234588623047
decode: 23 0 65861 23 0.010567903518676758
decode: 23 0 65884 23 0.010645389556884766
decode: 23 0 65907 23 0.010682106018066406
decode: 23 0 65930 23 0.010587692260742188
decode: 23 0 65953 23 0.010592937469482422
decode: 23 0 65976 23 0.010581016540527344
decode: 23 0 65999 23 0.010607242584228516
extend: 0 1 0 3354 0.08529138565063477
decode: 24 0 69377 24 0.01146245002746582
decode: 24 0 69401 24 0.011385202407836914
decode: 24 0 69425 24 0.011123418807983398
decode: 24 0 69449 24 0.011141777038574219
decode: 24 0 69473 24 0.011152982711791992
decode: 24 0 69497 24 0.010911226272583008
decode: 24 0 69521 24 0.010897636413574219
decode: 24 0 69545 24 0.010894775390625
decode: 24 0 69569 24 0.010900259017944336
decode: 24 0 69593 24 0.010952472686767578
decode: 24 0 69617 24 0.010884761810302734
decode: 24 0 69641 24 0.010923385620117188
decode: 24 0 69665 24 0.010879278182983398
decode: 24 0 69689 24 0.010871171951293945
decode: 23 0 66344 23 0.010709762573242188
decode: 23 0 66367 23 0.01071476936340332
decode: 23 0 66390 23 0.010804414749145508
decode: 23 0 66413 23 0.010705709457397461
decode: 23 0 66436 23 0.010707378387451172
decode: 23 0 66459 23 0.01068425178527832
decode: 23 0 66482 23 0.010690450668334961
decode: 23 0 66505 23 0.010692596435546875
decode: 23 0 66528 23 0.010694503784179688
decode: 23 0 66551 23 0.010689973831176758
decode: 23 0 66574 23 0.01068568229675293
decode: 23 0 66597 23 0.010689973831176758
decode: 23 0 66620 23 0.010674715042114258
decode: 23 0 66643 23 0.010703086853027344
decode: 23 0 66666 23 0.010705709457397461
decode: 23 0 66689 23 0.010705947875976562
decode: 23 0 66712 23 0.01070261001586914
decode: 23 0 66735 23 0.010759830474853516
decode: 23 0 66758 23 0.01071023941040039
decode: 23 0 66781 23 0.010663032531738281
decode: 23 0 66804 23 0.010656595230102539
decode: 23 0 66827 23 0.010763883590698242
decode: 23 0 66850 23 0.01068568229675293
decode: 23 0 66873 23 0.010688066482543945
decode: 23 0 66896 23 0.01064920425415039
decode: 23 0 66919 23 0.010649919509887695
decode: 23 0 66942 23 0.010690450668334961
decode: 23 0 66965 23 0.010631322860717773
decode: 23 0 66988 23 0.010648965835571289
decode: 23 0 67011 23 0.010640859603881836
decode: 23 0 67034 23 0.010658979415893555
decode: 23 0 67057 23 0.010674238204956055
decode: 23 0 67080 23 0.010655403137207031
decode: 23 0 67103 23 0.01068258285522461
decode: 23 0 67126 23 0.010903120040893555
decode: 23 0 67149 23 0.010671138763427734
decode: 23 0 67172 23 0.010668516159057617
decode: 23 0 67195 23 0.010662317276000977
decode: 23 0 67218 23 0.010653495788574219
decode: 23 0 67241 23 0.010645151138305664
decode: 23 0 67264 23 0.010650157928466797
decode: 23 0 67287 23 0.01065206527709961
decode: 23 0 67310 23 0.010715484619140625
decode: 23 0 67333 23 0.010656118392944336
decode: 23 0 67356 23 0.010647296905517578
decode: 23 0 67379 23 0.010640144348144531
decode: 23 0 67402 23 0.010699272155761719
decode: 23 0 67425 23 0.01066899299621582
decode: 23 0 67448 23 0.010718584060668945
decode: 23 0 67471 23 0.010670185089111328
decode: 23 0 67494 23 0.01066136360168457
decode: 23 0 67517 23 0.010678768157958984
decode: 23 0 67540 23 0.010664701461791992
decode: 23 0 67563 23 0.010680198669433594
decode: 23 0 67586 23 0.010668039321899414
decode: 22 0 63006 22 0.010439157485961914
extend: 0 1 0 2557 0.06130504608154297
decode: 23 0 65586 23 0.011187553405761719
extend: 0 1 0 3613 0.09018993377685547
decode: 24 0 69223 24 0.011763334274291992
decode: 24 0 69247 24 0.011399984359741211
decode: 24 0 69271 24 0.011072158813476562
decode: 24 0 69295 24 0.010921716690063477
decode: 24 0 69319 24 0.010899066925048828
decode: 24 0 69343 24 0.010910511016845703
decode: 24 0 69367 24 0.010903596878051758
decode: 24 0 69391 24 0.010950326919555664
decode: 24 0 69415 24 0.010808467864990234
decode: 24 0 69439 24 0.01080632209777832
decode: 24 0 69463 24 0.010810613632202148
decode: 24 0 69487 24 0.010799407958984375
decode: 24 0 69511 24 0.010856389999389648
decode: 24 0 69535 24 0.010792732238769531
decode: 24 0 69559 24 0.010839700698852539
decode: 24 0 69583 24 0.010855913162231445
decode: 24 0 69607 24 0.010864496231079102
decode: 24 0 69631 24 0.010902881622314453
decode: 24 0 69655 24 0.010860443115234375
decode: 24 0 69679 24 0.010856389999389648
decode: 24 0 69703 24 0.01084280014038086
decode: 24 0 69727 24 0.010844230651855469
decode: 23 0 66115 23 0.010741949081420898
decode: 23 0 66138 23 0.010680198669433594
decode: 23 0 66161 23 0.010643243789672852
decode: 23 0 66184 23 0.010650396347045898
decode: 23 0 66207 23 0.010627985000610352
decode: 23 0 66230 23 0.010651350021362305
decode: 23 0 66253 23 0.010640144348144531
decode: 23 0 66276 23 0.010612249374389648
decode: 23 0 66299 23 0.01061868667602539
decode: 23 0 66322 23 0.010603904724121094
decode: 23 0 66345 23 0.010594367980957031
decode: 23 0 66368 23 0.010595083236694336
decode: 23 0 66391 23 0.010591268539428711
decode: 23 0 66414 23 0.010654687881469727
decode: 23 0 66437 23 0.010684013366699219
decode: 22 0 62152 22 0.0103912353515625
extend: 0 1 0 3636 0.0903475284576416
decode: 23 0 65811 23 0.011429548263549805
decode: 23 0 65834 23 0.01139378547668457
decode: 23 0 65857 23 0.011043310165405273
decode: 23 0 65880 23 0.010825157165527344
decode: 23 0 65903 23 0.010698318481445312
decode: 23 0 65926 23 0.010692358016967773
decode: 23 0 65949 23 0.010704278945922852
decode: 23 0 65972 23 0.010698080062866211
decode: 22 0 64617 22 0.010590791702270508
decode: 22 0 64639 22 0.010641098022460938
decode: 22 0 64661 22 0.010628938674926758
decode: 22 0 64683 22 0.010598897933959961
decode: 22 0 64705 22 0.01062774658203125
decode: 22 0 64727 22 0.010659933090209961
decode: 22 0 64749 22 0.010614395141601562
decode: 22 0 64771 22 0.010592460632324219
decode: 22 0 64793 22 0.01058197021484375
decode: 22 0 64815 22 0.010590076446533203
decode: 22 0 64837 22 0.01057744026184082
decode: 22 0 64859 22 0.010593414306640625
decode: 22 0 64881 22 0.01059865951538086
decode: 22 0 64903 22 0.010584592819213867
decode: 22 0 64925 22 0.010645151138305664
decode: 22 0 64947 22 0.010591506958007812
decode: 22 0 64969 22 0.010642766952514648
decode: 22 0 64991 22 0.01065683364868164
decode: 22 0 65013 22 0.01063227653503418
decode: 22 0 65035 22 0.010676860809326172
decode: 22 0 65057 22 0.010638713836669922
decode: 22 0 65079 22 0.010636329650878906
decode: 22 0 65101 22 0.010610818862915039
decode: 22 0 65123 22 0.010606050491333008
decode: 22 0 65145 22 0.010608911514282227
decode: 22 0 65167 22 0.010596513748168945
decode: 22 0 65189 22 0.010612010955810547
decode: 22 0 65211 22 0.01059722900390625
decode: 22 0 65233 22 0.010655879974365234
decode: 22 0 65255 22 0.010601997375488281
decode: 22 0 65277 22 0.010596990585327148
decode: 22 0 65299 22 0.010580778121948242
decode: 22 0 65321 22 0.01059579849243164
decode: 22 0 65343 22 0.010607242584228516
decode: 22 0 65365 22 0.010646343231201172
decode: 22 0 65387 22 0.010611534118652344
decode: 22 0 65409 22 0.01069331169128418
decode: 22 0 65431 22 0.010595321655273438
decode: 22 0 65453 22 0.010580778121948242
decode: 22 0 65475 22 0.010586261749267578
decode: 22 0 65497 22 0.010684013366699219
decode: 22 0 65519 22 0.010647773742675781
decode: 22 0 65541 22 0.010631322860717773
decode: 22 0 65563 22 0.010658025741577148
decode: 22 0 65585 22 0.010650634765625
decode: 22 0 65607 22 0.010636091232299805
decode: 22 0 65629 22 0.01073598861694336
decode: 22 0 65651 22 0.010653018951416016
decode: 22 0 65673 22 0.010667085647583008
decode: 22 0 65695 22 0.010712146759033203
decode: 22 0 65717 22 0.01064443588256836
decode: 22 0 65739 22 0.01066279411315918
decode: 22 0 65761 22 0.010669946670532227
decode: 22 0 65783 22 0.010670661926269531
decode: 22 0 65805 22 0.010659933090209961
decode: 22 0 65827 22 0.010709762573242188
decode: 22 0 65849 22 0.010692358016967773
decode: 22 0 65871 22 0.010743379592895508
decode: 22 0 65893 22 0.010635137557983398
decode: 22 0 65915 22 0.010629653930664062
decode: 22 0 65937 22 0.010620832443237305
decode: 22 0 65959 22 0.010637998580932617
decode: 22 0 65981 22 0.010641813278198242
decode: 22 0 66003 22 0.010651826858520508
decode: 21 0 62752 21 0.010448694229125977
decode: 21 0 62773 21 0.010486841201782227
decode: 21 0 62794 21 0.010449886322021484
decode: 21 0 62815 21 0.010457515716552734
decode: 21 0 62836 21 0.010450601577758789
decode: 21 0 62857 21 0.010463714599609375
decode: 21 0 62878 21 0.0105743408203125
decode: 21 0 62899 21 0.010458946228027344
decode: 21 0 62920 21 0.010445356369018555
decode: 21 0 62941 21 0.010434865951538086
decode: 21 0 62962 21 0.010416984558105469
decode: 21 0 62983 21 0.010445356369018555
decode: 21 0 63004 21 0.01048588752746582
decode: 21 0 63025 21 0.010439157485961914
decode: 21 0 63046 21 0.010517597198486328
decode: 21 0 63067 21 0.010432958602905273
decode: 21 0 63088 21 0.010435819625854492
decode: 21 0 63109 21 0.010540008544921875
decode: 21 0 63130 21 0.010452508926391602
decode: 21 0 63151 21 0.010455131530761719
decode: 20 0 61368 20 0.010454654693603516
decode: 20 0 61388 20 0.010399818420410156
decode: 20 0 61408 20 0.01041722297668457
decode: 20 0 61428 20 0.010423421859741211
decode: 20 0 61448 20 0.010390043258666992
decode: 20 0 61468 20 0.010401725769042969
decode: 20 0 61488 20 0.010372400283813477
decode: 20 0 61508 20 0.01055455207824707
decode: 20 0 61528 20 0.010483980178833008
decode: 20 0 61548 20 0.010414361953735352
decode: 20 0 61568 20 0.010463714599609375
decode: 20 0 61588 20 0.010432243347167969
decode: 20 0 61608 20 0.010426044464111328
decode: 20 0 61628 20 0.010433435440063477
decode: 20 0 61648 20 0.010473966598510742
decode: 20 0 61668 20 0.010449647903442383
decode: 20 0 61688 20 0.010448217391967773
decode: 20 0 61708 20 0.010439872741699219
decode: 20 0 61728 20 0.010503530502319336
decode: 20 0 61748 20 0.010459661483764648
decode: 20 0 61768 20 0.010441064834594727
decode: 20 0 61788 20 0.010444879531860352
decode: 20 0 61808 20 0.010453462600708008
decode: 20 0 61828 20 0.010427474975585938
decode: 20 0 61848 20 0.010428905487060547
decode: 20 0 61868 20 0.010425567626953125
decode: 20 0 61888 20 0.010428428649902344
decode: 20 0 61908 20 0.010436058044433594
decode: 20 0 61928 20 0.010431051254272461
decode: 19 0 57280 19 0.010219335556030273
decode: 19 0 57299 19 0.010233402252197266
decode: 18 0 55778 18 0.010189533233642578
decode: 18 0 55796 18 0.010311365127563477
decode: 18 0 55814 18 0.010293245315551758
decode: 18 0 55832 18 0.01038670539855957
decode: 18 0 55850 18 0.010282754898071289
decode: 18 0 55868 18 0.010263919830322266
decode: 18 0 55886 18 0.010382652282714844
decode: 18 0 55904 18 0.010264396667480469
decode: 18 0 55922 18 0.010266542434692383
decode: 18 0 55940 18 0.010243654251098633
decode: 18 0 55958 18 0.010273933410644531
decode: 18 0 55976 18 0.010256052017211914
decode: 18 0 55994 18 0.010295391082763672
decode: 18 0 56012 18 0.010133504867553711
decode: 18 0 56030 18 0.010149955749511719
decode: 18 0 56048 18 0.01015019416809082
decode: 18 0 56066 18 0.010230779647827148
decode: 18 0 56084 18 0.010154485702514648
decode: 18 0 56102 18 0.010209083557128906
decode: 18 0 56120 18 0.01019430160522461
decode: 18 0 56138 18 0.010216951370239258
decode: 18 0 56156 18 0.010197639465332031
decode: 18 0 56174 18 0.010245323181152344
decode: 18 0 56192 18 0.010205745697021484
decode: 18 0 56210 18 0.010183334350585938
decode: 18 0 56228 18 0.010195016860961914
decode: 18 0 56246 18 0.010211467742919922
decode: 18 0 56264 18 0.010192155838012695
decode: 18 0 56282 18 0.010181903839111328
decode: 18 0 56300 18 0.010202646255493164
decode: 18 0 56318 18 0.010207414627075195
decode: 18 0 56336 18 0.01021122932434082
decode: 18 0 56354 18 0.010198593139648438
decode: 18 0 56372 18 0.010292291641235352
decode: 18 0 56390 18 0.010204076766967773
decode: 18 0 56408 18 0.01018667221069336
decode: 18 0 56426 18 0.01017141342163086
decode: 18 0 56444 18 0.01029658317565918
decode: 18 0 56462 18 0.010187864303588867
decode: 18 0 56480 18 0.010193824768066406
decode: 18 0 56498 18 0.010198354721069336
decode: 18 0 56516 18 0.010293006896972656
decode: 18 0 56534 18 0.010202407836914062
decode: 18 0 56552 18 0.010182857513427734
decode: 18 0 56570 18 0.010207891464233398
decode: 18 0 56588 18 0.010267496109008789
decode: 18 0 56606 18 0.010215044021606445
decode: 18 0 56624 18 0.010208368301391602
decode: 18 0 56642 18 0.010208368301391602
decode: 18 0 56660 18 0.010210990905761719
decode: 18 0 56678 18 0.0103302001953125
decode: 18 0 56696 18 0.010201692581176758
decode: 18 0 56714 18 0.010199546813964844
decode: 18 0 56732 18 0.010205268859863281
decode: 18 0 56750 18 0.010191202163696289
decode: 18 0 56768 18 0.01016998291015625
decode: 18 0 56786 18 0.010243415832519531
decode: 18 0 56804 18 0.01030421257019043
decode: 18 0 56822 18 0.010195493698120117
decode: 18 0 56840 18 0.010227203369140625
decode: 18 0 56858 18 0.010237455368041992
decode: 18 0 56876 18 0.010299921035766602
decode: 18 0 56894 18 0.010211706161499023
decode: 18 0 56912 18 0.010199546813964844
decode: 17 0 52769 17 0.01004934310913086
decode: 17 0 52786 17 0.010001897811889648
decode: 16 0 48908 16 0.009626150131225586
decode: 16 0 48924 16 0.009502649307250977
decode: 16 0 48940 16 0.009544849395751953
decode: 16 0 48956 16 0.009498834609985352
decode: 16 0 48972 16 0.009579658508300781
decode: 16 0 48988 16 0.009529352188110352
decode: 16 0 49004 16 0.009517192840576172
decode: 16 0 49020 16 0.009492635726928711
decode: 16 0 49036 16 0.009513139724731445
decode: 16 0 49052 16 0.009564876556396484
decode: 16 0 49068 16 0.009536027908325195
decode: 16 0 49084 16 0.009580612182617188
decode: 16 0 49100 16 0.009491205215454102
decode: 16 0 49116 16 0.009499788284301758
decode: 16 0 49132 16 0.009492158889770508
decode: 16 0 49148 16 0.009469985961914062
decode: 16 0 49164 16 0.009479284286499023
decode: 16 0 49180 16 0.009481191635131836
decode: 16 0 49196 16 0.009462594985961914
decode: 16 0 49212 16 0.009497404098510742
decode: 16 0 49228 16 0.00951528549194336
decode: 16 0 49244 16 0.009478330612182617
decode: 16 0 49260 16 0.009498119354248047
decode: 16 0 49276 16 0.009505987167358398
decode: 16 0 49292 16 0.009501457214355469
decode: 16 0 49308 16 0.009551048278808594
decode: 16 0 49324 16 0.009499311447143555
decode: 16 0 49340 16 0.009515523910522461
decode: 16 0 49356 16 0.009503602981567383
decode: 16 0 49372 16 0.00949406623840332
decode: 16 0 49388 16 0.009499788284301758
decode: 16 0 49404 16 0.009492158889770508
decode: 16 0 49420 16 0.009502172470092773
decode: 16 0 49436 16 0.009490966796875
decode: 16 0 49452 16 0.00952458381652832
decode: 16 0 49468 16 0.009482383728027344
decode: 16 0 49484 16 0.009575605392456055
decode: 16 0 49500 16 0.009481191635131836
decode: 16 0 49516 16 0.009521484375
decode: 16 0 49532 16 0.009481191635131836
decode: 16 0 49548 16 0.009507179260253906
decode: 16 0 49564 16 0.00949549674987793
decode: 16 0 49580 16 0.009573221206665039
decode: 16 0 49596 16 0.009502887725830078
decode: 16 0 49612 16 0.009498119354248047
decode: 15 0 48180 15 0.009499073028564453
decode: 15 0 48195 15 0.009582757949829102
decode: 15 0 48210 15 0.009493112564086914
decode: 15 0 48225 15 0.00948023796081543
decode: 15 0 48240 15 0.009514570236206055
decode: 15 0 48255 15 0.00948643684387207
decode: 15 0 48270 15 0.00952458381652832
decode: 15 0 48285 15 0.009598255157470703
decode: 15 0 48300 15 0.009523153305053711
decode: 15 0 48315 15 0.009517192840576172
decode: 15 0 48330 15 0.009485006332397461
decode: 15 0 48345 15 0.009518146514892578
decode: 15 0 48360 15 0.00949716567993164
decode: 14 0 45169 14 0.009360551834106445
decode: 14 0 45183 14 0.009352445602416992
decode: 14 0 45197 14 0.009363174438476562
decode: 14 0 45211 14 0.009348630905151367
decode: 14 0 45225 14 0.009347915649414062
decode: 14 0 45239 14 0.009362220764160156
decode: 14 0 45253 14 0.009374380111694336
decode: 14 0 45267 14 0.009331703186035156
decode: 14 0 45281 14 0.009388208389282227
decode: 14 0 45295 14 0.009341955184936523
decode: 14 0 45309 14 0.009355545043945312
decode: 14 0 45323 14 0.009369373321533203
decode: 14 0 45337 14 0.009340286254882812
decode: 14 0 45351 14 0.009338140487670898
decode: 14 0 45365 14 0.009334802627563477
decode: 14 0 45379 14 0.009432077407836914
decode: 14 0 45393 14 0.00933218002319336
decode: 14 0 45407 14 0.009346961975097656
decode: 14 0 45421 14 0.009364128112792969
decode: 14 0 45435 14 0.009331941604614258
decode: 14 0 45449 14 0.0094146728515625
decode: 14 0 45463 14 0.009354352951049805
decode: 14 0 45477 14 0.00942683219909668
decode: 14 0 45491 14 0.009328365325927734
decode: 14 0 45505 14 0.009347677230834961
decode: 14 0 45519 14 0.009346246719360352
decode: 14 0 45533 14 0.009365558624267578
decode: 14 0 45547 14 0.009369850158691406
decode: 13 0 39914 13 0.009071826934814453
decode: 13 0 39927 13 0.009098291397094727
decode: 13 0 39940 13 0.00911259651184082
decode: 13 0 39953 13 0.009107589721679688
decode: 13 0 39966 13 0.009099960327148438
decode: 13 0 39979 13 0.009081602096557617
decode: 13 0 39992 13 0.009081840515136719
decode: 13 0 40005 13 0.009126663208007812
decode: 13 0 40018 13 0.009084701538085938
decode: 13 0 40031 13 0.009113550186157227
decode: 13 0 40044 13 0.009176015853881836
decode: 13 0 40057 13 0.009108781814575195
decode: 13 0 40070 13 0.009114742279052734
decode: 13 0 40083 13 0.009119033813476562
decode: 13 0 40096 13 0.009149789810180664
decode: 13 0 40109 13 0.009143829345703125
decode: 13 0 40122 13 0.009154558181762695
decode: 13 0 40135 13 0.009121179580688477
decode: 13 0 40148 13 0.009205102920532227
decode: 13 0 40161 13 0.009139060974121094
decode: 13 0 40174 13 0.009171485900878906
decode: 13 0 40187 13 0.009136438369750977
decode: 13 0 40200 13 0.009152412414550781
decode: 13 0 40213 13 0.009136676788330078
decode: 13 0 40226 13 0.009160757064819336
decode: 13 0 40239 13 0.009135246276855469
decode: 13 0 40252 13 0.009128570556640625
decode: 13 0 40265 13 0.009123563766479492
decode: 13 0 40278 13 0.009156465530395508
decode: 13 0 40291 13 0.00911712646484375
decode: 13 0 40304 13 0.009207487106323242
decode: 13 0 40317 13 0.009110689163208008
decode: 13 0 40330 13 0.009155035018920898
decode: 13 0 40343 13 0.009158134460449219
decode: 13 0 40356 13 0.009117841720581055
decode: 13 0 40369 13 0.009149551391601562
decode: 13 0 40382 13 0.009128570556640625
decode: 13 0 40395 13 0.00911855697631836
decode: 13 0 40408 13 0.009215831756591797
decode: 13 0 40421 13 0.009136438369750977
decode: 13 0 40434 13 0.00913095474243164
decode: 13 0 40447 13 0.009158134460449219
decode: 13 0 40460 13 0.009224653244018555
decode: 13 0 40473 13 0.009121894836425781
decode: 13 0 40486 13 0.009111881256103516
decode: 13 0 40499 13 0.009139060974121094
decode: 13 0 40512 13 0.009121417999267578
decode: 13 0 40525 13 0.009142875671386719
decode: 13 0 40538 13 0.009221792221069336
decode: 13 0 40551 13 0.009152889251708984
decode: 13 0 40564 13 0.009109258651733398
decode: 13 0 40577 13 0.00915980339050293
decode: 13 0 40590 13 0.009122610092163086
decode: 13 0 40603 13 0.009111642837524414
decode: 13 0 40616 13 0.009133100509643555
decode: 13 0 40629 13 0.009133577346801758
decode: 13 0 40642 13 0.009169340133666992
decode: 13 0 40655 13 0.00914144515991211
decode: 13 0 40668 13 0.009139299392700195
decode: 13 0 40681 13 0.009146451950073242
decode: 13 0 40694 13 0.009135007858276367
decode: 13 0 40707 13 0.009218454360961914
decode: 13 0 40720 13 0.009123086929321289
decode: 13 0 40733 13 0.009139060974121094
decode: 13 0 40746 13 0.009168148040771484
decode: 13 0 40759 13 0.00912785530090332
decode: 13 0 40772 13 0.009154796600341797
decode: 13 0 40785 13 0.009126901626586914
decode: 13 0 40798 13 0.009132146835327148
decode: 13 0 40811 13 0.009135246276855469
decode: 13 0 40824 13 0.009124279022216797
decode: 13 0 40837 13 0.009137630462646484
decode: 13 0 40850 13 0.009124040603637695
decode: 13 0 40863 13 0.009119510650634766
decode: 13 0 40876 13 0.009112834930419922
decode: 13 0 40889 13 0.009134054183959961
decode: 13 0 40902 13 0.009130477905273438
decode: 13 0 40915 13 0.009218931198120117
decode: 13 0 40928 13 0.009144306182861328
decode: 13 0 40941 13 0.009127616882324219
decode: 13 0 40954 13 0.009154319763183594
decode: 13 0 40967 13 0.009143590927124023
decode: 13 0 40980 13 0.009222030639648438
decode: 13 0 40993 13 0.009119033813476562
decode: 13 0 41006 13 0.009141683578491211
decode: 13 0 41019 13 0.009133577346801758
decode: 13 0 41032 13 0.009134531021118164
decode: 13 0 41045 13 0.00912618637084961
decode: 13 0 41058 13 0.009150028228759766
decode: 13 0 41071 13 0.00926971435546875
decode: 13 0 41084 13 0.009214162826538086
decode: 13 0 41097 13 0.009175539016723633
decode: 13 0 41110 13 0.00919651985168457
decode: 13 0 41123 13 0.009175539016723633
decode: 13 0 41136 13 0.009170770645141602
decode: 13 0 41149 13 0.009168148040771484
decode: 13 0 41162 13 0.009185075759887695
decode: 13 0 41175 13 0.00919198989868164
decode: 13 0 41188 13 0.009192228317260742
decode: 13 0 41201 13 0.009183406829833984
decode: 13 0 41214 13 0.009213447570800781
decode: 13 0 41227 13 0.009186983108520508
decode: 13 0 41240 13 0.009165048599243164
decode: 13 0 41253 13 0.009182214736938477
decode: 13 0 41266 13 0.009213924407958984
decode: 13 0 41279 13 0.009181737899780273
decode: 13 0 41292 13 0.009167194366455078
decode: 13 0 41305 13 0.00916290283203125
decode: 13 0 41318 13 0.009182929992675781
decode: 13 0 41331 13 0.009167194366455078
decode: 13 0 41344 13 0.009166717529296875
decode: 13 0 41357 13 0.009173870086669922
decode: 13 0 41370 13 0.009168148040771484
decode: 13 0 41383 13 0.009185552597045898
decode: 13 0 41396 13 0.009171247482299805
decode: 13 0 41409 13 0.009253740310668945
decode: 13 0 41422 13 0.009182929992675781
decode: 13 0 41435 13 0.009168386459350586
decode: 13 0 41448 13 0.009176015853881836
decode: 13 0 41461 13 0.009189844131469727
decode: 13 0 41474 13 0.009183168411254883
decode: 13 0 41487 13 0.009169340133666992
decode: 13 0 41500 13 0.009204387664794922
decode: 13 0 41513 13 0.009171247482299805
decode: 13 0 41526 13 0.009203195571899414
decode: 13 0 41539 13 0.009276151657104492
decode: 13 0 41552 13 0.009180784225463867
decode: 13 0 41565 13 0.009164571762084961
decode: 13 0 41578 13 0.009195804595947266
decode: 13 0 41591 13 0.009176015853881836
decode: 13 0 41604 13 0.009259939193725586
decode: 13 0 41617 13 0.009188175201416016
decode: 13 0 41630 13 0.009212493896484375
decode: 13 0 41643 13 0.009198427200317383
decode: 13 0 41656 13 0.009168624877929688
decode: 13 0 41669 13 0.009191274642944336
decode: 13 0 41682 13 0.00919032096862793
decode: 13 0 41695 13 0.009198427200317383
decode: 13 0 41708 13 0.009187698364257812
decode: 13 0 41721 13 0.009189367294311523
decode: 13 0 41734 13 0.009220600128173828
decode: 13 0 41747 13 0.00919961929321289
decode: 13 0 41760 13 0.009213924407958984
decode: 13 0 41773 13 0.009200096130371094
decode: 13 0 41786 13 0.00920414924621582
decode: 13 0 41799 13 0.009193897247314453
decode: 13 0 41812 13 0.009180068969726562
decode: 13 0 41825 13 0.00919342041015625
decode: 13 0 41838 13 0.009202718734741211
decode: 13 0 41851 13 0.009274721145629883
decode: 13 0 41864 13 0.009185075759887695
decode: 13 0 41877 13 0.009272575378417969
decode: 13 0 41890 13 0.009174346923828125
decode: 13 0 41903 13 0.00916433334350586
decode: 13 0 41916 13 0.009182929992675781
decode: 13 0 41929 13 0.009166955947875977
decode: 13 0 41942 13 0.009178638458251953
decode: 13 0 41955 13 0.009212970733642578
decode: 13 0 41968 13 0.009178638458251953
decode: 13 0 41981 13 0.009185314178466797
decode: 13 0 41994 13 0.009185314178466797
decode: 13 0 42007 13 0.00918269157409668
decode: 13 0 42020 13 0.009203433990478516
decode: 13 0 42033 13 0.00921630859375
decode: 13 0 42046 13 0.00918722152709961
decode: 13 0 42059 13 0.009173154830932617
decode: 13 0 42072 13 0.00928354263305664
decode: 13 0 42085 13 0.009209632873535156
decode: 13 0 42098 13 0.009167671203613281
decode: 13 0 42111 13 0.009233951568603516
decode: 13 0 42124 13 0.009221553802490234
decode: 13 0 42137 13 0.009242534637451172
decode: 13 0 42150 13 0.009206771850585938
decode: 13 0 42163 13 0.009251117706298828
decode: 13 0 42176 13 0.00922536849975586
decode: 13 0 42189 13 0.009225130081176758
decode: 13 0 42202 13 0.009233713150024414
decode: 13 0 42215 13 0.009227275848388672
decode: 13 0 42228 13 0.00923466682434082
decode: 13 0 42241 13 0.009269237518310547
decode: 13 0 42254 13 0.009220123291015625
decode: 13 0 42267 13 0.009219646453857422
decode: 13 0 42280 13 0.009259700775146484
decode: 13 0 42293 13 0.009256362915039062
decode: 13 0 42306 13 0.00922083854675293
decode: 13 0 42319 13 0.009269237518310547
decode: 13 0 42332 13 0.009223699569702148
decode: 13 0 42345 13 0.009221315383911133
decode: 13 0 42358 13 0.009297847747802734
decode: 13 0 42371 13 0.00922846794128418
decode: 13 0 42384 13 0.009252071380615234
decode: 13 0 42397 13 0.00922703742980957
decode: 13 0 42410 13 0.00926518440246582
decode: 13 0 42423 13 0.009314537048339844
decode: 13 0 42436 13 0.009240150451660156
decode: 13 0 42449 13 0.009225130081176758
decode: 13 0 42462 13 0.009221315383911133
decode: 13 0 42475 13 0.009322881698608398
decode: 13 0 42488 13 0.009228229522705078
decode: 13 0 42501 13 0.009211301803588867
decode: 13 0 42514 13 0.00923919677734375
decode: 13 0 42527 13 0.00922846794128418
decode: 13 0 42540 13 0.009249210357666016
decode: 13 0 42553 13 0.009259223937988281
decode: 13 0 42566 13 0.009225606918334961
decode: 13 0 42579 13 0.009219884872436523
decode: 13 0 42592 13 0.009307146072387695
decode: 13 0 42605 13 0.009257316589355469
decode: 13 0 42618 13 0.009253978729248047
decode: 13 0 42631 13 0.009216070175170898
decode: 13 0 42644 13 0.009240388870239258
decode: 13 0 42657 13 0.009248733520507812
decode: 13 0 42670 13 0.009313344955444336
decode: 13 0 42683 13 0.009223699569702148
decode: 13 0 42696 13 0.009250640869140625
decode: 13 0 42709 13 0.009218454360961914
decode: 13 0 42722 13 0.009229898452758789
decode: 13 0 42735 13 0.009234428405761719
decode: 12 0 40442 12 0.009217977523803711
decode: 12 0 40454 12 0.009128808975219727
decode: 12 0 40466 12 0.00922250747680664
decode: 12 0 40478 12 0.00912165641784668
decode: 12 0 40490 12 0.00911712646484375
decode: 12 0 40502 12 0.009229660034179688
decode: 12 0 40514 12 0.009128808975219727
decode: 12 0 40526 12 0.009120464324951172
decode: 12 0 40538 12 0.009144067764282227
decode: 12 0 40550 12 0.009212493896484375
decode: 12 0 40562 12 0.00911712646484375
decode: 12 0 40574 12 0.00913548469543457
decode: 12 0 40586 12 0.009125709533691406
decode: 12 0 40598 12 0.00912928581237793
decode: 12 0 40610 12 0.009122610092163086
decode: 12 0 40622 12 0.00911855697631836
decode: 12 0 40634 12 0.009146451950073242
decode: 12 0 40646 12 0.009125709533691406
decode: 12 0 40658 12 0.009124040603637695
decode: 12 0 40670 12 0.009222745895385742
decode: 12 0 40682 12 0.009130716323852539
decode: 12 0 40694 12 0.00911855697631836
decode: 12 0 40706 12 0.009108304977416992
decode: 12 0 40718 12 0.009132862091064453
decode: 12 0 40730 12 0.009116649627685547
decode: 12 0 40742 12 0.009221315383911133
decode: 12 0 40754 12 0.009123802185058594
decode: 12 0 40766 12 0.009208440780639648
decode: 12 0 40778 12 0.009113788604736328
decode: 12 0 40790 12 0.009126901626586914
decode: 12 0 40802 12 0.00912022590637207
decode: 12 0 40814 12 0.009116411209106445
decode: 12 0 40826 12 0.009116172790527344
decode: 12 0 40838 12 0.009123563766479492
decode: 12 0 40850 12 0.00921320915222168
decode: 12 0 40862 12 0.009119987487792969
decode: 12 0 40874 12 0.009221315383911133
decode: 12 0 40886 12 0.009149789810180664
decode: 12 0 40898 12 0.009117364883422852
decode: 12 0 40910 12 0.009131431579589844
decode: 12 0 40922 12 0.009163379669189453
decode: 12 0 40934 12 0.009128332138061523
decode: 12 0 40946 12 0.00921320915222168
decode: 12 0 40958 12 0.009170055389404297
decode: 12 0 40970 12 0.009172916412353516
decode: 12 0 40982 12 0.009165763854980469
decode: 12 0 40994 12 0.009158849716186523
decode: 12 0 41006 12 0.009269952774047852
decode: 12 0 41018 12 0.009176015853881836
decode: 12 0 41030 12 0.009186983108520508
decode: 12 0 41042 12 0.009206295013427734
decode: 12 0 41054 12 0.009164810180664062
decode: 12 0 41066 12 0.009167671203613281
decode: 12 0 41078 12 0.009169340133666992
decode: 12 0 41090 12 0.009200811386108398
decode: 12 0 41102 12 0.009180545806884766
decode: 12 0 41114 12 0.009170770645141602
decode: 12 0 41126 12 0.009160757064819336
decode: 12 0 41138 12 0.009185791015625
decode: 12 0 41150 12 0.009289264678955078
decode: 12 0 41162 12 0.009187459945678711
decode: 12 0 41174 12 0.009177446365356445
decode: 12 0 41186 12 0.009173393249511719
decode: 12 0 41198 12 0.009187698364257812
decode: 12 0 41210 12 0.009174108505249023
decode: 12 0 41222 12 0.009178876876831055
decode: 12 0 41234 12 0.009183406829833984
decode: 12 0 41246 12 0.009177923202514648
decode: 12 0 41258 12 0.009164571762084961
decode: 12 0 41270 12 0.009177684783935547
decode: 12 0 41282 12 0.00916147232055664
decode: 12 0 41294 12 0.009273290634155273
decode: 12 0 41306 12 0.00916147232055664
decode: 12 0 41318 12 0.009256839752197266
decode: 12 0 41330 12 0.009186983108520508
decode: 12 0 41342 12 0.009255647659301758
decode: 12 0 41354 12 0.009176969528198242
decode: 12 0 41366 12 0.009174585342407227
decode: 12 0 41378 12 0.009173393249511719
decode: 12 0 41390 12 0.009279966354370117
decode: 12 0 41402 12 0.00920557975769043
decode: 12 0 41414 12 0.009165287017822266
decode: 12 0 41426 12 0.009177684783935547
decode: 12 0 41438 12 0.009185075759887695
decode: 12 0 41450 12 0.009273290634155273
decode: 12 0 41462 12 0.00916743278503418
decode: 12 0 41474 12 0.009168624877929688
decode: 12 0 41486 12 0.009173870086669922
decode: 12 0 41498 12 0.00919342041015625
decode: 12 0 41510 12 0.009207725524902344
decode: 12 0 41522 12 0.00916147232055664
decode: 12 0 41534 12 0.009178876876831055
decode: 12 0 41546 12 0.009187936782836914
decode: 12 0 41558 12 0.009172439575195312
decode: 12 0 41570 12 0.009168863296508789
decode: 12 0 41582 12 0.009156227111816406
decode: 12 0 41594 12 0.009199857711791992
decode: 12 0 41606 12 0.009182453155517578
decode: 12 0 41618 12 0.009179353713989258
decode: 12 0 41630 12 0.009190559387207031
decode: 12 0 41642 12 0.009175777435302734
decode: 12 0 41654 12 0.009479761123657227
decode: 12 0 41666 12 0.009190559387207031
decode: 12 0 41678 12 0.009194374084472656
decode: 12 0 41690 12 0.009184122085571289
decode: 12 0 41702 12 0.009173393249511719
decode: 12 0 41714 12 0.009190797805786133
decode: 12 0 41726 12 0.009195566177368164
decode: 12 0 41738 12 0.00917959213256836
decode: 12 0 41750 12 0.009298563003540039
decode: 12 0 41762 12 0.009170293807983398
decode: 12 0 41774 12 0.009168148040771484
decode: 12 0 41786 12 0.009163618087768555
decode: 12 0 41798 12 0.009224653244018555
decode: 12 0 41810 12 0.009185552597045898
decode: 12 0 41822 12 0.009284019470214844
decode: 12 0 41834 12 0.009184598922729492
decode: 12 0 41846 12 0.009278059005737305
decode: 12 0 41858 12 0.009191036224365234
decode: 12 0 41870 12 0.009178638458251953
decode: 12 0 41882 12 0.009177923202514648
decode: 12 0 41894 12 0.009167194366455078
decode: 12 0 41906 12 0.009205341339111328
decode: 12 0 41918 12 0.009185552597045898
decode: 12 0 41930 12 0.009181737899780273
decode: 12 0 41942 12 0.009179830551147461
decode: 12 0 41954 12 0.009209394454956055
decode: 12 0 41966 12 0.00916433334350586
decode: 12 0 41978 12 0.00917506217956543
decode: 12 0 41990 12 0.009184598922729492
decode: 12 0 42002 12 0.00920867919921875
decode: 12 0 42014 12 0.009172677993774414
decode: 12 0 42026 12 0.0091705322265625
decode: 12 0 42038 12 0.009183168411254883
decode: 12 0 42050 12 0.009176015853881836
decode: 12 0 42062 12 0.009188652038574219
decode: 12 0 42074 12 0.00918722152709961
decode: 12 0 42086 12 0.00918126106262207
decode: 12 0 42098 12 0.009238958358764648
decode: 12 0 42110 12 0.009178876876831055
decode: 12 0 42122 12 0.009302377700805664
decode: 12 0 42134 12 0.009320735931396484
decode: 12 0 42146 12 0.00939631462097168
decode: 12 0 42158 12 0.00931692123413086
decode: 12 0 42170 12 0.009366512298583984
decode: 12 0 42182 12 0.009377241134643555
decode: 12 0 42194 12 0.009330511093139648
decode: 12 0 42206 12 0.009350299835205078
decode: 12 0 42218 12 0.009239435195922852
decode: 12 0 42230 12 0.009236574172973633
decode: 12 0 42242 12 0.00918436050415039
decode: 12 0 42254 12 0.009196758270263672
decode: 12 0 42266 12 0.009231090545654297
decode: 12 0 42278 12 0.009183645248413086
decode: 12 0 42290 12 0.009177684783935547
decode: 12 0 42302 12 0.009217262268066406
decode: 12 0 42314 12 0.00919032096862793
decode: 12 0 42326 12 0.009212970733642578
decode: 12 0 42338 12 0.009226083755493164
decode: 12 0 42350 12 0.009226799011230469
decode: 12 0 42362 12 0.00917959213256836
decode: 12 0 42374 12 0.009215593338012695
decode: 12 0 42386 12 0.009198665618896484
decode: 12 0 42398 12 0.00929403305053711
decode: 12 0 42410 12 0.009286880493164062
decode: 12 0 42422 12 0.009241342544555664
decode: 12 0 42434 12 0.009251594543457031
decode: 12 0 42446 12 0.009235143661499023
decode: 12 0 42458 12 0.009217977523803711
decode: 12 0 42470 12 0.009217023849487305
decode: 12 0 42482 12 0.00923013687133789
decode: 12 0 42494 12 0.009233236312866211
decode: 12 0 42506 12 0.00921487808227539
decode: 12 0 42518 12 0.009208917617797852
decode: 12 0 42530 12 0.009246826171875
decode: 12 0 42542 12 0.009218931198120117
decode: 12 0 42554 12 0.00922250747680664
decode: 12 0 42566 12 0.009245634078979492
decode: 12 0 42578 12 0.009267568588256836
decode: 12 0 42590 12 0.009225130081176758
decode: 12 0 42602 12 0.009267568588256836
decode: 12 0 42614 12 0.009259462356567383
decode: 12 0 42626 12 0.009229898452758789
decode: 12 0 42638 12 0.009258270263671875
decode: 12 0 42650 12 0.009218692779541016
decode: 12 0 42662 12 0.009231328964233398
decode: 12 0 42674 12 0.009225845336914062
decode: 12 0 42686 12 0.009266376495361328
decode: 12 0 42698 12 0.009221553802490234
decode: 12 0 42710 12 0.009230852127075195
decode: 12 0 42722 12 0.009229898452758789
decode: 12 0 42734 12 0.009219884872436523
decode: 12 0 42746 12 0.00922536849975586
decode: 12 0 42758 12 0.00923466682434082
decode: 12 0 42770 12 0.009231090545654297
decode: 12 0 42782 12 0.009248971939086914
decode: 12 0 42794 12 0.009219646453857422
decode: 12 0 42806 12 0.009224891662597656
decode: 12 0 42818 12 0.009230613708496094
decode: 12 0 42830 12 0.009244680404663086
decode: 12 0 42842 12 0.009244680404663086
decode: 12 0 42854 12 0.009247779846191406
decode: 12 0 42866 12 0.00921773910522461
decode: 12 0 42878 12 0.0092620849609375
decode: 12 0 42890 12 0.009216785430908203
decode: 12 0 42902 12 0.00921487808227539
decode: 12 0 42914 12 0.009235143661499023
decode: 12 0 42926 12 0.00923609733581543
decode: 12 0 42938 12 0.009239435195922852
decode: 12 0 42950 12 0.009253501892089844
decode: 12 0 42962 12 0.009227752685546875
decode: 12 0 42974 12 0.009314298629760742
decode: 12 0 42986 12 0.009308099746704102
decode: 12 0 42998 12 0.009238719940185547
decode: 12 0 43010 12 0.0092315673828125
decode: 12 0 43022 12 0.009264469146728516
decode: 12 0 43034 12 0.009228944778442383
decode: 12 0 43046 12 0.009241819381713867
decode: 12 0 43058 12 0.009218692779541016
decode: 12 0 43070 12 0.009252071380615234
decode: 12 0 43082 12 0.009237289428710938
decode: 12 0 43094 12 0.009236812591552734
decode: 12 0 43106 12 0.009236335754394531
decode: 12 0 43118 12 0.009311914443969727
decode: 12 0 43130 12 0.009225606918334961
decode: 12 0 43142 12 0.009229660034179688
decode: 12 0 43154 12 0.00932168960571289
decode: 12 0 43166 12 0.009227275848388672
decode: 12 0 43178 12 0.009229898452758789
decode: 12 0 43190 12 0.009226560592651367
decode: 12 0 43202 12 0.009223461151123047
decode: 12 0 43214 12 0.009232044219970703
decode: 12 0 43226 12 0.009230852127075195
decode: 12 0 43238 12 0.00922703742980957
decode: 12 0 43250 12 0.009245872497558594
decode: 12 0 43262 12 0.00926351547241211
decode: 12 0 43274 12 0.009235143661499023
decode: 12 0 43286 12 0.009273052215576172
decode: 12 0 43298 12 0.009233474731445312
decode: 12 0 43310 12 0.009305238723754883
decode: 12 0 43322 12 0.009325265884399414
decode: 12 0 43334 12 0.009279727935791016
decode: 12 0 43346 12 0.009270429611206055
decode: 12 0 43358 12 0.009285211563110352
decode: 12 0 43370 12 0.009298563003540039
decode: 12 0 43382 12 0.009275436401367188
decode: 12 0 43394 12 0.009371519088745117
decode: 12 0 43406 12 0.00929117202758789
decode: 12 0 43418 12 0.009274482727050781
decode: 12 0 43430 12 0.009383201599121094
decode: 12 0 43442 12 0.009281158447265625
decode: 12 0 43454 12 0.009361505508422852
decode: 12 0 43466 12 0.00928044319152832
decode: 12 0 43478 12 0.009287118911743164
decode: 12 0 43490 12 0.009282827377319336
decode: 12 0 43502 12 0.009282350540161133
decode: 11 0 41990 11 0.009228229522705078
decode: 11 0 42001 11 0.009275197982788086
decode: 11 0 42012 11 0.009257078170776367
decode: 11 0 42023 11 0.009246826171875
decode: 11 0 42034 11 0.009257078170776367
decode: 11 0 42045 11 0.009260416030883789
decode: 11 0 42056 11 0.009272575378417969
decode: 11 0 42067 11 0.009249687194824219
decode: 11 0 42078 11 0.009241104125976562
decode: 11 0 42089 11 0.009269952774047852
decode: 11 0 42100 11 0.009308099746704102
decode: 11 0 42111 11 0.009244918823242188
decode: 11 0 42122 11 0.009268045425415039
decode: 11 0 42133 11 0.009245634078979492
decode: 10 0 36883 10 0.009015321731567383
decode: 10 0 36893 10 0.009072542190551758
decode: 10 0 36903 10 0.008963823318481445
decode: 10 0 36913 10 0.00910186767578125
decode: 10 0 36923 10 0.009080886840820312
decode: 10 0 36933 10 0.00909423828125
decode: 10 0 36943 10 0.009083747863769531
decode: 10 0 36953 10 0.009051322937011719
decode: 10 0 36963 10 0.009065628051757812
decode: 10 0 36973 10 0.009097576141357422
decode: 10 0 36983 10 0.00906682014465332
decode: 10 0 36993 10 0.009090900421142578
decode: 10 0 37003 10 0.009087800979614258
decode: 10 0 37013 10 0.009121417999267578
decode: 10 0 37023 10 0.009128570556640625
decode: 10 0 37033 10 0.009123802185058594
decode: 10 0 37043 10 0.00913858413696289
decode: 10 0 37053 10 0.009114980697631836
decode: 10 0 37063 10 0.009102106094360352
decode: 10 0 37073 10 0.009103059768676758
decode: 10 0 37083 10 0.009119749069213867
decode: 10 0 37093 10 0.009110450744628906
decode: 10 0 37103 10 0.009119033813476562
decode: 10 0 37113 10 0.009128808975219727
decode: 9 0 33273 9 0.008930444717407227
decode: 9 0 33282 9 0.008824586868286133
decode: 9 0 33291 9 0.008812189102172852
decode: 9 0 33300 9 0.008817672729492188
decode: 9 0 33309 9 0.008820056915283203
decode: 9 0 33318 9 0.008806705474853516
decode: 9 0 33327 9 0.008826971054077148
decode: 9 0 33336 9 0.008810997009277344
decode: 9 0 33345 9 0.008814573287963867
decode: 9 0 33354 9 0.008823156356811523
decode: 9 0 33363 9 0.00881814956665039
decode: 9 0 33372 9 0.00879979133605957
decode: 9 0 33381 9 0.008821725845336914
decode: 9 0 33390 9 0.008809566497802734
decode: 9 0 33399 9 0.008799314498901367
decode: 9 0 33408 9 0.008828401565551758
decode: 9 0 33417 9 0.008825540542602539
decode: 9 0 33426 9 0.00881338119506836
decode: 9 0 33435 9 0.008787870407104492
decode: 9 0 33444 9 0.008797168731689453
decode: 9 0 33453 9 0.00881338119506836
decode: 9 0 33462 9 0.008809566497802734
decode: 9 0 33471 9 0.008800029754638672
decode: 9 0 33480 9 0.008834600448608398
decode: 9 0 33489 9 0.00882411003112793
decode: 9 0 33498 9 0.008810043334960938
decode: 9 0 33507 9 0.008830070495605469
decode: 9 0 33516 9 0.008811473846435547
decode: 9 0 33525 9 0.008817195892333984
decode: 9 0 33534 9 0.008827686309814453
decode: 9 0 33543 9 0.008815526962280273
decode: 9 0 33552 9 0.008819341659545898
decode: 9 0 33561 9 0.00884103775024414
decode: 9 0 33570 9 0.008824586868286133
decode: 9 0 33579 9 0.008807182312011719
decode: 9 0 33588 9 0.008843421936035156
decode: 9 0 33597 9 0.008828878402709961
decode: 9 0 33606 9 0.008949518203735352
decode: 9 0 33615 9 0.00892496109008789
decode: 9 0 33624 9 0.008925437927246094
decode: 9 0 33633 9 0.008949518203735352
decode: 9 0 33642 9 0.008926630020141602
decode: 9 0 33651 9 0.008929729461669922
decode: 9 0 33660 9 0.008921623229980469
decode: 9 0 33669 9 0.00891733169555664
decode: 9 0 33678 9 0.008919715881347656
decode: 9 0 33687 9 0.008942127227783203
decode: 9 0 33696 9 0.00898289680480957
decode: 9 0 33705 9 0.008972644805908203
decode: 9 0 33714 9 0.008984088897705078
decode: 9 0 33723 9 0.008858203887939453
decode: 9 0 33732 9 0.008861541748046875
decode: 9 0 33741 9 0.008878469467163086
decode: 9 0 33750 9 0.008861064910888672
decode: 9 0 33759 9 0.00886392593383789
decode: 9 0 33768 9 0.008864164352416992
decode: 8 0 30337 8 0.008690595626831055
decode: 8 0 30345 8 0.008623123168945312
decode: 8 0 30353 8 0.00861048698425293
decode: 8 0 30361 8 0.008626222610473633
decode: 8 0 30369 8 0.008620977401733398
decode: 8 0 30377 8 0.008613824844360352
decode: 8 0 30385 8 0.008626937866210938
decode: 8 0 30393 8 0.008629798889160156
decode: 8 0 30401 8 0.008604288101196289
decode: 8 0 30409 8 0.008621931076049805
decode: 8 0 30417 8 0.008617639541625977
decode: 8 0 30425 8 0.008600711822509766
decode: 8 0 30433 8 0.008608341217041016
decode: 8 0 30441 8 0.00862884521484375
decode: 8 0 30449 8 0.008629560470581055
decode: 8 0 30457 8 0.00860905647277832
decode: 8 0 30465 8 0.00860905647277832
decode: 8 0 30473 8 0.008610010147094727
decode: 8 0 30481 8 0.008606910705566406
decode: 8 0 30489 8 0.00860595703125
decode: 8 0 30497 8 0.008634805679321289
decode: 8 0 30505 8 0.00860595703125
decode: 8 0 30513 8 0.008613109588623047
decode: 8 0 30521 8 0.00862884521484375
decode: 8 0 30529 8 0.008609771728515625
decode: 8 0 30537 8 0.008631229400634766
decode: 8 0 30545 8 0.00861358642578125
decode: 8 0 30553 8 0.00860285758972168
decode: 8 0 30561 8 0.00861978530883789
decode: 8 0 30569 8 0.00861358642578125
decode: 8 0 30577 8 0.008605718612670898
decode: 8 0 30585 8 0.008603811264038086
decode: 8 0 30593 8 0.008614063262939453
decode: 8 0 30601 8 0.008614063262939453
decode: 8 0 30609 8 0.008607625961303711
decode: 8 0 30617 8 0.008628368377685547
decode: 8 0 30625 8 0.008616447448730469
decode: 8 0 30633 8 0.008607149124145508
decode: 8 0 30641 8 0.008623838424682617
decode: 8 0 30649 8 0.008611202239990234
decode: 8 0 30657 8 0.008617639541625977
decode: 8 0 30665 8 0.008609533309936523
decode: 8 0 30673 8 0.008608818054199219
decode: 8 0 30681 8 0.008613109588623047
decode: 8 0 30689 8 0.008600711822509766
decode: 8 0 30697 8 0.008617877960205078
decode: 8 0 30705 8 0.008618831634521484
decode: 8 0 30713 8 0.008607625961303711
decode: 8 0 30721 8 0.008605241775512695
decode: 8 0 30729 8 0.00864267349243164
decode: 8 0 30737 8 0.008627653121948242
decode: 8 0 30745 8 0.008607149124145508
decode: 8 0 30753 8 0.008628606796264648
decode: 8 0 30761 8 0.008609771728515625
decode: 8 0 30769 8 0.00860452651977539
decode: 8 0 30777 8 0.008637189865112305
decode: 8 0 30785 8 0.008620977401733398
decode: 8 0 30793 8 0.008609294891357422
decode: 8 0 30801 8 0.008631706237792969
decode: 8 0 30809 8 0.00860738754272461
decode: 8 0 30817 8 0.008600473403930664
decode: 8 0 30825 8 0.008610010147094727
decode: 8 0 30833 8 0.00862431526184082
decode: 8 0 30841 8 0.008608341217041016
decode: 8 0 30849 8 0.008611440658569336
decode: 8 0 30857 8 0.008607149124145508
decode: 8 0 30865 8 0.008606433868408203
decode: 8 0 30873 8 0.008607625961303711
decode: 8 0 30881 8 0.00861358642578125
decode: 8 0 30889 8 0.008609533309936523
decode: 8 0 30897 8 0.00861978530883789
decode: 8 0 30905 8 0.008599996566772461
decode: 8 0 30913 8 0.008604049682617188
decode: 8 0 30921 8 0.008642911911010742
decode: 8 0 30929 8 0.008617639541625977
decode: 8 0 30937 8 0.008611679077148438
decode: 8 0 30945 8 0.008643627166748047
decode: 8 0 30953 8 0.008612632751464844
decode: 8 0 30961 8 0.00863790512084961
decode: 8 0 30969 8 0.008631467819213867
decode: 8 0 30977 8 0.008608102798461914
decode: 8 0 30985 8 0.008610248565673828
decode: 8 0 30993 8 0.008621454238891602
decode: 8 0 31001 8 0.008614778518676758
decode: 8 0 31009 8 0.008625030517578125
decode: 8 0 31017 8 0.008613348007202148
decode: 8 0 31025 8 0.00861978530883789
decode: 8 0 31033 8 0.008605003356933594
decode: 8 0 31041 8 0.0086212158203125
decode: 8 0 31049 8 0.008620500564575195
decode: 8 0 31057 8 0.008610963821411133
decode: 8 0 31065 8 0.008612394332885742
decode: 8 0 31073 8 0.008631229400634766
decode: 8 0 31081 8 0.008632421493530273
decode: 8 0 31089 8 0.008610010147094727
decode: 8 0 31097 8 0.008680582046508789
decode: 8 0 31105 8 0.008655309677124023
decode: 8 0 31113 8 0.008656740188598633
decode: 8 0 31121 8 0.008680582046508789
decode: 8 0 31129 8 0.008666753768920898
decode: 8 0 31137 8 0.00867009162902832
decode: 8 0 31145 8 0.00866842269897461
decode: 8 0 31153 8 0.00864410400390625
decode: 8 0 31161 8 0.008683443069458008
decode: 8 0 31169 8 0.008651256561279297
decode: 8 0 31177 8 0.008652210235595703
decode: 8 0 31185 8 0.008658885955810547
decode: 8 0 31193 8 0.008670330047607422
decode: 8 0 31201 8 0.00866389274597168
decode: 8 0 31209 8 0.008654117584228516
decode: 8 0 31217 8 0.008644342422485352
decode: 8 0 31225 8 0.00867462158203125
decode: 8 0 31233 8 0.008657455444335938
decode: 8 0 31241 8 0.008661270141601562
decode: 8 0 31249 8 0.008663415908813477
decode: 8 0 31257 8 0.008671760559082031
decode: 8 0 31265 8 0.008668661117553711
decode: 8 0 31273 8 0.008666515350341797
decode: 8 0 31281 8 0.00866842269897461
decode: 8 0 31289 8 0.008663177490234375
decode: 8 0 31297 8 0.008662700653076172
decode: 8 0 31305 8 0.008670806884765625
decode: 8 0 31313 8 0.008669137954711914
decode: 8 0 31321 8 0.008661985397338867
decode: 8 0 31329 8 0.008644819259643555
decode: 8 0 31337 8 0.008667469024658203
decode: 8 0 31345 8 0.008664131164550781
decode: 8 0 31353 8 0.008652687072753906
decode: 8 0 31361 8 0.008682727813720703
decode: 8 0 31369 8 0.008661270141601562
decode: 8 0 31377 8 0.008678197860717773
decode: 8 0 31385 8 0.008659601211547852
decode: 8 0 31393 8 0.008652448654174805
decode: 8 0 31401 8 0.008659601211547852
decode: 8 0 31409 8 0.00867772102355957
decode: 8 0 31417 8 0.008667707443237305
decode: 8 0 31425 8 0.008673429489135742
decode: 8 0 31433 8 0.008673906326293945
decode: 8 0 31441 8 0.008661985397338867
decode: 8 0 31449 8 0.008654594421386719
decode: 8 0 31457 8 0.008670806884765625
decode: 8 0 31465 8 0.008666038513183594
decode: 8 0 31473 8 0.00865793228149414
decode: 8 0 31481 8 0.008675098419189453
decode: 8 0 31489 8 0.00867915153503418
decode: 8 0 31497 8 0.008687973022460938
decode: 8 0 31505 8 0.008669376373291016
decode: 8 0 31513 8 0.008679389953613281
decode: 8 0 31521 8 0.008669376373291016
decode: 8 0 31529 8 0.00866556167602539
decode: 8 0 31537 8 0.00866389274597168
decode: 8 0 31545 8 0.008678436279296875
decode: 8 0 31553 8 0.00867772102355957
decode: 8 0 31561 8 0.008661985397338867
decode: 8 0 31569 8 0.008687973022460938
decode: 8 0 31577 8 0.008665800094604492
decode: 8 0 31585 8 0.008657693862915039
decode: 8 0 31593 8 0.008658170700073242
decode: 8 0 31601 8 0.008677482604980469
decode: 8 0 31609 8 0.008675098419189453
decode: 8 0 31617 8 0.008659124374389648
decode: 8 0 31625 8 0.008669376373291016
decode: 8 0 31633 8 0.008662223815917969
decode: 8 0 31641 8 0.008655786514282227
decode: 8 0 31649 8 0.008669376373291016
decode: 8 0 31657 8 0.008666753768920898
decode: 8 0 31665 8 0.008655548095703125
decode: 8 0 31673 8 0.008678436279296875
decode: 8 0 31681 8 0.008661746978759766
decode: 8 0 31689 8 0.008662223815917969
decode: 8 0 31697 8 0.00864863395690918
decode: 8 0 31705 8 0.00867772102355957
decode: 8 0 31713 8 0.008661270141601562
decode: 8 0 31721 8 0.008661508560180664
decode: 8 0 31729 8 0.008667945861816406
decode: 8 0 31737 8 0.008650779724121094
decode: 8 0 31745 8 0.008668899536132812
decode: 8 0 31753 8 0.008668184280395508
decode: 8 0 31761 8 0.008658885955810547
decode: 8 0 31769 8 0.008677959442138672
decode: 8 0 31777 8 0.008663177490234375
decode: 8 0 31785 8 0.008673429489135742
decode: 8 0 31793 8 0.008652448654174805
decode: 8 0 31801 8 0.008659839630126953
decode: 8 0 31809 8 0.008674383163452148
decode: 8 0 31817 8 0.008660554885864258
decode: 8 0 31825 8 0.008666753768920898
decode: 8 0 31833 8 0.008655786514282227
decode: 8 0 31841 8 0.008661985397338867
decode: 8 0 31849 8 0.00866389274597168
decode: 8 0 31857 8 0.00865483283996582
decode: 8 0 31865 8 0.008681774139404297
decode: 8 0 31873 8 0.008659124374389648
decode: 8 0 31881 8 0.008666515350341797
decode: 8 0 31889 8 0.008667945861816406
decode: 8 0 31897 8 0.0086517333984375
decode: 8 0 31905 8 0.008670568466186523
decode: 8 0 31913 8 0.008666753768920898
decode: 8 0 31921 8 0.008670330047607422
decode: 8 0 31929 8 0.008656501770019531
decode: 8 0 31937 8 0.008655309677124023
decode: 8 0 31945 8 0.008687257766723633
decode: 8 0 31953 8 0.008669137954711914
decode: 8 0 31961 8 0.00868082046508789
decode: 8 0 31969 8 0.008680343627929688
decode: 8 0 31977 8 0.008675336837768555
decode: 8 0 31985 8 0.008667707443237305
decode: 8 0 31993 8 0.008675575256347656
decode: 8 0 32001 8 0.008665084838867188
decode: 8 0 32009 8 0.008651494979858398
decode: 8 0 32017 8 0.008671998977661133
decode: 8 0 32025 8 0.008668899536132812
decode: 8 0 32033 8 0.008656740188598633
decode: 8 0 32041 8 0.00867462158203125
decode: 8 0 32049 8 0.008662939071655273
decode: 8 0 32057 8 0.008672237396240234
decode: 8 0 32065 8 0.008653640747070312
decode: 8 0 32073 8 0.008658170700073242
decode: 8 0 32081 8 0.008675813674926758
decode: 8 0 32089 8 0.008663177490234375
decode: 8 0 32097 8 0.008664131164550781
decode: 8 0 32105 8 0.008675336837768555
decode: 8 0 32113 8 0.008673429489135742
decode: 8 0 32121 8 0.008664846420288086
decode: 8 0 32129 8 0.00866389274597168
decode: 8 0 32137 8 0.008670568466186523
decode: 8 0 32145 8 0.008668184280395508
decode: 8 0 32153 8 0.008664369583129883
decode: 8 0 32161 8 0.0086822509765625
decode: 8 0 32169 8 0.008665084838867188
decode: 8 0 32177 8 0.00866079330444336
decode: 8 0 32185 8 0.008655786514282227
decode: 8 0 32193 8 0.00867915153503418
decode: 8 0 32201 8 0.008666276931762695
decode: 8 0 32209 8 0.00865793228149414
decode: 8 0 32217 8 0.008652687072753906
decode: 8 0 32225 8 0.008681058883666992
decode: 8 0 32233 8 0.008672475814819336
decode: 8 0 32241 8 0.00865793228149414
decode: 8 0 32249 8 0.008676290512084961
decode: 8 0 32257 8 0.008663415908813477
decode: 8 0 32265 8 0.008661508560180664
decode: 8 0 32273 8 0.008660554885864258
decode: 8 0 32281 8 0.008738279342651367
decode: 8 0 32289 8 0.00871729850769043
decode: 8 0 32297 8 0.008710384368896484
decode: 8 0 32305 8 0.008719444274902344
decode: 8 0 32313 8 0.008716344833374023
decode: 8 0 32321 8 0.00871133804321289
decode: 8 0 32329 8 0.00870823860168457
decode: 8 0 32337 8 0.00872349739074707
decode: 8 0 32345 8 0.008710622787475586
decode: 8 0 32353 8 0.008714437484741211
decode: 8 0 32361 8 0.008717060089111328
decode: 8 0 32369 8 0.008710384368896484
decode: 8 0 32377 8 0.008708953857421875
decode: 8 0 32385 8 0.008722782135009766
decode: 8 0 32393 8 0.00870513916015625
decode: 8 0 32401 8 0.008697032928466797
decode: 8 0 32409 8 0.008721351623535156
decode: 8 0 32417 8 0.008706808090209961
decode: 8 0 32425 8 0.00871419906616211
decode: 8 0 32433 8 0.008724212646484375
decode: 8 0 32441 8 0.008720636367797852
decode: 8 0 32449 8 0.008712291717529297
decode: 8 0 32457 8 0.00872945785522461
decode: 8 0 32465 8 0.00871419906616211
decode: 8 0 32473 8 0.008716583251953125
decode: 8 0 32481 8 0.008722305297851562
decode: 8 0 32489 8 0.008712053298950195
decode: 8 0 32497 8 0.008705615997314453
decode: 8 0 32505 8 0.008722305297851562
decode: 8 0 32513 8 0.008704662322998047
decode: 8 0 32521 8 0.008699655532836914
decode: 8 0 32529 8 0.008712530136108398
decode: 8 0 32537 8 0.00870966911315918
decode: 8 0 32545 8 0.008702516555786133
decode: 8 0 32553 8 0.00870203971862793
decode: 8 0 32561 8 0.008729934692382812
decode: 8 0 32569 8 0.008718490600585938
decode: 8 0 32577 8 0.008709907531738281
decode: 8 0 32585 8 0.008720636367797852
decode: 8 0 32593 8 0.008716106414794922
decode: 8 0 32601 8 0.008700132369995117
decode: 8 0 32609 8 0.008712530136108398
decode: 8 0 32617 8 0.008726119995117188
decode: 8 0 32625 8 0.00871419906616211
decode: 8 0 32633 8 0.008712530136108398
decode: 8 0 32641 8 0.008743762969970703
decode: 8 0 32649 8 0.008710145950317383
decode: 8 0 32657 8 0.00871419906616211
decode: 8 0 32665 8 0.008716583251953125
decode: 8 0 32673 8 0.008724212646484375
decode: 8 0 32681 8 0.008720636367797852
decode: 8 0 32689 8 0.008715391159057617
decode: 8 0 32697 8 0.008734703063964844
decode: 8 0 32705 8 0.008730649948120117
decode: 8 0 32713 8 0.008717536926269531
decode: 8 0 32721 8 0.008722782135009766
decode: 8 0 32729 8 0.00872039794921875
decode: 6 0 26399 6 0.00843667984008789
decode: 6 0 26405 6 0.008430242538452148
decode: 6 0 26411 6 0.008431673049926758
decode: 6 0 26417 6 0.008412361145019531
decode: 6 0 26423 6 0.00840902328491211
decode: 6 0 26429 6 0.008489847183227539
decode: 6 0 26435 6 0.008478641510009766
decode: 6 0 26441 6 0.008466720581054688
decode: 6 0 26447 6 0.008493900299072266
decode: 6 0 26453 6 0.00847482681274414
decode: 6 0 26459 6 0.008480072021484375
decode: 6 0 26465 6 0.008486747741699219
decode: 6 0 26471 6 0.00847315788269043
decode: 6 0 26477 6 0.008472919464111328
decode: 6 0 26483 6 0.008490800857543945
decode: 6 0 26489 6 0.008476972579956055
decode: 6 0 26495 6 0.008456230163574219
decode: 6 0 26501 6 0.008524417877197266
decode: 6 0 26507 6 0.008490324020385742
decode: 6 0 26513 6 0.008475780487060547
decode: 6 0 26519 6 0.008468389511108398
decode: 6 0 26525 6 0.008486270904541016
decode: 6 0 26531 6 0.008465766906738281
decode: 5 0 22379 5 0.008287429809570312
decode: 5 0 22384 5 0.008275270462036133
decode: 5 0 22389 5 0.008264541625976562
decode: 5 0 22394 5 0.00827169418334961
decode: 5 0 22399 5 0.008267402648925781
decode: 5 0 22404 5 0.008253335952758789
decode: 5 0 22409 5 0.008260965347290039
decode: 5 0 22414 5 0.008286237716674805
decode: 5 0 22419 5 0.008263349533081055
decode: 5 0 22424 5 0.008263587951660156
decode: 5 0 22429 5 0.008280515670776367
decode: 5 0 22434 5 0.008290767669677734
decode: 5 0 22439 5 0.008268117904663086
decode: 5 0 22444 5 0.008275508880615234
decode: 5 0 22449 5 0.008265256881713867
decode: 5 0 22454 5 0.008276224136352539
decode: 5 0 22459 5 0.008265018463134766
decode: 5 0 22464 5 0.008259057998657227
decode: 5 0 22469 5 0.008289337158203125
decode: 5 0 22474 5 0.008267402648925781
decode: 5 0 22479 5 0.008263826370239258
decode: 5 0 22484 5 0.00828862190246582
decode: 5 0 22489 5 0.008288145065307617
decode: 5 0 22494 5 0.008572101593017578
decode: 5 0 22499 5 0.00826883316040039
decode: 4 0 18130 4 0.008069276809692383
decode: 4 0 18134 4 0.008017778396606445
decode: 4 0 18138 4 0.0080108642578125
decode: 4 0 18142 4 0.008001565933227539
decode: 4 0 18146 4 0.0080108642578125
decode: 4 0 18150 4 0.008003473281860352
decode: 4 0 18154 4 0.008006572723388672
decode: 4 0 18158 4 0.007996797561645508
decode: 4 0 18162 4 0.008017301559448242
decode: 4 0 18166 4 0.00800776481628418
decode: 4 0 18170 4 0.00801849365234375
decode: 4 0 18174 4 0.008013010025024414
decode: 4 0 18178 4 0.007997274398803711
decode: 4 0 18182 4 0.008000612258911133
decode: 4 0 18186 4 0.008022069931030273
decode: 4 0 18190 4 0.008003711700439453
decode: 4 0 18194 4 0.007990837097167969
decode: 4 0 18198 4 0.008005619049072266
decode: 4 0 18202 4 0.008026838302612305
decode: 4 0 18206 4 0.008004188537597656
decode: 4 0 18210 4 0.008007287979125977
decode: 4 0 18214 4 0.00800776481628418
decode: 4 0 18218 4 0.008013725280761719
decode: 4 0 18222 4 0.007989645004272461
decode: 4 0 18226 4 0.007988452911376953
decode: 4 0 18230 4 0.008022785186767578
decode: 4 0 18234 4 0.008002758026123047
decode: 4 0 18238 4 0.008009910583496094
decode: 4 0 18242 4 0.007988929748535156
decode: 4 0 18246 4 0.008002281188964844
decode: 4 0 18250 4 0.00800633430480957
decode: 4 0 18254 4 0.008008956909179688
decode: 4 0 18258 4 0.008003711700439453
decode: 4 0 18262 4 0.007998466491699219
decode: 4 0 18266 4 0.008020639419555664
decode: 4 0 18270 4 0.008007526397705078
decode: 4 0 18274 4 0.008011579513549805
decode: 3 0 14825 3 0.007933855056762695
decode: 3 0 14828 3 0.007920980453491211
decode: 3 0 14831 3 0.007910966873168945
decode: 3 0 14834 3 0.00795125961303711
decode: 3 0 14837 3 0.007913827896118164
decode: 3 0 14840 3 0.00791788101196289
decode: 3 0 14843 3 0.007924795150756836
decode: 3 0 14846 3 0.007914066314697266
decode: 3 0 14849 3 0.007914543151855469
decode: 3 0 14852 3 0.007905006408691406
decode: 3 0 14855 3 0.007947921752929688
decode: 3 0 14858 3 0.00791168212890625
decode: 3 0 14861 3 0.007925748825073242
decode: 3 0 14864 3 0.007935523986816406
decode: 3 0 14867 3 0.007916927337646484
decode: 3 0 14870 3 0.00791168212890625
decode: 3 0 14873 3 0.007920980453491211
decode: 3 0 14876 3 0.007924556732177734
decode: 3 0 14879 3 0.007914304733276367
decode: 3 0 14882 3 0.007918834686279297
decode: 3 0 14885 3 0.00794076919555664
decode: 3 0 14888 3 0.00792074203491211
decode: 3 0 14891 3 0.007907629013061523
decode: 3 0 14894 3 0.007905006408691406
decode: 3 0 14897 3 0.007924318313598633
decode: 3 0 14900 3 0.007911920547485352
decode: 3 0 14903 3 0.00790262222290039
decode: 3 0 14906 3 0.007926225662231445
decode: 3 0 14909 3 0.007926702499389648
decode: 3 0 14912 3 0.007919788360595703
decode: 3 0 14915 3 0.007926702499389648
decode: 3 0 14918 3 0.007905006408691406
decode: 3 0 14921 3 0.007909536361694336
decode: 3 0 14924 3 0.00793147087097168
decode: 3 0 14927 3 0.00790715217590332
decode: 3 0 14930 3 0.007915496826171875
decode: 3 0 14933 3 0.007915019989013672
decode: 3 0 14936 3 0.007940292358398438
decode: 3 0 14939 3 0.007906913757324219
decode: 3 0 14942 3 0.00790548324584961
decode: 3 0 14945 3 0.007935285568237305
decode: 3 0 14948 3 0.007917404174804688
decode: 3 0 14951 3 0.00791788101196289
decode: 3 0 14954 3 0.00791025161743164
decode: 3 0 14957 3 0.007933616638183594
decode: 3 0 14960 3 0.007917404174804688
decode: 3 0 14963 3 0.007910490036010742
decode: 3 0 14966 3 0.00792694091796875
decode: 3 0 14969 3 0.007920980453491211
decode: 3 0 14972 3 0.00792384147644043
decode: 3 0 14975 3 0.007922649383544922
decode: 3 0 14978 3 0.007930278778076172
decode: 3 0 14981 3 0.007912158966064453
decode: 3 0 14984 3 0.007925748825073242
decode: 3 0 14987 3 0.007927417755126953
decode: 3 0 14990 3 0.007925271987915039
decode: 3 0 14993 3 0.007915258407592773
decode: 3 0 14996 3 0.007908821105957031
decode: 3 0 14999 3 0.007909774780273438
decode: 3 0 15002 3 0.007927894592285156
decode: 3 0 15005 3 0.007928848266601562
decode: 3 0 15008 3 0.007917165756225586
decode: 3 0 15011 3 0.007910490036010742
decode: 3 0 15014 3 0.007933855056762695
decode: 3 0 15017 3 0.007918119430541992
decode: 2 0 10344 2 0.007852554321289062
decode: 2 0 10346 2 0.007777214050292969
decode: 2 0 10348 2 0.007760524749755859
decode: 2 0 10350 2 0.007760524749755859
decode: 1 0 5418 1 0.007470130920410156
decode: 1 0 5419 1 0.00736546516418457
decode: 1 0 5420 1 0.0073320865631103516
decode: 1 0 5421 1 0.007355690002441406
decode: 1 0 5422 1 0.0073413848876953125
decode: 1 0 5423 1 0.00734257698059082
decode: 1 0 5424 1 0.0073282718658447266
decode: 1 0 5425 1 0.0073397159576416016
decode: 1 0 5426 1 0.0073397159576416016
decode: 1 0 5427 1 0.0073320865631103516
decode: 1 0 5428 1 0.007335662841796875
decode: 1 0 5429 1 0.007345438003540039
decode: 1 0 5430 1 0.0073392391204833984
decode: 1 0 5431 1 0.0073206424713134766
decode: 1 0 5432 1 0.007326364517211914
decode: 1 0 5433 1 0.007340431213378906
decode: 1 0 5434 1 0.0073337554931640625
decode: 1 0 5435 1 0.0073299407958984375
decode: 1 0 5436 1 0.00732731819152832
decode: 1 0 5437 1 0.0073299407958984375
decode: 1 0 5438 1 0.007340192794799805
decode: 1 0 5439 1 0.007324695587158203
decode: 1 0 5440 1 0.007331132888793945
decode: 1 0 5441 1 0.007350444793701172
decode: 1 0 5442 1 0.0073359012603759766
decode: 1 0 5443 1 0.007339000701904297
decode: 1 0 5444 1 0.007331371307373047
decode: 1 0 5445 1 0.007341623306274414
decode: 1 0 5446 1 0.007343769073486328
decode: 1 0 5447 1 0.0073451995849609375
decode: 1 0 5448 1 0.007337808609008789
decode: 1 0 5449 1 0.007338047027587891
decode: 1 0 5450 1 0.0073392391204833984
decode: 1 0 5451 1 0.007341623306274414
decode: 1 0 5452 1 0.007344245910644531
decode: 1 0 5453 1 0.007337093353271484
decode: 1 0 5454 1 0.007328987121582031
decode: 1 0 5455 1 0.007331132888793945
decode: 1 0 5456 1 0.007325172424316406
decode: 1 0 5457 1 0.007312297821044922
decode: 1 0 5458 1 0.007331371307373047
decode: 1 0 5459 1 0.0073316097259521484
decode: 1 0 5460 1 0.007324934005737305
decode: 1 0 5461 1 0.007325887680053711
decode: 1 0 5462 1 0.007337808609008789
decode: 1 0 5463 1 0.007377147674560547
decode: 1 0 5464 1 0.0073549747467041016
decode: 1 0 5465 1 0.007334709167480469
decode: 1 0 5466 1 0.007338285446166992
decode: 1 0 5467 1 0.007344245910644531
decode: 1 0 5468 1 0.0073261260986328125
decode: 1 0 5469 1 0.00732421875
decode: 1 0 5470 1 0.007348537445068359
decode: 1 0 5471 1 0.007326364517211914
decode: 1 0 5472 1 0.00732874870300293
decode: 1 0 5473 1 0.007335186004638672
decode: 1 0 5474 1 0.007372856140136719
decode: 1 0 5475 1 0.007336854934692383
decode: 1 0 5476 1 0.007340192794799805
decode: 1 0 5477 1 0.00734257698059082
decode: 1 0 5478 1 0.0073320865631103516
decode: 1 0 5479 1 0.0073549747467041016
decode: 1 0 5480 1 0.007333278656005859
decode: 1 0 5481 1 0.0073282718658447266
decode: 1 0 5482 1 0.007354736328125
decode: 1 0 5483 1 0.007332563400268555
