extend: 0 1 0 2896 0.4161384105682373
extend: 0 5 0 8192 0.19594287872314453
extend: 0 4 2921 8192 0.227524995803833
extend: 0 5 2118 8192 0.20098233222961426
extend: 0 4 1383 8192 0.20978975296020508
extend: 0 6 2138 8192 0.21186542510986328
extend: 0 3 1297 6513 0.17578887939453125
decode: 23 0 50392 23 0.14374423027038574
extend: 0 5 0 16218 0.38577985763549805
extend: 0 1 0 2867 0.07418632507324219
decode: 29 0 69506 29 0.012070655822753906
decode: 29 0 69535 29 0.01171112060546875
extend: 0 1 0 2755 0.06934642791748047
decode: 29 0 69450 29 0.011445760726928711
decode: 29 0 69479 29 0.011539220809936523
decode: 29 0 69508 29 0.01148366928100586
decode: 29 0 69537 29 0.011178016662597656
decode: 29 0 69566 29 0.010996341705322266
decode: 29 0 69595 29 0.010930299758911133
decode: 29 0 69624 29 0.01098942756652832
decode: 29 0 69653 29 0.01093745231628418
decode: 29 0 69682 29 0.01094675064086914
decode: 29 0 69711 29 0.010924100875854492
decode: 28 0 66974 28 0.010822057723999023
decode: 28 0 67002 28 0.01079416275024414
extend: 0 2 0 5636 0.13831496238708496
decode: 25 0 69639 25 0.012117385864257812
decode: 25 0 69664 25 0.01191258430480957
decode: 25 0 69689 25 0.011450529098510742
decode: 25 0 69714 25 0.011371374130249023
decode: 24 0 66864 24 0.010792255401611328
decode: 24 0 66888 24 0.010790348052978516
decode: 24 0 66912 24 0.010886192321777344
decode: 24 0 66936 24 0.01069951057434082
extend: 0 4 0 4486 0.1065824031829834
decode: 25 0 69518 25 0.011709451675415039
decode: 25 0 69543 25 0.011565446853637695
decode: 25 0 69568 25 0.011414289474487305
decode: 25 0 69593 25 0.011291742324829102
decode: 25 0 69618 25 0.011260032653808594
decode: 25 0 69643 25 0.0112762451171875
decode: 25 0 69668 25 0.011240243911743164
decode: 25 0 69693 25 0.011164665222167969
decode: 25 0 69718 25 0.011159181594848633
decode: 24 0 66858 24 0.010709047317504883
decode: 24 0 66882 24 0.010705709457397461
decode: 24 0 66906 24 0.010687828063964844
decode: 24 0 66930 24 0.010684728622436523
decode: 24 0 66954 24 0.010686635971069336
decode: 24 0 66978 24 0.01071476936340332
decode: 24 0 67002 24 0.010704755783081055
decode: 24 0 67026 24 0.010692358016967773
extend: 0 1 0 2885 0.07135796546936035
decode: 24 0 69580 24 0.011512994766235352
decode: 24 0 69604 24 0.011398077011108398
decode: 24 0 69628 24 0.011289119720458984
decode: 24 0 69652 24 0.010895013809204102
decode: 24 0 69676 24 0.010881900787353516
decode: 24 0 69700 24 0.010950565338134766
decode: 24 0 69724 24 0.010875940322875977
decode: 23 0 66855 23 0.01075124740600586
decode: 23 0 66878 23 0.010787725448608398
decode: 23 0 66901 23 0.010814189910888672
decode: 23 0 66924 23 0.01070857048034668
decode: 23 0 66947 23 0.01075434684753418
extend: 0 1 0 2893 0.0713043212890625
decode: 23 0 69688 23 0.011400938034057617
decode: 23 0 69711 23 0.011471033096313477
decode: 23 0 69734 23 0.011387825012207031
extend: 0 1 0 1045 0.03034186363220215
decode: 23 0 69643 23 0.011096954345703125
decode: 23 0 69666 23 0.011166810989379883
decode: 23 0 69689 23 0.011066198348999023
decode: 23 0 69712 23 0.010947227478027344
decode: 23 0 69735 23 0.010866641998291016
decode: 22 0 68707 22 0.010797977447509766
extend: 0 1 0 1051 0.029671192169189453
decode: 22 0 68384 22 0.01114654541015625
decode: 22 0 68406 22 0.011139869689941406
decode: 22 0 68428 22 0.011124134063720703
decode: 22 0 68450 22 0.011031866073608398
decode: 22 0 68472 22 0.010893583297729492
decode: 22 0 68494 22 0.010862588882446289
decode: 22 0 68516 22 0.010811567306518555
decode: 22 0 68538 22 0.010832786560058594
decode: 22 0 68560 22 0.010766983032226562
decode: 22 0 68582 22 0.010772466659545898
decode: 22 0 68604 22 0.010808467864990234
decode: 22 0 68626 22 0.010938644409179688
decode: 22 0 68648 22 0.01082468032836914
decode: 22 0 68670 22 0.010829448699951172
decode: 22 0 68692 22 0.010800838470458984
decode: 22 0 68714 22 0.010818958282470703
decode: 22 0 68736 22 0.010791540145874023
decode: 22 0 68758 22 0.010785341262817383
decode: 22 0 68780 22 0.010788917541503906
decode: 22 0 68802 22 0.010775089263916016
decode: 22 0 68824 22 0.010812044143676758
decode: 22 0 68846 22 0.010798931121826172
decode: 22 0 68868 22 0.010798215866088867
decode: 22 0 68890 22 0.0108184814453125
decode: 22 0 68912 22 0.01085519790649414
decode: 22 0 68934 22 0.010862112045288086
decode: 22 0 68956 22 0.010793685913085938
decode: 22 0 68978 22 0.010798931121826172
decode: 22 0 69000 22 0.010782480239868164
decode: 22 0 69022 22 0.010771036148071289
decode: 22 0 69044 22 0.010785818099975586
decode: 22 0 69066 22 0.010788917541503906
decode: 22 0 69088 22 0.010739564895629883
decode: 22 0 69110 22 0.010770797729492188
decode: 22 0 69132 22 0.010751962661743164
decode: 22 0 69154 22 0.010829925537109375
decode: 22 0 69176 22 0.010736942291259766
decode: 22 0 69198 22 0.010749340057373047
decode: 22 0 69220 22 0.010779142379760742
decode: 22 0 69242 22 0.010776281356811523
decode: 22 0 69264 22 0.010847091674804688
decode: 22 0 69286 22 0.010778427124023438
decode: 22 0 69308 22 0.010856151580810547
decode: 22 0 69330 22 0.010788917541503906
decode: 22 0 69352 22 0.010804176330566406
decode: 22 0 69374 22 0.010803699493408203
decode: 22 0 69396 22 0.010812044143676758
decode: 22 0 69418 22 0.01081228256225586
decode: 22 0 69440 22 0.010864973068237305
decode: 22 0 69462 22 0.010877370834350586
decode: 22 0 69484 22 0.010817527770996094
decode: 22 0 69506 22 0.010818243026733398
decode: 22 0 69528 22 0.010822772979736328
decode: 22 0 69550 22 0.010796070098876953
decode: 22 0 69572 22 0.010766267776489258
decode: 22 0 69594 22 0.010767936706542969
decode: 22 0 69616 22 0.010777473449707031
decode: 22 0 69638 22 0.010767221450805664
decode: 22 0 69660 22 0.010782241821289062
decode: 22 0 69682 22 0.01078343391418457
decode: 22 0 69704 22 0.010823249816894531
decode: 22 0 69726 22 0.010828971862792969
decode: 21 0 68634 21 0.010864973068237305
decode: 21 0 68655 21 0.010811090469360352
decode: 21 0 68676 21 0.010802507400512695
decode: 21 0 68697 21 0.010909795761108398
decode: 21 0 68718 21 0.010826349258422852
decode: 21 0 68739 21 0.01081395149230957
decode: 21 0 68760 21 0.010806798934936523
decode: 21 0 68781 21 0.01078176498413086
decode: 21 0 68802 21 0.010780811309814453
decode: 21 0 68823 21 0.010766744613647461
decode: 21 0 68844 21 0.010767459869384766
decode: 21 0 68865 21 0.01078176498413086
decode: 21 0 68886 21 0.010897636413574219
decode: 21 0 68907 21 0.010785341262817383
decode: 21 0 68928 21 0.010784149169921875
decode: 21 0 68949 21 0.010789871215820312
decode: 21 0 68970 21 0.010826587677001953
decode: 21 0 68991 21 0.010807037353515625
decode: 21 0 69012 21 0.010811567306518555
decode: 21 0 69033 21 0.010806798934936523
decode: 21 0 69054 21 0.010799884796142578
decode: 21 0 69075 21 0.010916709899902344
decode: 21 0 69096 21 0.010857820510864258
decode: 21 0 69117 21 0.010768890380859375
decode: 21 0 69138 21 0.010770797729492188
decode: 21 0 69159 21 0.010854244232177734
decode: 21 0 69180 21 0.010789871215820312
decode: 21 0 69201 21 0.01079559326171875
decode: 21 0 69222 21 0.010780811309814453
decode: 21 0 69243 21 0.01080465316772461
decode: 21 0 69264 21 0.010880708694458008
decode: 21 0 69285 21 0.01089620590209961
decode: 21 0 69306 21 0.010806560516357422
decode: 21 0 69327 21 0.010797739028930664
decode: 21 0 69348 21 0.01083064079284668
decode: 21 0 69369 21 0.010814666748046875
decode: 21 0 69390 21 0.010815858840942383
decode: 21 0 69411 21 0.010796070098876953
decode: 21 0 69432 21 0.010811805725097656
decode: 21 0 69453 21 0.010777711868286133
decode: 21 0 69474 21 0.010818958282470703
decode: 21 0 69495 21 0.010894775390625
decode: 21 0 69516 21 0.010768890380859375
decode: 21 0 69537 21 0.010800600051879883
decode: 21 0 69558 21 0.01078033447265625
decode: 21 0 69579 21 0.010787487030029297
decode: 21 0 69600 21 0.010762214660644531
decode: 21 0 69621 21 0.010808706283569336
decode: 21 0 69642 21 0.010805130004882812
decode: 21 0 69663 21 0.0108184814453125
decode: 21 0 69684 21 0.010826587677001953
decode: 21 0 69705 21 0.010815143585205078
decode: 21 0 69726 21 0.010828018188476562
decode: 20 0 66729 20 0.010819435119628906
decode: 20 0 66749 20 0.010737419128417969
decode: 20 0 66769 20 0.010702133178710938
decode: 20 0 66789 20 0.010668039321899414
decode: 20 0 66809 20 0.010654449462890625
decode: 20 0 66829 20 0.010673046112060547
decode: 20 0 66849 20 0.010669708251953125
decode: 20 0 66869 20 0.010653018951416016
extend: 0 2 0 4132 0.09989595413208008
decode: 21 0 69317 21 0.011812925338745117
decode: 21 0 69338 21 0.011264562606811523
decode: 21 0 69359 21 0.01112222671508789
decode: 21 0 69380 21 0.011013269424438477
decode: 21 0 69401 21 0.011020183563232422
decode: 21 0 69422 21 0.010890960693359375
decode: 21 0 69443 21 0.010912179946899414
decode: 21 0 69464 21 0.010902881622314453
decode: 21 0 69485 21 0.010873556137084961
decode: 21 0 69506 21 0.01091146469116211
decode: 21 0 69527 21 0.01089334487915039
decode: 21 0 69548 21 0.010888814926147461
decode: 21 0 69569 21 0.010992050170898438
decode: 21 0 69590 21 0.010876655578613281
decode: 21 0 69611 21 0.010887384414672852
decode: 21 0 69632 21 0.01088571548461914
decode: 21 0 69653 21 0.010878801345825195
decode: 21 0 69674 21 0.01090693473815918
decode: 21 0 69695 21 0.01089930534362793
decode: 21 0 69716 21 0.010867118835449219
decode: 20 0 68602 20 0.01083230972290039
decode: 20 0 68622 20 0.010818243026733398
decode: 20 0 68642 20 0.01081395149230957
decode: 20 0 68662 20 0.010822057723999023
decode: 20 0 68682 20 0.01085972785949707
decode: 20 0 68702 20 0.010846138000488281
decode: 20 0 68722 20 0.010833024978637695
decode: 20 0 68742 20 0.010851144790649414
decode: 20 0 68762 20 0.010860204696655273
decode: 20 0 68782 20 0.01082301139831543
decode: 20 0 68802 20 0.010852813720703125
decode: 20 0 68822 20 0.010839223861694336
decode: 20 0 68842 20 0.010777950286865234
decode: 20 0 68862 20 0.010889053344726562
decode: 20 0 68882 20 0.010777473449707031
decode: 20 0 68902 20 0.010764122009277344
decode: 20 0 68922 20 0.010855913162231445
decode: 20 0 68942 20 0.010783195495605469
decode: 20 0 68962 20 0.010802745819091797
decode: 20 0 68982 20 0.010780572891235352
decode: 20 0 69002 20 0.010806798934936523
decode: 20 0 69022 20 0.010786771774291992
decode: 20 0 69042 20 0.010815858840942383
decode: 20 0 69062 20 0.010819196701049805
decode: 20 0 69082 20 0.010806083679199219
decode: 20 0 69102 20 0.010833263397216797
decode: 20 0 69122 20 0.010812997817993164
decode: 20 0 69142 20 0.010832786560058594
decode: 20 0 69162 20 0.010813713073730469
decode: 20 0 69182 20 0.010804891586303711
decode: 20 0 69202 20 0.010826826095581055
decode: 20 0 69222 20 0.010771989822387695
decode: 20 0 69242 20 0.010776996612548828
decode: 20 0 69262 20 0.010782241821289062
decode: 20 0 69282 20 0.010815858840942383
decode: 20 0 69302 20 0.010780811309814453
decode: 20 0 69322 20 0.01078343391418457
decode: 20 0 69342 20 0.010807991027832031
decode: 20 0 69362 20 0.010863065719604492
decode: 20 0 69382 20 0.010876655578613281
decode: 20 0 69402 20 0.010906219482421875
decode: 20 0 69422 20 0.010860443115234375
decode: 20 0 69442 20 0.010861635208129883
decode: 20 0 69462 20 0.010864973068237305
decode: 20 0 69482 20 0.010896444320678711
decode: 20 0 69502 20 0.010852813720703125
decode: 20 0 69522 20 0.010824441909790039
decode: 20 0 69542 20 0.010835647583007812
decode: 20 0 69562 20 0.010822296142578125
decode: 20 0 69582 20 0.010930299758911133
decode: 20 0 69602 20 0.010836362838745117
decode: 20 0 69622 20 0.010831117630004883
decode: 20 0 69642 20 0.010855436325073242
decode: 20 0 69662 20 0.010838985443115234
decode: 20 0 69682 20 0.010877370834350586
decode: 20 0 69702 20 0.010866880416870117
decode: 20 0 69722 20 0.010858535766601562
decode: 19 0 66646 19 0.010655641555786133
decode: 19 0 66665 19 0.010638713836669922
decode: 19 0 66684 19 0.010643482208251953
decode: 19 0 66703 19 0.0106353759765625
extend: 0 2 0 4802 0.11495542526245117
decode: 20 0 69371 20 0.01143336296081543
decode: 20 0 69391 20 0.011183500289916992
decode: 20 0 69411 20 0.01111745834350586
decode: 20 0 69431 20 0.011057615280151367
decode: 20 0 69451 20 0.010973215103149414
decode: 20 0 69471 20 0.010964155197143555
decode: 20 0 69491 20 0.010950803756713867
decode: 20 0 69511 20 0.010941028594970703
decode: 20 0 69531 20 0.010866403579711914
decode: 20 0 69551 20 0.010950565338134766
decode: 20 0 69571 20 0.010919809341430664
decode: 20 0 69591 20 0.010879278182983398
decode: 20 0 69611 20 0.010863780975341797
decode: 20 0 69631 20 0.010859966278076172
decode: 20 0 69651 20 0.010889291763305664
decode: 20 0 69671 20 0.010875225067138672
decode: 20 0 69691 20 0.010871648788452148
decode: 20 0 69711 20 0.010872840881347656
extend: 0 1 0 1135 0.029691457748413086
decode: 20 0 69142 20 0.010864019393920898
decode: 20 0 69162 20 0.010828256607055664
decode: 20 0 69182 20 0.010875940322875977
decode: 20 0 69202 20 0.010857820510864258
decode: 20 0 69222 20 0.010844945907592773
decode: 20 0 69242 20 0.010838747024536133
decode: 20 0 69262 20 0.01089620590209961
decode: 20 0 69282 20 0.010893821716308594
decode: 20 0 69302 20 0.010892629623413086
decode: 20 0 69322 20 0.010894536972045898
decode: 20 0 69342 20 0.010885000228881836
decode: 20 0 69362 20 0.010865926742553711
decode: 20 0 69382 20 0.010895013809204102
decode: 20 0 69402 20 0.010935068130493164
decode: 20 0 69422 20 0.010871648788452148
decode: 20 0 69442 20 0.01095724105834961
decode: 20 0 69462 20 0.010890960693359375
decode: 20 0 69482 20 0.010881185531616211
decode: 20 0 69502 20 0.010977983474731445
decode: 20 0 69522 20 0.010918378829956055
decode: 20 0 69542 20 0.010982036590576172
decode: 20 0 69562 20 0.01085972785949707
decode: 20 0 69582 20 0.01089620590209961
decode: 20 0 69602 20 0.010877609252929688
decode: 20 0 69622 20 0.010894298553466797
decode: 20 0 69642 20 0.01087498664855957
decode: 20 0 69662 20 0.010878324508666992
decode: 20 0 69682 20 0.010848522186279297
decode: 20 0 69702 20 0.010836124420166016
decode: 20 0 69722 20 0.010869264602661133
decode: 19 0 65431 19 0.010637521743774414
decode: 19 0 65450 19 0.010593414306640625
decode: 19 0 65469 19 0.01059103012084961
extend: 0 2 0 3880 0.0921013355255127
decode: 21 0 69370 21 0.011648416519165039
decode: 21 0 69391 21 0.011505365371704102
decode: 21 0 69412 21 0.011240005493164062
decode: 21 0 69433 21 0.011091470718383789
decode: 21 0 69454 21 0.011006832122802734
decode: 21 0 69475 21 0.010981082916259766
decode: 21 0 69496 21 0.010959148406982422
decode: 21 0 69517 21 0.010914087295532227
decode: 21 0 69538 21 0.010875940322875977
decode: 21 0 69559 21 0.010910272598266602
decode: 21 0 69580 21 0.010904073715209961
decode: 21 0 69601 21 0.010929107666015625
decode: 21 0 69622 21 0.01087808609008789
decode: 21 0 69643 21 0.010892629623413086
decode: 21 0 69664 21 0.01089024543762207
decode: 21 0 69685 21 0.010942459106445312
decode: 21 0 69706 21 0.01089930534362793
decode: 21 0 69727 21 0.010881423950195312
extend: 0 1 0 1397 0.035193443298339844
decode: 21 0 69402 21 0.011339902877807617
decode: 21 0 69423 21 0.01126861572265625
decode: 21 0 69444 21 0.011064529418945312
decode: 21 0 69465 21 0.01096200942993164
decode: 21 0 69486 21 0.010961055755615234
decode: 21 0 69507 21 0.010927200317382812
decode: 21 0 69528 21 0.010900020599365234
decode: 21 0 69549 21 0.010897159576416016
decode: 21 0 69570 21 0.010930061340332031
decode: 21 0 69591 21 0.010946512222290039
decode: 21 0 69612 21 0.010886907577514648
decode: 21 0 69633 21 0.010877132415771484
decode: 21 0 69654 21 0.01089787483215332
decode: 21 0 69675 21 0.010888338088989258
decode: 21 0 69696 21 0.010884284973144531
decode: 21 0 69717 21 0.010918855667114258
decode: 20 0 68324 20 0.010783910751342773
decode: 20 0 68344 20 0.01078176498413086
decode: 20 0 68364 20 0.010778665542602539
decode: 20 0 68384 20 0.010771036148071289
decode: 20 0 68404 20 0.010783910751342773
decode: 20 0 68424 20 0.010779619216918945
decode: 20 0 68444 20 0.010775327682495117
decode: 20 0 68464 20 0.01077127456665039
extend: 0 1 0 1414 0.0373532772064209
decode: 20 0 68688 20 0.010872602462768555
decode: 20 0 68708 20 0.010877609252929688
decode: 20 0 68728 20 0.010849475860595703
decode: 20 0 68748 20 0.01081705093383789
decode: 20 0 68768 20 0.010797739028930664
decode: 20 0 68788 20 0.010814905166625977
decode: 20 0 68808 20 0.010851621627807617
decode: 20 0 68828 20 0.010790109634399414
decode: 20 0 68848 20 0.010834455490112305
decode: 20 0 68868 20 0.010777711868286133
decode: 20 0 68888 20 0.010767459869384766
decode: 20 0 68908 20 0.010869503021240234
decode: 20 0 68928 20 0.010839462280273438
decode: 20 0 68948 20 0.010825395584106445
decode: 20 0 68968 20 0.010972023010253906
decode: 20 0 68988 20 0.010833740234375
decode: 20 0 69008 20 0.010830402374267578
decode: 20 0 69028 20 0.010818719863891602
decode: 20 0 69048 20 0.010808706283569336
decode: 20 0 69068 20 0.01093149185180664
decode: 20 0 69088 20 0.01092982292175293
decode: 20 0 69108 20 0.010815858840942383
decode: 20 0 69128 20 0.010833501815795898
decode: 20 0 69148 20 0.010904312133789062
decode: 20 0 69168 20 0.010839223861694336
decode: 20 0 69188 20 0.01084446907043457
decode: 20 0 69208 20 0.010870218276977539
decode: 20 0 69228 20 0.01083517074584961
decode: 20 0 69248 20 0.010830402374267578
decode: 20 0 69268 20 0.010835647583007812
decode: 20 0 69288 20 0.010895252227783203
decode: 20 0 69308 20 0.010793447494506836
decode: 20 0 69328 20 0.010816812515258789
decode: 20 0 69348 20 0.010801553726196289
decode: 20 0 69368 20 0.010795831680297852
decode: 20 0 69388 20 0.010800838470458984
decode: 20 0 69408 20 0.010815143585205078
decode: 20 0 69428 20 0.010800600051879883
decode: 20 0 69448 20 0.010788202285766602
decode: 20 0 69468 20 0.01078939437866211
decode: 20 0 69488 20 0.010778427124023438
decode: 20 0 69508 20 0.01082611083984375
decode: 20 0 69528 20 0.010799646377563477
decode: 20 0 69548 20 0.010778665542602539
decode: 20 0 69568 20 0.01078176498413086
decode: 20 0 69588 20 0.010874032974243164
decode: 20 0 69608 20 0.010791301727294922
decode: 20 0 69628 20 0.01090240478515625
decode: 20 0 69648 20 0.01080942153930664
decode: 20 0 69668 20 0.010835409164428711
decode: 20 0 69688 20 0.01083230972290039
decode: 20 0 69708 20 0.010811328887939453
decode: 20 0 69728 20 0.010876655578613281
decode: 19 0 68280 19 0.01074528694152832
decode: 19 0 68299 19 0.010720968246459961
decode: 19 0 68318 19 0.01067972183227539
decode: 19 0 68337 19 0.010718822479248047
decode: 19 0 68356 19 0.01067042350769043
decode: 19 0 68375 19 0.010675191879272461
extend: 0 1 0 1468 0.03732800483703613
decode: 19 0 67606 19 0.010983467102050781
decode: 19 0 67625 19 0.010846614837646484
decode: 19 0 67644 19 0.01087808609008789
decode: 19 0 67663 19 0.01077127456665039
decode: 19 0 67682 19 0.010756731033325195
decode: 19 0 67701 19 0.010795116424560547
extend: 0 1 0 1211 0.03150796890258789
decode: 20 0 68932 20 0.010802268981933594
decode: 20 0 68952 20 0.01089334487915039
decode: 20 0 68972 20 0.010797500610351562
decode: 20 0 68992 20 0.010781288146972656
decode: 20 0 69012 20 0.010779142379760742
decode: 20 0 69032 20 0.010787725448608398
decode: 20 0 69052 20 0.010849952697753906
decode: 20 0 69072 20 0.010799407958984375
decode: 20 0 69092 20 0.010802030563354492
decode: 20 0 69112 20 0.01080179214477539
decode: 20 0 69132 20 0.010918140411376953
decode: 20 0 69152 20 0.010882139205932617
decode: 20 0 69172 20 0.010795831680297852
decode: 20 0 69192 20 0.010773658752441406
decode: 20 0 69212 20 0.010768413543701172
decode: 20 0 69232 20 0.010885000228881836
decode: 20 0 69252 20 0.01080775260925293
decode: 20 0 69272 20 0.01085209846496582
decode: 20 0 69292 20 0.010794878005981445
decode: 20 0 69312 20 0.010773181915283203
decode: 20 0 69332 20 0.010764360427856445
decode: 20 0 69352 20 0.010804891586303711
decode: 20 0 69372 20 0.010829448699951172
decode: 20 0 69392 20 0.010731935501098633
decode: 20 0 69412 20 0.01076197624206543
decode: 20 0 69432 20 0.010737895965576172
decode: 20 0 69452 20 0.010738611221313477
decode: 20 0 69472 20 0.01074075698852539
decode: 20 0 69492 20 0.010716438293457031
decode: 20 0 69512 20 0.010745048522949219
decode: 20 0 69532 20 0.010771512985229492
decode: 20 0 69552 20 0.010760068893432617
decode: 20 0 69572 20 0.010760784149169922
decode: 20 0 69592 20 0.010796785354614258
decode: 20 0 69612 20 0.010776281356811523
decode: 20 0 69632 20 0.010776996612548828
decode: 20 0 69652 20 0.010764360427856445
decode: 20 0 69672 20 0.010774850845336914
decode: 20 0 69692 20 0.010753154754638672
decode: 20 0 69712 20 0.010729551315307617
decode: 20 0 69732 20 0.010729551315307617
decode: 19 0 68236 19 0.010673761367797852
extend: 0 1 0 1516 0.03725600242614746
decode: 19 0 68518 19 0.010977745056152344
decode: 19 0 68537 19 0.010949134826660156
decode: 19 0 68556 19 0.010899066925048828
decode: 19 0 68575 19 0.010874271392822266
decode: 19 0 68594 19 0.01083230972290039
decode: 19 0 68613 19 0.010797500610351562
decode: 19 0 68632 19 0.010812520980834961
decode: 19 0 68651 19 0.010808706283569336
decode: 19 0 68670 19 0.010854959487915039
decode: 19 0 68689 19 0.010779619216918945
decode: 19 0 68708 19 0.010764122009277344
decode: 19 0 68727 19 0.010777473449707031
decode: 19 0 68746 19 0.010822296142578125
decode: 19 0 68765 19 0.01078176498413086
decode: 19 0 68784 19 0.010814905166625977
decode: 19 0 68803 19 0.010792016983032227
decode: 19 0 68822 19 0.010783672332763672
decode: 19 0 68841 19 0.010874032974243164
decode: 19 0 68860 19 0.010806798934936523
decode: 19 0 68879 19 0.010797977447509766
decode: 19 0 68898 19 0.01080942153930664
decode: 19 0 68917 19 0.010790109634399414
decode: 19 0 68936 19 0.010787248611450195
decode: 19 0 68955 19 0.010821342468261719
decode: 19 0 68974 19 0.010816335678100586
decode: 19 0 68993 19 0.01076960563659668
decode: 19 0 69012 19 0.010773420333862305
decode: 19 0 69031 19 0.010755300521850586
decode: 19 0 69050 19 0.010754823684692383
decode: 19 0 69069 19 0.010785818099975586
decode: 19 0 69088 19 0.010753393173217773
decode: 19 0 69107 19 0.010759115219116211
decode: 19 0 69126 19 0.01076817512512207
decode: 19 0 69145 19 0.010742425918579102
decode: 19 0 69164 19 0.0107879638671875
decode: 19 0 69183 19 0.010778188705444336
decode: 19 0 69202 19 0.010790109634399414
decode: 19 0 69221 19 0.010787248611450195
decode: 19 0 69240 19 0.010783672332763672
decode: 19 0 69259 19 0.010828495025634766
decode: 19 0 69278 19 0.010785818099975586
decode: 19 0 69297 19 0.010914325714111328
decode: 19 0 69316 19 0.010812044143676758
decode: 19 0 69335 19 0.010787248611450195
decode: 19 0 69354 19 0.010885477066040039
decode: 19 0 69373 19 0.010792016983032227
decode: 19 0 69392 19 0.010885477066040039
decode: 19 0 69411 19 0.010884523391723633
decode: 19 0 69430 19 0.010806560516357422
decode: 19 0 69449 19 0.010819435119628906
decode: 19 0 69468 19 0.010802507400512695
decode: 19 0 69487 19 0.010783910751342773
decode: 19 0 69506 19 0.010819196701049805
decode: 19 0 69525 19 0.010779380798339844
decode: 19 0 69544 19 0.010831117630004883
decode: 19 0 69563 19 0.010815858840942383
decode: 19 0 69582 19 0.010843992233276367
decode: 19 0 69601 19 0.010814189910888672
decode: 19 0 69620 19 0.010810375213623047
decode: 19 0 69639 19 0.010828256607055664
decode: 19 0 69658 19 0.010826349258422852
decode: 19 0 69677 19 0.010818958282470703
decode: 19 0 69696 19 0.010802268981933594
decode: 19 0 69715 19 0.010813713073730469
decode: 19 0 69734 19 0.010777473449707031
decode: 18 0 68171 18 0.010805368423461914
decode: 18 0 68189 18 0.010729312896728516
decode: 18 0 68207 18 0.010734319686889648
decode: 18 0 68225 18 0.010745048522949219
decode: 18 0 68243 18 0.010720252990722656
decode: 18 0 68261 18 0.010721683502197266
decode: 18 0 68279 18 0.010753154754638672
decode: 18 0 68297 18 0.010752439498901367
decode: 18 0 68315 18 0.010738611221313477
decode: 18 0 68333 18 0.010766744613647461
decode: 18 0 68351 18 0.010755300521850586
decode: 18 0 68369 18 0.01074671745300293
decode: 18 0 68387 18 0.010784149169921875
decode: 18 0 68405 18 0.010804414749145508
decode: 18 0 68423 18 0.010731697082519531
decode: 18 0 68441 18 0.010891437530517578
decode: 18 0 68459 18 0.010820627212524414
decode: 18 0 68477 18 0.010787248611450195
decode: 18 0 68495 18 0.010776758193969727
decode: 18 0 68513 18 0.010770797729492188
decode: 18 0 68531 18 0.010771751403808594
decode: 18 0 68549 18 0.010815858840942383
decode: 18 0 68567 18 0.010817527770996094
decode: 18 0 68585 18 0.010809898376464844
decode: 18 0 68603 18 0.010799884796142578
decode: 18 0 68621 18 0.010827064514160156
decode: 18 0 68639 18 0.010849714279174805
decode: 18 0 68657 18 0.010837078094482422
decode: 18 0 68675 18 0.01082921028137207
decode: 18 0 68693 18 0.010809898376464844
decode: 18 0 68711 18 0.010907173156738281
decode: 18 0 68729 18 0.01078486442565918
decode: 18 0 68747 18 0.010771989822387695
decode: 17 0 64604 17 0.010722637176513672
decode: 17 0 64621 17 0.010598421096801758
decode: 17 0 64638 17 0.010594606399536133
decode: 17 0 64655 17 0.010615110397338867
decode: 17 0 64672 17 0.01061391830444336
decode: 17 0 64689 17 0.010628938674926758
extend: 0 3 0 4824 0.11180591583251953
decode: 20 0 69533 20 0.011287927627563477
decode: 20 0 69553 20 0.011097431182861328
decode: 20 0 69573 20 0.011091470718383789
decode: 20 0 69593 20 0.010909080505371094
decode: 20 0 69613 20 0.010873556137084961
decode: 20 0 69633 20 0.010867834091186523
decode: 20 0 69653 20 0.010877847671508789
decode: 20 0 69673 20 0.010823726654052734
decode: 20 0 69693 20 0.010859489440917969
extend: 0 1 0 1254 0.03136873245239258
decode: 20 0 69376 20 0.011005401611328125
decode: 20 0 69396 20 0.010933160781860352
decode: 20 0 69416 20 0.010982751846313477
decode: 20 0 69436 20 0.01083683967590332
decode: 20 0 69456 20 0.01083064079284668
decode: 20 0 69476 20 0.010811328887939453
decode: 20 0 69496 20 0.011008501052856445
decode: 20 0 69516 20 0.010851860046386719
decode: 20 0 69536 20 0.0108795166015625
decode: 20 0 69556 20 0.010883331298828125
decode: 20 0 69576 20 0.010842561721801758
decode: 20 0 69596 20 0.010829925537109375
decode: 20 0 69616 20 0.010828733444213867
decode: 20 0 69636 20 0.01086282730102539
decode: 20 0 69656 20 0.010837554931640625
decode: 20 0 69676 20 0.010862588882446289
decode: 20 0 69696 20 0.010834693908691406
decode: 20 0 69716 20 0.010819435119628906
decode: 20 0 69736 20 0.010848522186279297
decode: 19 0 68742 19 0.010888099670410156
decode: 19 0 68761 19 0.010850906372070312
decode: 19 0 68780 19 0.010841608047485352
decode: 19 0 68799 19 0.010838747024536133
decode: 19 0 68818 19 0.010887861251831055
extend: 0 1 0 1014 0.025577068328857422
decode: 19 0 67561 19 0.01078486442565918
decode: 19 0 67580 19 0.01076507568359375
decode: 19 0 67599 19 0.010857582092285156
decode: 19 0 67618 19 0.01083683967590332
decode: 19 0 67637 19 0.010785341262817383
decode: 19 0 67656 19 0.010734319686889648
extend: 0 1 0 1592 0.04097628593444824
decode: 20 0 69268 20 0.011161088943481445
decode: 20 0 69288 20 0.011128902435302734
decode: 20 0 69308 20 0.011128425598144531
decode: 20 0 69328 20 0.0109405517578125
decode: 20 0 69348 20 0.010895252227783203
decode: 20 0 69368 20 0.010979175567626953
decode: 20 0 69388 20 0.010905265808105469
decode: 20 0 69408 20 0.010841846466064453
decode: 20 0 69428 20 0.010889053344726562
decode: 20 0 69448 20 0.010870695114135742
decode: 20 0 69468 20 0.010842323303222656
decode: 20 0 69488 20 0.010868549346923828
decode: 20 0 69508 20 0.010817289352416992
decode: 20 0 69528 20 0.010851621627807617
decode: 20 0 69548 20 0.010854959487915039
decode: 20 0 69568 20 0.010834217071533203
decode: 20 0 69588 20 0.010851383209228516
decode: 20 0 69608 20 0.010826349258422852
decode: 20 0 69628 20 0.01094675064086914
decode: 20 0 69648 20 0.010852813720703125
decode: 20 0 69668 20 0.010847330093383789
decode: 20 0 69688 20 0.010856151580810547
decode: 20 0 69708 20 0.010845184326171875
extend: 0 1 0 1160 0.031073808670043945
decode: 20 0 69273 20 0.010969877243041992
decode: 20 0 69293 20 0.010998964309692383
decode: 19 0 64840 19 0.010675430297851562
decode: 19 0 64859 19 0.010606527328491211
decode: 19 0 64878 19 0.010589122772216797
decode: 19 0 64897 19 0.010695695877075195
extend: 0 3 0 4685 0.11025834083557129
decode: 22 0 69604 22 0.011976957321166992
decode: 22 0 69626 22 0.011285781860351562
decode: 22 0 69648 22 0.011219024658203125
decode: 22 0 69670 22 0.011166810989379883
decode: 22 0 69692 22 0.010898590087890625
decode: 22 0 69714 22 0.010908365249633789
decode: 22 0 69736 22 0.010877370834350586
decode: 21 0 68972 21 0.010856151580810547
extend: 0 1 0 786 0.023951292037963867
decode: 21 0 68155 21 0.010828733444213867
decode: 21 0 68176 21 0.010787248611450195
decode: 21 0 68197 21 0.010809183120727539
decode: 21 0 68218 21 0.010780572891235352
decode: 21 0 68239 21 0.010801076889038086
decode: 21 0 68260 21 0.010797262191772461
decode: 21 0 68281 21 0.010836362838745117
decode: 21 0 68302 21 0.010867834091186523
decode: 21 0 68323 21 0.010787248611450195
decode: 21 0 68344 21 0.010782718658447266
decode: 21 0 68365 21 0.010808229446411133
decode: 21 0 68386 21 0.010899543762207031
decode: 21 0 68407 21 0.010784149169921875
decode: 21 0 68428 21 0.010803699493408203
decode: 21 0 68449 21 0.010772228240966797
decode: 21 0 68470 21 0.010785102844238281
decode: 21 0 68491 21 0.010807991027832031
decode: 21 0 68512 21 0.010805368423461914
decode: 21 0 68533 21 0.010785102844238281
decode: 21 0 68554 21 0.010810136795043945
decode: 21 0 68575 21 0.010769128799438477
decode: 21 0 68596 21 0.010792970657348633
decode: 21 0 68617 21 0.01076054573059082
decode: 21 0 68638 21 0.010746479034423828
decode: 21 0 68659 21 0.01080179214477539
decode: 21 0 68680 21 0.010822296142578125
decode: 21 0 68701 21 0.010761737823486328
decode: 21 0 68722 21 0.010790109634399414
decode: 21 0 68743 21 0.010848522186279297
decode: 21 0 68764 21 0.010780096054077148
decode: 21 0 68785 21 0.010756731033325195
decode: 21 0 68806 21 0.010754108428955078
decode: 21 0 68827 21 0.010729551315307617
decode: 21 0 68848 21 0.010739326477050781
decode: 21 0 68869 21 0.01077413558959961
decode: 21 0 68890 21 0.010755777359008789
decode: 21 0 68911 21 0.010733366012573242
decode: 21 0 68932 21 0.010744571685791016
decode: 21 0 68953 21 0.010802984237670898
decode: 21 0 68974 21 0.010800838470458984
decode: 21 0 68995 21 0.010810136795043945
decode: 21 0 69016 21 0.01079249382019043
decode: 21 0 69037 21 0.010893821716308594
decode: 21 0 69058 21 0.010833978652954102
decode: 21 0 69079 21 0.010818004608154297
decode: 21 0 69100 21 0.010812759399414062
decode: 21 0 69121 21 0.010809183120727539
decode: 21 0 69142 21 0.0108184814453125
decode: 21 0 69163 21 0.010824441909790039
decode: 21 0 69184 21 0.010830879211425781
decode: 21 0 69205 21 0.010802268981933594
decode: 21 0 69226 21 0.010910511016845703
decode: 21 0 69247 21 0.010816812515258789
decode: 21 0 69268 21 0.010794401168823242
decode: 21 0 69289 21 0.010822534561157227
decode: 21 0 69310 21 0.010871410369873047
decode: 21 0 69331 21 0.010807991027832031
decode: 21 0 69352 21 0.010828971862792969
decode: 21 0 69373 21 0.010780811309814453
decode: 21 0 69394 21 0.010813474655151367
decode: 21 0 69415 21 0.010816335678100586
decode: 21 0 69436 21 0.010868549346923828
decode: 21 0 69457 21 0.010854244232177734
decode: 21 0 69478 21 0.01082301139831543
decode: 21 0 69499 21 0.010809659957885742
decode: 21 0 69520 21 0.010816097259521484
decode: 21 0 69541 21 0.010827302932739258
decode: 21 0 69562 21 0.010861873626708984
decode: 21 0 69583 21 0.010828495025634766
decode: 21 0 69604 21 0.010805130004882812
decode: 21 0 69625 21 0.010828971862792969
decode: 21 0 69646 21 0.010808467864990234
decode: 21 0 69667 21 0.010799407958984375
decode: 21 0 69688 21 0.010776996612548828
decode: 21 0 69709 21 0.010818719863891602
decode: 21 0 69730 21 0.010857582092285156
decode: 20 0 68888 20 0.010833978652954102
decode: 20 0 68908 20 0.010946512222290039
decode: 20 0 68928 20 0.010819435119628906
extend: 0 1 0 863 0.024251699447631836
decode: 20 0 68675 20 0.010903358459472656
decode: 20 0 68695 20 0.010837078094482422
decode: 20 0 68715 20 0.010826349258422852
decode: 20 0 68735 20 0.010810375213623047
decode: 19 0 64046 19 0.01052236557006836
decode: 19 0 64065 19 0.010520696640014648
decode: 19 0 64084 19 0.010508537292480469
extend: 0 3 0 4506 0.10455107688903809
decode: 22 0 68612 22 0.011434555053710938
decode: 22 0 68634 22 0.011113882064819336
decode: 22 0 68656 22 0.011081457138061523
decode: 22 0 68678 22 0.010904550552368164
decode: 22 0 68700 22 0.010836601257324219
decode: 22 0 68722 22 0.01083230972290039
decode: 22 0 68744 22 0.010818958282470703
decode: 22 0 68766 22 0.010790824890136719
decode: 22 0 68788 22 0.010836362838745117
decode: 22 0 68810 22 0.010812520980834961
decode: 22 0 68832 22 0.010791778564453125
decode: 22 0 68854 22 0.01076650619506836
decode: 22 0 68876 22 0.010800600051879883
decode: 22 0 68898 22 0.0107879638671875
decode: 22 0 68920 22 0.010823488235473633
decode: 22 0 68942 22 0.010808944702148438
decode: 22 0 68964 22 0.010802984237670898
decode: 22 0 68986 22 0.010837554931640625
decode: 22 0 69008 22 0.010831832885742188
decode: 22 0 69030 22 0.01081705093383789
decode: 22 0 69052 22 0.010822057723999023
decode: 22 0 69074 22 0.010807275772094727
decode: 22 0 69096 22 0.01087498664855957
decode: 22 0 69118 22 0.010859012603759766
decode: 22 0 69140 22 0.01087045669555664
decode: 22 0 69162 22 0.010891437530517578
decode: 22 0 69184 22 0.010949134826660156
decode: 22 0 69206 22 0.010861396789550781
decode: 22 0 69228 22 0.010864973068237305
decode: 22 0 69250 22 0.010818004608154297
decode: 22 0 69272 22 0.010805130004882812
decode: 22 0 69294 22 0.010813474655151367
decode: 22 0 69316 22 0.010800361633300781
decode: 22 0 69338 22 0.010808467864990234
decode: 22 0 69360 22 0.010790109634399414
decode: 22 0 69382 22 0.010837554931640625
decode: 22 0 69404 22 0.010824441909790039
decode: 22 0 69426 22 0.010806798934936523
decode: 22 0 69448 22 0.010781288146972656
decode: 22 0 69470 22 0.010823726654052734
decode: 22 0 69492 22 0.010797739028930664
decode: 22 0 69514 22 0.010793447494506836
decode: 22 0 69536 22 0.01083230972290039
decode: 22 0 69558 22 0.010796546936035156
decode: 22 0 69580 22 0.010834693908691406
decode: 22 0 69602 22 0.01079106330871582
decode: 22 0 69624 22 0.01078033447265625
decode: 22 0 69646 22 0.01079702377319336
decode: 22 0 69668 22 0.010797739028930664
decode: 22 0 69690 22 0.010794639587402344
decode: 22 0 69712 22 0.010804414749145508
decode: 22 0 69734 22 0.010805130004882812
decode: 21 0 68833 21 0.010843276977539062
extend: 0 1 0 923 0.025281906127929688
decode: 21 0 68587 21 0.010832071304321289
decode: 21 0 68608 21 0.01079249382019043
decode: 21 0 68629 21 0.010877847671508789
decode: 21 0 68650 21 0.010782957077026367
decode: 21 0 68671 21 0.010780096054077148
decode: 21 0 68692 21 0.010762453079223633
decode: 21 0 68713 21 0.010884523391723633
decode: 21 0 68734 21 0.010763168334960938
decode: 21 0 68755 21 0.010755777359008789
decode: 21 0 68776 21 0.010744571685791016
decode: 21 0 68797 21 0.010746002197265625
decode: 21 0 68818 21 0.01084136962890625
decode: 21 0 68839 21 0.010767459869384766
decode: 21 0 68860 21 0.01073765754699707
decode: 21 0 68881 21 0.010831594467163086
decode: 21 0 68902 21 0.010769367218017578
decode: 21 0 68923 21 0.010739326477050781
decode: 21 0 68944 21 0.010744094848632812
decode: 21 0 68965 21 0.010735511779785156
decode: 21 0 68986 21 0.01074075698852539
decode: 21 0 69007 21 0.010748863220214844
decode: 21 0 69028 21 0.010766983032226562
decode: 21 0 69049 21 0.010753154754638672
decode: 21 0 69070 21 0.01075124740600586
decode: 21 0 69091 21 0.010792732238769531
decode: 21 0 69112 21 0.010802507400512695
decode: 21 0 69133 21 0.010757684707641602
decode: 21 0 69154 21 0.01087498664855957
decode: 21 0 69175 21 0.01072835922241211
decode: 21 0 69196 21 0.010781049728393555
decode: 21 0 69217 21 0.010762691497802734
decode: 21 0 69238 21 0.010778427124023438
decode: 21 0 69259 21 0.010732889175415039
decode: 21 0 69280 21 0.010761737823486328
decode: 21 0 69301 21 0.010786056518554688
decode: 21 0 69322 21 0.010770320892333984
decode: 21 0 69343 21 0.010802745819091797
decode: 21 0 69364 21 0.010748863220214844
decode: 21 0 69385 21 0.010775089263916016
decode: 21 0 69406 21 0.010812520980834961
decode: 21 0 69427 21 0.010954856872558594
decode: 21 0 69448 21 0.010821104049682617
decode: 21 0 69469 21 0.010873079299926758
decode: 21 0 69490 21 0.01086282730102539
decode: 21 0 69511 21 0.010795831680297852
decode: 21 0 69532 21 0.010837316513061523
decode: 21 0 69553 21 0.010862350463867188
decode: 21 0 69574 21 0.010735034942626953
decode: 21 0 69595 21 0.010743141174316406
decode: 21 0 69616 21 0.01079106330871582
decode: 21 0 69637 21 0.01078343391418457
extend: 0 1 0 356 0.014631271362304688
decode: 21 0 69040 21 0.010791301727294922
decode: 21 0 69061 21 0.01077127456665039
decode: 21 0 69082 21 0.010764598846435547
decode: 21 0 69103 21 0.010766983032226562
decode: 21 0 69124 21 0.010803699493408203
decode: 21 0 69145 21 0.01077580451965332
decode: 21 0 69166 21 0.010750055313110352
decode: 21 0 69187 21 0.010766267776489258
decode: 21 0 69208 21 0.010793685913085938
decode: 21 0 69229 21 0.010739326477050781
decode: 21 0 69250 21 0.010796546936035156
decode: 21 0 69271 21 0.010732412338256836
decode: 21 0 69292 21 0.010734319686889648
decode: 21 0 69313 21 0.010812759399414062
decode: 21 0 69334 21 0.010809659957885742
decode: 21 0 69355 21 0.010784626007080078
decode: 21 0 69376 21 0.010800600051879883
decode: 21 0 69397 21 0.010768413543701172
decode: 21 0 69418 21 0.010779619216918945
decode: 21 0 69439 21 0.010771512985229492
decode: 21 0 69460 21 0.010768413543701172
decode: 21 0 69481 21 0.010752439498901367
decode: 21 0 69502 21 0.010754108428955078
decode: 21 0 69523 21 0.010743379592895508
decode: 21 0 69544 21 0.010728120803833008
decode: 21 0 69565 21 0.010870933532714844
decode: 21 0 69586 21 0.01080775260925293
decode: 21 0 69607 21 0.010833978652954102
decode: 21 0 69628 21 0.010792970657348633
decode: 21 0 69649 21 0.010820865631103516
decode: 21 0 69670 21 0.010818004608154297
decode: 21 0 69691 21 0.01082158088684082
decode: 21 0 69712 21 0.01081705093383789
decode: 21 0 69733 21 0.010811090469360352
extend: 0 1 0 1191 0.03155660629272461
decode: 21 0 69182 21 0.011031866073608398
decode: 21 0 69203 21 0.01098179817199707
decode: 21 0 69224 21 0.01089167594909668
decode: 21 0 69245 21 0.010825634002685547
decode: 21 0 69266 21 0.010807514190673828
decode: 21 0 69287 21 0.010822057723999023
extend: 0 1 0 975 0.025131940841674805
decode: 21 0 69086 21 0.010900735855102539
decode: 21 0 69107 21 0.010786056518554688
decode: 21 0 69128 21 0.010774374008178711
decode: 21 0 69149 21 0.010771751403808594
decode: 21 0 69170 21 0.010777950286865234
decode: 21 0 69191 21 0.010777950286865234
decode: 21 0 69212 21 0.01076054573059082
extend: 0 2 0 1374 0.034802913665771484
decode: 21 0 66186 21 0.011188983917236328
decode: 21 0 66207 21 0.011159420013427734
decode: 21 0 66228 21 0.01095890998840332
decode: 21 0 66249 21 0.01084756851196289
decode: 21 0 66270 21 0.010753393173217773
decode: 21 0 66291 21 0.01069784164428711
extend: 0 2 0 2747 0.06346750259399414
decode: 23 0 69061 23 0.011396646499633789
decode: 23 0 69084 23 0.01109004020690918
decode: 23 0 69107 23 0.010985374450683594
decode: 23 0 69130 23 0.010838747024536133
decode: 23 0 69153 23 0.010795116424560547
decode: 23 0 69176 23 0.010795831680297852
decode: 23 0 69199 23 0.010736942291259766
decode: 23 0 69222 23 0.010704517364501953
decode: 23 0 69245 23 0.010844707489013672
decode: 23 0 69268 23 0.010784626007080078
decode: 23 0 69291 23 0.010780096054077148
decode: 23 0 69314 23 0.0107879638671875
decode: 23 0 69337 23 0.010810375213623047
decode: 23 0 69360 23 0.01079702377319336
decode: 23 0 69383 23 0.010786056518554688
decode: 23 0 69406 23 0.010794878005981445
decode: 23 0 69429 23 0.010814905166625977
decode: 23 0 69452 23 0.010793685913085938
decode: 23 0 69475 23 0.010801315307617188
decode: 23 0 69498 23 0.010917425155639648
decode: 23 0 69521 23 0.010790348052978516
decode: 23 0 69544 23 0.010824918746948242
decode: 23 0 69567 23 0.010808944702148438
decode: 23 0 69590 23 0.010791301727294922
decode: 23 0 69613 23 0.010784149169921875
decode: 23 0 69636 23 0.010794401168823242
decode: 23 0 69659 23 0.010784149169921875
decode: 23 0 69682 23 0.010775327682495117
decode: 23 0 69705 23 0.010792016983032227
decode: 23 0 69728 23 0.01076364517211914
extend: 0 1 0 373 0.014453887939453125
decode: 23 0 69111 23 0.010713815689086914
decode: 23 0 69134 23 0.010695457458496094
decode: 23 0 69157 23 0.010719060897827148
decode: 23 0 69180 23 0.010712146759033203
decode: 23 0 69203 23 0.010704517364501953
decode: 23 0 69226 23 0.010766744613647461
decode: 23 0 69249 23 0.010750293731689453
decode: 23 0 69272 23 0.010808944702148438
decode: 23 0 69295 23 0.010786294937133789
decode: 22 0 67514 22 0.010653495788574219
decode: 22 0 67536 22 0.010653972625732422
decode: 21 0 64974 21 0.010631322860717773
decode: 21 0 64995 21 0.010628461837768555
decode: 21 0 65016 21 0.01056361198425293
decode: 21 0 65037 21 0.0105743408203125
decode: 21 0 65058 21 0.010547876358032227
extend: 0 2 0 1183 0.03103494644165039
decode: 23 0 66264 23 0.010951042175292969
decode: 23 0 66287 23 0.010764122009277344
decode: 23 0 66310 23 0.010756731033325195
decode: 23 0 66333 23 0.010749578475952148
decode: 23 0 66356 23 0.010723590850830078
decode: 23 0 66379 23 0.010712146759033203
extend: 0 1 0 2963 0.07234525680541992
decode: 24 0 69366 24 0.01150965690612793
decode: 24 0 69390 24 0.01142573356628418
decode: 24 0 69414 24 0.011269330978393555
decode: 24 0 69438 24 0.011176824569702148
decode: 24 0 69462 24 0.011141061782836914
decode: 24 0 69486 24 0.011025428771972656
decode: 24 0 69510 24 0.010879755020141602
decode: 24 0 69534 24 0.01083827018737793
decode: 24 0 69558 24 0.010831117630004883
decode: 24 0 69582 24 0.010818243026733398
decode: 24 0 69606 24 0.010880231857299805
decode: 24 0 69630 24 0.01084280014038086
decode: 24 0 69654 24 0.010848045349121094
decode: 24 0 69678 24 0.010823965072631836
decode: 24 0 69702 24 0.010837316513061523
decode: 24 0 69726 24 0.010812759399414062
decode: 23 0 66770 23 0.010747671127319336
decode: 23 0 66793 23 0.01073765754699707
extend: 0 2 0 3646 0.0890500545501709
decode: 24 0 69425 24 0.011725425720214844
decode: 24 0 69449 24 0.011693000793457031
decode: 24 0 69473 24 0.01121664047241211
decode: 24 0 69497 24 0.011177539825439453
decode: 24 0 69521 24 0.011064529418945312
decode: 24 0 69545 24 0.010924100875854492
decode: 24 0 69569 24 0.01085519790649414
decode: 24 0 69593 24 0.010856866836547852
decode: 24 0 69617 24 0.010797262191772461
extend: 0 1 0 562 0.01881098747253418
decode: 24 0 69528 24 0.011074304580688477
decode: 24 0 69552 24 0.010993242263793945
decode: 24 0 69576 24 0.010851144790649414
decode: 24 0 69600 24 0.01082158088684082
decode: 24 0 69624 24 0.010821819305419922
decode: 24 0 69648 24 0.010806560516357422
decode: 24 0 69672 24 0.010814189910888672
extend: 0 1 0 252 0.01170659065246582
decode: 24 0 69379 24 0.010972023010253906
decode: 24 0 69403 24 0.010833501815795898
decode: 24 0 69427 24 0.01081991195678711
decode: 24 0 69451 24 0.010796546936035156
decode: 24 0 69475 24 0.010812759399414062
decode: 24 0 69499 24 0.010890007019042969
decode: 24 0 69523 24 0.01079249382019043
decode: 24 0 69547 24 0.010983943939208984
decode: 24 0 69571 24 0.010864496231079102
decode: 24 0 69595 24 0.0107879638671875
decode: 24 0 69619 24 0.010820388793945312
decode: 24 0 69643 24 0.010754585266113281
decode: 24 0 69667 24 0.010759830474853516
decode: 24 0 69691 24 0.01078486442565918
decode: 24 0 69715 24 0.010789871215820312
decode: 22 0 66459 22 0.010817289352416992
decode: 22 0 66481 22 0.01072382926940918
decode: 22 0 66503 22 0.010701656341552734
decode: 22 0 66525 22 0.010700464248657227
decode: 22 0 66547 22 0.010682344436645508
decode: 22 0 66569 22 0.010726213455200195
decode: 22 0 66591 22 0.010670661926269531
decode: 22 0 66613 22 0.010649919509887695
decode: 22 0 66635 22 0.010645389556884766
extend: 0 2 0 4051 0.09656167030334473
decode: 23 0 69395 23 0.011629104614257812
decode: 23 0 69418 23 0.011689424514770508
decode: 23 0 69441 23 0.011294364929199219
decode: 23 0 69464 23 0.011224985122680664
decode: 23 0 69487 23 0.011166095733642578
decode: 23 0 69510 23 0.010966777801513672
decode: 23 0 69533 23 0.010939359664916992
decode: 23 0 69556 23 0.010918617248535156
decode: 23 0 69579 23 0.010879993438720703
decode: 23 0 69602 23 0.01092982292175293
decode: 23 0 69625 23 0.01089334487915039
decode: 23 0 69648 23 0.010896682739257812
decode: 23 0 69671 23 0.010875940322875977
decode: 23 0 69694 23 0.010879278182983398
decode: 23 0 69717 23 0.010859251022338867
decode: 22 0 66712 22 0.01080179214477539
decode: 22 0 66734 22 0.01079416275024414
extend: 0 2 0 3704 0.08894848823547363
decode: 23 0 69405 23 0.011848688125610352
decode: 23 0 69428 23 0.011397123336791992
decode: 23 0 69451 23 0.011093616485595703
decode: 23 0 69474 23 0.011155366897583008
decode: 23 0 69497 23 0.011037588119506836
decode: 23 0 69520 23 0.011074304580688477
decode: 23 0 69543 23 0.010894775390625
decode: 23 0 69566 23 0.010927438735961914
decode: 23 0 69589 23 0.010869741439819336
decode: 23 0 69612 23 0.010941743850708008
decode: 23 0 69635 23 0.01088714599609375
decode: 23 0 69658 23 0.010861635208129883
decode: 23 0 69681 23 0.010872602462768555
decode: 23 0 69704 23 0.010846376419067383
decode: 23 0 69727 23 0.010854244232177734
decode: 22 0 69058 22 0.010843038558959961
decode: 22 0 69080 22 0.010876893997192383
decode: 22 0 69102 22 0.010942935943603516
decode: 22 0 69124 22 0.010877609252929688
decode: 22 0 69146 22 0.010845661163330078
decode: 22 0 69168 22 0.010843276977539062
decode: 22 0 69190 22 0.010825872421264648
decode: 22 0 69212 22 0.010828018188476562
decode: 22 0 69234 22 0.010834455490112305
decode: 22 0 69256 22 0.011157751083374023
decode: 22 0 69278 22 0.011013031005859375
decode: 22 0 69300 22 0.010919809341430664
decode: 22 0 69322 22 0.010852336883544922
decode: 22 0 69344 22 0.010842323303222656
decode: 22 0 69366 22 0.010823488235473633
decode: 22 0 69388 22 0.01080632209777832
decode: 22 0 69410 22 0.010835647583007812
decode: 22 0 69432 22 0.010826349258422852
extend: 0 1 0 692 0.022362947463989258
decode: 22 0 69577 22 0.011075496673583984
decode: 22 0 69599 22 0.011005878448486328
decode: 22 0 69621 22 0.010855913162231445
decode: 22 0 69643 22 0.010831832885742188
decode: 22 0 69665 22 0.010854005813598633
decode: 22 0 69687 22 0.010835647583007812
extend: 0 1 0 570 0.018685102462768555
decode: 22 0 69581 22 0.010828256607055664
decode: 22 0 69603 22 0.010756969451904297
decode: 22 0 69625 22 0.010738849639892578
decode: 22 0 69647 22 0.010779142379760742
decode: 22 0 69669 22 0.01078343391418457
decode: 22 0 69691 22 0.010760068893432617
decode: 22 0 69713 22 0.010775327682495117
extend: 0 2 0 967 0.025060415267944336
decode: 22 0 69609 22 0.010796070098876953
decode: 22 0 69631 22 0.010777473449707031
decode: 22 0 69653 22 0.010778427124023438
decode: 22 0 69675 22 0.01077580451965332
decode: 22 0 69697 22 0.010782003402709961
decode: 22 0 69719 22 0.010788440704345703
decode: 20 0 68760 20 0.010793447494506836
extend: 0 1 0 275 0.013397455215454102
decode: 20 0 67458 20 0.010810375213623047
decode: 20 0 67478 20 0.010778427124023438
decode: 20 0 67498 20 0.01079106330871582
decode: 20 0 67518 20 0.010787248611450195
decode: 20 0 67538 20 0.010790109634399414
decode: 20 0 67558 20 0.010807037353515625
decode: 20 0 67578 20 0.010842084884643555
extend: 0 1 0 1598 0.0408937931060791
decode: 21 0 69197 21 0.011055469512939453
decode: 21 0 69218 21 0.01125478744506836
decode: 21 0 69239 21 0.011173248291015625
decode: 21 0 69260 21 0.011064291000366211
decode: 21 0 69281 21 0.011002779006958008
decode: 21 0 69302 21 0.011067628860473633
decode: 21 0 69323 21 0.011001348495483398
decode: 21 0 69344 21 0.010902166366577148
decode: 21 0 69365 21 0.010910272598266602
decode: 21 0 69386 21 0.010886907577514648
decode: 21 0 69407 21 0.01091623306274414
decode: 21 0 69428 21 0.010993242263793945
decode: 21 0 69449 21 0.010861635208129883
decode: 21 0 69470 21 0.010969400405883789
decode: 21 0 69491 21 0.010932683944702148
decode: 21 0 69512 21 0.011007070541381836
decode: 21 0 69533 21 0.010898828506469727
decode: 21 0 69554 21 0.01089334487915039
decode: 21 0 69575 21 0.010877370834350586
decode: 21 0 69596 21 0.010892391204833984
decode: 21 0 69617 21 0.010900020599365234
extend: 0 1 0 236 0.01178121566772461
decode: 21 0 69571 21 0.01110386848449707
decode: 21 0 69592 21 0.010942459106445312
decode: 20 0 65763 20 0.010796785354614258
decode: 20 0 65783 20 0.010752677917480469
decode: 20 0 65803 20 0.01079249382019043
decode: 20 0 65823 20 0.010711431503295898
decode: 20 0 65843 20 0.010694742202758789
extend: 0 3 0 2410 0.05787348747253418
decode: 22 0 68032 22 0.011566162109375
decode: 22 0 68054 22 0.011446237564086914
decode: 22 0 68076 22 0.011511087417602539
decode: 22 0 68098 22 0.011147022247314453
decode: 22 0 68120 22 0.01102304458618164
decode: 22 0 68142 22 0.011022090911865234
decode: 22 0 68164 22 0.010965108871459961
decode: 22 0 68186 22 0.010918140411376953
decode: 22 0 68208 22 0.01086568832397461
decode: 22 0 68230 22 0.010877370834350586
decode: 22 0 68252 22 0.010896921157836914
extend: 0 1 0 706 0.02205824851989746
decode: 22 0 68452 22 0.010967016220092773
decode: 22 0 68474 22 0.010922431945800781
decode: 22 0 68496 22 0.01087808609008789
decode: 22 0 68518 22 0.01086568832397461
decode: 22 0 68540 22 0.010924100875854492
decode: 22 0 68562 22 0.010867834091186523
extend: 0 1 0 529 0.021961688995361328
decode: 22 0 68758 22 0.011032342910766602
decode: 22 0 68780 22 0.01098179817199707
decode: 22 0 68802 22 0.010935783386230469
decode: 22 0 68824 22 0.01094508171081543
decode: 22 0 68846 22 0.010932207107543945
decode: 22 0 68868 22 0.010945796966552734
extend: 0 1 0 1057 0.030015945434570312
decode: 22 0 69412 22 0.011103153228759766
decode: 22 0 69434 22 0.010960102081298828
decode: 22 0 69456 22 0.011153697967529297
decode: 22 0 69478 22 0.011145830154418945
decode: 22 0 69500 22 0.010990619659423828
decode: 22 0 69522 22 0.010960817337036133
decode: 22 0 69544 22 0.011107206344604492
decode: 22 0 69566 22 0.010993242263793945
decode: 22 0 69588 22 0.01094198226928711
decode: 22 0 69610 22 0.010933637619018555
decode: 22 0 69632 22 0.010918378829956055
decode: 22 0 69654 22 0.01090383529663086
decode: 22 0 69676 22 0.010924816131591797
decode: 22 0 69698 22 0.010905265808105469
extend: 0 1 0 356 0.014476299285888672
decode: 22 0 69461 22 0.011144399642944336
decode: 22 0 69483 22 0.010965824127197266
decode: 22 0 69505 22 0.01099538803100586
decode: 22 0 69527 22 0.010936498641967773
decode: 22 0 69549 22 0.010938882827758789
decode: 22 0 69571 22 0.010979413986206055
decode: 22 0 69593 22 0.010912895202636719
decode: 22 0 69615 22 0.010965108871459961
decode: 22 0 69637 22 0.010930299758911133
decode: 22 0 69659 22 0.010907649993896484
decode: 22 0 69681 22 0.010889768600463867
decode: 22 0 69703 22 0.010899066925048828
decode: 22 0 69725 22 0.010879278182983398
decode: 21 0 69001 21 0.010956764221191406
decode: 21 0 69022 21 0.010838747024536133
extend: 0 1 0 746 0.02212071418762207
decode: 21 0 69418 21 0.0109710693359375
decode: 21 0 69439 21 0.01096200942993164
decode: 21 0 69460 21 0.010903358459472656
decode: 21 0 69481 21 0.010880470275878906
decode: 21 0 69502 21 0.010930776596069336
decode: 21 0 69523 21 0.010869979858398438
extend: 0 1 0 616 0.02024078369140625
decode: 21 0 69408 21 0.010993003845214844
decode: 21 0 69429 21 0.010940074920654297
decode: 21 0 69450 21 0.010922670364379883
decode: 21 0 69471 21 0.01095438003540039
decode: 21 0 69492 21 0.010950326919555664
decode: 21 0 69513 21 0.010967731475830078
decode: 21 0 69534 21 0.010975837707519531
decode: 21 0 69555 21 0.011060714721679688
decode: 21 0 69576 21 0.010993003845214844
decode: 21 0 69597 21 0.01100015640258789
decode: 21 0 69618 21 0.011001348495483398
decode: 21 0 69639 21 0.010958194732666016
decode: 21 0 69660 21 0.010942935943603516
decode: 20 0 64069 20 0.010638713836669922
extend: 0 1 0 2562 0.06393098831176758
extend: 0 2 0 1289 0.03546142578125
decode: 22 0 67473 22 0.01132655143737793
decode: 22 0 67495 22 0.01112985610961914
decode: 22 0 67517 22 0.011004924774169922
decode: 22 0 67539 22 0.011007070541381836
decode: 22 0 67561 22 0.010913610458374023
extend: 0 1 0 470 0.0156710147857666
decode: 23 0 68054 23 0.010967731475830078
decode: 23 0 68077 23 0.011010408401489258
decode: 23 0 68100 23 0.010918140411376953
decode: 23 0 68123 23 0.010898113250732422
decode: 23 0 68146 23 0.010898351669311523
decode: 23 0 68169 23 0.011013984680175781
decode: 23 0 68192 23 0.010946989059448242
decode: 23 0 68215 23 0.010975122451782227
decode: 23 0 68238 23 0.0110321044921875
decode: 23 0 68261 23 0.011040687561035156
decode: 23 0 68284 23 0.011005401611328125
decode: 23 0 68307 23 0.011064529418945312
decode: 23 0 68330 23 0.011114835739135742
decode: 23 0 68353 23 0.011005401611328125
decode: 23 0 68376 23 0.010997295379638672
extend: 0 1 0 372 0.015614986419677734
decode: 23 0 67998 23 0.010931015014648438
decode: 23 0 68021 23 0.010825157165527344
decode: 23 0 68044 23 0.010802030563354492
decode: 23 0 68067 23 0.010721683502197266
decode: 23 0 68090 23 0.010673284530639648
decode: 23 0 68113 23 0.010730981826782227
decode: 23 0 68136 23 0.010724782943725586
extend: 0 1 0 774 0.023844480514526367
decode: 23 0 68554 23 0.010800838470458984
decode: 23 0 68577 23 0.010763168334960938
decode: 23 0 68600 23 0.010884523391723633
decode: 23 0 68623 23 0.010808944702148438
decode: 23 0 68646 23 0.01074528694152832
decode: 23 0 68669 23 0.010744571685791016
decode: 23 0 68692 23 0.010759830474853516
decode: 23 0 68715 23 0.010772466659545898
decode: 23 0 68738 23 0.010740280151367188
decode: 23 0 68761 23 0.010733842849731445
decode: 23 0 68784 23 0.010740280151367188
decode: 22 0 64554 22 0.010538101196289062
extend: 0 1 0 1915 0.04514718055725098
extend: 0 1 0 380 0.015888452529907227
decode: 24 0 66873 24 0.011101961135864258
decode: 24 0 66897 24 0.011053323745727539
decode: 24 0 66921 24 0.010843038558959961
decode: 24 0 66945 24 0.010773658752441406
decode: 24 0 66969 24 0.01075124740600586
decode: 24 0 66993 24 0.010766744613647461
decode: 24 0 67017 24 0.01073598861694336
extend: 0 1 0 304 0.013781309127807617
decode: 25 0 67346 25 0.011216878890991211
decode: 25 0 67371 25 0.011188745498657227
decode: 25 0 67396 25 0.011108160018920898
decode: 25 0 67421 25 0.011185169219970703
decode: 25 0 67446 25 0.011072158813476562
decode: 25 0 67471 25 0.011055946350097656
decode: 25 0 67496 25 0.011034250259399414
extend: 0 1 0 570 0.018865585327148438
decode: 26 0 68092 26 0.011157751083374023
decode: 26 0 68118 26 0.011094331741333008
decode: 26 0 68144 26 0.011063098907470703
decode: 26 0 68170 26 0.011060714721679688
decode: 26 0 68196 26 0.011038780212402344
decode: 26 0 68222 26 0.011002540588378906
decode: 26 0 68248 26 0.011024236679077148
decode: 26 0 68274 26 0.011071443557739258
decode: 26 0 68300 26 0.010984182357788086
decode: 26 0 68326 26 0.010950565338134766
decode: 26 0 68352 26 0.010938644409179688
decode: 26 0 68378 26 0.010959148406982422
decode: 26 0 68404 26 0.0111083984375
decode: 26 0 68430 26 0.011056900024414062
decode: 26 0 68456 26 0.010991811752319336
decode: 26 0 68482 26 0.011081218719482422
decode: 26 0 68508 26 0.01102137565612793
decode: 26 0 68534 26 0.011191129684448242
decode: 26 0 68560 26 0.011025190353393555
decode: 26 0 68586 26 0.011005401611328125
decode: 25 0 67791 25 0.011002063751220703
decode: 25 0 67816 25 0.011086702346801758
decode: 25 0 67841 25 0.011177778244018555
decode: 25 0 67866 25 0.011121511459350586
decode: 25 0 67891 25 0.011216878890991211
decode: 25 0 67916 25 0.011252880096435547
decode: 25 0 67941 25 0.011231184005737305
decode: 25 0 67966 25 0.01122903823852539
decode: 25 0 67991 25 0.011158943176269531
decode: 25 0 68016 25 0.011106014251708984
decode: 25 0 68041 25 0.011098146438598633
decode: 25 0 68066 25 0.011494874954223633
decode: 25 0 68091 25 0.011159181594848633
decode: 25 0 68116 25 0.011044025421142578
decode: 25 0 68141 25 0.011041641235351562
decode: 25 0 68166 25 0.011078357696533203
decode: 25 0 68191 25 0.011131048202514648
decode: 25 0 68216 25 0.011013269424438477
decode: 25 0 68241 25 0.010995149612426758
decode: 25 0 68266 25 0.011056184768676758
decode: 25 0 68291 25 0.011028528213500977
decode: 25 0 68316 25 0.010993242263793945
decode: 25 0 68341 25 0.010994195938110352
decode: 25 0 68366 25 0.010977983474731445
decode: 25 0 68391 25 0.010949134826660156
decode: 25 0 68416 25 0.011032342910766602
decode: 25 0 68441 25 0.010959863662719727
decode: 25 0 68466 25 0.011037588119506836
decode: 25 0 68491 25 0.01101064682006836
decode: 25 0 68516 25 0.011009693145751953
decode: 25 0 68541 25 0.010994195938110352
decode: 25 0 68566 25 0.011002540588378906
decode: 25 0 68591 25 0.01099395751953125
decode: 25 0 68616 25 0.010990381240844727
decode: 25 0 68641 25 0.01104879379272461
decode: 25 0 68666 25 0.011036157608032227
decode: 25 0 68691 25 0.011003494262695312
decode: 25 0 68716 25 0.011063337326049805
decode: 25 0 68741 25 0.011006355285644531
decode: 25 0 68766 25 0.011062145233154297
decode: 25 0 68791 25 0.01097249984741211
decode: 25 0 68816 25 0.010959148406982422
decode: 25 0 68841 25 0.010964155197143555
decode: 25 0 68866 25 0.011117219924926758
decode: 25 0 68891 25 0.011010885238647461
decode: 25 0 68916 25 0.011070013046264648
decode: 25 0 68941 25 0.011040687561035156
decode: 25 0 68966 25 0.010971546173095703
decode: 25 0 68991 25 0.011033058166503906
decode: 25 0 69016 25 0.010975837707519531
decode: 25 0 69041 25 0.011072158813476562
decode: 25 0 69066 25 0.011054039001464844
decode: 25 0 69091 25 0.010991096496582031
decode: 25 0 69116 25 0.010967493057250977
decode: 25 0 69141 25 0.010988235473632812
decode: 25 0 69166 25 0.010952949523925781
decode: 25 0 69191 25 0.011086463928222656
decode: 25 0 69216 25 0.011068582534790039
decode: 25 0 69241 25 0.010960102081298828
decode: 25 0 69266 25 0.011142253875732422
decode: 25 0 69291 25 0.011111736297607422
decode: 25 0 69316 25 0.011050224304199219
decode: 25 0 69341 25 0.010991096496582031
decode: 25 0 69366 25 0.010979652404785156
decode: 25 0 69391 25 0.011002302169799805
decode: 25 0 69416 25 0.010982036590576172
decode: 25 0 69441 25 0.010986804962158203
decode: 25 0 69466 25 0.011085033416748047
decode: 25 0 69491 25 0.011038064956665039
decode: 25 0 69516 25 0.011020421981811523
decode: 25 0 69541 25 0.011018514633178711
decode: 25 0 69566 25 0.011040687561035156
decode: 24 0 64657 24 0.010639429092407227
extend: 0 1 0 1062 0.030124187469482422
extend: 0 1 0 244 0.01177835464477539
decode: 26 0 65989 26 0.011118650436401367
decode: 26 0 66015 26 0.010940790176391602
decode: 26 0 66041 26 0.010914802551269531
decode: 26 0 66067 26 0.010971546173095703
decode: 26 0 66093 26 0.010977745056152344
decode: 26 0 66119 26 0.010948896408081055
decode: 25 0 65362 25 0.010906457901000977
extend: 0 1 0 1109 0.02982783317565918
extend: 0 1 0 2629 0.06536269187927246
decode: 27 0 69127 27 0.01192784309387207
decode: 27 0 69154 27 0.011822700500488281
decode: 27 0 69181 27 0.011467456817626953
decode: 27 0 69208 27 0.011539936065673828
decode: 27 0 69235 27 0.011228084564208984
decode: 27 0 69262 27 0.01118016242980957
decode: 27 0 69289 27 0.011142253875732422
decode: 27 0 69316 27 0.011134624481201172
decode: 26 0 68716 26 0.011133432388305664
decode: 26 0 68742 26 0.011131525039672852
decode: 26 0 68768 26 0.01113438606262207
decode: 26 0 68794 26 0.0110626220703125
decode: 26 0 68820 26 0.011070489883422852
decode: 26 0 68846 26 0.010995149612426758
decode: 26 0 68872 26 0.011043548583984375
decode: 26 0 68898 26 0.010965347290039062
decode: 26 0 68924 26 0.010961055755615234
decode: 26 0 68950 26 0.010954618453979492
decode: 26 0 68976 26 0.010970592498779297
decode: 26 0 69002 26 0.010947942733764648
decode: 26 0 69028 26 0.010987281799316406
decode: 26 0 69054 26 0.010986566543579102
decode: 26 0 69080 26 0.010954856872558594
decode: 26 0 69106 26 0.01095271110534668
decode: 26 0 69132 26 0.010988950729370117
decode: 26 0 69158 26 0.010960102081298828
decode: 26 0 69184 26 0.010961532592773438
decode: 26 0 69210 26 0.010999679565429688
decode: 26 0 69236 26 0.010939359664916992
decode: 26 0 69262 26 0.011142253875732422
decode: 26 0 69288 26 0.01105499267578125
decode: 25 0 65156 25 0.010898590087890625
extend: 0 1 0 906 0.025551795959472656
decode: 26 0 66088 26 0.010968685150146484
decode: 26 0 66114 26 0.011065483093261719
decode: 26 0 66140 26 0.010958671569824219
extend: 0 1 0 3354 0.0840761661529541
decode: 27 0 69521 27 0.011768579483032227
decode: 27 0 69548 27 0.011571168899536133
decode: 27 0 69575 27 0.011466741561889648
decode: 27 0 69602 27 0.011294126510620117
decode: 27 0 69629 27 0.01125025749206543
decode: 27 0 69656 27 0.01121068000793457
decode: 27 0 69683 27 0.011066436767578125
decode: 27 0 69710 27 0.01113748550415039
decode: 26 0 66374 26 0.010952949523925781
extend: 0 1 0 3718 0.09183192253112793
extend: 0 1 0 3363 0.08516812324523926
decode: 21 0 64031 21 0.01137685775756836
extend: 0 1 0 3563 0.08872103691101074
extend: 0 1 0 1114 0.030569076538085938
decode: 23 0 68731 23 0.011301040649414062
decode: 23 0 68754 23 0.011176586151123047
decode: 23 0 68777 23 0.011085748672485352
decode: 23 0 68800 23 0.010976314544677734
decode: 22 0 65454 22 0.010819435119628906
decode: 22 0 65476 22 0.010773658752441406
extend: 0 3 0 2173 0.05180501937866211
decode: 25 0 67674 25 0.011857271194458008
decode: 25 0 67699 25 0.011857986450195312
decode: 25 0 67724 25 0.011391162872314453
decode: 25 0 67749 25 0.011312007904052734
extend: 0 1 0 296 0.013730287551879883
decode: 26 0 68071 26 0.011205911636352539
decode: 26 0 68097 26 0.011192083358764648
decode: 26 0 68123 26 0.011089086532592773
decode: 26 0 68149 26 0.011060953140258789
decode: 26 0 68175 26 0.011121034622192383
decode: 26 0 68201 26 0.011062383651733398
decode: 26 0 68227 26 0.011057853698730469
decode: 26 0 68253 26 0.0111236572265625
decode: 26 0 68279 26 0.011087417602539062
decode: 25 0 64722 25 0.010846138000488281
decode: 25 0 64747 25 0.01085209846496582
decode: 25 0 64772 25 0.010910511016845703
decode: 25 0 64797 25 0.01087641716003418
decode: 25 0 64822 25 0.010837078094482422
decode: 25 0 64847 25 0.010884761810302734
extend: 0 2 0 3744 0.09214496612548828
decode: 27 0 68618 27 0.011760473251342773
decode: 27 0 68645 27 0.011498451232910156
decode: 27 0 68672 27 0.011543750762939453
decode: 27 0 68699 27 0.011395692825317383
decode: 27 0 68726 27 0.011304140090942383
decode: 27 0 68753 27 0.011132478713989258
decode: 27 0 68780 27 0.011101722717285156
decode: 27 0 68807 27 0.011250734329223633
decode: 27 0 68834 27 0.011167764663696289
decode: 27 0 68861 27 0.011252880096435547
decode: 27 0 68888 27 0.01127004623413086
decode: 27 0 68915 27 0.011175155639648438
decode: 27 0 68942 27 0.01115870475769043
decode: 27 0 68969 27 0.011245965957641602
decode: 27 0 68996 27 0.01116800308227539
decode: 27 0 69023 27 0.011154890060424805
decode: 27 0 69050 27 0.01123666763305664
decode: 27 0 69077 27 0.01120615005493164
decode: 27 0 69104 27 0.011156797409057617
decode: 27 0 69131 27 0.011140823364257812
decode: 27 0 69158 27 0.011146783828735352
decode: 27 0 69185 27 0.011120319366455078
decode: 27 0 69212 27 0.011182069778442383
decode: 27 0 69239 27 0.011121511459350586
decode: 27 0 69266 27 0.011110067367553711
decode: 27 0 69293 27 0.011149168014526367
decode: 27 0 69320 27 0.011086225509643555
decode: 27 0 69347 27 0.011092424392700195
decode: 27 0 69374 27 0.011067867279052734
decode: 27 0 69401 27 0.011058807373046875
decode: 27 0 69428 27 0.011061906814575195
decode: 27 0 69455 27 0.011046886444091797
decode: 27 0 69482 27 0.01103520393371582
decode: 27 0 69509 27 0.011106491088867188
decode: 27 0 69536 27 0.011074066162109375
decode: 27 0 69563 27 0.011039972305297852
decode: 27 0 69590 27 0.011043071746826172
decode: 27 0 69617 27 0.011038541793823242
decode: 27 0 69644 27 0.011024951934814453
decode: 27 0 69671 27 0.01103973388671875
decode: 27 0 69698 27 0.011006355285644531
decode: 27 0 69725 27 0.011075496673583984
decode: 26 0 66421 26 0.010884523391723633
decode: 26 0 66447 26 0.010866641998291016
decode: 26 0 66473 26 0.010864019393920898
decode: 26 0 66499 26 0.010848760604858398
decode: 26 0 66525 26 0.010973215103149414
decode: 26 0 66551 26 0.01084756851196289
decode: 26 0 66577 26 0.010843515396118164
extend: 0 1 0 3331 0.08321404457092285
decode: 26 0 69574 26 0.011962890625
decode: 26 0 69600 26 0.0118255615234375
extend: 0 1 0 361 0.014895439147949219
decode: 26 0 69480 26 0.011393547058105469
decode: 26 0 69506 26 0.011220216751098633
decode: 26 0 69532 26 0.011332273483276367
decode: 26 0 69558 26 0.011176824569702148
decode: 26 0 69584 26 0.011209726333618164
decode: 26 0 69610 26 0.011142492294311523
decode: 26 0 69636 26 0.011138677597045898
decode: 26 0 69662 26 0.011215686798095703
decode: 26 0 69688 26 0.011186599731445312
decode: 26 0 69714 26 0.011148214340209961
decode: 25 0 66396 25 0.010939836502075195
decode: 25 0 66421 25 0.011054754257202148
decode: 25 0 66446 25 0.010935068130493164
decode: 25 0 66471 25 0.010946273803710938
decode: 25 0 66496 25 0.01094365119934082
extend: 0 1 0 3344 0.08440589904785156
decode: 25 0 69489 25 0.012019872665405273
decode: 25 0 69514 25 0.011900901794433594
decode: 25 0 69539 25 0.01152491569519043
decode: 25 0 69564 25 0.011306285858154297
decode: 25 0 69589 25 0.011243104934692383
decode: 25 0 69614 25 0.011196374893188477
decode: 25 0 69639 25 0.011194944381713867
decode: 25 0 69664 25 0.011161565780639648
decode: 25 0 69689 25 0.011185407638549805
extend: 0 1 0 508 0.015252828598022461
decode: 25 0 69589 25 0.011227846145629883
decode: 25 0 69614 25 0.011233806610107422
decode: 25 0 69639 25 0.011214971542358398
decode: 25 0 69664 25 0.011239290237426758
decode: 24 0 65315 24 0.010792016983032227
decode: 24 0 65339 24 0.010787487030029297
decode: 24 0 65363 24 0.010678529739379883
extend: 0 3 0 3528 0.08490276336669922
decode: 27 0 68918 27 0.011794805526733398
decode: 27 0 68945 27 0.01154184341430664
decode: 27 0 68972 27 0.011444568634033203
decode: 27 0 68999 27 0.011273384094238281
decode: 27 0 69026 27 0.01126408576965332
decode: 27 0 69053 27 0.011180639266967773
decode: 27 0 69080 27 0.011295557022094727
decode: 27 0 69107 27 0.011165857315063477
decode: 27 0 69134 27 0.011230945587158203
decode: 27 0 69161 27 0.011246681213378906
decode: 27 0 69188 27 0.011288166046142578
decode: 27 0 69215 27 0.01123666763305664
decode: 27 0 69242 27 0.011124849319458008
decode: 27 0 69269 27 0.011229515075683594
decode: 27 0 69296 27 0.01112818717956543
decode: 27 0 69323 27 0.011085033416748047
decode: 27 0 69350 27 0.011090278625488281
decode: 27 0 69377 27 0.011165142059326172
decode: 27 0 69404 27 0.011116981506347656
decode: 27 0 69431 27 0.011106491088867188
decode: 27 0 69458 27 0.011090517044067383
decode: 27 0 69485 27 0.011106252670288086
decode: 27 0 69512 27 0.01107168197631836
decode: 27 0 69539 27 0.011063814163208008
decode: 27 0 69566 27 0.011182785034179688
decode: 26 0 68933 26 0.011156320571899414
decode: 26 0 68959 26 0.011078596115112305
decode: 26 0 68985 26 0.011034965515136719
decode: 26 0 69011 26 0.011179447174072266
decode: 26 0 69037 26 0.011113882064819336
decode: 26 0 69063 26 0.011199712753295898
decode: 26 0 69089 26 0.011064767837524414
decode: 26 0 69115 26 0.011110782623291016
decode: 26 0 69141 26 0.011148929595947266
decode: 26 0 69167 26 0.011099815368652344
decode: 26 0 69193 26 0.011132955551147461
decode: 26 0 69219 26 0.011072635650634766
decode: 26 0 69245 26 0.011054754257202148
decode: 26 0 69271 26 0.011105775833129883
decode: 26 0 69297 26 0.01114797592163086
decode: 26 0 69323 26 0.01112818717956543
decode: 26 0 69349 26 0.011257171630859375
decode: 26 0 69375 26 0.011324167251586914
decode: 26 0 69401 26 0.011176586151123047
decode: 26 0 69427 26 0.01117086410522461
decode: 26 0 69453 26 0.011127948760986328
decode: 26 0 69479 26 0.011148929595947266
decode: 26 0 69505 26 0.011127948760986328
decode: 26 0 69531 26 0.01118016242980957
decode: 26 0 69557 26 0.011193275451660156
decode: 26 0 69583 26 0.011116743087768555
decode: 26 0 69609 26 0.011111974716186523
decode: 26 0 69635 26 0.011110305786132812
decode: 26 0 69661 26 0.011095046997070312
decode: 26 0 69687 26 0.011096477508544922
decode: 26 0 69713 26 0.011081457138061523
decode: 25 0 67165 25 0.010948419570922852
extend: 0 1 0 2574 0.06310749053955078
decode: 25 0 69330 25 0.011916875839233398
decode: 25 0 69355 25 0.011730670928955078
decode: 25 0 69380 25 0.01169133186340332
decode: 25 0 69405 25 0.011591911315917969
decode: 25 0 69430 25 0.011324882507324219
decode: 25 0 69455 25 0.011277198791503906
decode: 25 0 69480 25 0.011234760284423828
decode: 25 0 69505 25 0.011282920837402344
decode: 25 0 69530 25 0.011207342147827148
decode: 25 0 69555 25 0.011195898056030273
decode: 25 0 69580 25 0.011201858520507812
decode: 25 0 69605 25 0.011264801025390625
decode: 25 0 69630 25 0.011226654052734375
decode: 25 0 69655 25 0.011186838150024414
decode: 25 0 69680 25 0.011184930801391602
decode: 25 0 69705 25 0.011156558990478516
decode: 25 0 69730 25 0.01115870475769043
decode: 24 0 67163 24 0.010754823684692383
decode: 24 0 67187 24 0.010755300521850586
extend: 0 1 0 2592 0.06286001205444336
decode: 24 0 69212 24 0.011616230010986328
decode: 24 0 69236 24 0.011265754699707031
decode: 24 0 69260 24 0.011142253875732422
decode: 24 0 69284 24 0.011116266250610352
decode: 24 0 69308 24 0.01109170913696289
decode: 24 0 69332 24 0.01098489761352539
decode: 24 0 69356 24 0.01092219352722168
decode: 24 0 69380 24 0.01090240478515625
decode: 24 0 69404 24 0.01086735725402832
decode: 24 0 69428 24 0.010857105255126953
decode: 24 0 69452 24 0.010836601257324219
decode: 24 0 69476 24 0.010932207107543945
decode: 24 0 69500 24 0.010886669158935547
decode: 24 0 69524 24 0.010906219482421875
decode: 24 0 69548 24 0.01087808609008789
decode: 24 0 69572 24 0.010862350463867188
decode: 24 0 69596 24 0.010859966278076172
decode: 24 0 69620 24 0.010851383209228516
decode: 24 0 69644 24 0.01085519790649414
extend: 0 1 0 592 0.02060866355895996
decode: 24 0 69349 24 0.01093745231628418
decode: 24 0 69373 24 0.010908365249633789
decode: 24 0 69397 24 0.010882377624511719
decode: 24 0 69421 24 0.010805130004882812
decode: 24 0 69445 24 0.010782003402709961
decode: 24 0 69469 24 0.01076054573059082
decode: 24 0 69493 24 0.010753393173217773
decode: 24 0 69517 24 0.010775327682495117
decode: 24 0 69541 24 0.01074528694152832
decode: 24 0 69565 24 0.01075291633605957
decode: 24 0 69589 24 0.01073598861694336
decode: 24 0 69613 24 0.010715723037719727
decode: 24 0 69637 24 0.010740995407104492
decode: 24 0 69661 24 0.010730743408203125
decode: 24 0 69685 24 0.010730266571044922
decode: 24 0 69709 24 0.010740995407104492
extend: 0 1 0 435 0.015692472457885742
decode: 24 0 69560 24 0.010751724243164062
decode: 24 0 69584 24 0.010734319686889648
decode: 24 0 69608 24 0.01074671745300293
decode: 24 0 69632 24 0.010735750198364258
decode: 24 0 69656 24 0.010720968246459961
decode: 24 0 69680 24 0.010745048522949219
decode: 24 0 69704 24 0.010721445083618164
decode: 24 0 69728 24 0.010752201080322266
decode: 23 0 67116 23 0.010625839233398438
decode: 23 0 67139 23 0.010616779327392578
decode: 23 0 67162 23 0.010614395141601562
decode: 23 0 67185 23 0.010616779327392578
decode: 23 0 67208 23 0.010627985000610352
decode: 23 0 67231 23 0.010612726211547852
decode: 23 0 67254 23 0.01065683364868164
decode: 23 0 67277 23 0.010643959045410156
extend: 0 1 0 2636 0.06463503837585449
decode: 23 0 69485 23 0.011604547500610352
decode: 23 0 69508 23 0.011652469635009766
decode: 23 0 69531 23 0.011268377304077148
decode: 23 0 69554 23 0.01099848747253418
decode: 22 0 63930 22 0.010542631149291992
extend: 0 1 0 2439 0.0617828369140625
decode: 23 0 66392 23 0.010992765426635742
extend: 0 3 0 1973 0.04656386375427246
decode: 26 0 68391 26 0.011617422103881836
decode: 26 0 68417 26 0.011528968811035156
decode: 26 0 68443 26 0.01126551628112793
decode: 26 0 68469 26 0.011182308197021484
decode: 26 0 68495 26 0.01098322868347168
decode: 26 0 68521 26 0.010973453521728516
decode: 26 0 68547 26 0.010968685150146484
decode: 26 0 68573 26 0.010942935943603516
decode: 26 0 68599 26 0.010941743850708008
decode: 26 0 68625 26 0.010931968688964844
decode: 26 0 68651 26 0.011072635650634766
decode: 26 0 68677 26 0.010952472686767578
decode: 26 0 68703 26 0.010931015014648438
decode: 26 0 68729 26 0.010967016220092773
decode: 26 0 68755 26 0.010953664779663086
decode: 26 0 68781 26 0.01092982292175293
decode: 25 0 66501 25 0.010947942733764648
extend: 0 1 0 1203 0.03203296661376953
decode: 26 0 67730 26 0.01119542121887207
decode: 26 0 67756 26 0.011207342147827148
decode: 26 0 67782 26 0.01145315170288086
extend: 0 1 0 1401 0.035195112228393555
decode: 27 0 69210 27 0.011514663696289062
decode: 27 0 69237 27 0.011288881301879883
decode: 27 0 69264 27 0.011223077774047852
decode: 26 0 67913 26 0.011059284210205078
extend: 0 1 0 1279 0.03203892707824707
decode: 27 0 69219 27 0.011110305786132812
decode: 27 0 69246 27 0.011048078536987305
decode: 27 0 69273 27 0.011018514633178711
decode: 27 0 69300 27 0.011050939559936523
decode: 27 0 69327 27 0.011029481887817383
decode: 27 0 69354 27 0.011119604110717773
decode: 27 0 69381 27 0.011012792587280273
decode: 27 0 69408 27 0.011009931564331055
decode: 27 0 69435 27 0.010999202728271484
decode: 27 0 69462 27 0.011010885238647461
decode: 27 0 69489 27 0.010975122451782227
decode: 27 0 69516 27 0.010981082916259766
decode: 27 0 69543 27 0.010984420776367188
decode: 26 0 66039 26 0.01087045669555664
decode: 26 0 66065 26 0.01082158088684082
decode: 26 0 66091 26 0.010819435119628906
decode: 26 0 66117 26 0.01083230972290039
decode: 25 0 64915 25 0.010778665542602539
decode: 25 0 64940 25 0.01084136962890625
decode: 25 0 64965 25 0.010773897171020508
decode: 25 0 64990 25 0.010771036148071289
decode: 25 0 65015 25 0.010775327682495117
decode: 25 0 65040 25 0.010784626007080078
decode: 25 0 65065 25 0.010833740234375
decode: 25 0 65090 25 0.010906219482421875
decode: 25 0 65115 25 0.010751724243164062
decode: 25 0 65140 25 0.010732173919677734
decode: 25 0 65165 25 0.010732412338256836
decode: 25 0 65190 25 0.010851144790649414
decode: 25 0 65215 25 0.010787725448608398
decode: 25 0 65240 25 0.010787487030029297
decode: 25 0 65265 25 0.010789155960083008
decode: 25 0 65290 25 0.010859012603759766
decode: 25 0 65315 25 0.010791778564453125
decode: 25 0 65340 25 0.010787487030029297
decode: 25 0 65365 25 0.010799407958984375
decode: 25 0 65390 25 0.010791540145874023
decode: 25 0 65415 25 0.010901451110839844
decode: 25 0 65440 25 0.010778188705444336
decode: 25 0 65465 25 0.010853767395019531
decode: 25 0 65490 25 0.010914802551269531
decode: 25 0 65515 25 0.010781526565551758
decode: 25 0 65540 25 0.01079249382019043
decode: 25 0 65565 25 0.010784387588500977
decode: 25 0 65590 25 0.010799646377563477
decode: 25 0 65615 25 0.010795116424560547
decode: 25 0 65640 25 0.010801553726196289
decode: 25 0 65665 25 0.01079702377319336
decode: 25 0 65690 25 0.010789155960083008
decode: 25 0 65715 25 0.010827064514160156
decode: 25 0 65740 25 0.010818958282470703
decode: 25 0 65765 25 0.010848045349121094
decode: 25 0 65790 25 0.010892868041992188
decode: 25 0 65815 25 0.010811328887939453
decode: 25 0 65840 25 0.011038541793823242
decode: 25 0 65865 25 0.010812044143676758
decode: 25 0 65890 25 0.010820627212524414
decode: 25 0 65915 25 0.010785579681396484
decode: 25 0 65940 25 0.010864973068237305
decode: 25 0 65965 25 0.01080465316772461
decode: 25 0 65990 25 0.010773181915283203
decode: 25 0 66015 25 0.010789871215820312
decode: 25 0 66040 25 0.010892868041992188
decode: 25 0 66065 25 0.010785341262817383
decode: 25 0 66090 25 0.010782003402709961
decode: 25 0 66115 25 0.010810375213623047
decode: 25 0 66140 25 0.010797977447509766
decode: 25 0 66165 25 0.010796308517456055
decode: 25 0 66190 25 0.010812759399414062
decode: 25 0 66215 25 0.010816812515258789
decode: 25 0 66240 25 0.010832786560058594
decode: 25 0 66265 25 0.010822772979736328
decode: 25 0 66290 25 0.01088714599609375
decode: 25 0 66315 25 0.010803461074829102
decode: 25 0 66340 25 0.010789871215820312
decode: 25 0 66365 25 0.010780572891235352
decode: 25 0 66390 25 0.010859489440917969
decode: 25 0 66415 25 0.010888338088989258
decode: 25 0 66440 25 0.010786771774291992
decode: 25 0 66465 25 0.010792255401611328
decode: 25 0 66490 25 0.010778188705444336
decode: 25 0 66515 25 0.01078939437866211
decode: 25 0 66540 25 0.010935783386230469
decode: 25 0 66565 25 0.010896682739257812
decode: 25 0 66590 25 0.010824441909790039
decode: 25 0 66615 25 0.010839700698852539
decode: 25 0 66640 25 0.010816097259521484
decode: 25 0 66665 25 0.010822296142578125
decode: 25 0 66690 25 0.010873556137084961
decode: 25 0 66715 25 0.010875940322875977
decode: 25 0 66740 25 0.010860919952392578
decode: 25 0 66765 25 0.010842084884643555
decode: 25 0 66790 25 0.010983705520629883
decode: 25 0 66815 25 0.010847330093383789
decode: 25 0 66840 25 0.010844945907592773
decode: 25 0 66865 25 0.010956764221191406
decode: 25 0 66890 25 0.010841846466064453
decode: 25 0 66915 25 0.010828733444213867
decode: 25 0 66940 25 0.01086878776550293
decode: 25 0 66965 25 0.010877132415771484
decode: 25 0 66990 25 0.010935306549072266
decode: 25 0 67015 25 0.01087808609008789
decode: 25 0 67040 25 0.010878801345825195
decode: 25 0 67065 25 0.010877847671508789
decode: 25 0 67090 25 0.010927915573120117
decode: 25 0 67115 25 0.010921716690063477
decode: 25 0 67140 25 0.010921478271484375
decode: 25 0 67165 25 0.010902881622314453
decode: 25 0 67190 25 0.010885238647460938
decode: 25 0 67215 25 0.010879278182983398
decode: 25 0 67240 25 0.010900020599365234
decode: 25 0 67265 25 0.011008501052856445
decode: 25 0 67290 25 0.010895490646362305
decode: 24 0 65633 24 0.01064157485961914
decode: 24 0 65657 24 0.010664224624633789
decode: 24 0 65681 24 0.010685205459594727
decode: 24 0 65705 24 0.010741710662841797
decode: 24 0 65729 24 0.010680437088012695
decode: 24 0 65753 24 0.010702848434448242
decode: 24 0 65777 24 0.01091909408569336
decode: 24 0 65801 24 0.010782480239868164
decode: 23 0 64285 23 0.010538578033447266
decode: 23 0 64308 23 0.01052713394165039
decode: 23 0 64331 23 0.010519027709960938
decode: 23 0 64354 23 0.010524749755859375
decode: 23 0 64377 23 0.010539054870605469
decode: 23 0 64400 23 0.010542631149291992
decode: 23 0 64423 23 0.010543584823608398
decode: 23 0 64446 23 0.010561704635620117
decode: 23 0 64469 23 0.010594367980957031
decode: 23 0 64492 23 0.010541439056396484
decode: 23 0 64515 23 0.010695934295654297
decode: 23 0 64538 23 0.010582208633422852
decode: 23 0 64561 23 0.010580062866210938
decode: 23 0 64584 23 0.010623455047607422
decode: 23 0 64607 23 0.010600566864013672
decode: 23 0 64630 23 0.010585546493530273
decode: 23 0 64653 23 0.010588884353637695
decode: 23 0 64676 23 0.010591506958007812
decode: 23 0 64699 23 0.010616540908813477
decode: 23 0 64722 23 0.010548114776611328
decode: 23 0 64745 23 0.010566234588623047
decode: 23 0 64768 23 0.010566234588623047
decode: 23 0 64791 23 0.010553598403930664
decode: 23 0 64814 23 0.010610342025756836
decode: 23 0 64837 23 0.010570526123046875
decode: 23 0 64860 23 0.01053762435913086
decode: 23 0 64883 23 0.01054692268371582
decode: 23 0 64906 23 0.010581493377685547
decode: 23 0 64929 23 0.010594606399536133
decode: 23 0 64952 23 0.010585784912109375
decode: 23 0 64975 23 0.010690450668334961
decode: 23 0 64998 23 0.010592222213745117
decode: 23 0 65021 23 0.010596990585327148
decode: 23 0 65044 23 0.010583639144897461
decode: 23 0 65067 23 0.010577201843261719
decode: 23 0 65090 23 0.010556936264038086
decode: 22 0 59852 22 0.010365724563598633
decode: 22 0 59874 22 0.010346412658691406
decode: 22 0 59896 22 0.010357856750488281
decode: 21 0 55242 21 0.010079622268676758
decode: 21 0 55263 21 0.010109424591064453
decode: 21 0 55284 21 0.010078668594360352
decode: 21 0 55305 21 0.010126829147338867
decode: 21 0 55326 21 0.010097503662109375
decode: 21 0 55347 21 0.010117053985595703
decode: 21 0 55368 21 0.010198354721069336
decode: 21 0 55389 21 0.010147571563720703
decode: 21 0 55410 21 0.01008152961730957
decode: 21 0 55431 21 0.010094881057739258
decode: 21 0 55452 21 0.010153055191040039
decode: 21 0 55473 21 0.010092973709106445
decode: 21 0 55494 21 0.010085105895996094
decode: 21 0 55515 21 0.01009511947631836
decode: 21 0 55536 21 0.01007843017578125
decode: 21 0 55557 21 0.010064840316772461
decode: 21 0 55578 21 0.010056257247924805
decode: 21 0 55599 21 0.010166645050048828
decode: 21 0 55620 21 0.01006937026977539
decode: 21 0 55641 21 0.01007986068725586
decode: 21 0 55662 21 0.01009225845336914
decode: 21 0 55683 21 0.010065078735351562
decode: 21 0 55704 21 0.010090351104736328
decode: 21 0 55725 21 0.010108232498168945
decode: 21 0 55746 21 0.010105371475219727
decode: 21 0 55767 21 0.01009988784790039
decode: 21 0 55788 21 0.010096311569213867
decode: 21 0 55809 21 0.010097503662109375
decode: 21 0 55830 21 0.010088443756103516
decode: 21 0 55851 21 0.010100603103637695
decode: 21 0 55872 21 0.010195255279541016
decode: 21 0 55893 21 0.010173559188842773
decode: 21 0 55914 21 0.010127544403076172
decode: 21 0 55935 21 0.010123729705810547
decode: 21 0 55956 21 0.01014089584350586
decode: 21 0 55977 21 0.010138273239135742
decode: 21 0 55998 21 0.01012277603149414
decode: 21 0 56019 21 0.010187864303588867
decode: 21 0 56040 21 0.010117530822753906
decode: 20 0 51393 20 0.009968280792236328
decode: 20 0 51413 20 0.010007143020629883
decode: 20 0 51433 20 0.010108470916748047
decode: 20 0 51453 20 0.009978532791137695
decode: 20 0 51473 20 0.009998321533203125
decode: 20 0 51493 20 0.00998830795288086
decode: 20 0 51513 20 0.00999307632446289
decode: 19 0 46049 19 0.009757280349731445
decode: 19 0 46068 19 0.009834051132202148
decode: 19 0 46087 19 0.009700775146484375
decode: 19 0 46106 19 0.00970315933227539
decode: 19 0 46125 19 0.009700775146484375
decode: 19 0 46144 19 0.009701013565063477
decode: 19 0 46163 19 0.009685516357421875
decode: 19 0 46182 19 0.009700298309326172
decode: 19 0 46201 19 0.009693145751953125
decode: 19 0 46220 19 0.009685754776000977
decode: 19 0 46239 19 0.009713172912597656
decode: 19 0 46258 19 0.00973367691040039
decode: 19 0 46277 19 0.009712457656860352
decode: 19 0 46296 19 0.009698867797851562
decode: 19 0 46315 19 0.009787321090698242
decode: 19 0 46334 19 0.009683609008789062
decode: 19 0 46353 19 0.00968170166015625
decode: 19 0 46372 19 0.009692907333374023
decode: 19 0 46391 19 0.009690999984741211
decode: 19 0 46410 19 0.009680986404418945
decode: 19 0 46429 19 0.009781360626220703
decode: 19 0 46448 19 0.009703874588012695
decode: 19 0 46467 19 0.009698867797851562
decode: 19 0 46486 19 0.009707212448120117
decode: 19 0 46505 19 0.00971674919128418
decode: 18 0 42629 18 0.009576559066772461
decode: 18 0 42647 18 0.009534120559692383
decode: 18 0 42665 18 0.009541988372802734
decode: 18 0 42683 18 0.009656190872192383
decode: 18 0 42701 18 0.009646177291870117
decode: 18 0 42719 18 0.009552717208862305
decode: 18 0 42737 18 0.009538412094116211
decode: 18 0 42755 18 0.009517669677734375
decode: 18 0 42773 18 0.009540081024169922
decode: 18 0 42791 18 0.009540796279907227
decode: 18 0 42809 18 0.009580135345458984
decode: 18 0 42827 18 0.009543657302856445
decode: 18 0 42845 18 0.009530782699584961
decode: 18 0 42863 18 0.009539127349853516
decode: 18 0 42881 18 0.009562253952026367
decode: 18 0 42899 18 0.009507894515991211
decode: 18 0 42917 18 0.00954580307006836
decode: 18 0 42935 18 0.00953054428100586
decode: 18 0 42953 18 0.009564399719238281
decode: 18 0 42971 18 0.00957942008972168
decode: 18 0 42989 18 0.009600639343261719
decode: 18 0 43007 18 0.009557723999023438
decode: 18 0 43025 18 0.009552478790283203
decode: 18 0 43043 18 0.009543418884277344
decode: 18 0 43061 18 0.009543895721435547
decode: 18 0 43079 18 0.009526252746582031
decode: 18 0 43097 18 0.009625911712646484
decode: 18 0 43115 18 0.00951075553894043
decode: 18 0 43133 18 0.009528875350952148
decode: 18 0 43151 18 0.009537220001220703
decode: 18 0 43169 18 0.00952768325805664
decode: 18 0 43187 18 0.009513616561889648
decode: 18 0 43205 18 0.009531736373901367
decode: 18 0 43223 18 0.009570598602294922
decode: 18 0 43241 18 0.009539365768432617
decode: 18 0 43259 18 0.009522438049316406
decode: 18 0 43277 18 0.009538888931274414
decode: 18 0 43295 18 0.00952768325805664
decode: 18 0 43313 18 0.009631156921386719
decode: 17 0 41883 17 0.00948786735534668
decode: 17 0 41900 17 0.009487390518188477
decode: 17 0 41917 17 0.009470939636230469
decode: 17 0 41934 17 0.009473085403442383
decode: 17 0 41951 17 0.00956273078918457
decode: 17 0 41968 17 0.009482622146606445
decode: 17 0 41985 17 0.009453296661376953
decode: 17 0 42002 17 0.00952601432800293
decode: 17 0 42019 17 0.009503602981567383
decode: 17 0 42036 17 0.009485006332397461
decode: 17 0 42053 17 0.009478569030761719
decode: 17 0 42070 17 0.009474039077758789
decode: 17 0 42087 17 0.009464740753173828
decode: 17 0 42104 17 0.009497880935668945
decode: 17 0 42121 17 0.009479284286499023
decode: 17 0 42138 17 0.009493827819824219
decode: 17 0 42155 17 0.009469747543334961
decode: 17 0 42172 17 0.009485006332397461
decode: 17 0 42189 17 0.00948476791381836
decode: 17 0 42206 17 0.009474039077758789
decode: 17 0 42223 17 0.009528160095214844
decode: 17 0 42240 17 0.009474754333496094
decode: 17 0 42257 17 0.009526729583740234
decode: 17 0 42274 17 0.009487390518188477
decode: 17 0 42291 17 0.00946664810180664
decode: 16 0 39852 16 0.0092620849609375
decode: 16 0 39868 16 0.009104251861572266
decode: 16 0 39884 16 0.00913238525390625
decode: 16 0 39900 16 0.009117364883422852
decode: 16 0 39916 16 0.009099483489990234
decode: 16 0 39932 16 0.00912332534790039
decode: 16 0 39948 16 0.009101390838623047
decode: 16 0 39964 16 0.00908207893371582
decode: 16 0 39980 16 0.009100198745727539
decode: 16 0 39996 16 0.009101629257202148
decode: 16 0 40012 16 0.009097814559936523
decode: 16 0 40028 16 0.009112358093261719
decode: 16 0 40044 16 0.009127378463745117
decode: 16 0 40060 16 0.009112119674682617
decode: 16 0 40076 16 0.009214401245117188
decode: 16 0 40092 16 0.009120941162109375
decode: 16 0 40108 16 0.009169578552246094
decode: 16 0 40124 16 0.009177923202514648
decode: 16 0 40140 16 0.009249687194824219
decode: 16 0 40156 16 0.009180545806884766
decode: 16 0 40172 16 0.009214162826538086
decode: 16 0 40188 16 0.009238719940185547
decode: 16 0 40204 16 0.00924372673034668
decode: 16 0 40220 16 0.009171485900878906
decode: 16 0 40236 16 0.009177207946777344
decode: 16 0 40252 16 0.009156227111816406
decode: 16 0 40268 16 0.009204626083374023
decode: 16 0 40284 16 0.009226083755493164
decode: 16 0 40300 16 0.009416818618774414
decode: 16 0 40316 16 0.009263992309570312
decode: 16 0 40332 16 0.009259939193725586
decode: 16 0 40348 16 0.009407997131347656
decode: 16 0 40364 16 0.009318351745605469
decode: 16 0 40380 16 0.009342432022094727
decode: 16 0 40396 16 0.009307384490966797
decode: 16 0 40412 16 0.009343147277832031
decode: 16 0 40428 16 0.009233951568603516
decode: 16 0 40444 16 0.009288787841796875
decode: 16 0 40460 16 0.009176254272460938
decode: 16 0 40476 16 0.009151458740234375
decode: 16 0 40492 16 0.009258508682250977
decode: 16 0 40508 16 0.009284019470214844
decode: 16 0 40524 16 0.009281158447265625
decode: 16 0 40540 16 0.009392023086547852
decode: 16 0 40556 16 0.00937509536743164
decode: 16 0 40572 16 0.009453773498535156
decode: 16 0 40588 16 0.009382486343383789
decode: 16 0 40604 16 0.009373664855957031
decode: 16 0 40620 16 0.009371280670166016
decode: 16 0 40636 16 0.009325265884399414
decode: 16 0 40652 16 0.009310245513916016
decode: 16 0 40668 16 0.00928640365600586
decode: 16 0 40684 16 0.00937032699584961
decode: 16 0 40700 16 0.009369134902954102
decode: 16 0 40716 16 0.009386062622070312
decode: 16 0 40732 16 0.009374141693115234
decode: 16 0 40748 16 0.009352922439575195
decode: 16 0 40764 16 0.009367704391479492
decode: 16 0 40780 16 0.009316205978393555
decode: 16 0 40796 16 0.00941920280456543
decode: 16 0 40812 16 0.00938558578491211
decode: 16 0 40828 16 0.009399652481079102
decode: 16 0 40844 16 0.009317398071289062
decode: 16 0 40860 16 0.009456872940063477
decode: 16 0 40876 16 0.009413719177246094
decode: 16 0 40892 16 0.009426355361938477
decode: 16 0 40908 16 0.009372234344482422
decode: 16 0 40924 16 0.009368658065795898
decode: 16 0 40940 16 0.009426355361938477
decode: 16 0 40956 16 0.009321212768554688
decode: 16 0 40972 16 0.009402990341186523
decode: 16 0 40988 16 0.009307861328125
decode: 16 0 41004 16 0.009254932403564453
decode: 16 0 41020 16 0.009255647659301758
decode: 16 0 41036 16 0.009306669235229492
decode: 16 0 41052 16 0.009264945983886719
decode: 16 0 41068 16 0.009269952774047852
decode: 16 0 41084 16 0.009274959564208984
decode: 16 0 41100 16 0.009317159652709961
decode: 16 0 41116 16 0.009377002716064453
decode: 16 0 41132 16 0.009382009506225586
decode: 16 0 41148 16 0.009315729141235352
decode: 16 0 41164 16 0.009284734725952148
decode: 16 0 41180 16 0.00927734375
decode: 16 0 41196 16 0.009282827377319336
decode: 16 0 41212 16 0.009315729141235352
decode: 16 0 41228 16 0.009299993515014648
decode: 16 0 41244 16 0.009344816207885742
decode: 16 0 41260 16 0.009273290634155273
decode: 16 0 41276 16 0.009261846542358398
decode: 16 0 41292 16 0.009479999542236328
decode: 16 0 41308 16 0.009418487548828125
decode: 16 0 41324 16 0.00941014289855957
decode: 16 0 41340 16 0.009396791458129883
decode: 16 0 41356 16 0.009390830993652344
decode: 16 0 41372 16 0.009425640106201172
decode: 16 0 41388 16 0.009440183639526367
decode: 16 0 41404 16 0.009392499923706055
decode: 16 0 41420 16 0.009479045867919922
decode: 16 0 41436 16 0.009388446807861328
decode: 16 0 41452 16 0.009384870529174805
decode: 16 0 41468 16 0.00935506820678711
decode: 16 0 41484 16 0.009388923645019531
decode: 16 0 41500 16 0.00942230224609375
decode: 16 0 41516 16 0.00924372673034668
decode: 16 0 41532 16 0.009285926818847656
decode: 16 0 41548 16 0.00939631462097168
decode: 16 0 41564 16 0.009345531463623047
decode: 16 0 41580 16 0.00938105583190918
decode: 16 0 41596 16 0.0093841552734375
decode: 16 0 41612 16 0.009723663330078125
decode: 16 0 41628 16 0.009359359741210938
decode: 16 0 41644 16 0.009421825408935547
decode: 16 0 41660 16 0.009341955184936523
decode: 16 0 41676 16 0.00938558578491211
decode: 16 0 41692 16 0.009363174438476562
decode: 16 0 41708 16 0.009386062622070312
decode: 16 0 41724 16 0.009441614151000977
decode: 16 0 41740 16 0.009403228759765625
decode: 16 0 41756 16 0.009375333786010742
decode: 16 0 41772 16 0.009500980377197266
decode: 16 0 41788 16 0.009532690048217773
decode: 16 0 41804 16 0.009599447250366211
decode: 16 0 41820 16 0.009503364562988281
decode: 16 0 41836 16 0.00949549674987793
decode: 16 0 41852 16 0.009552001953125
decode: 16 0 41868 16 0.009446144104003906
decode: 16 0 41884 16 0.00944972038269043
decode: 16 0 41900 16 0.009507417678833008
decode: 16 0 41916 16 0.00953984260559082
decode: 16 0 41932 16 0.009439468383789062
decode: 16 0 41948 16 0.009433746337890625
decode: 16 0 41964 16 0.00939178466796875
decode: 16 0 41980 16 0.009420633316040039
decode: 16 0 41996 16 0.00931406021118164
decode: 16 0 42012 16 0.009441614151000977
decode: 16 0 42028 16 0.009447336196899414
decode: 16 0 42044 16 0.009522438049316406
decode: 16 0 42060 16 0.009458541870117188
decode: 16 0 42076 16 0.009421586990356445
decode: 16 0 42092 16 0.009487390518188477
decode: 16 0 42108 16 0.009501218795776367
decode: 16 0 42124 16 0.00945901870727539
decode: 16 0 42140 16 0.009401798248291016
decode: 16 0 42156 16 0.009407758712768555
decode: 16 0 42172 16 0.009444475173950195
decode: 16 0 42188 16 0.009505271911621094
decode: 16 0 42204 16 0.009405136108398438
decode: 16 0 42220 16 0.009569406509399414
decode: 16 0 42236 16 0.009485960006713867
decode: 16 0 42252 16 0.009465694427490234
decode: 16 0 42268 16 0.009533405303955078
decode: 16 0 42284 16 0.009629011154174805
decode: 15 0 40002 15 0.009512662887573242
decode: 15 0 40017 15 0.009444713592529297
decode: 15 0 40032 15 0.009421825408935547
decode: 15 0 40047 15 0.009401798248291016
decode: 15 0 40062 15 0.009382486343383789
decode: 15 0 40077 15 0.009371519088745117
decode: 15 0 40092 15 0.009252071380615234
decode: 15 0 40107 15 0.009421825408935547
decode: 15 0 40122 15 0.009454727172851562
decode: 15 0 40137 15 0.009455680847167969
decode: 15 0 40152 15 0.00939321517944336
decode: 15 0 40167 15 0.00936436653137207
decode: 15 0 40182 15 0.0094146728515625
decode: 15 0 40197 15 0.009370803833007812
decode: 15 0 40212 15 0.009364843368530273
decode: 15 0 40227 15 0.009343624114990234
decode: 15 0 40242 15 0.009354352951049805
decode: 15 0 40257 15 0.009313821792602539
decode: 15 0 40272 15 0.009341716766357422
decode: 15 0 40287 15 0.009262561798095703
decode: 15 0 40302 15 0.009207725524902344
decode: 15 0 40317 15 0.009358406066894531
decode: 15 0 40332 15 0.009357929229736328
decode: 15 0 40347 15 0.00938868522644043
decode: 15 0 40362 15 0.009359121322631836
decode: 15 0 40377 15 0.009444713592529297
decode: 15 0 40392 15 0.009333372116088867
decode: 15 0 40407 15 0.009366750717163086
decode: 15 0 40422 15 0.009402751922607422
decode: 15 0 40437 15 0.009357213973999023
decode: 15 0 40452 15 0.009360551834106445
decode: 15 0 40467 15 0.009371280670166016
decode: 15 0 40482 15 0.009366512298583984
decode: 15 0 40497 15 0.009305000305175781
decode: 15 0 40512 15 0.009234905242919922
decode: 15 0 40527 15 0.009326696395874023
decode: 15 0 40542 15 0.009267091751098633
decode: 15 0 40557 15 0.00931406021118164
decode: 15 0 40572 15 0.009304523468017578
decode: 15 0 40587 15 0.009336471557617188
decode: 15 0 40602 15 0.009312629699707031
decode: 15 0 40617 15 0.009410619735717773
decode: 15 0 40632 15 0.009272336959838867
decode: 15 0 40647 15 0.009244680404663086
decode: 15 0 40662 15 0.009309768676757812
decode: 15 0 40677 15 0.009400367736816406
decode: 15 0 40692 15 0.00927734375
decode: 15 0 40707 15 0.009340047836303711
decode: 15 0 40722 15 0.00940561294555664
decode: 15 0 40737 15 0.009285449981689453
decode: 15 0 40752 15 0.009315013885498047
decode: 15 0 40767 15 0.009372949600219727
decode: 15 0 40782 15 0.00934600830078125
decode: 15 0 40797 15 0.00936269760131836
decode: 15 0 40812 15 0.00933074951171875
decode: 15 0 40827 15 0.009309053421020508
decode: 15 0 40842 15 0.009334087371826172
decode: 15 0 40857 15 0.009343624114990234
decode: 15 0 40872 15 0.009382963180541992
decode: 15 0 40887 15 0.009257078170776367
decode: 15 0 40902 15 0.00943756103515625
decode: 15 0 40917 15 0.009406328201293945
decode: 15 0 40932 15 0.009391546249389648
decode: 15 0 40947 15 0.0092620849609375
decode: 15 0 40962 15 0.009427309036254883
decode: 15 0 40977 15 0.009508609771728516
decode: 15 0 40992 15 0.009616851806640625
decode: 15 0 41007 15 0.009386062622070312
decode: 15 0 41022 15 0.009420633316040039
decode: 15 0 41037 15 0.00930166244506836
decode: 15 0 41052 15 0.009275674819946289
decode: 15 0 41067 15 0.009191513061523438
decode: 15 0 41082 15 0.00926065444946289
decode: 15 0 41097 15 0.009268760681152344
decode: 15 0 41112 15 0.009314775466918945
decode: 15 0 41127 15 0.009418725967407227
decode: 15 0 41142 15 0.009361505508422852
decode: 15 0 41157 15 0.009257793426513672
decode: 15 0 41172 15 0.009199857711791992
decode: 15 0 41187 15 0.009179353713989258
decode: 15 0 41202 15 0.009150505065917969
decode: 15 0 41217 15 0.00917196273803711
decode: 15 0 41232 15 0.009255647659301758
decode: 15 0 41247 15 0.009205102920532227
decode: 15 0 41262 15 0.009164810180664062
decode: 15 0 41277 15 0.009166479110717773
decode: 15 0 41292 15 0.009147882461547852
decode: 15 0 41307 15 0.009154319763183594
decode: 15 0 41322 15 0.009155750274658203
decode: 15 0 41337 15 0.009149789810180664
decode: 15 0 41352 15 0.009233951568603516
decode: 15 0 41367 15 0.009185314178466797
decode: 15 0 41382 15 0.0091552734375
decode: 15 0 41397 15 0.009156465530395508
decode: 15 0 41412 15 0.009187459945678711
decode: 15 0 41427 15 0.009160757064819336
decode: 15 0 41442 15 0.009229183197021484
decode: 15 0 41457 15 0.009299039840698242
decode: 15 0 41472 15 0.0093231201171875
decode: 15 0 41487 15 0.009249210357666016
decode: 15 0 41502 15 0.009221076965332031
decode: 15 0 41517 15 0.009207963943481445
decode: 15 0 41532 15 0.009216785430908203
decode: 15 0 41547 15 0.009221553802490234
decode: 15 0 41562 15 0.009303808212280273
decode: 15 0 41577 15 0.00922393798828125
decode: 15 0 41592 15 0.009203433990478516
decode: 15 0 41607 15 0.009248018264770508
decode: 15 0 41622 15 0.009223461151123047
decode: 15 0 41637 15 0.009233951568603516
decode: 15 0 41652 15 0.00921773910522461
decode: 15 0 41667 15 0.009243965148925781
decode: 15 0 41682 15 0.009223222732543945
decode: 15 0 41697 15 0.009207725524902344
decode: 15 0 41712 15 0.009201288223266602
decode: 15 0 41727 15 0.009218454360961914
decode: 15 0 41742 15 0.00921177864074707
decode: 15 0 41757 15 0.00922083854675293
decode: 15 0 41772 15 0.009250879287719727
decode: 15 0 41787 15 0.009217262268066406
decode: 15 0 41802 15 0.009246587753295898
decode: 15 0 41817 15 0.009217500686645508
decode: 15 0 41832 15 0.009205102920532227
decode: 15 0 41847 15 0.009214639663696289
decode: 15 0 41862 15 0.009307146072387695
decode: 15 0 41877 15 0.009194374084472656
decode: 15 0 41892 15 0.009195327758789062
decode: 15 0 41907 15 0.009196043014526367
decode: 15 0 41922 15 0.009192228317260742
decode: 15 0 41937 15 0.009215831756591797
decode: 15 0 41952 15 0.009217262268066406
decode: 15 0 41967 15 0.009311676025390625
decode: 15 0 41982 15 0.009310483932495117
decode: 15 0 41997 15 0.009327173233032227
decode: 15 0 42012 15 0.009317159652709961
decode: 15 0 42027 15 0.00929403305053711
decode: 15 0 42042 15 0.009278297424316406
decode: 15 0 42057 15 0.009286642074584961
decode: 15 0 42072 15 0.009325027465820312
decode: 15 0 42087 15 0.009359359741210938
decode: 15 0 42102 15 0.009387493133544922
decode: 15 0 42117 15 0.009449243545532227
decode: 15 0 42132 15 0.00943756103515625
decode: 15 0 42147 15 0.009413480758666992
decode: 15 0 42162 15 0.00944209098815918
decode: 15 0 42177 15 0.009391069412231445
decode: 15 0 42192 15 0.009470462799072266
decode: 15 0 42207 15 0.00945734977722168
decode: 15 0 42222 15 0.009472131729125977
decode: 15 0 42237 15 0.009471893310546875
decode: 15 0 42252 15 0.009477853775024414
decode: 15 0 42267 15 0.009438753128051758
decode: 15 0 42282 15 0.009402275085449219
decode: 15 0 42297 15 0.009387016296386719
decode: 15 0 42312 15 0.00957632064819336
decode: 15 0 42327 15 0.00950765609741211
decode: 15 0 42342 15 0.009391069412231445
decode: 15 0 42357 15 0.009452342987060547
decode: 15 0 42372 15 0.009513616561889648
decode: 15 0 42387 15 0.009423017501831055
decode: 15 0 42402 15 0.009360790252685547
decode: 15 0 42417 15 0.009355783462524414
decode: 15 0 42432 15 0.009337425231933594
decode: 15 0 42447 15 0.009397506713867188
decode: 15 0 42462 15 0.009344816207885742
decode: 15 0 42477 15 0.009308338165283203
decode: 15 0 42492 15 0.009294748306274414
decode: 15 0 42507 15 0.00941157341003418
decode: 15 0 42522 15 0.009608268737792969
decode: 15 0 42537 15 0.009328126907348633
decode: 15 0 42552 15 0.00933980941772461
decode: 15 0 42567 15 0.009358406066894531
decode: 15 0 42582 15 0.009374618530273438
decode: 15 0 42597 15 0.00933694839477539
decode: 13 0 36252 13 0.00919198989868164
decode: 13 0 36265 13 0.00924825668334961
decode: 13 0 36278 13 0.009215354919433594
decode: 13 0 36291 13 0.009178876876831055
decode: 13 0 36304 13 0.00925755500793457
decode: 13 0 36317 13 0.009305238723754883
decode: 13 0 36330 13 0.009219884872436523
decode: 13 0 36343 13 0.009314298629760742
decode: 13 0 36356 13 0.009290218353271484
decode: 13 0 36369 13 0.009310483932495117
decode: 13 0 36382 13 0.0092620849609375
decode: 13 0 36395 13 0.009253263473510742
decode: 13 0 36408 13 0.009134054183959961
decode: 13 0 36421 13 0.009163141250610352
decode: 13 0 36434 13 0.009172916412353516
decode: 13 0 36447 13 0.009140729904174805
decode: 13 0 36460 13 0.009095907211303711
decode: 13 0 36473 13 0.009253501892089844
decode: 13 0 36486 13 0.009299755096435547
decode: 13 0 36499 13 0.00917673110961914
decode: 13 0 36512 13 0.00908517837524414
decode: 13 0 36525 13 0.009174823760986328
decode: 13 0 36538 13 0.009134054183959961
decode: 13 0 36551 13 0.009359598159790039
decode: 13 0 36564 13 0.009268522262573242
decode: 13 0 36577 13 0.009372949600219727
decode: 13 0 36590 13 0.009285449981689453
decode: 13 0 36603 13 0.009255647659301758
decode: 13 0 36616 13 0.009227752685546875
decode: 13 0 36629 13 0.009257316589355469
decode: 13 0 36642 13 0.00929880142211914
decode: 13 0 36655 13 0.009219646453857422
decode: 13 0 36668 13 0.009104490280151367
decode: 13 0 36681 13 0.009135246276855469
decode: 13 0 36694 13 0.009155750274658203
decode: 13 0 36707 13 0.009227514266967773
decode: 13 0 36720 13 0.009222269058227539
decode: 13 0 36733 13 0.009219884872436523
decode: 13 0 36746 13 0.009241819381713867
decode: 13 0 36759 13 0.009191036224365234
decode: 13 0 36772 13 0.009359598159790039
decode: 13 0 36785 13 0.009236335754394531
decode: 13 0 36798 13 0.009139537811279297
decode: 12 0 35147 12 0.00932168960571289
decode: 12 0 35159 12 0.009242773056030273
decode: 12 0 35171 12 0.009210586547851562
decode: 12 0 35183 12 0.009170293807983398
decode: 12 0 35195 12 0.009154081344604492
decode: 12 0 35207 12 0.009123802185058594
decode: 12 0 35219 12 0.009232282638549805
decode: 12 0 35231 12 0.009226799011230469
decode: 12 0 35243 12 0.009218692779541016
decode: 12 0 35255 12 0.009178876876831055
decode: 12 0 35267 12 0.009243249893188477
decode: 12 0 35279 12 0.009217977523803711
decode: 12 0 35291 12 0.009369850158691406
decode: 12 0 35303 12 0.009249448776245117
decode: 12 0 35315 12 0.009251594543457031
decode: 12 0 35327 12 0.009216785430908203
decode: 12 0 35339 12 0.009230613708496094
decode: 12 0 35351 12 0.009225845336914062
decode: 12 0 35363 12 0.009346961975097656
decode: 12 0 35375 12 0.009198427200317383
decode: 12 0 35387 12 0.009172677993774414
decode: 12 0 35399 12 0.009216547012329102
decode: 12 0 35411 12 0.009173154830932617
decode: 12 0 35423 12 0.009239435195922852
decode: 12 0 35435 12 0.009350776672363281
decode: 12 0 35447 12 0.009259462356567383
decode: 12 0 35459 12 0.009171247482299805
decode: 12 0 35471 12 0.009181022644042969
decode: 12 0 35483 12 0.009070634841918945
decode: 12 0 35495 12 0.009071588516235352
decode: 12 0 35507 12 0.009231090545654297
decode: 12 0 35519 12 0.009182453155517578
decode: 12 0 35531 12 0.009090185165405273
decode: 12 0 35543 12 0.009089469909667969
decode: 12 0 35555 12 0.009219884872436523
decode: 12 0 35567 12 0.009210824966430664
decode: 12 0 35579 12 0.009177684783935547
decode: 12 0 35591 12 0.009187936782836914
decode: 12 0 35603 12 0.009226560592651367
decode: 12 0 35615 12 0.00939631462097168
decode: 12 0 35627 12 0.009260892868041992
decode: 12 0 35639 12 0.009248495101928711
decode: 12 0 35651 12 0.00924539566040039
decode: 12 0 35663 12 0.009263038635253906
decode: 12 0 35675 12 0.009163856506347656
decode: 12 0 35687 12 0.009274959564208984
decode: 12 0 35699 12 0.00913238525390625
decode: 12 0 35711 12 0.009081602096557617
decode: 12 0 35723 12 0.00911402702331543
decode: 12 0 35735 12 0.009059667587280273
decode: 12 0 35747 12 0.00915384292602539
decode: 12 0 35759 12 0.009294509887695312
decode: 12 0 35771 12 0.009171009063720703
decode: 12 0 35783 12 0.009261608123779297
decode: 12 0 35795 12 0.00927591323852539
decode: 12 0 35807 12 0.009201526641845703
decode: 12 0 35819 12 0.009213685989379883
decode: 12 0 35831 12 0.009200334548950195
decode: 12 0 35843 12 0.009198904037475586
decode: 12 0 35855 12 0.009100198745727539
decode: 12 0 35867 12 0.009110450744628906
decode: 12 0 35879 12 0.009055376052856445
decode: 12 0 35891 12 0.009153366088867188
decode: 12 0 35903 12 0.009250640869140625
decode: 12 0 35915 12 0.009199857711791992
decode: 12 0 35927 12 0.009165763854980469
decode: 12 0 35939 12 0.009193897247314453
decode: 12 0 35951 12 0.009294271469116211
decode: 12 0 35963 12 0.009254693984985352
decode: 12 0 35975 12 0.00921773910522461
decode: 12 0 35987 12 0.009209156036376953
decode: 12 0 35999 12 0.009200572967529297
decode: 12 0 36011 12 0.009246110916137695
decode: 12 0 36023 12 0.009260892868041992
decode: 12 0 36035 12 0.009274721145629883
decode: 12 0 36047 12 0.009243011474609375
decode: 12 0 36059 12 0.009204387664794922
decode: 12 0 36071 12 0.009135246276855469
decode: 12 0 36083 12 0.009092330932617188
decode: 12 0 36095 12 0.009354591369628906
decode: 12 0 36107 12 0.00934290885925293
decode: 12 0 36119 12 0.009359359741210938
decode: 12 0 36131 12 0.009350061416625977
decode: 12 0 36143 12 0.009330987930297852
decode: 12 0 36155 12 0.009345054626464844
decode: 12 0 36167 12 0.009325265884399414
decode: 12 0 36179 12 0.009295225143432617
decode: 12 0 36191 12 0.009275436401367188
decode: 12 0 36203 12 0.009284734725952148
decode: 12 0 36215 12 0.009294986724853516
decode: 12 0 36227 12 0.009288549423217773
decode: 12 0 36239 12 0.009271383285522461
decode: 12 0 36251 12 0.009419441223144531
decode: 12 0 36263 12 0.00937509536743164
decode: 12 0 36275 12 0.009335994720458984
decode: 12 0 36287 12 0.009305477142333984
decode: 12 0 36299 12 0.00932168960571289
decode: 12 0 36311 12 0.009311199188232422
decode: 12 0 36323 12 0.009424448013305664
decode: 12 0 36335 12 0.009343385696411133
decode: 12 0 36347 12 0.009363651275634766
decode: 12 0 36359 12 0.009306907653808594
decode: 12 0 36371 12 0.009226322174072266
decode: 11 0 34981 11 0.009299039840698242
decode: 11 0 34992 11 0.009184122085571289
decode: 11 0 35003 11 0.009072303771972656
decode: 11 0 35014 11 0.008978128433227539
decode: 11 0 35025 11 0.008976936340332031
decode: 11 0 35036 11 0.008980751037597656
decode: 11 0 35047 11 0.00912928581237793
decode: 11 0 35058 11 0.00901174545288086
decode: 11 0 35069 11 0.008956193923950195
decode: 11 0 35080 11 0.008980035781860352
decode: 11 0 35091 11 0.009071588516235352
decode: 11 0 35102 11 0.009023666381835938
decode: 11 0 35113 11 0.009082794189453125
decode: 11 0 35124 11 0.009185075759887695
decode: 11 0 35135 11 0.009157896041870117
decode: 11 0 35146 11 0.00917959213256836
decode: 11 0 35157 11 0.009220123291015625
decode: 11 0 35168 11 0.009189844131469727
decode: 11 0 35179 11 0.009153366088867188
decode: 11 0 35190 11 0.009136199951171875
decode: 11 0 35201 11 0.009224653244018555
decode: 11 0 35212 11 0.009124040603637695
decode: 11 0 35223 11 0.00903940200805664
decode: 11 0 35234 11 0.009066343307495117
decode: 11 0 35245 11 0.009186983108520508
decode: 11 0 35256 11 0.009019613265991211
decode: 11 0 35267 11 0.009086370468139648
decode: 11 0 35278 11 0.009073972702026367
decode: 11 0 35289 11 0.009086132049560547
decode: 11 0 35300 11 0.00917673110961914
decode: 11 0 35311 11 0.009173393249511719
decode: 11 0 35322 11 0.00913095474243164
decode: 11 0 35333 11 0.009122848510742188
decode: 11 0 35344 11 0.009135723114013672
decode: 11 0 35355 11 0.009107112884521484
decode: 11 0 35366 11 0.009088993072509766
decode: 11 0 35377 11 0.009119033813476562
decode: 11 0 35388 11 0.009151458740234375
decode: 11 0 35399 11 0.009086132049560547
decode: 11 0 35410 11 0.009093523025512695
decode: 11 0 35421 11 0.009107589721679688
decode: 11 0 35432 11 0.009090423583984375
decode: 11 0 35443 11 0.009063959121704102
decode: 11 0 35454 11 0.009066343307495117
decode: 11 0 35465 11 0.009072303771972656
decode: 11 0 35476 11 0.009145259857177734
decode: 11 0 35487 11 0.009230375289916992
decode: 11 0 35498 11 0.00920724868774414
decode: 11 0 35509 11 0.009089231491088867
decode: 11 0 35520 11 0.009208440780639648
decode: 11 0 35531 11 0.009194612503051758
decode: 11 0 35542 11 0.009039878845214844
decode: 11 0 35553 11 0.009084939956665039
decode: 11 0 35564 11 0.009014606475830078
decode: 11 0 35575 11 0.00899362564086914
decode: 11 0 35586 11 0.008974790573120117
decode: 11 0 35597 11 0.00897836685180664
decode: 11 0 35608 11 0.00897359848022461
decode: 11 0 35619 11 0.008965730667114258
decode: 11 0 35630 11 0.009003877639770508
decode: 11 0 35641 11 0.009060859680175781
decode: 11 0 35652 11 0.008978605270385742
decode: 11 0 35663 11 0.008983135223388672
decode: 11 0 35674 11 0.008982181549072266
decode: 11 0 35685 11 0.008970975875854492
decode: 11 0 35696 11 0.009023427963256836
decode: 11 0 35707 11 0.00904083251953125
decode: 11 0 35718 11 0.009026765823364258
decode: 11 0 35729 11 0.008989095687866211
decode: 11 0 35740 11 0.008988142013549805
decode: 11 0 35751 11 0.008978128433227539
decode: 11 0 35762 11 0.008997201919555664
decode: 11 0 35773 11 0.008992433547973633
decode: 11 0 35784 11 0.008977174758911133
decode: 11 0 35795 11 0.009025335311889648
decode: 11 0 35806 11 0.009052038192749023
decode: 11 0 35817 11 0.00899362564086914
decode: 11 0 35828 11 0.008986949920654297
decode: 11 0 35839 11 0.008951902389526367
decode: 11 0 35850 11 0.008965730667114258
decode: 11 0 35861 11 0.008954048156738281
decode: 11 0 35872 11 0.00896453857421875
decode: 11 0 35883 11 0.008946895599365234
decode: 11 0 35894 11 0.008971691131591797
decode: 11 0 35905 11 0.008949995040893555
decode: 11 0 35916 11 0.008941650390625
decode: 11 0 35927 11 0.00897073745727539
decode: 11 0 35938 11 0.00898122787475586
decode: 11 0 35949 11 0.00896143913269043
decode: 11 0 35960 11 0.008961200714111328
decode: 11 0 35971 11 0.008966207504272461
decode: 11 0 35982 11 0.008942842483520508
decode: 11 0 35993 11 0.008964061737060547
decode: 11 0 36004 11 0.008947610855102539
decode: 11 0 36015 11 0.008958816528320312
decode: 11 0 36026 11 0.008946418762207031
decode: 11 0 36037 11 0.00895380973815918
decode: 11 0 36048 11 0.008964061737060547
decode: 11 0 36059 11 0.008931636810302734
decode: 11 0 36070 11 0.008956193923950195
decode: 11 0 36081 11 0.008940696716308594
decode: 11 0 36092 11 0.009039163589477539
decode: 11 0 36103 11 0.009046792984008789
decode: 11 0 36114 11 0.00903463363647461
decode: 11 0 36125 11 0.009031534194946289
decode: 11 0 36136 11 0.009042501449584961
decode: 11 0 36147 11 0.009037256240844727
decode: 11 0 36158 11 0.00913691520690918
decode: 11 0 36169 11 0.00910496711730957
decode: 11 0 36180 11 0.00913691520690918
decode: 11 0 36191 11 0.009087324142456055
decode: 11 0 36202 11 0.009006977081298828
decode: 11 0 36213 11 0.009090662002563477
decode: 11 0 36224 11 0.009206295013427734
decode: 11 0 36235 11 0.009093761444091797
decode: 11 0 36246 11 0.009196758270263672
decode: 11 0 36257 11 0.009138107299804688
decode: 11 0 36268 11 0.009202003479003906
decode: 11 0 36279 11 0.009308815002441406
decode: 11 0 36290 11 0.009258270263671875
decode: 11 0 36301 11 0.009148359298706055
decode: 11 0 36312 11 0.00914454460144043
decode: 11 0 36323 11 0.009128570556640625
decode: 11 0 36334 11 0.009117603302001953
decode: 11 0 36345 11 0.009115219116210938
decode: 11 0 36356 11 0.00902700424194336
decode: 11 0 36367 11 0.009078264236450195
decode: 11 0 36378 11 0.009067058563232422
decode: 10 0 32826 10 0.008897781372070312
decode: 10 0 32836 10 0.008979558944702148
decode: 10 0 32846 10 0.008864641189575195
decode: 10 0 32856 10 0.008980989456176758
decode: 10 0 32866 10 0.008955717086791992
decode: 10 0 32876 10 0.008997201919555664
decode: 10 0 32886 10 0.008991718292236328
decode: 10 0 32896 10 0.008982181549072266
decode: 10 0 32906 10 0.008984088897705078
decode: 10 0 32916 10 0.00899815559387207
decode: 10 0 32926 10 0.00897526741027832
decode: 10 0 32936 10 0.009020566940307617
decode: 10 0 32946 10 0.00899052619934082
decode: 10 0 32956 10 0.009017229080200195
decode: 10 0 32966 10 0.009036540985107422
decode: 10 0 32976 10 0.009146690368652344
decode: 10 0 32986 10 0.009109735488891602
decode: 10 0 32996 10 0.009070873260498047
decode: 10 0 33006 10 0.009061098098754883
decode: 10 0 33016 10 0.00904536247253418
decode: 10 0 33026 10 0.008986234664916992
decode: 10 0 33036 10 0.009037256240844727
decode: 10 0 33046 10 0.009027957916259766
decode: 10 0 33056 10 0.009000062942504883
decode: 10 0 33066 10 0.009092330932617188
decode: 10 0 33076 10 0.009088993072509766
decode: 10 0 33086 10 0.009081840515136719
decode: 10 0 33096 10 0.009173154830932617
decode: 10 0 33106 10 0.00911402702331543
decode: 10 0 33116 10 0.009095430374145508
decode: 10 0 33126 10 0.009091615676879883
decode: 10 0 33136 10 0.009185552597045898
decode: 10 0 33146 10 0.009165525436401367
decode: 10 0 33156 10 0.009165048599243164
decode: 10 0 33166 10 0.009402036666870117
decode: 10 0 33176 10 0.009121179580688477
decode: 10 0 33186 10 0.009120941162109375
decode: 10 0 33196 10 0.009149789810180664
decode: 10 0 33206 10 0.009211063385009766
decode: 10 0 33216 10 0.009221315383911133
decode: 10 0 33226 10 0.009169340133666992
decode: 9 0 31362 9 0.009220361709594727
decode: 9 0 31371 9 0.009032249450683594
decode: 9 0 31380 9 0.008988380432128906
decode: 9 0 31389 9 0.008985757827758789
decode: 9 0 31398 9 0.009006500244140625
decode: 9 0 31407 9 0.008971691131591797
decode: 9 0 31416 9 0.008978128433227539
decode: 9 0 31425 9 0.008980035781860352
decode: 9 0 31434 9 0.008957147598266602
decode: 9 0 31443 9 0.009018898010253906
decode: 9 0 31452 9 0.009028434753417969
decode: 9 0 31461 9 0.00892782211303711
decode: 9 0 31470 9 0.008850812911987305
decode: 9 0 31479 9 0.008841753005981445
decode: 9 0 31488 9 0.008975982666015625
decode: 8 0 26894 8 0.008932113647460938
decode: 8 0 26902 8 0.008730888366699219
decode: 8 0 26910 8 0.008767843246459961
decode: 8 0 26918 8 0.00872349739074707
decode: 8 0 26926 8 0.008770465850830078
decode: 8 0 26934 8 0.008729934692382812
decode: 8 0 26942 8 0.008797168731689453
decode: 8 0 26950 8 0.008712053298950195
decode: 8 0 26958 8 0.008686304092407227
decode: 8 0 26966 8 0.008756875991821289
decode: 8 0 26974 8 0.008642196655273438
decode: 8 0 26982 8 0.008766412734985352
decode: 8 0 26990 8 0.008809089660644531
decode: 8 0 26998 8 0.008826971054077148
decode: 8 0 27006 8 0.008758068084716797
decode: 8 0 27014 8 0.008782386779785156
decode: 8 0 27022 8 0.008693456649780273
decode: 8 0 27030 8 0.008812665939331055
decode: 8 0 27038 8 0.008780717849731445
decode: 8 0 27046 8 0.00876760482788086
decode: 8 0 27054 8 0.008758783340454102
decode: 8 0 27062 8 0.008751392364501953
decode: 8 0 27070 8 0.008766651153564453
decode: 8 0 27078 8 0.00879669189453125
decode: 8 0 27086 8 0.008758068084716797
decode: 8 0 27094 8 0.008753538131713867
decode: 8 0 27102 8 0.008738994598388672
decode: 8 0 27110 8 0.008667945861816406
decode: 8 0 27118 8 0.008627176284790039
decode: 8 0 27126 8 0.008634805679321289
decode: 8 0 27134 8 0.008651256561279297
decode: 8 0 27142 8 0.008635759353637695
decode: 8 0 27150 8 0.008680582046508789
decode: 8 0 27158 8 0.008699893951416016
decode: 8 0 27166 8 0.008648157119750977
decode: 8 0 27174 8 0.008708953857421875
decode: 8 0 27182 8 0.008721590042114258
decode: 8 0 27190 8 0.008683919906616211
decode: 8 0 27198 8 0.008638620376586914
decode: 8 0 27206 8 0.00861358642578125
decode: 8 0 27214 8 0.008793354034423828
decode: 8 0 27222 8 0.008784055709838867
decode: 8 0 27230 8 0.008774280548095703
decode: 8 0 27238 8 0.008747100830078125
decode: 8 0 27246 8 0.008748531341552734
decode: 8 0 27254 8 0.008747577667236328
decode: 8 0 27262 8 0.008744955062866211
decode: 8 0 27270 8 0.008688688278198242
decode: 8 0 27278 8 0.008746623992919922
decode: 8 0 27286 8 0.008776664733886719
decode: 8 0 27294 8 0.008613109588623047
decode: 8 0 27302 8 0.008713245391845703
decode: 8 0 27310 8 0.00870966911315918
decode: 8 0 27318 8 0.008675336837768555
decode: 8 0 27326 8 0.008681535720825195
decode: 8 0 27334 8 0.008781194686889648
decode: 8 0 27342 8 0.008725643157958984
decode: 8 0 27350 8 0.008656501770019531
decode: 8 0 27358 8 0.008633136749267578
decode: 8 0 27366 8 0.00861048698425293
decode: 8 0 27374 8 0.008643388748168945
decode: 8 0 27382 8 0.008626461029052734
decode: 8 0 27390 8 0.008631467819213867
decode: 7 0 23358 7 0.008666038513183594
decode: 7 0 23365 7 0.0086517333984375
decode: 7 0 23372 7 0.008627176284790039
decode: 7 0 23379 7 0.008637428283691406
decode: 7 0 23386 7 0.008679628372192383
decode: 7 0 23393 7 0.008623361587524414
decode: 7 0 23400 7 0.008663177490234375
decode: 7 0 23407 7 0.008618831634521484
decode: 7 0 23414 7 0.008616447448730469
decode: 7 0 23421 7 0.008560419082641602
decode: 7 0 23428 7 0.00856924057006836
decode: 7 0 23435 7 0.008552312850952148
decode: 7 0 23442 7 0.00861501693725586
decode: 7 0 23449 7 0.008547306060791016
decode: 7 0 23456 7 0.00856781005859375
decode: 7 0 23463 7 0.008620023727416992
decode: 7 0 23470 7 0.008598566055297852
decode: 7 0 23477 7 0.008627653121948242
decode: 7 0 23484 7 0.00863504409790039
decode: 7 0 23491 7 0.00860738754272461
decode: 7 0 23498 7 0.00860905647277832
decode: 7 0 23505 7 0.008589982986450195
decode: 7 0 23512 7 0.00861048698425293
decode: 6 0 18653 6 0.00855112075805664
decode: 6 0 18659 6 0.008410453796386719
decode: 6 0 18665 6 0.008495569229125977
decode: 6 0 18671 6 0.008454561233520508
decode: 6 0 18677 6 0.008402109146118164
decode: 6 0 18683 6 0.008398771286010742
decode: 6 0 18689 6 0.008373498916625977
decode: 6 0 18695 6 0.00832056999206543
decode: 6 0 18701 6 0.008371829986572266
decode: 5 0 17183 5 0.008377552032470703
decode: 5 0 17188 5 0.00830078125
decode: 5 0 17193 5 0.008306741714477539
decode: 5 0 17198 5 0.008345603942871094
decode: 5 0 17203 5 0.008260726928710938
decode: 5 0 17208 5 0.008188009262084961
decode: 5 0 17213 5 0.00833892822265625
decode: 5 0 17218 5 0.008316993713378906
decode: 5 0 17223 5 0.008309125900268555
decode: 5 0 17228 5 0.008292198181152344
decode: 5 0 17233 5 0.008289337158203125
decode: 5 0 17238 5 0.008291482925415039
decode: 5 0 17243 5 0.00825047492980957
decode: 5 0 17248 5 0.008261680603027344
decode: 5 0 17253 5 0.00832223892211914
decode: 5 0 17258 5 0.008354663848876953
decode: 5 0 17263 5 0.00835871696472168
decode: 5 0 17268 5 0.00833892822265625
decode: 5 0 17273 5 0.008337736129760742
decode: 5 0 17278 5 0.008338689804077148
decode: 5 0 17283 5 0.00839686393737793
decode: 5 0 17288 5 0.008372783660888672
decode: 5 0 17293 5 0.00834512710571289
decode: 5 0 17298 5 0.008328676223754883
decode: 5 0 17303 5 0.00832819938659668
decode: 5 0 17308 5 0.008396148681640625
decode: 5 0 17313 5 0.008349895477294922
decode: 5 0 17318 5 0.00838017463684082
decode: 5 0 17323 5 0.008348464965820312
decode: 5 0 17328 5 0.008349418640136719
decode: 5 0 17333 5 0.008332252502441406
decode: 5 0 17338 5 0.008309364318847656
decode: 5 0 17343 5 0.008376359939575195
decode: 5 0 17348 5 0.008397102355957031
decode: 5 0 17353 5 0.008366107940673828
decode: 5 0 17358 5 0.008332490921020508
decode: 5 0 17363 5 0.008276224136352539
decode: 5 0 17368 5 0.008288860321044922
decode: 5 0 17373 5 0.008352994918823242
decode: 5 0 17378 5 0.008301973342895508
decode: 5 0 17383 5 0.008292436599731445
decode: 5 0 17388 5 0.008296489715576172
decode: 5 0 17393 5 0.00830841064453125
decode: 5 0 17398 5 0.00825810432434082
decode: 5 0 17403 5 0.008306503295898438
decode: 5 0 17408 5 0.008368253707885742
decode: 5 0 17413 5 0.00833749771118164
decode: 5 0 17418 5 0.008343696594238281
decode: 5 0 17423 5 0.00827646255493164
decode: 5 0 17428 5 0.008230447769165039
decode: 5 0 17433 5 0.008253335952758789
decode: 5 0 17438 5 0.008229255676269531
decode: 5 0 17443 5 0.008278846740722656
decode: 5 0 17448 5 0.008259057998657227
decode: 5 0 17453 5 0.008269309997558594
decode: 5 0 17458 5 0.008249282836914062
decode: 5 0 17463 5 0.008285045623779297
decode: 5 0 17468 5 0.008316516876220703
decode: 5 0 17473 5 0.008327484130859375
decode: 5 0 17478 5 0.00832986831665039
decode: 5 0 17483 5 0.008319616317749023
decode: 5 0 17488 5 0.00830841064453125
decode: 5 0 17493 5 0.008341312408447266
decode: 5 0 17498 5 0.008316993713378906
decode: 5 0 17503 5 0.008274078369140625
decode: 5 0 17508 5 0.008187055587768555
decode: 5 0 17513 5 0.00823068618774414
decode: 4 0 14065 4 0.008374691009521484
decode: 4 0 14069 4 0.008205175399780273
decode: 4 0 14073 4 0.008043527603149414
decode: 4 0 14077 4 0.00801992416381836
decode: 4 0 14081 4 0.008002519607543945
decode: 4 0 14085 4 0.008002758026123047
decode: 4 0 14089 4 0.00799870491027832
decode: 4 0 14093 4 0.008086919784545898
decode: 4 0 14097 4 0.008064508438110352
decode: 4 0 14101 4 0.008082866668701172
decode: 4 0 14105 4 0.008029937744140625
decode: 4 0 14109 4 0.008034229278564453
decode: 4 0 14113 4 0.008063793182373047
decode: 4 0 14117 4 0.008054494857788086
decode: 4 0 14121 4 0.008058786392211914
decode: 4 0 14125 4 0.008036613464355469
decode: 4 0 14129 4 0.008012771606445312
decode: 4 0 14133 4 0.008131027221679688
decode: 4 0 14137 4 0.008107423782348633
decode: 4 0 14141 4 0.00808405876159668
decode: 4 0 14145 4 0.008057117462158203
decode: 4 0 14149 4 0.008033275604248047
decode: 4 0 14153 4 0.008045673370361328
decode: 4 0 14157 4 0.008046150207519531
decode: 4 0 14161 4 0.008041143417358398
decode: 4 0 14165 4 0.00803995132446289
decode: 4 0 14169 4 0.008054256439208984
decode: 4 0 14173 4 0.008049964904785156
decode: 4 0 14177 4 0.00812840461730957
decode: 4 0 14181 4 0.008075475692749023
decode: 4 0 14185 4 0.00807952880859375
decode: 3 0 9060 3 0.007955074310302734
decode: 3 0 9063 3 0.007859945297241211
decode: 3 0 9066 3 0.007852554321289062
decode: 3 0 9069 3 0.007826089859008789
decode: 3 0 9072 3 0.007831335067749023
decode: 3 0 9075 3 0.007825613021850586
decode: 3 0 9078 3 0.007814645767211914
decode: 3 0 9081 3 0.007848978042602539
decode: 3 0 9084 3 0.007813692092895508
decode: 3 0 9087 3 0.007831096649169922
decode: 3 0 9090 3 0.007822275161743164
decode: 3 0 9093 3 0.007812976837158203
decode: 3 0 9096 3 0.007835149765014648
decode: 3 0 9099 3 0.007856130599975586
decode: 3 0 9102 3 0.007848262786865234
decode: 3 0 9105 3 0.007845163345336914
decode: 3 0 9108 3 0.007858753204345703
decode: 3 0 9111 3 0.007825613021850586
decode: 3 0 9114 3 0.007839202880859375
decode: 3 0 9117 3 0.007836103439331055
decode: 3 0 9120 3 0.007835626602172852
decode: 3 0 9123 3 0.007826805114746094
decode: 3 0 9126 3 0.007846832275390625
decode: 3 0 9129 3 0.007844686508178711
decode: 3 0 9132 3 0.007837295532226562
decode: 3 0 9135 3 0.007844924926757812
decode: 3 0 9138 3 0.007830619812011719
decode: 3 0 9141 3 0.007851600646972656
decode: 3 0 9144 3 0.007821083068847656
decode: 3 0 9147 3 0.007861852645874023
decode: 3 0 9150 3 0.007850408554077148
decode: 3 0 9153 3 0.007838010787963867
decode: 3 0 9156 3 0.007848262786865234
decode: 3 0 9159 3 0.007843494415283203
decode: 3 0 9162 3 0.00783538818359375
decode: 3 0 9165 3 0.007836580276489258
decode: 3 0 9168 3 0.007837295532226562
decode: 3 0 9171 3 0.007839441299438477
decode: 3 0 9174 3 0.007827997207641602
decode: 3 0 9177 3 0.007847309112548828
decode: 3 0 9180 3 0.007823705673217773
decode: 3 0 9183 3 0.007824420928955078
decode: 3 0 9186 3 0.007850885391235352
decode: 3 0 9189 3 0.007837295532226562
decode: 3 0 9192 3 0.007840633392333984
decode: 3 0 9195 3 0.007838964462280273
decode: 3 0 9198 3 0.007828712463378906
decode: 3 0 9201 3 0.007877349853515625
decode: 3 0 9204 3 0.007867097854614258
decode: 3 0 9207 3 0.007875204086303711
decode: 3 0 9210 3 0.007873058319091797
decode: 3 0 9213 3 0.00783848762512207
decode: 3 0 9216 3 0.007835626602172852
decode: 3 0 9219 3 0.007872343063354492
decode: 3 0 9222 3 0.007840633392333984
decode: 3 0 9225 3 0.007900714874267578
decode: 3 0 9228 3 0.007857799530029297
decode: 3 0 9231 3 0.007862567901611328
decode: 3 0 9234 3 0.007863759994506836
decode: 3 0 9237 3 0.007860660552978516
decode: 3 0 9240 3 0.007860660552978516
decode: 3 0 9243 3 0.00788259506225586
decode: 3 0 9246 3 0.007905960083007812
decode: 3 0 9249 3 0.007866382598876953
decode: 3 0 9252 3 0.007854938507080078
decode: 3 0 9255 3 0.007864952087402344
decode: 3 0 9258 3 0.007862091064453125
decode: 3 0 9261 3 0.007866621017456055
decode: 3 0 9264 3 0.007838249206542969
decode: 3 0 9267 3 0.007857084274291992
decode: 3 0 9270 3 0.007860660552978516
decode: 3 0 9273 3 0.007876396179199219
decode: 3 0 9276 3 0.007844924926757812
decode: 3 0 9279 3 0.007845163345336914
decode: 3 0 9282 3 0.007864236831665039
decode: 3 0 9285 3 0.007852792739868164
decode: 3 0 9288 3 0.007864713668823242
decode: 3 0 9291 3 0.007862091064453125
decode: 3 0 9294 3 0.007896661758422852
decode: 3 0 9297 3 0.007876157760620117
decode: 3 0 9300 3 0.007881641387939453
decode: 3 0 9303 3 0.007892370223999023
decode: 3 0 9306 3 0.007885932922363281
decode: 3 0 9309 3 0.007951021194458008
decode: 3 0 9312 3 0.007936716079711914
decode: 3 0 9315 3 0.007948875427246094
decode: 3 0 9318 3 0.007883071899414062
decode: 3 0 9321 3 0.007872343063354492
decode: 3 0 9324 3 0.007882833480834961
decode: 3 0 9327 3 0.007912158966064453
decode: 3 0 9330 3 0.00786590576171875
decode: 3 0 9333 3 0.007907867431640625
decode: 3 0 9336 3 0.007881879806518555
decode: 3 0 9339 3 0.007891178131103516
decode: 3 0 9342 3 0.0078277587890625
decode: 3 0 9345 3 0.007870674133300781
decode: 3 0 9348 3 0.007875680923461914
decode: 3 0 9351 3 0.00786590576171875
decode: 3 0 9354 3 0.007937192916870117
decode: 3 0 9357 3 0.007946252822875977
decode: 3 0 9360 3 0.007927894592285156
decode: 3 0 9363 3 0.007911443710327148
decode: 3 0 9366 3 0.00787973403930664
decode: 3 0 9369 3 0.007875442504882812
decode: 3 0 9372 3 0.007880926132202148
decode: 3 0 9375 3 0.00787210464477539
decode: 3 0 9378 3 0.007874011993408203
decode: 3 0 9381 3 0.007898330688476562
decode: 3 0 9384 3 0.00792694091796875
decode: 3 0 9387 3 0.007903814315795898
decode: 3 0 9390 3 0.007900238037109375
decode: 3 0 9393 3 0.00788259506225586
decode: 3 0 9396 3 0.007884025573730469
decode: 3 0 9399 3 0.007930278778076172
decode: 3 0 9402 3 0.007913827896118164
decode: 3 0 9405 3 0.007921218872070312
decode: 3 0 9408 3 0.007894039154052734
decode: 3 0 9411 3 0.00788116455078125
decode: 3 0 9414 3 0.007875680923461914
decode: 3 0 9417 3 0.007865190505981445
decode: 3 0 9420 3 0.007896900177001953
decode: 3 0 9423 3 0.007920980453491211
decode: 3 0 9426 3 0.007903575897216797
decode: 3 0 9429 3 0.007908105850219727
decode: 3 0 9432 3 0.007894515991210938
decode: 3 0 9435 3 0.007879972457885742
decode: 3 0 9438 3 0.007927894592285156
decode: 3 0 9441 3 0.007917404174804688
decode: 3 0 9444 3 0.007916927337646484
decode: 3 0 9447 3 0.007904052734375
decode: 3 0 9450 3 0.007886409759521484
decode: 3 0 9453 3 0.007918834686279297
decode: 3 0 9456 3 0.007907390594482422
decode: 3 0 9459 3 0.00793766975402832
decode: 3 0 9462 3 0.007912874221801758
decode: 3 0 9465 3 0.007915496826171875
decode: 3 0 9468 3 0.007918119430541992
decode: 3 0 9471 3 0.007883787155151367
decode: 3 0 9474 3 0.007856130599975586
decode: 3 0 9477 3 0.007884502410888672
decode: 3 0 9480 3 0.007933855056762695
decode: 3 0 9483 3 0.00793004035949707
decode: 3 0 9486 3 0.007898092269897461
decode: 3 0 9489 3 0.007899999618530273
decode: 3 0 9492 3 0.007894754409790039
decode: 3 0 9495 3 0.007901668548583984
decode: 3 0 9498 3 0.007934093475341797
decode: 3 0 9501 3 0.007927179336547852
decode: 3 0 9504 3 0.007926225662231445
decode: 3 0 9507 3 0.007925987243652344
decode: 3 0 9510 3 0.007893800735473633
decode: 3 0 9513 3 0.007893562316894531
decode: 3 0 9516 3 0.007951736450195312
decode: 3 0 9519 3 0.007948637008666992
decode: 3 0 9522 3 0.007924556732177734
decode: 3 0 9525 3 0.007888555526733398
decode: 3 0 9528 3 0.007905006408691406
decode: 3 0 9531 3 0.00793313980102539
decode: 3 0 9534 3 0.007940053939819336
decode: 3 0 9537 3 0.007927656173706055
decode: 3 0 9540 3 0.007931232452392578
decode: 3 0 9543 3 0.007993221282958984
decode: 3 0 9546 3 0.007977008819580078
decode: 3 0 9549 3 0.007946014404296875
decode: 3 0 9552 3 0.007947921752929688
decode: 3 0 9555 3 0.007951498031616211
decode: 3 0 9558 3 0.007949352264404297
decode: 3 0 9561 3 0.007947444915771484
decode: 3 0 9564 3 0.00791311264038086
decode: 3 0 9567 3 0.007934808731079102
decode: 3 0 9570 3 0.007993698120117188
decode: 3 0 9573 3 0.007938623428344727
decode: 3 0 9576 3 0.007961034774780273
decode: 3 0 9579 3 0.007936477661132812
decode: 3 0 9582 3 0.007955312728881836
decode: 3 0 9585 3 0.007958650588989258
decode: 3 0 9588 3 0.007903099060058594
decode: 3 0 9591 3 0.007880210876464844
decode: 3 0 9594 3 0.007883548736572266
decode: 3 0 9597 3 0.007909774780273438
decode: 3 0 9600 3 0.0078887939453125
decode: 3 0 9603 3 0.007894754409790039
decode: 3 0 9606 3 0.00787353515625
decode: 3 0 9609 3 0.007941246032714844
decode: 3 0 9612 3 0.007914304733276367
decode: 3 0 9615 3 0.007920980453491211
decode: 3 0 9618 3 0.007897377014160156
decode: 3 0 9621 3 0.007921934127807617
decode: 3 0 9624 3 0.007907629013061523
decode: 3 0 9627 3 0.007922649383544922
decode: 3 0 9630 3 0.007871150970458984
decode: 3 0 9633 3 0.007895231246948242
decode: 3 0 9636 3 0.007883548736572266
decode: 3 0 9639 3 0.007890462875366211
decode: 3 0 9642 3 0.007895469665527344
decode: 3 0 9645 3 0.007892370223999023
decode: 3 0 9648 3 0.007881641387939453
decode: 3 0 9651 3 0.00793313980102539
decode: 3 0 9654 3 0.007912158966064453
decode: 3 0 9657 3 0.007896900177001953
decode: 3 0 9660 3 0.00794363021850586
decode: 3 0 9663 3 0.007928609848022461
decode: 3 0 9666 3 0.007925033569335938
decode: 3 0 9669 3 0.007924795150756836
decode: 3 0 9672 3 0.007929801940917969
decode: 3 0 9675 3 0.007911920547485352
decode: 3 0 9678 3 0.007920265197753906
decode: 3 0 9681 3 0.007831096649169922
decode: 3 0 9684 3 0.007889509201049805
decode: 3 0 9687 3 0.007880449295043945
decode: 3 0 9690 3 0.007957935333251953
decode: 3 0 9693 3 0.007940292358398438
decode: 3 0 9696 3 0.007948160171508789
decode: 3 0 9699 3 0.007931947708129883
decode: 3 0 9702 3 0.007951498031616211
decode: 3 0 9705 3 0.00794076919555664
decode: 3 0 9708 3 0.007947206497192383
decode: 3 0 9711 3 0.007903337478637695
decode: 3 0 9714 3 0.007942676544189453
decode: 3 0 9717 3 0.007944345474243164
decode: 3 0 9720 3 0.007915496826171875
decode: 3 0 9723 3 0.007925271987915039
decode: 3 0 9726 3 0.00786733627319336
decode: 3 0 9729 3 0.007958173751831055
decode: 2 0 5424 2 0.00786590576171875
decode: 2 0 5426 2 0.007668972015380859
decode: 2 0 5428 2 0.007659912109375
decode: 2 0 5430 2 0.007658243179321289
decode: 2 0 5432 2 0.007643699645996094
decode: 2 0 5434 2 0.007653236389160156
decode: 2 0 5436 2 0.007645130157470703
decode: 2 0 5438 2 0.0076427459716796875
decode: 2 0 5440 2 0.00761866569519043
decode: 2 0 5442 2 0.007622241973876953
decode: 2 0 5444 2 0.007604122161865234
decode: 2 0 5446 2 0.007622718811035156
decode: 2 0 5448 2 0.007611751556396484
decode: 2 0 5450 2 0.007613182067871094
decode: 2 0 5452 2 0.0076274871826171875
decode: 2 0 5454 2 0.007598876953125
decode: 2 0 5456 2 0.007627010345458984
decode: 2 0 5458 2 0.007621288299560547
decode: 2 0 5460 2 0.007618427276611328
decode: 2 0 5462 2 0.0076007843017578125
decode: 2 0 5464 2 0.007618904113769531
decode: 2 0 5466 2 0.007590770721435547
decode: 2 0 5468 2 0.007583141326904297
decode: 2 0 5470 2 0.007613182067871094
decode: 2 0 5472 2 0.00759434700012207
decode: 2 0 5474 2 0.007579326629638672
decode: 2 0 5476 2 0.007621288299560547
decode: 2 0 5478 2 0.007595062255859375
decode: 2 0 5480 2 0.007618427276611328
decode: 2 0 5482 2 0.007597684860229492
decode: 2 0 5484 2 0.00760197639465332
decode: 2 0 5486 2 0.007624149322509766
decode: 2 0 5488 2 0.007596015930175781
decode: 2 0 5490 2 0.0075969696044921875
decode: 2 0 5492 2 0.00759124755859375
decode: 2 0 5494 2 0.007594108581542969
decode: 2 0 5496 2 0.007584810256958008
decode: 2 0 5498 2 0.0076045989990234375
decode: 2 0 5500 2 0.007599592208862305
decode: 2 0 5502 2 0.0076029300689697266
decode: 2 0 5504 2 0.007611989974975586
decode: 2 0 5506 2 0.007603645324707031
decode: 2 0 5508 2 0.007599353790283203
decode: 2 0 5510 2 0.007586479187011719
decode: 2 0 5512 2 0.007614850997924805
decode: 2 0 5514 2 0.007902860641479492
decode: 2 0 5516 2 0.0076100826263427734
decode: 2 0 5518 2 0.007635831832885742
decode: 2 0 5520 2 0.007646799087524414
decode: 2 0 5522 2 0.007625102996826172
decode: 2 0 5524 2 0.007602691650390625
decode: 2 0 5526 2 0.007603645324707031
decode: 2 0 5528 2 0.007602214813232422
decode: 2 0 5530 2 0.007626771926879883
decode: 2 0 5532 2 0.007642030715942383
decode: 2 0 5534 2 0.007595062255859375
decode: 2 0 5536 2 0.007569313049316406
decode: 2 0 5538 2 0.007577180862426758
decode: 2 0 5540 2 0.007587909698486328
decode: 2 0 5542 2 0.00759124755859375
decode: 2 0 5544 2 0.007592678070068359
decode: 2 0 5546 2 0.00762176513671875
decode: 2 0 5548 2 0.00764012336730957
decode: 2 0 5550 2 0.007605791091918945
decode: 2 0 5552 2 0.0076253414154052734
decode: 2 0 5554 2 0.007608652114868164
decode: 2 0 5556 2 0.0076122283935546875
decode: 2 0 5558 2 0.00762486457824707
decode: 2 0 5560 2 0.007627964019775391
decode: 2 0 5562 2 0.0076062679290771484
decode: 2 0 5564 2 0.007586956024169922
decode: 2 0 5566 2 0.0075626373291015625
decode: 2 0 5568 2 0.0075969696044921875
decode: 2 0 5570 2 0.007597923278808594
decode: 2 0 5572 2 0.007555246353149414
decode: 2 0 5574 2 0.007646799087524414
decode: 2 0 5576 2 0.007676601409912109
decode: 2 0 5578 2 0.007664918899536133
decode: 2 0 5580 2 0.007672309875488281
decode: 2 0 5582 2 0.00763249397277832
decode: 2 0 5584 2 0.007487297058105469
decode: 2 0 5586 2 0.0075991153717041016
decode: 2 0 5588 2 0.007576704025268555
decode: 2 0 5590 2 0.007611274719238281
decode: 2 0 5592 2 0.007609844207763672
decode: 2 0 5594 2 0.007600307464599609
decode: 2 0 5596 2 0.007606983184814453
decode: 2 0 5598 2 0.007607698440551758
decode: 2 0 5600 2 0.007592439651489258
decode: 2 0 5602 2 0.00760650634765625
decode: 2 0 5604 2 0.0075795650482177734
decode: 2 0 5606 2 0.007597208023071289
decode: 2 0 5608 2 0.007592439651489258
decode: 2 0 5610 2 0.0076045989990234375
decode: 2 0 5612 2 0.0075914859771728516
decode: 2 0 5614 2 0.00758671760559082
decode: 2 0 5616 2 0.00760340690612793
decode: 2 0 5618 2 0.007613182067871094
decode: 2 0 5620 2 0.0075893402099609375
decode: 2 0 5622 2 0.007598400115966797
decode: 2 0 5624 2 0.007576465606689453
decode: 2 0 5626 2 0.007567405700683594
decode: 2 0 5628 2 0.007568836212158203
decode: 2 0 5630 2 0.0075778961181640625
decode: 2 0 5632 2 0.007616281509399414
decode: 2 0 5634 2 0.00761103630065918
decode: 2 0 5636 2 0.00757598876953125
decode: 2 0 5638 2 0.00759434700012207
decode: 2 0 5640 2 0.0076389312744140625
decode: 2 0 5642 2 0.0076177120208740234
decode: 2 0 5644 2 0.0076334476470947266
decode: 2 0 5646 2 0.0076313018798828125
decode: 2 0 5648 2 0.0076122283935546875
decode: 2 0 5650 2 0.007626056671142578
decode: 2 0 5652 2 0.007586479187011719
decode: 2 0 5654 2 0.007623910903930664
decode: 2 0 5656 2 0.0076656341552734375
decode: 2 0 5658 2 0.007673025131225586
decode: 2 0 5660 2 0.007659912109375
decode: 2 0 5662 2 0.007626056671142578
decode: 2 0 5664 2 0.007627010345458984
decode: 1 0 2770 1 0.007576942443847656
decode: 1 0 2771 1 0.007368564605712891
decode: 1 0 2772 1 0.007340669631958008
decode: 1 0 2773 1 0.0073528289794921875
decode: 1 0 2774 1 0.007369518280029297
decode: 1 0 2775 1 0.007360935211181641
decode: 1 0 2776 1 0.00730133056640625
decode: 1 0 2777 1 0.007287502288818359
decode: 1 0 2778 1 0.007284879684448242
decode: 1 0 2779 1 0.00726008415222168
decode: 1 0 2780 1 0.007264137268066406
decode: 1 0 2781 1 0.00726008415222168
decode: 1 0 2782 1 0.007273674011230469
decode: 1 0 2783 1 0.0072879791259765625
decode: 1 0 2784 1 0.007284879684448242
decode: 1 0 2785 1 0.0072748661041259766
decode: 1 0 2786 1 0.007299184799194336
decode: 1 0 2787 1 0.0072705745697021484
decode: 1 0 2788 1 0.007253408432006836
decode: 1 0 2789 1 0.007247447967529297
decode: 1 0 2790 1 0.007287263870239258
decode: 1 0 2791 1 0.007249593734741211
decode: 1 0 2792 1 0.007260322570800781
decode: 1 0 2793 1 0.0072650909423828125
decode: 1 0 2794 1 0.007273435592651367
decode: 1 0 2795 1 0.007250785827636719
decode: 1 0 2796 1 0.007247447967529297
decode: 1 0 2797 1 0.007231712341308594
decode: 1 0 2798 1 0.0072574615478515625
decode: 1 0 2799 1 0.007259845733642578
decode: 1 0 2800 1 0.00725245475769043
decode: 1 0 2801 1 0.007266044616699219
decode: 1 0 2802 1 0.007261991500854492
decode: 1 0 2803 1 0.0072193145751953125
decode: 1 0 2804 1 0.007261753082275391
decode: 1 0 2805 1 0.007249355316162109
decode: 1 0 2806 1 0.007256507873535156
decode: 1 0 2807 1 0.007256507873535156
decode: 1 0 2808 1 0.00726008415222168
decode: 1 0 2809 1 0.007275819778442383
decode: 1 0 2810 1 0.007259845733642578
decode: 1 0 2811 1 0.007239818572998047
decode: 1 0 2812 1 0.00726318359375
decode: 1 0 2813 1 0.0072612762451171875
decode: 1 0 2814 1 0.007252216339111328
decode: 1 0 2815 1 0.00727081298828125
decode: 1 0 2816 1 0.00726318359375
decode: 1 0 2817 1 0.007285118103027344
decode: 1 0 2818 1 0.007272481918334961
decode: 1 0 2819 1 0.007251262664794922
decode: 1 0 2820 1 0.007254600524902344
decode: 1 0 2821 1 0.007258415222167969
decode: 1 0 2822 1 0.007267475128173828
decode: 1 0 2823 1 0.0072443485260009766
decode: 1 0 2824 1 0.0072557926177978516
decode: 1 0 2825 1 0.007265567779541016
decode: 1 0 2826 1 0.0072727203369140625
decode: 1 0 2827 1 0.0072574615478515625
decode: 1 0 2828 1 0.007267951965332031
decode: 1 0 2829 1 0.0072743892669677734
decode: 1 0 2830 1 0.007252931594848633
decode: 1 0 2831 1 0.007237434387207031
decode: 1 0 2832 1 0.007246732711791992
decode: 1 0 2833 1 0.007243156433105469
decode: 1 0 2834 1 0.007293224334716797
decode: 1 0 2835 1 0.0072553157806396484
decode: 1 0 2836 1 0.0072634220123291016
decode: 1 0 2837 1 0.007294178009033203
decode: 1 0 2838 1 0.007288217544555664
decode: 1 0 2839 1 0.00726628303527832
decode: 1 0 2840 1 0.007277488708496094
decode: 1 0 2841 1 0.007265806198120117
decode: 1 0 2842 1 0.0072667598724365234
decode: 1 0 2843 1 0.007241725921630859
decode: 1 0 2844 1 0.007282257080078125
decode: 1 0 2845 1 0.0072782039642333984
decode: 1 0 2846 1 0.007283210754394531
decode: 1 0 2847 1 0.007281303405761719
decode: 1 0 2848 1 0.007328510284423828
decode: 1 0 2849 1 0.007305145263671875
decode: 1 0 2850 1 0.007275581359863281
decode: 1 0 2851 1 0.007273435592651367
decode: 1 0 2852 1 0.007280588150024414
decode: 1 0 2853 1 0.0072727203369140625
decode: 1 0 2854 1 0.007307529449462891
decode: 1 0 2855 1 0.0073201656341552734
decode: 1 0 2856 1 0.007327079772949219
decode: 1 0 2857 1 0.007279634475708008
decode: 1 0 2858 1 0.00730443000793457
decode: 1 0 2859 1 0.007306814193725586
decode: 1 0 2860 1 0.007354021072387695
decode: 1 0 2861 1 0.007311820983886719
decode: 1 0 2862 1 0.007302045822143555
decode: 1 0 2863 1 0.007285356521606445
decode: 1 0 2864 1 0.007284879684448242
decode: 1 0 2865 1 0.007299184799194336
decode: 1 0 2866 1 0.0073277950286865234
decode: 1 0 2867 1 0.007294416427612305
decode: 1 0 2868 1 0.007295131683349609
decode: 1 0 2869 1 0.007288932800292969
decode: 1 0 2870 1 0.007314920425415039
decode: 1 0 2871 1 0.0072841644287109375
decode: 1 0 2872 1 0.0073163509368896484
decode: 1 0 2873 1 0.007322549819946289
decode: 1 0 2874 1 0.0073239803314208984
decode: 1 0 2875 1 0.0072858333587646484
decode: 1 0 2876 1 0.007294654846191406
decode: 1 0 2877 1 0.007317066192626953
decode: 1 0 2878 1 0.007294654846191406
decode: 1 0 2879 1 0.007272958755493164
decode: 1 0 2880 1 0.007310628890991211
decode: 1 0 2881 1 0.007303476333618164
decode: 1 0 2882 1 0.007319450378417969
decode: 1 0 2883 1 0.007270336151123047
decode: 1 0 2884 1 0.007298946380615234
decode: 1 0 2885 1 0.007308244705200195
decode: 1 0 2886 1 0.007298707962036133
decode: 1 0 2887 1 0.00729060173034668
decode: 1 0 2888 1 0.007301807403564453
decode: 1 0 2889 1 0.007294654846191406
decode: 1 0 2890 1 0.007268428802490234
decode: 1 0 2891 1 0.007265806198120117
decode: 1 0 2892 1 0.007300853729248047
decode: 1 0 2893 1 0.007285118103027344
decode: 1 0 2894 1 0.0073087215423583984
decode: 1 0 2895 1 0.007300853729248047
decode: 1 0 2896 1 0.007327556610107422
decode: 1 0 2897 1 0.007317304611206055
decode: 1 0 2898 1 0.007310152053833008
decode: 1 0 2899 1 0.007292985916137695
decode: 1 0 2900 1 0.007315158843994141
decode: 1 0 2901 1 0.007322549819946289
decode: 1 0 2902 1 0.007309913635253906
decode: 1 0 2903 1 0.007334709167480469
decode: 1 0 2904 1 0.00732874870300293
decode: 1 0 2905 1 0.007332324981689453
decode: 1 0 2906 1 0.0073299407958984375
decode: 1 0 2907 1 0.007272005081176758
decode: 1 0 2908 1 0.007324695587158203
decode: 1 0 2909 1 0.0073163509368896484
decode: 1 0 2910 1 0.007306814193725586
decode: 1 0 2911 1 0.00730443000793457
decode: 1 0 2912 1 0.007312297821044922
decode: 1 0 2913 1 0.0072977542877197266
decode: 1 0 2914 1 0.007314920425415039
decode: 1 0 2915 1 0.00729823112487793
decode: 1 0 2916 1 0.007326364517211914
decode: 1 0 2917 1 0.007324695587158203
decode: 1 0 2918 1 0.007313728332519531
decode: 1 0 2919 1 0.0073206424713134766
decode: 1 0 2920 1 0.007307767868041992
decode: 1 0 2921 1 0.0073544979095458984
decode: 1 0 2922 1 0.007339000701904297
decode: 1 0 2923 1 0.007287502288818359
decode: 1 0 2924 1 0.007344484329223633
decode: 1 0 2925 1 0.007305622100830078
decode: 1 0 2926 1 0.007338047027587891
decode: 1 0 2927 1 0.007338285446166992
decode: 1 0 2928 1 0.00732731819152832
decode: 1 0 2929 1 0.007323265075683594
decode: 1 0 2930 1 0.007333040237426758
decode: 1 0 2931 1 0.0073359012603759766
decode: 1 0 2932 1 0.007340431213378906
decode: 1 0 2933 1 0.007288694381713867
decode: 1 0 2934 1 0.007290840148925781
decode: 1 0 2935 1 0.007313728332519531
decode: 1 0 2936 1 0.007309913635253906
decode: 1 0 2937 1 0.0072917938232421875
decode: 1 0 2938 1 0.007290840148925781
decode: 1 0 2939 1 0.007298469543457031
decode: 1 0 2940 1 0.007322549819946289
decode: 1 0 2941 1 0.007314205169677734
decode: 1 0 2942 1 0.007332324981689453
decode: 1 0 2943 1 0.007319211959838867
decode: 1 0 2944 1 0.007302761077880859
decode: 1 0 2945 1 0.00730586051940918
decode: 1 0 2946 1 0.007297515869140625
decode: 1 0 2947 1 0.007295131683349609
decode: 1 0 2948 1 0.0072743892669677734
decode: 1 0 2949 1 0.007287263870239258
decode: 1 0 2950 1 0.007277011871337891
decode: 1 0 2951 1 0.007254600524902344
decode: 1 0 2952 1 0.007283449172973633
decode: 1 0 2953 1 0.007287025451660156
decode: 1 0 2954 1 0.0072634220123291016
decode: 1 0 2955 1 0.0072786808013916016
decode: 1 0 2956 1 0.0072784423828125
decode: 1 0 2957 1 0.0072634220123291016
decode: 1 0 2958 1 0.0072879791259765625
decode: 1 0 2959 1 0.007253170013427734
decode: 1 0 2960 1 0.007248401641845703
decode: 1 0 2961 1 0.0072820186614990234
decode: 1 0 2962 1 0.007266998291015625
decode: 1 0 2963 1 0.0072057247161865234
decode: 1 0 2964 1 0.007310628890991211
decode: 1 0 2965 1 0.0072557926177978516
decode: 1 0 2966 1 0.007270336151123047
decode: 1 0 2967 1 0.007269382476806641
decode: 1 0 2968 1 0.007287502288818359
decode: 1 0 2969 1 0.0072536468505859375
decode: 1 0 2970 1 0.00726318359375
decode: 1 0 2971 1 0.007248401641845703
decode: 1 0 2972 1 0.007282257080078125
decode: 1 0 2973 1 0.00725102424621582
decode: 1 0 2974 1 0.007268667221069336
decode: 1 0 2975 1 0.007251262664794922
decode: 1 0 2976 1 0.007277011871337891
decode: 1 0 2977 1 0.007253170013427734
decode: 1 0 2978 1 0.007263898849487305
decode: 1 0 2979 1 0.007272481918334961
decode: 1 0 2980 1 0.007275819778442383
decode: 1 0 2981 1 0.007250785827636719
decode: 1 0 2982 1 0.0072612762451171875
decode: 1 0 2983 1 0.007266521453857422
decode: 1 0 2984 1 0.007292509078979492
decode: 1 0 2985 1 0.0072672367095947266
decode: 1 0 2986 1 0.0072536468505859375
decode: 1 0 2987 1 0.007281303405761719
decode: 1 0 2988 1 0.007290363311767578
decode: 1 0 2989 1 0.007254123687744141
decode: 1 0 2990 1 0.007262706756591797
decode: 1 0 2991 1 0.007279872894287109
decode: 1 0 2992 1 0.0072710514068603516
decode: 1 0 2993 1 0.007285118103027344
decode: 1 0 2994 1 0.007281064987182617
decode: 1 0 2995 1 0.00724482536315918
decode: 1 0 2996 1 0.007282257080078125
decode: 1 0 2997 1 0.0072765350341796875
decode: 1 0 2998 1 0.0072824954986572266
decode: 1 0 2999 1 0.007260560989379883
decode: 1 0 3000 1 0.00728154182434082
decode: 1 0 3001 1 0.007252216339111328
decode: 1 0 3002 1 0.007251262664794922
decode: 1 0 3003 1 0.007256507873535156
decode: 1 0 3004 1 0.00726628303527832
decode: 1 0 3005 1 0.007255077362060547
decode: 1 0 3006 1 0.007287025451660156
decode: 1 0 3007 1 0.0072743892669677734
decode: 1 0 3008 1 0.0072765350341796875
decode: 1 0 3009 1 0.00725245475769043
decode: 1 0 3010 1 0.007260322570800781
decode: 1 0 3011 1 0.0072667598724365234
decode: 1 0 3012 1 0.007262468338012695
decode: 1 0 3013 1 0.007237672805786133
decode: 1 0 3014 1 0.0072705745697021484
decode: 1 0 3015 1 0.007272958755493164
decode: 1 0 3016 1 0.007278919219970703
decode: 1 0 3017 1 0.007263660430908203
decode: 1 0 3018 1 0.007253885269165039
decode: 1 0 3019 1 0.007271289825439453
decode: 1 0 3020 1 0.007268428802490234
decode: 1 0 3021 1 0.007260322570800781
decode: 1 0 3022 1 0.007265329360961914
decode: 1 0 3023 1 0.007283687591552734
decode: 1 0 3024 1 0.007267951965332031
decode: 1 0 3025 1 0.007241725921630859
decode: 1 0 3026 1 0.007295131683349609
decode: 1 0 3027 1 0.007277488708496094
decode: 1 0 3028 1 0.007261514663696289
decode: 1 0 3029 1 0.007282733917236328
decode: 1 0 3030 1 0.007267475128173828
decode: 1 0 3031 1 0.007254123687744141
decode: 1 0 3032 1 0.007269620895385742
decode: 1 0 3033 1 0.007266998291015625
decode: 1 0 3034 1 0.007293224334716797
decode: 1 0 3035 1 0.00725102424621582
decode: 1 0 3036 1 0.007281780242919922
decode: 1 0 3037 1 0.007278919219970703
decode: 1 0 3038 1 0.007261037826538086
decode: 1 0 3039 1 0.007268667221069336
decode: 1 0 3040 1 0.0072400569915771484
decode: 1 0 3041 1 0.007272481918334961
decode: 1 0 3042 1 0.007277965545654297
decode: 1 0 3043 1 0.007251739501953125
decode: 1 0 3044 1 0.007284879684448242
decode: 1 0 3045 1 0.0072705745697021484
decode: 1 0 3046 1 0.00727081298828125
decode: 1 0 3047 1 0.00729823112487793
decode: 1 0 3048 1 0.0072705745697021484
decode: 1 0 3049 1 0.0072820186614990234
decode: 1 0 3050 1 0.0072917938232421875
decode: 1 0 3051 1 0.007266521453857422
decode: 1 0 3052 1 0.00729060173034668
decode: 1 0 3053 1 0.007260560989379883
decode: 1 0 3054 1 0.00726628303527832
decode: 1 0 3055 1 0.007285356521606445
decode: 1 0 3056 1 0.00727534294128418
decode: 1 0 3057 1 0.007262468338012695
decode: 1 0 3058 1 0.007289886474609375
decode: 1 0 3059 1 0.007274627685546875
decode: 1 0 3060 1 0.007250785827636719
decode: 1 0 3061 1 0.007287502288818359
decode: 1 0 3062 1 0.007270336151123047
decode: 1 0 3063 1 0.007243156433105469
decode: 1 0 3064 1 0.007268428802490234
decode: 1 0 3065 1 0.007265567779541016
decode: 1 0 3066 1 0.0072705745697021484
decode: 1 0 3067 1 0.007265806198120117
decode: 1 0 3068 1 0.007270097732543945
decode: 1 0 3069 1 0.007269859313964844
decode: 1 0 3070 1 0.0072672367095947266
decode: 1 0 3071 1 0.0072748661041259766
decode: 1 0 3072 1 0.007274150848388672
decode: 1 0 3073 1 0.007278919219970703
decode: 1 0 3074 1 0.0072591304779052734
decode: 1 0 3075 1 0.0072765350341796875
decode: 1 0 3076 1 0.007293701171875
decode: 1 0 3077 1 0.007266044616699219
decode: 1 0 3078 1 0.007262229919433594
decode: 1 0 3079 1 0.007293224334716797
decode: 1 0 3080 1 0.00728917121887207
decode: 1 0 3081 1 0.007258176803588867
decode: 1 0 3082 1 0.007299184799194336
decode: 1 0 3083 1 0.007246732711791992
decode: 1 0 3084 1 0.007266521453857422
decode: 1 0 3085 1 0.007288455963134766
decode: 1 0 3086 1 0.007289409637451172
decode: 1 0 3087 1 0.007252931594848633
decode: 1 0 3088 1 0.007289409637451172
decode: 1 0 3089 1 0.007270097732543945
decode: 1 0 3090 1 0.007281303405761719
decode: 1 0 3091 1 0.0072896480560302734
decode: 1 0 3092 1 0.007307291030883789
decode: 1 0 3093 1 0.007275581359863281
decode: 1 0 3094 1 0.007264137268066406
decode: 1 0 3095 1 0.00727534294128418
decode: 1 0 3096 1 0.007271289825439453
decode: 1 0 3097 1 0.007277488708496094
decode: 1 0 3098 1 0.007282257080078125
decode: 1 0 3099 1 0.007277488708496094
decode: 1 0 3100 1 0.007277727127075195
decode: 1 0 3101 1 0.007284641265869141
decode: 1 0 3102 1 0.007277965545654297
decode: 1 0 3103 1 0.007270097732543945
decode: 1 0 3104 1 0.007280588150024414
decode: 1 0 3105 1 0.0072977542877197266
decode: 1 0 3106 1 0.007281780242919922
decode: 1 0 3107 1 0.007271528244018555
decode: 1 0 3108 1 0.007297515869140625
decode: 1 0 3109 1 0.007279634475708008
decode: 1 0 3110 1 0.0072896480560302734
decode: 1 0 3111 1 0.007282733917236328
decode: 1 0 3112 1 0.007296085357666016
decode: 1 0 3113 1 0.007299184799194336
decode: 1 0 3114 1 0.007311582565307617
decode: 1 0 3115 1 0.0072863101959228516
decode: 1 0 3116 1 0.007303476333618164
decode: 1 0 3117 1 0.007279634475708008
decode: 1 0 3118 1 0.007304191589355469
decode: 1 0 3119 1 0.0072896480560302734
decode: 1 0 3120 1 0.007288217544555664
decode: 1 0 3121 1 0.007299661636352539
decode: 1 0 3122 1 0.007318258285522461
decode: 1 0 3123 1 0.00727081298828125
decode: 1 0 3124 1 0.007289886474609375
decode: 1 0 3125 1 0.007316112518310547
decode: 1 0 3126 1 0.0073277950286865234
decode: 1 0 3127 1 0.0073244571685791016
decode: 1 0 3128 1 0.007339954376220703
decode: 1 0 3129 1 0.007326602935791016
decode: 1 0 3130 1 0.0073392391204833984
decode: 1 0 3131 1 0.007315635681152344
decode: 1 0 3132 1 0.007308006286621094
decode: 1 0 3133 1 0.007280588150024414
decode: 1 0 3134 1 0.007292509078979492
decode: 1 0 3135 1 0.00729680061340332
decode: 1 0 3136 1 0.007298946380615234
decode: 1 0 3137 1 0.0072879791259765625
decode: 1 0 3138 1 0.0072901248931884766
decode: 1 0 3139 1 0.0072727203369140625
decode: 1 0 3140 1 0.007305622100830078
decode: 1 0 3141 1 0.007279396057128906
decode: 1 0 3142 1 0.007286548614501953
decode: 1 0 3143 1 0.007302999496459961
decode: 1 0 3144 1 0.007311582565307617
decode: 1 0 3145 1 0.007266521453857422
decode: 1 0 3146 1 0.0072917938232421875
decode: 1 0 3147 1 0.007304191589355469
decode: 1 0 3148 1 0.007289409637451172
decode: 1 0 3149 1 0.007279396057128906
decode: 1 0 3150 1 0.007317781448364258
decode: 1 0 3151 1 0.007283926010131836
decode: 1 0 3152 1 0.007289409637451172
decode: 1 0 3153 1 0.007263898849487305
decode: 1 0 3154 1 0.007292032241821289
decode: 1 0 3155 1 0.00728297233581543
decode: 1 0 3156 1 0.0072939395904541016
decode: 1 0 3157 1 0.0072710514068603516
decode: 1 0 3158 1 0.0072939395904541016
decode: 1 0 3159 1 0.007288455963134766
decode: 1 0 3160 1 0.0072841644287109375
decode: 1 0 3161 1 0.0072612762451171875
decode: 1 0 3162 1 0.007274150848388672
decode: 1 0 3163 1 0.007235050201416016
decode: 1 0 3164 1 0.007280111312866211
decode: 1 0 3165 1 0.0072879791259765625
decode: 1 0 3166 1 0.007294178009033203
decode: 1 0 3167 1 0.007271766662597656
decode: 1 0 3168 1 0.007271528244018555
decode: 1 0 3169 1 0.0072803497314453125
decode: 1 0 3170 1 0.0072934627532958984
decode: 1 0 3171 1 0.007274627685546875
decode: 1 0 3172 1 0.007285594940185547
decode: 1 0 3173 1 0.007310628890991211
decode: 1 0 3174 1 0.00728297233581543
decode: 1 0 3175 1 0.00726318359375
decode: 1 0 3176 1 0.007297515869140625
decode: 1 0 3177 1 0.007280588150024414
decode: 1 0 3178 1 0.0072896480560302734
decode: 1 0 3179 1 0.007304191589355469
decode: 1 0 3180 1 0.007327556610107422
decode: 1 0 3181 1 0.007356166839599609
decode: 1 0 3182 1 0.0072743892669677734
decode: 1 0 3183 1 0.007229328155517578
decode: 1 0 3184 1 0.0072133541107177734
decode: 1 0 3185 1 0.0072138309478759766
decode: 1 0 3186 1 0.0072116851806640625
decode: 1 0 3187 1 0.007214546203613281
decode: 1 0 3188 1 0.007205009460449219
decode: 1 0 3189 1 0.007202625274658203
decode: 1 0 3190 1 0.007199525833129883
decode: 1 0 3191 1 0.007214069366455078
decode: 1 0 3192 1 0.007200479507446289
decode: 1 0 3193 1 0.007180452346801758
decode: 1 0 3194 1 0.0072040557861328125
decode: 1 0 3195 1 0.007195711135864258
decode: 1 0 3196 1 0.007206439971923828
decode: 1 0 3197 1 0.00720524787902832
decode: 1 0 3198 1 0.007216215133666992
decode: 1 0 3199 1 0.007204771041870117
decode: 1 0 3200 1 0.007201194763183594
decode: 1 0 3201 1 0.007194995880126953
decode: 1 0 3202 1 0.0072214603424072266
decode: 1 0 3203 1 0.0072062015533447266
decode: 1 0 3204 1 0.007215976715087891
decode: 1 0 3205 1 0.007189273834228516
