extend: 0 1 0 1062 0.3322014808654785
extend: 0 4 0 8192 0.25211501121520996
extend: 0 4 2866 8192 0.22253942489624023
extend: 0 6 3557 8192 0.20032548904418945
extend: 0 4 683 8192 0.20091676712036133
extend: 0 4 1876 8192 0.22188067436218262
extend: 0 4 110 8192 0.2086491584777832
extend: 0 3 2988 4449 0.11996841430664062
decode: 24 0 54687 24 0.11021828651428223
decode: 24 0 54711 24 0.010219812393188477
decode: 24 0 54735 24 0.010141849517822266
decode: 24 0 54759 24 0.010106325149536133
decode: 24 0 54783 24 0.010155916213989258
decode: 24 0 54807 24 0.010092735290527344
decode: 24 0 54831 24 0.010108709335327148
decode: 24 0 54855 24 0.010109663009643555
decode: 24 0 54879 24 0.01009678840637207
decode: 24 0 54903 24 0.010109663009643555
decode: 24 0 54927 24 0.010133028030395508
decode: 24 0 54951 24 0.01018071174621582
decode: 24 0 54975 24 0.010237455368041992
decode: 24 0 54999 24 0.010201454162597656
decode: 24 0 55023 24 0.01021432876586914
decode: 24 0 55047 24 0.010248899459838867
decode: 24 0 55071 24 0.010273218154907227
decode: 24 0 55095 24 0.010191202163696289
decode: 24 0 55119 24 0.010163545608520508
decode: 24 0 55143 24 0.010212182998657227
decode: 24 0 55167 24 0.010221719741821289
decode: 24 0 55191 24 0.01015782356262207
decode: 24 0 55215 24 0.010145425796508789
decode: 24 0 55239 24 0.010243415832519531
decode: 24 0 55263 24 0.010129690170288086
decode: 24 0 55287 24 0.010120868682861328
decode: 24 0 55311 24 0.010069608688354492
decode: 24 0 55335 24 0.010079145431518555
decode: 24 0 55359 24 0.010050773620605469
decode: 24 0 55383 24 0.010041952133178711
decode: 24 0 55407 24 0.010176658630371094
decode: 24 0 55431 24 0.010071516036987305
decode: 24 0 55455 24 0.010102510452270508
decode: 24 0 55479 24 0.010080575942993164
decode: 24 0 55503 24 0.010062217712402344
decode: 24 0 55527 24 0.010079383850097656
decode: 24 0 55551 24 0.010132074356079102
decode: 24 0 55575 24 0.010097980499267578
decode: 24 0 55599 24 0.01007533073425293
decode: 24 0 55623 24 0.010143518447875977
decode: 24 0 55647 24 0.010135412216186523
decode: 24 0 55671 24 0.010119199752807617
decode: 24 0 55695 24 0.010114669799804688
decode: 24 0 55719 24 0.010149478912353516
decode: 24 0 55743 24 0.010142803192138672
decode: 24 0 55767 24 0.010161638259887695
decode: 24 0 55791 24 0.010197162628173828
decode: 24 0 55815 24 0.010176658630371094
decode: 24 0 55839 24 0.010278940200805664
decode: 24 0 55863 24 0.010155677795410156
decode: 24 0 55887 24 0.010125875473022461
decode: 24 0 55911 24 0.010125398635864258
decode: 24 0 55935 24 0.010156869888305664
decode: 24 0 55959 24 0.010222196578979492
decode: 24 0 55983 24 0.010212898254394531
decode: 24 0 56007 24 0.01022648811340332
decode: 24 0 56031 24 0.010237693786621094
decode: 24 0 56055 24 0.010285139083862305
decode: 24 0 56079 24 0.010272741317749023
decode: 24 0 56103 24 0.010292291641235352
decode: 24 0 56127 24 0.01031184196472168
decode: 24 0 56151 24 0.010373115539550781
decode: 24 0 56175 24 0.01038503646850586
decode: 24 0 56199 24 0.010429620742797852
decode: 24 0 56223 24 0.010264158248901367
decode: 24 0 56247 24 0.010228872299194336
decode: 24 0 56271 24 0.010284900665283203
decode: 24 0 56295 24 0.010198354721069336
decode: 24 0 56319 24 0.010227441787719727
decode: 24 0 56343 24 0.010218620300292969
decode: 24 0 56367 24 0.010213136672973633
decode: 24 0 56391 24 0.010187149047851562
decode: 24 0 56415 24 0.01015329360961914
decode: 24 0 56439 24 0.010149955749511719
decode: 24 0 56463 24 0.010133028030395508
decode: 24 0 56487 24 0.010216236114501953
decode: 24 0 56511 24 0.010228633880615234
extend: 0 4 0 11646 0.7473948001861572
decode: 28 0 68185 28 0.01220083236694336
decode: 28 0 68213 28 0.011919736862182617
decode: 28 0 68241 28 0.011383056640625
decode: 28 0 68269 28 0.011301755905151367
decode: 28 0 68297 28 0.011356830596923828
decode: 28 0 68325 28 0.011330127716064453
decode: 28 0 68353 28 0.011198282241821289
decode: 28 0 68381 28 0.010955095291137695
decode: 28 0 68409 28 0.010925054550170898
decode: 28 0 68437 28 0.011063098907470703
decode: 28 0 68465 28 0.010935544967651367
decode: 28 0 68493 28 0.010930538177490234
decode: 28 0 68521 28 0.010931253433227539
decode: 28 0 68549 28 0.011001110076904297
decode: 28 0 68577 28 0.011018514633178711
decode: 28 0 68605 28 0.011003732681274414
decode: 28 0 68633 28 0.01096487045288086
decode: 28 0 68661 28 0.011068582534790039
decode: 28 0 68689 28 0.010941028594970703
decode: 28 0 68717 28 0.010947704315185547
decode: 28 0 68745 28 0.010949850082397461
decode: 28 0 68773 28 0.010978221893310547
decode: 28 0 68801 28 0.010935544967651367
decode: 28 0 68829 28 0.010972738265991211
decode: 28 0 68857 28 0.011007308959960938
decode: 28 0 68885 28 0.010944366455078125
decode: 28 0 68913 28 0.010920047760009766
decode: 28 0 68941 28 0.010947465896606445
decode: 28 0 68969 28 0.010990142822265625
decode: 28 0 68997 28 0.010928869247436523
decode: 28 0 69025 28 0.010929107666015625
decode: 28 0 69053 28 0.010885477066040039
decode: 28 0 69081 28 0.010892868041992188
decode: 28 0 69109 28 0.010889291763305664
decode: 28 0 69137 28 0.010879755020141602
decode: 28 0 69165 28 0.010875463485717773
decode: 28 0 69193 28 0.01089167594909668
decode: 28 0 69221 28 0.01087045669555664
decode: 28 0 69249 28 0.010923624038696289
decode: 28 0 69277 28 0.010918617248535156
decode: 28 0 69305 28 0.01097726821899414
decode: 28 0 69333 28 0.010970354080200195
decode: 28 0 69361 28 0.010902166366577148
decode: 28 0 69389 28 0.010927915573120117
decode: 28 0 69417 28 0.010914802551269531
decode: 28 0 69445 28 0.010984182357788086
decode: 28 0 69473 28 0.010879039764404297
decode: 28 0 69501 28 0.010881900787353516
decode: 28 0 69529 28 0.010883569717407227
decode: 28 0 69557 28 0.010870218276977539
decode: 28 0 69585 28 0.0108642578125
decode: 28 0 69613 28 0.010898113250732422
decode: 28 0 69641 28 0.010886192321777344
decode: 28 0 69669 28 0.01089930534362793
decode: 28 0 69697 28 0.010894060134887695
decode: 28 0 69725 28 0.01089787483215332
decode: 27 0 65661 27 0.010809898376464844
decode: 27 0 65688 27 0.01080632209777832
decode: 27 0 65715 27 0.010819673538208008
decode: 27 0 65742 27 0.010806560516357422
decode: 27 0 65769 27 0.010798215866088867
decode: 27 0 65796 27 0.010885000228881836
decode: 27 0 65823 27 0.010853290557861328
decode: 27 0 65850 27 0.010857820510864258
decode: 27 0 65877 27 0.010788202285766602
decode: 27 0 65904 27 0.010772705078125
decode: 27 0 65931 27 0.010769844055175781
decode: 27 0 65958 27 0.010782718658447266
decode: 27 0 65985 27 0.010767936706542969
decode: 27 0 66012 27 0.010779380798339844
decode: 27 0 66039 27 0.010781526565551758
decode: 27 0 66066 27 0.010809898376464844
decode: 27 0 66093 27 0.010818004608154297
decode: 27 0 66120 27 0.01081395149230957
decode: 27 0 66147 27 0.010808229446411133
decode: 27 0 66174 27 0.010798454284667969
decode: 27 0 66201 27 0.010791540145874023
decode: 26 0 65407 26 0.010818004608154297
decode: 26 0 65433 26 0.010799646377563477
decode: 26 0 65459 26 0.010904788970947266
decode: 26 0 65485 26 0.010897636413574219
decode: 26 0 65511 26 0.010761499404907227
decode: 26 0 65537 26 0.01076817512512207
decode: 26 0 65563 26 0.010837078094482422
decode: 26 0 65589 26 0.01079869270324707
decode: 26 0 65615 26 0.010832786560058594
decode: 26 0 65641 26 0.010844707489013672
decode: 26 0 65667 26 0.010883092880249023
decode: 26 0 65693 26 0.010875940322875977
decode: 26 0 65719 26 0.01094508171081543
decode: 26 0 65745 26 0.010984420776367188
decode: 26 0 65771 26 0.010884284973144531
decode: 26 0 65797 26 0.010887384414672852
decode: 26 0 65823 26 0.011037826538085938
decode: 26 0 65849 26 0.01107025146484375
decode: 26 0 65875 26 0.011326074600219727
decode: 26 0 65901 26 0.011414527893066406
decode: 26 0 65927 26 0.011421680450439453
decode: 26 0 65953 26 0.011494636535644531
decode: 26 0 65979 26 0.011547565460205078
decode: 26 0 66005 26 0.01158285140991211
decode: 26 0 66031 26 0.011713504791259766
extend: 0 2 0 4237 0.10738515853881836
decode: 26 0 69419 26 0.012167692184448242
decode: 26 0 69445 26 0.011782407760620117
decode: 26 0 69471 26 0.011850118637084961
decode: 26 0 69497 26 0.011831283569335938
decode: 26 0 69523 26 0.011818170547485352
decode: 26 0 69549 26 0.011795759201049805
decode: 26 0 69575 26 0.011677026748657227
decode: 26 0 69601 26 0.01173710823059082
decode: 26 0 69627 26 0.011719703674316406
decode: 26 0 69653 26 0.011720657348632812
decode: 26 0 69679 26 0.01188802719116211
decode: 26 0 69705 26 0.011801958084106445
decode: 26 0 69731 26 0.011768817901611328
decode: 24 0 65492 24 0.01144862174987793
decode: 24 0 65516 24 0.011305809020996094
decode: 24 0 65540 24 0.011218070983886719
decode: 24 0 65564 24 0.011187314987182617
decode: 24 0 65588 24 0.011237382888793945
decode: 24 0 65612 24 0.011228561401367188
decode: 24 0 65636 24 0.011208534240722656
decode: 24 0 65660 24 0.01123499870300293
decode: 24 0 65684 24 0.01132512092590332
decode: 24 0 65708 24 0.011255025863647461
decode: 24 0 65732 24 0.011233091354370117
decode: 24 0 65756 24 0.011221885681152344
decode: 24 0 65780 24 0.011247634887695312
decode: 24 0 65804 24 0.011253833770751953
decode: 24 0 65828 24 0.011185884475708008
decode: 24 0 65852 24 0.011258363723754883
decode: 24 0 65876 24 0.011272192001342773
decode: 24 0 65900 24 0.011279582977294922
decode: 24 0 65924 24 0.011236906051635742
decode: 24 0 65948 24 0.011257648468017578
decode: 24 0 65972 24 0.011306524276733398
decode: 24 0 65996 24 0.011300325393676758
decode: 24 0 66020 24 0.01160287857055664
decode: 24 0 66044 24 0.011201620101928711
decode: 24 0 66068 24 0.01120448112487793
decode: 24 0 66092 24 0.01122593879699707
decode: 24 0 66116 24 0.011301040649414062
decode: 24 0 66140 24 0.011260986328125
decode: 24 0 66164 24 0.011229276657104492
decode: 24 0 66188 24 0.011175394058227539
decode: 24 0 66212 24 0.01123189926147461
decode: 24 0 66236 24 0.011243343353271484
decode: 24 0 66260 24 0.011184930801391602
decode: 24 0 66284 24 0.011174678802490234
decode: 24 0 66308 24 0.011170625686645508
decode: 24 0 66332 24 0.01117253303527832
decode: 24 0 66356 24 0.011159658432006836
decode: 24 0 66380 24 0.011310100555419922
decode: 24 0 66404 24 0.011189937591552734
decode: 24 0 66428 24 0.011257410049438477
decode: 24 0 66452 24 0.011259317398071289
decode: 24 0 66476 24 0.011256694793701172
decode: 24 0 66500 24 0.011272430419921875
decode: 24 0 66524 24 0.011228799819946289
decode: 24 0 66548 24 0.011233329772949219
decode: 24 0 66572 24 0.01126861572265625
decode: 24 0 66596 24 0.011198282241821289
decode: 24 0 66620 24 0.011206865310668945
decode: 24 0 66644 24 0.011654376983642578
decode: 24 0 66668 24 0.011154651641845703
decode: 23 0 63161 23 0.01133418083190918
extend: 0 2 0 4216 0.1023855209350586
extend: 0 2 0 4265 0.11332225799560547
decode: 24 0 69369 24 0.011986970901489258
decode: 24 0 69393 24 0.011801481246948242
decode: 24 0 69417 24 0.01172637939453125
decode: 24 0 69441 24 0.011618375778198242
decode: 24 0 69465 24 0.01152658462524414
decode: 24 0 69489 24 0.01154327392578125
decode: 24 0 69513 24 0.011536598205566406
decode: 24 0 69537 24 0.011515140533447266
decode: 24 0 69561 24 0.01154470443725586
decode: 24 0 69585 24 0.011492013931274414
decode: 24 0 69609 24 0.01173543930053711
decode: 24 0 69633 24 0.011535882949829102
decode: 24 0 69657 24 0.011539220809936523
decode: 24 0 69681 24 0.011566162109375
decode: 24 0 69705 24 0.011603355407714844
decode: 24 0 69729 24 0.011565685272216797
decode: 23 0 67546 23 0.011436223983764648
decode: 23 0 67569 23 0.011505603790283203
decode: 23 0 67592 23 0.011536359786987305
decode: 23 0 67615 23 0.011506080627441406
decode: 23 0 67638 23 0.01180577278137207
decode: 23 0 67661 23 0.011414527893066406
decode: 23 0 67684 23 0.011378288269042969
decode: 23 0 67707 23 0.011332988739013672
decode: 23 0 67730 23 0.011278867721557617
decode: 23 0 67753 23 0.011324167251586914
decode: 23 0 67776 23 0.011198759078979492
decode: 23 0 67799 23 0.011209964752197266
decode: 23 0 67822 23 0.011157512664794922
decode: 23 0 67845 23 0.011159658432006836
decode: 23 0 67868 23 0.011110544204711914
decode: 23 0 67891 23 0.011081933975219727
decode: 23 0 67914 23 0.011150121688842773
decode: 23 0 67937 23 0.011189699172973633
decode: 23 0 67960 23 0.011101245880126953
decode: 23 0 67983 23 0.01107645034790039
decode: 23 0 68006 23 0.011059284210205078
decode: 23 0 68029 23 0.011045694351196289
decode: 23 0 68052 23 0.011070728302001953
decode: 23 0 68075 23 0.011076927185058594
decode: 23 0 68098 23 0.011088371276855469
decode: 23 0 68121 23 0.011116743087768555
decode: 23 0 68144 23 0.01106405258178711
decode: 23 0 68167 23 0.011180400848388672
decode: 23 0 68190 23 0.011103630065917969
decode: 23 0 68213 23 0.011072158813476562
decode: 23 0 68236 23 0.01107931137084961
decode: 23 0 68259 23 0.011077642440795898
decode: 23 0 68282 23 0.011026620864868164
decode: 23 0 68305 23 0.011029958724975586
decode: 23 0 68328 23 0.011090755462646484
decode: 23 0 68351 23 0.011040925979614258
decode: 23 0 68374 23 0.01103520393371582
decode: 23 0 68397 23 0.01101827621459961
decode: 23 0 68420 23 0.011012554168701172
decode: 23 0 68443 23 0.011050701141357422
decode: 23 0 68466 23 0.011044502258300781
decode: 23 0 68489 23 0.011125802993774414
decode: 23 0 68512 23 0.011059999465942383
decode: 23 0 68535 23 0.011068105697631836
decode: 23 0 68558 23 0.011127233505249023
decode: 23 0 68581 23 0.011056661605834961
decode: 23 0 68604 23 0.01113128662109375
decode: 23 0 68627 23 0.011047840118408203
extend: 0 2 0 3013 0.07125425338745117
decode: 23 0 69350 23 0.012222766876220703
decode: 23 0 69373 23 0.012127876281738281
decode: 23 0 69396 23 0.011773109436035156
decode: 23 0 69419 23 0.01138448715209961
decode: 23 0 69442 23 0.011635541915893555
decode: 22 0 65154 22 0.011169910430908203
decode: 22 0 65176 22 0.011140108108520508
decode: 22 0 65198 22 0.011046886444091797
decode: 21 0 63842 21 0.011002540588378906
decode: 21 0 63863 21 0.011044025421142578
decode: 21 0 63884 21 0.011071920394897461
decode: 21 0 63905 21 0.011013269424438477
decode: 21 0 63926 21 0.010970354080200195
decode: 21 0 63947 21 0.011005878448486328
decode: 21 0 63968 21 0.010948419570922852
decode: 21 0 63989 21 0.010941505432128906
decode: 21 0 64010 21 0.010931730270385742
decode: 21 0 64031 21 0.010973215103149414
decode: 21 0 64052 21 0.01089167594909668
decode: 21 0 64073 21 0.01097559928894043
decode: 21 0 64094 21 0.010895967483520508
decode: 21 0 64115 21 0.010961532592773438
decode: 21 0 64136 21 0.010891437530517578
decode: 21 0 64157 21 0.010962486267089844
decode: 21 0 64178 21 0.011024951934814453
decode: 21 0 64199 21 0.010921478271484375
decode: 21 0 64220 21 0.010928630828857422
decode: 21 0 64241 21 0.010911941528320312
decode: 21 0 64262 21 0.010903120040893555
decode: 21 0 64283 21 0.010851383209228516
decode: 21 0 64304 21 0.010885953903198242
decode: 21 0 64325 21 0.010863780975341797
decode: 21 0 64346 21 0.011021137237548828
decode: 21 0 64367 21 0.010914802551269531
decode: 21 0 64388 21 0.01090240478515625
decode: 21 0 64409 21 0.010903596878051758
decode: 21 0 64430 21 0.010886669158935547
decode: 21 0 64451 21 0.010904312133789062
decode: 21 0 64472 21 0.010890722274780273
decode: 21 0 64493 21 0.010984420776367188
decode: 21 0 64514 21 0.01093602180480957
decode: 21 0 64535 21 0.010967731475830078
decode: 21 0 64556 21 0.011150360107421875
decode: 21 0 64577 21 0.011200189590454102
decode: 21 0 64598 21 0.011237382888793945
decode: 21 0 64619 21 0.011258125305175781
decode: 21 0 64640 21 0.011279106140136719
decode: 21 0 64661 21 0.011270523071289062
decode: 21 0 64682 21 0.01125025749206543
decode: 21 0 64703 21 0.011283159255981445
decode: 21 0 64724 21 0.011287450790405273
decode: 21 0 64745 21 0.011326313018798828
decode: 21 0 64766 21 0.011258363723754883
decode: 21 0 64787 21 0.011374473571777344
decode: 21 0 64808 21 0.011254549026489258
decode: 21 0 64829 21 0.011294126510620117
decode: 21 0 64850 21 0.011301517486572266
decode: 21 0 64871 21 0.011292457580566406
decode: 21 0 64892 21 0.011226177215576172
decode: 21 0 64913 21 0.011280536651611328
decode: 21 0 64934 21 0.011334419250488281
decode: 21 0 64955 21 0.011623859405517578
decode: 21 0 64976 21 0.011432409286499023
decode: 21 0 64997 21 0.011373758316040039
decode: 21 0 65018 21 0.011332035064697266
decode: 21 0 65039 21 0.011362314224243164
decode: 21 0 65060 21 0.01134037971496582
decode: 21 0 65081 21 0.011360883712768555
extend: 0 2 0 3089 0.07517361640930176
decode: 23 0 68193 23 0.012073278427124023
decode: 23 0 68216 23 0.01152801513671875
decode: 23 0 68239 23 0.011624813079833984
decode: 23 0 68262 23 0.011480093002319336
decode: 23 0 68285 23 0.011579275131225586
decode: 23 0 68308 23 0.011524438858032227
decode: 23 0 68331 23 0.01147317886352539
decode: 23 0 68354 23 0.011324167251586914
decode: 23 0 68377 23 0.011321544647216797
decode: 23 0 68400 23 0.011409282684326172
decode: 23 0 68423 23 0.011369705200195312
decode: 23 0 68446 23 0.01128244400024414
decode: 23 0 68469 23 0.011315107345581055
decode: 23 0 68492 23 0.011256933212280273
decode: 23 0 68515 23 0.011307954788208008
decode: 23 0 68538 23 0.011379241943359375
decode: 23 0 68561 23 0.011339187622070312
decode: 23 0 68584 23 0.011222124099731445
decode: 23 0 68607 23 0.011143207550048828
decode: 23 0 68630 23 0.01106882095336914
decode: 23 0 68653 23 0.01109170913696289
decode: 23 0 68676 23 0.011002063751220703
decode: 23 0 68699 23 0.010971546173095703
decode: 23 0 68722 23 0.010992288589477539
decode: 23 0 68745 23 0.010914087295532227
decode: 23 0 68768 23 0.010899543762207031
decode: 23 0 68791 23 0.010866403579711914
decode: 23 0 68814 23 0.010795354843139648
decode: 23 0 68837 23 0.011158466339111328
decode: 23 0 68860 23 0.010838985443115234
decode: 23 0 68883 23 0.010777473449707031
decode: 23 0 68906 23 0.0107879638671875
decode: 23 0 68929 23 0.010802507400512695
decode: 23 0 68952 23 0.010779857635498047
decode: 23 0 68975 23 0.010779619216918945
decode: 23 0 68998 23 0.010754108428955078
decode: 23 0 69021 23 0.010761499404907227
decode: 23 0 69044 23 0.010754585266113281
decode: 23 0 69067 23 0.010731697082519531
decode: 23 0 69090 23 0.010781526565551758
decode: 23 0 69113 23 0.010765314102172852
decode: 23 0 69136 23 0.010886907577514648
decode: 23 0 69159 23 0.010751724243164062
decode: 23 0 69182 23 0.010751485824584961
decode: 23 0 69205 23 0.010824441909790039
decode: 23 0 69228 23 0.010817289352416992
decode: 23 0 69251 23 0.010916948318481445
decode: 23 0 69274 23 0.010802268981933594
decode: 23 0 69297 23 0.010822296142578125
decode: 23 0 69320 23 0.010851621627807617
decode: 23 0 69343 23 0.010794639587402344
decode: 23 0 69366 23 0.010842084884643555
decode: 23 0 69389 23 0.010771512985229492
decode: 23 0 69412 23 0.010764837265014648
decode: 23 0 69435 23 0.010771751403808594
decode: 22 0 67918 22 0.01069498062133789
decode: 22 0 67940 22 0.010727882385253906
decode: 22 0 67962 22 0.010707855224609375
decode: 22 0 67984 22 0.010715961456298828
decode: 22 0 68006 22 0.010704755783081055
decode: 22 0 68028 22 0.010753154754638672
decode: 22 0 68050 22 0.010732650756835938
decode: 22 0 68072 22 0.010727643966674805
decode: 22 0 68094 22 0.010735750198364258
decode: 22 0 68116 22 0.010736942291259766
decode: 22 0 68138 22 0.010744094848632812
decode: 22 0 68160 22 0.010741472244262695
decode: 22 0 68182 22 0.010761022567749023
decode: 22 0 68204 22 0.01076960563659668
decode: 22 0 68226 22 0.010701417922973633
decode: 22 0 68248 22 0.010706663131713867
decode: 22 0 68270 22 0.010711908340454102
decode: 22 0 68292 22 0.01076960563659668
decode: 22 0 68314 22 0.010735511779785156
decode: 22 0 68336 22 0.010741710662841797
decode: 22 0 68358 22 0.01071929931640625
decode: 22 0 68380 22 0.010735511779785156
decode: 22 0 68402 22 0.010734796524047852
decode: 22 0 68424 22 0.010751724243164062
decode: 22 0 68446 22 0.010752439498901367
decode: 22 0 68468 22 0.01074671745300293
decode: 22 0 68490 22 0.010812997817993164
decode: 22 0 68512 22 0.010741949081420898
decode: 22 0 68534 22 0.010872125625610352
decode: 22 0 68556 22 0.010706663131713867
decode: 22 0 68578 22 0.010717630386352539
decode: 22 0 68600 22 0.010705947875976562
decode: 22 0 68622 22 0.010707616806030273
decode: 22 0 68644 22 0.010720968246459961
decode: 22 0 68666 22 0.010723352432250977
decode: 22 0 68688 22 0.010756492614746094
decode: 22 0 68710 22 0.010726451873779297
decode: 22 0 68732 22 0.01076507568359375
decode: 22 0 68754 22 0.010746955871582031
decode: 22 0 68776 22 0.010724782943725586
decode: 22 0 68798 22 0.010730266571044922
decode: 22 0 68820 22 0.010732650756835938
decode: 22 0 68842 22 0.010748863220214844
decode: 22 0 68864 22 0.010730981826782227
decode: 22 0 68886 22 0.010751724243164062
decode: 22 0 68908 22 0.010734319686889648
decode: 22 0 68930 22 0.010768890380859375
decode: 22 0 68952 22 0.010743856430053711
decode: 22 0 68974 22 0.010755777359008789
decode: 22 0 68996 22 0.010762929916381836
decode: 22 0 69018 22 0.010724306106567383
decode: 22 0 69040 22 0.010698318481445312
decode: 22 0 69062 22 0.010724067687988281
decode: 22 0 69084 22 0.010709285736083984
decode: 22 0 69106 22 0.010762691497802734
decode: 22 0 69128 22 0.010744333267211914
decode: 22 0 69150 22 0.01073765754699707
decode: 22 0 69172 22 0.010810613632202148
decode: 22 0 69194 22 0.010725736618041992
decode: 22 0 69216 22 0.010886907577514648
decode: 22 0 69238 22 0.010798931121826172
decode: 22 0 69260 22 0.010785341262817383
decode: 22 0 69282 22 0.01077723503112793
decode: 22 0 69304 22 0.010753631591796875
decode: 22 0 69326 22 0.010779857635498047
decode: 22 0 69348 22 0.010769844055175781
decode: 22 0 69370 22 0.010878324508666992
decode: 22 0 69392 22 0.010808229446411133
decode: 22 0 69414 22 0.010773658752441406
decode: 22 0 69436 22 0.010753154754638672
decode: 22 0 69458 22 0.010759115219116211
decode: 22 0 69480 22 0.010817289352416992
decode: 22 0 69502 22 0.010798454284667969
decode: 22 0 69524 22 0.010813713073730469
decode: 22 0 69546 22 0.010892629623413086
decode: 22 0 69568 22 0.01090860366821289
decode: 22 0 69590 22 0.010796070098876953
decode: 22 0 69612 22 0.010794878005981445
decode: 22 0 69634 22 0.01078939437866211
decode: 22 0 69656 22 0.010764837265014648
decode: 22 0 69678 22 0.01080012321472168
decode: 22 0 69700 22 0.010755538940429688
decode: 22 0 69722 22 0.01077127456665039
decode: 21 0 67514 21 0.010757923126220703
decode: 21 0 67535 21 0.010859251022338867
decode: 21 0 67556 21 0.010851621627807617
decode: 21 0 67577 21 0.010884284973144531
decode: 21 0 67598 21 0.01092386245727539
decode: 21 0 67619 21 0.010875940322875977
decode: 21 0 67640 21 0.010892152786254883
decode: 21 0 67661 21 0.011017322540283203
decode: 21 0 67682 21 0.01086115837097168
decode: 21 0 67703 21 0.01087045669555664
decode: 21 0 67724 21 0.010886669158935547
decode: 21 0 67745 21 0.010911941528320312
decode: 21 0 67766 21 0.010987043380737305
decode: 21 0 67787 21 0.010939359664916992
decode: 21 0 67808 21 0.010909557342529297
decode: 21 0 67829 21 0.010883331298828125
extend: 0 1 0 496 0.01596379280090332
decode: 22 0 68347 22 0.01112818717956543
decode: 22 0 68369 22 0.010975360870361328
decode: 22 0 68391 22 0.011092185974121094
decode: 22 0 68413 22 0.011037826538085938
decode: 22 0 68435 22 0.010956287384033203
decode: 22 0 68457 22 0.011022806167602539
decode: 22 0 68479 22 0.01095128059387207
decode: 22 0 68501 22 0.011031389236450195
decode: 22 0 68523 22 0.010944843292236328
decode: 22 0 68545 22 0.01090240478515625
decode: 22 0 68567 22 0.010835886001586914
decode: 22 0 68589 22 0.010792970657348633
decode: 21 0 67163 21 0.01075601577758789
decode: 21 0 67184 21 0.010734319686889648
decode: 21 0 67205 21 0.010717630386352539
decode: 21 0 67226 21 0.010719776153564453
decode: 21 0 67247 21 0.010751008987426758
decode: 21 0 67268 21 0.010745763778686523
decode: 21 0 67289 21 0.01079416275024414
decode: 21 0 67310 21 0.010752677917480469
decode: 21 0 67331 21 0.01073765754699707
decode: 21 0 67352 21 0.01075291633605957
decode: 21 0 67373 21 0.010728597640991211
decode: 21 0 67394 21 0.010775089263916016
decode: 21 0 67415 21 0.010730266571044922
decode: 21 0 67436 21 0.010727882385253906
decode: 21 0 67457 21 0.010755538940429688
decode: 21 0 67478 21 0.01077580451965332
decode: 21 0 67499 21 0.012831687927246094
decode: 21 0 67520 21 0.014234542846679688
decode: 21 0 67541 21 0.014214515686035156
decode: 21 0 67562 21 0.014302253723144531
decode: 21 0 67583 21 0.014309406280517578
decode: 21 0 67604 21 0.014349699020385742
decode: 21 0 67625 21 0.014045238494873047
decode: 21 0 67646 21 0.01405787467956543
decode: 21 0 67667 21 0.014490604400634766
decode: 21 0 67688 21 0.014635801315307617
decode: 21 0 67709 21 0.014377117156982422
decode: 21 0 67730 21 0.014402627944946289
decode: 21 0 67751 21 0.014296293258666992
decode: 21 0 67772 21 0.014123678207397461
decode: 21 0 67793 21 0.014211416244506836
decode: 21 0 67814 21 0.014277458190917969
decode: 21 0 67835 21 0.01261591911315918
decode: 21 0 67856 21 0.01177215576171875
decode: 21 0 67877 21 0.011757135391235352
decode: 21 0 67898 21 0.011676788330078125
decode: 21 0 67919 21 0.011655330657958984
decode: 21 0 67940 21 0.01142430305480957
decode: 21 0 67961 21 0.011159181594848633
decode: 21 0 67982 21 0.011056661605834961
decode: 21 0 68003 21 0.010949850082397461
decode: 21 0 68024 21 0.010875701904296875
decode: 21 0 68045 21 0.010771989822387695
decode: 21 0 68066 21 0.010853767395019531
decode: 21 0 68087 21 0.010764598846435547
decode: 21 0 68108 21 0.010801076889038086
decode: 21 0 68129 21 0.010792970657348633
decode: 21 0 68150 21 0.010767459869384766
decode: 21 0 68171 21 0.01075291633605957
decode: 21 0 68192 21 0.010762453079223633
decode: 21 0 68213 21 0.010817527770996094
decode: 21 0 68234 21 0.011092424392700195
decode: 21 0 68255 21 0.01094818115234375
decode: 21 0 68276 21 0.010902643203735352
decode: 21 0 68297 21 0.01098179817199707
decode: 21 0 68318 21 0.01088714599609375
decode: 21 0 68339 21 0.01091623306274414
decode: 21 0 68360 21 0.011063337326049805
decode: 21 0 68381 21 0.01088714599609375
decode: 21 0 68402 21 0.010907649993896484
decode: 21 0 68423 21 0.010901689529418945
decode: 21 0 68444 21 0.010892391204833984
decode: 21 0 68465 21 0.01086282730102539
decode: 21 0 68486 21 0.01091313362121582
decode: 21 0 68507 21 0.010857105255126953
decode: 21 0 68528 21 0.010858535766601562
decode: 21 0 68549 21 0.010864973068237305
decode: 21 0 68570 21 0.010852575302124023
decode: 21 0 68591 21 0.010840177536010742
decode: 21 0 68612 21 0.010838508605957031
decode: 21 0 68633 21 0.010869264602661133
decode: 21 0 68654 21 0.0108184814453125
decode: 21 0 68675 21 0.010837793350219727
decode: 21 0 68696 21 0.010827302932739258
decode: 21 0 68717 21 0.01095271110534668
decode: 21 0 68738 21 0.010840654373168945
decode: 21 0 68759 21 0.010938167572021484
decode: 21 0 68780 21 0.01096487045288086
decode: 21 0 68801 21 0.010855913162231445
decode: 21 0 68822 21 0.01085805892944336
decode: 21 0 68843 21 0.010897636413574219
decode: 21 0 68864 21 0.010854959487915039
decode: 21 0 68885 21 0.010882139205932617
decode: 21 0 68906 21 0.010902166366577148
decode: 21 0 68927 21 0.010862588882446289
decode: 21 0 68948 21 0.010863065719604492
decode: 21 0 68969 21 0.01097559928894043
decode: 21 0 68990 21 0.010935783386230469
decode: 21 0 69011 21 0.010924100875854492
decode: 21 0 69032 21 0.010921239852905273
decode: 21 0 69053 21 0.011065959930419922
decode: 20 0 64601 20 0.010881423950195312
decode: 20 0 64621 20 0.010991811752319336
decode: 20 0 64641 20 0.01099705696105957
decode: 20 0 64661 20 0.010995864868164062
decode: 20 0 64681 20 0.01105046272277832
decode: 20 0 64701 20 0.011102914810180664
decode: 20 0 64721 20 0.011250019073486328
decode: 20 0 64741 20 0.011211872100830078
decode: 20 0 64761 20 0.011077880859375
decode: 20 0 64781 20 0.01121377944946289
decode: 20 0 64801 20 0.01090097427368164
decode: 20 0 64821 20 0.01086568832397461
decode: 20 0 64841 20 0.010813236236572266
decode: 20 0 64861 20 0.010881900787353516
decode: 20 0 64881 20 0.010850906372070312
decode: 19 0 61814 19 0.010664939880371094
decode: 19 0 61833 19 0.010633468627929688
decode: 19 0 61852 19 0.010598182678222656
decode: 19 0 61871 19 0.010605573654174805
decode: 19 0 61890 19 0.01055145263671875
decode: 19 0 61909 19 0.010580301284790039
decode: 19 0 61928 19 0.010647773742675781
decode: 19 0 61947 19 0.010564804077148438
decode: 19 0 61966 19 0.010603904724121094
decode: 19 0 61985 19 0.010657548904418945
decode: 19 0 62004 19 0.01058816909790039
decode: 19 0 62023 19 0.010622739791870117
decode: 19 0 62042 19 0.01063394546508789
decode: 19 0 62061 19 0.010615110397338867
decode: 19 0 62080 19 0.010616302490234375
decode: 19 0 62099 19 0.010700225830078125
decode: 19 0 62118 19 0.010680198669433594
decode: 19 0 62137 19 0.010743856430053711
decode: 19 0 62156 19 0.010673046112060547
decode: 19 0 62175 19 0.010663509368896484
decode: 19 0 62194 19 0.010672569274902344
decode: 19 0 62213 19 0.010672330856323242
decode: 19 0 62232 19 0.010686874389648438
decode: 19 0 62251 19 0.010653495788574219
extend: 0 4 0 6704 0.15940022468566895
decode: 23 0 68978 23 0.012199878692626953
decode: 23 0 69001 23 0.011725664138793945
decode: 23 0 69024 23 0.011730670928955078
decode: 23 0 69047 23 0.011636495590209961
decode: 23 0 69070 23 0.011240720748901367
decode: 23 0 69093 23 0.01121830940246582
decode: 23 0 69116 23 0.011221647262573242
decode: 23 0 69139 23 0.011182069778442383
decode: 23 0 69162 23 0.011216878890991211
decode: 23 0 69185 23 0.011159420013427734
decode: 23 0 69208 23 0.01117086410522461
decode: 23 0 69231 23 0.011133670806884766
decode: 23 0 69254 23 0.011074542999267578
decode: 23 0 69277 23 0.01107168197631836
decode: 23 0 69300 23 0.011022806167602539
decode: 23 0 69323 23 0.011017084121704102
decode: 23 0 69346 23 0.01102590560913086
decode: 23 0 69369 23 0.010982990264892578
decode: 23 0 69392 23 0.010994195938110352
decode: 23 0 69415 23 0.010999679565429688
decode: 23 0 69438 23 0.011018991470336914
decode: 23 0 69461 23 0.010987997055053711
decode: 23 0 69484 23 0.010983705520629883
decode: 22 0 66923 22 0.010869503021240234
decode: 22 0 66945 22 0.010854005813598633
decode: 22 0 66967 22 0.010959386825561523
decode: 22 0 66989 22 0.010879993438720703
decode: 22 0 67011 22 0.010917425155639648
decode: 22 0 67033 22 0.010970354080200195
decode: 22 0 67055 22 0.010855913162231445
decode: 22 0 67077 22 0.010856866836547852
decode: 22 0 67099 22 0.010835886001586914
decode: 22 0 67121 22 0.010873079299926758
decode: 22 0 67143 22 0.010862350463867188
decode: 22 0 67165 22 0.010835409164428711
decode: 22 0 67187 22 0.010790348052978516
decode: 22 0 67209 22 0.010812997817993164
decode: 22 0 67231 22 0.010792255401611328
decode: 22 0 67253 22 0.010838747024536133
decode: 22 0 67275 22 0.01091909408569336
decode: 22 0 67297 22 0.010871410369873047
decode: 22 0 67319 22 0.010822772979736328
decode: 22 0 67341 22 0.011090278625488281
decode: 22 0 67363 22 0.011103391647338867
decode: 22 0 67385 22 0.011085271835327148
decode: 22 0 67407 22 0.011224508285522461
decode: 22 0 67429 22 0.01131892204284668
decode: 22 0 67451 22 0.011282682418823242
decode: 22 0 67473 22 0.01140904426574707
decode: 22 0 67495 22 0.01140141487121582
decode: 22 0 67517 22 0.011296272277832031
decode: 22 0 67539 22 0.011330842971801758
decode: 22 0 67561 22 0.011274099349975586
decode: 22 0 67583 22 0.011234045028686523
decode: 22 0 67605 22 0.011219263076782227
decode: 22 0 67627 22 0.011271238327026367
decode: 21 0 62940 21 0.010915994644165039
decode: 21 0 62961 21 0.010991811752319336
decode: 21 0 62982 21 0.01100468635559082
decode: 21 0 63003 21 0.011009454727172852
decode: 21 0 63024 21 0.011036396026611328
decode: 21 0 63045 21 0.011018753051757812
decode: 21 0 63066 21 0.011047840118408203
extend: 0 3 0 6252 0.15153717994689941
decode: 24 0 69342 24 0.012027263641357422
decode: 24 0 69366 24 0.011936664581298828
decode: 24 0 69390 24 0.011642932891845703
decode: 24 0 69414 24 0.01136922836303711
decode: 24 0 69438 24 0.011259078979492188
decode: 24 0 69462 24 0.011214017868041992
decode: 24 0 69486 24 0.011132240295410156
decode: 24 0 69510 24 0.011120319366455078
decode: 24 0 69534 24 0.011111259460449219
decode: 24 0 69558 24 0.011099100112915039
decode: 24 0 69582 24 0.011121034622192383
decode: 24 0 69606 24 0.010985612869262695
decode: 24 0 69630 24 0.011086702346801758
decode: 24 0 69654 24 0.011101961135864258
decode: 24 0 69678 24 0.011121034622192383
decode: 24 0 69702 24 0.011102914810180664
decode: 24 0 69726 24 0.011069774627685547
decode: 23 0 66266 23 0.010817527770996094
decode: 23 0 66289 23 0.010787725448608398
decode: 23 0 66312 23 0.010796308517456055
decode: 23 0 66335 23 0.010897397994995117
decode: 23 0 66358 23 0.01078653335571289
decode: 23 0 66381 23 0.01089787483215332
decode: 23 0 66404 23 0.010837793350219727
decode: 23 0 66427 23 0.010820388793945312
decode: 23 0 66450 23 0.010806798934936523
decode: 23 0 66473 23 0.010782480239868164
decode: 23 0 66496 23 0.010930538177490234
decode: 23 0 66519 23 0.010842323303222656
decode: 23 0 66542 23 0.010819673538208008
decode: 23 0 66565 23 0.010895252227783203
decode: 23 0 66588 23 0.010909080505371094
decode: 23 0 66611 23 0.010855436325073242
decode: 23 0 66634 23 0.010902166366577148
decode: 23 0 66657 23 0.010979652404785156
decode: 23 0 66680 23 0.011012077331542969
decode: 23 0 66703 23 0.011077642440795898
decode: 23 0 66726 23 0.01092529296875
decode: 23 0 66749 23 0.010921955108642578
decode: 23 0 66772 23 0.010920286178588867
decode: 23 0 66795 23 0.010904312133789062
decode: 23 0 66818 23 0.010823965072631836
decode: 23 0 66841 23 0.010808229446411133
decode: 23 0 66864 23 0.010794878005981445
decode: 23 0 66887 23 0.010854721069335938
decode: 23 0 66910 23 0.010784626007080078
decode: 23 0 66933 23 0.010798931121826172
decode: 23 0 66956 23 0.010812759399414062
decode: 23 0 66979 23 0.010775327682495117
decode: 23 0 67002 23 0.01081085205078125
decode: 23 0 67025 23 0.010881662368774414
decode: 23 0 67048 23 0.010874271392822266
decode: 23 0 67071 23 0.011006832122802734
decode: 23 0 67094 23 0.01080942153930664
decode: 23 0 67117 23 0.01080322265625
decode: 23 0 67140 23 0.010914087295532227
decode: 23 0 67163 23 0.010854244232177734
decode: 23 0 67186 23 0.01096653938293457
decode: 23 0 67209 23 0.010838747024536133
decode: 23 0 67232 23 0.010843515396118164
decode: 23 0 67255 23 0.01092386245727539
decode: 23 0 67278 23 0.01096653938293457
decode: 23 0 67301 23 0.010972261428833008
decode: 23 0 67324 23 0.010979413986206055
decode: 23 0 67347 23 0.01098775863647461
extend: 0 2 0 3806 0.09155821800231934
decode: 24 0 68550 24 0.011517047882080078
decode: 24 0 68574 24 0.011256933212280273
decode: 24 0 68598 24 0.011196374893188477
decode: 24 0 68622 24 0.011223793029785156
decode: 24 0 68646 24 0.011201858520507812
decode: 24 0 68670 24 0.010989904403686523
decode: 24 0 68694 24 0.010941743850708008
decode: 24 0 68718 24 0.010958433151245117
decode: 24 0 68742 24 0.01089167594909668
decode: 24 0 68766 24 0.010860919952392578
decode: 24 0 68790 24 0.010849952697753906
decode: 24 0 68814 24 0.01081991195678711
decode: 24 0 68838 24 0.01085042953491211
decode: 24 0 68862 24 0.010792255401611328
decode: 24 0 68886 24 0.010797739028930664
decode: 24 0 68910 24 0.010821342468261719
decode: 24 0 68934 24 0.01075601577758789
decode: 24 0 68958 24 0.010773420333862305
decode: 24 0 68982 24 0.010779619216918945
decode: 24 0 69006 24 0.010751485824584961
decode: 24 0 69030 24 0.010734796524047852
decode: 24 0 69054 24 0.010768890380859375
decode: 24 0 69078 24 0.010757207870483398
decode: 24 0 69102 24 0.010793447494506836
decode: 24 0 69126 24 0.010771036148071289
decode: 24 0 69150 24 0.010752201080322266
decode: 24 0 69174 24 0.01074528694152832
decode: 24 0 69198 24 0.010757684707641602
decode: 24 0 69222 24 0.010754585266113281
decode: 24 0 69246 24 0.010753631591796875
decode: 24 0 69270 24 0.010787487030029297
decode: 24 0 69294 24 0.011017799377441406
decode: 24 0 69318 24 0.010749101638793945
decode: 24 0 69342 24 0.010745048522949219
decode: 24 0 69366 24 0.010777711868286133
decode: 24 0 69390 24 0.010762214660644531
decode: 24 0 69414 24 0.010840177536010742
decode: 24 0 69438 24 0.010913372039794922
decode: 24 0 69462 24 0.010807514190673828
decode: 24 0 69486 24 0.010813713073730469
decode: 24 0 69510 24 0.010754108428955078
decode: 24 0 69534 24 0.010771751403808594
decode: 24 0 69558 24 0.010751962661743164
decode: 24 0 69582 24 0.010823965072631836
decode: 24 0 69606 24 0.01083827018737793
decode: 24 0 69630 24 0.010778665542602539
decode: 24 0 69654 24 0.010782003402709961
decode: 24 0 69678 24 0.010807037353515625
decode: 24 0 69702 24 0.010879039764404297
decode: 24 0 69726 24 0.010841131210327148
decode: 22 0 65842 22 0.010691165924072266
decode: 22 0 65864 22 0.010709762573242188
decode: 22 0 65886 22 0.010699748992919922
decode: 22 0 65908 22 0.010761260986328125
decode: 22 0 65930 22 0.010701894760131836
decode: 22 0 65952 22 0.010698556900024414
decode: 22 0 65974 22 0.010683774948120117
decode: 22 0 65996 22 0.010770082473754883
decode: 22 0 66018 22 0.010690689086914062
decode: 22 0 66040 22 0.010697364807128906
decode: 22 0 66062 22 0.010700702667236328
decode: 22 0 66084 22 0.010760068893432617
decode: 22 0 66106 22 0.010668277740478516
decode: 22 0 66128 22 0.01068425178527832
decode: 22 0 66150 22 0.010689258575439453
decode: 22 0 66172 22 0.010686159133911133
decode: 22 0 66194 22 0.010836362838745117
decode: 22 0 66216 22 0.010690927505493164
decode: 22 0 66238 22 0.01070547103881836
decode: 22 0 66260 22 0.010736942291259766
decode: 22 0 66282 22 0.010857343673706055
decode: 22 0 66304 22 0.010779380798339844
decode: 22 0 66326 22 0.010741949081420898
extend: 0 2 0 3908 0.09599614143371582
decode: 23 0 67826 23 0.012244939804077148
decode: 23 0 67849 23 0.011809825897216797
decode: 23 0 67872 23 0.011425018310546875
decode: 23 0 67895 23 0.011070013046264648
decode: 23 0 67918 23 0.010977745056152344
decode: 23 0 67941 23 0.010985374450683594
decode: 23 0 67964 23 0.010894536972045898
decode: 23 0 67987 23 0.010923147201538086
decode: 23 0 68010 23 0.010888099670410156
decode: 23 0 68033 23 0.011096954345703125
decode: 23 0 68056 23 0.010890483856201172
decode: 23 0 68079 23 0.010927200317382812
decode: 23 0 68102 23 0.010864496231079102
decode: 23 0 68125 23 0.010838508605957031
decode: 23 0 68148 23 0.010826349258422852
decode: 23 0 68171 23 0.010885953903198242
decode: 23 0 68194 23 0.010938644409179688
decode: 23 0 68217 23 0.010850667953491211
decode: 23 0 68240 23 0.010824918746948242
decode: 23 0 68263 23 0.010832548141479492
decode: 23 0 68286 23 0.010812044143676758
decode: 23 0 68309 23 0.010800600051879883
decode: 23 0 68332 23 0.010817527770996094
decode: 23 0 68355 23 0.010827302932739258
decode: 23 0 68378 23 0.01078939437866211
decode: 23 0 68401 23 0.010782957077026367
decode: 23 0 68424 23 0.010877847671508789
decode: 23 0 68447 23 0.010736703872680664
decode: 23 0 68470 23 0.010735034942626953
decode: 23 0 68493 23 0.010762453079223633
decode: 23 0 68516 23 0.010745763778686523
decode: 23 0 68539 23 0.010750532150268555
decode: 23 0 68562 23 0.010746240615844727
decode: 23 0 68585 23 0.010758161544799805
decode: 23 0 68608 23 0.010851383209228516
decode: 23 0 68631 23 0.010753870010375977
decode: 23 0 68654 23 0.010736227035522461
decode: 23 0 68677 23 0.010741472244262695
decode: 23 0 68700 23 0.010782003402709961
decode: 23 0 68723 23 0.010717391967773438
decode: 23 0 68746 23 0.010740995407104492
decode: 23 0 68769 23 0.010739326477050781
decode: 23 0 68792 23 0.010743141174316406
decode: 23 0 68815 23 0.01079106330871582
decode: 23 0 68838 23 0.010781049728393555
decode: 23 0 68861 23 0.010769367218017578
decode: 23 0 68884 23 0.010762214660644531
decode: 23 0 68907 23 0.010782957077026367
decode: 23 0 68930 23 0.010803699493408203
decode: 23 0 68953 23 0.010893106460571289
decode: 23 0 68976 23 0.010806560516357422
decode: 23 0 68999 23 0.010833978652954102
decode: 23 0 69022 23 0.010811328887939453
decode: 23 0 69045 23 0.010827064514160156
decode: 23 0 69068 23 0.010782957077026367
decode: 23 0 69091 23 0.010893583297729492
decode: 23 0 69114 23 0.01081991195678711
decode: 23 0 69137 23 0.010790348052978516
decode: 23 0 69160 23 0.010797977447509766
decode: 23 0 69183 23 0.010899066925048828
decode: 23 0 69206 23 0.010793447494506836
decode: 23 0 69229 23 0.010836601257324219
decode: 23 0 69252 23 0.010820150375366211
decode: 23 0 69275 23 0.010822534561157227
decode: 23 0 69298 23 0.01081395149230957
decode: 23 0 69321 23 0.01087498664855957
decode: 23 0 69344 23 0.010780572891235352
decode: 23 0 69367 23 0.010818004608154297
decode: 23 0 69390 23 0.010810375213623047
decode: 23 0 69413 23 0.01080465316772461
decode: 23 0 69436 23 0.010813474655151367
decode: 23 0 69459 23 0.010822534561157227
extend: 0 1 0 130 0.012673616409301758
decode: 22 0 68732 22 0.010886192321777344
decode: 22 0 68754 22 0.01079416275024414
decode: 22 0 68776 22 0.01079559326171875
decode: 22 0 68798 22 0.010886192321777344
decode: 22 0 68820 22 0.010821342468261719
decode: 22 0 68842 22 0.010815858840942383
decode: 22 0 68864 22 0.010869979858398438
decode: 22 0 68886 22 0.01078486442565918
decode: 22 0 68908 22 0.010751485824584961
decode: 22 0 68930 22 0.010751485824584961
decode: 22 0 68952 22 0.01078653335571289
decode: 22 0 68974 22 0.010895967483520508
decode: 22 0 68996 22 0.01098775863647461
decode: 22 0 69018 22 0.010961532592773438
decode: 22 0 69040 22 0.010984182357788086
decode: 22 0 69062 22 0.011031866073608398
decode: 22 0 69084 22 0.01105952262878418
decode: 22 0 69106 22 0.011132001876831055
decode: 22 0 69128 22 0.011114835739135742
decode: 22 0 69150 22 0.011089563369750977
decode: 22 0 69172 22 0.01091456413269043
decode: 22 0 69194 22 0.010931015014648438
decode: 22 0 69216 22 0.010878324508666992
decode: 22 0 69238 22 0.010838508605957031
decode: 22 0 69260 22 0.010837316513061523
decode: 22 0 69282 22 0.010810613632202148
decode: 22 0 69304 22 0.010905027389526367
decode: 22 0 69326 22 0.010786294937133789
decode: 22 0 69348 22 0.010776042938232422
decode: 22 0 69370 22 0.010856389999389648
decode: 22 0 69392 22 0.010839700698852539
decode: 22 0 69414 22 0.01092386245727539
decode: 22 0 69436 22 0.010864496231079102
decode: 22 0 69458 22 0.010932445526123047
decode: 22 0 69480 22 0.010862350463867188
decode: 22 0 69502 22 0.010897636413574219
decode: 22 0 69524 22 0.010869979858398438
decode: 22 0 69546 22 0.010913610458374023
decode: 22 0 69568 22 0.010889530181884766
decode: 22 0 69590 22 0.010876893997192383
decode: 22 0 69612 22 0.010879755020141602
decode: 22 0 69634 22 0.010859489440917969
decode: 22 0 69656 22 0.010857582092285156
decode: 22 0 69678 22 0.010836124420166016
decode: 22 0 69700 22 0.01081705093383789
decode: 22 0 69722 22 0.010843276977539062
decode: 20 0 65913 20 0.010663032531738281
extend: 0 1 0 1029 0.029880762100219727
decode: 21 0 66963 21 0.011078357696533203
decode: 21 0 66984 21 0.011164665222167969
decode: 21 0 67005 21 0.01095438003540039
decode: 21 0 67026 21 0.010909318923950195
decode: 21 0 67047 21 0.010860919952392578
decode: 21 0 67068 21 0.010917425155639648
decode: 21 0 67089 21 0.010811328887939453
decode: 21 0 67110 21 0.010785341262817383
decode: 21 0 67131 21 0.01081705093383789
decode: 21 0 67152 21 0.010821342468261719
decode: 21 0 67173 21 0.010826826095581055
decode: 21 0 67194 21 0.010823249816894531
decode: 21 0 67215 21 0.010822296142578125
decode: 21 0 67236 21 0.010864973068237305
decode: 21 0 67257 21 0.010829925537109375
decode: 21 0 67278 21 0.010852813720703125
decode: 21 0 67299 21 0.010851383209228516
decode: 21 0 67320 21 0.010897397994995117
decode: 21 0 67341 21 0.01086735725402832
decode: 21 0 67362 21 0.010886192321777344
decode: 21 0 67383 21 0.010999917984008789
decode: 21 0 67404 21 0.010991334915161133
decode: 21 0 67425 21 0.01097249984741211
decode: 21 0 67446 21 0.010921478271484375
decode: 21 0 67467 21 0.010889768600463867
decode: 21 0 67488 21 0.010959386825561523
decode: 21 0 67509 21 0.011071443557739258
decode: 21 0 67530 21 0.010998249053955078
decode: 21 0 67551 21 0.010997533798217773
extend: 0 2 0 2867 0.06932878494262695
decode: 21 0 68571 21 0.011861562728881836
decode: 21 0 68592 21 0.01178121566772461
decode: 21 0 68613 21 0.011736631393432617
decode: 21 0 68634 21 0.01127767562866211
decode: 21 0 68655 21 0.011144876480102539
decode: 21 0 68676 21 0.01116180419921875
decode: 21 0 68697 21 0.010960102081298828
decode: 21 0 68718 21 0.010999441146850586
decode: 21 0 68739 21 0.01096034049987793
decode: 21 0 68760 21 0.010954856872558594
decode: 21 0 68781 21 0.010924339294433594
decode: 21 0 68802 21 0.010926008224487305
decode: 21 0 68823 21 0.010910749435424805
decode: 21 0 68844 21 0.010922670364379883
decode: 21 0 68865 21 0.010997772216796875
decode: 21 0 68886 21 0.010893106460571289
decode: 21 0 68907 21 0.010893821716308594
decode: 21 0 68928 21 0.010909795761108398
decode: 21 0 68949 21 0.010923385620117188
decode: 21 0 68970 21 0.010916948318481445
decode: 21 0 68991 21 0.010913610458374023
decode: 21 0 69012 21 0.01089787483215332
decode: 21 0 69033 21 0.010870218276977539
decode: 21 0 69054 21 0.010970592498779297
decode: 21 0 69075 21 0.010874032974243164
decode: 21 0 69096 21 0.010879278182983398
decode: 21 0 69117 21 0.010895967483520508
decode: 21 0 69138 21 0.010859966278076172
decode: 21 0 69159 21 0.010947227478027344
decode: 21 0 69180 21 0.01093602180480957
decode: 21 0 69201 21 0.010934591293334961
decode: 21 0 69222 21 0.010863065719604492
decode: 21 0 69243 21 0.010875940322875977
decode: 21 0 69264 21 0.010895967483520508
decode: 21 0 69285 21 0.010855674743652344
decode: 21 0 69306 21 0.010831832885742188
decode: 21 0 69327 21 0.010853052139282227
decode: 21 0 69348 21 0.011083364486694336
decode: 20 0 67687 20 0.011085748672485352
decode: 20 0 67707 20 0.011040925979614258
decode: 20 0 67727 20 0.011014461517333984
decode: 20 0 67747 20 0.01103663444519043
decode: 20 0 67767 20 0.011153459548950195
decode: 20 0 67787 20 0.011175155639648438
decode: 20 0 67807 20 0.01109004020690918
decode: 20 0 67827 20 0.011035919189453125
decode: 20 0 67847 20 0.010901451110839844
decode: 20 0 67867 20 0.010917901992797852
decode: 20 0 67887 20 0.010869979858398438
decode: 20 0 67907 20 0.010841846466064453
decode: 20 0 67927 20 0.01087498664855957
decode: 20 0 67947 20 0.010967016220092773
decode: 20 0 67967 20 0.010884284973144531
decode: 20 0 67987 20 0.010833978652954102
decode: 20 0 68007 20 0.010818243026733398
decode: 20 0 68027 20 0.010846853256225586
decode: 20 0 68047 20 0.010835409164428711
decode: 20 0 68067 20 0.010831117630004883
decode: 20 0 68087 20 0.01080942153930664
decode: 20 0 68107 20 0.010857105255126953
decode: 20 0 68127 20 0.010896444320678711
decode: 20 0 68147 20 0.010849237442016602
decode: 20 0 68167 20 0.010851860046386719
decode: 20 0 68187 20 0.011060953140258789
decode: 20 0 68207 20 0.010832548141479492
decode: 20 0 68227 20 0.010870218276977539
decode: 20 0 68247 20 0.010927200317382812
decode: 20 0 68267 20 0.010879755020141602
decode: 20 0 68287 20 0.010886907577514648
decode: 20 0 68307 20 0.010985612869262695
decode: 20 0 68327 20 0.010874032974243164
decode: 20 0 68347 20 0.010885953903198242
decode: 20 0 68367 20 0.010898113250732422
extend: 0 1 0 811 0.0243227481842041
decode: 20 0 68690 20 0.010888338088989258
decode: 19 0 64860 19 0.010667085647583008
decode: 19 0 64879 19 0.010652542114257812
decode: 19 0 64898 19 0.010648012161254883
decode: 19 0 64917 19 0.01064753532409668
decode: 19 0 64936 19 0.010637998580932617
decode: 19 0 64955 19 0.010656356811523438
decode: 19 0 64974 19 0.010646581649780273
decode: 19 0 64993 19 0.010729789733886719
decode: 19 0 65012 19 0.01074528694152832
decode: 19 0 65031 19 0.010746002197265625
decode: 19 0 65050 19 0.010776281356811523
decode: 19 0 65069 19 0.010794401168823242
decode: 19 0 65088 19 0.010743856430053711
decode: 19 0 65107 19 0.010722637176513672
decode: 19 0 65126 19 0.010720968246459961
decode: 19 0 65145 19 0.010763406753540039
decode: 19 0 65164 19 0.010761260986328125
decode: 19 0 65183 19 0.010831832885742188
decode: 19 0 65202 19 0.010785102844238281
decode: 19 0 65221 19 0.010752677917480469
decode: 19 0 65240 19 0.010725975036621094
decode: 19 0 65259 19 0.01076507568359375
decode: 19 0 65278 19 0.010782480239868164
decode: 19 0 65297 19 0.01076960563659668
decode: 19 0 65316 19 0.010791778564453125
decode: 19 0 65335 19 0.010773420333862305
decode: 19 0 65354 19 0.010790348052978516
decode: 19 0 65373 19 0.010764837265014648
decode: 19 0 65392 19 0.010757684707641602
decode: 19 0 65411 19 0.010753631591796875
decode: 19 0 65430 19 0.010733366012573242
decode: 19 0 65449 19 0.010802507400512695
decode: 19 0 65468 19 0.010731697082519531
decode: 19 0 65487 19 0.0107269287109375
decode: 19 0 65506 19 0.010747909545898438
decode: 19 0 65525 19 0.010780572891235352
decode: 19 0 65544 19 0.010766029357910156
decode: 19 0 65563 19 0.010774374008178711
decode: 19 0 65582 19 0.010802507400512695
decode: 19 0 65601 19 0.010854482650756836
decode: 19 0 65620 19 0.010843276977539062
decode: 19 0 65639 19 0.010736942291259766
decode: 19 0 65658 19 0.010722160339355469
decode: 19 0 65677 19 0.010817766189575195
decode: 19 0 65696 19 0.010742902755737305
decode: 19 0 65715 19 0.010854005813598633
decode: 19 0 65734 19 0.01088094711303711
decode: 19 0 65753 19 0.010792970657348633
decode: 19 0 65772 19 0.0108184814453125
decode: 19 0 65791 19 0.010761737823486328
decode: 19 0 65810 19 0.01078343391418457
decode: 19 0 65829 19 0.01077723503112793
decode: 19 0 65848 19 0.010815143585205078
decode: 19 0 65867 19 0.010891199111938477
decode: 19 0 65886 19 0.010802268981933594
decode: 19 0 65905 19 0.010779142379760742
decode: 19 0 65924 19 0.010782480239868164
decode: 19 0 65943 19 0.01076054573059082
decode: 19 0 65962 19 0.010788202285766602
decode: 19 0 65981 19 0.010801315307617188
decode: 19 0 66000 19 0.010798454284667969
decode: 19 0 66019 19 0.010735750198364258
decode: 19 0 66038 19 0.010743379592895508
decode: 19 0 66057 19 0.010777950286865234
decode: 19 0 66076 19 0.010851144790649414
decode: 19 0 66095 19 0.010791778564453125
decode: 19 0 66114 19 0.010721445083618164
decode: 19 0 66133 19 0.010729789733886719
decode: 19 0 66152 19 0.010741949081420898
decode: 19 0 66171 19 0.010750770568847656
decode: 19 0 66190 19 0.010770320892333984
decode: 19 0 66209 19 0.010760068893432617
decode: 19 0 66228 19 0.010780811309814453
decode: 19 0 66247 19 0.01074838638305664
decode: 19 0 66266 19 0.010791778564453125
decode: 19 0 66285 19 0.010769844055175781
decode: 19 0 66304 19 0.0107879638671875
decode: 19 0 66323 19 0.010847091674804688
extend: 0 1 0 2628 0.06431460380554199
decode: 20 0 68971 20 0.01196432113647461
decode: 20 0 68991 20 0.011879920959472656
decode: 19 0 63399 19 0.011117219924926758
extend: 0 1 0 2878 0.07202816009521484
decode: 20 0 66297 20 0.01157069206237793
decode: 20 0 66317 20 0.011427164077758789
decode: 20 0 66337 20 0.011111974716186523
decode: 20 0 66357 20 0.011091232299804688
decode: 20 0 66377 20 0.010921716690063477
decode: 20 0 66397 20 0.010844230651855469
decode: 20 0 66417 20 0.01083230972290039
decode: 20 0 66437 20 0.010795354843139648
decode: 20 0 66457 20 0.010772943496704102
decode: 20 0 66477 20 0.010820388793945312
decode: 20 0 66497 20 0.010729789733886719
decode: 20 0 66517 20 0.01076507568359375
decode: 20 0 66537 20 0.010761737823486328
decode: 20 0 66557 20 0.010742664337158203
decode: 20 0 66577 20 0.010739564895629883
decode: 20 0 66597 20 0.010771989822387695
decode: 20 0 66617 20 0.010765552520751953
decode: 20 0 66637 20 0.010747432708740234
decode: 20 0 66657 20 0.010750532150268555
decode: 20 0 66677 20 0.010763168334960938
decode: 20 0 66697 20 0.010764360427856445
decode: 20 0 66717 20 0.010790109634399414
decode: 20 0 66737 20 0.01079702377319336
decode: 20 0 66757 20 0.010836124420166016
decode: 20 0 66777 20 0.010757923126220703
decode: 20 0 66797 20 0.010715961456298828
decode: 20 0 66817 20 0.010733604431152344
decode: 20 0 66837 20 0.010764598846435547
decode: 20 0 66857 20 0.010692358016967773
decode: 20 0 66877 20 0.010688304901123047
decode: 20 0 66897 20 0.010659456253051758
decode: 20 0 66917 20 0.010624885559082031
decode: 20 0 66937 20 0.010633230209350586
decode: 20 0 66957 20 0.010629415512084961
decode: 20 0 66977 20 0.010671854019165039
decode: 20 0 66997 20 0.010691404342651367
decode: 20 0 67017 20 0.010630369186401367
decode: 20 0 67037 20 0.01065683364868164
decode: 19 0 62804 19 0.010475397109985352
extend: 0 2 0 3250 0.0772085189819336
decode: 21 0 66075 21 0.011239051818847656
decode: 21 0 66096 21 0.011073589324951172
decode: 21 0 66117 21 0.011020421981811523
decode: 21 0 66138 21 0.010752677917480469
decode: 21 0 66159 21 0.010736942291259766
decode: 21 0 66180 21 0.010662317276000977
decode: 21 0 66201 21 0.010632514953613281
decode: 21 0 66222 21 0.010636568069458008
decode: 21 0 66243 21 0.010670900344848633
decode: 21 0 66264 21 0.01065206527709961
decode: 21 0 66285 21 0.010641098022460938
decode: 21 0 66306 21 0.010721921920776367
decode: 21 0 66327 21 0.010622501373291016
decode: 21 0 66348 21 0.010622501373291016
decode: 21 0 66369 21 0.010610818862915039
decode: 21 0 66390 21 0.010611772537231445
decode: 21 0 66411 21 0.010619878768920898
decode: 21 0 66432 21 0.010766744613647461
decode: 21 0 66453 21 0.0106048583984375
decode: 21 0 66474 21 0.010668039321899414
decode: 20 0 62334 20 0.010447502136230469
extend: 0 1 0 2896 0.07043266296386719
extend: 0 1 0 3654 0.09041619300842285
decode: 22 0 68906 22 0.011662721633911133
decode: 22 0 68928 22 0.011401653289794922
decode: 22 0 68950 22 0.011053085327148438
decode: 22 0 68972 22 0.010979175567626953
decode: 22 0 68994 22 0.01089024543762207
decode: 22 0 69016 22 0.01096343994140625
decode: 22 0 69038 22 0.010937690734863281
decode: 22 0 69060 22 0.010870933532714844
decode: 22 0 69082 22 0.010800600051879883
decode: 22 0 69104 22 0.010788917541503906
decode: 22 0 69126 22 0.010793685913085938
decode: 22 0 69148 22 0.010807514190673828
decode: 22 0 69170 22 0.010802984237670898
decode: 22 0 69192 22 0.010821104049682617
decode: 22 0 69214 22 0.010802507400512695
decode: 22 0 69236 22 0.01080465316772461
decode: 22 0 69258 22 0.010829448699951172
decode: 22 0 69280 22 0.010821342468261719
decode: 22 0 69302 22 0.010829925537109375
decode: 22 0 69324 22 0.010863304138183594
decode: 22 0 69346 22 0.010799646377563477
decode: 22 0 69368 22 0.010805845260620117
decode: 22 0 69390 22 0.010828495025634766
decode: 22 0 69412 22 0.0108795166015625
decode: 22 0 69434 22 0.010832786560058594
decode: 22 0 69456 22 0.010947942733764648
decode: 22 0 69478 22 0.010846138000488281
decode: 22 0 69500 22 0.010895013809204102
decode: 22 0 69522 22 0.010838508605957031
decode: 22 0 69544 22 0.010851144790649414
decode: 22 0 69566 22 0.01083230972290039
decode: 22 0 69588 22 0.01078939437866211
decode: 22 0 69610 22 0.01087331771850586
decode: 22 0 69632 22 0.010803937911987305
decode: 22 0 69654 22 0.010811805725097656
decode: 22 0 69676 22 0.010799646377563477
decode: 22 0 69698 22 0.010801315307617188
decode: 22 0 69720 22 0.010797500610351562
decode: 21 0 66807 21 0.01064157485961914
extend: 0 1 0 961 0.025175809860229492
decode: 22 0 67790 22 0.01096653938293457
decode: 22 0 67812 22 0.010830402374267578
decode: 22 0 67834 22 0.01077723503112793
decode: 22 0 67856 22 0.01077580451965332
decode: 22 0 67878 22 0.01076054573059082
decode: 22 0 67900 22 0.010755538940429688
decode: 22 0 67922 22 0.010744810104370117
decode: 22 0 67944 22 0.01072835922241211
decode: 22 0 67966 22 0.010712623596191406
decode: 22 0 67988 22 0.010726213455200195
decode: 22 0 68010 22 0.010730743408203125
decode: 22 0 68032 22 0.010743379592895508
decode: 22 0 68054 22 0.010728836059570312
decode: 22 0 68076 22 0.010715484619140625
decode: 22 0 68098 22 0.010744094848632812
decode: 22 0 68120 22 0.010749578475952148
decode: 22 0 68142 22 0.010751008987426758
decode: 22 0 68164 22 0.010738372802734375
decode: 22 0 68186 22 0.010756969451904297
decode: 22 0 68208 22 0.010744571685791016
decode: 22 0 68230 22 0.010757207870483398
decode: 22 0 68252 22 0.010746479034423828
decode: 22 0 68274 22 0.01085209846496582
decode: 22 0 68296 22 0.01075291633605957
decode: 22 0 68318 22 0.010735034942626953
decode: 22 0 68340 22 0.010730266571044922
decode: 22 0 68362 22 0.010720014572143555
decode: 22 0 68384 22 0.01073908805847168
decode: 21 0 63540 21 0.010513544082641602
extend: 0 1 0 2798 0.06956744194030762
extend: 0 2 0 3444 0.08238935470581055
decode: 23 0 68381 23 0.011617422103881836
decode: 23 0 68404 23 0.01134943962097168
decode: 23 0 68427 23 0.011060476303100586
decode: 23 0 68450 23 0.011043071746826172
decode: 23 0 68473 23 0.011052370071411133
decode: 23 0 68496 23 0.010955333709716797
decode: 23 0 68519 23 0.010921001434326172
decode: 23 0 68542 23 0.010845422744750977
decode: 23 0 68565 23 0.010782480239868164
decode: 23 0 68588 23 0.010804414749145508
decode: 23 0 68611 23 0.010750770568847656
decode: 23 0 68634 23 0.010730266571044922
decode: 23 0 68657 23 0.010823249816894531
decode: 23 0 68680 23 0.010787487030029297
decode: 23 0 68703 23 0.010752677917480469
decode: 23 0 68726 23 0.010751962661743164
decode: 23 0 68749 23 0.010737895965576172
decode: 23 0 68772 23 0.010733842849731445
decode: 23 0 68795 23 0.01078653335571289
decode: 23 0 68818 23 0.010796546936035156
decode: 23 0 68841 23 0.011200666427612305
decode: 23 0 68864 23 0.0114898681640625
decode: 23 0 68887 23 0.011641979217529297
decode: 23 0 68910 23 0.01166391372680664
decode: 23 0 68933 23 0.01168060302734375
decode: 23 0 68956 23 0.011818408966064453
decode: 23 0 68979 23 0.011705636978149414
decode: 23 0 69002 23 0.011723518371582031
decode: 23 0 69025 23 0.011760473251342773
decode: 23 0 69048 23 0.011688709259033203
decode: 23 0 69071 23 0.011840581893920898
decode: 23 0 69094 23 0.01158905029296875
decode: 23 0 69117 23 0.01164698600769043
decode: 23 0 69140 23 0.011718988418579102
decode: 23 0 69163 23 0.01183319091796875
decode: 23 0 69186 23 0.011640071868896484
decode: 23 0 69209 23 0.011492252349853516
decode: 23 0 69232 23 0.011299371719360352
decode: 23 0 69255 23 0.011344671249389648
decode: 23 0 69278 23 0.01130366325378418
decode: 23 0 69301 23 0.011274576187133789
decode: 22 0 66868 22 0.011199712753295898
decode: 22 0 66890 22 0.011204242706298828
decode: 22 0 66912 22 0.011133909225463867
decode: 22 0 66934 22 0.011126518249511719
decode: 22 0 66956 22 0.011124849319458008
decode: 22 0 66978 22 0.011150598526000977
decode: 22 0 67000 22 0.011219263076782227
decode: 22 0 67022 22 0.011124134063720703
decode: 22 0 67044 22 0.011144161224365234
decode: 22 0 67066 22 0.011175394058227539
decode: 22 0 67088 22 0.011137962341308594
decode: 22 0 67110 22 0.011141538619995117
decode: 22 0 67132 22 0.01112508773803711
decode: 22 0 67154 22 0.011122465133666992
decode: 22 0 67176 22 0.011103630065917969
decode: 22 0 67198 22 0.010993719100952148
decode: 22 0 67220 22 0.010984182357788086
decode: 22 0 67242 22 0.010898828506469727
decode: 22 0 67264 22 0.010869503021240234
decode: 22 0 67286 22 0.010849237442016602
decode: 22 0 67308 22 0.010886907577514648
decode: 22 0 67330 22 0.010749340057373047
decode: 22 0 67352 22 0.010757923126220703
decode: 22 0 67374 22 0.010742425918579102
extend: 0 2 0 2484 0.05974245071411133
decode: 23 0 68826 23 0.011578798294067383
decode: 23 0 68849 23 0.011292457580566406
decode: 23 0 68872 23 0.011082172393798828
decode: 22 0 63482 22 0.010741710662841797
extend: 0 1 0 2557 0.06075263023376465
decode: 23 0 66062 23 0.011298179626464844
decode: 23 0 66085 23 0.010973215103149414
decode: 22 0 64234 22 0.010831832885742188
extend: 0 1 0 3354 0.08611130714416504
decode: 23 0 67611 23 0.012137174606323242
decode: 23 0 67634 23 0.011797189712524414
decode: 23 0 67657 23 0.01134800910949707
decode: 23 0 67680 23 0.01117086410522461
decode: 23 0 67703 23 0.011051416397094727
decode: 23 0 67726 23 0.011069774627685547
decode: 23 0 67749 23 0.01099848747253418
decode: 23 0 67772 23 0.010924816131591797
decode: 23 0 67795 23 0.010967016220092773
decode: 23 0 67818 23 0.010962963104248047
decode: 23 0 67841 23 0.011084318161010742
decode: 23 0 67864 23 0.011069059371948242
decode: 23 0 67887 23 0.011017560958862305
decode: 23 0 67910 23 0.01090550422668457
decode: 22 0 64564 22 0.010864496231079102
extend: 0 1 0 1203 0.032607316970825195
decode: 23 0 65790 23 0.01121830940246582
decode: 23 0 65813 23 0.01098489761352539
decode: 23 0 65836 23 0.010942459106445312
decode: 23 0 65859 23 0.010883808135986328
decode: 23 0 65882 23 0.010854244232177734
decode: 23 0 65905 23 0.010655879974365234
decode: 23 0 65928 23 0.010643959045410156
decode: 22 0 61017 22 0.010418176651000977
extend: 0 1 0 1401 0.036615848541259766
decode: 23 0 62441 23 0.010959863662719727
decode: 23 0 62464 23 0.010824441909790039
decode: 23 0 62487 23 0.010749578475952148
decode: 23 0 62510 23 0.010692834854125977
decode: 23 0 62533 23 0.010590553283691406
decode: 23 0 62556 23 0.010548114776611328
decode: 23 0 62579 23 0.010532855987548828
decode: 23 0 62602 23 0.010526895523071289
decode: 23 0 62625 23 0.010504961013793945
decode: 23 0 62648 23 0.010770082473754883
decode: 23 0 62671 23 0.01087808609008789
decode: 23 0 62694 23 0.010760307312011719
decode: 22 0 57588 22 0.010527849197387695
extend: 0 2 0 4242 0.10638117790222168
decode: 24 0 61854 24 0.011946678161621094
decode: 24 0 61878 24 0.011425495147705078
decode: 24 0 61902 24 0.011192798614501953
decode: 23 0 60698 23 0.011178255081176758
extend: 0 1 0 2517 0.06375432014465332
extend: 0 3 0 1679 0.042311668395996094
decode: 27 0 64921 27 0.012145042419433594
decode: 27 0 64948 27 0.012029886245727539
decode: 27 0 64975 27 0.011951208114624023
decode: 27 0 65002 27 0.012064218521118164
decode: 27 0 65029 27 0.012141942977905273
decode: 27 0 65056 27 0.012000799179077148
decode: 27 0 65083 27 0.011946439743041992
decode: 27 0 65110 27 0.011966466903686523
decode: 27 0 65137 27 0.011905670166015625
decode: 27 0 65164 27 0.011020183563232422
decode: 27 0 65191 27 0.010825395584106445
decode: 27 0 65218 27 0.010773420333862305
decode: 27 0 65245 27 0.010776042938232422
decode: 27 0 65272 27 0.01092529296875
decode: 27 0 65299 27 0.010766029357910156
decode: 27 0 65326 27 0.01078343391418457
decode: 27 0 65353 27 0.010767698287963867
decode: 27 0 65380 27 0.010834217071533203
decode: 27 0 65407 27 0.010781049728393555
decode: 26 0 64032 26 0.01090240478515625
decode: 26 0 64058 26 0.010833978652954102
decode: 26 0 64084 26 0.010778188705444336
decode: 26 0 64110 26 0.01077413558959961
decode: 26 0 64136 26 0.010783672332763672
decode: 26 0 64162 26 0.010767221450805664
decode: 26 0 64188 26 0.010806560516357422
decode: 26 0 64214 26 0.010794878005981445
decode: 26 0 64240 26 0.010812044143676758
decode: 26 0 64266 26 0.010785818099975586
decode: 26 0 64292 26 0.010941743850708008
decode: 26 0 64318 26 0.011019229888916016
decode: 26 0 64344 26 0.011135339736938477
decode: 26 0 64370 26 0.011006355285644531
decode: 26 0 64396 26 0.010996818542480469
decode: 26 0 64422 26 0.01107335090637207
decode: 26 0 64448 26 0.011044502258300781
decode: 26 0 64474 26 0.011083602905273438
decode: 26 0 64500 26 0.01105642318725586
decode: 25 0 63866 25 0.010965347290039062
decode: 25 0 63891 25 0.01095890998840332
decode: 25 0 63916 25 0.011055707931518555
decode: 25 0 63941 25 0.010972738265991211
decode: 25 0 63966 25 0.010916709899902344
decode: 25 0 63991 25 0.01087331771850586
decode: 25 0 64016 25 0.010766267776489258
decode: 25 0 64041 25 0.010776042938232422
decode: 25 0 64066 25 0.010848760604858398
decode: 25 0 64091 25 0.01077127456665039
decode: 25 0 64116 25 0.010868549346923828
decode: 25 0 64141 25 0.010856866836547852
decode: 25 0 64166 25 0.01119232177734375
decode: 25 0 64191 25 0.0113983154296875
decode: 25 0 64216 25 0.011724710464477539
decode: 25 0 64241 25 0.011892080307006836
decode: 25 0 64266 25 0.011876106262207031
decode: 25 0 64291 25 0.01202845573425293
decode: 25 0 64316 25 0.011971473693847656
decode: 25 0 64341 25 0.01203775405883789
decode: 25 0 64366 25 0.012051105499267578
decode: 25 0 64391 25 0.012127161026000977
decode: 25 0 64416 25 0.011763811111450195
decode: 25 0 64441 25 0.011564016342163086
decode: 25 0 64466 25 0.01142263412475586
decode: 25 0 64491 25 0.011022329330444336
decode: 25 0 64516 25 0.010916471481323242
decode: 25 0 64541 25 0.010872840881347656
decode: 25 0 64566 25 0.010788202285766602
decode: 25 0 64591 25 0.010769367218017578
decode: 25 0 64616 25 0.010772943496704102
decode: 25 0 64641 25 0.01089334487915039
decode: 25 0 64666 25 0.010783910751342773
decode: 25 0 64691 25 0.011399507522583008
decode: 25 0 64716 25 0.012006759643554688
decode: 25 0 64741 25 0.012003898620605469
decode: 25 0 64766 25 0.01190495491027832
decode: 25 0 64791 25 0.011964797973632812
decode: 25 0 64816 25 0.012011289596557617
decode: 25 0 64841 25 0.012137174606323242
decode: 25 0 64866 25 0.012145757675170898
decode: 25 0 64891 25 0.012058258056640625
decode: 25 0 64916 25 0.011824607849121094
decode: 25 0 64941 25 0.011871337890625
decode: 25 0 64966 25 0.011156082153320312
decode: 25 0 64991 25 0.01100611686706543
decode: 25 0 65016 25 0.010804176330566406
decode: 25 0 65041 25 0.010793685913085938
decode: 25 0 65066 25 0.010796070098876953
decode: 25 0 65091 25 0.010784149169921875
decode: 25 0 65116 25 0.01084280014038086
decode: 25 0 65141 25 0.010802030563354492
decode: 25 0 65166 25 0.01080632209777832
decode: 25 0 65191 25 0.01080942153930664
decode: 25 0 65216 25 0.0108642578125
decode: 25 0 65241 25 0.010890007019042969
decode: 25 0 65266 25 0.010800838470458984
decode: 25 0 65291 25 0.010796546936035156
decode: 25 0 65316 25 0.010848283767700195
decode: 25 0 65341 25 0.010845422744750977
decode: 25 0 65366 25 0.010812044143676758
decode: 25 0 65391 25 0.010818004608154297
decode: 25 0 65416 25 0.010800600051879883
decode: 25 0 65441 25 0.010815620422363281
decode: 25 0 65466 25 0.010910272598266602
decode: 25 0 65491 25 0.01077723503112793
decode: 25 0 65516 25 0.01079559326171875
decode: 25 0 65541 25 0.01079559326171875
decode: 25 0 65566 25 0.010826587677001953
decode: 25 0 65591 25 0.011075735092163086
decode: 25 0 65616 25 0.010914087295532227
decode: 25 0 65641 25 0.010825157165527344
decode: 25 0 65666 25 0.010841608047485352
decode: 25 0 65691 25 0.01082301139831543
decode: 25 0 65716 25 0.010822296142578125
decode: 25 0 65741 25 0.010906696319580078
decode: 25 0 65766 25 0.010838747024536133
decode: 25 0 65791 25 0.010937929153442383
decode: 25 0 65816 25 0.010828495025634766
decode: 25 0 65841 25 0.010813474655151367
decode: 25 0 65866 25 0.010853052139282227
decode: 25 0 65891 25 0.01083230972290039
decode: 25 0 65916 25 0.010839223861694336
decode: 25 0 65941 25 0.010864734649658203
decode: 25 0 65966 25 0.010837793350219727
decode: 25 0 65991 25 0.010855913162231445
decode: 25 0 66016 25 0.010859012603759766
decode: 25 0 66041 25 0.010915517807006836
decode: 25 0 66066 25 0.010890483856201172
decode: 25 0 66091 25 0.010898113250732422
decode: 25 0 66116 25 0.010915517807006836
decode: 25 0 66141 25 0.010985136032104492
decode: 25 0 66166 25 0.010925531387329102
decode: 25 0 66191 25 0.010918378829956055
decode: 25 0 66216 25 0.010909318923950195
decode: 25 0 66241 25 0.010917425155639648
decode: 25 0 66266 25 0.010881662368774414
decode: 25 0 66291 25 0.010900497436523438
decode: 25 0 66316 25 0.010864496231079102
decode: 25 0 66341 25 0.01085209846496582
decode: 25 0 66366 25 0.010882139205932617
decode: 25 0 66391 25 0.01108407974243164
decode: 25 0 66416 25 0.011046171188354492
decode: 25 0 66441 25 0.01111149787902832
decode: 25 0 66466 25 0.011077642440795898
decode: 25 0 66491 25 0.011135578155517578
decode: 25 0 66516 25 0.011152267456054688
decode: 25 0 66541 25 0.011184930801391602
decode: 25 0 66566 25 0.011274099349975586
decode: 25 0 66591 25 0.011197328567504883
decode: 25 0 66616 25 0.011041402816772461
decode: 25 0 66641 25 0.011000633239746094
decode: 25 0 66666 25 0.010957956314086914
decode: 25 0 66691 25 0.010967254638671875
decode: 25 0 66716 25 0.010978221893310547
decode: 25 0 66741 25 0.010968208312988281
decode: 25 0 66766 25 0.01096034049987793
decode: 25 0 66791 25 0.010941267013549805
decode: 25 0 66816 25 0.010917901992797852
decode: 25 0 66841 25 0.011007308959960938
decode: 25 0 66866 25 0.01091766357421875
decode: 25 0 66891 25 0.010920524597167969
decode: 25 0 66916 25 0.010989189147949219
decode: 25 0 66941 25 0.01092982292175293
decode: 25 0 66966 25 0.01100301742553711
decode: 25 0 66991 25 0.010929584503173828
decode: 25 0 67016 25 0.010923385620117188
decode: 25 0 67041 25 0.011080503463745117
decode: 25 0 67066 25 0.010885477066040039
decode: 25 0 67091 25 0.010912656784057617
decode: 25 0 67116 25 0.010982990264892578
decode: 25 0 67141 25 0.010895967483520508
decode: 25 0 67166 25 0.01090860366821289
decode: 25 0 67191 25 0.010922431945800781
decode: 25 0 67216 25 0.01092219352722168
decode: 25 0 67241 25 0.010907411575317383
decode: 25 0 67266 25 0.010945796966552734
decode: 25 0 67291 25 0.01103520393371582
decode: 25 0 67316 25 0.010987997055053711
decode: 25 0 67341 25 0.010975360870361328
decode: 25 0 67366 25 0.011007308959960938
decode: 25 0 67391 25 0.011123180389404297
decode: 25 0 67416 25 0.011005163192749023
decode: 25 0 67441 25 0.010994911193847656
decode: 25 0 67466 25 0.010965108871459961
decode: 25 0 67491 25 0.010951757431030273
decode: 25 0 67516 25 0.011164665222167969
decode: 25 0 67541 25 0.01101231575012207
decode: 25 0 67566 25 0.010955572128295898
decode: 25 0 67591 25 0.01104426383972168
decode: 25 0 67616 25 0.01094675064086914
decode: 25 0 67641 25 0.010984420776367188
decode: 25 0 67666 25 0.011061668395996094
decode: 25 0 67691 25 0.011077642440795898
decode: 25 0 67716 25 0.011038780212402344
decode: 25 0 67741 25 0.01102900505065918
decode: 25 0 67766 25 0.01105952262878418
decode: 25 0 67791 25 0.011075735092163086
decode: 25 0 67816 25 0.011093616485595703
decode: 25 0 67841 25 0.011210203170776367
decode: 25 0 67866 25 0.011136770248413086
decode: 25 0 67891 25 0.011097908020019531
decode: 25 0 67916 25 0.011046409606933594
decode: 25 0 67941 25 0.011086225509643555
decode: 25 0 67966 25 0.011055946350097656
decode: 25 0 67991 25 0.011028766632080078
decode: 25 0 68016 25 0.011027097702026367
decode: 25 0 68041 25 0.01107931137084961
decode: 25 0 68066 25 0.011026382446289062
decode: 25 0 68091 25 0.011008739471435547
decode: 25 0 68116 25 0.010989904403686523
decode: 25 0 68141 25 0.010999679565429688
decode: 25 0 68166 25 0.011052131652832031
decode: 25 0 68191 25 0.01101064682006836
decode: 25 0 68216 25 0.010982751846313477
decode: 25 0 68241 25 0.011023759841918945
decode: 25 0 68266 25 0.011025190353393555
decode: 25 0 68291 25 0.011009693145751953
decode: 25 0 68316 25 0.011023998260498047
decode: 25 0 68341 25 0.011022090911865234
decode: 25 0 68366 25 0.011011600494384766
decode: 25 0 68391 25 0.010976791381835938
decode: 25 0 68416 25 0.01100778579711914
decode: 25 0 68441 25 0.011051654815673828
decode: 25 0 68466 25 0.01103663444519043
decode: 25 0 68491 25 0.011049747467041016
decode: 25 0 68516 25 0.011024236679077148
decode: 25 0 68541 25 0.011049985885620117
decode: 25 0 68566 25 0.011172771453857422
decode: 25 0 68591 25 0.011158227920532227
decode: 25 0 68616 25 0.011193990707397461
decode: 25 0 68641 25 0.011179447174072266
decode: 25 0 68666 25 0.011222600936889648
decode: 25 0 68691 25 0.01120901107788086
decode: 25 0 68716 25 0.011277914047241211
decode: 25 0 68741 25 0.011275053024291992
decode: 25 0 68766 25 0.011410236358642578
decode: 25 0 68791 25 0.011316776275634766
decode: 25 0 68816 25 0.011376619338989258
decode: 25 0 68841 25 0.011383056640625
decode: 25 0 68866 25 0.011499881744384766
decode: 25 0 68891 25 0.011218070983886719
decode: 25 0 68916 25 0.01119375228881836
decode: 25 0 68941 25 0.011179447174072266
decode: 25 0 68966 25 0.011212825775146484
decode: 25 0 68991 25 0.0111541748046875
decode: 25 0 69016 25 0.011133909225463867
decode: 25 0 69041 25 0.011158943176269531
decode: 25 0 69066 25 0.011153697967529297
decode: 25 0 69091 25 0.011188745498657227
decode: 25 0 69116 25 0.01127004623413086
decode: 25 0 69141 25 0.011174201965332031
decode: 25 0 69166 25 0.011173248291015625
decode: 25 0 69191 25 0.011120080947875977
decode: 25 0 69216 25 0.011174678802490234
decode: 25 0 69241 25 0.01116943359375
decode: 25 0 69266 25 0.011105060577392578
decode: 25 0 69291 25 0.011089324951171875
decode: 25 0 69316 25 0.01107168197631836
decode: 25 0 69341 25 0.011049509048461914
decode: 25 0 69366 25 0.011046886444091797
decode: 25 0 69391 25 0.011000871658325195
decode: 25 0 69416 25 0.011073589324951172
decode: 25 0 69441 25 0.011145830154418945
decode: 25 0 69466 25 0.011093854904174805
decode: 24 0 65183 24 0.010688543319702148
decode: 24 0 65207 24 0.010570764541625977
decode: 24 0 65231 24 0.010599374771118164
decode: 24 0 65255 24 0.010583162307739258
decode: 23 0 61696 23 0.010455608367919922
decode: 23 0 61719 23 0.01049041748046875
decode: 23 0 61742 23 0.010476827621459961
decode: 23 0 61765 23 0.010482549667358398
decode: 23 0 61788 23 0.010532855987548828
decode: 23 0 61811 23 0.010466814041137695
decode: 23 0 61834 23 0.010457992553710938
decode: 23 0 61857 23 0.010478734970092773
decode: 23 0 61880 23 0.010439157485961914
decode: 23 0 61903 23 0.010467529296875
decode: 23 0 61926 23 0.01045536994934082
decode: 23 0 61949 23 0.01044154167175293
decode: 23 0 61972 23 0.01043248176574707
decode: 23 0 61995 23 0.010532855987548828
decode: 23 0 62018 23 0.01048421859741211
decode: 23 0 62041 23 0.010468721389770508
decode: 23 0 62064 23 0.010539531707763672
decode: 23 0 62087 23 0.010527849197387695
decode: 23 0 62110 23 0.01051783561706543
decode: 23 0 62133 23 0.01053762435913086
decode: 23 0 62156 23 0.010522842407226562
decode: 23 0 62179 23 0.010530233383178711
decode: 23 0 62202 23 0.010499238967895508
decode: 23 0 62225 23 0.01049661636352539
decode: 23 0 62248 23 0.01048421859741211
decode: 23 0 62271 23 0.010428190231323242
decode: 23 0 62294 23 0.010451316833496094
decode: 23 0 62317 23 0.010431766510009766
decode: 23 0 62340 23 0.010438680648803711
decode: 23 0 62363 23 0.010452508926391602
decode: 23 0 62386 23 0.010451555252075195
decode: 23 0 62409 23 0.010463714599609375
decode: 23 0 62432 23 0.010471105575561523
decode: 23 0 62455 23 0.010475397109985352
decode: 23 0 62478 23 0.010488510131835938
decode: 23 0 62501 23 0.010518789291381836
decode: 23 0 62524 23 0.010514974594116211
decode: 23 0 62547 23 0.010553359985351562
decode: 23 0 62570 23 0.01056361198425293
decode: 23 0 62593 23 0.01055455207824707
decode: 23 0 62616 23 0.010663747787475586
decode: 23 0 62639 23 0.010556459426879883
decode: 23 0 62662 23 0.010530233383178711
decode: 23 0 62685 23 0.010512828826904297
decode: 23 0 62708 23 0.010509490966796875
decode: 23 0 62731 23 0.010564804077148438
decode: 23 0 62754 23 0.010549545288085938
decode: 23 0 62777 23 0.010546684265136719
decode: 23 0 62800 23 0.010542154312133789
decode: 23 0 62823 23 0.010535478591918945
decode: 23 0 62846 23 0.010561227798461914
decode: 23 0 62869 23 0.010582923889160156
decode: 23 0 62892 23 0.010689496994018555
decode: 23 0 62915 23 0.010629653930664062
decode: 23 0 62938 23 0.010599136352539062
decode: 23 0 62961 23 0.010608911514282227
decode: 23 0 62984 23 0.010665178298950195
decode: 23 0 63007 23 0.010820150375366211
decode: 23 0 63030 23 0.010709524154663086
decode: 23 0 63053 23 0.010695695877075195
decode: 23 0 63076 23 0.010741472244262695
decode: 23 0 63099 23 0.010722637176513672
decode: 23 0 63122 23 0.010732173919677734
decode: 23 0 63145 23 0.010720491409301758
decode: 22 0 61364 22 0.010654449462890625
decode: 22 0 61386 22 0.010720252990722656
decode: 22 0 61408 22 0.010814189910888672
decode: 22 0 61430 22 0.010584115982055664
decode: 22 0 61452 22 0.01056671142578125
decode: 20 0 57418 20 0.010329723358154297
decode: 20 0 57438 20 0.010362863540649414
decode: 20 0 57458 20 0.01032876968383789
decode: 20 0 57478 20 0.01036524772644043
decode: 20 0 57498 20 0.01035618782043457
decode: 20 0 57518 20 0.0102996826171875
decode: 20 0 57538 20 0.010348796844482422
decode: 20 0 57558 20 0.010248422622680664
decode: 20 0 57578 20 0.010270357131958008
decode: 20 0 57598 20 0.010302066802978516
decode: 20 0 57618 20 0.01032710075378418
decode: 20 0 57638 20 0.010314702987670898
decode: 20 0 57658 20 0.010410785675048828
decode: 20 0 57678 20 0.010321855545043945
decode: 20 0 57698 20 0.01030731201171875
decode: 20 0 57718 20 0.010350704193115234
decode: 20 0 57738 20 0.010343313217163086
decode: 20 0 57758 20 0.01030731201171875
decode: 20 0 57778 20 0.010305643081665039
decode: 20 0 57798 20 0.010403156280517578
decode: 20 0 57818 20 0.01033329963684082
decode: 20 0 57838 20 0.010284662246704102
decode: 20 0 57858 20 0.010278940200805664
decode: 20 0 57878 20 0.010246753692626953
decode: 20 0 57898 20 0.010242223739624023
decode: 20 0 57918 20 0.01027822494506836
decode: 20 0 57938 20 0.010235071182250977
decode: 19 0 56434 19 0.010207176208496094
decode: 19 0 56453 19 0.01018381118774414
decode: 19 0 56472 19 0.010164022445678711
decode: 19 0 56491 19 0.010152101516723633
decode: 19 0 56510 19 0.010215997695922852
decode: 18 0 50882 18 0.009973764419555664
decode: 18 0 50900 18 0.009942770004272461
decode: 18 0 50918 18 0.009924173355102539
decode: 18 0 50936 18 0.009942293167114258
decode: 18 0 50954 18 0.010041236877441406
decode: 18 0 50972 18 0.00998997688293457
decode: 18 0 50990 18 0.009924173355102539
decode: 18 0 51008 18 0.009927749633789062
decode: 18 0 51026 18 0.010032415390014648
decode: 18 0 51044 18 0.01000070571899414
decode: 18 0 51062 18 0.009911775588989258
decode: 18 0 51080 18 0.009958744049072266
decode: 18 0 51098 18 0.009912252426147461
decode: 18 0 51116 18 0.00990748405456543
decode: 18 0 51134 18 0.009895563125610352
decode: 18 0 51152 18 0.010039091110229492
decode: 18 0 51170 18 0.010275602340698242
decode: 17 0 46520 17 0.01012563705444336
decode: 17 0 46537 17 0.009805679321289062
decode: 17 0 46554 17 0.009821414947509766
decode: 17 0 46571 17 0.009801149368286133
decode: 17 0 46588 17 0.009819746017456055
decode: 17 0 46605 17 0.009815216064453125
decode: 17 0 46622 17 0.009797096252441406
decode: 17 0 46639 17 0.009799480438232422
decode: 17 0 46656 17 0.009791135787963867
decode: 17 0 46673 17 0.009765863418579102
decode: 17 0 46690 17 0.009827375411987305
decode: 17 0 46707 17 0.009768009185791016
decode: 17 0 46724 17 0.009804964065551758
decode: 17 0 46741 17 0.009781360626220703
decode: 17 0 46758 17 0.009865045547485352
decode: 17 0 46775 17 0.009804487228393555
decode: 17 0 46792 17 0.009790897369384766
decode: 17 0 46809 17 0.009785652160644531
decode: 17 0 46826 17 0.009841680526733398
decode: 17 0 46843 17 0.009898662567138672
decode: 17 0 46860 17 0.009781599044799805
decode: 17 0 46877 17 0.009796857833862305
decode: 17 0 46894 17 0.009808778762817383
decode: 17 0 46911 17 0.009749650955200195
decode: 17 0 46928 17 0.00975346565246582
decode: 17 0 46945 17 0.009792804718017578
decode: 17 0 46962 17 0.009754419326782227
decode: 17 0 46979 17 0.009768962860107422
decode: 17 0 46996 17 0.00974273681640625
decode: 17 0 47013 17 0.009775161743164062
decode: 17 0 47030 17 0.009763002395629883
decode: 17 0 47047 17 0.009790897369384766
decode: 17 0 47064 17 0.009801626205444336
decode: 17 0 47081 17 0.009776115417480469
decode: 17 0 47098 17 0.009767532348632812
decode: 17 0 47115 17 0.009795904159545898
decode: 17 0 47132 17 0.009793758392333984
decode: 17 0 47149 17 0.009837150573730469
decode: 17 0 47166 17 0.009971380233764648
decode: 17 0 47183 17 0.009835243225097656
decode: 17 0 47200 17 0.009859323501586914
decode: 17 0 47217 17 0.00986027717590332
decode: 17 0 47234 17 0.009845972061157227
decode: 17 0 47251 17 0.009842157363891602
decode: 17 0 47268 17 0.009872913360595703
decode: 17 0 47285 17 0.009960174560546875
decode: 17 0 47302 17 0.009849786758422852
decode: 17 0 47319 17 0.009830236434936523
decode: 17 0 47336 17 0.00982666015625
decode: 17 0 47353 17 0.009882688522338867
decode: 17 0 47370 17 0.009839773178100586
decode: 17 0 47387 17 0.009877204895019531
decode: 17 0 47404 17 0.009959697723388672
decode: 17 0 47421 17 0.009820699691772461
decode: 17 0 47438 17 0.00984811782836914
decode: 17 0 47455 17 0.00984811782836914
decode: 17 0 47472 17 0.00980234146118164
decode: 17 0 47489 17 0.009840250015258789
decode: 17 0 47506 17 0.009790182113647461
decode: 17 0 47523 17 0.009794235229492188
decode: 17 0 47540 17 0.009860992431640625
decode: 17 0 47557 17 0.009824037551879883
decode: 17 0 47574 17 0.009799718856811523
decode: 17 0 47591 17 0.009832382202148438
decode: 16 0 46981 16 0.009548425674438477
decode: 16 0 46997 16 0.009488582611083984
decode: 16 0 47013 16 0.009508371353149414
decode: 16 0 47029 16 0.009478092193603516
decode: 16 0 47045 16 0.00948786735534668
decode: 16 0 47061 16 0.009483098983764648
decode: 16 0 47077 16 0.009528398513793945
decode: 16 0 47093 16 0.009506464004516602
decode: 16 0 47109 16 0.00951075553894043
decode: 16 0 47125 16 0.00954294204711914
decode: 16 0 47141 16 0.009513139724731445
decode: 16 0 47157 16 0.009516477584838867
decode: 16 0 47173 16 0.009507894515991211
decode: 16 0 47189 16 0.009583711624145508
decode: 16 0 47205 16 0.009551286697387695
decode: 16 0 47221 16 0.009524822235107422
decode: 16 0 47237 16 0.009508609771728516
decode: 16 0 47253 16 0.009546279907226562
decode: 16 0 47269 16 0.009531021118164062
decode: 16 0 47285 16 0.009521245956420898
decode: 16 0 47301 16 0.009752750396728516
decode: 16 0 47317 16 0.00969243049621582
decode: 16 0 47333 16 0.00968790054321289
decode: 16 0 47349 16 0.009661197662353516
decode: 16 0 47365 16 0.009676933288574219
decode: 16 0 47381 16 0.009734869003295898
decode: 16 0 47397 16 0.009735345840454102
decode: 16 0 47413 16 0.009772062301635742
decode: 16 0 47429 16 0.00979161262512207
decode: 16 0 47445 16 0.009732961654663086
decode: 16 0 47461 16 0.009799480438232422
decode: 16 0 47477 16 0.009634017944335938
decode: 16 0 47493 16 0.00960993766784668
decode: 16 0 47509 16 0.009607315063476562
decode: 16 0 47525 16 0.009589672088623047
decode: 16 0 47541 16 0.009762763977050781
decode: 16 0 47557 16 0.009621858596801758
decode: 16 0 47573 16 0.009604930877685547
decode: 16 0 47589 16 0.009588479995727539
decode: 16 0 47605 16 0.009569644927978516
decode: 16 0 47621 16 0.00964498519897461
decode: 16 0 47637 16 0.009526729583740234
decode: 16 0 47653 16 0.009518861770629883
decode: 16 0 47669 16 0.00949239730834961
decode: 16 0 47685 16 0.009484291076660156
decode: 16 0 47701 16 0.009477615356445312
decode: 16 0 47717 16 0.009504318237304688
decode: 16 0 47733 16 0.00945734977722168
decode: 16 0 47749 16 0.00948953628540039
decode: 16 0 47765 16 0.009484529495239258
decode: 16 0 47781 16 0.00945138931274414
decode: 16 0 47797 16 0.009475469589233398
decode: 16 0 47813 16 0.009460926055908203
decode: 16 0 47829 16 0.009484291076660156
decode: 16 0 47845 16 0.009571075439453125
decode: 16 0 47861 16 0.009466171264648438
decode: 15 0 42393 15 0.009225845336914062
decode: 15 0 42408 15 0.009246110916137695
decode: 15 0 42423 15 0.009223222732543945
decode: 15 0 42438 15 0.009244441986083984
decode: 15 0 42453 15 0.009238958358764648
decode: 15 0 42468 15 0.009252548217773438
decode: 15 0 42483 15 0.009231805801391602
decode: 15 0 42498 15 0.00921940803527832
decode: 15 0 42513 15 0.009299039840698242
decode: 15 0 42528 15 0.009216547012329102
decode: 15 0 42543 15 0.009231805801391602
decode: 15 0 42558 15 0.009289979934692383
decode: 15 0 42573 15 0.009253978729248047
decode: 15 0 42588 15 0.009251832962036133
decode: 15 0 42603 15 0.009263992309570312
decode: 15 0 42618 15 0.009280681610107422
decode: 15 0 42633 15 0.009344816207885742
decode: 15 0 42648 15 0.009267568588256836
decode: 15 0 42663 15 0.009285211563110352
decode: 15 0 42678 15 0.009247303009033203
decode: 15 0 42693 15 0.009340286254882812
decode: 15 0 42708 15 0.009303092956542969
decode: 15 0 42723 15 0.009375572204589844
decode: 15 0 42738 15 0.00925445556640625
decode: 15 0 42753 15 0.009324312210083008
decode: 14 0 41104 14 0.009139776229858398
decode: 14 0 41118 14 0.00916743278503418
decode: 14 0 41132 14 0.009162187576293945
decode: 14 0 41146 14 0.009145259857177734
decode: 14 0 41160 14 0.009181737899780273
decode: 14 0 41174 14 0.009229660034179688
decode: 14 0 41188 14 0.0091552734375
decode: 14 0 41202 14 0.009157180786132812
decode: 14 0 41216 14 0.009166240692138672
decode: 14 0 41230 14 0.00915217399597168
decode: 14 0 41244 14 0.009155035018920898
decode: 14 0 41258 14 0.009166479110717773
decode: 14 0 41272 14 0.009146928787231445
decode: 14 0 41286 14 0.009152889251708984
decode: 14 0 41300 14 0.009172677993774414
decode: 14 0 41314 14 0.009165048599243164
decode: 14 0 41328 14 0.009158849716186523
decode: 14 0 41342 14 0.009146690368652344
decode: 14 0 41356 14 0.009210586547851562
decode: 14 0 41370 14 0.009203195571899414
decode: 14 0 41384 14 0.009238719940185547
decode: 14 0 41398 14 0.00929570198059082
decode: 14 0 41412 14 0.009205818176269531
decode: 14 0 41426 14 0.009303808212280273
decode: 14 0 41440 14 0.009231328964233398
decode: 14 0 41454 14 0.009189367294311523
decode: 14 0 41468 14 0.009209632873535156
decode: 14 0 41482 14 0.009202718734741211
decode: 14 0 41496 14 0.009191036224365234
decode: 14 0 41510 14 0.009202003479003906
decode: 14 0 41524 14 0.009212255477905273
decode: 14 0 41538 14 0.00921630859375
decode: 14 0 41552 14 0.009304523468017578
decode: 14 0 41566 14 0.009235620498657227
decode: 14 0 41580 14 0.00930476188659668
decode: 14 0 41594 14 0.009225130081176758
decode: 14 0 41608 14 0.009227275848388672
decode: 14 0 41622 14 0.009238958358764648
decode: 14 0 41636 14 0.009195804595947266
decode: 14 0 41650 14 0.009263038635253906
decode: 14 0 41664 14 0.009202718734741211
decode: 14 0 41678 14 0.009202957153320312
decode: 14 0 41692 14 0.009195804595947266
decode: 14 0 41706 14 0.009220361709594727
decode: 14 0 41720 14 0.009220123291015625
decode: 14 0 41734 14 0.009222984313964844
decode: 14 0 41748 14 0.009302616119384766
decode: 14 0 41762 14 0.009216070175170898
decode: 14 0 41776 14 0.009230375289916992
decode: 14 0 41790 14 0.00920557975769043
decode: 14 0 41804 14 0.00968313217163086
decode: 14 0 41818 14 0.010375022888183594
decode: 14 0 41832 14 0.010323047637939453
decode: 14 0 41846 14 0.010213375091552734
decode: 14 0 41860 14 0.010132789611816406
decode: 14 0 41874 14 0.01011967658996582
decode: 14 0 41888 14 0.010059595108032227
decode: 14 0 41902 14 0.010072469711303711
decode: 14 0 41916 14 0.010054826736450195
decode: 14 0 41930 14 0.010087966918945312
decode: 14 0 41944 14 0.010051727294921875
decode: 14 0 41958 14 0.010055780410766602
decode: 14 0 41972 14 0.010048389434814453
decode: 14 0 41986 14 0.010047197341918945
decode: 14 0 42000 14 0.010058164596557617
decode: 14 0 42014 14 0.010027408599853516
decode: 14 0 42028 14 0.009738683700561523
decode: 14 0 42042 14 0.009724855422973633
decode: 14 0 42056 14 0.009638071060180664
decode: 14 0 42070 14 0.009618997573852539
decode: 14 0 42084 14 0.009631156921386719
decode: 14 0 42098 14 0.009552478790283203
decode: 14 0 42112 14 0.009565353393554688
decode: 14 0 42126 14 0.009536981582641602
decode: 14 0 42140 14 0.009529590606689453
decode: 14 0 42154 14 0.00946950912475586
decode: 14 0 42168 14 0.009550809860229492
decode: 14 0 42182 14 0.009513139724731445
decode: 14 0 42196 14 0.009514331817626953
decode: 14 0 42210 14 0.009523868560791016
decode: 14 0 42224 14 0.009491920471191406
decode: 14 0 42238 14 0.009518146514892578
decode: 14 0 42252 14 0.009515047073364258
decode: 14 0 42266 14 0.009461641311645508
decode: 14 0 42280 14 0.009499073028564453
decode: 14 0 42294 14 0.009442329406738281
decode: 14 0 42308 14 0.009497642517089844
decode: 14 0 42322 14 0.009483814239501953
decode: 14 0 42336 14 0.009513139724731445
decode: 14 0 42350 14 0.009496212005615234
decode: 14 0 42364 14 0.009540081024169922
decode: 14 0 42378 14 0.009490728378295898
decode: 14 0 42392 14 0.009621620178222656
decode: 14 0 42406 14 0.009504318237304688
decode: 14 0 42420 14 0.009507179260253906
decode: 14 0 42434 14 0.009494781494140625
decode: 14 0 42448 14 0.009511470794677734
decode: 14 0 42462 14 0.00961756706237793
decode: 14 0 42476 14 0.00947880744934082
decode: 14 0 42490 14 0.009494781494140625
decode: 14 0 42504 14 0.00961160659790039
decode: 14 0 42518 14 0.009510517120361328
decode: 14 0 42532 14 0.009537220001220703
decode: 14 0 42546 14 0.009557723999023438
decode: 14 0 42560 14 0.009523868560791016
decode: 14 0 42574 14 0.009550333023071289
decode: 14 0 42588 14 0.00953221321105957
decode: 14 0 42602 14 0.009528875350952148
decode: 14 0 42616 14 0.009491205215454102
decode: 14 0 42630 14 0.009515523910522461
decode: 14 0 42644 14 0.009621381759643555
decode: 14 0 42658 14 0.009542703628540039
decode: 14 0 42672 14 0.00952601432800293
decode: 14 0 42686 14 0.00950002670288086
decode: 14 0 42700 14 0.00949239730834961
decode: 14 0 42714 14 0.009581804275512695
decode: 14 0 42728 14 0.009499311447143555
decode: 14 0 42742 14 0.009519577026367188
decode: 14 0 42756 14 0.009485483169555664
decode: 14 0 42770 14 0.00958871841430664
decode: 14 0 42784 14 0.009500265121459961
decode: 14 0 42798 14 0.009492635726928711
decode: 14 0 42812 14 0.009481191635131836
decode: 14 0 42826 14 0.00951695442199707
decode: 14 0 42840 14 0.009501457214355469
decode: 14 0 42854 14 0.00948643684387207
decode: 14 0 42868 14 0.009486675262451172
decode: 14 0 42882 14 0.009490251541137695
decode: 14 0 42896 14 0.009505510330200195
decode: 14 0 42910 14 0.009485244750976562
decode: 14 0 42924 14 0.009476900100708008
decode: 14 0 42938 14 0.00949239730834961
decode: 14 0 42952 14 0.009472131729125977
decode: 14 0 42966 14 0.00952291488647461
decode: 14 0 42980 14 0.009481430053710938
decode: 14 0 42994 14 0.009448528289794922
decode: 14 0 43008 14 0.009472370147705078
decode: 14 0 43022 14 0.009498357772827148
decode: 14 0 43036 14 0.00947713851928711
decode: 14 0 43050 14 0.009508848190307617
decode: 14 0 43064 14 0.009540319442749023
decode: 14 0 43078 14 0.009508848190307617
decode: 14 0 43092 14 0.009494781494140625
decode: 14 0 43106 14 0.009488582611083984
decode: 14 0 43120 14 0.009470939636230469
decode: 14 0 43134 14 0.009548425674438477
decode: 14 0 43148 14 0.009488582611083984
decode: 14 0 43162 14 0.009493827819824219
decode: 14 0 43176 14 0.009491920471191406
decode: 14 0 43190 14 0.009497642517089844
decode: 14 0 43204 14 0.009512901306152344
decode: 14 0 43218 14 0.009532690048217773
decode: 14 0 43232 14 0.009566068649291992
decode: 14 0 43246 14 0.00967550277709961
decode: 14 0 43260 14 0.00973367691040039
decode: 14 0 43274 14 0.009718894958496094
decode: 14 0 43288 14 0.009839057922363281
decode: 14 0 43302 14 0.009772539138793945
decode: 14 0 43316 14 0.00979924201965332
decode: 14 0 43330 14 0.00977778434753418
decode: 14 0 43344 14 0.009749412536621094
decode: 14 0 43358 14 0.009993791580200195
decode: 14 0 43372 14 0.009857416152954102
decode: 14 0 43386 14 0.009654760360717773
decode: 14 0 43400 14 0.009640216827392578
decode: 14 0 43414 14 0.0096588134765625
decode: 14 0 43428 14 0.00971531867980957
decode: 14 0 43442 14 0.009747743606567383
decode: 14 0 43456 14 0.009949207305908203
decode: 14 0 43470 14 0.009736061096191406
decode: 14 0 43484 14 0.00972127914428711
decode: 14 0 43498 14 0.009684324264526367
decode: 14 0 43512 14 0.009693145751953125
decode: 14 0 43526 14 0.009739398956298828
decode: 14 0 43540 14 0.009667396545410156
decode: 14 0 43554 14 0.00960540771484375
decode: 14 0 43568 14 0.009609460830688477
decode: 14 0 43582 14 0.009638786315917969
decode: 14 0 43596 14 0.009597539901733398
decode: 14 0 43610 14 0.009573698043823242
decode: 14 0 43624 14 0.009569883346557617
decode: 14 0 43638 14 0.009567499160766602
decode: 14 0 43652 14 0.009552478790283203
decode: 14 0 43666 14 0.009587764739990234
decode: 14 0 43680 14 0.009563207626342773
decode: 14 0 43694 14 0.009573936462402344
decode: 14 0 43708 14 0.009642601013183594
decode: 14 0 43722 14 0.009597539901733398
decode: 14 0 43736 14 0.00954747200012207
decode: 14 0 43750 14 0.009638071060180664
decode: 14 0 43764 14 0.009619712829589844
decode: 14 0 43778 14 0.009591102600097656
decode: 14 0 43792 14 0.009613990783691406
decode: 14 0 43806 14 0.009566783905029297
decode: 14 0 43820 14 0.00958251953125
decode: 14 0 43834 14 0.009563922882080078
decode: 14 0 43848 14 0.009607553482055664
decode: 14 0 43862 14 0.009573936462402344
decode: 14 0 43876 14 0.009543180465698242
decode: 14 0 43890 14 0.009582996368408203
decode: 14 0 43904 14 0.009546041488647461
decode: 14 0 43918 14 0.009614706039428711
decode: 14 0 43932 14 0.00960683822631836
decode: 14 0 43946 14 0.00956273078918457
decode: 14 0 43960 14 0.009549379348754883
decode: 14 0 43974 14 0.00955057144165039
decode: 14 0 43988 14 0.009562492370605469
decode: 14 0 44002 14 0.009540081024169922
decode: 14 0 44016 14 0.009554862976074219
decode: 14 0 44030 14 0.00954747200012207
decode: 14 0 44044 14 0.009569168090820312
decode: 14 0 44058 14 0.009592056274414062
decode: 14 0 44072 14 0.009618997573852539
decode: 14 0 44086 14 0.009591102600097656
decode: 14 0 44100 14 0.009591817855834961
decode: 14 0 44114 14 0.009590864181518555
decode: 14 0 44128 14 0.009633302688598633
decode: 14 0 44142 14 0.009598016738891602
decode: 14 0 44156 14 0.009566307067871094
decode: 14 0 44170 14 0.00962376594543457
decode: 14 0 44184 14 0.009598255157470703
decode: 14 0 44198 14 0.00959634780883789
decode: 14 0 44212 14 0.009635210037231445
decode: 14 0 44226 14 0.009603023529052734
decode: 14 0 44240 14 0.009591817855834961
decode: 14 0 44254 14 0.009652376174926758
decode: 14 0 44268 14 0.009628057479858398
decode: 14 0 44282 14 0.009639978408813477
decode: 14 0 44296 14 0.009680032730102539
decode: 14 0 44310 14 0.009590625762939453
decode: 14 0 44324 14 0.009648561477661133
decode: 14 0 44338 14 0.00963735580444336
decode: 14 0 44352 14 0.009596109390258789
decode: 14 0 44366 14 0.009645700454711914
decode: 14 0 44380 14 0.009606599807739258
decode: 14 0 44394 14 0.009655952453613281
decode: 14 0 44408 14 0.009604215621948242
decode: 14 0 44422 14 0.009633779525756836
decode: 14 0 44436 14 0.009609460830688477
decode: 14 0 44450 14 0.009580850601196289
decode: 14 0 44464 14 0.009618997573852539
decode: 14 0 44478 14 0.009634971618652344
decode: 14 0 44492 14 0.009660720825195312
decode: 14 0 44506 14 0.00968623161315918
decode: 14 0 44520 14 0.009606599807739258
decode: 14 0 44534 14 0.009607315063476562
decode: 14 0 44548 14 0.00960087776184082
decode: 14 0 44562 14 0.009629011154174805
decode: 14 0 44576 14 0.009585380554199219
decode: 14 0 44590 14 0.00959014892578125
decode: 14 0 44604 14 0.009609699249267578
decode: 14 0 44618 14 0.009600400924682617
decode: 14 0 44632 14 0.009565114974975586
decode: 14 0 44646 14 0.009682178497314453
decode: 14 0 44660 14 0.009574651718139648
decode: 14 0 44674 14 0.009555578231811523
decode: 14 0 44688 14 0.009630203247070312
decode: 14 0 44702 14 0.009613752365112305
decode: 14 0 44716 14 0.009624481201171875
decode: 14 0 44730 14 0.00959634780883789
decode: 14 0 44744 14 0.009586095809936523
decode: 14 0 44758 14 0.009638071060180664
decode: 14 0 44772 14 0.009593009948730469
decode: 14 0 44786 14 0.00962376594543457
decode: 14 0 44800 14 0.00965571403503418
decode: 14 0 44814 14 0.009683370590209961
decode: 14 0 44828 14 0.009698629379272461
decode: 14 0 44842 14 0.009685516357421875
decode: 14 0 44856 14 0.009711027145385742
decode: 14 0 44870 14 0.00963592529296875
decode: 14 0 44884 14 0.009691953659057617
decode: 14 0 44898 14 0.009684562683105469
decode: 14 0 44912 14 0.009708881378173828
decode: 14 0 44926 14 0.009670257568359375
decode: 14 0 44940 14 0.00967264175415039
decode: 14 0 44954 14 0.009647369384765625
decode: 14 0 44968 14 0.009670257568359375
decode: 14 0 44982 14 0.009658575057983398
decode: 14 0 44996 14 0.009653091430664062
decode: 14 0 45010 14 0.009653806686401367
decode: 14 0 45024 14 0.00985407829284668
decode: 14 0 45038 14 0.010079145431518555
decode: 14 0 45052 14 0.010116338729858398
decode: 14 0 45066 14 0.010192394256591797
decode: 14 0 45080 14 0.010183334350585938
decode: 14 0 45094 14 0.010158300399780273
decode: 14 0 45108 14 0.01014256477355957
decode: 14 0 45122 14 0.010188579559326172
decode: 14 0 45136 14 0.010105371475219727
decode: 14 0 45150 14 0.009990930557250977
decode: 14 0 45164 14 0.00976705551147461
decode: 14 0 45178 14 0.009715557098388672
decode: 14 0 45192 14 0.00970911979675293
decode: 14 0 45206 14 0.009662628173828125
decode: 14 0 45220 14 0.009690999984741211
decode: 14 0 45234 14 0.009721040725708008
decode: 14 0 45248 14 0.009720563888549805
decode: 14 0 45262 14 0.009669780731201172
decode: 14 0 45276 14 0.009665966033935547
decode: 14 0 45290 14 0.009741783142089844
decode: 14 0 45304 14 0.009703636169433594
decode: 14 0 45318 14 0.009651422500610352
decode: 14 0 45332 14 0.009674310684204102
decode: 14 0 45346 14 0.009677886962890625
decode: 14 0 45360 14 0.009656429290771484
decode: 14 0 45374 14 0.009704828262329102
decode: 14 0 45388 14 0.009645462036132812
decode: 14 0 45402 14 0.009621143341064453
decode: 14 0 45416 14 0.009711265563964844
decode: 13 0 41990 13 0.009562015533447266
decode: 13 0 42003 13 0.009554624557495117
decode: 13 0 42016 13 0.009514570236206055
decode: 13 0 42029 13 0.009510993957519531
decode: 13 0 42042 13 0.009517431259155273
decode: 13 0 42055 13 0.00957489013671875
decode: 13 0 42068 13 0.009526491165161133
decode: 13 0 42081 13 0.009575128555297852
decode: 13 0 42094 13 0.00953364372253418
decode: 13 0 42107 13 0.009634971618652344
decode: 13 0 42120 13 0.009511709213256836
decode: 13 0 42133 13 0.009529829025268555
decode: 13 0 42146 13 0.009527444839477539
decode: 13 0 42159 13 0.009544610977172852
decode: 13 0 42172 13 0.009609460830688477
decode: 13 0 42185 13 0.009532928466796875
decode: 13 0 42198 13 0.009514570236206055
decode: 13 0 42211 13 0.009516477584838867
decode: 13 0 42224 13 0.00962209701538086
decode: 13 0 42237 13 0.009576082229614258
decode: 13 0 42250 13 0.009548664093017578
decode: 13 0 42263 13 0.009619951248168945
decode: 13 0 42276 13 0.009512662887573242
decode: 13 0 42289 13 0.009573221206665039
decode: 13 0 42302 13 0.009603023529052734
decode: 13 0 42315 13 0.009552478790283203
decode: 13 0 42328 13 0.009622573852539062
decode: 13 0 42341 13 0.009526968002319336
decode: 13 0 42354 13 0.009495735168457031
decode: 13 0 42367 13 0.009497642517089844
decode: 13 0 42380 13 0.009551763534545898
decode: 13 0 42393 13 0.009537458419799805
decode: 13 0 42406 13 0.009524345397949219
decode: 13 0 42419 13 0.009561300277709961
decode: 13 0 42432 13 0.009532928466796875
decode: 13 0 42445 13 0.009512186050415039
decode: 13 0 42458 13 0.00953817367553711
decode: 13 0 42471 13 0.00949406623840332
decode: 13 0 42484 13 0.009536266326904297
decode: 13 0 42497 13 0.009502172470092773
decode: 13 0 42510 13 0.00950765609741211
decode: 13 0 42523 13 0.009579896926879883
decode: 13 0 42536 13 0.009487390518188477
decode: 13 0 42549 13 0.00950765609741211
decode: 13 0 42562 13 0.009454488754272461
decode: 13 0 42575 13 0.009506702423095703
decode: 13 0 42588 13 0.00955510139465332
decode: 13 0 42601 13 0.00946664810180664
decode: 13 0 42614 13 0.009449958801269531
decode: 13 0 42627 13 0.009453773498535156
decode: 13 0 42640 13 0.009443998336791992
decode: 13 0 42653 13 0.00950765609741211
decode: 13 0 42666 13 0.009459972381591797
decode: 13 0 42679 13 0.009442806243896484
decode: 13 0 42692 13 0.009479761123657227
decode: 13 0 42705 13 0.00941014289855957
decode: 13 0 42718 13 0.009343862533569336
decode: 13 0 42731 13 0.009331703186035156
decode: 13 0 42744 13 0.009357929229736328
decode: 13 0 42757 13 0.009317398071289062
decode: 13 0 42770 13 0.009401082992553711
decode: 13 0 42783 13 0.009295225143432617
decode: 13 0 42796 13 0.009280204772949219
decode: 13 0 42809 13 0.00930643081665039
decode: 13 0 42822 13 0.009291887283325195
decode: 13 0 42835 13 0.009348869323730469
decode: 13 0 42848 13 0.009253740310668945
decode: 13 0 42861 13 0.009269952774047852
decode: 13 0 42874 13 0.009274959564208984
decode: 13 0 42887 13 0.009320259094238281
decode: 13 0 42900 13 0.009257793426513672
decode: 13 0 42913 13 0.009257078170776367
decode: 13 0 42926 13 0.009228229522705078
decode: 13 0 42939 13 0.009251594543457031
decode: 13 0 42952 13 0.009258270263671875
decode: 13 0 42965 13 0.009244680404663086
decode: 13 0 42978 13 0.009286880493164062
decode: 13 0 42991 13 0.00926828384399414
decode: 13 0 43004 13 0.009295463562011719
decode: 13 0 43017 13 0.00932455062866211
decode: 13 0 43030 13 0.009371519088745117
decode: 13 0 43043 13 0.009306192398071289
decode: 13 0 43056 13 0.009321928024291992
decode: 13 0 43069 13 0.009390115737915039
decode: 13 0 43082 13 0.009305477142333984
decode: 13 0 43095 13 0.009332895278930664
decode: 13 0 43108 13 0.00928044319152832
decode: 13 0 43121 13 0.009271860122680664
decode: 13 0 43134 13 0.009293079376220703
decode: 13 0 43147 13 0.009316205978393555
decode: 13 0 43160 13 0.009390592575073242
decode: 13 0 43173 13 0.009289026260375977
decode: 13 0 43186 13 0.009494304656982422
decode: 13 0 43199 13 0.009476423263549805
decode: 13 0 43212 13 0.00946664810180664
decode: 13 0 43225 13 0.009492158889770508
decode: 13 0 43238 13 0.00949406623840332
decode: 13 0 43251 13 0.009557485580444336
decode: 13 0 43264 13 0.009492158889770508
decode: 13 0 43277 13 0.009486913681030273
decode: 13 0 43290 13 0.009484291076660156
decode: 13 0 43303 13 0.009506940841674805
decode: 13 0 43316 13 0.009507179260253906
decode: 13 0 43329 13 0.009500741958618164
decode: 13 0 43342 13 0.009501934051513672
decode: 13 0 43355 13 0.009495735168457031
decode: 13 0 43368 13 0.009546041488647461
decode: 13 0 43381 13 0.00949239730834961
decode: 13 0 43394 13 0.009475231170654297
decode: 13 0 43407 13 0.009490489959716797
decode: 13 0 43420 13 0.009572744369506836
decode: 13 0 43433 13 0.009476900100708008
decode: 13 0 43446 13 0.009528875350952148
decode: 13 0 43459 13 0.009480953216552734
decode: 13 0 43472 13 0.009577512741088867
decode: 13 0 43485 13 0.00948953628540039
decode: 13 0 43498 13 0.009507417678833008
decode: 13 0 43511 13 0.009495258331298828
decode: 13 0 43524 13 0.00949406623840332
decode: 13 0 43537 13 0.00948190689086914
decode: 13 0 43550 13 0.009504318237304688
decode: 13 0 43563 13 0.009567022323608398
decode: 13 0 43576 13 0.009478569030761719
decode: 13 0 43589 13 0.00948190689086914
decode: 13 0 43602 13 0.009477853775024414
decode: 13 0 43615 13 0.009478330612182617
decode: 13 0 43628 13 0.009462118148803711
decode: 13 0 43641 13 0.009510278701782227
decode: 13 0 43654 13 0.0094757080078125
decode: 13 0 43667 13 0.009466409683227539
decode: 13 0 43680 13 0.00952291488647461
decode: 13 0 43693 13 0.009577274322509766
decode: 13 0 43706 13 0.00950932502746582
decode: 13 0 43719 13 0.00930476188659668
decode: 13 0 43732 13 0.009330272674560547
decode: 13 0 43745 13 0.009387731552124023
decode: 13 0 43758 13 0.009294986724853516
decode: 13 0 43771 13 0.009313344955444336
decode: 13 0 43784 13 0.0092926025390625
decode: 13 0 43797 13 0.009373188018798828
decode: 13 0 43810 13 0.00931406021118164
decode: 13 0 43823 13 0.009386301040649414
decode: 13 0 43836 13 0.009298324584960938
decode: 13 0 43849 13 0.00928640365600586
decode: 13 0 43862 13 0.009292364120483398
decode: 13 0 43875 13 0.009320497512817383
decode: 13 0 43888 13 0.00928950309753418
decode: 13 0 43901 13 0.009282827377319336
decode: 13 0 43914 13 0.009347200393676758
decode: 13 0 43927 13 0.0092926025390625
decode: 13 0 43940 13 0.009315967559814453
decode: 13 0 43953 13 0.009306192398071289
decode: 13 0 43966 13 0.009334564208984375
decode: 13 0 43979 13 0.009287834167480469
decode: 13 0 43992 13 0.00931239128112793
decode: 13 0 44005 13 0.009331464767456055
decode: 13 0 44018 13 0.009288549423217773
decode: 13 0 44031 13 0.009319305419921875
decode: 13 0 44044 13 0.009303808212280273
decode: 13 0 44057 13 0.009281396865844727
decode: 13 0 44070 13 0.009374380111694336
decode: 13 0 44083 13 0.009290933609008789
decode: 13 0 44096 13 0.009282827377319336
decode: 13 0 44109 13 0.009278297424316406
decode: 13 0 44122 13 0.009288787841796875
decode: 13 0 44135 13 0.00929880142211914
decode: 13 0 44148 13 0.009284734725952148
decode: 13 0 44161 13 0.00928187370300293
decode: 13 0 44174 13 0.009336709976196289
decode: 13 0 44187 13 0.009296655654907227
decode: 13 0 44200 13 0.009380578994750977
decode: 13 0 44213 13 0.009313583374023438
decode: 13 0 44226 13 0.009322881698608398
decode: 13 0 44239 13 0.009282112121582031
decode: 13 0 44252 13 0.009362459182739258
decode: 13 0 44265 13 0.009348630905151367
decode: 13 0 44278 13 0.009334564208984375
decode: 13 0 44291 13 0.009357452392578125
decode: 13 0 44304 13 0.009342432022094727
decode: 13 0 44317 13 0.009357690811157227
decode: 13 0 44330 13 0.00934290885925293
decode: 13 0 44343 13 0.009352684020996094
decode: 13 0 44356 13 0.009346246719360352
decode: 13 0 44369 13 0.009328603744506836
decode: 13 0 44382 13 0.009349346160888672
decode: 13 0 44395 13 0.00933527946472168
decode: 13 0 44408 13 0.009378910064697266
decode: 13 0 44421 13 0.00934743881225586
decode: 13 0 44434 13 0.009346961975097656
decode: 13 0 44447 13 0.0093536376953125
decode: 13 0 44460 13 0.009349346160888672
decode: 13 0 44473 13 0.009330511093139648
decode: 13 0 44486 13 0.009586572647094727
decode: 13 0 44499 13 0.009563207626342773
decode: 13 0 44512 13 0.009554147720336914
decode: 13 0 44525 13 0.00963139533996582
decode: 13 0 44538 13 0.009557008743286133
decode: 13 0 44551 13 0.009566545486450195
decode: 13 0 44564 13 0.009554147720336914
decode: 13 0 44577 13 0.009580612182617188
decode: 13 0 44590 13 0.009551525115966797
decode: 13 0 44603 13 0.009511232376098633
decode: 13 0 44616 13 0.009529590606689453
decode: 13 0 44629 13 0.009555339813232422
decode: 13 0 44642 13 0.009537458419799805
decode: 13 0 44655 13 0.009531736373901367
decode: 12 0 41105 12 0.00928044319152832
decode: 12 0 41117 12 0.009407758712768555
decode: 12 0 41129 12 0.009381294250488281
decode: 12 0 41141 12 0.009388446807861328
decode: 12 0 41153 12 0.009395599365234375
decode: 12 0 41165 12 0.009379863739013672
decode: 12 0 41177 12 0.00940251350402832
decode: 12 0 41189 12 0.009374618530273438
decode: 12 0 41201 12 0.00962972640991211
decode: 12 0 41213 12 0.009558677673339844
decode: 12 0 41225 12 0.009532451629638672
decode: 12 0 41237 12 0.009563207626342773
decode: 12 0 41249 12 0.009560585021972656
decode: 12 0 41261 12 0.00954890251159668
decode: 12 0 41273 12 0.009334802627563477
decode: 12 0 41285 12 0.009531259536743164
decode: 12 0 41297 12 0.00953221321105957
decode: 12 0 41309 12 0.009592771530151367
decode: 12 0 41321 12 0.009461402893066406
decode: 12 0 41333 12 0.00954127311706543
decode: 12 0 41345 12 0.009560585021972656
decode: 12 0 41357 12 0.009666681289672852
decode: 11 0 37474 11 0.009315013885498047
decode: 11 0 37485 11 0.009405136108398438
decode: 11 0 37496 11 0.009423971176147461
decode: 11 0 37507 11 0.009414911270141602
decode: 11 0 37518 11 0.009433507919311523
decode: 11 0 37529 11 0.009433507919311523
decode: 11 0 37540 11 0.009451866149902344
decode: 11 0 37551 11 0.009510278701782227
decode: 11 0 37562 11 0.009432315826416016
decode: 11 0 37573 11 0.009453296661376953
decode: 11 0 37584 11 0.009444952011108398
decode: 11 0 37595 11 0.009435415267944336
decode: 11 0 37606 11 0.009412765502929688
decode: 11 0 37617 11 0.009499073028564453
decode: 11 0 37628 11 0.009438276290893555
decode: 11 0 37639 11 0.00949716567993164
decode: 11 0 37650 11 0.009362459182739258
decode: 11 0 37661 11 0.009351253509521484
decode: 11 0 37672 11 0.009343862533569336
decode: 11 0 37683 11 0.009306907653808594
decode: 11 0 37694 11 0.009301900863647461
decode: 11 0 37705 11 0.009277582168579102
decode: 11 0 37716 11 0.009323358535766602
decode: 11 0 37727 11 0.009254932403564453
decode: 11 0 37738 11 0.009325504302978516
decode: 11 0 37749 11 0.009252548217773438
decode: 11 0 37760 11 0.009265422821044922
decode: 11 0 37771 11 0.00924062728881836
decode: 11 0 37782 11 0.00923609733581543
decode: 11 0 37793 11 0.009224414825439453
decode: 11 0 37804 11 0.009243488311767578
decode: 11 0 37815 11 0.009215354919433594
decode: 11 0 37826 11 0.009238719940185547
decode: 11 0 37837 11 0.009271860122680664
decode: 11 0 37848 11 0.009261608123779297
decode: 11 0 37859 11 0.00950479507446289
decode: 11 0 37870 11 0.009156942367553711
decode: 11 0 37881 11 0.009251832962036133
decode: 11 0 37892 11 0.00911402702331543
decode: 11 0 37903 11 0.009030818939208984
decode: 11 0 37914 11 0.009087085723876953
decode: 11 0 37925 11 0.009104490280151367
decode: 11 0 37936 11 0.009085893630981445
decode: 11 0 37947 11 0.009151458740234375
decode: 11 0 37958 11 0.009124279022216797
decode: 11 0 37969 11 0.009124279022216797
decode: 11 0 37980 11 0.009177446365356445
decode: 11 0 37991 11 0.009143590927124023
decode: 11 0 38002 11 0.00912618637084961
decode: 11 0 38013 11 0.009143829345703125
decode: 11 0 38024 11 0.009310007095336914
decode: 11 0 38035 11 0.009505510330200195
decode: 11 0 38046 11 0.00943899154663086
decode: 11 0 38057 11 0.009501218795776367
decode: 11 0 38068 11 0.009378433227539062
decode: 11 0 38079 11 0.009496688842773438
decode: 11 0 38090 11 0.00939631462097168
decode: 11 0 38101 11 0.009423017501831055
decode: 11 0 38112 11 0.009475231170654297
decode: 11 0 38123 11 0.009390592575073242
decode: 11 0 38134 11 0.009399652481079102
decode: 11 0 38145 11 0.009461164474487305
decode: 11 0 38156 11 0.009407520294189453
decode: 11 0 38167 11 0.009402275085449219
decode: 11 0 38178 11 0.009421825408935547
decode: 11 0 38189 11 0.009442329406738281
decode: 11 0 38200 11 0.009219169616699219
decode: 11 0 38211 11 0.009092092514038086
decode: 11 0 38222 11 0.009099721908569336
decode: 11 0 38233 11 0.009078502655029297
decode: 11 0 38244 11 0.009070634841918945
decode: 11 0 38255 11 0.009090900421142578
decode: 11 0 38266 11 0.009086370468139648
decode: 11 0 38277 11 0.00915670394897461
decode: 11 0 38288 11 0.009087085723876953
decode: 11 0 38299 11 0.009076595306396484
decode: 11 0 38310 11 0.00913691520690918
decode: 11 0 38321 11 0.009773015975952148
decode: 11 0 38332 11 0.010558843612670898
decode: 11 0 38343 11 0.010257959365844727
decode: 11 0 38354 11 0.010532140731811523
decode: 11 0 38365 11 0.010473966598510742
decode: 11 0 38376 11 0.010378122329711914
decode: 11 0 38387 11 0.010251998901367188
decode: 11 0 38398 11 0.010367870330810547
decode: 11 0 38409 11 0.010274410247802734
decode: 11 0 38420 11 0.010187864303588867
decode: 11 0 38431 11 0.010292530059814453
decode: 11 0 38442 11 0.010265588760375977
decode: 11 0 38453 11 0.010387659072875977
decode: 11 0 38464 11 0.010204553604125977
decode: 11 0 38475 11 0.0098419189453125
decode: 11 0 38486 11 0.00944828987121582
decode: 11 0 38497 11 0.009234428405761719
decode: 11 0 38508 11 0.009217262268066406
decode: 11 0 38519 11 0.009089946746826172
decode: 11 0 38530 11 0.009058475494384766
decode: 11 0 38541 11 0.009039878845214844
decode: 11 0 38552 11 0.009076118469238281
decode: 11 0 38563 11 0.009142398834228516
decode: 11 0 38574 11 0.009644269943237305
decode: 10 0 34545 10 0.009560346603393555
decode: 10 0 34555 10 0.009658098220825195
decode: 10 0 34565 10 0.009864568710327148
decode: 10 0 34575 10 0.009842395782470703
decode: 10 0 34585 10 0.009771347045898438
decode: 10 0 34595 10 0.009837627410888672
decode: 10 0 34605 10 0.00981760025024414
decode: 10 0 34615 10 0.009669065475463867
decode: 10 0 34625 10 0.009871482849121094
decode: 10 0 34635 10 0.009796142578125
decode: 10 0 34645 10 0.00980067253112793
decode: 10 0 34655 10 0.009801387786865234
decode: 10 0 34665 10 0.009810686111450195
decode: 10 0 34675 10 0.009212017059326172
decode: 10 0 34685 10 0.009137630462646484
decode: 10 0 34695 10 0.009131431579589844
decode: 10 0 34705 10 0.009083986282348633
decode: 10 0 34715 10 0.009065628051757812
decode: 10 0 34725 10 0.009020805358886719
decode: 10 0 34735 10 0.008971929550170898
decode: 10 0 34745 10 0.008965492248535156
decode: 10 0 34755 10 0.008969545364379883
decode: 10 0 34765 10 0.008969783782958984
decode: 10 0 34775 10 0.008875846862792969
decode: 10 0 34785 10 0.008965492248535156
decode: 10 0 34795 10 0.00898122787475586
decode: 10 0 34805 10 0.008987665176391602
decode: 10 0 34815 10 0.00898599624633789
decode: 10 0 34825 10 0.008971929550170898
decode: 10 0 34835 10 0.008969783782958984
decode: 10 0 34845 10 0.008968353271484375
decode: 9 0 32549 9 0.008853673934936523
decode: 9 0 32558 9 0.008764266967773438
decode: 9 0 32567 9 0.008759498596191406
decode: 9 0 32576 9 0.00874471664428711
decode: 9 0 32585 9 0.008751869201660156
decode: 9 0 32594 9 0.008764982223510742
decode: 9 0 32603 9 0.00875997543334961
decode: 9 0 32612 9 0.008747339248657227
decode: 9 0 32621 9 0.008764028549194336
decode: 9 0 32630 9 0.008745670318603516
decode: 9 0 32639 9 0.00875544548034668
decode: 9 0 32648 9 0.00874781608581543
decode: 9 0 32657 9 0.008741617202758789
decode: 9 0 32666 9 0.008740901947021484
decode: 9 0 32675 9 0.008741140365600586
decode: 9 0 32684 9 0.008730649948120117
decode: 9 0 32693 9 0.008740663528442383
decode: 9 0 32702 9 0.008754491806030273
decode: 9 0 32711 9 0.008764505386352539
decode: 9 0 32720 9 0.008787155151367188
decode: 9 0 32729 9 0.008750200271606445
decode: 9 0 32738 9 0.008766889572143555
decode: 9 0 32747 9 0.008746862411499023
decode: 9 0 32756 9 0.008802175521850586
decode: 9 0 32765 9 0.008826494216918945
decode: 9 0 32774 9 0.008802413940429688
decode: 9 0 32783 9 0.008836507797241211
decode: 9 0 32792 9 0.00880885124206543
decode: 9 0 32801 9 0.008798599243164062
decode: 9 0 32810 9 0.008813619613647461
decode: 9 0 32819 9 0.008808135986328125
decode: 9 0 32828 9 0.00882101058959961
decode: 9 0 32837 9 0.00881338119506836
decode: 9 0 32846 9 0.008816719055175781
decode: 9 0 32855 9 0.008802652359008789
decode: 9 0 32864 9 0.008808374404907227
decode: 9 0 32873 9 0.008820772171020508
decode: 9 0 32882 9 0.008805036544799805
decode: 9 0 32891 9 0.008799076080322266
decode: 9 0 32900 9 0.00883173942565918
decode: 9 0 32909 9 0.008802413940429688
decode: 9 0 32918 9 0.008838891983032227
decode: 8 0 30629 8 0.008703947067260742
decode: 8 0 30637 8 0.008664369583129883
decode: 8 0 30645 8 0.008642435073852539
decode: 8 0 30653 8 0.008642435073852539
decode: 8 0 30661 8 0.008626461029052734
decode: 8 0 30669 8 0.008605241775512695
decode: 7 0 26519 7 0.008453845977783203
decode: 7 0 26526 7 0.008423328399658203
decode: 7 0 26533 7 0.008411884307861328
decode: 7 0 26540 7 0.008440971374511719
decode: 7 0 26547 7 0.008415937423706055
decode: 7 0 26554 7 0.008430004119873047
decode: 7 0 26561 7 0.008418560028076172
decode: 7 0 26568 7 0.008411884307861328
decode: 7 0 26575 7 0.008402109146118164
decode: 7 0 26582 7 0.008415699005126953
decode: 7 0 26589 7 0.008430004119873047
decode: 7 0 26596 7 0.008457660675048828
decode: 7 0 26603 7 0.008461713790893555
decode: 7 0 26610 7 0.008574962615966797
decode: 7 0 26617 7 0.008554697036743164
decode: 7 0 26624 7 0.008599519729614258
decode: 7 0 26631 7 0.008630037307739258
decode: 7 0 26638 7 0.008596658706665039
decode: 7 0 26645 7 0.00866079330444336
decode: 7 0 26652 7 0.008665084838867188
decode: 7 0 26659 7 0.008664369583129883
decode: 7 0 26666 7 0.008656978607177734
decode: 7 0 26673 7 0.008700370788574219
decode: 7 0 26680 7 0.00867009162902832
decode: 7 0 26687 7 0.008694171905517578
decode: 7 0 26694 7 0.008705377578735352
decode: 7 0 26701 7 0.008591890335083008
decode: 7 0 26708 7 0.008583545684814453
decode: 7 0 26715 7 0.00857853889465332
decode: 7 0 26722 7 0.008592844009399414
decode: 7 0 26729 7 0.00857996940612793
decode: 7 0 26736 7 0.008541584014892578
decode: 7 0 26743 7 0.008533954620361328
decode: 7 0 26750 7 0.008568286895751953
decode: 7 0 26757 7 0.008516311645507812
decode: 7 0 26764 7 0.008527517318725586
decode: 7 0 26771 7 0.008517265319824219
decode: 7 0 26778 7 0.0084991455078125
decode: 7 0 26785 7 0.008487462997436523
decode: 7 0 26792 7 0.008498430252075195
decode: 7 0 26799 7 0.008470535278320312
decode: 7 0 26806 7 0.008500337600708008
decode: 7 0 26813 7 0.008472442626953125
decode: 7 0 26820 7 0.008468389511108398
decode: 7 0 26827 7 0.00849008560180664
decode: 7 0 26834 7 0.008475303649902344
decode: 7 0 26841 7 0.00846099853515625
decode: 7 0 26848 7 0.008486509323120117
decode: 7 0 26855 7 0.008490800857543945
decode: 7 0 26862 7 0.008461713790893555
decode: 7 0 26869 7 0.008460521697998047
decode: 7 0 26876 7 0.008476972579956055
decode: 7 0 26883 7 0.008470773696899414
decode: 7 0 26890 7 0.00846552848815918
decode: 7 0 26897 7 0.008495569229125977
decode: 7 0 26904 7 0.008492231369018555
decode: 7 0 26911 7 0.008479833602905273
decode: 7 0 26918 7 0.008494138717651367
decode: 7 0 26925 7 0.008473396301269531
decode: 7 0 26932 7 0.008477449417114258
decode: 7 0 26939 7 0.008527040481567383
decode: 7 0 26946 7 0.008481502532958984
decode: 7 0 26953 7 0.008484840393066406
decode: 7 0 26960 7 0.008494377136230469
decode: 7 0 26967 7 0.008503437042236328
decode: 7 0 26974 7 0.008487224578857422
decode: 7 0 26981 7 0.00850367546081543
decode: 7 0 26988 7 0.008505105972290039
decode: 7 0 26995 7 0.008516788482666016
decode: 7 0 27002 7 0.008507966995239258
decode: 7 0 27009 7 0.008493900299072266
decode: 7 0 27016 7 0.008487462997436523
decode: 7 0 27023 7 0.008481740951538086
decode: 7 0 27030 7 0.008486747741699219
decode: 7 0 27037 7 0.008484363555908203
decode: 7 0 27044 7 0.008476018905639648
decode: 7 0 27051 7 0.008488655090332031
decode: 7 0 27058 7 0.00848078727722168
decode: 7 0 27065 7 0.008495092391967773
decode: 6 0 22698 6 0.008288860321044922
decode: 6 0 22704 6 0.008306264877319336
decode: 6 0 22710 6 0.008303642272949219
decode: 6 0 22716 6 0.008295297622680664
decode: 6 0 22722 6 0.008310794830322266
decode: 6 0 22728 6 0.008309602737426758
decode: 6 0 22734 6 0.008329153060913086
decode: 6 0 22740 6 0.00832676887512207
decode: 6 0 22746 6 0.00831913948059082
decode: 6 0 22752 6 0.008300065994262695
decode: 5 0 19305 5 0.008147954940795898
decode: 5 0 19310 5 0.008135557174682617
decode: 5 0 19315 5 0.008141040802001953
decode: 5 0 19320 5 0.008135795593261719
decode: 5 0 19325 5 0.008129358291625977
decode: 5 0 19330 5 0.008105993270874023
decode: 5 0 19335 5 0.008105754852294922
decode: 5 0 19340 5 0.008121490478515625
decode: 5 0 19345 5 0.008130073547363281
decode: 5 0 19350 5 0.008111000061035156
decode: 5 0 19355 5 0.008113384246826172
decode: 5 0 19360 5 0.00811767578125
decode: 5 0 19365 5 0.008131027221679688
decode: 5 0 19370 5 0.008127450942993164
decode: 5 0 19375 5 0.008133411407470703
decode: 5 0 19380 5 0.008130550384521484
decode: 5 0 19385 5 0.008173704147338867
decode: 5 0 19390 5 0.008168935775756836
decode: 5 0 19395 5 0.008165121078491211
decode: 5 0 19400 5 0.008187294006347656
decode: 5 0 19405 5 0.008189678192138672
decode: 5 0 19410 5 0.008195638656616211
decode: 5 0 19415 5 0.008208274841308594
decode: 5 0 19420 5 0.008223533630371094
decode: 5 0 19425 5 0.008233070373535156
decode: 5 0 19430 5 0.008236885070800781
decode: 5 0 19435 5 0.008227348327636719
decode: 5 0 19440 5 0.008214473724365234
decode: 5 0 19445 5 0.008199691772460938
decode: 5 0 19450 5 0.0081787109375
decode: 5 0 19455 5 0.008192300796508789
decode: 5 0 19460 5 0.008159637451171875
decode: 5 0 19465 5 0.008164167404174805
decode: 5 0 19470 5 0.008153915405273438
decode: 5 0 19475 5 0.00820016860961914
decode: 5 0 19480 5 0.008247613906860352
decode: 5 0 19485 5 0.008184194564819336
decode: 5 0 19490 5 0.008176088333129883
decode: 5 0 19495 5 0.008173942565917969
decode: 5 0 19500 5 0.008184671401977539
decode: 5 0 19505 5 0.008174896240234375
decode: 5 0 19510 5 0.008164405822753906
decode: 5 0 19515 5 0.008191823959350586
decode: 5 0 19520 5 0.008173465728759766
decode: 5 0 19525 5 0.008166790008544922
decode: 5 0 19530 5 0.008165121078491211
decode: 5 0 19535 5 0.008208036422729492
decode: 5 0 19540 5 0.00818777084350586
decode: 5 0 19545 5 0.008205652236938477
decode: 5 0 19550 5 0.00823831558227539
decode: 5 0 19555 5 0.008214473724365234
decode: 5 0 19560 5 0.008337736129760742
decode: 5 0 19565 5 0.008323192596435547
decode: 5 0 19570 5 0.008316755294799805
decode: 5 0 19575 5 0.008327960968017578
decode: 5 0 19580 5 0.008403539657592773
decode: 5 0 19585 5 0.008372783660888672
decode: 5 0 19590 5 0.008392095565795898
decode: 5 0 19595 5 0.008405685424804688
decode: 5 0 19600 5 0.008390665054321289
decode: 5 0 19605 5 0.008394718170166016
decode: 5 0 19610 5 0.008409738540649414
decode: 5 0 19615 5 0.008461236953735352
decode: 5 0 19620 5 0.008479833602905273
decode: 5 0 19625 5 0.008496522903442383
decode: 5 0 19630 5 0.008495807647705078
decode: 5 0 19635 5 0.008336544036865234
decode: 5 0 19640 5 0.008295536041259766
decode: 5 0 19645 5 0.008307456970214844
decode: 5 0 19650 5 0.008318424224853516
decode: 5 0 19655 5 0.008292198181152344
decode: 5 0 19660 5 0.008288383483886719
decode: 5 0 19665 5 0.008288383483886719
decode: 5 0 19670 5 0.008290290832519531
decode: 5 0 19675 5 0.00825357437133789
decode: 5 0 19680 5 0.00828862190246582
decode: 5 0 19685 5 0.008348703384399414
decode: 5 0 19690 5 0.008281946182250977
decode: 5 0 19695 5 0.008276939392089844
decode: 5 0 19700 5 0.008276700973510742
decode: 5 0 19705 5 0.008270978927612305
decode: 5 0 19710 5 0.008288860321044922
decode: 5 0 19715 5 0.008263826370239258
decode: 5 0 19720 5 0.008246183395385742
decode: 5 0 19725 5 0.00825357437133789
decode: 5 0 19730 5 0.008257627487182617
decode: 5 0 19735 5 0.008223295211791992
decode: 5 0 19740 5 0.008228302001953125
decode: 5 0 19745 5 0.00825047492980957
decode: 5 0 19750 5 0.008248090744018555
decode: 4 0 14494 4 0.008091449737548828
decode: 4 0 14498 4 0.00801396369934082
decode: 4 0 14502 4 0.008013248443603516
decode: 4 0 14506 4 0.007999658584594727
decode: 4 0 14510 4 0.007984161376953125
decode: 4 0 14514 4 0.007971048355102539
decode: 4 0 14518 4 0.007942676544189453
decode: 4 0 14522 4 0.00796651840209961
decode: 4 0 14526 4 0.00796198844909668
decode: 4 0 14530 4 0.00792694091796875
decode: 4 0 14534 4 0.007924795150756836
decode: 4 0 14538 4 0.007922172546386719
decode: 4 0 14542 4 0.007921695709228516
decode: 4 0 14546 4 0.0079193115234375
decode: 4 0 14550 4 0.00794529914855957
decode: 4 0 14554 4 0.007914543151855469
decode: 4 0 14558 4 0.007914304733276367
decode: 4 0 14562 4 0.007899045944213867
decode: 4 0 14566 4 0.007918357849121094
decode: 4 0 14570 4 0.00790262222290039
decode: 4 0 14574 4 0.007902383804321289
decode: 4 0 14578 4 0.007896184921264648
decode: 4 0 14582 4 0.007912874221801758
decode: 4 0 14586 4 0.007879495620727539
decode: 4 0 14590 4 0.007903099060058594
decode: 4 0 14594 4 0.007896900177001953
decode: 4 0 14598 4 0.007898330688476562
decode: 4 0 14602 4 0.007897138595581055
decode: 4 0 14606 4 0.007899999618530273
decode: 4 0 14610 4 0.007905721664428711
decode: 4 0 14614 4 0.007899284362792969
decode: 4 0 14618 4 0.007890701293945312
decode: 4 0 14622 4 0.007919788360595703
decode: 4 0 14626 4 0.007918357849121094
decode: 4 0 14630 4 0.007899999618530273
decode: 4 0 14634 4 0.007912874221801758
decode: 4 0 14638 4 0.007906675338745117
decode: 4 0 14642 4 0.007908821105957031
decode: 4 0 14646 4 0.007905721664428711
decode: 4 0 14650 4 0.00794363021850586
decode: 4 0 14654 4 0.007906913757324219
decode: 4 0 14658 4 0.007916688919067383
decode: 4 0 14662 4 0.007924795150756836
decode: 4 0 14666 4 0.007936716079711914
decode: 4 0 14670 4 0.007925748825073242
decode: 4 0 14674 4 0.007924556732177734
decode: 4 0 14678 4 0.00791168212890625
decode: 4 0 14682 4 0.007968425750732422
decode: 4 0 14686 4 0.007935523986816406
decode: 4 0 14690 4 0.007932186126708984
decode: 4 0 14694 4 0.00797724723815918
decode: 3 0 11802 3 0.007920980453491211
decode: 3 0 11805 3 0.007899761199951172
decode: 3 0 11808 3 0.00795435905456543
decode: 3 0 11811 3 0.007902860641479492
decode: 3 0 11814 3 0.007895708084106445
decode: 3 0 11817 3 0.007891654968261719
decode: 3 0 11820 3 0.007877588272094727
decode: 3 0 11823 3 0.007866382598876953
decode: 3 0 11826 3 0.007854700088500977
decode: 3 0 11829 3 0.007839441299438477
decode: 3 0 11832 3 0.00786280632019043
decode: 3 0 11835 3 0.007858514785766602
decode: 3 0 11838 3 0.007822275161743164
decode: 3 0 11841 3 0.00783538818359375
decode: 3 0 11844 3 0.007826566696166992
decode: 3 0 11847 3 0.007835149765014648
decode: 3 0 11850 3 0.007815122604370117
decode: 3 0 11853 3 0.007804155349731445
decode: 3 0 11856 3 0.007841348648071289
decode: 3 0 11859 3 0.007828235626220703
decode: 3 0 11862 3 0.0078008174896240234
decode: 3 0 11865 3 0.007814884185791016
decode: 3 0 11868 3 0.007820367813110352
decode: 3 0 11871 3 0.007813215255737305
decode: 3 0 11874 3 0.00781869888305664
decode: 3 0 11877 3 0.007827520370483398
decode: 3 0 11880 3 0.007807016372680664
decode: 3 0 11883 3 0.007826805114746094
decode: 3 0 11886 3 0.007853269577026367
decode: 3 0 11889 3 0.007863759994506836
decode: 3 0 11892 3 0.007835865020751953
decode: 3 0 11895 3 0.007864713668823242
decode: 3 0 11898 3 0.007859468460083008
decode: 3 0 11901 3 0.007850885391235352
decode: 3 0 11904 3 0.007864952087402344
decode: 3 0 11907 3 0.007845878601074219
decode: 3 0 11910 3 0.007880449295043945
decode: 3 0 11913 3 0.007826805114746094
decode: 3 0 11916 3 0.007823705673217773
decode: 3 0 11919 3 0.00783991813659668
decode: 3 0 11922 3 0.007830619812011719
decode: 3 0 11925 3 0.007812023162841797
decode: 3 0 11928 3 0.007812976837158203
decode: 3 0 11931 3 0.00783681869506836
decode: 3 0 11934 3 0.0078105926513671875
decode: 3 0 11937 3 0.007813215255737305
decode: 3 0 11940 3 0.007819175720214844
decode: 3 0 11943 3 0.0078089237213134766
decode: 3 0 11946 3 0.007824420928955078
decode: 3 0 11949 3 0.0078084468841552734
decode: 3 0 11952 3 0.007856130599975586
decode: 3 0 11955 3 0.007836341857910156
decode: 3 0 11958 3 0.00784754753112793
decode: 3 0 11961 3 0.007850408554077148
decode: 3 0 11964 3 0.007879495620727539
decode: 3 0 11967 3 0.007875919342041016
decode: 3 0 11970 3 0.007879495620727539
decode: 3 0 11973 3 0.007897377014160156
decode: 3 0 11976 3 0.007874488830566406
decode: 3 0 11979 3 0.00787353515625
decode: 3 0 11982 3 0.007873296737670898
decode: 3 0 11985 3 0.007886886596679688
decode: 3 0 11988 3 0.007855653762817383
decode: 3 0 11991 3 0.007902145385742188
decode: 3 0 11994 3 0.007843017578125
decode: 3 0 11997 3 0.007840394973754883
decode: 3 0 12000 3 0.007946014404296875
decode: 3 0 12003 3 0.007961511611938477
decode: 3 0 12006 3 0.00797724723815918
decode: 3 0 12009 3 0.00794363021850586
decode: 3 0 12012 3 0.008002042770385742
decode: 3 0 12015 3 0.007991790771484375
decode: 3 0 12018 3 0.008009910583496094
decode: 3 0 12021 3 0.008017778396606445
decode: 3 0 12024 3 0.007999181747436523
decode: 3 0 12027 3 0.008006572723388672
decode: 3 0 12030 3 0.008032083511352539
decode: 3 0 12033 3 0.008022546768188477
decode: 3 0 12036 3 0.008013486862182617
decode: 3 0 12039 3 0.00806283950805664
decode: 2 0 7366 2 0.00793004035949707
decode: 2 0 7368 2 0.007704496383666992
decode: 2 0 7370 2 0.007706403732299805
decode: 2 0 7372 2 0.007640838623046875
decode: 2 0 7374 2 0.007611274719238281
decode: 2 0 7376 2 0.007628917694091797
decode: 2 0 7378 2 0.007643699645996094
decode: 2 0 7380 2 0.0076503753662109375
decode: 2 0 7382 2 0.007643699645996094
decode: 2 0 7384 2 0.007656097412109375
decode: 2 0 7386 2 0.0076503753662109375
decode: 2 0 7388 2 0.007630586624145508
decode: 2 0 7390 2 0.007633686065673828
decode: 2 0 7392 2 0.007651567459106445
decode: 2 0 7394 2 0.007627248764038086
decode: 2 0 7396 2 0.00764155387878418
decode: 2 0 7398 2 0.007611751556396484
decode: 2 0 7400 2 0.007651567459106445
decode: 2 0 7402 2 0.007625579833984375
decode: 2 0 7404 2 0.00764155387878418
decode: 2 0 7406 2 0.007632017135620117
decode: 2 0 7408 2 0.007660388946533203
decode: 2 0 7410 2 0.007717609405517578
decode: 2 0 7412 2 0.007653951644897461
decode: 2 0 7414 2 0.007641792297363281
decode: 2 0 7416 2 0.00764918327331543
decode: 2 0 7418 2 0.007646322250366211
decode: 2 0 7420 2 0.007616996765136719
decode: 2 0 7422 2 0.007616758346557617
decode: 2 0 7424 2 0.007628679275512695
decode: 2 0 7426 2 0.007631540298461914
decode: 2 0 7428 2 0.007571697235107422
decode: 2 0 7430 2 0.007583141326904297
decode: 2 0 7432 2 0.0075836181640625
decode: 2 0 7434 2 0.0075685977935791016
decode: 2 0 7436 2 0.007557392120361328
decode: 2 0 7438 2 0.007561445236206055
decode: 2 0 7440 2 0.007569789886474609
decode: 2 0 7442 2 0.007553815841674805
decode: 2 0 7444 2 0.007561445236206055
decode: 2 0 7446 2 0.007549285888671875
decode: 2 0 7448 2 0.0075604915618896484
decode: 2 0 7450 2 0.007554769515991211
decode: 2 0 7452 2 0.007542848587036133
decode: 2 0 7454 2 0.007564067840576172
decode: 2 0 7456 2 0.007561206817626953
decode: 2 0 7458 2 0.007549285888671875
decode: 2 0 7460 2 0.007544279098510742
decode: 2 0 7462 2 0.007565021514892578
decode: 2 0 7464 2 0.007552623748779297
decode: 2 0 7466 2 0.007551431655883789
decode: 2 0 7468 2 0.007550477981567383
decode: 2 0 7470 2 0.007570981979370117
decode: 2 0 7472 2 0.007558107376098633
decode: 2 0 7474 2 0.007564067840576172
decode: 2 0 7476 2 0.007559299468994141
decode: 2 0 7478 2 0.007567644119262695
decode: 2 0 7480 2 0.007574319839477539
decode: 2 0 7482 2 0.007559061050415039
decode: 2 0 7484 2 0.007578134536743164
decode: 2 0 7486 2 0.007578849792480469
decode: 2 0 7488 2 0.007579326629638672
decode: 2 0 7490 2 0.007572650909423828
decode: 2 0 7492 2 0.0076580047607421875
decode: 2 0 7494 2 0.0076258182525634766
decode: 2 0 7496 2 0.0075991153717041016
decode: 2 0 7498 2 0.0076122283935546875
decode: 2 0 7500 2 0.007591724395751953
decode: 2 0 7502 2 0.0075817108154296875
decode: 2 0 7504 2 0.007573843002319336
decode: 2 0 7506 2 0.007586479187011719
decode: 2 0 7508 2 0.007597208023071289
decode: 2 0 7510 2 0.007579803466796875
decode: 2 0 7512 2 0.0075740814208984375
decode: 2 0 7514 2 0.00755763053894043
decode: 2 0 7516 2 0.0075740814208984375
decode: 2 0 7518 2 0.007579803466796875
decode: 2 0 7520 2 0.007567167282104492
decode: 1 0 2919 1 0.007332324981689453
decode: 1 0 2920 1 0.0072367191314697266
decode: 1 0 2921 1 0.0072133541107177734
decode: 1 0 2922 1 0.0072057247161865234
decode: 1 0 2923 1 0.007228374481201172
decode: 1 0 2924 1 0.007220029830932617
decode: 1 0 2925 1 0.007236003875732422
decode: 1 0 2926 1 0.007281780242919922
decode: 1 0 2927 1 0.007236003875732422
decode: 1 0 2928 1 0.007245779037475586
decode: 1 0 2929 1 0.007264852523803711
decode: 1 0 2930 1 0.007258892059326172
decode: 1 0 2931 1 0.007248878479003906
decode: 1 0 2932 1 0.007302045822143555
decode: 1 0 2933 1 0.007258892059326172
decode: 1 0 2934 1 0.007249116897583008
decode: 1 0 2935 1 0.007266521453857422
decode: 1 0 2936 1 0.007261514663696289
decode: 1 0 2937 1 0.007241249084472656
decode: 1 0 2938 1 0.007226467132568359
decode: 1 0 2939 1 0.007262468338012695
decode: 1 0 2940 1 0.007241249084472656
decode: 1 0 2941 1 0.007216453552246094
decode: 1 0 2942 1 0.0072021484375
decode: 1 0 2943 1 0.007230043411254883
decode: 1 0 2944 1 0.0072214603424072266
decode: 1 0 2945 1 0.0071980953216552734
decode: 1 0 2946 1 0.007210493087768555
decode: 1 0 2947 1 0.007222414016723633
decode: 1 0 2948 1 0.007192373275756836
decode: 1 0 2949 1 0.007203340530395508
decode: 1 0 2950 1 0.0071811676025390625
decode: 1 0 2951 1 0.007216453552246094
decode: 1 0 2952 1 0.007181882858276367
decode: 1 0 2953 1 0.0071849822998046875
decode: 1 0 2954 1 0.007187843322753906
decode: 1 0 2955 1 0.0071980953216552734
decode: 1 0 2956 1 0.007220268249511719
decode: 1 0 2957 1 0.0072021484375
decode: 1 0 2958 1 0.007208585739135742
decode: 1 0 2959 1 0.007215023040771484
decode: 1 0 2960 1 0.007202625274658203
decode: 1 0 2961 1 0.007258176803588867
decode: 1 0 2962 1 0.007208585739135742
decode: 1 0 2963 1 0.0072133541107177734
decode: 1 0 2964 1 0.007256507873535156
decode: 1 0 2965 1 0.007236480712890625
decode: 1 0 2966 1 0.007252216339111328
decode: 1 0 2967 1 0.007246732711791992
decode: 1 0 2968 1 0.00728297233581543
decode: 1 0 2969 1 0.007276773452758789
decode: 1 0 2970 1 0.007288455963134766
decode: 1 0 2971 1 0.0072710514068603516
decode: 1 0 2972 1 0.0072324275970458984
decode: 1 0 2973 1 0.007341861724853516
decode: 1 0 2974 1 0.007354021072387695
decode: 1 0 2975 1 0.0073320865631103516
decode: 1 0 2976 1 0.007346630096435547
decode: 1 0 2977 1 0.007389545440673828
decode: 1 0 2978 1 0.007422447204589844
decode: 1 0 2979 1 0.007376670837402344
decode: 1 0 2980 1 0.007412433624267578
decode: 1 0 2981 1 0.007369279861450195
decode: 1 0 2982 1 0.007439613342285156
decode: 1 0 2983 1 0.007428646087646484
decode: 1 0 2984 1 0.007424354553222656
decode: 1 0 2985 1 0.00743865966796875
decode: 1 0 2986 1 0.007437705993652344
decode: 1 0 2987 1 0.007445335388183594
decode: 1 0 2988 1 0.007450103759765625
decode: 1 0 2989 1 0.00734257698059082
decode: 1 0 2990 1 0.007312297821044922
decode: 1 0 2991 1 0.007292985916137695
decode: 1 0 2992 1 0.007303714752197266
decode: 1 0 2993 1 0.007273435592651367
decode: 1 0 2994 1 0.007275819778442383
decode: 1 0 2995 1 0.0073184967041015625
decode: 1 0 2996 1 0.007330894470214844
decode: 1 0 2997 1 0.007279157638549805
decode: 1 0 2998 1 0.007294416427612305
decode: 1 0 2999 1 0.007317304611206055
decode: 1 0 3000 1 0.007325172424316406
decode: 1 0 3001 1 0.007305622100830078
decode: 1 0 3002 1 0.007311344146728516
decode: 1 0 3003 1 0.0073299407958984375
decode: 1 0 3004 1 0.0073032379150390625
decode: 1 0 3005 1 0.007284641265869141
decode: 1 0 3006 1 0.007274627685546875
decode: 1 0 3007 1 0.007288694381713867
decode: 1 0 3008 1 0.007283926010131836
decode: 1 0 3009 1 0.007230520248413086
decode: 1 0 3010 1 0.0072247982025146484
decode: 1 0 3011 1 0.007250785827636719
decode: 1 0 3012 1 0.007242441177368164
decode: 1 0 3013 1 0.007219791412353516
decode: 1 0 3014 1 0.0072269439697265625
decode: 1 0 3015 1 0.0072154998779296875
decode: 1 0 3016 1 0.0072100162506103516
decode: 1 0 3017 1 0.0071887969970703125
decode: 1 0 3018 1 0.0072154998779296875
decode: 1 0 3019 1 0.0072154998779296875
decode: 1 0 3020 1 0.0071985721588134766
decode: 1 0 3021 1 0.007192373275756836
decode: 1 0 3022 1 0.0071964263916015625
decode: 1 0 3023 1 0.007216453552246094
decode: 1 0 3024 1 0.007180929183959961
decode: 1 0 3025 1 0.007165670394897461
decode: 1 0 3026 1 0.00717616081237793
decode: 1 0 3027 1 0.007207155227661133
decode: 1 0 3028 1 0.007193326950073242
decode: 1 0 3029 1 0.007187604904174805
decode: 1 0 3030 1 0.007171154022216797
decode: 1 0 3031 1 0.007185459136962891
decode: 1 0 3032 1 0.007189750671386719
decode: 1 0 3033 1 0.007176876068115234
decode: 1 0 3034 1 0.007174253463745117
decode: 1 0 3035 1 0.007198810577392578
decode: 1 0 3036 1 0.00717616081237793
decode: 1 0 3037 1 0.007201433181762695
decode: 1 0 3038 1 0.007174968719482422
decode: 1 0 3039 1 0.00717473030090332
decode: 1 0 3040 1 0.0071811676025390625
decode: 1 0 3041 1 0.007200002670288086
decode: 1 0 3042 1 0.007176399230957031
decode: 1 0 3043 1 0.007189512252807617
decode: 1 0 3044 1 0.007195949554443359
decode: 1 0 3045 1 0.007184028625488281
decode: 1 0 3046 1 0.00719761848449707
decode: 1 0 3047 1 0.007177591323852539
decode: 1 0 3048 1 0.0071947574615478516
decode: 1 0 3049 1 0.007173299789428711
decode: 1 0 3050 1 0.007202863693237305
decode: 1 0 3051 1 0.007178783416748047
decode: 1 0 3052 1 0.0071794986724853516
decode: 1 0 3053 1 0.007199287414550781
decode: 1 0 3054 1 0.00719141960144043
decode: 1 0 3055 1 0.007186174392700195
decode: 1 0 3056 1 0.007182598114013672
decode: 1 0 3057 1 0.0071828365325927734
decode: 1 0 3058 1 0.007182121276855469
decode: 1 0 3059 1 0.007198810577392578
decode: 1 0 3060 1 0.00717926025390625
decode: 1 0 3061 1 0.007191896438598633
decode: 1 0 3062 1 0.007182598114013672
decode: 1 0 3063 1 0.007187366485595703
decode: 1 0 3064 1 0.007182121276855469
decode: 1 0 3065 1 0.007176637649536133
decode: 1 0 3066 1 0.007175445556640625
decode: 1 0 3067 1 0.007198810577392578
decode: 1 0 3068 1 0.007195949554443359
decode: 1 0 3069 1 0.007208824157714844
decode: 1 0 3070 1 0.007208108901977539
decode: 1 0 3071 1 0.007186174392700195
decode: 1 0 3072 1 0.007190704345703125
decode: 1 0 3073 1 0.007211923599243164
decode: 1 0 3074 1 0.007195711135864258
decode: 1 0 3075 1 0.0071964263916015625
decode: 1 0 3076 1 0.007189512252807617
decode: 1 0 3077 1 0.007190227508544922
decode: 1 0 3078 1 0.007203340530395508
decode: 1 0 3079 1 0.007192134857177734
decode: 1 0 3080 1 0.007182598114013672
decode: 1 0 3081 1 0.0072116851806640625
decode: 1 0 3082 1 0.007200717926025391
decode: 1 0 3083 1 0.007174253463745117
decode: 1 0 3084 1 0.007184743881225586
decode: 1 0 3085 1 0.007174253463745117
decode: 1 0 3086 1 0.00719141960144043
decode: 1 0 3087 1 0.007187604904174805
decode: 1 0 3088 1 0.007188320159912109
decode: 1 0 3089 1 0.007178068161010742
decode: 1 0 3090 1 0.0071773529052734375
decode: 1 0 3091 1 0.007206916809082031
decode: 1 0 3092 1 0.007203340530395508
decode: 1 0 3093 1 0.0072023868560791016
decode: 1 0 3094 1 0.007176876068115234
decode: 1 0 3095 1 0.007187843322753906
decode: 1 0 3096 1 0.007205009460449219
decode: 1 0 3097 1 0.007205009460449219
decode: 1 0 3098 1 0.007175445556640625
decode: 1 0 3099 1 0.0072021484375
decode: 1 0 3100 1 0.007198810577392578
decode: 1 0 3101 1 0.007200717926025391
decode: 1 0 3102 1 0.007215738296508789
decode: 1 0 3103 1 0.0072062015533447266
decode: 1 0 3104 1 0.007193803787231445
decode: 1 0 3105 1 0.007175445556640625
decode: 1 0 3106 1 0.007199287414550781
decode: 1 0 3107 1 0.007201433181762695
decode: 1 0 3108 1 0.007190704345703125
decode: 1 0 3109 1 0.007203817367553711
decode: 1 0 3110 1 0.0072138309478759766
decode: 1 0 3111 1 0.007184267044067383
decode: 1 0 3112 1 0.007200956344604492
decode: 1 0 3113 1 0.0071833133697509766
decode: 1 0 3114 1 0.0072138309478759766
decode: 1 0 3115 1 0.0071871280670166016
decode: 1 0 3116 1 0.00719451904296875
decode: 1 0 3117 1 0.0071794986724853516
decode: 1 0 3118 1 0.0071811676025390625
decode: 1 0 3119 1 0.007209062576293945
decode: 1 0 3120 1 0.007194042205810547
decode: 1 0 3121 1 0.007188558578491211
decode: 1 0 3122 1 0.0072057247161865234
decode: 1 0 3123 1 0.0072269439697265625
decode: 1 0 3124 1 0.00725555419921875
decode: 1 0 3125 1 0.007213592529296875
decode: 1 0 3126 1 0.00722503662109375
decode: 1 0 3127 1 0.007215976715087891
decode: 1 0 3128 1 0.007203340530395508
decode: 1 0 3129 1 0.007203817367553711
decode: 1 0 3130 1 0.007193088531494141
decode: 1 0 3131 1 0.007213115692138672
decode: 1 0 3132 1 0.007212400436401367
decode: 1 0 3133 1 0.0072171688079833984
decode: 1 0 3134 1 0.007196664810180664
decode: 1 0 3135 1 0.007200479507446289
decode: 1 0 3136 1 0.007209062576293945
decode: 1 0 3137 1 0.007178544998168945
decode: 1 0 3138 1 0.00719451904296875
decode: 1 0 3139 1 0.0072133541107177734
decode: 1 0 3140 1 0.007219552993774414
decode: 1 0 3141 1 0.007205486297607422
decode: 1 0 3142 1 0.007187604904174805
decode: 1 0 3143 1 0.007216215133666992
decode: 1 0 3144 1 0.007212400436401367
decode: 1 0 3145 1 0.007200002670288086
decode: 1 0 3146 1 0.007184505462646484
decode: 1 0 3147 1 0.007195472717285156
decode: 1 0 3148 1 0.0072021484375
decode: 1 0 3149 1 0.007187604904174805
decode: 1 0 3150 1 0.0071985721588134766
decode: 1 0 3151 1 0.00720977783203125
decode: 1 0 3152 1 0.007194042205810547
decode: 1 0 3153 1 0.007178306579589844
decode: 1 0 3154 1 0.007202625274658203
decode: 1 0 3155 1 0.0072171688079833984
decode: 1 0 3156 1 0.007191181182861328
decode: 1 0 3157 1 0.00720977783203125
decode: 1 0 3158 1 0.007218837738037109
decode: 1 0 3159 1 0.007197141647338867
decode: 1 0 3160 1 0.0071868896484375
decode: 1 0 3161 1 0.0071909427642822266
decode: 1 0 3162 1 0.00719141960144043
decode: 1 0 3163 1 0.007218360900878906
decode: 1 0 3164 1 0.007197141647338867
decode: 1 0 3165 1 0.007184505462646484
decode: 1 0 3166 1 0.007195711135864258
decode: 1 0 3167 1 0.007185220718383789
decode: 1 0 3168 1 0.0072209835052490234
decode: 1 0 3169 1 0.0071926116943359375
decode: 1 0 3170 1 0.007192373275756836
decode: 1 0 3171 1 0.007189273834228516
decode: 1 0 3172 1 0.0072040557861328125
decode: 1 0 3173 1 0.00719904899597168
decode: 1 0 3174 1 0.007184743881225586
decode: 1 0 3175 1 0.00721287727355957
decode: 1 0 3176 1 0.007198333740234375
decode: 1 0 3177 1 0.0072116851806640625
decode: 1 0 3178 1 0.007207155227661133
decode: 1 0 3179 1 0.00719904899597168
decode: 1 0 3180 1 0.007208108901977539
decode: 1 0 3181 1 0.00719761848449707
decode: 1 0 3182 1 0.007208824157714844
decode: 1 0 3183 1 0.007178068161010742
decode: 1 0 3184 1 0.007186174392700195
decode: 1 0 3185 1 0.007193803787231445
decode: 1 0 3186 1 0.007190227508544922
decode: 1 0 3187 1 0.007187843322753906
decode: 1 0 3188 1 0.007182121276855469
decode: 1 0 3189 1 0.0072019100189208984
decode: 1 0 3190 1 0.007178306579589844
decode: 1 0 3191 1 0.007215261459350586
decode: 1 0 3192 1 0.007199525833129883
decode: 1 0 3193 1 0.0071887969970703125
decode: 1 0 3194 1 0.007191658020019531
decode: 1 0 3195 1 0.007210493087768555
decode: 1 0 3196 1 0.0072095394134521484
decode: 1 0 3197 1 0.0072443485260009766
decode: 1 0 3198 1 0.007218360900878906
decode: 1 0 3199 1 0.0072362422943115234
decode: 1 0 3200 1 0.0072247982025146484
decode: 1 0 3201 1 0.007229328155517578
decode: 1 0 3202 1 0.007181406021118164
decode: 1 0 3203 1 0.007195472717285156
decode: 1 0 3204 1 0.00718235969543457
decode: 1 0 3205 1 0.007218122482299805
