extend: 0 1 0 2048 0.06149888038635254
extend: 0 1 2048 2048 0.06424641609191895
extend: 0 1 4096 778 0.03325462341308594
mixed: 1 1 4874 2048 0.05543065071105957
mixed: 1 2 6922 2048 0.05671334266662598
mixed: 2 1 8970 2048 0.060347795486450195
mixed: 2 1 11018 2048 0.06646013259887695
mixed: 2 2 13066 2048 0.0608673095703125
mixed: 3 2 15114 2048 0.059343814849853516
mixed: 4 1 17162 2048 0.06250596046447754
mixed: 4 1 19210 2048 0.06841874122619629
mixed: 4 1 21258 2048 0.0749809741973877
mixed: 4 3 23306 2048 0.06029224395751953
mixed: 6 1 25354 2048 0.06204581260681152
mixed: 6 1 27402 2048 0.06881952285766602
mixed: 6 2 29450 2048 0.06181740760803223
mixed: 7 1 31498 2048 0.0653681755065918
mixed: 7 1 33546 2048 0.0699155330657959
mixed: 7 2 35594 2048 0.06163382530212402
mixed: 8 1 37642 2048 0.06647038459777832
mixed: 8 1 39690 2048 0.07134366035461426
mixed: 8 2 41738 2048 0.07464194297790527
mixed: 9 2 43786 2048 0.060882568359375
mixed: 10 2 45834 2048 0.06253957748413086
mixed: 11 1 47882 2048 0.06513023376464844
mixed: 11 1 49930 2048 0.06975460052490234
mixed: 11 2 51978 2048 0.0720524787902832
mixed: 12 1 54026 2048 0.06306076049804688
mixed: 12 2 56074 2048 0.06286764144897461
mixed: 13 1 58122 2048 0.06796479225158691
mixed: 13 2 60170 2048 0.06617116928100586
mixed: 14 2 62218 2048 0.06363534927368164
mixed: 15 1 64266 2048 0.06504535675048828
mixed: 15 1 66314 2048 0.07178807258605957
mixed: 15 2 68362 2048 0.06526565551757812
mixed: 16 1 70410 2048 0.0679159164428711
mixed: 16 1 72458 2048 0.07321047782897949
mixed: 16 1 74506 2048 0.0804128646850586
mixed: 16 2 76554 2048 0.06794929504394531
mixed: 17 1 78602 2048 0.06760430335998535
mixed: 17 3 80650 2048 0.06427407264709473
mixed: 19 1 82698 2048 0.06407618522644043
mixed: 19 2 84746 2048 0.06446099281311035
mixed: 20 1 86794 2048 0.07078433036804199
mixed: 20 2 88842 2048 0.06598138809204102
mixed: 21 2 90890 2048 0.06599617004394531
mixed: 22 2 92938 2048 0.06495046615600586
mixed: 23 1 94986 2048 0.06518030166625977
mixed: 23 2 97034 2048 0.06810402870178223
mixed: 24 1 99082 2048 0.06674838066101074
mixed: 24 1 101130 2048 0.07490873336791992
mixed: 24 2 103178 2048 0.07157111167907715
mixed: 25 1 105226 2048 0.0678398609161377
mixed: 25 1 107274 2048 0.07314634323120117
mixed: 25 2 109322 2048 0.07545757293701172
mixed: 26 1 111370 2048 0.0666513442993164
mixed: 26 1 113418 2048 0.07330036163330078
mixed: 26 3 115466 2048 0.0646054744720459
mixed: 28 1 117514 2048 0.06888866424560547
mixed: 28 2 119562 2048 0.06927609443664551
mixed: 29 1 121610 2048 0.06846046447753906
mixed: 29 2 123658 2048 0.06729364395141602
mixed: 30 1 125706 2048 0.0703132152557373
mixed: 30 2 127754 2048 0.07603597640991211
mixed: 31 1 129802 2048 0.06783246994018555
mixed: 31 1 131850 2048 0.07353353500366211
mixed: 31 2 133898 2048 0.06672883033752441
mixed: 32 1 135946 2048 0.07236957550048828
mixed: 32 1 137994 2048 0.07799196243286133
mixed: 32 2 140042 2048 0.06999683380126953
mixed: 33 2 142090 2048 0.06847643852233887
mixed: 34 2 144138 2048 0.06746578216552734
mixed: 35 1 146186 2048 0.06769895553588867
mixed: 35 2 148234 2048 0.06740307807922363
mixed: 36 2 150282 2048 0.06685042381286621
mixed: 37 1 152330 2048 0.07214713096618652
mixed: 37 1 154378 2048 0.07786989212036133
mixed: 37 2 156426 2048 0.07824039459228516
mixed: 38 1 158474 2048 0.07012248039245605
mixed: 38 2 160522 2048 0.07274651527404785
mixed: 39 2 162570 2048 0.06818103790283203
mixed: 40 1 164618 2048 0.06914448738098145
mixed: 40 2 166666 2048 0.06878972053527832
mixed: 41 1 168714 2048 0.0749673843383789
mixed: 41 2 170762 2048 0.07033991813659668
mixed: 42 1 172810 2048 0.07438325881958008
mixed: 42 2 174858 2048 0.07200765609741211
mixed: 43 2 176906 2048 0.0692136287689209
mixed: 44 1 178954 2048 0.07381629943847656
mixed: 44 1 181002 2048 0.07919859886169434
mixed: 44 1 183050 2048 0.08661198616027832
mixed: 44 2 185098 2048 0.06991839408874512
mixed: 45 1 187146 2048 0.07611203193664551
mixed: 45 2 189194 2048 0.07743382453918457
mixed: 46 1 191242 2048 0.07061028480529785
mixed: 46 2 193290 2048 0.07326412200927734
mixed: 47 1 195338 2048 0.07403135299682617
mixed: 47 2 197386 2048 0.07475686073303223
mixed: 48 2 199434 2048 0.06985688209533691
mixed: 49 2 201482 2048 0.07162785530090332
mixed: 50 1 203530 2048 0.07237601280212402
mixed: 50 2 205578 2048 0.07454323768615723
mixed: 51 1 207626 2048 0.0731966495513916
mixed: 51 1 209674 2048 0.0782938003540039
mixed: 51 3 211722 2048 0.07120418548583984
mixed: 53 1 213770 2048 0.07242131233215332
mixed: 53 2 215818 2048 0.07073044776916504
mixed: 54 1 217866 2048 0.07824325561523438
mixed: 54 1 219914 2048 0.08296561241149902
mixed: 54 2 221962 2048 0.08621883392333984
mixed: 55 1 224010 2048 0.07239675521850586
mixed: 55 2 226058 2048 0.07136726379394531
mixed: 56 1 228106 2048 0.07804203033447266
mixed: 56 1 230154 2048 0.08320021629333496
mixed: 56 2 232202 2048 0.0729522705078125
mixed: 57 1 234250 2048 0.07811093330383301
mixed: 57 1 236298 2048 0.08486795425415039
mixed: 57 2 238346 2048 0.08148360252380371
mixed: 58 1 240394 2048 0.07681488990783691
mixed: 58 1 242442 2048 0.08097958564758301
mixed: 58 2 244490 2048 0.07904982566833496
mixed: 59 1 246538 2048 0.07546710968017578
mixed: 59 1 248586 2048 0.08170127868652344
mixed: 59 2 250634 2048 0.07977175712585449
mixed: 60 2 252682 2048 0.07486820220947266
mixed: 61 1 254730 2048 0.0747535228729248
mixed: 61 1 256778 2048 0.08177328109741211
mixed: 61 1 258826 2048 0.08710098266601562
mixed: 61 2 260874 2048 0.07290029525756836
mixed: 62 2 262922 2048 0.07516360282897949
mixed: 63 2 264970 2048 0.0763709545135498
mixed: 64 1 267018 2048 0.0751199722290039
mixed: 64 2 269066 2048 0.07961082458496094
mixed: 65 1 271114 2048 0.07608151435852051
mixed: 65 1 273162 2048 0.07972502708435059
mixed: 65 1 275210 2048 0.0858919620513916
mixed: 65 3 277258 2048 0.07491230964660645
mixed: 67 1 279306 2048 0.07590508460998535
mixed: 67 2 281354 2048 0.0759725570678711
mixed: 68 1 283402 2048 0.08028888702392578
mixed: 68 1 285450 2048 0.08413553237915039
mixed: 68 2 287498 2048 0.07692217826843262
mixed: 69 1 289546 2048 0.08107924461364746
mixed: 69 2 291594 2048 0.08475422859191895
mixed: 70 1 293642 2048 0.0756986141204834
mixed: 70 2 295690 2048 0.07635259628295898
mixed: 71 1 297738 2048 0.08178234100341797
mixed: 71 1 299786 2048 0.0863041877746582
mixed: 71 2 301834 2048 0.0834963321685791
mixed: 72 1 303882 2048 0.08037209510803223
mixed: 72 1 305930 2048 0.08354854583740234
mixed: 72 2 307978 2048 0.08952975273132324
mixed: 73 1 310026 2048 0.07560467720031738
mixed: 73 1 312074 2048 0.08278727531433105
mixed: 73 2 314122 2048 0.08223342895507812
mixed: 74 1 316170 2048 0.08057570457458496
mixed: 74 1 318218 2048 0.08634543418884277
mixed: 74 1 320266 2048 0.09092235565185547
mixed: 74 2 322314 2048 0.08038187026977539
mixed: 75 2 324362 2048 0.07693028450012207
mixed: 76 1 326410 2048 0.08291149139404297
mixed: 76 1 328458 2048 0.0872030258178711
mixed: 76 2 330506 2048 0.09084606170654297
mixed: 77 1 332554 2048 0.07800126075744629
mixed: 77 1 334602 2048 0.08241629600524902
mixed: 77 1 336650 2048 0.09146976470947266
mixed: 77 2 338698 2048 0.08578896522521973
mixed: 78 1 340746 2048 0.08206415176391602
mixed: 78 2 342794 2048 0.08266592025756836
mixed: 79 1 344842 2048 0.08257412910461426
mixed: 79 1 346890 2048 0.08835458755493164
mixed: 79 2 348938 2048 0.08662104606628418
mixed: 80 2 350986 2048 0.08115744590759277
mixed: 81 1 353034 2048 0.08161306381225586
mixed: 81 1 355082 2048 0.08934473991394043
mixed: 81 2 357130 2048 0.08516621589660645
mixed: 82 2 359178 2048 0.08007264137268066
mixed: 83 1 361226 2048 0.07942962646484375
mixed: 83 1 363274 2048 0.08666276931762695
mixed: 83 2 365322 2048 0.0897359848022461
mixed: 84 1 367370 2048 0.08087539672851562
mixed: 84 2 369418 2048 0.08124184608459473
mixed: 85 1 371466 2048 0.08504033088684082
mixed: 85 2 373514 2048 0.08780837059020996
mixed: 86 1 375562 2048 0.08197665214538574
mixed: 86 1 377610 2048 0.08740949630737305
mixed: 86 2 379658 2048 0.09219217300415039
mixed: 87 1 381706 2048 0.08298778533935547
mixed: 87 1 383754 2048 0.08854532241821289
mixed: 87 1 385802 2048 0.09132552146911621
mixed: 87 2 387850 2048 0.09536886215209961
mixed: 88 1 389898 2048 0.07960939407348633
mixed: 88 1 391946 2048 0.08619451522827148
mixed: 88 2 393994 2048 0.08318591117858887
mixed: 89 1 396042 2048 0.08424711227416992
mixed: 89 1 398090 2048 0.09113550186157227
mixed: 89 1 400138 2048 0.09608125686645508
mixed: 89 2 402186 1215 0.05463743209838867
decode: 91 0 403492 91 0.04067730903625488
decode: 91 0 403583 91 0.03883981704711914
decode: 91 0 403674 91 0.03858470916748047
decode: 91 0 403765 91 0.03858661651611328
decode: 91 0 403856 91 0.038503408432006836
decode: 91 0 403947 91 0.0384824275970459
decode: 91 0 404038 91 0.038504600524902344
decode: 91 0 404129 91 0.03842425346374512
decode: 91 0 404220 91 0.03842449188232422
decode: 91 0 404311 91 0.03840017318725586
decode: 91 0 404402 91 0.03836369514465332
decode: 91 0 404493 91 0.03835701942443848
decode: 91 0 404584 91 0.03835439682006836
decode: 91 0 404675 91 0.03840017318725586
decode: 91 0 404766 91 0.038266658782958984
decode: 91 0 404857 91 0.038279056549072266
decode: 91 0 404948 91 0.038360595703125
decode: 91 0 405039 91 0.038403987884521484
decode: 91 0 405130 91 0.038445234298706055
decode: 91 0 405221 91 0.038425445556640625
decode: 91 0 405312 91 0.03836798667907715
decode: 91 0 405403 91 0.038750410079956055
decode: 91 0 405494 91 0.03871750831604004
decode: 91 0 405585 91 0.03855299949645996
decode: 91 0 405676 91 0.03846597671508789
decode: 91 0 405767 91 0.038935184478759766
decode: 91 0 405858 91 0.03869462013244629
decode: 91 0 405949 91 0.03851795196533203
decode: 91 0 406040 91 0.038388729095458984
decode: 91 0 406131 91 0.0384519100189209
decode: 91 0 406222 91 0.03874778747558594
decode: 91 0 406313 91 0.03882718086242676
decode: 91 0 406404 91 0.038648128509521484
decode: 91 0 406495 91 0.03850722312927246
decode: 91 0 406586 91 0.0385439395904541
decode: 91 0 406677 91 0.03882241249084473
decode: 91 0 406768 91 0.038887739181518555
decode: 91 0 406859 91 0.03866100311279297
decode: 91 0 406950 91 0.03848457336425781
decode: 91 0 407041 91 0.03851461410522461
decode: 91 0 407132 91 0.03882861137390137
decode: 91 0 407223 91 0.0395197868347168
decode: 91 0 407314 91 0.03864884376525879
decode: 91 0 407405 91 0.03853607177734375
decode: 91 0 407496 91 0.03862357139587402
decode: 91 0 407587 91 0.03968071937561035
decode: 91 0 407678 91 0.038828372955322266
decode: 91 0 407769 91 0.03872108459472656
decode: 91 0 407860 91 0.03869891166687012
decode: 91 0 407951 91 0.03856015205383301
decode: 91 0 408042 91 0.03861284255981445
decode: 91 0 408133 91 0.03861403465270996
decode: 91 0 408224 91 0.038904666900634766
decode: 91 0 408315 91 0.03880119323730469
decode: 91 0 408406 91 0.03866243362426758
decode: 91 0 408497 91 0.03862905502319336
decode: 91 0 408588 91 0.03859090805053711
decode: 91 0 408679 91 0.03984570503234863
decode: 91 0 408770 91 0.03891897201538086
decode: 91 0 408861 91 0.03890395164489746
decode: 91 0 408952 91 0.03876090049743652
decode: 91 0 409043 91 0.03872537612915039
decode: 91 0 409134 91 0.03891468048095703
decode: 91 0 409225 91 0.03889870643615723
decode: 91 0 409316 91 0.03876805305480957
decode: 91 0 409407 91 0.03881669044494629
decode: 91 0 409498 91 0.038677215576171875
decode: 91 0 409589 91 0.03861355781555176
decode: 91 0 409680 91 0.038763999938964844
decode: 91 0 409771 91 0.039017677307128906
decode: 91 0 409862 91 0.03925299644470215
decode: 91 0 409953 91 0.03880453109741211
decode: 91 0 410044 91 0.03873014450073242
decode: 91 0 410135 91 0.03883051872253418
decode: 91 0 410226 91 0.03873896598815918
decode: 91 0 410317 91 0.03864693641662598
decode: 91 0 410408 91 0.03865194320678711
decode: 91 0 410499 91 0.0386350154876709
decode: 91 0 410590 91 0.0385746955871582
decode: 91 0 410681 91 0.03871655464172363
decode: 91 0 410772 91 0.03871488571166992
decode: 91 0 410863 91 0.038684844970703125
decode: 91 0 410954 91 0.03867793083190918
decode: 91 0 411045 91 0.03861188888549805
decode: 91 0 411136 91 0.038702964782714844
decode: 91 0 411227 91 0.03867769241333008
decode: 91 0 411318 91 0.03858590126037598
decode: 91 0 411409 91 0.03858685493469238
decode: 91 0 411500 91 0.0387418270111084
decode: 91 0 411591 91 0.03875565528869629
decode: 91 0 411682 91 0.03868436813354492
decode: 91 0 411773 91 0.03871607780456543
decode: 91 0 411864 91 0.0387575626373291
decode: 91 0 411955 91 0.03883671760559082
decode: 91 0 412046 91 0.038811683654785156
decode: 91 0 412137 91 0.038765907287597656
decode: 91 0 412228 91 0.038742780685424805
decode: 91 0 412319 91 0.03878331184387207
decode: 90 0 404331 90 0.03555560111999512
mixed: 90 1 404331 1383 0.05689811706542969
decode: 91 0 405805 91 0.03727459907531738
decode: 91 0 405896 91 0.03601241111755371
decode: 91 0 405987 91 0.03574848175048828
decode: 91 0 406078 91 0.03574180603027344
decode: 91 0 406169 91 0.03573441505432129
decode: 91 0 406260 91 0.03575015068054199
decode: 91 0 406351 91 0.03575730323791504
decode: 91 0 406442 91 0.03578686714172363
decode: 91 0 406533 91 0.03577542304992676
decode: 91 0 406624 91 0.03560209274291992
decode: 91 0 406715 91 0.035629987716674805
decode: 91 0 406806 91 0.03570437431335449
decode: 91 0 406897 91 0.03564453125
decode: 91 0 406988 91 0.03562045097351074
decode: 91 0 407079 91 0.035674095153808594
decode: 91 0 407170 91 0.035650014877319336
decode: 91 0 407261 91 0.0356287956237793
decode: 91 0 407352 91 0.03563570976257324
decode: 91 0 407443 91 0.03579831123352051
decode: 91 0 407534 91 0.0356900691986084
decode: 91 0 407625 91 0.03567910194396973
decode: 91 0 407716 91 0.03568840026855469
decode: 91 0 407807 91 0.035698890686035156
decode: 91 0 407898 91 0.035643815994262695
decode: 91 0 407989 91 0.03565216064453125
decode: 91 0 408080 91 0.03566884994506836
decode: 91 0 408171 91 0.03572249412536621
decode: 91 0 408262 91 0.035675764083862305
decode: 91 0 408353 91 0.03568911552429199
decode: 91 0 408444 91 0.03568696975708008
decode: 91 0 408535 91 0.03574848175048828
decode: 91 0 408626 91 0.035727500915527344
decode: 91 0 408717 91 0.03571772575378418
decode: 91 0 408808 91 0.035759925842285156
decode: 91 0 408899 91 0.03574848175048828
decode: 91 0 408990 91 0.03572988510131836
decode: 91 0 409081 91 0.03574681282043457
decode: 91 0 409172 91 0.035726070404052734
decode: 91 0 409263 91 0.03577446937561035
decode: 91 0 409354 91 0.035779476165771484
decode: 91 0 409445 91 0.0357356071472168
decode: 91 0 409536 91 0.03574514389038086
decode: 91 0 409627 91 0.03576827049255371
decode: 91 0 409718 91 0.03577423095703125
decode: 91 0 409809 91 0.035758256912231445
decode: 91 0 409900 91 0.035825252532958984
decode: 91 0 409991 91 0.035798072814941406
decode: 90 0 407654 90 0.03816413879394531
mixed: 90 1 407654 2048 0.08044052124023438
mixed: 90 1 409702 2048 0.09050226211547852
mixed: 90 2 411750 2048 0.08230209350585938
mixed: 91 1 413798 2048 0.08761858940124512
mixed: 91 1 415846 2048 0.09321856498718262
mixed: 91 2 417894 2048 0.09615612030029297
mixed: 92 1 419942 2048 0.0823216438293457
mixed: 92 1 421990 2048 0.09004330635070801
mixed: 92 1 424038 2048 0.09533143043518066
mixed: 92 2 426086 2048 0.10041642189025879
mixed: 93 1 428134 2048 0.08260154724121094
mixed: 93 2 430182 2048 0.08388662338256836
mixed: 94 2 432230 2048 0.08285021781921387
mixed: 94 2 429415 2048 0.0836489200592041
mixed: 95 2 431463 2048 0.08469223976135254
mixed: 96 1 433511 2048 0.08672022819519043
mixed: 96 2 435559 2048 0.0845644474029541
mixed: 97 1 437607 2048 0.08756828308105469
mixed: 97 1 439655 948 0.05206871032714844
decode: 98 0 440701 98 0.040248870849609375
decode: 98 0 440799 98 0.039315223693847656
decode: 98 0 440897 98 0.03928017616271973
decode: 98 0 440995 98 0.03989243507385254
decode: 98 0 441093 98 0.039259910583496094
decode: 98 0 441191 98 0.03930330276489258
decode: 98 0 441289 98 0.03930330276489258
decode: 98 0 441387 98 0.03995323181152344
decode: 97 0 436719 97 0.03900623321533203
mixed: 97 1 436719 1727 0.07520270347595215
decode: 98 0 438544 98 0.04060983657836914
decode: 98 0 438642 98 0.039487600326538086
decode: 98 0 438740 98 0.039267778396606445
decode: 98 0 438838 98 0.039402008056640625
decode: 98 0 438936 98 0.0392918586730957
decode: 98 0 439034 98 0.03924965858459473
decode: 98 0 439132 98 0.03925132751464844
decode: 98 0 439230 98 0.03927421569824219
decode: 98 0 439328 98 0.03915667533874512
decode: 98 0 439426 98 0.03910708427429199
decode: 97 0 435932 97 0.04101872444152832
mixed: 97 1 435932 1605 0.07330703735351562
decode: 98 0 437635 98 0.043251752853393555
decode: 98 0 437733 98 0.04140877723693848
decode: 98 0 437831 98 0.04118990898132324
decode: 97 0 430695 97 0.03964805603027344
mixed: 97 1 430695 1273 0.0544891357421875
decode: 98 0 432066 98 0.04074978828430176
decode: 98 0 432164 98 0.03977227210998535
decode: 98 0 432262 98 0.039636850357055664
decode: 98 0 432360 98 0.03972339630126953
decode: 98 0 432458 98 0.039739131927490234
decode: 98 0 432556 98 0.03980231285095215
decode: 98 0 432654 98 0.03980898857116699
decode: 98 0 432752 98 0.03985786437988281
decode: 98 0 432850 98 0.03953719139099121
decode: 98 0 432948 98 0.039494991302490234
decode: 98 0 433046 98 0.039488792419433594
decode: 98 0 433144 98 0.03949785232543945
decode: 98 0 433242 98 0.03960752487182617
decode: 98 0 433340 98 0.03952789306640625
decode: 98 0 433438 98 0.03952336311340332
decode: 98 0 433536 98 0.03956723213195801
decode: 98 0 433634 98 0.03955245018005371
decode: 98 0 433732 98 0.03960561752319336
decode: 98 0 433830 98 0.040014028549194336
decode: 98 0 433928 98 0.03963303565979004
decode: 98 0 434026 98 0.03955721855163574
decode: 98 0 434124 98 0.03960061073303223
decode: 98 0 434222 98 0.039672136306762695
decode: 98 0 434320 98 0.039568185806274414
decode: 98 0 434418 98 0.039560794830322266
decode: 98 0 434516 98 0.03965568542480469
decode: 98 0 434614 98 0.03961896896362305
decode: 98 0 434712 98 0.03959536552429199
decode: 98 0 434810 98 0.03959155082702637
decode: 98 0 434908 98 0.039580583572387695
decode: 98 0 435006 98 0.03963971138000488
decode: 98 0 435104 98 0.03965473175048828
decode: 98 0 435202 98 0.0396120548248291
decode: 98 0 435300 98 0.039597272872924805
decode: 98 0 435398 98 0.03960466384887695
decode: 98 0 435496 98 0.03967571258544922
decode: 97 0 433039 97 0.037695884704589844
mixed: 97 1 433039 2048 0.07992815971374512
mixed: 97 1 435087 2048 0.09013938903808594
mixed: 97 1 437135 641 0.046988725662231445
decode: 98 0 437874 98 0.03961515426635742
decode: 98 0 437972 98 0.03933262825012207
decode: 98 0 438070 98 0.039301395416259766
decode: 98 0 438168 98 0.03932905197143555
decode: 98 0 438266 98 0.039388179779052734
decode: 98 0 438364 98 0.03938794136047363
decode: 98 0 438462 98 0.03931307792663574
decode: 98 0 438560 98 0.03910994529724121
decode: 97 0 436737 97 0.037947893142700195
decode: 97 0 436834 97 0.038083791732788086
decode: 97 0 436931 97 0.03861546516418457
decode: 97 0 437028 97 0.03864479064941406
decode: 97 0 437125 97 0.03855109214782715
decode: 97 0 437222 97 0.0382230281829834
decode: 97 0 437319 97 0.038194894790649414
decode: 97 0 437416 97 0.038150787353515625
decode: 97 0 437513 97 0.03808760643005371
decode: 97 0 437610 97 0.038132667541503906
decode: 97 0 437707 97 0.03811812400817871
decode: 97 0 437804 97 0.03814220428466797
decode: 97 0 437901 97 0.03812980651855469
decode: 97 0 437998 97 0.038120269775390625
decode: 97 0 438095 97 0.03831934928894043
decode: 97 0 438192 97 0.03816413879394531
decode: 96 0 434188 96 0.03990602493286133
decode: 96 0 434284 96 0.03994345664978027
decode: 96 0 434380 96 0.04020404815673828
decode: 96 0 434476 96 0.04001927375793457
decode: 96 0 434572 96 0.04000568389892578
decode: 96 0 434668 96 0.03997302055358887
decode: 96 0 434764 96 0.03996109962463379
decode: 96 0 434860 96 0.04008769989013672
decode: 96 0 434956 96 0.04009413719177246
decode: 96 0 435052 96 0.04054141044616699
decode: 96 0 435148 96 0.04047274589538574
decode: 96 0 435244 96 0.04010438919067383
decode: 96 0 435340 96 0.040107011795043945
decode: 96 0 435436 96 0.04043388366699219
decode: 96 0 435532 96 0.04023337364196777
decode: 96 0 435628 96 0.04021906852722168
decode: 96 0 435724 96 0.040548086166381836
decode: 96 0 435820 96 0.04060196876525879
decode: 96 0 435916 96 0.04013323783874512
decode: 96 0 436012 96 0.0404205322265625
decode: 96 0 436108 96 0.04046773910522461
decode: 96 0 436204 96 0.040168046951293945
decode: 96 0 436300 96 0.04015517234802246
decode: 96 0 436396 96 0.0405888557434082
decode: 96 0 436492 96 0.04025578498840332
decode: 96 0 436588 96 0.04017829895019531
decode: 96 0 436684 96 0.04037284851074219
decode: 96 0 436780 96 0.040276527404785156
decode: 96 0 436876 96 0.04077911376953125
decode: 96 0 436972 96 0.04025077819824219
decode: 96 0 437068 96 0.04017829895019531
decode: 96 0 437164 96 0.04018068313598633
decode: 95 0 430511 95 0.038004398345947266
mixed: 95 1 430511 2048 0.08399724960327148
mixed: 95 1 432559 2048 0.09555506706237793
mixed: 95 1 434607 1978 0.09459280967712402
decode: 96 0 436681 96 0.04114937782287598
decode: 96 0 436777 96 0.04026436805725098
decode: 96 0 436873 96 0.04000449180603027
decode: 96 0 436969 96 0.03994321823120117
decode: 95 0 434332 95 0.03789973258972168
decode: 95 0 434427 95 0.0379178524017334
decode: 95 0 434522 95 0.038095951080322266
decode: 95 0 434617 95 0.038106441497802734
decode: 95 0 434712 95 0.037920236587524414
decode: 95 0 434807 95 0.037851572036743164
decode: 95 0 434902 95 0.03792214393615723
decode: 95 0 434997 95 0.0380854606628418
decode: 95 0 435092 95 0.037871360778808594
decode: 95 0 435187 95 0.03797316551208496
decode: 95 0 435282 95 0.0377650260925293
decode: 95 0 435377 95 0.03774619102478027
decode: 95 0 435472 95 0.03797578811645508
decode: 95 0 435567 95 0.03799700736999512
decode: 95 0 435662 95 0.03798103332519531
decode: 95 0 435757 95 0.03812098503112793
decode: 95 0 435852 95 0.03799796104431152
decode: 95 0 435947 95 0.037980079650878906
decode: 95 0 436042 95 0.03808784484863281
decode: 95 0 436137 95 0.03830981254577637
decode: 95 0 436232 95 0.03836393356323242
decode: 95 0 436327 95 0.037947654724121094
decode: 95 0 436422 95 0.03810739517211914
decode: 95 0 436517 95 0.03828167915344238
decode: 95 0 436612 95 0.0382542610168457
decode: 95 0 436707 95 0.03801298141479492
decode: 95 0 436802 95 0.03801679611206055
decode: 95 0 436897 95 0.03814196586608887
decode: 95 0 436992 95 0.03847861289978027
decode: 94 0 433739 94 0.03995323181152344
mixed: 94 1 433739 2048 0.08121681213378906
mixed: 94 1 435787 2048 0.0902245044708252
mixed: 94 1 437835 2048 0.09547853469848633
mixed: 94 1 439883 217 0.03284907341003418
decode: 95 0 440195 95 0.0406801700592041
decode: 95 0 440290 95 0.040253639221191406
decode: 95 0 440385 95 0.03975200653076172
decode: 95 0 440480 95 0.040224552154541016
decode: 95 0 440575 95 0.039864540100097656
decode: 95 0 440670 95 0.040129899978637695
decode: 95 0 440765 95 0.039728641510009766
decode: 95 0 440860 95 0.03981423377990723
decode: 95 0 440955 95 0.039804935455322266
decode: 95 0 441050 95 0.03994035720825195
decode: 94 0 432614 94 0.039208412170410156
mixed: 94 1 432614 2048 0.08240270614624023
mixed: 94 2 434662 2048 0.08631134033203125
mixed: 95 1 436710 2048 0.0862112045288086
mixed: 95 1 438758 200 0.032318830490112305
decode: 96 0 439054 96 0.03955364227294922
decode: 96 0 439150 96 0.03983354568481445
decode: 96 0 439246 96 0.03945469856262207
decode: 96 0 439342 96 0.039786338806152344
decode: 96 0 439438 96 0.03945040702819824
decode: 96 0 439534 96 0.039942264556884766
decode: 96 0 439630 96 0.039459943771362305
decode: 96 0 439726 96 0.03982090950012207
decode: 96 0 439822 96 0.03926563262939453
decode: 96 0 439918 96 0.03969764709472656
decode: 96 0 440014 96 0.03925895690917969
decode: 96 0 440110 96 0.039568424224853516
decode: 96 0 440206 96 0.03933215141296387
decode: 95 0 437984 95 0.03641319274902344
mixed: 94 1 431385 2047 0.08271145820617676
mixed: 94 1 433432 2048 0.09021615982055664
mixed: 94 1 435480 2048 0.09443831443786621
mixed: 94 1 437528 1979 0.09797334671020508
decode: 95 0 439602 95 0.040154457092285156
decode: 95 0 439697 95 0.03953266143798828
decode: 95 0 439792 95 0.03919792175292969
decode: 95 0 439887 95 0.038939714431762695
decode: 95 0 439982 95 0.038956403732299805
decode: 95 0 440077 95 0.039427757263183594
decode: 95 0 440172 95 0.03884601593017578
decode: 95 0 440267 95 0.0392308235168457
decode: 95 0 440362 95 0.03887677192687988
decode: 95 0 440457 95 0.03920125961303711
decode: 94 0 436158 94 0.0370485782623291
mixed: 93 1 429039 2047 0.08336734771728516
mixed: 93 1 431086 2048 0.09028172492980957
mixed: 93 1 433134 2048 0.09525561332702637
mixed: 93 1 435182 1239 0.06552505493164062
decode: 94 0 436515 94 0.04058361053466797
decode: 94 0 436609 94 0.03944063186645508
decode: 94 0 436703 94 0.03924083709716797
decode: 94 0 436797 94 0.03920602798461914
decode: 94 0 436891 94 0.0392758846282959
decode: 94 0 436985 94 0.039307594299316406
decode: 93 0 430543 93 0.03808164596557617
mixed: 93 1 430543 2048 0.07985901832580566
mixed: 93 1 432591 2048 0.08926987648010254
mixed: 93 1 434639 1569 0.0834808349609375
decode: 94 0 436302 94 0.03913426399230957
decode: 94 0 436396 94 0.03864121437072754
decode: 94 0 436490 94 0.03820157051086426
decode: 94 0 436584 94 0.03819012641906738
decode: 94 0 436678 94 0.03822445869445801
decode: 94 0 436772 94 0.03815126419067383
decode: 94 0 436866 94 0.03819608688354492
decode: 94 0 436960 94 0.03825831413269043
decode: 94 0 437054 94 0.03807711601257324
decode: 94 0 437148 94 0.03804278373718262
decode: 94 0 437242 94 0.03807640075683594
decode: 94 0 437336 94 0.0380709171295166
decode: 94 0 437430 94 0.03808927536010742
decode: 94 0 437524 94 0.038176774978637695
decode: 94 0 437618 94 0.038027048110961914
decode: 94 0 437712 94 0.03799772262573242
decode: 93 0 436220 93 0.038518667221069336
decode: 93 0 436313 93 0.038590431213378906
decode: 93 0 436406 93 0.03862428665161133
decode: 93 0 436499 93 0.03865170478820801
decode: 93 0 436592 93 0.03886222839355469
decode: 93 0 436685 93 0.0386965274810791
decode: 93 0 436778 93 0.0386350154876709
decode: 93 0 436871 93 0.03860926628112793
decode: 93 0 436964 93 0.03860950469970703
decode: 93 0 437057 93 0.03863978385925293
decode: 93 0 437150 93 0.0386199951171875
decode: 93 0 437243 93 0.0387265682220459
decode: 93 0 437336 93 0.038701534271240234
decode: 93 0 437429 93 0.03874468803405762
decode: 93 0 437522 93 0.03869915008544922
decode: 93 0 437615 93 0.03860783576965332
decode: 93 0 437708 93 0.03858137130737305
decode: 93 0 437801 93 0.03864407539367676
decode: 93 0 437894 93 0.03869748115539551
decode: 93 0 437987 93 0.03872346878051758
decode: 93 0 438080 93 0.03866934776306152
decode: 93 0 438173 93 0.03865313529968262
decode: 93 0 438266 93 0.03873038291931152
decode: 93 0 438359 93 0.0387110710144043
decode: 93 0 438452 93 0.03866910934448242
decode: 93 0 438545 93 0.03871965408325195
decode: 93 0 438638 93 0.038710832595825195
decode: 93 0 438731 93 0.0387728214263916
decode: 93 0 438824 93 0.03876757621765137
decode: 93 0 438917 93 0.03880643844604492
decode: 93 0 439010 93 0.03879523277282715
decode: 93 0 439103 93 0.03876972198486328
decode: 93 0 439196 93 0.03873467445373535
decode: 93 0 439289 93 0.0387730598449707
decode: 93 0 439382 93 0.03872251510620117
decode: 93 0 439475 93 0.03877902030944824
decode: 93 0 439568 93 0.038822174072265625
decode: 92 0 435894 92 0.041768789291381836
decode: 92 0 435986 92 0.042571067810058594
decode: 92 0 436078 92 0.0426640510559082
decode: 92 0 436170 92 0.04202723503112793
decode: 92 0 436262 92 0.04258155822753906
decode: 92 0 436354 92 0.04189419746398926
decode: 92 0 436446 92 0.04187822341918945
decode: 92 0 436538 92 0.041893959045410156
decode: 92 0 436630 92 0.04251289367675781
decode: 92 0 436722 92 0.041921377182006836
decode: 92 0 436814 92 0.04184579849243164
decode: 92 0 436906 92 0.041780948638916016
decode: 92 0 436998 92 0.042192697525024414
decode: 92 0 437090 92 0.04204821586608887
decode: 92 0 437182 92 0.041863203048706055
decode: 92 0 437274 92 0.041826486587524414
decode: 92 0 437366 92 0.04197502136230469
decode: 92 0 437458 92 0.04184675216674805
decode: 92 0 437550 92 0.0419001579284668
decode: 91 0 433158 91 0.03786349296569824
mixed: 91 1 433158 2048 0.08429741859436035
mixed: 91 1 435206 2048 0.08930397033691406
mixed: 91 1 437254 2048 0.09450864791870117
mixed: 91 1 439302 1228 0.06444191932678223
decode: 92 0 440622 92 0.0428318977355957
decode: 92 0 440714 92 0.041588544845581055
decode: 92 0 440806 92 0.041436195373535156
decode: 92 0 440898 92 0.04147601127624512
decode: 92 0 440990 92 0.04146623611450195
decode: 92 0 441082 92 0.04149603843688965
decode: 92 0 441174 92 0.04212331771850586
decode: 92 0 441266 92 0.04150724411010742
decode: 92 0 441358 92 0.041318416595458984
decode: 92 0 441450 92 0.04139590263366699
decode: 92 0 441542 92 0.041460275650024414
decode: 92 0 441634 92 0.041374921798706055
decode: 92 0 441726 92 0.04194068908691406
decode: 91 0 440355 91 0.04150056838989258
decode: 90 0 437173 90 0.041304588317871094
mixed: 89 1 430027 2047 0.08736729621887207
mixed: 89 1 432074 2048 0.09029793739318848
mixed: 89 1 434122 2048 0.09508800506591797
mixed: 89 2 436170 2048 0.09716033935546875
mixed: 89 1 436720 2048 0.08367204666137695
mixed: 88 2 435828 2048 0.08454608917236328
mixed: 89 1 437876 2048 0.08968710899353027
mixed: 89 1 439924 289 0.0346684455871582
decode: 90 0 440303 90 0.041974782943725586
decode: 90 0 440393 90 0.04161977767944336
decode: 90 0 440483 90 0.04162311553955078
decode: 90 0 440573 90 0.0415949821472168
decode: 90 0 440663 90 0.04160499572753906
decode: 89 0 438193 89 0.04149580001831055
decode: 89 0 438282 89 0.04151725769042969
decode: 89 0 438371 89 0.04133796691894531
decode: 89 0 438460 89 0.0412900447845459
decode: 89 0 438549 89 0.04135251045227051
decode: 88 0 435695 88 0.04010510444641113
decode: 88 0 435783 88 0.040045738220214844
decode: 87 0 432583 87 0.03874802589416504
mixed: 87 1 432583 2048 0.08103132247924805
mixed: 87 1 434631 2048 0.09000062942504883
mixed: 87 1 436679 255 0.03192734718322754
decode: 88 0 437022 88 0.03945159912109375
decode: 88 0 437110 88 0.03907418251037598
decode: 88 0 437198 88 0.03899383544921875
decode: 88 0 437286 88 0.03890395164489746
decode: 88 0 437374 88 0.038912296295166016
decode: 88 0 437462 88 0.03897905349731445
decode: 88 0 437550 88 0.03897547721862793
decode: 88 0 437638 88 0.03883242607116699
decode: 88 0 437726 88 0.03885340690612793
decode: 88 0 437814 88 0.038847923278808594
decode: 88 0 437902 88 0.038866519927978516
decode: 88 0 437990 88 0.039092063903808594
decode: 88 0 438078 88 0.0388791561126709
decode: 88 0 438166 88 0.03887748718261719
decode: 88 0 438254 88 0.038976430892944336
decode: 88 0 438342 88 0.0389409065246582
decode: 88 0 438430 88 0.03887319564819336
decode: 88 0 438518 88 0.0388484001159668
decode: 88 0 438606 88 0.03885293006896973
decode: 88 0 438694 88 0.03884530067443848
decode: 88 0 438782 88 0.03887772560119629
decode: 88 0 438870 88 0.03884625434875488
decode: 88 0 438958 88 0.03884696960449219
decode: 88 0 439046 88 0.038897037506103516
decode: 88 0 439134 88 0.038908958435058594
decode: 88 0 439222 88 0.03883481025695801
decode: 88 0 439310 88 0.03885674476623535
decode: 88 0 439398 88 0.03889727592468262
decode: 88 0 439486 88 0.03895115852355957
decode: 88 0 439574 88 0.038930416107177734
decode: 88 0 439662 88 0.038889169692993164
decode: 88 0 439750 88 0.03888297080993652
decode: 87 0 437846 87 0.03981494903564453
decode: 87 0 437933 87 0.03982114791870117
decode: 86 0 431836 86 0.036150217056274414
mixed: 86 1 431836 2048 0.08012890815734863
mixed: 86 1 433884 2048 0.08894896507263184
mixed: 86 1 435932 2048 0.09495854377746582
mixed: 86 1 437980 2048 0.09930753707885742
mixed: 86 1 440028 96 0.030019521713256836
decode: 86 0 435325 86 0.03979611396789551
mixed: 86 1 435325 1437 0.06872081756591797
decode: 87 0 436849 87 0.03980064392089844
decode: 87 0 436936 87 0.038573503494262695
decode: 87 0 437023 87 0.03835606575012207
decode: 87 0 437110 87 0.038298606872558594
decode: 87 0 437197 87 0.03830289840698242
decode: 87 0 437284 87 0.038359642028808594
decode: 87 0 437371 87 0.038400888442993164
decode: 87 0 437458 87 0.03837132453918457
decode: 87 0 437545 87 0.038312435150146484
decode: 87 0 437632 87 0.038147926330566406
decode: 87 0 437719 87 0.038184404373168945
decode: 87 0 437806 87 0.03817248344421387
decode: 87 0 437893 87 0.03817105293273926
decode: 87 0 437980 87 0.0381929874420166
decode: 87 0 438067 87 0.03816986083984375
decode: 87 0 438154 87 0.03818964958190918
decode: 87 0 438241 87 0.03818082809448242
decode: 87 0 438328 87 0.03820514678955078
decode: 87 0 438415 87 0.03817009925842285
decode: 87 0 438502 87 0.03815937042236328
decode: 87 0 438589 87 0.038172006607055664
decode: 87 0 438676 87 0.03821206092834473
decode: 87 0 438763 87 0.03825211524963379
decode: 86 0 434359 86 0.04033327102661133
mixed: 86 1 434359 2048 0.08161664009094238
mixed: 86 1 436407 1346 0.0624079704284668
decode: 87 0 437840 87 0.042205095291137695
decode: 87 0 437927 87 0.04105067253112793
decode: 87 0 438014 87 0.040636539459228516
decode: 87 0 438101 87 0.040602922439575195
decode: 87 0 438188 87 0.04062247276306152
decode: 87 0 438275 87 0.040576934814453125
decode: 87 0 438362 87 0.04063606262207031
decode: 87 0 438449 87 0.04062056541442871
decode: 87 0 438536 87 0.04043698310852051
decode: 87 0 438623 87 0.04042959213256836
decode: 87 0 438710 87 0.04039120674133301
decode: 87 0 438797 87 0.040328264236450195
decode: 87 0 438884 87 0.04038095474243164
decode: 86 0 432888 86 0.038961172103881836
mixed: 86 1 432888 2048 0.08234190940856934
mixed: 86 1 434936 2048 0.09001517295837402
mixed: 86 1 436984 2048 0.09495210647583008
mixed: 86 1 439032 910 0.05489659309387207
decode: 87 0 440029 87 0.03915596008300781
decode: 87 0 440116 87 0.03730201721191406
decode: 87 0 440203 87 0.036885738372802734
decode: 87 0 440290 87 0.0368497371673584
decode: 87 0 440377 87 0.036856889724731445
decode: 87 0 440464 87 0.036792755126953125
decode: 87 0 440551 87 0.03681039810180664
decode: 87 0 440638 87 0.03688526153564453
decode: 87 0 440725 87 0.03684115409851074
decode: 87 0 440812 87 0.03671622276306152
decode: 87 0 440899 87 0.036728620529174805
decode: 87 0 440986 87 0.03668808937072754
decode: 87 0 441073 87 0.03665661811828613
decode: 87 0 441160 87 0.03662753105163574
decode: 87 0 441247 87 0.036682844161987305
decode: 87 0 441334 87 0.03674769401550293
decode: 87 0 441421 87 0.03670859336853027
decode: 87 0 441508 87 0.036679744720458984
decode: 87 0 441595 87 0.03670048713684082
decode: 87 0 441682 87 0.0367429256439209
decode: 87 0 441769 87 0.03673076629638672
decode: 87 0 441856 87 0.036658287048339844
decode: 87 0 441943 87 0.0366818904876709
decode: 86 0 439662 86 0.03924298286437988
decode: 86 0 439748 86 0.03927421569824219
decode: 86 0 439834 86 0.039260149002075195
decode: 85 0 436684 85 0.0387263298034668
decode: 85 0 436769 85 0.03873038291931152
decode: 85 0 436854 85 0.03876781463623047
decode: 85 0 436939 85 0.038774967193603516
decode: 85 0 437024 85 0.03880167007446289
decode: 85 0 437109 85 0.03886747360229492
decode: 85 0 437194 85 0.038797616958618164
decode: 85 0 437279 85 0.03880167007446289
decode: 85 0 437364 85 0.038794517517089844
decode: 85 0 437449 85 0.03880953788757324
decode: 85 0 437534 85 0.038828134536743164
decode: 85 0 437619 85 0.03877878189086914
decode: 85 0 437704 85 0.03876924514770508
decode: 85 0 437789 85 0.03892087936401367
decode: 85 0 437874 85 0.03889298439025879
decode: 85 0 437959 85 0.0388188362121582
decode: 85 0 438044 85 0.0388035774230957
decode: 85 0 438129 85 0.03877902030944824
decode: 85 0 438214 85 0.038865089416503906
decode: 85 0 438299 85 0.03890109062194824
decode: 85 0 438384 85 0.03882861137390137
decode: 85 0 438469 85 0.03883862495422363
decode: 85 0 438554 85 0.03891444206237793
decode: 85 0 438639 85 0.03891730308532715
decode: 85 0 438724 85 0.03885626792907715
decode: 85 0 438809 85 0.038846492767333984
decode: 84 0 435420 84 0.04040193557739258
decode: 84 0 435504 84 0.04044914245605469
decode: 84 0 435588 84 0.04045581817626953
decode: 84 0 435672 84 0.04045295715332031
decode: 84 0 435756 84 0.0404353141784668
decode: 84 0 435840 84 0.04048943519592285
decode: 84 0 435924 84 0.04048299789428711
decode: 84 0 436008 84 0.04049181938171387
decode: 84 0 436092 84 0.04049372673034668
decode: 84 0 436176 84 0.0404658317565918
decode: 84 0 436260 84 0.04042792320251465
decode: 84 0 436344 84 0.04047346115112305
decode: 84 0 436428 84 0.04044222831726074
decode: 84 0 436512 84 0.040511369705200195
decode: 84 0 436596 84 0.04053449630737305
decode: 84 0 436680 84 0.04052090644836426
decode: 84 0 436764 84 0.0404963493347168
decode: 84 0 436848 84 0.04047560691833496
decode: 84 0 436932 84 0.0405118465423584
decode: 84 0 437016 84 0.04053187370300293
decode: 84 0 437100 84 0.040551185607910156
decode: 84 0 437184 84 0.04054737091064453
decode: 84 0 437268 84 0.04049992561340332
decode: 84 0 437352 84 0.04050016403198242
decode: 84 0 437436 84 0.04053664207458496
decode: 84 0 437520 84 0.040763139724731445
decode: 84 0 437604 84 0.04132223129272461
decode: 84 0 437688 84 0.040679216384887695
decode: 83 0 429989 83 0.03878140449523926
decode: 83 0 430072 83 0.03892326354980469
decode: 83 0 430155 83 0.03892350196838379
decode: 83 0 430238 83 0.039306640625
decode: 83 0 430321 83 0.03890681266784668
decode: 83 0 430404 83 0.03931307792663574
decode: 83 0 430487 83 0.03875470161437988
decode: 83 0 430570 83 0.03883481025695801
decode: 83 0 430653 83 0.03919172286987305
decode: 83 0 430736 83 0.03916454315185547
decode: 83 0 430819 83 0.0393369197845459
decode: 83 0 430902 83 0.038846731185913086
decode: 83 0 430985 83 0.03876495361328125
decode: 83 0 431068 83 0.038969993591308594
decode: 83 0 431151 83 0.03871512413024902
decode: 83 0 431234 83 0.038826942443847656
decode: 83 0 431317 83 0.039190053939819336
decode: 83 0 431400 83 0.03926444053649902
decode: 83 0 431483 83 0.03935551643371582
decode: 83 0 431566 83 0.03889870643615723
decode: 83 0 431649 83 0.03896212577819824
decode: 83 0 431732 83 0.03918933868408203
decode: 83 0 431815 83 0.03927731513977051
decode: 83 0 431898 83 0.03931736946105957
decode: 83 0 431981 83 0.03903031349182129
decode: 83 0 432064 83 0.03956794738769531
decode: 83 0 432147 83 0.038944244384765625
decode: 83 0 432230 83 0.039357662200927734
decode: 83 0 432313 83 0.039421796798706055
decode: 83 0 432396 83 0.039429426193237305
decode: 83 0 432479 83 0.03890204429626465
decode: 83 0 432562 83 0.038999080657958984
decode: 83 0 432645 83 0.03944039344787598
decode: 83 0 432728 83 0.03896737098693848
decode: 83 0 432811 83 0.03940773010253906
decode: 83 0 432894 83 0.03903770446777344
decode: 83 0 432977 83 0.039444684982299805
decode: 83 0 433060 83 0.039005279541015625
decode: 83 0 433143 83 0.03941655158996582
decode: 83 0 433226 83 0.03898119926452637
decode: 83 0 433309 83 0.039525508880615234
decode: 82 0 425900 82 0.03782153129577637
mixed: 82 1 425900 2048 0.0825352668762207
mixed: 82 1 427948 2048 0.09055566787719727
mixed: 82 1 429996 2048 0.10505819320678711
mixed: 82 1 432044 2048 0.10068798065185547
mixed: 82 1 434092 118 0.03028130531311035
decode: 83 0 434293 83 0.04181385040283203
decode: 83 0 434376 83 0.04188704490661621
decode: 83 0 434459 83 0.04187130928039551
decode: 83 0 434542 83 0.04237556457519531
decode: 83 0 434625 83 0.04233098030090332
decode: 83 0 434708 83 0.04163503646850586
decode: 83 0 434791 83 0.04220080375671387
decode: 83 0 434874 83 0.04176759719848633
decode: 83 0 434957 83 0.04218029975891113
decode: 83 0 435040 83 0.04216122627258301
decode: 83 0 435123 83 0.04210042953491211
decode: 83 0 435206 83 0.04344654083251953
decode: 83 0 435289 83 0.04250216484069824
decode: 83 0 435372 83 0.04166746139526367
decode: 83 0 435455 83 0.0432429313659668
decode: 83 0 435538 83 0.04162740707397461
decode: 83 0 435621 83 0.04143667221069336
decode: 83 0 435704 83 0.04143500328063965
decode: 83 0 435787 83 0.04147791862487793
decode: 83 0 435870 83 0.04145240783691406
decode: 83 0 435953 83 0.04141712188720703
decode: 83 0 436036 83 0.04140114784240723
decode: 83 0 436119 83 0.04173159599304199
decode: 83 0 436202 83 0.04150032997131348
decode: 83 0 436285 83 0.04159402847290039
decode: 83 0 436368 83 0.04135560989379883
decode: 83 0 436451 83 0.041396379470825195
decode: 83 0 436534 83 0.041593313217163086
decode: 83 0 436617 83 0.04197573661804199
decode: 83 0 436700 83 0.041634321212768555
decode: 83 0 436783 83 0.04174685478210449
decode: 83 0 436866 83 0.041585683822631836
decode: 83 0 436949 83 0.041495323181152344
decode: 83 0 437032 83 0.04193830490112305
decode: 83 0 437115 83 0.04144001007080078
decode: 83 0 437198 83 0.04150867462158203
decode: 83 0 437281 83 0.04155135154724121
decode: 83 0 437364 83 0.04158377647399902
decode: 83 0 437447 83 0.04157209396362305
decode: 83 0 437530 83 0.042028188705444336
decode: 83 0 437613 83 0.04192614555358887
decode: 83 0 437696 83 0.041769981384277344
decode: 83 0 437779 83 0.04170727729797363
decode: 83 0 437862 83 0.04174232482910156
decode: 83 0 437945 83 0.0418703556060791
decode: 83 0 438028 83 0.04177141189575195
decode: 83 0 438111 83 0.04175734519958496
decode: 83 0 438194 83 0.0419619083404541
decode: 83 0 438277 83 0.04258894920349121
decode: 83 0 438360 83 0.0422060489654541
decode: 83 0 438443 83 0.042267560958862305
decode: 83 0 438526 83 0.04178810119628906
decode: 82 0 432184 82 0.037081003189086914
decode: 82 0 432266 82 0.03713512420654297
decode: 82 0 432348 82 0.037288665771484375
decode: 82 0 432430 82 0.03731989860534668
decode: 82 0 432512 82 0.037488698959350586
decode: 82 0 432594 82 0.037348031997680664
decode: 82 0 432676 82 0.03705143928527832
decode: 82 0 432758 82 0.03715085983276367
decode: 82 0 432840 82 0.037184953689575195
decode: 82 0 432922 82 0.03734922409057617
decode: 82 0 433004 82 0.037352561950683594
decode: 82 0 433086 82 0.037303924560546875
decode: 82 0 433168 82 0.037439584732055664
decode: 82 0 433250 82 0.037610530853271484
decode: 82 0 433332 82 0.03753948211669922
decode: 82 0 433414 82 0.03729677200317383
decode: 82 0 433496 82 0.03727412223815918
decode: 82 0 433578 82 0.03726029396057129
decode: 82 0 433660 82 0.03792524337768555
decode: 82 0 433742 82 0.0375218391418457
decode: 81 0 431743 81 0.03841876983642578
decode: 81 0 431824 81 0.03841805458068848
decode: 81 0 431905 81 0.03850984573364258
decode: 81 0 431986 81 0.03850984573364258
decode: 81 0 432067 81 0.03857612609863281
decode: 81 0 432148 81 0.038515567779541016
decode: 81 0 432229 81 0.03858041763305664
decode: 81 0 432310 81 0.03888583183288574
decode: 81 0 432391 81 0.03877830505371094
decode: 81 0 432472 81 0.03860759735107422
decode: 81 0 432553 81 0.03862595558166504
decode: 81 0 432634 81 0.039354562759399414
decode: 81 0 432715 81 0.038651227951049805
decode: 81 0 432796 81 0.038481950759887695
decode: 81 0 432877 81 0.03880882263183594
decode: 81 0 432958 81 0.03856396675109863
decode: 81 0 433039 81 0.0384824275970459
decode: 81 0 433120 81 0.03864312171936035
decode: 81 0 433201 81 0.04044842720031738
decode: 81 0 433282 81 0.03895115852355957
decode: 81 0 433363 81 0.03872418403625488
decode: 81 0 433444 81 0.03855586051940918
decode: 81 0 433525 81 0.03852200508117676
decode: 81 0 433606 81 0.03858685493469238
decode: 81 0 433687 81 0.03862404823303223
decode: 81 0 433768 81 0.038870811462402344
decode: 81 0 433849 81 0.03860950469970703
decode: 81 0 433930 81 0.03861188888549805
decode: 81 0 434011 81 0.03863883018493652
decode: 81 0 434092 81 0.038707733154296875
decode: 81 0 434173 81 0.03867077827453613
decode: 81 0 434254 81 0.03907585144042969
decode: 81 0 434335 81 0.038654327392578125
decode: 81 0 434416 81 0.039383888244628906
decode: 81 0 434497 81 0.04012608528137207
decode: 81 0 434578 81 0.03863716125488281
decode: 81 0 434659 81 0.03866171836853027
decode: 81 0 434740 81 0.038681745529174805
decode: 81 0 434821 81 0.03868222236633301
decode: 81 0 434902 81 0.03975486755371094
decode: 81 0 434983 81 0.03899216651916504
decode: 81 0 435064 81 0.03865551948547363
decode: 81 0 435145 81 0.03879809379577637
decode: 81 0 435226 81 0.03954315185546875
decode: 81 0 435307 81 0.04001736640930176
decode: 81 0 435388 81 0.03873586654663086
decode: 81 0 435469 81 0.038669586181640625
decode: 81 0 435550 81 0.04010510444641113
decode: 81 0 435631 81 0.04032397270202637
decode: 81 0 435712 81 0.038964033126831055
decode: 81 0 435793 81 0.0387725830078125
decode: 81 0 435874 81 0.040500640869140625
decode: 81 0 435955 81 0.03880047798156738
decode: 81 0 436036 81 0.03989768028259277
decode: 81 0 436117 81 0.0390017032623291
decode: 81 0 436198 81 0.03890275955200195
decode: 81 0 436279 81 0.0390625
decode: 81 0 436360 81 0.04013395309448242
decode: 81 0 436441 81 0.039886474609375
decode: 81 0 436522 81 0.040689945220947266
decode: 81 0 436603 81 0.03880667686462402
decode: 81 0 436684 81 0.03873944282531738
decode: 81 0 436765 81 0.03867816925048828
decode: 81 0 436846 81 0.0386199951171875
decode: 81 0 436927 81 0.03863048553466797
decode: 81 0 437008 81 0.03886294364929199
decode: 81 0 437089 81 0.03873467445373535
decode: 81 0 437170 81 0.03870344161987305
decode: 80 0 433720 80 0.0378718376159668
decode: 80 0 433800 80 0.03786468505859375
decode: 80 0 433880 80 0.037996530532836914
decode: 80 0 433960 80 0.03796052932739258
decode: 80 0 434040 80 0.037989139556884766
decode: 80 0 434120 80 0.03798270225524902
decode: 80 0 434200 80 0.03789925575256348
decode: 80 0 434280 80 0.03789210319519043
decode: 80 0 434360 80 0.03799152374267578
decode: 80 0 434440 80 0.03801703453063965
decode: 80 0 434520 80 0.037966012954711914
decode: 80 0 434600 80 0.0380401611328125
decode: 80 0 434680 80 0.037901878356933594
decode: 80 0 434760 80 0.03829002380371094
decode: 80 0 434840 80 0.03804945945739746
decode: 80 0 434920 80 0.038088321685791016
decode: 80 0 435000 80 0.03802919387817383
decode: 80 0 435080 80 0.0379946231842041
decode: 80 0 435160 80 0.03800606727600098
decode: 80 0 435240 80 0.03804922103881836
decode: 80 0 435320 80 0.038366079330444336
decode: 80 0 435400 80 0.03808116912841797
decode: 80 0 435480 80 0.03790163993835449
decode: 80 0 435560 80 0.037964820861816406
decode: 80 0 435640 80 0.03811359405517578
decode: 80 0 435720 80 0.03807568550109863
decode: 80 0 435800 80 0.03794288635253906
decode: 80 0 435880 80 0.037941932678222656
decode: 80 0 435960 80 0.03794670104980469
decode: 80 0 436040 80 0.0380401611328125
decode: 80 0 436120 80 0.0380098819732666
decode: 80 0 436200 80 0.0379180908203125
decode: 80 0 436280 80 0.03798651695251465
decode: 80 0 436360 80 0.0380101203918457
decode: 80 0 436440 80 0.03806948661804199
decode: 80 0 436520 80 0.0380101203918457
decode: 80 0 436600 80 0.038033246994018555
decode: 80 0 436680 80 0.03800344467163086
decode: 80 0 436760 80 0.03809976577758789
decode: 80 0 436840 80 0.03805732727050781
decode: 80 0 436920 80 0.03808188438415527
decode: 80 0 437000 80 0.038065433502197266
decode: 80 0 437080 80 0.03806900978088379
decode: 80 0 437160 80 0.03813934326171875
decode: 80 0 437240 80 0.03813004493713379
decode: 80 0 437320 80 0.03805994987487793
decode: 80 0 437400 80 0.03827619552612305
decode: 80 0 437480 80 0.038195133209228516
decode: 80 0 437560 80 0.03831052780151367
decode: 80 0 437640 80 0.038227081298828125
decode: 80 0 437720 80 0.0381467342376709
decode: 80 0 437800 80 0.03814864158630371
decode: 80 0 437880 80 0.038149118423461914
decode: 80 0 437960 80 0.03812861442565918
decode: 80 0 438040 80 0.0381474494934082
decode: 80 0 438120 80 0.03813886642456055
decode: 80 0 438200 80 0.03812122344970703
decode: 80 0 438280 80 0.03815269470214844
decode: 80 0 438360 80 0.03829240798950195
decode: 80 0 438440 80 0.038240909576416016
decode: 80 0 438520 80 0.0385441780090332
decode: 80 0 438600 80 0.038237810134887695
decode: 80 0 438680 80 0.03819727897644043
decode: 80 0 438760 80 0.03825712203979492
decode: 80 0 438840 80 0.03832674026489258
decode: 79 0 437192 79 0.038152456283569336
decode: 79 0 437271 79 0.038308143615722656
decode: 78 0 434001 78 0.03767728805541992
mixed: 78 1 434001 2048 0.081634521484375
mixed: 78 1 436049 2048 0.09104084968566895
mixed: 78 1 438097 2048 0.09602117538452148
mixed: 78 1 440145 713 0.04947662353515625
decode: 79 0 440937 79 0.03769254684448242
decode: 79 0 441016 79 0.03719186782836914
decode: 79 0 441095 79 0.03719687461853027
decode: 79 0 441174 79 0.03731942176818848
decode: 79 0 441253 79 0.03720903396606445
decode: 79 0 441332 79 0.03723287582397461
decode: 79 0 441411 79 0.037242889404296875
decode: 78 0 438260 78 0.037659406661987305
mixed: 78 1 438260 2048 0.08365249633789062
mixed: 78 1 440308 1332 0.0741419792175293
decode: 79 0 441719 79 0.03907370567321777
decode: 79 0 441798 79 0.03801727294921875
decode: 78 0 435001 78 0.03629803657531738
mixed: 78 1 435001 1122 0.0531458854675293
decode: 79 0 436202 79 0.03952360153198242
decode: 79 0 436281 79 0.03762984275817871
decode: 79 0 436360 79 0.03737139701843262
decode: 79 0 436439 79 0.03736281394958496
decode: 79 0 436518 79 0.037477970123291016
decode: 79 0 436597 79 0.037484169006347656
decode: 79 0 436676 79 0.03746461868286133
decode: 79 0 436755 79 0.037360191345214844
decode: 79 0 436834 79 0.0372462272644043
decode: 78 0 428665 78 0.03579378128051758
mixed: 78 1 428665 2048 0.08396315574645996
mixed: 78 1 430713 2048 0.09056282043457031
mixed: 78 1 432761 2048 0.09477043151855469
mixed: 78 2 434809 2048 0.09915494918823242
mixed: 78 1 434540 2048 0.08404684066772461
mixed: 78 1 436588 1018 0.052858829498291016
decode: 79 0 437685 79 0.040062904357910156
decode: 79 0 437764 79 0.03910064697265625
decode: 79 0 437843 79 0.038720130920410156
decode: 79 0 437922 79 0.03868722915649414
decode: 79 0 438001 79 0.038664817810058594
decode: 78 0 432838 78 0.0381321907043457
decode: 78 0 432916 78 0.03807234764099121
decode: 78 0 432994 78 0.03809642791748047
decode: 78 0 433072 78 0.037932395935058594
decode: 78 0 433150 78 0.037865638732910156
decode: 78 0 433228 78 0.03789472579956055
decode: 78 0 433306 78 0.03795456886291504
decode: 78 0 433384 78 0.03798341751098633
decode: 78 0 433462 78 0.03791213035583496
decode: 78 0 433540 78 0.037865638732910156
decode: 78 0 433618 78 0.03787350654602051
decode: 78 0 433696 78 0.03793025016784668
decode: 78 0 433774 78 0.03794217109680176
decode: 78 0 433852 78 0.03789687156677246
decode: 78 0 433930 78 0.03789329528808594
decode: 78 0 434008 78 0.03792214393615723
decode: 78 0 434086 78 0.03794598579406738
decode: 78 0 434164 78 0.037992000579833984
decode: 78 0 434242 78 0.0379331111907959
decode: 78 0 434320 78 0.037927865982055664
decode: 77 0 430525 77 0.0381169319152832
mixed: 77 1 430525 2048 0.08367800712585449
mixed: 77 1 432573 2048 0.08996963500976562
mixed: 77 1 434621 2048 0.0952150821685791
mixed: 77 1 436669 1610 0.08817028999328613
decode: 78 0 438357 78 0.03999614715576172
decode: 78 0 438435 78 0.03855586051940918
decode: 78 0 438513 78 0.038320302963256836
decode: 78 0 438591 78 0.03825211524963379
decode: 78 0 438669 78 0.03830432891845703
decode: 78 0 438747 78 0.03825807571411133
decode: 78 0 438825 78 0.03820943832397461
decode: 78 0 438903 78 0.038175344467163086
decode: 78 0 438981 78 0.038062334060668945
decode: 78 0 439059 78 0.03799772262573242
decode: 78 0 439137 78 0.03805971145629883
decode: 78 0 439215 78 0.03820157051086426
decode: 78 0 439293 78 0.03821134567260742
decode: 78 0 439371 78 0.03810429573059082
decode: 78 0 439449 78 0.03815031051635742
decode: 78 0 439527 78 0.03811359405517578
decode: 78 0 439605 78 0.03809094429016113
decode: 78 0 439683 78 0.03811502456665039
decode: 78 0 439761 78 0.0381929874420166
decode: 78 0 439839 78 0.038225650787353516
decode: 78 0 439917 78 0.03811359405517578
decode: 76 0 428739 76 0.03959202766418457
mixed: 75 1 421991 2047 0.08361148834228516
mixed: 75 1 424038 2048 0.08912944793701172
mixed: 75 1 426086 2048 0.09370803833007812
mixed: 75 2 428134 2048 0.09765100479125977
mixed: 76 1 430182 2048 0.0844879150390625
mixed: 76 1 432230 2048 0.0934441089630127
mixed: 76 2 434278 2048 0.08660078048706055
mixed: 77 1 436326 1985 0.08690547943115234
decode: 78 0 438389 78 0.040103912353515625
decode: 77 0 434927 77 0.04009103775024414
mixed: 77 1 434927 2048 0.08425498008728027
mixed: 77 1 436975 1804 0.08571410179138184
decode: 78 0 438857 78 0.043131351470947266
decode: 78 0 438935 78 0.040144920349121094
decode: 78 0 439013 78 0.03995466232299805
decode: 78 0 439091 78 0.0400080680847168
decode: 78 0 439169 78 0.039943695068359375
decode: 78 0 439247 78 0.03991222381591797
decode: 78 0 439325 78 0.03987836837768555
decode: 78 0 439403 78 0.039856672286987305
decode: 78 0 439481 78 0.039604902267456055
decode: 78 0 439559 78 0.03963613510131836
decode: 77 0 432037 77 0.035764455795288086
mixed: 77 1 432037 1705 0.0748586654663086
decode: 78 0 433820 78 0.03764772415161133
decode: 78 0 433898 78 0.03633880615234375
decode: 78 0 433976 78 0.0359654426574707
decode: 78 0 434054 78 0.03607010841369629
decode: 78 0 434132 78 0.035993337631225586
decode: 78 0 434210 78 0.03608131408691406
decode: 78 0 434288 78 0.035932064056396484
decode: 78 0 434366 78 0.03590250015258789
decode: 78 0 434444 78 0.03588438034057617
decode: 78 0 434522 78 0.035820722579956055
decode: 78 0 434600 78 0.03579449653625488
decode: 78 0 434678 78 0.035765886306762695
decode: 78 0 434756 78 0.03577828407287598
decode: 78 0 434834 78 0.035758018493652344
decode: 78 0 434912 78 0.0358123779296875
decode: 78 0 434990 78 0.035886287689208984
decode: 78 0 435068 78 0.03584027290344238
decode: 78 0 435146 78 0.035833120346069336
decode: 78 0 435224 78 0.0358126163482666
decode: 78 0 435302 78 0.0358424186706543
decode: 78 0 435380 78 0.03583812713623047
decode: 78 0 435458 78 0.03590893745422363
decode: 78 0 435536 78 0.03586721420288086
decode: 78 0 435614 78 0.035825490951538086
decode: 78 0 435692 78 0.035880088806152344
decode: 78 0 435770 78 0.03587818145751953
decode: 78 0 435848 78 0.035833120346069336
decode: 78 0 435926 78 0.03583264350891113
decode: 78 0 436004 78 0.03588223457336426
decode: 78 0 436082 78 0.03601551055908203
decode: 78 0 436160 78 0.03628087043762207
decode: 78 0 436238 78 0.03600931167602539
decode: 78 0 436316 78 0.03611636161804199
decode: 77 0 433130 77 0.03707075119018555
decode: 77 0 433207 77 0.03694581985473633
decode: 77 0 433284 77 0.03694510459899902
decode: 77 0 433361 77 0.03690290451049805
decode: 77 0 433438 77 0.03690934181213379
decode: 77 0 433515 77 0.03687739372253418
decode: 77 0 433592 77 0.03732752799987793
decode: 77 0 433669 77 0.03693842887878418
decode: 77 0 433746 77 0.036908864974975586
decode: 77 0 433823 77 0.03695797920227051
decode: 77 0 433900 77 0.036957502365112305
decode: 77 0 433977 77 0.0369410514831543
decode: 77 0 434054 77 0.03686881065368652
decode: 77 0 434131 77 0.03687572479248047
decode: 77 0 434208 77 0.036966562271118164
decode: 77 0 434285 77 0.03696250915527344
decode: 77 0 434362 77 0.036934614181518555
decode: 77 0 434439 77 0.03690958023071289
decode: 77 0 434516 77 0.03689098358154297
decode: 77 0 434593 77 0.036966562271118164
decode: 77 0 434670 77 0.03697466850280762
decode: 77 0 434747 77 0.03692913055419922
decode: 77 0 434824 77 0.036965370178222656
decode: 77 0 434901 77 0.03694963455200195
decode: 77 0 434978 77 0.036998748779296875
decode: 77 0 435055 77 0.03703737258911133
decode: 77 0 435132 77 0.03727412223815918
decode: 77 0 435209 77 0.037084341049194336
decode: 77 0 435286 77 0.03702187538146973
decode: 77 0 435363 77 0.037026166915893555
decode: 77 0 435440 77 0.037361860275268555
decode: 77 0 435517 77 0.037126779556274414
decode: 77 0 435594 77 0.03703141212463379
decode: 77 0 435671 77 0.03714179992675781
decode: 77 0 435748 77 0.03724837303161621
decode: 77 0 435825 77 0.03713488578796387
decode: 77 0 435902 77 0.03708457946777344
decode: 77 0 435979 77 0.037084102630615234
decode: 77 0 436056 77 0.03705787658691406
decode: 77 0 436133 77 0.037035465240478516
decode: 77 0 436210 77 0.03711819648742676
decode: 77 0 436287 77 0.03708767890930176
decode: 76 0 430427 76 0.037737131118774414
mixed: 76 1 430427 2048 0.08205318450927734
mixed: 76 1 432475 2048 0.09043765068054199
mixed: 76 1 434523 2048 0.09522843360900879
mixed: 76 2 436571 2048 0.08884787559509277
mixed: 76 2 434541 2048 0.08575105667114258
mixed: 77 1 436589 2048 0.0845024585723877
mixed: 77 1 438637 2048 0.09061741828918457
mixed: 77 1 440685 118 0.029944181442260742
decode: 78 0 440881 78 0.039577484130859375
decode: 78 0 440959 78 0.03814888000488281
decode: 78 0 441037 78 0.03814268112182617
decode: 78 0 441115 78 0.03809165954589844
decode: 78 0 441193 78 0.038017988204956055
decode: 78 0 441271 78 0.038025856018066406
decode: 78 0 441349 78 0.038100481033325195
decode: 77 0 437704 77 0.03702664375305176
mixed: 77 1 437704 1277 0.06348514556884766
decode: 78 0 439059 78 0.038187503814697266
decode: 78 0 439137 78 0.037491798400878906
decode: 78 0 439215 78 0.037183523178100586
decode: 78 0 439293 78 0.0371091365814209
decode: 77 0 430462 77 0.03673052787780762
mixed: 77 1 430462 2048 0.08381104469299316
mixed: 77 1 432510 2048 0.08934831619262695
mixed: 77 1 434558 2048 0.09494829177856445
mixed: 77 1 436606 1623 0.08835887908935547
decode: 77 0 435621 77 0.037610769271850586
decode: 77 0 435698 77 0.03665876388549805
decode: 77 0 435775 77 0.03656816482543945
decode: 77 0 435852 77 0.036618709564208984
decode: 77 0 435929 77 0.0367436408996582
decode: 77 0 436006 77 0.03655886650085449
decode: 77 0 436083 77 0.03652811050415039
decode: 77 0 436160 77 0.03656911849975586
decode: 77 0 436237 77 0.03642463684082031
decode: 77 0 436314 77 0.03642439842224121
decode: 77 0 436391 77 0.036371707916259766
decode: 77 0 436468 77 0.036365509033203125
decode: 77 0 436545 77 0.036420345306396484
decode: 77 0 436622 77 0.036438703536987305
decode: 77 0 436699 77 0.03656315803527832
decode: 77 0 436776 77 0.03646588325500488
decode: 77 0 436853 77 0.03649401664733887
decode: 77 0 436930 77 0.03643393516540527
decode: 77 0 437007 77 0.03646111488342285
decode: 77 0 437084 77 0.03641247749328613
decode: 76 0 430112 76 0.03710532188415527
mixed: 76 1 430112 2048 0.08429813385009766
mixed: 76 1 432160 2048 0.0906527042388916
mixed: 76 2 434208 2048 0.08717107772827148
mixed: 77 1 436256 244 0.03229546546936035
decode: 78 0 436578 78 0.03768754005432129
decode: 78 0 436656 78 0.03734922409057617
decode: 78 0 436734 78 0.03747129440307617
decode: 78 0 436812 78 0.037706613540649414
decode: 78 0 436890 78 0.03745913505554199
decode: 78 0 436968 78 0.03745293617248535
decode: 78 0 437046 78 0.03737473487854004
decode: 78 0 437124 78 0.03717541694641113
decode: 78 0 437202 78 0.03725838661193848
decode: 78 0 437280 78 0.037230491638183594
decode: 78 0 437358 78 0.037210941314697266
decode: 78 0 437436 78 0.037279605865478516
decode: 78 0 437514 78 0.037302494049072266
decode: 78 0 437592 78 0.03724074363708496
decode: 78 0 437670 78 0.037207603454589844
decode: 78 0 437748 78 0.037220001220703125
decode: 78 0 437826 78 0.03723645210266113
decode: 78 0 437904 78 0.03721117973327637
decode: 78 0 437982 78 0.03731513023376465
decode: 78 0 438060 78 0.03736114501953125
decode: 78 0 438138 78 0.037464141845703125
decode: 78 0 438216 78 0.037287235260009766
decode: 78 0 438294 78 0.03726696968078613
decode: 78 0 438372 78 0.03725290298461914
decode: 78 0 438450 78 0.03737616539001465
decode: 78 0 438528 78 0.037641048431396484
decode: 78 0 438606 78 0.03737044334411621
decode: 78 0 438684 78 0.03726816177368164
decode: 78 0 438762 78 0.0372772216796875
decode: 78 0 438840 78 0.037344932556152344
decode: 78 0 438918 78 0.03742051124572754
decode: 78 0 438996 78 0.03730201721191406
decode: 78 0 439074 78 0.03731203079223633
decode: 77 0 434876 77 0.03817272186279297
mixed: 76 1 426297 2047 0.08334589004516602
mixed: 76 1 428344 2048 0.08974647521972656
mixed: 76 3 430392 2048 0.08708381652832031
mixed: 78 1 432440 2048 0.08428502082824707
mixed: 78 1 434488 2048 0.09069037437438965
mixed: 78 1 436536 2048 0.09639525413513184
mixed: 78 1 438584 278 0.03445887565612793
decode: 79 0 438941 79 0.03934669494628906
decode: 79 0 439020 79 0.0395960807800293
decode: 79 0 439099 79 0.03905773162841797
decode: 79 0 439178 79 0.03914165496826172
decode: 79 0 439257 79 0.03912234306335449
decode: 79 0 439336 79 0.03899335861206055
decode: 78 0 433134 78 0.03876543045043945
decode: 78 0 433212 78 0.038721561431884766
decode: 78 0 433290 78 0.03879904747009277
decode: 78 0 433368 78 0.03895401954650879
decode: 78 0 433446 78 0.03868246078491211
decode: 78 0 433524 78 0.03867793083190918
decode: 78 0 433602 78 0.03866124153137207
decode: 78 0 433680 78 0.038837432861328125
decode: 78 0 433758 78 0.038899898529052734
decode: 78 0 433836 78 0.0388791561126709
decode: 78 0 433914 78 0.03883957862854004
decode: 78 0 433992 78 0.03876948356628418
decode: 78 0 434070 78 0.03870582580566406
decode: 78 0 434148 78 0.03864026069641113
decode: 78 0 434226 78 0.0386202335357666
decode: 78 0 434304 78 0.03859353065490723
decode: 78 0 434382 78 0.03870677947998047
decode: 78 0 434460 78 0.03874826431274414
decode: 78 0 434538 78 0.03873610496520996
decode: 78 0 434616 78 0.03866863250732422
decode: 78 0 434694 78 0.0386655330657959
decode: 78 0 434772 78 0.038820743560791016
decode: 78 0 434850 78 0.03893566131591797
decode: 78 0 434928 78 0.03873848915100098
decode: 78 0 435006 78 0.03865981101989746
decode: 78 0 435084 78 0.03869938850402832
decode: 78 0 435162 78 0.03881406784057617
decode: 78 0 435240 78 0.038872480392456055
decode: 78 0 435318 78 0.03890275955200195
decode: 77 0 426879 77 0.037201642990112305
mixed: 77 1 426879 2048 0.08447837829589844
mixed: 77 1 428927 2048 0.08897686004638672
mixed: 77 1 430975 2048 0.09563875198364258
mixed: 77 2 433023 2048 0.08792877197265625
mixed: 78 1 435071 2048 0.0889136791229248
mixed: 78 1 437119 2048 0.09457683563232422
mixed: 78 1 439167 890 0.05317831039428711
decode: 79 0 440136 79 0.038880109786987305
decode: 79 0 440215 79 0.03865528106689453
decode: 79 0 440294 79 0.03863692283630371
decode: 79 0 440373 79 0.03868722915649414
decode: 79 0 440452 79 0.03865337371826172
decode: 79 0 440531 79 0.03858470916748047
decode: 79 0 440610 79 0.03853034973144531
decode: 79 0 440689 79 0.038390398025512695
decode: 79 0 440768 79 0.03838300704956055
decode: 79 0 440847 79 0.038404226303100586
decode: 79 0 440926 79 0.03844428062438965
decode: 79 0 441005 79 0.038498878479003906
decode: 79 0 441084 79 0.038512468338012695
decode: 79 0 441163 79 0.03847646713256836
decode: 79 0 441242 79 0.03845810890197754
decode: 79 0 441321 79 0.03843259811401367
decode: 79 0 441400 79 0.038460493087768555
decode: 79 0 441479 79 0.038495540618896484
decode: 79 0 441558 79 0.03842449188232422
decode: 79 0 441637 79 0.03841829299926758
decode: 79 0 441716 79 0.038474082946777344
decode: 79 0 441795 79 0.03852510452270508
decode: 79 0 441874 79 0.03845930099487305
decode: 79 0 441953 79 0.0384676456451416
decode: 79 0 442032 79 0.03865194320678711
decode: 79 0 442111 79 0.03855776786804199
decode: 79 0 442190 79 0.03842782974243164
decode: 79 0 442269 79 0.038533687591552734
decode: 78 0 435945 78 0.03669333457946777
mixed: 78 1 435945 2048 0.08298134803771973
mixed: 78 1 437993 1235 0.058693885803222656
decode: 79 0 439307 79 0.03823971748352051
decode: 79 0 439386 79 0.03713655471801758
decode: 79 0 439465 79 0.03693819046020508
decode: 79 0 439544 79 0.0368809700012207
decode: 78 0 436598 78 0.03802895545959473
decode: 78 0 436676 78 0.03865766525268555
decode: 78 0 436754 78 0.038106679916381836
decode: 78 0 436832 78 0.03811979293823242
decode: 78 0 436910 78 0.037870168685913086
decode: 78 0 436988 78 0.03784441947937012
decode: 78 0 437066 78 0.037811279296875
decode: 78 0 437144 78 0.03786492347717285
decode: 78 0 437222 78 0.03803515434265137
decode: 78 0 437300 78 0.037972450256347656
decode: 78 0 437378 78 0.03794431686401367
decode: 78 0 437456 78 0.037863731384277344
decode: 77 0 429286 77 0.0380401611328125
mixed: 77 1 429286 2048 0.08463191986083984
mixed: 77 1 431334 2048 0.09068107604980469
mixed: 77 2 433382 2048 0.08375167846679688
mixed: 78 1 435430 121 0.029765605926513672
decode: 79 0 435630 79 0.03810405731201172
decode: 79 0 435709 79 0.03777456283569336
decode: 79 0 435788 79 0.03771662712097168
decode: 79 0 435867 79 0.03787851333618164
decode: 79 0 435946 79 0.03769278526306152
decode: 79 0 436025 79 0.03776860237121582
decode: 79 0 436104 79 0.03772163391113281
decode: 79 0 436183 79 0.037702083587646484
decode: 79 0 436262 79 0.03814864158630371
decode: 79 0 436341 79 0.03761410713195801
decode: 79 0 436420 79 0.03757762908935547
decode: 79 0 436499 79 0.03749537467956543
decode: 79 0 436578 79 0.03751540184020996
decode: 79 0 436657 79 0.037534236907958984
decode: 79 0 436736 79 0.03771853446960449
decode: 79 0 436815 79 0.037589311599731445
decode: 79 0 436894 79 0.03756856918334961
decode: 79 0 436973 79 0.037583351135253906
decode: 79 0 437052 79 0.037622690200805664
decode: 79 0 437131 79 0.03757357597351074
decode: 79 0 437210 79 0.03744935989379883
decode: 79 0 437289 79 0.037481069564819336
decode: 79 0 437368 79 0.03752708435058594
decode: 79 0 437447 79 0.0375823974609375
decode: 79 0 437526 79 0.03754305839538574
decode: 79 0 437605 79 0.03749656677246094
decode: 79 0 437684 79 0.037485361099243164
decode: 79 0 437763 79 0.03754162788391113
decode: 79 0 437842 79 0.03757119178771973
decode: 79 0 437921 79 0.03743910789489746
decode: 79 0 438000 79 0.03744649887084961
decode: 79 0 438079 79 0.037581443786621094
decode: 79 0 438158 79 0.03761410713195801
decode: 79 0 438237 79 0.037629127502441406
decode: 79 0 438316 79 0.03753376007080078
decode: 79 0 438395 79 0.0375361442565918
decode: 79 0 438474 79 0.03756141662597656
decode: 79 0 438553 79 0.03762459754943848
decode: 79 0 438632 79 0.0376429557800293
decode: 79 0 438711 79 0.037615060806274414
decode: 79 0 438790 79 0.03762102127075195
decode: 79 0 438869 79 0.03764748573303223
decode: 78 0 431510 78 0.03634190559387207
mixed: 78 1 431510 2048 0.08385610580444336
mixed: 78 1 433558 2048 0.09186029434204102
mixed: 78 2 435606 2048 0.08782052993774414
mixed: 79 2 437654 2048 0.08668732643127441
mixed: 80 1 439702 1423 0.0726461410522461
decode: 81 0 441206 81 0.040349483489990234
decode: 81 0 441287 81 0.039308786392211914
decode: 81 0 441368 81 0.03913760185241699
decode: 80 0 438323 80 0.03911638259887695
decode: 80 0 438403 80 0.039241790771484375
decode: 80 0 438483 80 0.03926658630371094
decode: 80 0 438563 80 0.03910350799560547
decode: 80 0 438643 80 0.03907608985900879
decode: 80 0 438723 80 0.03894329071044922
decode: 80 0 438803 80 0.038918256759643555
decode: 80 0 438883 80 0.039005279541015625
decode: 80 0 438963 80 0.03904533386230469
decode: 80 0 439043 80 0.03898262977600098
decode: 80 0 439123 80 0.03893709182739258
decode: 80 0 439203 80 0.03894472122192383
decode: 80 0 439283 80 0.03902912139892578
decode: 80 0 439363 80 0.039008378982543945
decode: 80 0 439443 80 0.0389707088470459
decode: 80 0 439523 80 0.0389864444732666
decode: 80 0 439603 80 0.03898429870605469
decode: 80 0 439683 80 0.03906822204589844
decode: 79 0 431554 79 0.038944244384765625
mixed: 79 1 431554 2048 0.08051896095275879
mixed: 79 1 433602 1113 0.05760478973388672
decode: 80 0 434795 80 0.040329933166503906
decode: 80 0 434875 80 0.0392606258392334
decode: 80 0 434955 80 0.0390627384185791
decode: 80 0 435035 80 0.039130449295043945
decode: 80 0 435115 80 0.03913426399230957
decode: 80 0 435195 80 0.03907299041748047
decode: 80 0 435275 80 0.03901338577270508
decode: 80 0 435355 80 0.039053916931152344
decode: 80 0 435435 80 0.03898262977600098
decode: 79 0 428459 79 0.0363459587097168
mixed: 79 1 428459 2048 0.09606671333312988
mixed: 79 1 430507 2048 0.09059572219848633
mixed: 79 1 432555 2048 0.09614801406860352
mixed: 79 1 434603 2048 0.10101580619812012
mixed: 79 1 436651 282 0.034972429275512695
decode: 80 0 437013 80 0.0377655029296875
decode: 80 0 437093 80 0.03750324249267578
decode: 80 0 437173 80 0.037558555603027344
decode: 80 0 437253 80 0.03750276565551758
decode: 80 0 437333 80 0.03747987747192383
decode: 80 0 437413 80 0.0374605655670166
decode: 80 0 437493 80 0.037453651428222656
decode: 80 0 437573 80 0.03737664222717285
decode: 80 0 437653 80 0.03725147247314453
decode: 80 0 437733 80 0.037253379821777344
decode: 80 0 437813 80 0.03734922409057617
decode: 80 0 437893 80 0.03738546371459961
decode: 80 0 437973 80 0.037354230880737305
decode: 80 0 438053 80 0.03732180595397949
decode: 80 0 438133 80 0.03736519813537598
decode: 80 0 438213 80 0.037389516830444336
decode: 80 0 438293 80 0.03740692138671875
decode: 80 0 438373 80 0.037366390228271484
decode: 80 0 438453 80 0.03737235069274902
decode: 80 0 438533 80 0.03735184669494629
decode: 80 0 438613 80 0.037448883056640625
decode: 80 0 438693 80 0.0374293327331543
decode: 80 0 438773 80 0.03737378120422363
decode: 80 0 438853 80 0.03733539581298828
decode: 80 0 438933 80 0.037377357482910156
decode: 80 0 439013 80 0.0374140739440918
decode: 80 0 439093 80 0.03747391700744629
decode: 80 0 439173 80 0.03735661506652832
decode: 80 0 439253 80 0.037387847900390625
decode: 80 0 439333 80 0.03742527961730957
decode: 80 0 439413 80 0.0374600887298584
decode: 80 0 439493 80 0.0374598503112793
decode: 80 0 439573 80 0.03737950325012207
decode: 80 0 439653 80 0.03743481636047363
decode: 79 0 430567 79 0.036865234375
mixed: 79 1 430567 2048 0.08342218399047852
mixed: 79 1 432615 2048 0.09029150009155273
mixed: 79 1 434663 2048 0.09639573097229004
mixed: 78 2 432751 2048 0.08893847465515137
mixed: 79 1 434799 2048 0.08831429481506348
mixed: 79 1 436847 2048 0.09367871284484863
mixed: 79 2 438895 2048 0.08973288536071777
mixed: 80 1 440943 589 0.04320716857910156
decode: 81 0 441613 81 0.039674997329711914
decode: 80 0 438491 80 0.0368809700012207
decode: 80 0 438571 80 0.03686213493347168
decode: 80 0 438651 80 0.0368654727935791
decode: 80 0 438731 80 0.03684282302856445
decode: 80 0 438811 80 0.03688979148864746
decode: 80 0 438891 80 0.03690052032470703
decode: 80 0 438971 80 0.03676962852478027
decode: 80 0 439051 80 0.03684520721435547
decode: 80 0 439131 80 0.03677821159362793
decode: 80 0 439211 80 0.03670048713684082
decode: 80 0 439291 80 0.03673982620239258
decode: 80 0 439371 80 0.03701949119567871
decode: 80 0 439451 80 0.03689241409301758
decode: 80 0 439531 80 0.036887407302856445
decode: 79 0 437045 79 0.037500619888305664
decode: 79 0 437124 79 0.03756403923034668
decode: 79 0 437203 79 0.03774523735046387
decode: 79 0 437282 79 0.03807353973388672
decode: 79 0 437361 79 0.03763747215270996
decode: 79 0 437440 79 0.03766322135925293
decode: 79 0 437519 79 0.038904666900634766
decode: 79 0 437598 79 0.03780102729797363
decode: 78 0 433238 78 0.0379488468170166
mixed: 78 1 433238 2048 0.0839073657989502
mixed: 77 1 430985 2048 0.09053897857666016
mixed: 77 1 433033 2048 0.09609842300415039
mixed: 77 2 435081 2048 0.0961618423461914
mixed: 78 1 437129 2048 0.08676505088806152
mixed: 77 1 433420 2048 0.09285831451416016
mixed: 76 2 430424 2048 0.0866084098815918
mixed: 77 2 432472 2048 0.08840489387512207
mixed: 78 2 434520 2048 0.0841221809387207
mixed: 78 1 429826 2048 0.08386111259460449
mixed: 78 2 431874 2048 0.0898444652557373
mixed: 79 1 433922 2048 0.08522653579711914
mixed: 79 1 435970 2048 0.09597253799438477
mixed: 79 1 438018 2048 0.09651732444763184
mixed: 79 1 440066 1124 0.06351280212402344
decode: 80 0 441270 80 0.03887152671813965
decode: 80 0 441350 80 0.03841686248779297
decode: 80 0 441430 80 0.03782773017883301
decode: 80 0 441510 80 0.03762388229370117
decode: 79 0 437220 79 0.03747391700744629
mixed: 79 1 437220 2048 0.0813448429107666
mixed: 79 1 439268 2048 0.09081506729125977
mixed: 79 1 441316 511 0.03946542739868164
decode: 80 0 441907 80 0.0377659797668457
decode: 80 0 441987 80 0.037627220153808594
decode: 79 0 434578 79 0.03763294219970703
mixed: 79 1 434578 2048 0.08392882347106934
mixed: 79 1 436626 2048 0.09013605117797852
mixed: 77 2 424375 2048 0.08870458602905273
mixed: 78 1 426423 2048 0.08564472198486328
mixed: 78 2 428471 2048 0.08495831489562988
mixed: 79 1 430519 2048 0.08820819854736328
mixed: 79 2 432567 2048 0.08494043350219727
mixed: 80 1 434615 1891 0.08566641807556152
decode: 81 0 436587 81 0.041287899017333984
decode: 81 0 436668 81 0.04017210006713867
decode: 81 0 436749 81 0.040062904357910156
decode: 81 0 436830 81 0.03992295265197754
decode: 81 0 436911 81 0.03998255729675293
decode: 81 0 436992 81 0.040051937103271484
decode: 81 0 437073 81 0.040081024169921875
decode: 81 0 437154 81 0.04016876220703125
decode: 81 0 437235 81 0.03997039794921875
decode: 81 0 437316 81 0.039925575256347656
decode: 81 0 437397 81 0.04001188278198242
decode: 81 0 437478 81 0.03985881805419922
decode: 81 0 437559 81 0.03984713554382324
decode: 81 0 437640 81 0.03989529609680176
decode: 81 0 437721 81 0.0399477481842041
decode: 81 0 437802 81 0.040029287338256836
decode: 81 0 437883 81 0.03979229927062988
decode: 81 0 437964 81 0.03987717628479004
decode: 81 0 438045 81 0.03992915153503418
decode: 80 0 435299 80 0.036808013916015625
decode: 80 0 435379 80 0.036759138107299805
decode: 80 0 435459 80 0.03670549392700195
decode: 80 0 435539 80 0.036726951599121094
decode: 80 0 435619 80 0.03682374954223633
decode: 80 0 435699 80 0.03680157661437988
decode: 80 0 435779 80 0.03673863410949707
decode: 80 0 435859 80 0.03674197196960449
decode: 80 0 435939 80 0.03676199913024902
decode: 80 0 436019 80 0.03689289093017578
decode: 80 0 436099 80 0.03685712814331055
decode: 80 0 436179 80 0.03676629066467285
decode: 80 0 436259 80 0.036771535873413086
decode: 80 0 436339 80 0.036826372146606445
decode: 79 0 430045 79 0.03772783279418945
mixed: 79 1 430045 2048 0.08098030090332031
mixed: 79 1 432093 2048 0.09110260009765625
mixed: 79 1 434141 2048 0.09647464752197266
mixed: 79 2 436189 2048 0.08686661720275879
mixed: 80 1 438237 1093 0.056748390197753906
decode: 81 0 439411 81 0.03911113739013672
decode: 81 0 439492 81 0.03858017921447754
decode: 81 0 439573 81 0.03796076774597168
decode: 81 0 439654 81 0.03796529769897461
decode: 81 0 439735 81 0.0379786491394043
decode: 80 0 430459 80 0.036568403244018555
mixed: 79 1 424971 2047 0.08144903182983398
mixed: 79 1 427018 2048 0.09032392501831055
mixed: 79 1 429066 2048 0.09535789489746094
mixed: 79 2 431114 2048 0.08812642097473145
mixed: 80 1 433162 2048 0.08810973167419434
mixed: 80 1 435210 2048 0.09494304656982422
mixed: 79 2 428695 2048 0.09437441825866699
mixed: 80 1 430743 2048 0.08873128890991211
mixed: 79 2 426254 2048 0.08461999893188477
mixed: 80 1 428302 2048 0.0892171859741211
mixed: 80 1 430350 2048 0.09423398971557617
mixed: 80 2 432398 2048 0.08533453941345215
mixed: 81 1 434446 2048 0.08978796005249023
mixed: 81 1 436494 1475 0.07941985130310059
decode: 81 0 428212 81 0.03892111778259277
mixed: 81 1 428212 2048 0.08213305473327637
mixed: 81 1 430260 2048 0.08998656272888184
mixed: 81 1 432308 2048 0.09566879272460938
mixed: 81 1 434356 268 0.03419232368469238
decode: 82 0 434706 82 0.03749346733093262
decode: 82 0 434788 82 0.03726029396057129
decode: 82 0 434870 82 0.03720545768737793
decode: 82 0 434952 82 0.03721189498901367
decode: 82 0 435034 82 0.03726625442504883
decode: 82 0 435116 82 0.03726339340209961
decode: 82 0 435198 82 0.03721785545349121
decode: 82 0 435280 82 0.037215471267700195
decode: 82 0 435362 82 0.03735017776489258
decode: 82 0 435444 82 0.03731822967529297
decode: 82 0 435526 82 0.03730487823486328
decode: 82 0 435608 82 0.03728055953979492
decode: 82 0 435690 82 0.037400245666503906
decode: 82 0 435772 82 0.037270545959472656
decode: 82 0 435854 82 0.03725934028625488
decode: 82 0 435936 82 0.037180185317993164
decode: 82 0 436018 82 0.0371098518371582
decode: 82 0 436100 82 0.03720736503601074
decode: 82 0 436182 82 0.03722500801086426
decode: 82 0 436264 82 0.03719806671142578
decode: 82 0 436346 82 0.03717947006225586
decode: 82 0 436428 82 0.037090301513671875
decode: 82 0 436510 82 0.03718733787536621
decode: 82 0 436592 82 0.037240028381347656
decode: 82 0 436674 82 0.037198543548583984
decode: 82 0 436756 82 0.037157297134399414
decode: 82 0 436838 82 0.03714942932128906
decode: 82 0 436920 82 0.03758740425109863
decode: 82 0 437002 82 0.03723311424255371
decode: 81 0 432854 81 0.03824162483215332
decode: 81 0 432935 81 0.038234710693359375
decode: 81 0 433016 81 0.03818035125732422
decode: 81 0 433097 81 0.03816723823547363
decode: 81 0 433178 81 0.03821539878845215
decode: 81 0 433259 81 0.03815579414367676
decode: 81 0 433340 81 0.03818488121032715
decode: 81 0 433421 81 0.038238525390625
decode: 81 0 433502 81 0.038243770599365234
decode: 81 0 433583 81 0.038384199142456055
decode: 81 0 433664 81 0.03815054893493652
decode: 81 0 433745 81 0.03822493553161621
decode: 81 0 433826 81 0.038266897201538086
decode: 81 0 433907 81 0.0382535457611084
decode: 81 0 433988 81 0.03849601745605469
decode: 81 0 434069 81 0.03841710090637207
decode: 81 0 434150 81 0.03820681571960449
decode: 81 0 434231 81 0.03818511962890625
decode: 81 0 434312 81 0.03821158409118652
decode: 81 0 434393 81 0.03826141357421875
decode: 81 0 434474 81 0.03839850425720215
decode: 81 0 434555 81 0.03835415840148926
decode: 81 0 434636 81 0.0382077693939209
decode: 81 0 434717 81 0.0382533073425293
decode: 81 0 434798 81 0.038239240646362305
decode: 81 0 434879 81 0.03828120231628418
decode: 81 0 434960 81 0.03830599784851074
decode: 81 0 435041 81 0.038320302963256836
decode: 81 0 435122 81 0.038263797760009766
decode: 81 0 435203 81 0.03823685646057129
decode: 81 0 435284 81 0.03826713562011719
decode: 81 0 435365 81 0.03854727745056152
decode: 81 0 435446 81 0.038405418395996094
decode: 81 0 435527 81 0.03825998306274414
decode: 81 0 435608 81 0.0382847785949707
decode: 81 0 435689 81 0.03828787803649902
decode: 81 0 435770 81 0.03831076622009277
decode: 81 0 435851 81 0.03830671310424805
decode: 81 0 435932 81 0.03833580017089844
decode: 81 0 436013 81 0.03856611251831055
decode: 80 0 431457 80 0.035073041915893555
mixed: 80 1 431457 2048 0.08307600021362305
mixed: 80 1 433505 2048 0.09055089950561523
mixed: 80 1 435553 1715 0.08709597587585449
decode: 81 0 437349 81 0.040140390396118164
decode: 81 0 437430 81 0.03892993927001953
decode: 81 0 437511 81 0.03881573677062988
decode: 81 0 437592 81 0.03883218765258789
decode: 81 0 437673 81 0.03884005546569824
decode: 81 0 437754 81 0.03883028030395508
decode: 81 0 437835 81 0.03885674476623535
decode: 81 0 437916 81 0.03883552551269531
decode: 81 0 437997 81 0.03868675231933594
decode: 81 0 438078 81 0.038704872131347656
decode: 81 0 438159 81 0.038672447204589844
decode: 81 0 438240 81 0.03859353065490723
decode: 81 0 438321 81 0.038655757904052734
decode: 81 0 438402 81 0.03873634338378906
decode: 81 0 438483 81 0.03866004943847656
decode: 81 0 438564 81 0.03861236572265625
decode: 81 0 438645 81 0.03864598274230957
decode: 81 0 438726 81 0.03875017166137695
decode: 81 0 438807 81 0.03874087333679199
decode: 80 0 431629 80 0.037534475326538086
mixed: 80 2 431629 2048 0.0815887451171875
mixed: 81 1 433677 2048 0.08452963829040527
mixed: 81 1 435725 2048 0.09048247337341309
mixed: 81 1 437773 505 0.03980851173400879
decode: 82 0 438360 82 0.03908252716064453
decode: 82 0 438442 82 0.03864145278930664
decode: 82 0 438524 82 0.03840947151184082
decode: 82 0 438606 82 0.03842496871948242
decode: 82 0 438688 82 0.03864550590515137
decode: 82 0 438770 82 0.038413047790527344
decode: 82 0 438852 82 0.03837752342224121
decode: 82 0 438934 82 0.0381779670715332
decode: 82 0 439016 82 0.03809952735900879
decode: 82 0 439098 82 0.03826093673706055
decode: 82 0 439180 82 0.038425445556640625
decode: 82 0 439262 82 0.038430213928222656
decode: 82 0 439344 82 0.03822636604309082
decode: 82 0 439426 82 0.0382230281829834
decode: 82 0 439508 82 0.03813886642456055
decode: 82 0 439590 82 0.0381617546081543
decode: 82 0 439672 82 0.03825020790100098
decode: 82 0 439754 82 0.038260698318481445
decode: 82 0 439836 82 0.03822779655456543
decode: 82 0 439918 82 0.03814339637756348
decode: 82 0 440000 82 0.03812241554260254
decode: 81 0 433848 81 0.03797268867492676
decode: 81 0 433929 81 0.03798484802246094
decode: 81 0 434010 81 0.037920236587524414
decode: 81 0 434091 81 0.03788638114929199
decode: 81 0 434172 81 0.037952423095703125
decode: 81 0 434253 81 0.03802084922790527
decode: 81 0 434334 81 0.03806781768798828
decode: 81 0 434415 81 0.03792858123779297
decode: 80 0 425366 80 0.03627610206604004
mixed: 80 1 425366 2048 0.08297443389892578
mixed: 80 1 427414 2048 0.0889737606048584
mixed: 80 1 429462 2048 0.09505295753479004
mixed: 80 1 431510 2048 0.10062789916992188
mixed: 80 2 433558 2048 0.08577585220336914
mixed: 81 1 435606 2048 0.08962845802307129
mixed: 81 1 437654 814 0.05088233947753906
decode: 82 0 438550 82 0.0394597053527832
decode: 82 0 438632 82 0.038951873779296875
decode: 82 0 438714 82 0.03917050361633301
decode: 82 0 438796 82 0.03900575637817383
decode: 82 0 438878 82 0.03887033462524414
decode: 82 0 438960 82 0.038843393325805664
decode: 81 0 432755 81 0.03866887092590332
mixed: 81 1 432755 2048 0.08397483825683594
mixed: 81 1 434803 2048 0.09248614311218262
mixed: 81 1 436851 2048 0.09596943855285645
mixed: 81 1 438899 1713 0.09152460098266602
decode: 82 0 440694 82 0.039835214614868164
decode: 82 0 440776 82 0.038977622985839844
decode: 82 0 440858 82 0.03899240493774414
decode: 82 0 440940 82 0.03893160820007324
decode: 82 0 441022 82 0.03891730308532715
decode: 82 0 441104 82 0.038939714431762695
decode: 82 0 441186 82 0.038944244384765625
decode: 82 0 441268 82 0.038797855377197266
decode: 82 0 441350 82 0.03871512413024902
decode: 82 0 441432 82 0.03890705108642578
decode: 82 0 441514 82 0.0388798713684082
decode: 82 0 441596 82 0.03874993324279785
decode: 82 0 441678 82 0.038735389709472656
decode: 82 0 441760 82 0.03881692886352539
decode: 82 0 441842 82 0.0388336181640625
decode: 82 0 441924 82 0.03879094123840332
decode: 82 0 442006 82 0.03880500793457031
decode: 82 0 442088 82 0.03878426551818848
decode: 81 0 433876 81 0.038678884506225586
mixed: 80 1 425645 2047 0.08067893981933594
mixed: 80 1 427692 2048 0.09031033515930176
mixed: 80 2 429740 2048 0.09116959571838379
mixed: 81 1 431788 2048 0.08578634262084961
mixed: 80 1 428367 2048 0.09110713005065918
mixed: 80 2 430415 2048 0.0878746509552002
mixed: 81 2 432463 2048 0.08359718322753906
mixed: 81 1 427522 2048 0.08790230751037598
mixed: 81 1 429570 2048 0.09445452690124512
mixed: 81 2 431618 2048 0.09479212760925293
mixed: 82 1 433666 2048 0.08642816543579102
mixed: 82 1 435714 2048 0.09142398834228516
mixed: 81 1 433153 1805 0.09094119071960449
decode: 82 0 435040 82 0.040929317474365234
decode: 82 0 435122 82 0.03979086875915527
decode: 82 0 435204 82 0.03957080841064453
decode: 82 0 435286 82 0.03949403762817383
decode: 82 0 435368 82 0.0394587516784668
decode: 82 0 435450 82 0.03946232795715332
decode: 82 0 435532 82 0.03957962989807129
decode: 82 0 435614 82 0.039566755294799805
decode: 82 0 435696 82 0.03927946090698242
decode: 82 0 435778 82 0.0392765998840332
decode: 82 0 435860 82 0.03929257392883301
decode: 82 0 435942 82 0.03931140899658203
decode: 82 0 436024 82 0.03935551643371582
decode: 82 0 436106 82 0.0394132137298584
decode: 82 0 436188 82 0.039376020431518555
decode: 82 0 436270 82 0.03930974006652832
decode: 82 0 436352 82 0.03932595252990723
decode: 82 0 436434 82 0.039409637451171875
decode: 82 0 436516 82 0.03937935829162598
decode: 82 0 436598 82 0.039351463317871094
decode: 82 0 436680 82 0.03937697410583496
decode: 81 0 427655 81 0.037279605865478516
mixed: 81 1 427655 2048 0.08072137832641602
mixed: 80 1 424150 2048 0.09076237678527832
mixed: 80 1 426198 2048 0.09495067596435547
mixed: 80 2 428246 2048 0.09739160537719727
mixed: 81 1 430294 2048 0.08481597900390625
mixed: 81 1 432342 2048 0.09043264389038086
mixed: 81 2 434390 2048 0.09204912185668945
mixed: 82 1 436438 2048 0.08618307113647461
mixed: 82 1 438486 1368 0.07379770278930664
decode: 83 0 439937 83 0.04183316230773926
decode: 83 0 440020 83 0.039037227630615234
decode: 82 0 431799 82 0.03895831108093262
mixed: 82 1 431799 2048 0.0836019515991211
mixed: 82 1 433847 2048 0.09405875205993652
mixed: 82 1 435895 2048 0.0954427719116211
mixed: 81 2 433690 2048 0.0891275405883789
mixed: 82 1 435738 2048 0.08915114402770996
mixed: 82 1 437786 2048 0.0949702262878418
mixed: 82 1 439834 1624 0.0883028507232666
decode: 83 0 441541 83 0.04104471206665039
decode: 83 0 441624 83 0.03937482833862305
decode: 81 0 426890 81 0.03901362419128418
mixed: 81 1 426890 2048 0.08287572860717773
mixed: 81 1 428938 2048 0.09076356887817383
mixed: 81 1 430986 2048 0.09549307823181152
mixed: 81 2 433034 1649 0.07642006874084473
decode: 83 0 434766 83 0.04012870788574219
decode: 83 0 434849 83 0.039232730865478516
decode: 83 0 434932 83 0.03908395767211914
decode: 83 0 435015 83 0.03915977478027344
decode: 83 0 435098 83 0.03914022445678711
decode: 83 0 435181 83 0.03914141654968262
decode: 83 0 435264 83 0.039174556732177734
decode: 83 0 435347 83 0.039098262786865234
decode: 83 0 435430 83 0.039075374603271484
decode: 83 0 435513 83 0.03904294967651367
decode: 83 0 435596 83 0.03897809982299805
decode: 83 0 435679 83 0.038983821868896484
decode: 83 0 435762 83 0.03899812698364258
decode: 83 0 435845 83 0.03901481628417969
decode: 82 0 426955 82 0.03630566596984863
mixed: 82 2 426955 2048 0.08189892768859863
mixed: 83 1 429003 2048 0.0849452018737793
mixed: 83 1 431051 2048 0.09097909927368164
mixed: 83 1 433099 2048 0.09682059288024902
mixed: 83 1 435147 1137 0.06327295303344727
decode: 84 0 436368 84 0.04019618034362793
decode: 84 0 436452 84 0.03950905799865723
decode: 84 0 436536 84 0.03963947296142578
decode: 84 0 436620 84 0.03954339027404785
decode: 84 0 436704 84 0.039128780364990234
decode: 84 0 436788 84 0.03926205635070801
decode: 84 0 436872 84 0.03917217254638672
decode: 84 0 436956 84 0.03890037536621094
decode: 84 0 437040 84 0.03911781311035156
decode: 83 0 431105 83 0.0409238338470459
mixed: 83 1 431105 2048 0.08170247077941895
mixed: 83 1 433153 2048 0.08960723876953125
mixed: 82 1 431756 2048 0.09550356864929199
mixed: 82 1 433804 2048 0.10167574882507324
mixed: 82 2 435852 2048 0.08378720283508301
mixed: 83 2 437900 2048 0.08538055419921875
mixed: 84 1 439948 414 0.03969264030456543
decode: 85 0 440447 85 0.040717363357543945
decode: 85 0 440532 85 0.04059624671936035
decode: 85 0 440617 85 0.04080319404602051
decode: 85 0 440702 85 0.040558576583862305
decode: 85 0 440787 85 0.04096174240112305
decode: 85 0 440872 85 0.04069638252258301
decode: 85 0 440957 85 0.040395498275756836
decode: 85 0 441042 85 0.04075145721435547
decode: 85 0 441127 85 0.040326833724975586
decode: 84 0 432752 84 0.03703880310058594
mixed: 84 1 432752 2048 0.08402085304260254
mixed: 84 1 434800 2048 0.0905008316040039
mixed: 83 2 430830 2048 0.09012532234191895
mixed: 84 1 432878 2048 0.08595466613769531
mixed: 84 1 434926 2048 0.09885549545288086
mixed: 84 2 436974 2048 0.0948786735534668
mixed: 85 1 439022 993 0.051692962646484375
decode: 86 0 440101 86 0.04076814651489258
decode: 86 0 440187 86 0.039930105209350586
decode: 86 0 440273 86 0.04003095626831055
decode: 86 0 440359 86 0.039742231369018555
decode: 86 0 440445 86 0.039872169494628906
decode: 86 0 440531 86 0.040218353271484375
decode: 85 0 438188 85 0.039183616638183594
decode: 85 0 438273 85 0.0391392707824707
decode: 85 0 438358 85 0.03901505470275879
decode: 85 0 438443 85 0.039542198181152344
decode: 84 0 431530 84 0.039284706115722656
mixed: 84 1 431530 2048 0.08554863929748535
mixed: 84 1 433578 2048 0.09124636650085449
mixed: 84 1 435626 2048 0.09753537178039551
mixed: 84 1 437674 947 0.05576276779174805
decode: 85 0 438706 85 0.04028153419494629
decode: 85 0 438791 85 0.0395817756652832
decode: 85 0 438876 85 0.039429426193237305
decode: 85 0 438961 85 0.03912639617919922
decode: 85 0 439046 85 0.03916525840759277
decode: 85 0 439131 85 0.03994894027709961
decode: 85 0 439216 85 0.039427757263183594
decode: 85 0 439301 85 0.039258480072021484
decode: 85 0 439386 85 0.039299726486206055
decode: 85 0 439471 85 0.03934431076049805
decode: 85 0 439556 85 0.039786338806152344
decode: 85 0 439641 85 0.039151668548583984
decode: 85 0 439726 85 0.03896665573120117
decode: 85 0 439811 85 0.03897881507873535
decode: 85 0 439896 85 0.03898048400878906
decode: 85 0 439981 85 0.03890419006347656
decode: 85 0 440066 85 0.0389862060546875
decode: 85 0 440151 85 0.03900551795959473
decode: 84 0 435580 84 0.0401608943939209
mixed: 84 1 435580 2048 0.08533048629760742
mixed: 84 1 437628 2048 0.09107446670532227
mixed: 84 1 439676 772 0.05115079879760742
decode: 85 0 440533 85 0.0409541130065918
decode: 85 0 440618 85 0.04143166542053223
decode: 85 0 440703 85 0.040599822998046875
decode: 85 0 440788 85 0.04053926467895508
decode: 85 0 440873 85 0.04055643081665039
decode: 85 0 440958 85 0.0405583381652832
decode: 85 0 441043 85 0.04038548469543457
decode: 85 0 441128 85 0.04094672203063965
decode: 85 0 441213 85 0.042191267013549805
decode: 85 0 441298 85 0.04052734375
decode: 85 0 441383 85 0.04055476188659668
decode: 85 0 441468 85 0.04030585289001465
decode: 85 0 441553 85 0.04119277000427246
decode: 85 0 441638 85 0.040376901626586914
decode: 85 0 441723 85 0.040374040603637695
decode: 85 0 441808 85 0.0405120849609375
decode: 85 0 441893 85 0.040491580963134766
decode: 85 0 441978 85 0.040369272232055664
decode: 84 0 440077 84 0.04030728340148926
decode: 84 0 440161 84 0.03995966911315918
decode: 84 0 440245 84 0.03996419906616211
decode: 83 0 436408 83 0.038169145584106445
decode: 83 0 436491 83 0.038185834884643555
decode: 83 0 436574 83 0.038288116455078125
decode: 83 0 436657 83 0.04214286804199219
decode: 82 0 434518 82 0.04091024398803711
decode: 82 0 434600 82 0.04065847396850586
decode: 82 0 434682 82 0.04071831703186035
decode: 82 0 434764 82 0.04070281982421875
decode: 82 0 434846 82 0.04117393493652344
decode: 82 0 434928 82 0.04062628746032715
decode: 82 0 435010 82 0.040525197982788086
decode: 82 0 435092 82 0.04044604301452637
decode: 82 0 435174 82 0.04043912887573242
decode: 82 0 435256 82 0.04063272476196289
decode: 82 0 435338 82 0.040606021881103516
decode: 82 0 435420 82 0.040921926498413086
decode: 82 0 435502 82 0.04087972640991211
decode: 82 0 435584 82 0.040651798248291016
decode: 82 0 435666 82 0.040679931640625
decode: 82 0 435748 82 0.0406489372253418
decode: 82 0 435830 82 0.040541648864746094
decode: 82 0 435912 82 0.04049324989318848
decode: 82 0 435994 82 0.040767669677734375
decode: 82 0 436076 82 0.040580034255981445
decode: 82 0 436158 82 0.04065990447998047
decode: 82 0 436240 82 0.04059863090515137
decode: 82 0 436322 82 0.040621280670166016
decode: 82 0 436404 82 0.04056429862976074
decode: 82 0 436486 82 0.04058670997619629
decode: 81 0 432843 81 0.03939461708068848
mixed: 80 1 424813 2047 0.08348441123962402
mixed: 80 1 426860 2048 0.09144425392150879
mixed: 80 1 428908 2048 0.09548473358154297
mixed: 80 2 430956 2048 0.0900580883026123
mixed: 81 1 433004 2048 0.08772659301757812
mixed: 81 1 435052 2048 0.09412860870361328
mixed: 81 1 437100 2048 0.09904289245605469
mixed: 81 1 439148 1174 0.06630301475524902
decode: 82 0 440404 82 0.04142951965332031
decode: 82 0 440486 82 0.040335655212402344
decode: 82 0 440568 82 0.040123939514160156
decode: 82 0 440650 82 0.04033541679382324
decode: 82 0 440732 82 0.04085540771484375
decode: 82 0 440814 82 0.040334224700927734
decode: 82 0 440896 82 0.04057645797729492
decode: 81 0 437850 81 0.04021310806274414
decode: 81 0 437931 81 0.04019021987915039
decode: 81 0 438012 81 0.04048800468444824
decode: 81 0 438093 81 0.04014396667480469
decode: 81 0 438174 81 0.04050874710083008
decode: 81 0 438255 81 0.04019808769226074
decode: 81 0 438336 81 0.040125370025634766
decode: 81 0 438417 81 0.04083108901977539
decode: 80 0 428713 80 0.036734819412231445
mixed: 80 1 428713 2048 0.08112621307373047
mixed: 80 1 430761 2048 0.09156560897827148
mixed: 80 2 432809 2048 0.09451866149902344
mixed: 81 2 434857 2048 0.08283066749572754
mixed: 82 1 436905 1203 0.05781674385070801
decode: 83 0 438191 83 0.040395259857177734
decode: 83 0 438274 83 0.040468454360961914
decode: 83 0 438357 83 0.04018378257751465
decode: 83 0 438440 83 0.04015660285949707
decode: 83 0 438523 83 0.0408477783203125
decode: 83 0 438606 83 0.040375709533691406
decode: 83 0 438689 83 0.040177106857299805
decode: 83 0 438772 83 0.0403437614440918
decode: 83 0 438855 83 0.04036283493041992
decode: 83 0 438938 83 0.04003715515136719
decode: 83 0 439021 83 0.039978742599487305
decode: 83 0 439104 83 0.03982257843017578
decode: 83 0 439187 83 0.03972268104553223
decode: 82 0 435355 82 0.03912758827209473
decode: 82 0 435437 82 0.03928351402282715
decode: 82 0 435519 82 0.039011478424072266
decode: 82 0 435601 82 0.038956403732299805
decode: 82 0 435683 82 0.03909730911254883
decode: 81 0 430307 81 0.040010929107666016
mixed: 81 1 430307 2048 0.08328938484191895
mixed: 81 1 432355 2048 0.0900874137878418
mixed: 81 1 434403 2048 0.10445642471313477
mixed: 81 2 436451 2048 0.08816671371459961
mixed: 82 1 438499 1634 0.08055806159973145
decode: 83 0 440216 83 0.042694091796875
decode: 83 0 440299 83 0.0407252311706543
decode: 83 0 440382 83 0.04059863090515137
decode: 83 0 440465 83 0.04056429862976074
decode: 83 0 440548 83 0.040540218353271484
decode: 83 0 440631 83 0.04062819480895996
decode: 83 0 440714 83 0.04064798355102539
decode: 83 0 440797 83 0.04079771041870117
decode: 83 0 440880 83 0.04040360450744629
decode: 83 0 440963 83 0.04048562049865723
decode: 83 0 441046 83 0.04045987129211426
decode: 83 0 441129 83 0.04073357582092285
decode: 83 0 441212 83 0.040399789810180664
decode: 83 0 441295 83 0.04095196723937988
decode: 83 0 441378 83 0.040849924087524414
decode: 83 0 441461 83 0.04049873352050781
decode: 83 0 441544 83 0.04083371162414551
decode: 83 0 441627 83 0.04047346115112305
decode: 83 0 441710 83 0.04046034812927246
decode: 83 0 441793 83 0.04047036170959473
decode: 83 0 441876 83 0.04044079780578613
decode: 83 0 441959 83 0.040479183197021484
decode: 83 0 442042 83 0.040538787841796875
decode: 82 0 436681 82 0.04028797149658203
mixed: 82 1 436681 2048 0.08411741256713867
mixed: 82 1 438729 277 0.03519248962402344
decode: 83 0 439089 83 0.0406949520111084
decode: 83 0 439172 83 0.04018402099609375
decode: 83 0 439255 83 0.040766000747680664
decode: 82 0 434567 82 0.037016868591308594
mixed: 82 1 434567 2048 0.08306002616882324
mixed: 82 1 436615 2048 0.09057259559631348
mixed: 82 1 438663 214 0.03371381759643555
decode: 83 0 438960 83 0.03801894187927246
decode: 83 0 439043 83 0.03710341453552246
decode: 83 0 439126 83 0.037459611892700195
decode: 83 0 439209 83 0.03714942932128906
decode: 83 0 439292 83 0.03720736503601074
decode: 83 0 439375 83 0.03759360313415527
decode: 83 0 439458 83 0.03757452964782715
decode: 83 0 439541 83 0.03705787658691406
decode: 83 0 439624 83 0.036792755126953125
decode: 83 0 439707 83 0.03674912452697754
decode: 83 0 439790 83 0.03676009178161621
decode: 83 0 439873 83 0.036768436431884766
decode: 82 0 436090 82 0.03881525993347168
decode: 82 0 436172 82 0.03879714012145996
decode: 82 0 436254 82 0.03875160217285156
decode: 82 0 436336 82 0.038796186447143555
decode: 82 0 436418 82 0.038954734802246094
decode: 82 0 436500 82 0.03878188133239746
decode: 82 0 436582 82 0.03875374794006348
decode: 82 0 436664 82 0.03879237174987793
decode: 82 0 436746 82 0.03877401351928711
decode: 82 0 436828 82 0.03877615928649902
decode: 82 0 436910 82 0.038706064224243164
decode: 82 0 436992 82 0.03872799873352051
decode: 82 0 437074 82 0.03874826431274414
decode: 81 0 432413 81 0.03855776786804199
mixed: 81 1 432413 2048 0.08253693580627441
mixed: 81 1 434461 2048 0.09114813804626465
mixed: 81 1 436509 2048 0.09598731994628906
mixed: 81 1 438557 2048 0.10123324394226074
mixed: 81 1 440605 169 0.031008481979370117
decode: 82 0 440856 82 0.04073667526245117
decode: 82 0 440938 82 0.040041208267211914
decode: 82 0 441020 82 0.03998541831970215
decode: 82 0 441102 82 0.04001784324645996
decode: 82 0 441184 82 0.040073394775390625
decode: 82 0 441266 82 0.04006361961364746
decode: 82 0 441348 82 0.04007244110107422
decode: 82 0 441430 82 0.039914846420288086
decode: 82 0 441512 82 0.03992509841918945
decode: 82 0 441594 82 0.04005575180053711
decode: 81 0 437201 81 0.03985929489135742
mixed: 81 1 437201 2048 0.08365201950073242
mixed: 81 1 439249 1067 0.05787038803100586
decode: 82 0 440398 82 0.04157400131225586
decode: 82 0 440480 82 0.04032111167907715
decode: 82 0 440562 82 0.04019355773925781
decode: 82 0 440644 82 0.04008960723876953
decode: 82 0 440726 82 0.040090322494506836
decode: 82 0 440808 82 0.040137529373168945
decode: 82 0 440890 82 0.04007840156555176
decode: 82 0 440972 82 0.04002952575683594
decode: 81 0 434142 81 0.038344621658325195
mixed: 81 1 434142 2048 0.08280396461486816
mixed: 81 2 436190 2048 0.08412981033325195
mixed: 82 1 438238 1185 0.057973384857177734
decode: 83 0 439506 83 0.03959774971008301
decode: 83 0 439589 83 0.038725852966308594
decode: 83 0 439672 83 0.03894662857055664
decode: 83 0 439755 83 0.03878426551818848
decode: 83 0 439838 83 0.03897547721862793
decode: 83 0 439921 83 0.038866281509399414
decode: 83 0 440004 83 0.038817405700683594
decode: 83 0 440087 83 0.03859090805053711
decode: 83 0 440170 83 0.03865981101989746
decode: 83 0 440253 83 0.03861856460571289
decode: 82 0 435981 82 0.040125131607055664
mixed: 82 1 435981 1581 0.07301878929138184
decode: 83 0 437645 83 0.041727542877197266
decode: 83 0 437728 83 0.04050612449645996
decode: 83 0 437811 83 0.0402674674987793
decode: 83 0 437894 83 0.0405423641204834
decode: 83 0 437977 83 0.04053020477294922
decode: 83 0 438060 83 0.04033160209655762
decode: 83 0 438143 83 0.04047250747680664
decode: 83 0 438226 83 0.040360450744628906
decode: 83 0 438309 83 0.04025840759277344
decode: 83 0 438392 83 0.04010152816772461
decode: 83 0 438475 83 0.0400693416595459
decode: 83 0 438558 83 0.04012441635131836
decode: 83 0 438641 83 0.04027891159057617
decode: 83 0 438724 83 0.04038834571838379
decode: 83 0 438807 83 0.04018378257751465
decode: 83 0 438890 83 0.04006481170654297
decode: 83 0 438973 83 0.040076494216918945
decode: 83 0 439056 83 0.04001665115356445
decode: 83 0 439139 83 0.04013419151306152
decode: 82 0 432679 82 0.03943753242492676
mixed: 82 1 432679 2048 0.08443379402160645
mixed: 82 1 434727 2048 0.09110522270202637
mixed: 82 1 436775 132 0.03072953224182129
decode: 83 0 436990 83 0.040021657943725586
decode: 83 0 437073 83 0.039678096771240234
decode: 83 0 437156 83 0.03963804244995117
decode: 83 0 437239 83 0.03962135314941406
decode: 83 0 437322 83 0.03959512710571289
decode: 82 0 435156 82 0.04198789596557617
decode: 82 0 435238 82 0.04190397262573242
decode: 82 0 435320 82 0.041747093200683594
decode: 82 0 435402 82 0.041860342025756836
decode: 82 0 435484 82 0.04195284843444824
decode: 82 0 435566 82 0.04186606407165527
decode: 82 0 435648 82 0.04177236557006836
decode: 82 0 435730 82 0.041802167892456055
decode: 82 0 435812 82 0.04182696342468262
decode: 82 0 435894 82 0.04181861877441406
decode: 82 0 435976 82 0.04178047180175781
decode: 82 0 436058 82 0.041812896728515625
decode: 82 0 436140 82 0.04191780090332031
decode: 81 0 427989 81 0.039582014083862305
mixed: 81 1 427989 2048 0.08350467681884766
mixed: 81 1 430037 2048 0.09046506881713867
mixed: 81 1 432085 2048 0.09571671485900879
mixed: 81 1 434133 813 0.0647134780883789
decode: 82 0 435028 82 0.04147958755493164
decode: 82 0 435110 82 0.04021024703979492
decode: 82 0 435192 82 0.04019474983215332
decode: 82 0 435274 82 0.04039502143859863
decode: 82 0 435356 82 0.040580034255981445
decode: 82 0 435438 82 0.040613412857055664
decode: 82 0 435520 82 0.04051327705383301
decode: 82 0 435602 82 0.04009604454040527
decode: 81 0 426926 81 0.04291033744812012
mixed: 81 1 426926 2048 0.0847170352935791
mixed: 81 1 428974 2048 0.09081101417541504
mixed: 81 1 431022 2048 0.09650707244873047
mixed: 81 2 433070 2048 0.08748364448547363
mixed: 82 1 435118 2048 0.08959269523620605
mixed: 82 1 437166 353 0.038218021392822266
decode: 83 0 437602 83 0.04268956184387207
decode: 83 0 437685 83 0.042342424392700195
decode: 83 0 437768 83 0.042577505111694336
decode: 83 0 437851 83 0.042453765869140625
decode: 83 0 437934 83 0.04238080978393555
decode: 83 0 438017 83 0.04242110252380371
decode: 83 0 438100 83 0.04256153106689453
decode: 83 0 438183 83 0.04265904426574707
decode: 83 0 438266 83 0.04227852821350098
decode: 83 0 438349 83 0.04253101348876953
decode: 83 0 438432 83 0.042119741439819336
decode: 83 0 438515 83 0.042554616928100586
decode: 83 0 438598 83 0.04261589050292969
decode: 83 0 438681 83 0.04277229309082031
decode: 83 0 438764 83 0.0421905517578125
decode: 83 0 438847 83 0.042339324951171875
decode: 83 0 438930 83 0.04256892204284668
decode: 83 0 439013 83 0.04214310646057129
decode: 83 0 439096 83 0.0422670841217041
decode: 83 0 439179 83 0.04230952262878418
decode: 83 0 439262 83 0.042289018630981445
decode: 82 0 435407 82 0.04148149490356445
mixed: 82 1 435407 2048 0.08381152153015137
mixed: 82 1 437455 1423 0.07693934440612793
decode: 83 0 438961 83 0.04369997978210449
decode: 83 0 439044 83 0.04169178009033203
decode: 83 0 439127 83 0.04183840751647949
decode: 83 0 439210 83 0.041277408599853516
decode: 83 0 439293 83 0.04126143455505371
decode: 83 0 439376 83 0.041300296783447266
decode: 83 0 439459 83 0.04121255874633789
decode: 83 0 439542 83 0.04094672203063965
decode: 83 0 439625 83 0.04156970977783203
decode: 83 0 439708 83 0.04131603240966797
decode: 83 0 439791 83 0.041474342346191406
decode: 83 0 439874 83 0.041718482971191406
decode: 83 0 439957 83 0.0418550968170166
decode: 82 0 434239 82 0.038353681564331055
mixed: 81 1 428006 2047 0.08428454399108887
mixed: 81 1 430053 2048 0.0910499095916748
mixed: 81 2 432101 2048 0.09015631675720215
mixed: 82 1 434149 798 0.04830312728881836
decode: 83 0 435030 83 0.03791689872741699
decode: 83 0 435113 83 0.0376279354095459
decode: 83 0 435196 83 0.037589073181152344
decode: 83 0 435279 83 0.037598371505737305
decode: 83 0 435362 83 0.037577152252197266
decode: 83 0 435445 83 0.03760552406311035
decode: 83 0 435528 83 0.03751540184020996
decode: 82 0 430754 82 0.03995776176452637
mixed: 82 1 430754 2048 0.08312773704528809
mixed: 82 1 432802 2048 0.08982515335083008
mixed: 82 1 434850 2048 0.09619402885437012
mixed: 82 1 436898 2048 0.10153031349182129
mixed: 82 2 438946 2048 0.08440899848937988
mixed: 83 1 440994 769 0.04915261268615723
decode: 84 0 441847 84 0.04034614562988281
decode: 84 0 441931 84 0.039484262466430664
decode: 84 0 442015 84 0.039443016052246094
decode: 84 0 442099 84 0.039443254470825195
decode: 83 0 433910 83 0.037151336669921875
mixed: 83 2 433910 2048 0.08419227600097656
mixed: 84 1 435958 2048 0.08461356163024902
mixed: 84 1 438006 1573 0.0798344612121582
decode: 85 0 439664 85 0.0386815071105957
decode: 84 0 437284 84 0.03955221176147461
decode: 84 0 437368 84 0.0394289493560791
decode: 84 0 437452 84 0.03933238983154297
decode: 84 0 437536 84 0.039351463317871094
decode: 83 0 431431 83 0.039342403411865234
mixed: 83 1 431431 2048 0.0831000804901123
mixed: 83 1 433479 2048 0.09021854400634766
mixed: 83 1 435527 992 0.05276226997375488
decode: 84 0 436603 84 0.04103565216064453
decode: 84 0 436687 84 0.03960061073303223
decode: 84 0 436771 84 0.0393674373626709
decode: 84 0 436855 84 0.03936004638671875
decode: 84 0 436939 84 0.0393674373626709
decode: 83 0 434911 83 0.04158353805541992
decode: 83 0 434994 83 0.04163241386413574
decode: 83 0 435077 83 0.04154205322265625
decode: 83 0 435160 83 0.041436195373535156
decode: 83 0 435243 83 0.04144763946533203
decode: 83 0 435326 83 0.041467905044555664
decode: 83 0 435409 83 0.041380882263183594
decode: 83 0 435492 83 0.041361093521118164
decode: 83 0 435575 83 0.04136943817138672
decode: 83 0 435658 83 0.04132866859436035
decode: 83 0 435741 83 0.0414729118347168
decode: 83 0 435824 83 0.041580915451049805
decode: 83 0 435907 83 0.041529178619384766
decode: 83 0 435990 83 0.041489362716674805
decode: 83 0 436073 83 0.04173016548156738
decode: 83 0 436156 83 0.041742801666259766
decode: 83 0 436239 83 0.04168963432312012
decode: 83 0 436322 83 0.04158329963684082
decode: 83 0 436405 83 0.041586875915527344
decode: 83 0 436488 83 0.0415797233581543
decode: 83 0 436571 83 0.04150819778442383
decode: 83 0 436654 83 0.04163336753845215
decode: 83 0 436737 83 0.04196524620056152
decode: 83 0 436820 83 0.04163050651550293
decode: 83 0 436903 83 0.04154086112976074
decode: 83 0 436986 83 0.04147815704345703
decode: 83 0 437069 83 0.041463613510131836
decode: 83 0 437152 83 0.04145002365112305
decode: 83 0 437235 83 0.041452884674072266
decode: 83 0 437318 83 0.041480064392089844
decode: 83 0 437401 83 0.04150271415710449
decode: 83 0 437484 83 0.04145956039428711
decode: 82 0 430161 82 0.0411837100982666
mixed: 82 1 430161 2048 0.08462119102478027
mixed: 82 1 432209 2048 0.09123039245605469
mixed: 81 2 425690 2048 0.09032082557678223
mixed: 82 1 427738 2048 0.08575320243835449
mixed: 82 1 429786 2048 0.09221029281616211
mixed: 82 2 431834 2048 0.08730506896972656
mixed: 83 1 433882 2048 0.08837461471557617
mixed: 83 2 435930 2048 0.0863490104675293
mixed: 84 1 437978 1582 0.07963967323303223
decode: 85 0 439645 85 0.03954362869262695
decode: 85 0 439730 85 0.03827691078186035
decode: 85 0 439815 85 0.038085222244262695
decode: 85 0 439900 85 0.038082122802734375
decode: 85 0 439985 85 0.03805041313171387
decode: 85 0 440070 85 0.03801131248474121
decode: 85 0 440155 85 0.03801918029785156
decode: 85 0 440240 85 0.03800606727600098
decode: 85 0 440325 85 0.037856101989746094
decode: 85 0 440410 85 0.03784632682800293
decode: 85 0 440495 85 0.037830352783203125
decode: 84 0 433532 84 0.0386509895324707
mixed: 84 1 433532 2048 0.0842127799987793
mixed: 84 1 435580 2048 0.09239435195922852
mixed: 84 1 437628 2048 0.0971519947052002
mixed: 84 1 439676 1251 0.06565141677856445
decode: 85 0 441012 85 0.03955864906311035
decode: 85 0 441097 85 0.038179874420166016
decode: 85 0 441182 85 0.03790140151977539
decode: 85 0 441267 85 0.03797769546508789
decode: 85 0 441352 85 0.03794121742248535
decode: 84 0 436751 84 0.037981271743774414
mixed: 84 1 436751 2048 0.0839080810546875
mixed: 84 1 438799 1631 0.08184003829956055
decode: 85 0 440515 85 0.03983473777770996
decode: 85 0 440600 85 0.03872489929199219
decode: 84 0 432495 84 0.039163827896118164
mixed: 84 1 432495 2048 0.08185815811157227
mixed: 84 1 434543 2048 0.08996820449829102
mixed: 83 1 432272 2048 0.0956265926361084
mixed: 83 1 434320 2048 0.10123229026794434
mixed: 83 1 436368 185 0.03130841255187988
decode: 84 0 436637 84 0.03833651542663574
decode: 84 0 436721 84 0.03814077377319336
decode: 84 0 436805 84 0.038019418716430664
decode: 84 0 436889 84 0.03800463676452637
decode: 84 0 436973 84 0.03806614875793457
decode: 84 0 437057 84 0.03809857368469238
decode: 84 0 437141 84 0.03809499740600586
decode: 84 0 437225 84 0.03818535804748535
decode: 84 0 437309 84 0.03792071342468262
decode: 84 0 437393 84 0.037972450256347656
decode: 83 0 430223 83 0.038106679916381836
mixed: 83 1 430223 2048 0.08131051063537598
mixed: 83 1 432271 2048 0.08967137336730957
mixed: 83 2 434319 2048 0.08753538131713867
mixed: 84 1 436367 2048 0.08807921409606934
mixed: 84 1 438415 345 0.035666704177856445
decode: 85 0 438845 85 0.0386655330657959
decode: 85 0 438930 85 0.03835606575012207
decode: 85 0 439015 85 0.038344621658325195
decode: 85 0 439100 85 0.03837251663208008
decode: 84 0 436419 84 0.03958582878112793
decode: 84 0 436503 84 0.03957343101501465
decode: 84 0 436587 84 0.03965926170349121
decode: 84 0 436671 84 0.039432525634765625
decode: 84 0 436755 84 0.03941512107849121
decode: 84 0 436839 84 0.03948235511779785
decode: 84 0 436923 84 0.0393831729888916
decode: 84 0 437007 84 0.03938794136047363
decode: 84 0 437091 84 0.03944110870361328
decode: 84 0 437175 84 0.03948545455932617
decode: 84 0 437259 84 0.03944540023803711
decode: 84 0 437343 84 0.039414167404174805
decode: 84 0 437427 84 0.03941750526428223
decode: 84 0 437511 84 0.03948974609375
decode: 84 0 437595 84 0.03947901725769043
decode: 84 0 437679 84 0.039398908615112305
decode: 84 0 437763 84 0.0393979549407959
decode: 84 0 437847 84 0.039507150650024414
decode: 84 0 437931 84 0.03955435752868652
decode: 84 0 438015 84 0.039483070373535156
decode: 84 0 438099 84 0.03943967819213867
decode: 84 0 438183 84 0.03946423530578613
decode: 84 0 438267 84 0.03954005241394043
decode: 84 0 438351 84 0.03959822654724121
decode: 83 0 430384 83 0.0368809700012207
mixed: 83 1 430384 2048 0.08495116233825684
mixed: 83 1 432432 2048 0.09305548667907715
mixed: 83 1 434480 2048 0.09571671485900879
mixed: 83 1 436528 893 0.0553133487701416
decode: 84 0 437505 84 0.04156017303466797
decode: 84 0 437589 84 0.04013657569885254
decode: 84 0 437673 84 0.03972291946411133
decode: 84 0 437757 84 0.03977465629577637
decode: 84 0 437841 84 0.03974318504333496
decode: 84 0 437925 84 0.03973698616027832
decode: 84 0 438009 84 0.039716482162475586
decode: 83 0 430681 83 0.03882288932800293
mixed: 83 1 430681 2048 0.08287358283996582
mixed: 82 1 430013 2048 0.08990120887756348
mixed: 82 1 432061 2048 0.09549188613891602
mixed: 82 2 434109 2048 0.09581899642944336
mixed: 83 1 436157 2048 0.08546614646911621
mixed: 83 1 438205 2048 0.0924386978149414
mixed: 83 1 440253 1401 0.07843327522277832
decode: 83 0 434026 83 0.04297637939453125
decode: 83 0 434109 83 0.04201793670654297
decode: 83 0 434192 83 0.04184532165527344
decode: 83 0 434275 83 0.04178643226623535
decode: 83 0 434358 83 0.0417630672454834
decode: 83 0 434441 83 0.041777849197387695
decode: 83 0 434524 83 0.041754722595214844
decode: 83 0 434607 83 0.041612863540649414
decode: 83 0 434690 83 0.04148602485656738
decode: 83 0 434773 83 0.04150557518005371
decode: 83 0 434856 83 0.04150271415710449
decode: 83 0 434939 83 0.0415644645690918
decode: 82 0 427405 82 0.04188418388366699
mixed: 82 1 427405 2048 0.08461117744445801
mixed: 82 1 429453 2048 0.0918729305267334
mixed: 82 1 431501 2048 0.09595727920532227
mixed: 82 2 433549 2048 0.08478212356567383
mixed: 83 2 435597 2048 0.08632516860961914
mixed: 84 1 437645 1557 0.0774078369140625
decode: 85 0 439287 85 0.04433798789978027
decode: 85 0 439372 85 0.04245138168334961
decode: 85 0 439457 85 0.04212689399719238
decode: 85 0 439542 85 0.04220080375671387
decode: 85 0 439627 85 0.042259931564331055
decode: 85 0 439712 85 0.04239010810852051
decode: 85 0 439797 85 0.042398929595947266
decode: 85 0 439882 85 0.04230833053588867
decode: 85 0 439967 85 0.04214596748352051
decode: 85 0 440052 85 0.04206085205078125
decode: 85 0 440137 85 0.041889190673828125
decode: 85 0 440222 85 0.04196953773498535
decode: 85 0 440307 85 0.042029619216918945
decode: 85 0 440392 85 0.042000770568847656
decode: 85 0 440477 85 0.042084693908691406
decode: 85 0 440562 85 0.0420534610748291
decode: 85 0 440647 85 0.042116403579711914
decode: 85 0 440732 85 0.04226803779602051
decode: 85 0 440817 85 0.0420527458190918
decode: 85 0 440902 85 0.04201817512512207
decode: 85 0 440987 85 0.042099952697753906
decode: 84 0 431369 84 0.04050397872924805
mixed: 84 1 431369 2048 0.08005261421203613
mixed: 84 2 433417 2048 0.08815956115722656
mixed: 85 1 435465 2048 0.08494758605957031
mixed: 85 1 437513 540 0.0426485538482666
decode: 86 0 438139 86 0.04106950759887695
decode: 86 0 438225 86 0.04053163528442383
decode: 86 0 438311 86 0.04073739051818848
decode: 86 0 438397 86 0.04062533378601074
decode: 86 0 438483 86 0.040521860122680664
decode: 86 0 438569 86 0.04057478904724121
decode: 86 0 438655 86 0.040543556213378906
decode: 86 0 438741 86 0.040331125259399414
decode: 86 0 438827 86 0.040361642837524414
decode: 86 0 438913 86 0.04038119316101074
decode: 86 0 438999 86 0.04037785530090332
decode: 85 0 431252 85 0.04096102714538574
mixed: 85 1 431252 2048 0.08223915100097656
mixed: 85 1 433300 2048 0.09003686904907227
mixed: 85 1 435348 1855 0.09122610092163086
decode: 86 0 437289 86 0.04331398010253906
decode: 86 0 437375 86 0.041962623596191406
decode: 86 0 437461 86 0.041266441345214844
decode: 86 0 437547 86 0.041237831115722656
decode: 86 0 437633 86 0.04123950004577637
decode: 86 0 437719 86 0.04185795783996582
decode: 86 0 437805 86 0.0413360595703125
decode: 86 0 437891 86 0.04126620292663574
decode: 86 0 437977 86 0.04108905792236328
decode: 86 0 438063 86 0.041083574295043945
decode: 86 0 438149 86 0.04131126403808594
decode: 86 0 438235 86 0.04124093055725098
decode: 86 0 438321 86 0.04150748252868652
decode: 86 0 438407 86 0.04100513458251953
decode: 86 0 438493 86 0.04099464416503906
decode: 86 0 438579 86 0.04114103317260742
decode: 86 0 438665 86 0.04124760627746582
decode: 86 0 438751 86 0.0419464111328125
decode: 86 0 438837 86 0.0410161018371582
decode: 86 0 438923 86 0.041025400161743164
decode: 86 0 439009 86 0.04150986671447754
decode: 86 0 439095 86 0.041265249252319336
decode: 85 0 436585 85 0.037764549255371094
decode: 85 0 436670 85 0.03777503967285156
decode: 85 0 436755 85 0.03777265548706055
decode: 85 0 436840 85 0.038022518157958984
decode: 85 0 436925 85 0.03855276107788086
decode: 85 0 437010 85 0.03786587715148926
decode: 85 0 437095 85 0.037888526916503906
decode: 85 0 437180 85 0.037943363189697266
decode: 85 0 437265 85 0.037927865982055664
decode: 85 0 437350 85 0.038040876388549805
decode: 85 0 437435 85 0.03904104232788086
decode: 85 0 437520 85 0.03798842430114746
decode: 85 0 437605 85 0.03789710998535156
decode: 85 0 437690 85 0.0378873348236084
decode: 85 0 437775 85 0.037960052490234375
decode: 85 0 437860 85 0.03807234764099121
decode: 85 0 437945 85 0.03814339637756348
decode: 85 0 438030 85 0.03806328773498535
decode: 85 0 438115 85 0.03799843788146973
decode: 85 0 438200 85 0.038138389587402344
decode: 85 0 438285 85 0.038166046142578125
decode: 84 0 430951 84 0.03905916213989258
mixed: 84 1 430951 2048 0.08180069923400879
mixed: 84 1 432999 2048 0.09045028686523438
mixed: 84 1 435047 1982 0.09446835517883301
decode: 85 0 437114 85 0.040186405181884766
decode: 85 0 437199 85 0.0392909049987793
decode: 85 0 437284 85 0.03949689865112305
decode: 85 0 437369 85 0.03972601890563965
decode: 85 0 437454 85 0.039266347885131836
decode: 85 0 437539 85 0.039698123931884766
decode: 85 0 437624 85 0.03917717933654785
decode: 85 0 437709 85 0.03904914855957031
decode: 85 0 437794 85 0.038991689682006836
decode: 85 0 437879 85 0.038988590240478516
decode: 85 0 437964 85 0.0390169620513916
decode: 84 0 432184 84 0.03782939910888672
mixed: 84 1 432184 2048 0.08551526069641113
mixed: 83 1 431692 2048 0.09046506881713867
mixed: 83 2 433740 2048 0.08779716491699219
mixed: 84 1 435788 1798 0.08310365676879883
decode: 85 0 437671 85 0.03971695899963379
decode: 85 0 437756 85 0.03838396072387695
decode: 85 0 437841 85 0.0380856990814209
decode: 84 0 431109 84 0.04025745391845703
mixed: 84 1 431109 2048 0.0850985050201416
mixed: 84 1 433157 2048 0.0910797119140625
mixed: 84 1 435205 922 0.052625417709350586
decode: 85 0 436212 85 0.04118990898132324
decode: 85 0 436297 85 0.04041862487792969
decode: 85 0 436382 85 0.04023933410644531
decode: 85 0 436467 85 0.04025626182556152
decode: 85 0 436552 85 0.04030418395996094
decode: 85 0 436637 85 0.040467262268066406
decode: 85 0 436722 85 0.04039335250854492
decode: 85 0 436807 85 0.04019522666931152
decode: 85 0 436892 85 0.04007840156555176
decode: 85 0 436977 85 0.040463924407958984
decode: 85 0 437062 85 0.04026603698730469
decode: 85 0 437147 85 0.04065227508544922
decode: 85 0 437232 85 0.04029488563537598
decode: 85 0 437317 85 0.04024815559387207
decode: 85 0 437402 85 0.04012751579284668
decode: 85 0 437487 85 0.04022479057312012
decode: 85 0 437572 85 0.040161848068237305
decode: 85 0 437657 85 0.040239572525024414
decode: 85 0 437742 85 0.0403897762298584
decode: 85 0 437827 85 0.04024100303649902
decode: 85 0 437912 85 0.04057669639587402
decode: 85 0 437997 85 0.0401918888092041
decode: 85 0 438082 85 0.040129899978637695
decode: 85 0 438167 85 0.04013347625732422
decode: 85 0 438252 85 0.04017972946166992
decode: 85 0 438337 85 0.04023480415344238
decode: 85 0 438422 85 0.040273189544677734
decode: 85 0 438507 85 0.040274858474731445
decode: 85 0 438592 85 0.040138959884643555
decode: 85 0 438677 85 0.0401608943939209
decode: 85 0 438762 85 0.0401463508605957
decode: 85 0 438847 85 0.040145158767700195
decode: 85 0 438932 85 0.04019904136657715
decode: 85 0 439017 85 0.0402679443359375
decode: 85 0 439102 85 0.04027891159057617
decode: 85 0 439187 85 0.04020404815673828
decode: 85 0 439272 85 0.04017806053161621
decode: 85 0 439357 85 0.040276288986206055
decode: 85 0 439442 85 0.04025673866271973
decode: 85 0 439527 85 0.04020404815673828
decode: 85 0 439612 85 0.04024481773376465
decode: 85 0 439697 85 0.04028749465942383
decode: 84 0 436840 84 0.03787493705749512
decode: 84 0 436924 84 0.037934303283691406
decode: 84 0 437008 84 0.03785061836242676
decode: 84 0 437092 84 0.0378260612487793
decode: 84 0 437176 84 0.0378575325012207
decode: 84 0 437260 84 0.03788328170776367
decode: 84 0 437344 84 0.03787088394165039
decode: 84 0 437428 84 0.03784441947937012
decode: 84 0 437512 84 0.03784036636352539
decode: 84 0 437596 84 0.03790020942687988
decode: 84 0 437680 84 0.03788495063781738
decode: 84 0 437764 84 0.0378725528717041
decode: 84 0 437848 84 0.037859439849853516
decode: 84 0 437932 84 0.03786897659301758
decode: 84 0 438016 84 0.0379328727722168
decode: 84 0 438100 84 0.03792238235473633
decode: 84 0 438184 84 0.03792238235473633
decode: 84 0 438268 84 0.037883758544921875
decode: 84 0 438352 84 0.03790593147277832
decode: 84 0 438436 84 0.037947654724121094
decode: 84 0 438520 84 0.03798413276672363
decode: 84 0 438604 84 0.0379180908203125
decode: 84 0 438688 84 0.03793191909790039
decode: 84 0 438772 84 0.0379788875579834
decode: 84 0 438856 84 0.03799605369567871
decode: 84 0 438940 84 0.03796076774597168
decode: 84 0 439024 84 0.03795146942138672
decode: 84 0 439108 84 0.03795266151428223
decode: 84 0 439192 84 0.037999629974365234
decode: 84 0 439276 84 0.038017988204956055
decode: 84 0 439360 84 0.03797101974487305
decode: 84 0 439444 84 0.0379796028137207
decode: 84 0 439528 84 0.03799843788146973
decode: 84 0 439612 84 0.03802204132080078
decode: 84 0 439696 84 0.03800773620605469
decode: 83 0 434590 83 0.03711438179016113
decode: 83 0 434673 83 0.037114620208740234
decode: 83 0 434756 83 0.037169694900512695
decode: 83 0 434839 83 0.03722691535949707
decode: 83 0 434922 83 0.03722858428955078
decode: 83 0 435005 83 0.03716588020324707
decode: 83 0 435088 83 0.03714394569396973
decode: 83 0 435171 83 0.03719019889831543
decode: 83 0 435254 83 0.037201642990112305
decode: 83 0 435337 83 0.03716444969177246
decode: 83 0 435420 83 0.03716754913330078
decode: 83 0 435503 83 0.0372006893157959
decode: 83 0 435586 83 0.0372312068939209
decode: 83 0 435669 83 0.03724193572998047
decode: 83 0 435752 83 0.037214040756225586
decode: 83 0 435835 83 0.03720450401306152
decode: 83 0 435918 83 0.03722810745239258
decode: 83 0 436001 83 0.037251949310302734
decode: 83 0 436084 83 0.03726005554199219
decode: 83 0 436167 83 0.03724217414855957
decode: 83 0 436250 83 0.037256479263305664
decode: 83 0 436333 83 0.03727364540100098
decode: 83 0 436416 83 0.03728842735290527
decode: 83 0 436499 83 0.03726792335510254
decode: 83 0 436582 83 0.03726601600646973
decode: 83 0 436665 83 0.03729057312011719
decode: 83 0 436748 83 0.0373992919921875
decode: 83 0 436831 83 0.037317514419555664
decode: 82 0 433179 82 0.03982973098754883
mixed: 82 1 433179 2048 0.08290791511535645
mixed: 82 1 435227 2048 0.09143590927124023
mixed: 82 1 437275 2048 0.0959174633026123
mixed: 81 2 433268 2048 0.09872198104858398
mixed: 82 1 435316 2048 0.08416080474853516
mixed: 82 1 437364 2048 0.09165453910827637
mixed: 82 1 439412 1417 0.0792703628540039
decode: 83 0 440912 83 0.03798413276672363
decode: 83 0 440995 83 0.03739309310913086
decode: 83 0 441078 83 0.03740119934082031
decode: 83 0 441161 83 0.03738903999328613
decode: 83 0 441244 83 0.037445783615112305
decode: 83 0 441327 83 0.03743338584899902
decode: 83 0 441410 83 0.03733992576599121
decode: 83 0 441493 83 0.03721308708190918
decode: 82 0 437850 82 0.039595842361450195
decode: 82 0 437932 82 0.03973984718322754
decode: 82 0 438014 82 0.0397334098815918
decode: 81 0 434173 81 0.03720355033874512
decode: 81 0 434254 81 0.03720259666442871
decode: 81 0 434335 81 0.03718852996826172
decode: 81 0 434416 81 0.03714346885681152
decode: 81 0 434497 81 0.037157535552978516
decode: 81 0 434578 81 0.037215232849121094
decode: 81 0 434659 81 0.03729748725891113
decode: 81 0 434740 81 0.03722667694091797
decode: 81 0 434821 81 0.03717517852783203
decode: 81 0 434902 81 0.0371699333190918
decode: 81 0 434983 81 0.03724312782287598
decode: 81 0 435064 81 0.037242889404296875
decode: 81 0 435145 81 0.03721141815185547
decode: 81 0 435226 81 0.03717994689941406
decode: 81 0 435307 81 0.03722953796386719
decode: 81 0 435388 81 0.03726816177368164
decode: 81 0 435469 81 0.03728175163269043
decode: 81 0 435550 81 0.03719472885131836
decode: 81 0 435631 81 0.03721737861633301
decode: 81 0 435712 81 0.037271738052368164
decode: 81 0 435793 81 0.037276506423950195
decode: 81 0 435874 81 0.03727436065673828
decode: 81 0 435955 81 0.03724956512451172
decode: 81 0 436036 81 0.037271976470947266
decode: 81 0 436117 81 0.037284135818481445
decode: 81 0 436198 81 0.0373690128326416
decode: 80 0 430221 80 0.03590273857116699
decode: 80 0 430301 80 0.03575634956359863
decode: 80 0 430381 80 0.03575921058654785
decode: 80 0 430461 80 0.03585219383239746
decode: 80 0 430541 80 0.03582906723022461
decode: 80 0 430621 80 0.03580594062805176
decode: 80 0 430701 80 0.03576993942260742
decode: 80 0 430781 80 0.0357661247253418
decode: 80 0 430861 80 0.03591799736022949
decode: 79 0 425782 79 0.03571677207946777
decode: 79 0 425861 79 0.03568148612976074
decode: 79 0 425940 79 0.03563213348388672
decode: 79 0 426019 79 0.03564286231994629
decode: 79 0 426098 79 0.035745859146118164
decode: 79 0 426177 79 0.03577899932861328
decode: 79 0 426256 79 0.03571009635925293
decode: 79 0 426335 79 0.035651445388793945
decode: 79 0 426414 79 0.03563189506530762
decode: 79 0 426493 79 0.03573131561279297
decode: 79 0 426572 79 0.035809993743896484
decode: 79 0 426651 79 0.0357666015625
decode: 79 0 426730 79 0.03569316864013672
decode: 79 0 426809 79 0.0357363224029541
decode: 79 0 426888 79 0.03579449653625488
decode: 79 0 426967 79 0.03577375411987305
decode: 79 0 427046 79 0.0357508659362793
decode: 79 0 427125 79 0.035748958587646484
decode: 79 0 427204 79 0.035736083984375
decode: 79 0 427283 79 0.03583979606628418
decode: 79 0 427362 79 0.03581571578979492
decode: 79 0 427441 79 0.03577685356140137
decode: 79 0 427520 79 0.0357518196105957
decode: 79 0 427599 79 0.03575253486633301
decode: 79 0 427678 79 0.035832881927490234
decode: 79 0 427757 79 0.03586220741271973
decode: 79 0 427836 79 0.03579902648925781
decode: 79 0 427915 79 0.035781145095825195
decode: 79 0 427994 79 0.035782814025878906
decode: 79 0 428073 79 0.03585505485534668
decode: 79 0 428152 79 0.035919904708862305
decode: 79 0 428231 79 0.035858869552612305
decode: 79 0 428310 79 0.035805463790893555
decode: 79 0 428389 79 0.03580594062805176
decode: 79 0 428468 79 0.03590130805969238
decode: 79 0 428547 79 0.03592562675476074
decode: 79 0 428626 79 0.035831451416015625
decode: 79 0 428705 79 0.03583693504333496
decode: 79 0 428784 79 0.03584408760070801
decode: 79 0 428863 79 0.035918235778808594
decode: 79 0 428942 79 0.035912513732910156
decode: 79 0 429021 79 0.03585457801818848
decode: 79 0 429100 79 0.03584933280944824
decode: 79 0 429179 79 0.03590035438537598
decode: 79 0 429258 79 0.03600645065307617
decode: 79 0 429337 79 0.03598785400390625
decode: 79 0 429416 79 0.03587698936462402
decode: 79 0 429495 79 0.03588533401489258
decode: 79 0 429574 79 0.03597831726074219
decode: 79 0 429653 79 0.03610849380493164
decode: 79 0 429732 79 0.03606247901916504
decode: 79 0 429811 79 0.03590965270996094
decode: 79 0 429890 79 0.03590893745422363
decode: 79 0 429969 79 0.03605484962463379
decode: 79 0 430048 79 0.03614306449890137
decode: 79 0 430127 79 0.0360260009765625
decode: 79 0 430206 79 0.035938262939453125
decode: 79 0 430285 79 0.03591489791870117
decode: 79 0 430364 79 0.0360257625579834
decode: 79 0 430443 79 0.03608131408691406
decode: 79 0 430522 79 0.03626441955566406
decode: 79 0 430601 79 0.036041975021362305
decode: 79 0 430680 79 0.03601264953613281
decode: 79 0 430759 79 0.03607892990112305
decode: 79 0 430838 79 0.03635048866271973
decode: 79 0 430917 79 0.03613114356994629
decode: 79 0 430996 79 0.03612351417541504
decode: 79 0 431075 79 0.036078453063964844
decode: 79 0 431154 79 0.036144256591796875
decode: 79 0 431233 79 0.03613090515136719
decode: 79 0 431312 79 0.03609466552734375
decode: 79 0 431391 79 0.036153316497802734
decode: 79 0 431470 79 0.036122798919677734
decode: 79 0 431549 79 0.03610563278198242
decode: 79 0 431628 79 0.03607344627380371
decode: 79 0 431707 79 0.03606772422790527
decode: 79 0 431786 79 0.03607368469238281
decode: 79 0 431865 79 0.03622865676879883
decode: 79 0 431944 79 0.03636980056762695
decode: 79 0 432023 79 0.036171913146972656
decode: 79 0 432102 79 0.03608083724975586
decode: 79 0 432181 79 0.03608131408691406
decode: 79 0 432260 79 0.03623008728027344
decode: 79 0 432339 79 0.036515235900878906
decode: 79 0 432418 79 0.03619670867919922
decode: 79 0 432497 79 0.03608298301696777
decode: 79 0 432576 79 0.036150217056274414
decode: 79 0 432655 79 0.03619074821472168
decode: 79 0 432734 79 0.03621339797973633
decode: 79 0 432813 79 0.036264657974243164
decode: 79 0 432892 79 0.036186933517456055
decode: 79 0 432971 79 0.0362238883972168
decode: 79 0 433050 79 0.03615593910217285
decode: 79 0 433129 79 0.036171674728393555
decode: 79 0 433208 79 0.03610658645629883
decode: 79 0 433287 79 0.036130666732788086
decode: 79 0 433366 79 0.03619670867919922
decode: 79 0 433445 79 0.036205291748046875
decode: 79 0 433524 79 0.03615736961364746
decode: 79 0 433603 79 0.036142826080322266
decode: 79 0 433682 79 0.03612923622131348
decode: 79 0 433761 79 0.03620171546936035
decode: 79 0 433840 79 0.0362396240234375
decode: 79 0 433919 79 0.036170244216918945
decode: 79 0 433998 79 0.03614473342895508
decode: 79 0 434077 79 0.03615069389343262
decode: 79 0 434156 79 0.036314964294433594
decode: 79 0 434235 79 0.03631258010864258
decode: 79 0 434314 79 0.03620648384094238
decode: 79 0 434393 79 0.03618812561035156
decode: 79 0 434472 79 0.0362396240234375
decode: 79 0 434551 79 0.036307334899902344
decode: 79 0 434630 79 0.03630208969116211
decode: 78 0 428501 78 0.038048505783081055
mixed: 78 1 428501 2048 0.08451056480407715
mixed: 78 1 430549 2048 0.09108543395996094
mixed: 78 1 432597 2048 0.09615874290466309
mixed: 78 1 434645 2048 0.10112118721008301
mixed: 78 1 436693 198 0.03249835968017578
decode: 79 0 436970 79 0.03652787208557129
decode: 79 0 437049 79 0.03626537322998047
decode: 79 0 437128 79 0.03630208969116211
decode: 79 0 437207 79 0.036362409591674805
decode: 79 0 437286 79 0.03637337684631348
decode: 79 0 437365 79 0.036489248275756836
decode: 79 0 437444 79 0.03670811653137207
decode: 79 0 437523 79 0.03642582893371582
decode: 78 0 429871 78 0.03822731971740723
mixed: 78 1 429871 2048 0.08495545387268066
mixed: 78 1 431919 2048 0.09164237976074219
mixed: 78 1 433967 734 0.04854774475097656
decode: 79 0 434780 79 0.03892946243286133
decode: 79 0 434859 79 0.03862261772155762
decode: 79 0 434938 79 0.03871417045593262
decode: 79 0 435017 79 0.038542985916137695
decode: 79 0 435096 79 0.038408756256103516
decode: 79 0 435175 79 0.03837156295776367
decode: 79 0 435254 79 0.03876328468322754
decode: 79 0 435333 79 0.038561105728149414
decode: 79 0 435412 79 0.038416147232055664
decode: 78 0 428197 78 0.03593111038208008
mixed: 78 1 428197 2048 0.08369994163513184
mixed: 78 1 430245 2048 0.09037232398986816
mixed: 78 1 432293 2048 0.09606432914733887
mixed: 78 2 434341 2048 0.10411930084228516
mixed: 79 1 436389 738 0.04613351821899414
decode: 80 0 437207 80 0.03878068923950195
decode: 80 0 437287 80 0.038278818130493164
decode: 80 0 437367 80 0.03816652297973633
decode: 80 0 437447 80 0.03805088996887207
decode: 80 0 437527 80 0.03800058364868164
decode: 80 0 437607 80 0.03810763359069824
decode: 80 0 437687 80 0.0380396842956543
decode: 80 0 437767 80 0.03815937042236328
decode: 80 0 437847 80 0.03814053535461426
decode: 80 0 437927 80 0.0380244255065918
decode: 80 0 438007 80 0.03785204887390137
decode: 80 0 438087 80 0.03789997100830078
decode: 80 0 438167 80 0.037906646728515625
decode: 80 0 438247 80 0.03789472579956055
decode: 80 0 438327 80 0.0382077693939209
decode: 80 0 438407 80 0.03813767433166504
decode: 80 0 438487 80 0.03791236877441406
decode: 79 0 433705 79 0.03488469123840332
mixed: 79 1 433705 2048 0.08284187316894531
mixed: 79 2 435753 2048 0.08422183990478516
mixed: 80 1 437801 561 0.04226875305175781
decode: 81 0 438443 81 0.03927779197692871
decode: 81 0 438524 81 0.03901410102844238
decode: 81 0 438605 81 0.03899979591369629
decode: 81 0 438686 81 0.03902244567871094
decode: 81 0 438767 81 0.03907370567321777
decode: 81 0 438848 81 0.039132118225097656
decode: 81 0 438929 81 0.03899669647216797
decode: 81 0 439010 81 0.03878331184387207
decode: 81 0 439091 81 0.03880882263183594
decode: 81 0 439172 81 0.038836002349853516
decode: 81 0 439253 81 0.03890728950500488
decode: 81 0 439334 81 0.03870105743408203
decode: 81 0 439415 81 0.03876757621765137
decode: 81 0 439496 81 0.038815975189208984
decode: 81 0 439577 81 0.03885769844055176
decode: 81 0 439658 81 0.03876781463623047
decode: 81 0 439739 81 0.03878378868103027
decode: 81 0 439820 81 0.038846492767333984
decode: 81 0 439901 81 0.03884291648864746
decode: 81 0 439982 81 0.03880786895751953
decode: 81 0 440063 81 0.03880476951599121
decode: 81 0 440144 81 0.038847923278808594
decode: 81 0 440225 81 0.038877248764038086
decode: 81 0 440306 81 0.03892660140991211
decode: 81 0 440387 81 0.03880953788757324
decode: 81 0 440468 81 0.038797855377197266
decode: 80 0 431998 80 0.03704476356506348
mixed: 80 1 431998 2048 0.08396148681640625
mixed: 80 1 434046 2048 0.09011030197143555
mixed: 80 1 436094 1729 0.0867466926574707
decode: 81 0 437904 81 0.041747331619262695
decode: 81 0 437985 81 0.04098105430603027
decode: 81 0 438066 81 0.040877342224121094
decode: 81 0 438147 81 0.040880680084228516
decode: 81 0 438228 81 0.04092836380004883
decode: 81 0 438309 81 0.04089689254760742
decode: 81 0 438390 81 0.04078960418701172
decode: 81 0 438471 81 0.04074430465698242
decode: 81 0 438552 81 0.040637969970703125
decode: 81 0 438633 81 0.040674448013305664
decode: 81 0 438714 81 0.04066967964172363
decode: 81 0 438795 81 0.04064822196960449
decode: 81 0 438876 81 0.0407099723815918
decode: 81 0 438957 81 0.04076504707336426
decode: 80 0 429732 80 0.03461861610412598
mixed: 80 1 429732 2048 0.08109879493713379
mixed: 80 1 431780 2048 0.09050178527832031
mixed: 80 1 433828 2048 0.09591007232666016
mixed: 80 1 435876 988 0.05597376823425293
decode: 81 0 436945 81 0.04206061363220215
decode: 81 0 437026 81 0.04119420051574707
decode: 81 0 437107 81 0.04096674919128418
decode: 81 0 437188 81 0.04094052314758301
decode: 81 0 437269 81 0.040971994400024414
decode: 81 0 437350 81 0.041029930114746094
decode: 81 0 437431 81 0.04098677635192871
decode: 81 0 437512 81 0.04089617729187012
decode: 81 0 437593 81 0.04079294204711914
decode: 81 0 437674 81 0.04087543487548828
decode: 81 0 437755 81 0.040914058685302734
decode: 81 0 437836 81 0.040769338607788086
decode: 81 0 437917 81 0.04078316688537598
decode: 81 0 437998 81 0.04080986976623535
decode: 81 0 438079 81 0.04080057144165039
decode: 81 0 438160 81 0.04085731506347656
decode: 81 0 438241 81 0.04086470603942871
decode: 81 0 438322 81 0.04085516929626465
decode: 81 0 438403 81 0.040831804275512695
decode: 81 0 438484 81 0.04085421562194824
decode: 81 0 438565 81 0.04096412658691406
decode: 81 0 438646 81 0.04093432426452637
decode: 81 0 438727 81 0.040863752365112305
decode: 81 0 438808 81 0.04084920883178711
decode: 81 0 438889 81 0.04081916809082031
decode: 81 0 438970 81 0.04087948799133301
decode: 81 0 439051 81 0.040859222412109375
decode: 80 0 432435 80 0.034912824630737305
mixed: 80 1 432435 2048 0.08302593231201172
mixed: 80 1 434483 2048 0.09063220024108887
mixed: 80 1 436531 2048 0.09588003158569336
mixed: 80 1 438579 982 0.05519580841064453
decode: 81 0 439642 81 0.03920578956604004
decode: 81 0 439723 81 0.0387570858001709
decode: 81 0 439804 81 0.03878664970397949
decode: 81 0 439885 81 0.03874325752258301
decode: 81 0 439966 81 0.03874087333679199
decode: 81 0 440047 81 0.038770198822021484
decode: 81 0 440128 81 0.038857221603393555
decode: 81 0 440209 81 0.03866982460021973
decode: 81 0 440290 81 0.03841423988342285
decode: 81 0 440371 81 0.03841733932495117
decode: 81 0 440452 81 0.03854966163635254
decode: 81 0 440533 81 0.03862404823303223
decode: 81 0 440614 81 0.03857851028442383
decode: 81 0 440695 81 0.03849506378173828
decode: 81 0 440776 81 0.038522958755493164
decode: 81 0 440857 81 0.0385587215423584
decode: 80 0 434088 80 0.034183502197265625
mixed: 80 1 434088 2048 0.0831308364868164
mixed: 80 1 436136 2048 0.09027957916259766
mixed: 80 1 438184 2048 0.09537243843078613
mixed: 79 2 435912 2048 0.09174275398254395
mixed: 80 1 437960 2048 0.08753561973571777
mixed: 80 1 440008 1150 0.05896329879760742
decode: 81 0 441239 81 0.04037666320800781
decode: 80 0 438901 80 0.03758096694946289
decode: 80 0 438981 80 0.03739333152770996
decode: 79 0 431916 79 0.0356593132019043
mixed: 79 1 431916 2048 0.08392190933227539
mixed: 79 1 433964 2048 0.09067654609680176
mixed: 79 1 436012 2048 0.09622454643249512
mixed: 78 1 430896 1797 0.09439897537231445
decode: 79 0 432772 79 0.03664445877075195
decode: 79 0 432851 79 0.03549671173095703
decode: 79 0 432930 79 0.03513288497924805
decode: 79 0 433009 79 0.03512740135192871
decode: 79 0 433088 79 0.03508806228637695
decode: 79 0 433167 79 0.035063743591308594
decode: 79 0 433246 79 0.03513836860656738
decode: 79 0 433325 79 0.03507709503173828
decode: 79 0 433404 79 0.03501439094543457
decode: 79 0 433483 79 0.034941911697387695
decode: 79 0 433562 79 0.034913063049316406
decode: 79 0 433641 79 0.034949541091918945
decode: 79 0 433720 79 0.03497719764709473
decode: 79 0 433799 79 0.03498387336730957
decode: 79 0 433878 79 0.035173892974853516
decode: 79 0 433957 79 0.03521299362182617
decode: 79 0 434036 79 0.03523993492126465
decode: 79 0 434115 79 0.03535294532775879
decode: 79 0 434194 79 0.035094499588012695
decode: 79 0 434273 79 0.035013437271118164
decode: 79 0 434352 79 0.034984588623046875
decode: 79 0 434431 79 0.0349881649017334
decode: 79 0 434510 79 0.03498363494873047
decode: 79 0 434589 79 0.03496742248535156
decode: 79 0 434668 79 0.03497767448425293
decode: 79 0 434747 79 0.03498077392578125
decode: 79 0 434826 79 0.03494548797607422
decode: 79 0 434905 79 0.03495621681213379
decode: 79 0 434984 79 0.034993648529052734
decode: 79 0 435063 79 0.03505134582519531
decode: 79 0 435142 79 0.03499269485473633
decode: 79 0 435221 79 0.034979820251464844
decode: 79 0 435300 79 0.03499317169189453
decode: 78 0 432283 78 0.03592228889465332
mixed: 78 1 432283 2048 0.09704446792602539
mixed: 78 1 434331 2048 0.09025859832763672
mixed: 78 1 436379 2048 0.0956573486328125
mixed: 78 1 438427 1432 0.08491134643554688
decode: 79 0 439938 79 0.03844189643859863
decode: 79 0 440017 79 0.03753185272216797
decode: 79 0 440096 79 0.03762936592102051
decode: 79 0 440175 79 0.037499189376831055
decode: 79 0 440254 79 0.037513017654418945
decode: 79 0 440333 79 0.03756594657897949
decode: 78 0 437743 78 0.035816192626953125
mixed: 78 1 437743 2048 0.08450555801391602
mixed: 77 2 430369 2048 0.08478307723999023
mixed: 78 1 432417 2048 0.0888364315032959
mixed: 78 1 434465 2048 0.0945901870727539
mixed: 77 2 433284 2048 0.09237051010131836
mixed: 78 1 435332 2048 0.08662652969360352
mixed: 78 1 437380 1751 0.08378338813781738
decode: 79 0 439210 79 0.03780364990234375
decode: 79 0 439289 79 0.03691911697387695
decode: 79 0 439368 79 0.03658008575439453
decode: 79 0 439447 79 0.03661704063415527
decode: 79 0 439526 79 0.03665351867675781
decode: 79 0 439605 79 0.0366520881652832
decode: 79 0 439684 79 0.03668808937072754
decode: 79 0 439763 79 0.03666090965270996
decode: 79 0 439842 79 0.03652334213256836
decode: 79 0 439921 79 0.0365140438079834
decode: 79 0 440000 79 0.03653907775878906
decode: 79 0 440079 79 0.03646373748779297
decode: 79 0 440158 79 0.036446332931518555
decode: 79 0 440237 79 0.036536455154418945
decode: 79 0 440316 79 0.036553144454956055
decode: 79 0 440395 79 0.03652524948120117
decode: 78 0 434361 78 0.03697705268859863
mixed: 78 1 434361 2048 0.08396244049072266
mixed: 78 1 436409 1427 0.07715272903442383
decode: 79 0 437915 79 0.03720211982727051
decode: 79 0 437994 79 0.036347389221191406
decode: 79 0 438073 79 0.036234140396118164
decode: 79 0 438152 79 0.03624725341796875
decode: 77 0 425141 77 0.037195444107055664
mixed: 77 1 425141 2048 0.08201193809509277
mixed: 77 1 427189 2048 0.09088563919067383
mixed: 77 1 429237 2048 0.09547162055969238
mixed: 77 2 431285 2048 0.08530116081237793
mixed: 78 2 433333 2048 0.08516693115234375
mixed: 78 1 429531 2048 0.09054851531982422
mixed: 78 1 431579 2048 0.09593534469604492
mixed: 78 2 433627 2048 0.09255433082580566
mixed: 79 2 435675 2048 0.08551502227783203
mixed: 80 1 437723 1331 0.07092857360839844
decode: 81 0 439135 81 0.04151129722595215
decode: 81 0 439216 81 0.04029226303100586
decode: 81 0 439297 81 0.0398707389831543
decode: 81 0 439378 81 0.03989577293395996
decode: 81 0 439459 81 0.039945363998413086
decode: 81 0 439540 81 0.03992414474487305
decode: 81 0 439621 81 0.039829254150390625
decode: 81 0 439702 81 0.039808034896850586
decode: 81 0 439783 81 0.039670705795288086
decode: 81 0 439864 81 0.039650917053222656
decode: 80 0 431094 80 0.03583836555480957
mixed: 80 1 431094 2048 0.08317732810974121
mixed: 80 2 433142 2048 0.08710575103759766
mixed: 81 1 435190 2048 0.08953642845153809
mixed: 81 1 437238 2048 0.09266114234924316
mixed: 81 1 439286 1951 0.0971379280090332
decode: 82 0 441319 82 0.042359352111816406
decode: 82 0 441401 82 0.0411677360534668
decode: 82 0 441483 82 0.04061174392700195
decode: 82 0 441565 82 0.04059243202209473
decode: 82 0 441647 82 0.04074907302856445
decode: 82 0 441729 82 0.04064750671386719
decode: 82 0 441811 82 0.040743350982666016
decode: 82 0 441893 82 0.04076433181762695
decode: 82 0 441975 82 0.04053688049316406
decode: 82 0 442057 82 0.04050087928771973
decode: 82 0 442139 82 0.04044938087463379
decode: 82 0 442221 82 0.04044818878173828
decode: 82 0 442303 82 0.0403904914855957
decode: 82 0 442385 82 0.04040193557739258
decode: 81 0 438649 81 0.03929853439331055
mixed: 81 1 438649 2048 0.0838613510131836
mixed: 80 2 436030 2048 0.08481431007385254
mixed: 81 1 438078 2048 0.08812999725341797
mixed: 81 1 440126 586 0.04488062858581543
decode: 82 0 440794 82 0.0395052433013916
decode: 81 0 435468 81 0.03959488868713379
decode: 81 0 435549 81 0.03960895538330078
decode: 81 0 435630 81 0.039669036865234375
decode: 81 0 435711 81 0.03965592384338379
decode: 81 0 435792 81 0.039643049240112305
decode: 81 0 435873 81 0.039527177810668945
decode: 81 0 435954 81 0.0394744873046875
decode: 81 0 436035 81 0.03946113586425781
decode: 81 0 436116 81 0.03946661949157715
decode: 81 0 436197 81 0.03948831558227539
decode: 81 0 436278 81 0.039424896240234375
decode: 80 0 432650 80 0.03835415840148926
mixed: 80 1 432650 2048 0.0836021900177002
mixed: 80 1 434698 2048 0.09067320823669434
mixed: 80 1 436746 2048 0.09558892250061035
mixed: 80 1 438794 1097 0.0629115104675293
decode: 81 0 439972 81 0.041974782943725586
decode: 81 0 440053 81 0.04085540771484375
decode: 81 0 440134 81 0.040677785873413086
decode: 81 0 440215 81 0.040702104568481445
decode: 81 0 440296 81 0.04068326950073242
decode: 81 0 440377 81 0.04068350791931152
decode: 81 0 440458 81 0.04068303108215332
decode: 81 0 440539 81 0.040680885314941406
decode: 80 0 431835 80 0.03848886489868164
mixed: 80 1 431835 2048 0.08236861228942871
mixed: 80 1 433883 2048 0.09055304527282715
mixed: 80 1 435931 1851 0.09101724624633789
decode: 81 0 437863 81 0.04313349723815918
decode: 81 0 437944 81 0.041411399841308594
decode: 81 0 438025 81 0.04123330116271973
decode: 81 0 438106 81 0.04135394096374512
decode: 81 0 438187 81 0.04137468338012695
decode: 81 0 438268 81 0.0413515567779541
decode: 81 0 438349 81 0.041394710540771484
decode: 80 0 433762 80 0.03958725929260254
mixed: 80 1 433762 2048 0.08256268501281738
mixed: 80 1 435810 1916 0.0870656967163086
decode: 81 0 437807 81 0.040437936782836914
decode: 81 0 437888 81 0.03959345817565918
decode: 81 0 437969 81 0.039006710052490234
decode: 81 0 438050 81 0.03904533386230469
decode: 81 0 438131 81 0.03924846649169922
decode: 81 0 438212 81 0.03906583786010742
decode: 81 0 438293 81 0.03908109664916992
decode: 81 0 438374 81 0.03907656669616699
decode: 81 0 438455 81 0.038949012756347656
decode: 81 0 438536 81 0.03895139694213867
decode: 81 0 438617 81 0.039099931716918945
decode: 81 0 438698 81 0.03902459144592285
decode: 81 0 438779 81 0.039406776428222656
decode: 81 0 438860 81 0.039299726486206055
decode: 81 0 438941 81 0.03906440734863281
decode: 81 0 439022 81 0.038967132568359375
decode: 81 0 439103 81 0.03892874717712402
decode: 81 0 439184 81 0.03891134262084961
decode: 81 0 439265 81 0.03904461860656738
decode: 81 0 439346 81 0.03908681869506836
decode: 81 0 439427 81 0.03910207748413086
decode: 81 0 439508 81 0.039010047912597656
decode: 81 0 439589 81 0.03897428512573242
decode: 81 0 439670 81 0.039249420166015625
decode: 80 0 433826 80 0.0396122932434082
mixed: 80 1 433826 2048 0.08360671997070312
mixed: 80 1 435874 2048 0.09117865562438965
mixed: 80 1 437922 2048 0.09641671180725098
mixed: 80 1 439970 308 0.036968231201171875
decode: 81 0 440359 81 0.039427995681762695
decode: 81 0 440440 81 0.039812564849853516
decode: 81 0 440521 81 0.03948569297790527
decode: 81 0 440602 81 0.039520978927612305
decode: 81 0 440683 81 0.03942513465881348
decode: 81 0 440764 81 0.039426565170288086
decode: 81 0 440845 81 0.03922224044799805
decode: 80 0 436829 80 0.0386049747467041
decode: 80 0 436909 80 0.038455963134765625
decode: 79 0 431986 79 0.03734183311462402
mixed: 79 1 431986 2048 0.08272624015808105
mixed: 79 1 434034 2048 0.0913991928100586
mixed: 79 1 436082 2048 0.09746980667114258
mixed: 79 1 438130 171 0.032071590423583984
decode: 80 0 438381 80 0.03808903694152832
decode: 80 0 438461 80 0.03777718544006348
decode: 80 0 438541 80 0.03777670860290527
decode: 80 0 438621 80 0.03772425651550293
decode: 80 0 438701 80 0.037866830825805664
decode: 80 0 438781 80 0.03779911994934082
decode: 80 0 438861 80 0.03776144981384277
decode: 80 0 438941 80 0.03756117820739746
decode: 80 0 439021 80 0.03760576248168945
decode: 80 0 439101 80 0.037604570388793945
decode: 80 0 439181 80 0.03780055046081543
decode: 80 0 439261 80 0.03800797462463379
decode: 80 0 439341 80 0.037950754165649414
decode: 80 0 439421 80 0.0377039909362793
decode: 80 0 439501 80 0.03818798065185547
decode: 80 0 439581 80 0.037696123123168945
decode: 80 0 439661 80 0.038255929946899414
decode: 79 0 432866 79 0.03771162033081055
mixed: 79 1 432866 2048 0.08450078964233398
mixed: 79 1 434914 2048 0.09217405319213867
mixed: 79 1 436962 2048 0.10234212875366211
mixed: 79 1 439010 1478 0.08465003967285156
decode: 80 0 440568 80 0.039137840270996094
decode: 80 0 440648 80 0.03891348838806152
decode: 80 0 440728 80 0.039099931716918945
decode: 79 0 437068 79 0.0397641658782959
mixed: 79 1 437068 2048 0.08372092247009277
mixed: 79 1 439116 1305 0.0738062858581543
decode: 80 0 440501 80 0.04057812690734863
decode: 80 0 440581 80 0.040183067321777344
decode: 80 0 440661 80 0.03953742980957031
decode: 80 0 440741 80 0.03907179832458496
decode: 80 0 440821 80 0.039084672927856445
decode: 80 0 440901 80 0.03948783874511719
decode: 80 0 440981 80 0.03906702995300293
decode: 80 0 441061 80 0.03891158103942871
decode: 80 0 441141 80 0.03891253471374512
decode: 79 0 431370 79 0.04063582420349121
mixed: 79 1 431370 2048 0.08315634727478027
mixed: 79 1 433418 2048 0.0924830436706543
mixed: 78 2 429274 2048 0.08992910385131836
mixed: 79 1 431322 2048 0.08702754974365234
mixed: 79 1 433370 2048 0.09289121627807617
mixed: 79 2 435418 2048 0.09593605995178223
mixed: 80 1 437466 2048 0.08274555206298828
mixed: 80 1 439514 2048 0.09059762954711914
mixed: 80 1 441562 260 0.03415560722351074
decode: 81 0 441903 81 0.03899836540222168
decode: 81 0 441984 81 0.03841519355773926
decode: 81 0 442065 81 0.038388729095458984
decode: 81 0 442146 81 0.03836393356323242
decode: 81 0 442227 81 0.03837156295776367
decode: 80 0 434289 80 0.039463043212890625
mixed: 80 1 434289 2048 0.08383035659790039
mixed: 79 1 428253 2048 0.0897371768951416
mixed: 79 2 430301 2048 0.08608722686767578
mixed: 80 1 432349 2048 0.08734822273254395
mixed: 80 1 434397 2048 0.09310340881347656
mixed: 80 1 436445 1758 0.09006214141845703
decode: 81 0 438284 81 0.04181027412414551
decode: 81 0 438365 81 0.04111790657043457
decode: 81 0 438446 81 0.040925025939941406
decode: 81 0 438527 81 0.04089927673339844
decode: 81 0 438608 81 0.0409693717956543
decode: 81 0 438689 81 0.04095196723937988
decode: 81 0 438770 81 0.04094958305358887
decode: 81 0 438851 81 0.04091048240661621
decode: 80 0 432287 80 0.03658151626586914
mixed: 80 1 432287 2048 0.08021807670593262
mixed: 80 1 434335 2048 0.09092473983764648
mixed: 80 1 436383 620 0.04478573799133301
decode: 81 0 437084 81 0.03799915313720703
decode: 81 0 437165 81 0.03761005401611328
decode: 81 0 437246 81 0.0376589298248291
decode: 81 0 437327 81 0.037653446197509766
decode: 81 0 437408 81 0.03764748573303223
decode: 81 0 437489 81 0.03765416145324707
decode: 81 0 437570 81 0.03766775131225586
decode: 81 0 437651 81 0.03757143020629883
decode: 81 0 437732 81 0.03748059272766113
decode: 81 0 437813 81 0.03745889663696289
decode: 81 0 437894 81 0.0373837947845459
decode: 81 0 437975 81 0.03746652603149414
decode: 81 0 438056 81 0.03748059272766113
decode: 81 0 438137 81 0.037496328353881836
decode: 81 0 438218 81 0.0374600887298584
decode: 81 0 438299 81 0.037566184997558594
decode: 81 0 438380 81 0.0375063419342041
decode: 81 0 438461 81 0.03751969337463379
decode: 81 0 438542 81 0.037534475326538086
decode: 81 0 438623 81 0.037511348724365234
decode: 81 0 438704 81 0.037526845932006836
decode: 81 0 438785 81 0.03749871253967285
decode: 81 0 438866 81 0.0375218391418457
decode: 81 0 438947 81 0.037514686584472656
decode: 80 0 434716 80 0.03986024856567383
mixed: 80 1 434716 2048 0.08196640014648438
mixed: 79 1 433116 2048 0.0906529426574707
mixed: 79 1 435164 2048 0.0964972972869873
mixed: 79 1 437212 448 0.04053616523742676
decode: 80 0 437740 80 0.040198564529418945
decode: 79 0 435297 79 0.03885650634765625
decode: 79 0 435376 79 0.03890490531921387
decode: 79 0 435455 79 0.038892269134521484
decode: 79 0 435534 79 0.03893423080444336
decode: 79 0 435613 79 0.0389404296875
decode: 79 0 435692 79 0.038971662521362305
decode: 78 0 432634 78 0.039955854415893555
mixed: 78 1 432634 2048 0.08774852752685547
mixed: 78 1 434682 2048 0.09105539321899414
mixed: 78 1 436730 2048 0.0964348316192627
mixed: 78 1 438778 1776 0.09192347526550293
decode: 79 0 440633 79 0.03972268104553223
decode: 79 0 440712 79 0.03888297080993652
decode: 79 0 440791 79 0.03853464126586914
decode: 79 0 440870 79 0.03856301307678223
decode: 79 0 440949 79 0.03854703903198242
decode: 79 0 441028 79 0.038521766662597656
decode: 79 0 441107 79 0.03854012489318848
decode: 79 0 441186 79 0.038539886474609375
decode: 79 0 441265 79 0.03833127021789551
decode: 78 0 436275 78 0.03810262680053711
mixed: 78 1 436275 2048 0.08355093002319336
mixed: 78 1 438323 1012 0.05181527137756348
decode: 79 0 439414 79 0.03964972496032715
decode: 79 0 439493 79 0.03863692283630371
decode: 79 0 439572 79 0.0385591983795166
decode: 79 0 439651 79 0.03853249549865723
decode: 78 0 434921 78 0.03873395919799805
mixed: 78 1 434921 2048 0.08449125289916992
mixed: 78 1 436969 2048 0.0901486873626709
mixed: 78 1 439017 1895 0.09085583686828613
decode: 79 0 440991 79 0.03919816017150879
decode: 78 0 437352 78 0.0399322509765625
decode: 78 0 437430 78 0.03940749168395996
decode: 78 0 437508 78 0.03933119773864746
decode: 78 0 437586 78 0.03936195373535156
decode: 77 0 431294 77 0.0384831428527832
mixed: 77 1 431294 2048 0.08274459838867188
mixed: 77 1 433342 2048 0.09085440635681152
mixed: 77 1 435390 1843 0.09041452407836914
decode: 78 0 437311 78 0.03993558883666992
decode: 78 0 437389 78 0.03890419006347656
decode: 78 0 437467 78 0.03854012489318848
decode: 78 0 437545 78 0.03849363327026367
decode: 78 0 437623 78 0.03849315643310547
decode: 78 0 437701 78 0.03859758377075195
decode: 78 0 437779 78 0.0385890007019043
decode: 78 0 437857 78 0.038539886474609375
decode: 78 0 437935 78 0.03838944435119629
decode: 78 0 438013 78 0.03841352462768555
decode: 78 0 438091 78 0.03839516639709473
decode: 78 0 438169 78 0.03838777542114258
decode: 78 0 438247 78 0.03831958770751953
decode: 78 0 438325 78 0.03837108612060547
decode: 77 0 435082 77 0.03836369514465332
decode: 77 0 435159 77 0.03841757774353027
decode: 77 0 435236 77 0.03839397430419922
decode: 77 0 435313 77 0.03839755058288574
decode: 76 0 428067 76 0.037703752517700195
mixed: 76 1 428067 2048 0.0798335075378418
mixed: 76 1 430115 2048 0.08941149711608887
mixed: 76 1 432163 2048 0.09588742256164551
mixed: 76 1 434211 2048 0.10063576698303223
mixed: 76 1 436259 278 0.035048723220825195
decode: 77 0 436614 77 0.03875422477722168
decode: 77 0 436691 77 0.03823995590209961
decode: 77 0 436768 77 0.038240909576416016
decode: 77 0 436845 77 0.03827047348022461
decode: 76 0 428533 76 0.04010796546936035
mixed: 76 1 428533 2048 0.0822303295135498
mixed: 76 1 430581 2048 0.09016847610473633
mixed: 76 1 432629 2048 0.09579825401306152
mixed: 76 2 434677 2048 0.09918355941772461
mixed: 77 1 436725 2048 0.08490633964538574
mixed: 77 1 438773 1567 0.07968926429748535
decode: 78 0 440418 78 0.04114246368408203
decode: 78 0 440496 78 0.040276527404785156
decode: 78 0 440574 78 0.04024696350097656
decode: 78 0 440652 78 0.040148019790649414
decode: 78 0 440730 78 0.040184736251831055
decode: 78 0 440808 78 0.04015374183654785
decode: 78 0 440886 78 0.040186166763305664
decode: 78 0 440964 78 0.03999638557434082
decode: 78 0 441042 78 0.03997206687927246
decode: 78 0 441120 78 0.04000234603881836
decode: 78 0 441198 78 0.0400693416595459
decode: 78 0 441276 78 0.04002022743225098
decode: 78 0 441354 78 0.03996849060058594
decode: 78 0 441432 78 0.03998136520385742
decode: 78 0 441510 78 0.040060997009277344
decode: 78 0 441588 78 0.04004359245300293
decode: 78 0 441666 78 0.039992570877075195
decode: 78 0 441744 78 0.03998994827270508
decode: 78 0 441822 78 0.040105581283569336
decode: 78 0 441900 78 0.04011416435241699
decode: 78 0 441978 78 0.0400395393371582
decode: 78 0 442056 78 0.04000091552734375
decode: 78 0 442134 78 0.040009498596191406
decode: 78 0 442212 78 0.040013790130615234
decode: 78 0 442290 78 0.04006695747375488
decode: 78 0 442368 78 0.040070533752441406
decode: 78 0 442446 78 0.04006814956665039
decode: 77 0 438664 77 0.04000568389892578
mixed: 76 1 432700 2047 0.08383560180664062
mixed: 76 1 434747 2048 0.09058427810668945
mixed: 75 2 428758 2048 0.09514808654785156
mixed: 76 2 430806 2048 0.08719706535339355
mixed: 77 1 432854 2048 0.08725214004516602
mixed: 77 1 434902 1718 0.08529210090637207
decode: 78 0 436698 78 0.038521528244018555
decode: 78 0 436776 78 0.037305355072021484
decode: 78 0 436854 78 0.03698396682739258
decode: 77 0 431643 77 0.03878521919250488
mixed: 77 1 431643 2048 0.08300018310546875
mixed: 77 1 433691 2048 0.09071707725524902
mixed: 77 1 435739 2048 0.09574127197265625
mixed: 76 2 431556 2048 0.08992195129394531
mixed: 77 1 433604 2048 0.08639955520629883
mixed: 77 1 435652 1933 0.09086084365844727
decode: 78 0 437663 78 0.040941476821899414
decode: 78 0 437741 78 0.04009103775024414
decode: 78 0 437819 78 0.03958630561828613
decode: 78 0 437897 78 0.03956723213195801
decode: 78 0 437975 78 0.03954172134399414
decode: 78 0 438053 78 0.03957176208496094
decode: 78 0 438131 78 0.039528608322143555
decode: 78 0 438209 78 0.039545536041259766
decode: 77 0 430522 77 0.03800630569458008
mixed: 77 1 430522 2048 0.08223867416381836
mixed: 77 1 432570 2048 0.08972692489624023
mixed: 77 1 434618 1760 0.0875387191772461
decode: 78 0 436456 78 0.0421147346496582
decode: 78 0 436534 78 0.0387873649597168
decode: 78 0 436612 78 0.03856921195983887
decode: 78 0 436690 78 0.0385892391204834
decode: 78 0 436768 78 0.03837776184082031
decode: 78 0 436846 78 0.038372039794921875
decode: 78 0 436924 78 0.038619041442871094
decode: 78 0 437002 78 0.039922475814819336
decode: 78 0 437080 78 0.03853964805603027
decode: 77 0 428978 77 0.03872251510620117
mixed: 77 1 428978 2048 0.0822153091430664
mixed: 77 1 431026 2048 0.0902242660522461
mixed: 77 1 433074 154 0.030843734741210938
decode: 78 0 433306 78 0.0384519100189209
decode: 78 0 433384 78 0.03851318359375
decode: 78 0 433462 78 0.03866457939147949
decode: 78 0 433540 78 0.0387723445892334
decode: 78 0 433618 78 0.03841209411621094
decode: 78 0 433696 78 0.038904666900634766
decode: 78 0 433774 78 0.038721561431884766
decode: 78 0 433852 78 0.03850674629211426
decode: 78 0 433930 78 0.03919076919555664
decode: 78 0 434008 78 0.03829169273376465
decode: 78 0 434086 78 0.03837442398071289
decode: 78 0 434164 78 0.03819751739501953
decode: 78 0 434242 78 0.038260698318481445
decode: 78 0 434320 78 0.03818964958190918
decode: 78 0 434398 78 0.03819870948791504
decode: 78 0 434476 78 0.03838777542114258
decode: 78 0 434554 78 0.03882861137390137
decode: 78 0 434632 78 0.038777828216552734
decode: 78 0 434710 78 0.038532257080078125
decode: 78 0 434788 78 0.039227962493896484
decode: 78 0 434866 78 0.039443254470825195
decode: 78 0 434944 78 0.03860974311828613
decode: 78 0 435022 78 0.039426326751708984
decode: 78 0 435100 78 0.03933978080749512
decode: 78 0 435178 78 0.03856372833251953
decode: 78 0 435256 78 0.03852128982543945
decode: 78 0 435334 78 0.038556575775146484
decode: 78 0 435412 78 0.03850698471069336
decode: 78 0 435490 78 0.03905653953552246
decode: 78 0 435568 78 0.038738250732421875
decode: 77 0 430280 77 0.038657188415527344
mixed: 77 1 430280 2048 0.08217644691467285
mixed: 77 1 432328 2048 0.09190249443054199
mixed: 77 1 434376 2048 0.09589004516601562
mixed: 77 1 436424 2048 0.1004936695098877
mixed: 77 1 438472 328 0.03675985336303711
decode: 78 0 438878 78 0.038846731185913086
decode: 78 0 438956 78 0.038787841796875
decode: 78 0 439034 78 0.03922414779663086
decode: 78 0 439112 78 0.039083242416381836
decode: 78 0 439190 78 0.038706302642822266
decode: 77 0 431324 77 0.03910064697265625
mixed: 77 2 431324 2048 0.08447957038879395
mixed: 78 1 433372 2048 0.0847005844116211
mixed: 78 1 435420 2048 0.09046387672424316
mixed: 78 1 437468 2048 0.09664678573608398
mixed: 78 1 439516 878 0.055054426193237305
decode: 79 0 440473 79 0.04284548759460449
decode: 79 0 440552 79 0.04010486602783203
decode: 79 0 440631 79 0.039966583251953125
decode: 79 0 440710 79 0.03996157646179199
decode: 79 0 440789 79 0.03994107246398926
decode: 79 0 440868 79 0.03994011878967285
decode: 79 0 440947 79 0.03980374336242676
decode: 79 0 441026 79 0.039664506912231445
decode: 79 0 441105 79 0.039612531661987305
decode: 79 0 441184 79 0.039534568786621094
decode: 79 0 441263 79 0.039635419845581055
decode: 79 0 441342 79 0.03980612754821777
decode: 79 0 441421 79 0.04018282890319824
decode: 79 0 441500 79 0.040071725845336914
decode: 79 0 441579 79 0.03998136520385742
decode: 79 0 441658 79 0.04010272026062012
decode: 79 0 441737 79 0.040130615234375
decode: 79 0 441816 79 0.03976249694824219
decode: 79 0 441895 79 0.0398406982421875
decode: 79 0 441974 79 0.03988289833068848
decode: 79 0 442053 79 0.03957986831665039
decode: 79 0 442132 79 0.03957843780517578
decode: 79 0 442211 79 0.03986072540283203
decode: 79 0 442290 79 0.040862083435058594
decode: 79 0 442369 79 0.039884328842163086
decode: 78 0 436742 78 0.039629220962524414
decode: 78 0 436820 78 0.03998708724975586
decode: 78 0 436898 78 0.03973054885864258
decode: 77 0 430248 77 0.03722667694091797
mixed: 77 1 430248 2048 0.08301210403442383
mixed: 77 1 432296 2048 0.09536457061767578
mixed: 77 1 434344 2048 0.09650278091430664
mixed: 77 1 436392 1233 0.06622147560119629
decode: 78 0 437703 78 0.04102134704589844
decode: 78 0 437781 78 0.04003262519836426
decode: 77 0 431532 77 0.03802490234375
mixed: 77 1 431532 2048 0.08283591270446777
mixed: 77 2 433580 2048 0.08473491668701172
mixed: 78 1 435628 2048 0.08880352973937988
mixed: 78 1 437676 898 0.05193209648132324
decode: 79 0 438653 79 0.036936283111572266
decode: 79 0 438732 79 0.03611922264099121
decode: 79 0 438811 79 0.03650617599487305
decode: 79 0 438890 79 0.03586435317993164
decode: 79 0 438969 79 0.035825490951538086
decode: 79 0 439048 79 0.03586864471435547
decode: 79 0 439127 79 0.03594636917114258
decode: 79 0 439206 79 0.035863399505615234
decode: 79 0 439285 79 0.03565168380737305
decode: 79 0 439364 79 0.03557229042053223
decode: 79 0 439443 79 0.035784006118774414
decode: 79 0 439522 79 0.03578543663024902
decode: 79 0 439601 79 0.03616666793823242
decode: 79 0 439680 79 0.03570127487182617
decode: 79 0 439759 79 0.03567671775817871
decode: 79 0 439838 79 0.035706520080566406
decode: 79 0 439917 79 0.035692691802978516
decode: 79 0 439996 79 0.035742759704589844
decode: 79 0 440075 79 0.035753488540649414
decode: 79 0 440154 79 0.03575444221496582
decode: 79 0 440233 79 0.03594708442687988
decode: 79 0 440312 79 0.03573012351989746
decode: 79 0 440391 79 0.0357511043548584
decode: 79 0 440470 79 0.03581666946411133
decode: 79 0 440549 79 0.03573274612426758
decode: 79 0 440628 79 0.03570389747619629
decode: 79 0 440707 79 0.03571271896362305
decode: 79 0 440786 79 0.03578662872314453
decode: 79 0 440865 79 0.03578472137451172
decode: 79 0 440944 79 0.035671234130859375
decode: 79 0 441023 79 0.03567337989807129
decode: 79 0 441102 79 0.035771846771240234
decode: 79 0 441181 79 0.035813331604003906
decode: 79 0 441260 79 0.03581809997558594
decode: 79 0 441339 79 0.035747528076171875
decode: 79 0 441418 79 0.035735368728637695
decode: 79 0 441497 79 0.03575563430786133
decode: 79 0 441576 79 0.03576397895812988
decode: 79 0 441655 79 0.03578591346740723
decode: 79 0 441734 79 0.03570199012756348
decode: 79 0 441813 79 0.035732269287109375
decode: 79 0 441892 79 0.03585553169250488
decode: 79 0 441971 79 0.035851240158081055
decode: 79 0 442050 79 0.03582596778869629
decode: 79 0 442129 79 0.035753488540649414
decode: 79 0 442208 79 0.03576231002807617
decode: 79 0 442287 79 0.035848379135131836
decode: 79 0 442366 79 0.035836219787597656
decode: 79 0 442445 79 0.03584599494934082
decode: 79 0 442524 79 0.03580284118652344
decode: 79 0 442603 79 0.03580522537231445
decode: 78 0 435270 78 0.03527379035949707
mixed: 77 2 427175 2047 0.08306646347045898
mixed: 78 1 429222 2048 0.08627676963806152
mixed: 78 1 431270 2048 0.0925438404083252
mixed: 77 1 423920 2048 0.09700584411621094
mixed: 77 2 425968 2048 0.08981442451477051
mixed: 78 1 428016 2048 0.08764362335205078
mixed: 78 2 430064 2048 0.0850682258605957
mixed: 79 1 432112 2048 0.08911561965942383
mixed: 79 1 434160 2048 0.09408760070800781
mixed: 79 1 436208 276 0.03485250473022461
decode: 80 0 436564 80 0.03827834129333496
decode: 80 0 436644 80 0.037858009338378906
decode: 80 0 436724 80 0.037845611572265625
decode: 80 0 436804 80 0.03790426254272461
decode: 80 0 436884 80 0.037900447845458984
decode: 80 0 436964 80 0.0380399227142334
decode: 80 0 437044 80 0.03806495666503906
decode: 80 0 437124 80 0.03774213790893555
decode: 80 0 437204 80 0.03765082359313965
decode: 80 0 437284 80 0.0376584529876709
decode: 80 0 437364 80 0.03765749931335449
decode: 80 0 437444 80 0.03766775131225586
decode: 80 0 437524 80 0.03776955604553223
decode: 80 0 437604 80 0.03783297538757324
decode: 80 0 437684 80 0.03771209716796875
decode: 80 0 437764 80 0.037706851959228516
decode: 80 0 437844 80 0.03770136833190918
decode: 80 0 437924 80 0.03825020790100098
decode: 80 0 438004 80 0.0378422737121582
decode: 80 0 438084 80 0.037798166275024414
decode: 80 0 438164 80 0.03777289390563965
decode: 80 0 438244 80 0.03770852088928223
decode: 80 0 438324 80 0.037715911865234375
decode: 80 0 438404 80 0.037789344787597656
decode: 80 0 438484 80 0.03780627250671387
decode: 80 0 438564 80 0.037786245346069336
decode: 79 0 433758 79 0.037775516510009766
mixed: 78 1 430716 2047 0.08288455009460449
mixed: 78 1 432763 2048 0.09194755554199219
mixed: 78 1 434811 1635 0.08512449264526367
decode: 79 0 436525 79 0.03910565376281738
decode: 79 0 436604 79 0.03804636001586914
decode: 78 0 432409 78 0.037387847900390625
mixed: 78 1 432409 2048 0.08255767822265625
mixed: 78 1 434457 1128 0.05770444869995117
decode: 79 0 435664 79 0.03873014450073242
decode: 79 0 435743 79 0.037493228912353516
decode: 79 0 435822 79 0.03736615180969238
decode: 79 0 435901 79 0.03743791580200195
decode: 79 0 435980 79 0.03757739067077637
decode: 79 0 436059 79 0.037405967712402344
decode: 79 0 436138 79 0.037471771240234375
decode: 79 0 436217 79 0.03748178482055664
decode: 79 0 436296 79 0.037416696548461914
decode: 79 0 436375 79 0.03724527359008789
decode: 79 0 436454 79 0.03728055953979492
decode: 79 0 436533 79 0.0371854305267334
decode: 79 0 436612 79 0.03731799125671387
decode: 79 0 436691 79 0.03725385665893555
decode: 79 0 436770 79 0.03719782829284668
decode: 79 0 436849 79 0.0372471809387207
decode: 79 0 436928 79 0.03717780113220215
decode: 79 0 437007 79 0.037210702896118164
decode: 79 0 437086 79 0.03726601600646973
decode: 79 0 437165 79 0.03724503517150879
decode: 79 0 437244 79 0.03724551200866699
decode: 79 0 437323 79 0.037206172943115234
decode: 79 0 437402 79 0.037226200103759766
decode: 79 0 437481 79 0.03719377517700195
decode: 79 0 437560 79 0.03721261024475098
decode: 79 0 437639 79 0.0372159481048584
decode: 79 0 437718 79 0.0372004508972168
decode: 79 0 437797 79 0.03716874122619629
decode: 79 0 437876 79 0.03722381591796875
decode: 79 0 437955 79 0.03728747367858887
decode: 79 0 438034 79 0.03723645210266113
decode: 79 0 438113 79 0.03717756271362305
decode: 79 0 438192 79 0.03725767135620117
decode: 79 0 438271 79 0.03724384307861328
decode: 79 0 438350 79 0.03727388381958008
decode: 79 0 438429 79 0.0372929573059082
decode: 79 0 438508 79 0.03723287582397461
decode: 79 0 438587 79 0.03726077079772949
decode: 79 0 438666 79 0.03729724884033203
decode: 79 0 438745 79 0.037312984466552734
decode: 79 0 438824 79 0.03720211982727051
decode: 79 0 438903 79 0.037222862243652344
decode: 78 0 436155 78 0.03725719451904297
decode: 78 0 436233 78 0.03723597526550293
decode: 78 0 436311 78 0.03718757629394531
decode: 78 0 436389 78 0.03715014457702637
decode: 78 0 436467 78 0.03710818290710449
decode: 78 0 436545 78 0.037200212478637695
decode: 78 0 436623 78 0.03717470169067383
decode: 78 0 436701 78 0.03717160224914551
decode: 78 0 436779 78 0.03714489936828613
decode: 78 0 436857 78 0.03719067573547363
decode: 78 0 436935 78 0.037224769592285156
decode: 78 0 437013 78 0.03714466094970703
decode: 78 0 437091 78 0.03722691535949707
decode: 78 0 437169 78 0.03725719451904297
decode: 78 0 437247 78 0.03716301918029785
decode: 78 0 437325 78 0.03713035583496094
decode: 78 0 437403 78 0.037186622619628906
decode: 78 0 437481 78 0.03725099563598633
decode: 78 0 437559 78 0.03725004196166992
decode: 78 0 437637 78 0.03723740577697754
decode: 78 0 437715 78 0.03719973564147949
decode: 77 0 429390 77 0.03798031806945801
mixed: 77 1 429390 2048 0.08279776573181152
mixed: 77 1 431438 2048 0.08997559547424316
mixed: 77 1 433486 2048 0.09522271156311035
mixed: 77 1 435534 2048 0.10114741325378418
mixed: 77 1 437582 188 0.036412715911865234
decode: 77 0 431203 77 0.0397641658782959
mixed: 77 1 431203 2048 0.08173942565917969
mixed: 77 1 433251 2048 0.09045243263244629
mixed: 76 2 430860 2048 0.0950777530670166
mixed: 77 2 432908 2048 0.08256649971008301
mixed: 78 1 434956 1140 0.05538487434387207
decode: 79 0 436175 79 0.03892254829406738
decode: 79 0 436254 79 0.037741661071777344
decode: 79 0 436333 79 0.03757286071777344
decode: 79 0 436412 79 0.037618160247802734
decode: 79 0 436491 79 0.03780198097229004
decode: 79 0 436570 79 0.037624359130859375
decode: 79 0 436649 79 0.037630319595336914
decode: 79 0 436728 79 0.03763151168823242
decode: 79 0 436807 79 0.037572383880615234
decode: 79 0 436886 79 0.0375523567199707
decode: 79 0 436965 79 0.03784513473510742
decode: 79 0 437044 79 0.03750324249267578
decode: 79 0 437123 79 0.03746438026428223
decode: 79 0 437202 79 0.037458181381225586
decode: 79 0 437281 79 0.0375676155090332
decode: 79 0 437360 79 0.037824392318725586
decode: 79 0 437439 79 0.03752732276916504
decode: 79 0 437518 79 0.037514686584472656
decode: 79 0 437597 79 0.03755950927734375
decode: 79 0 437676 79 0.03749728202819824
decode: 79 0 437755 79 0.0375361442565918
decode: 79 0 437834 79 0.03748726844787598
decode: 79 0 437913 79 0.03743863105773926
decode: 79 0 437992 79 0.0374603271484375
decode: 79 0 438071 79 0.037526607513427734
decode: 79 0 438150 79 0.03755474090576172
decode: 79 0 438229 79 0.03745889663696289
decode: 79 0 438308 79 0.03746509552001953
decode: 79 0 438387 79 0.03757023811340332
decode: 79 0 438466 79 0.037590742111206055
decode: 79 0 438545 79 0.037491798400878906
decode: 79 0 438624 79 0.03745889663696289
decode: 79 0 438703 79 0.037473440170288086
decode: 79 0 438782 79 0.037606000900268555
decode: 79 0 438861 79 0.03756594657897949
decode: 79 0 438940 79 0.037496089935302734
decode: 79 0 439019 79 0.0374755859375
decode: 79 0 439098 79 0.037531375885009766
decode: 79 0 439177 79 0.03760886192321777
decode: 79 0 439256 79 0.037576913833618164
decode: 79 0 439335 79 0.037522315979003906
decode: 79 0 439414 79 0.0375361442565918
decode: 79 0 439493 79 0.0375971794128418
decode: 79 0 439572 79 0.037641286849975586
decode: 79 0 439651 79 0.03759598731994629
decode: 79 0 439730 79 0.03754138946533203
decode: 79 0 439809 79 0.037550926208496094
decode: 79 0 439888 79 0.0376129150390625
decode: 79 0 439967 79 0.037634849548339844
decode: 79 0 440046 79 0.037599802017211914
decode: 79 0 440125 79 0.037552595138549805
decode: 78 0 436268 78 0.039084434509277344
mixed: 78 1 436268 2048 0.08289384841918945
mixed: 78 1 438316 2048 0.09073853492736816
mixed: 78 1 440364 277 0.03444337844848633
decode: 78 0 432052 78 0.037778377532958984
mixed: 78 1 432052 2048 0.083953857421875
mixed: 77 1 426048 2048 0.0904238224029541
mixed: 77 1 428096 2048 0.09524750709533691
mixed: 77 2 430144 2048 0.08743596076965332
mixed: 78 1 432192 2048 0.0890340805053711
mixed: 78 1 434240 2048 0.09430336952209473
mixed: 78 2 436288 2048 0.08852529525756836
mixed: 79 1 438336 722 0.04671168327331543
decode: 80 0 439138 80 0.040108442306518555
decode: 80 0 439218 80 0.03971552848815918
decode: 80 0 439298 80 0.03962969779968262
decode: 80 0 439378 80 0.039664506912231445
decode: 80 0 439458 80 0.0395967960357666
decode: 80 0 439538 80 0.039687395095825195
decode: 80 0 439618 80 0.0395808219909668
decode: 80 0 439698 80 0.03958916664123535
decode: 80 0 439778 80 0.039540767669677734
decode: 80 0 439858 80 0.0394899845123291
decode: 80 0 439938 80 0.03948473930358887
decode: 80 0 440018 80 0.039418935775756836
decode: 80 0 440098 80 0.03947925567626953
decode: 80 0 440178 80 0.03952741622924805
decode: 80 0 440258 80 0.039505958557128906
decode: 79 0 435284 79 0.03821063041687012
mixed: 78 1 427416 2047 0.08293676376342773
mixed: 78 2 429463 2048 0.0865318775177002
mixed: 79 2 431511 2048 0.08401799201965332
mixed: 80 1 433559 2048 0.08926796913146973
mixed: 80 2 435607 2048 0.08680224418640137
mixed: 81 1 437655 737 0.04677867889404297
decode: 82 0 438474 82 0.03828310966491699
decode: 82 0 438556 82 0.03784060478210449
decode: 82 0 438638 82 0.03783369064331055
decode: 82 0 438720 82 0.03788185119628906
decode: 82 0 438802 82 0.037856340408325195
decode: 82 0 438884 82 0.037954092025756836
decode: 80 0 428337 80 0.03829622268676758
mixed: 80 1 428337 2048 0.08408355712890625
mixed: 79 1 427518 2048 0.0907599925994873
mixed: 79 1 429566 2048 0.09846353530883789
mixed: 79 1 431614 1055 0.0617830753326416
decode: 80 0 432749 80 0.03956937789916992
decode: 80 0 432829 80 0.038506269454956055
decode: 80 0 432909 80 0.038374900817871094
decode: 80 0 432989 80 0.038988351821899414
decode: 80 0 433069 80 0.03911566734313965
decode: 80 0 433149 80 0.03869819641113281
decode: 80 0 433229 80 0.038884639739990234
decode: 80 0 433309 80 0.038744449615478516
decode: 80 0 433389 80 0.038404226303100586
decode: 80 0 433469 80 0.03835868835449219
decode: 80 0 433549 80 0.038404226303100586
decode: 80 0 433629 80 0.03881549835205078
decode: 80 0 433709 80 0.038849830627441406
decode: 80 0 433789 80 0.038475990295410156
decode: 80 0 433869 80 0.038675546646118164
decode: 80 0 433949 80 0.03870582580566406
decode: 80 0 434029 80 0.03843259811401367
decode: 80 0 434109 80 0.03851127624511719
decode: 80 0 434189 80 0.03897714614868164
decode: 80 0 434269 80 0.0385289192199707
decode: 80 0 434349 80 0.03925967216491699
decode: 80 0 434429 80 0.03856253623962402
decode: 80 0 434509 80 0.0385284423828125
decode: 80 0 434589 80 0.03884458541870117
decode: 80 0 434669 80 0.03888058662414551
decode: 80 0 434749 80 0.03886294364929199
decode: 80 0 434829 80 0.03876471519470215
decode: 80 0 434909 80 0.03863811492919922
decode: 80 0 434989 80 0.038588762283325195
decode: 80 0 435069 80 0.03891444206237793
decode: 80 0 435149 80 0.038628578186035156
decode: 80 0 435229 80 0.03849220275878906
decode: 80 0 435309 80 0.038446664810180664
decode: 80 0 435389 80 0.03834247589111328
decode: 80 0 435469 80 0.03832554817199707
decode: 80 0 435549 80 0.03865456581115723
decode: 80 0 435629 80 0.03886675834655762
decode: 80 0 435709 80 0.03862714767456055
decode: 80 0 435789 80 0.039179086685180664
decode: 80 0 435869 80 0.0386507511138916
decode: 80 0 435949 80 0.038892269134521484
decode: 79 0 431954 79 0.037988901138305664
mixed: 79 1 431954 2048 0.08446049690246582
mixed: 79 2 434002 2048 0.08830118179321289
mixed: 80 1 436050 2048 0.08641552925109863
mixed: 80 1 438098 906 0.05109691619873047
decode: 81 0 439085 81 0.039713382720947266
decode: 81 0 439166 81 0.03800487518310547
decode: 81 0 439247 81 0.038159847259521484
decode: 81 0 439328 81 0.040117502212524414
decode: 81 0 439409 81 0.038075923919677734
decode: 81 0 439490 81 0.038321733474731445
decode: 81 0 439571 81 0.03812217712402344
decode: 81 0 439652 81 0.038248300552368164
decode: 81 0 439733 81 0.03789472579956055
decode: 81 0 439814 81 0.039452552795410156
decode: 81 0 439895 81 0.037955284118652344
decode: 81 0 439976 81 0.03837895393371582
decode: 81 0 440057 81 0.03811001777648926
decode: 81 0 440138 81 0.03833627700805664
decode: 81 0 440219 81 0.03866696357727051
decode: 81 0 440300 81 0.03866934776306152
decode: 81 0 440381 81 0.03818535804748535
decode: 81 0 440462 81 0.038965702056884766
decode: 81 0 440543 81 0.039522409439086914
decode: 81 0 440624 81 0.03879904747009277
decode: 81 0 440705 81 0.037871599197387695
decode: 81 0 440786 81 0.03823113441467285
decode: 81 0 440867 81 0.0381932258605957
decode: 81 0 440948 81 0.03824186325073242
decode: 81 0 441029 81 0.03810405731201172
decode: 81 0 441110 81 0.03823399543762207
decode: 81 0 441191 81 0.0380401611328125
decode: 81 0 441272 81 0.03834700584411621
decode: 81 0 441353 81 0.03837418556213379
decode: 81 0 441434 81 0.03828859329223633
decode: 81 0 441515 81 0.03798794746398926
decode: 81 0 441596 81 0.038118600845336914
decode: 81 0 441677 81 0.03795623779296875
decode: 81 0 441758 81 0.03860616683959961
decode: 81 0 441839 81 0.03906846046447754
decode: 81 0 441920 81 0.03808784484863281
decode: 81 0 442001 81 0.039122581481933594
decode: 81 0 442082 81 0.03817415237426758
decode: 81 0 442163 81 0.03854203224182129
decode: 80 0 439010 80 0.03829622268676758
decode: 80 0 439090 80 0.039699554443359375
decode: 80 0 439170 80 0.039107561111450195
decode: 80 0 439250 80 0.03836560249328613
decode: 80 0 439330 80 0.038713932037353516
decode: 80 0 439410 80 0.038416385650634766
decode: 80 0 439490 80 0.03905630111694336
decode: 79 0 434756 79 0.03836703300476074
decode: 79 0 434835 79 0.03860330581665039
decode: 79 0 434914 79 0.03840374946594238
decode: 78 0 427981 78 0.03721499443054199
mixed: 78 1 427981 2048 0.0838923454284668
mixed: 78 1 430029 2048 0.09097146987915039
mixed: 78 1 432077 2048 0.09628582000732422
mixed: 78 1 434125 722 0.051093339920043945
decode: 79 0 434926 79 0.03697657585144043
decode: 79 0 435005 79 0.03684639930725098
decode: 79 0 435084 79 0.03692936897277832
decode: 79 0 435163 79 0.03691983222961426
decode: 79 0 435242 79 0.03686857223510742
decode: 79 0 435321 79 0.03846144676208496
decode: 79 0 435400 79 0.03749585151672363
decode: 79 0 435479 79 0.03675341606140137
decode: 79 0 435558 79 0.03854680061340332
decode: 79 0 435637 79 0.037551164627075195
decode: 79 0 435716 79 0.036710500717163086
decode: 79 0 435795 79 0.03757643699645996
decode: 79 0 435874 79 0.03705477714538574
decode: 79 0 435953 79 0.03707385063171387
decode: 79 0 436032 79 0.03673076629638672
decode: 78 0 429525 78 0.037047386169433594
mixed: 78 1 429525 2048 0.08336448669433594
mixed: 78 1 431573 2048 0.09053492546081543
mixed: 78 2 433621 2048 0.09174561500549316
mixed: 79 1 435669 2048 0.08692216873168945
mixed: 79 1 437717 1690 0.08433389663696289
decode: 80 0 439487 80 0.038694143295288086
decode: 80 0 439567 80 0.03748512268066406
decode: 80 0 439647 80 0.03716611862182617
decode: 80 0 439727 80 0.03724050521850586
decode: 80 0 439807 80 0.03706073760986328
decode: 80 0 439887 80 0.03726363182067871
decode: 80 0 439967 80 0.037215471267700195
decode: 80 0 440047 80 0.03721261024475098
decode: 80 0 440127 80 0.03704071044921875
decode: 80 0 440207 80 0.03704023361206055
decode: 80 0 440287 80 0.037043094635009766
decode: 80 0 440367 80 0.0369868278503418
decode: 80 0 440447 80 0.036954641342163086
decode: 80 0 440527 80 0.03694629669189453
decode: 80 0 440607 80 0.03691363334655762
decode: 80 0 440687 80 0.03698396682739258
decode: 78 0 428648 78 0.03706073760986328
mixed: 78 1 428648 2048 0.0834343433380127
mixed: 78 1 430696 2048 0.08974862098693848
mixed: 78 1 432744 2048 0.09617257118225098
mixed: 78 2 434792 2048 0.0877237319946289
mixed: 79 1 436840 273 0.03376173973083496
decode: 80 0 437193 80 0.03679704666137695
decode: 80 0 437273 80 0.03669548034667969
decode: 80 0 437353 80 0.03666567802429199
decode: 80 0 437433 80 0.03663325309753418
decode: 79 0 429335 79 0.03585052490234375
mixed: 79 1 429335 2048 0.08137154579162598
mixed: 79 1 431383 2048 0.0897679328918457
mixed: 79 2 433431 2048 0.09351015090942383
mixed: 80 1 435479 2048 0.0849153995513916
mixed: 80 1 437527 975 0.05118584632873535
decode: 81 0 438583 81 0.04003095626831055
decode: 81 0 438664 81 0.0394902229309082
decode: 81 0 438745 81 0.03951668739318848
decode: 81 0 438826 81 0.03957939147949219
decode: 81 0 438907 81 0.03951883316040039
decode: 81 0 438988 81 0.03966355323791504
decode: 81 0 439069 81 0.03968358039855957
decode: 81 0 439150 81 0.039566755294799805
decode: 81 0 439231 81 0.039339303970336914
decode: 80 0 437604 80 0.039983510971069336
decode: 80 0 437684 80 0.03997659683227539
decode: 80 0 437764 80 0.03999590873718262
decode: 80 0 437844 80 0.040038108825683594
decode: 80 0 437924 80 0.04006195068359375
decode: 80 0 438004 80 0.04002976417541504
decode: 80 0 438084 80 0.04005169868469238
decode: 80 0 438164 80 0.04016995429992676
decode: 80 0 438244 80 0.04006481170654297
decode: 80 0 438324 80 0.040055274963378906
decode: 80 0 438404 80 0.04010462760925293
decode: 79 0 432302 79 0.03861522674560547
mixed: 79 1 432302 2048 0.0824880599975586
mixed: 79 1 434350 2048 0.09337043762207031
mixed: 79 1 436398 2048 0.09570145606994629
mixed: 79 2 438446 2048 0.08463335037231445
mixed: 80 1 440494 1573 0.07934165000915527
decode: 81 0 442148 81 0.03809094429016113
decode: 81 0 442229 81 0.038398027420043945
decode: 81 0 442310 81 0.03785896301269531
decode: 81 0 442391 81 0.03784060478210449
decode: 80 0 436057 80 0.03629589080810547
mixed: 80 1 436057 1708 0.07587623596191406
decode: 81 0 437846 81 0.03802967071533203
decode: 81 0 437927 81 0.03697776794433594
decode: 80 0 428178 80 0.038167476654052734
mixed: 80 1 428178 2048 0.08353447914123535
mixed: 80 1 430226 2048 0.09022235870361328
mixed: 80 2 432274 2048 0.08937406539916992
mixed: 81 2 434322 2048 0.08500099182128906
mixed: 82 1 436370 237 0.03262042999267578
decode: 83 0 436690 83 0.03847217559814453
decode: 83 0 436773 83 0.03838634490966797
decode: 83 0 436856 83 0.03831815719604492
decode: 83 0 436939 83 0.03824663162231445
decode: 83 0 437022 83 0.03838300704956055
decode: 83 0 437105 83 0.0383458137512207
decode: 83 0 437188 83 0.03834390640258789
decode: 83 0 437271 83 0.038163185119628906
decode: 83 0 437354 83 0.03808021545410156
decode: 82 0 429555 82 0.03750252723693848
mixed: 81 1 423278 2047 0.08184313774108887
mixed: 81 1 425325 2048 0.08999443054199219
mixed: 81 1 427373 2048 0.0949251651763916
mixed: 81 1 429421 2048 0.10223507881164551
mixed: 81 2 431469 2048 0.08513832092285156
mixed: 82 2 433517 2048 0.08434009552001953
mixed: 83 1 435565 632 0.0447084903717041
decode: 84 0 436281 84 0.04028463363647461
decode: 84 0 436365 84 0.039682865142822266
decode: 84 0 436449 84 0.039626121520996094
decode: 84 0 436533 84 0.03963279724121094
decode: 84 0 436617 84 0.03969454765319824
decode: 84 0 436701 84 0.0397334098815918
decode: 84 0 436785 84 0.0396733283996582
decode: 84 0 436869 84 0.03950619697570801
decode: 83 0 433607 83 0.03900408744812012
mixed: 83 1 433607 2048 0.0847315788269043
mixed: 83 1 435655 1785 0.08349204063415527
decode: 84 0 437524 84 0.040421485900878906
decode: 84 0 437608 84 0.03963136672973633
decode: 84 0 437692 84 0.03926253318786621
decode: 84 0 437776 84 0.039298295974731445
decode: 84 0 437860 84 0.03933095932006836
decode: 84 0 437944 84 0.039318084716796875
decode: 84 0 438028 84 0.039330244064331055
decode: 84 0 438112 84 0.03942441940307617
decode: 84 0 438196 84 0.039304494857788086
decode: 84 0 438280 84 0.03902006149291992
decode: 84 0 438364 84 0.03905844688415527
decode: 84 0 438448 84 0.0391383171081543
decode: 84 0 438532 84 0.039211273193359375
decode: 84 0 438616 84 0.03914332389831543
decode: 84 0 438700 84 0.03912186622619629
decode: 84 0 438784 84 0.0391542911529541
decode: 84 0 438868 84 0.03918147087097168
decode: 84 0 438952 84 0.039155006408691406
decode: 84 0 439036 84 0.039133310317993164
decode: 84 0 439120 84 0.0391387939453125
decode: 84 0 439204 84 0.03918647766113281
decode: 84 0 439288 84 0.03927016258239746
decode: 84 0 439372 84 0.03923797607421875
decode: 84 0 439456 84 0.03915143013000488
decode: 84 0 439540 84 0.03919529914855957
decode: 84 0 439624 84 0.03921937942504883
decode: 83 0 436803 83 0.040228843688964844
decode: 83 0 436886 83 0.04011130332946777
decode: 83 0 436969 83 0.04011106491088867
decode: 82 0 431846 82 0.040094614028930664
mixed: 82 1 431846 2048 0.08447670936584473
mixed: 82 1 433894 2048 0.09086418151855469
mixed: 82 1 435942 2048 0.09667110443115234
mixed: 82 2 437990 2048 0.08991003036499023
mixed: 83 1 440038 118 0.02991461753845215
decode: 84 0 440240 84 0.04022812843322754
decode: 84 0 440324 84 0.0397946834564209
decode: 84 0 440408 84 0.03982853889465332
decode: 84 0 440492 84 0.03984546661376953
decode: 84 0 440576 84 0.039847612380981445
decode: 84 0 440660 84 0.03968620300292969
decode: 84 0 440744 84 0.039727210998535156
decode: 84 0 440828 84 0.03962206840515137
decode: 84 0 440912 84 0.0395815372467041
decode: 84 0 440996 84 0.03963112831115723
decode: 84 0 441080 84 0.03956961631774902
decode: 84 0 441164 84 0.03965449333190918
decode: 84 0 441248 84 0.03972315788269043
decode: 84 0 441332 84 0.039679765701293945
decode: 84 0 441416 84 0.039575815200805664
decode: 84 0 441500 84 0.03963160514831543
decode: 84 0 441584 84 0.03966927528381348
decode: 84 0 441668 84 0.03971505165100098
decode: 84 0 441752 84 0.039664506912231445
decode: 84 0 441836 84 0.039667606353759766
decode: 84 0 441920 84 0.03965878486633301
decode: 84 0 442004 84 0.039635419845581055
decode: 84 0 442088 84 0.03963065147399902
decode: 83 0 436886 83 0.04001116752624512
mixed: 83 1 436886 1759 0.07562422752380371
decode: 83 0 430350 83 0.04070591926574707
mixed: 83 1 430350 2048 0.08573389053344727
mixed: 83 1 432398 1420 0.07598114013671875
decode: 84 0 433902 84 0.03987693786621094
decode: 84 0 433986 84 0.03904128074645996
decode: 84 0 434070 84 0.039220571517944336
decode: 84 0 434154 84 0.03914213180541992
decode: 84 0 434238 84 0.03930044174194336
decode: 84 0 434322 84 0.03925800323486328
decode: 84 0 434406 84 0.039545536041259766
decode: 84 0 434490 84 0.03914237022399902
decode: 84 0 434574 84 0.039020538330078125
decode: 84 0 434658 84 0.038915157318115234
decode: 84 0 434742 84 0.03887581825256348
decode: 84 0 434826 84 0.03892660140991211
decode: 84 0 434910 84 0.038941144943237305
decode: 84 0 434994 84 0.03890585899353027
decode: 84 0 435078 84 0.03953051567077637
decode: 84 0 435162 84 0.03898119926452637
decode: 84 0 435246 84 0.039102792739868164
decode: 84 0 435330 84 0.03904581069946289
decode: 84 0 435414 84 0.03893232345581055
decode: 84 0 435498 84 0.03891420364379883
decode: 84 0 435582 84 0.038895606994628906
decode: 84 0 435666 84 0.03888845443725586
decode: 84 0 435750 84 0.03896331787109375
decode: 84 0 435834 84 0.03900718688964844
decode: 84 0 435918 84 0.03899574279785156
decode: 84 0 436002 84 0.038884639739990234
decode: 84 0 436086 84 0.038907766342163086
decode: 84 0 436170 84 0.039026737213134766
decode: 84 0 436254 84 0.03900575637817383
decode: 84 0 436338 84 0.03899192810058594
decode: 84 0 436422 84 0.039092063903808594
decode: 84 0 436506 84 0.0390625
decode: 84 0 436590 84 0.03912186622619629
decode: 84 0 436674 84 0.03909015655517578
decode: 84 0 436758 84 0.03897857666015625
decode: 84 0 436842 84 0.039006710052490234
decode: 84 0 436926 84 0.039083242416381836
decode: 84 0 437010 84 0.03910636901855469
decode: 84 0 437094 84 0.039127349853515625
decode: 83 0 433618 83 0.03925919532775879
mixed: 83 1 433618 2048 0.0849146842956543
mixed: 83 1 435666 2048 0.09107184410095215
mixed: 83 1 437714 2048 0.09666275978088379
mixed: 83 1 439762 411 0.040572404861450195
decode: 84 0 440257 84 0.04030275344848633
decode: 83 0 437911 83 0.038579702377319336
mixed: 83 1 437911 2048 0.08359026908874512
mixed: 83 1 439959 342 0.03531694412231445
decode: 84 0 440385 84 0.039376258850097656
decode: 84 0 440469 84 0.03918147087097168
decode: 84 0 440553 84 0.03914475440979004
decode: 84 0 440637 84 0.03923296928405762
decode: 84 0 440721 84 0.03919672966003418
decode: 84 0 440805 84 0.03925347328186035
decode: 84 0 440889 84 0.03916358947753906
decode: 84 0 440973 84 0.03903913497924805
decode: 84 0 441057 84 0.0391232967376709
decode: 84 0 441141 84 0.03920483589172363
decode: 84 0 441225 84 0.039008378982543945
decode: 84 0 441309 84 0.03898763656616211
decode: 84 0 441393 84 0.038988590240478516
decode: 84 0 441477 84 0.039386749267578125
decode: 83 0 434123 83 0.03966689109802246
mixed: 83 2 434123 2048 0.0814676284790039
mixed: 84 1 436171 2048 0.08724379539489746
mixed: 84 1 438219 1022 0.05230593681335449
decode: 85 0 439326 85 0.04166126251220703
decode: 84 0 432833 84 0.03780508041381836
mixed: 84 1 432833 2048 0.08265209197998047
mixed: 84 2 434881 2048 0.09029436111450195
mixed: 85 1 436929 2048 0.08465456962585449
mixed: 85 1 438977 2048 0.09151887893676758
mixed: 85 1 441025 334 0.03608965873718262
decode: 86 0 441445 86 0.03759169578552246
decode: 86 0 441531 86 0.03749513626098633
decode: 86 0 441617 86 0.037386417388916016
decode: 85 0 432912 85 0.03950047492980957
mixed: 85 1 432912 2048 0.0805521011352539
mixed: 85 2 434960 2048 0.08484816551208496
mixed: 86 1 437008 2048 0.0889134407043457
mixed: 86 1 439056 235 0.032880306243896484
decode: 87 0 439378 87 0.039852142333984375
decode: 87 0 439465 87 0.03943014144897461
decode: 86 0 436059 86 0.03937697410583496
decode: 86 0 436145 86 0.039394378662109375
decode: 86 0 436231 86 0.03936433792114258
decode: 86 0 436317 86 0.039350271224975586
decode: 86 0 436403 86 0.039276123046875
decode: 86 0 436489 86 0.0392153263092041
decode: 86 0 436575 86 0.03917098045349121
decode: 86 0 436661 86 0.03917384147644043
decode: 86 0 436747 86 0.03920125961303711
decode: 86 0 436833 86 0.03921842575073242
decode: 86 0 436919 86 0.03921699523925781
decode: 86 0 437005 86 0.03914999961853027
decode: 86 0 437091 86 0.03913259506225586
decode: 86 0 437177 86 0.03925180435180664
decode: 86 0 437263 86 0.03927016258239746
decode: 86 0 437349 86 0.03919649124145508
decode: 86 0 437435 86 0.039217472076416016
decode: 86 0 437521 86 0.03924560546875
decode: 86 0 437607 86 0.03920316696166992
decode: 86 0 437693 86 0.03924059867858887
decode: 86 0 437779 86 0.03931093215942383
decode: 86 0 437865 86 0.039266109466552734
decode: 86 0 437951 86 0.03922247886657715
decode: 86 0 438037 86 0.03922677040100098
decode: 85 0 430355 85 0.03722429275512695
mixed: 85 1 430355 2048 0.08316731452941895
mixed: 85 1 432403 2048 0.0904395580291748
mixed: 85 1 434451 1528 0.08185148239135742
decode: 86 0 436065 86 0.038922786712646484
decode: 86 0 436151 86 0.038074493408203125
decode: 86 0 436237 86 0.037380218505859375
decode: 86 0 436323 86 0.03740549087524414
decode: 86 0 436409 86 0.037431955337524414
decode: 86 0 436495 86 0.03742194175720215
decode: 86 0 436581 86 0.0374600887298584
decode: 86 0 436667 86 0.03744363784790039
decode: 86 0 436753 86 0.03733181953430176
decode: 86 0 436839 86 0.03728914260864258
decode: 86 0 436925 86 0.037245750427246094
decode: 86 0 437011 86 0.03729820251464844
decode: 86 0 437097 86 0.03728199005126953
decode: 86 0 437183 86 0.03730607032775879
decode: 86 0 437269 86 0.03731107711791992
decode: 86 0 437355 86 0.03725266456604004
decode: 86 0 437441 86 0.03721308708190918
decode: 86 0 437527 86 0.03721928596496582
decode: 86 0 437613 86 0.0372929573059082
decode: 86 0 437699 86 0.03733348846435547
decode: 86 0 437785 86 0.037279367446899414
decode: 86 0 437871 86 0.03725790977478027
decode: 86 0 437957 86 0.03729057312011719
decode: 86 0 438043 86 0.03734564781188965
decode: 86 0 438129 86 0.03729724884033203
decode: 86 0 438215 86 0.0372624397277832
decode: 86 0 438301 86 0.03725147247314453
decode: 86 0 438387 86 0.037381887435913086
decode: 86 0 438473 86 0.037343502044677734
decode: 86 0 438559 86 0.03734946250915527
decode: 86 0 438645 86 0.037294864654541016
decode: 86 0 438731 86 0.037314414978027344
decode: 86 0 438817 86 0.03734779357910156
decode: 86 0 438903 86 0.03732752799987793
decode: 86 0 438989 86 0.03728461265563965
decode: 86 0 439075 86 0.03732728958129883
decode: 86 0 439161 86 0.037342071533203125
decode: 86 0 439247 86 0.037384033203125
decode: 86 0 439333 86 0.03736424446105957
decode: 86 0 439419 86 0.03734755516052246
decode: 86 0 439505 86 0.03734588623046875
decode: 86 0 439591 86 0.03738546371459961
decode: 86 0 439677 86 0.03740072250366211
decode: 86 0 439763 86 0.03740644454956055
decode: 86 0 439849 86 0.03735923767089844
decode: 86 0 439935 86 0.03740358352661133
decode: 86 0 440021 86 0.03744363784790039
decode: 86 0 440107 86 0.037436723709106445
decode: 86 0 440193 86 0.03745579719543457
decode: 86 0 440279 86 0.0374600887298584
decode: 86 0 440365 86 0.037457942962646484
decode: 85 0 436941 85 0.03754687309265137
mixed: 85 1 436941 2048 0.08336973190307617
mixed: 85 1 438989 2048 0.09114575386047363
mixed: 85 1 441037 745 0.052590131759643555
decode: 86 0 441868 86 0.038581132888793945
decode: 86 0 441954 86 0.03793001174926758
decode: 86 0 442040 86 0.03782224655151367
decode: 86 0 442126 86 0.037787675857543945
decode: 86 0 442212 86 0.03776431083679199
decode: 86 0 442298 86 0.03774523735046387
decode: 86 0 442384 86 0.03778982162475586
decode: 86 0 442470 86 0.03780007362365723
decode: 85 0 433642 85 0.038161277770996094
mixed: 85 2 433642 2048 0.08246660232543945
mixed: 86 1 435690 2048 0.08593058586120605
mixed: 85 1 434840 1721 0.08469581604003906
decode: 86 0 436647 86 0.036093950271606445
decode: 86 0 436733 86 0.03533649444580078
decode: 86 0 436819 86 0.035146236419677734
decode: 86 0 436905 86 0.03514981269836426
decode: 86 0 436991 86 0.03525042533874512
decode: 85 0 431724 85 0.03756594657897949
mixed: 85 1 431724 2048 0.08200764656066895
mixed: 85 1 433772 2048 0.09133338928222656
mixed: 85 1 435820 2048 0.09743094444274902
mixed: 84 2 434205 2048 0.10136079788208008
mixed: 85 1 436253 2048 0.08486461639404297
mixed: 85 1 438301 587 0.04534149169921875
decode: 86 0 438974 86 0.038175344467163086
decode: 86 0 439060 86 0.03792071342468262
decode: 86 0 439146 86 0.03778982162475586
decode: 86 0 439232 86 0.03777885437011719
decode: 85 0 430741 85 0.039028167724609375
mixed: 85 1 430741 2048 0.08276247978210449
mixed: 85 1 432789 2048 0.0904076099395752
mixed: 85 1 434837 2048 0.0971689224243164
mixed: 85 1 436885 172 0.03135871887207031
decode: 86 0 437143 86 0.03924369812011719
decode: 85 0 427348 85 0.03695178031921387
mixed: 85 1 427348 2048 0.08450841903686523
mixed: 85 1 429396 2048 0.09037494659423828
mixed: 85 1 431444 2048 0.09557938575744629
mixed: 85 2 433492 2048 0.09702491760253906
mixed: 86 1 435540 2048 0.08547759056091309
mixed: 86 1 437588 1606 0.08282923698425293
decode: 87 0 439281 87 0.04008793830871582
decode: 87 0 439368 87 0.03913378715515137
decode: 87 0 439455 87 0.0390627384185791
decode: 87 0 439542 87 0.03920936584472656
decode: 87 0 439629 87 0.03958773612976074
decode: 87 0 439716 87 0.039649248123168945
decode: 87 0 439803 87 0.039159297943115234
decode: 87 0 439890 87 0.039553165435791016
decode: 87 0 439977 87 0.03907966613769531
decode: 87 0 440064 87 0.03906655311584473
decode: 87 0 440151 87 0.03945660591125488
decode: 87 0 440238 87 0.03908514976501465
decode: 87 0 440325 87 0.039581298828125
decode: 87 0 440412 87 0.0392460823059082
decode: 87 0 440499 87 0.039032936096191406
decode: 87 0 440586 87 0.03946495056152344
decode: 87 0 440673 87 0.03921151161193848
decode: 87 0 440760 87 0.038985490798950195
decode: 87 0 440847 87 0.03940224647521973
decode: 87 0 440934 87 0.039026737213134766
decode: 87 0 441021 87 0.03915071487426758
decode: 87 0 441108 87 0.039559125900268555
decode: 87 0 441195 87 0.03968620300292969
decode: 87 0 441282 87 0.039482831954956055
decode: 87 0 441369 87 0.039376020431518555
decode: 87 0 441456 87 0.03906559944152832
decode: 87 0 441543 87 0.039348602294921875
decode: 87 0 441630 87 0.03941488265991211
decode: 87 0 441717 87 0.039743900299072266
decode: 87 0 441804 87 0.039285898208618164
decode: 87 0 441891 87 0.03988790512084961
decode: 87 0 441978 87 0.03928780555725098
decode: 87 0 442065 87 0.03934979438781738
decode: 87 0 442152 87 0.03906512260437012
decode: 87 0 442239 87 0.0390627384185791
decode: 87 0 442326 87 0.039431095123291016
decode: 87 0 442413 87 0.03916597366333008
decode: 87 0 442500 87 0.03927326202392578
decode: 86 0 438034 86 0.039801597595214844
decode: 86 0 438120 86 0.039724111557006836
decode: 85 0 432754 85 0.03981804847717285
decode: 85 0 432839 85 0.039913177490234375
decode: 85 0 432924 85 0.040163516998291016
decode: 85 0 433009 85 0.03959536552429199
decode: 85 0 433094 85 0.04007577896118164
decode: 85 0 433179 85 0.03968358039855957
decode: 85 0 433264 85 0.03966784477233887
decode: 85 0 433349 85 0.04011225700378418
decode: 85 0 433434 85 0.040144920349121094
decode: 85 0 433519 85 0.03993535041809082
decode: 85 0 433604 85 0.03955388069152832
decode: 85 0 433689 85 0.03956937789916992
decode: 85 0 433774 85 0.03955388069152832
decode: 85 0 433859 85 0.039559125900268555
decode: 85 0 433944 85 0.03948807716369629
decode: 85 0 434029 85 0.03969836235046387
decode: 85 0 434114 85 0.040047645568847656
decode: 85 0 434199 85 0.03991341590881348
decode: 85 0 434284 85 0.03972506523132324
decode: 85 0 434369 85 0.03995060920715332
decode: 85 0 434454 85 0.03965353965759277
decode: 84 0 431884 84 0.04016566276550293
decode: 84 0 431968 84 0.04108858108520508
decode: 84 0 432052 84 0.039754390716552734
decode: 84 0 432136 84 0.039827585220336914
decode: 84 0 432220 84 0.039521217346191406
decode: 84 0 432304 84 0.03945422172546387
decode: 84 0 432388 84 0.03965640068054199
decode: 84 0 432472 84 0.039548635482788086
decode: 84 0 432556 84 0.0394744873046875
decode: 84 0 432640 84 0.039430856704711914
decode: 84 0 432724 84 0.03944993019104004
decode: 84 0 432808 84 0.03948020935058594
decode: 84 0 432892 84 0.03940844535827637
decode: 83 0 428049 83 0.040650129318237305
mixed: 83 1 428049 2048 0.08252668380737305
mixed: 83 1 430097 2048 0.09007716178894043
mixed: 83 1 432145 1420 0.07925534248352051
decode: 84 0 433649 84 0.04261374473571777
decode: 84 0 433733 84 0.04104113578796387
decode: 84 0 433817 84 0.040961265563964844
decode: 84 0 433901 84 0.040910959243774414
decode: 84 0 433985 84 0.040805816650390625
decode: 84 0 434069 84 0.04089760780334473
decode: 84 0 434153 84 0.04091238975524902
decode: 84 0 434237 84 0.04089045524597168
decode: 84 0 434321 84 0.04069185256958008
decode: 84 0 434405 84 0.040756940841674805
decode: 84 0 434489 84 0.04085516929626465
decode: 84 0 434573 84 0.040910959243774414
decode: 84 0 434657 84 0.04075956344604492
decode: 84 0 434741 84 0.04084467887878418
decode: 84 0 434825 84 0.04078555107116699
decode: 84 0 434909 84 0.04085564613342285
decode: 84 0 434993 84 0.04068255424499512
decode: 84 0 435077 84 0.04070258140563965
decode: 84 0 435161 84 0.04080629348754883
decode: 84 0 435245 84 0.04096794128417969
decode: 84 0 435329 84 0.041043758392333984
decode: 84 0 435413 84 0.04090404510498047
decode: 84 0 435497 84 0.040889739990234375
decode: 84 0 435581 84 0.040915489196777344
decode: 84 0 435665 84 0.04097342491149902
decode: 84 0 435749 84 0.040860891342163086
decode: 84 0 435833 84 0.040888309478759766
decode: 84 0 435917 84 0.0409388542175293
decode: 84 0 436001 84 0.040877580642700195
decode: 84 0 436085 84 0.04082012176513672
decode: 84 0 436169 84 0.040738582611083984
decode: 84 0 436253 84 0.04089856147766113
decode: 84 0 436337 84 0.04100990295410156
decode: 84 0 436421 84 0.04091525077819824
decode: 84 0 436505 84 0.04089546203613281
decode: 84 0 436589 84 0.040841102600097656
decode: 84 0 436673 84 0.04076528549194336
decode: 84 0 436757 84 0.04091358184814453
decode: 84 0 436841 84 0.04096508026123047
decode: 84 0 436925 84 0.04107499122619629
decode: 84 0 437009 84 0.04099583625793457
decode: 84 0 437093 84 0.040917158126831055
decode: 84 0 437177 84 0.04097890853881836
decode: 84 0 437261 84 0.04110074043273926
decode: 84 0 437345 84 0.04111194610595703
decode: 84 0 437429 84 0.04099225997924805
decode: 84 0 437513 84 0.0409541130065918
decode: 84 0 437597 84 0.04094409942626953
decode: 84 0 437681 84 0.040923118591308594
decode: 84 0 437765 84 0.04083442687988281
decode: 84 0 437849 84 0.041034698486328125
decode: 84 0 437933 84 0.04125690460205078
decode: 83 0 435645 83 0.03808927536010742
decode: 83 0 435728 83 0.03811955451965332
decode: 83 0 435811 83 0.03800487518310547
decode: 83 0 435894 83 0.03795337677001953
decode: 83 0 435977 83 0.03799152374267578
decode: 83 0 436060 83 0.038147687911987305
decode: 83 0 436143 83 0.03812861442565918
decode: 83 0 436226 83 0.038091182708740234
decode: 83 0 436309 83 0.038030385971069336
decode: 83 0 436392 83 0.03805899620056152
decode: 83 0 436475 83 0.03816080093383789
decode: 83 0 436558 83 0.03838706016540527
decode: 83 0 436641 83 0.038177490234375
decode: 83 0 436724 83 0.03808021545410156
decode: 83 0 436807 83 0.03824424743652344
decode: 83 0 436890 83 0.03842496871948242
decode: 83 0 436973 83 0.03808999061584473
decode: 83 0 437056 83 0.03806138038635254
decode: 83 0 437139 83 0.03834843635559082
decode: 82 0 429378 82 0.038286447525024414
mixed: 82 1 429378 2048 0.08428478240966797
mixed: 82 1 431426 2048 0.09012603759765625
mixed: 82 1 433474 2048 0.10019040107727051
mixed: 82 1 435522 2048 0.10083270072937012
mixed: 82 1 437570 142 0.031334638595581055
decode: 83 0 437795 83 0.03958010673522949
decode: 83 0 437878 83 0.0391697883605957
decode: 83 0 437961 83 0.0391085147857666
decode: 83 0 438044 83 0.03909778594970703
decode: 83 0 438127 83 0.03911399841308594
decode: 83 0 438210 83 0.03911304473876953
decode: 83 0 438293 83 0.038910627365112305
decode: 83 0 438376 83 0.03895902633666992
decode: 83 0 438459 83 0.03882646560668945
decode: 82 0 431432 82 0.041166067123413086
mixed: 82 1 431432 2048 0.08436274528503418
mixed: 82 1 433480 2048 0.09084486961364746
mixed: 82 1 435528 2048 0.09591221809387207
mixed: 81 2 427953 2048 0.09004092216491699
mixed: 82 1 430001 2048 0.08746838569641113
mixed: 82 1 432049 2048 0.09360194206237793
mixed: 82 2 434097 2048 0.09027719497680664
mixed: 83 1 436145 2048 0.08760595321655273
mixed: 83 1 438193 2048 0.09336996078491211
mixed: 83 2 440241 1831 0.08278417587280273
decode: 85 0 442157 85 0.04345703125
decode: 85 0 442242 85 0.04176449775695801
decode: 85 0 442327 85 0.04154634475708008
decode: 85 0 442412 85 0.041577816009521484
decode: 85 0 442497 85 0.04158782958984375
decode: 84 0 440007 84 0.038289546966552734
decode: 84 0 440091 84 0.03830575942993164
decode: 83 0 436377 83 0.038889408111572266
decode: 83 0 436460 83 0.03882551193237305
decode: 83 0 436543 83 0.03884744644165039
decode: 83 0 436626 83 0.03898882865905762
decode: 83 0 436709 83 0.03894925117492676
decode: 83 0 436792 83 0.03879404067993164
decode: 83 0 436875 83 0.03886723518371582
decode: 83 0 436958 83 0.038878440856933594
decode: 83 0 437041 83 0.03905773162841797
decode: 83 0 437124 83 0.038956403732299805
decode: 83 0 437207 83 0.038941383361816406
decode: 83 0 437290 83 0.038990020751953125
decode: 83 0 437373 83 0.03912687301635742
decode: 83 0 437456 83 0.039031028747558594
decode: 83 0 437539 83 0.03890371322631836
decode: 82 0 433450 82 0.038947343826293945
mixed: 82 1 433450 2048 0.08227849006652832
mixed: 82 1 435498 2048 0.08998656272888184
mixed: 81 2 433679 2048 0.0904397964477539
mixed: 82 1 435727 2048 0.08689498901367188
mixed: 81 1 428904 2048 0.09207892417907715
mixed: 81 2 430952 2048 0.09333562850952148
mixed: 82 1 433000 2048 0.08484148979187012
mixed: 81 1 432489 2048 0.09142327308654785
mixed: 81 1 434537 2048 0.09685778617858887
mixed: 81 1 436585 109 0.029577255249023438
decode: 82 0 436776 82 0.03789329528808594
decode: 81 0 428326 81 0.039994239807128906
mixed: 81 1 428326 2048 0.08019804954528809
mixed: 81 1 430374 2048 0.09076714515686035
mixed: 81 1 432422 2048 0.09582042694091797
mixed: 80 1 432204 1965 0.11085939407348633
decode: 81 0 434250 81 0.038571834564208984
decode: 81 0 434331 81 0.0378270149230957
decode: 81 0 434412 81 0.03750443458557129
decode: 81 0 434493 81 0.037473201751708984
decode: 81 0 434574 81 0.03759908676147461
decode: 81 0 434655 81 0.03753376007080078
decode: 81 0 434736 81 0.03757882118225098
decode: 81 0 434817 81 0.0375823974609375
decode: 81 0 434898 81 0.03745079040527344
decode: 81 0 434979 81 0.037400007247924805
decode: 81 0 435060 81 0.03741955757141113
decode: 81 0 435141 81 0.03740072250366211
decode: 81 0 435222 81 0.03742504119873047
decode: 81 0 435303 81 0.03741264343261719
decode: 81 0 435384 81 0.03735470771789551
decode: 81 0 435465 81 0.03740382194519043
decode: 81 0 435546 81 0.03741908073425293
decode: 81 0 435627 81 0.03741264343261719
decode: 81 0 435708 81 0.03737187385559082
decode: 81 0 435789 81 0.03734707832336426
decode: 81 0 435870 81 0.03741621971130371
decode: 81 0 435951 81 0.03746461868286133
decode: 81 0 436032 81 0.03749346733093262
decode: 81 0 436113 81 0.03760218620300293
decode: 81 0 436194 81 0.03744864463806152
decode: 80 0 432098 80 0.03823137283325195
mixed: 80 1 432098 2048 0.08086037635803223
mixed: 80 1 434146 2048 0.09081768989562988
mixed: 80 1 436194 2048 0.09549212455749512
mixed: 79 2 431340 2048 0.09508538246154785
mixed: 80 2 433388 2048 0.0825951099395752
mixed: 81 1 435436 2048 0.08582329750061035
mixed: 81 1 437484 1997 0.09139347076416016
decode: 82 0 439563 82 0.041852712631225586
decode: 82 0 439645 82 0.039971113204956055
decode: 82 0 439727 82 0.039614200592041016
decode: 82 0 439809 82 0.03964948654174805
decode: 82 0 439891 82 0.03969764709472656
decode: 82 0 439973 82 0.03968048095703125
decode: 82 0 440055 82 0.03967881202697754
decode: 81 0 437996 81 0.03802633285522461
decode: 81 0 438077 81 0.03786325454711914
decode: 81 0 438158 81 0.03784489631652832
decode: 81 0 438239 81 0.037830352783203125
decode: 81 0 438320 81 0.03784632682800293
decode: 81 0 438401 81 0.03787732124328613
decode: 81 0 438482 81 0.0377962589263916
decode: 81 0 438563 81 0.03780508041381836
decode: 81 0 438644 81 0.03787565231323242
decode: 81 0 438725 81 0.037824153900146484
decode: 81 0 438806 81 0.03781270980834961
decode: 81 0 438887 81 0.0377964973449707
decode: 81 0 438968 81 0.03786110877990723
decode: 79 0 432962 79 0.03702259063720703
mixed: 79 1 432962 2048 0.08329892158508301
mixed: 79 1 435010 2048 0.09088826179504395
mixed: 79 1 437058 1541 0.08384370803833008
decode: 80 0 438679 80 0.038529157638549805
decode: 80 0 438759 80 0.037560462951660156
decode: 80 0 438839 80 0.03724527359008789
decode: 80 0 438919 80 0.037255287170410156
decode: 79 0 434512 79 0.03837871551513672
mixed: 79 1 434512 2048 0.08209371566772461
mixed: 79 1 436560 2048 0.0908956527709961
mixed: 79 1 438608 2031 0.09533405303955078
decode: 80 0 440719 80 0.041036367416381836
decode: 80 0 440799 80 0.038831472396850586
decode: 80 0 440879 80 0.03834390640258789
decode: 80 0 440959 80 0.03834676742553711
decode: 80 0 441039 80 0.03833508491516113
decode: 80 0 441119 80 0.038307905197143555
decode: 80 0 441199 80 0.03833794593811035
decode: 80 0 441279 80 0.03833150863647461
decode: 80 0 441359 80 0.03823661804199219
decode: 80 0 441439 80 0.0382847785949707
decode: 80 0 441519 80 0.038230180740356445
decode: 80 0 441599 80 0.038143157958984375
decode: 79 0 433539 79 0.037374019622802734
mixed: 79 2 433539 2048 0.0822906494140625
mixed: 80 1 435587 2048 0.08626031875610352
mixed: 80 1 437635 545 0.043756723403930664
decode: 81 0 438261 81 0.037961483001708984
decode: 81 0 438342 81 0.037431955337524414
decode: 81 0 438423 81 0.03741025924682617
decode: 81 0 438504 81 0.03745412826538086
decode: 81 0 438585 81 0.03751540184020996
decode: 80 0 433027 80 0.03786969184875488
mixed: 80 1 433027 2048 0.08260846138000488
mixed: 80 1 435075 2048 0.09023690223693848
mixed: 80 1 437123 404 0.039624691009521484
decode: 81 0 437608 81 0.03939318656921387
decode: 81 0 437689 81 0.03882622718811035
decode: 81 0 437770 81 0.038787126541137695
decode: 81 0 437851 81 0.03881239891052246
decode: 80 0 430036 80 0.03867459297180176
mixed: 80 1 430036 2048 0.08303523063659668
mixed: 80 1 432084 2048 0.09101462364196777
mixed: 80 1 434132 1865 0.09069943428039551
decode: 81 0 436078 81 0.04057121276855469
decode: 81 0 436159 81 0.03917527198791504
decode: 81 0 436240 81 0.0390162467956543
decode: 81 0 436321 81 0.038964033126831055
decode: 81 0 436402 81 0.03896951675415039
decode: 81 0 436483 81 0.03899955749511719
decode: 81 0 436564 81 0.03901982307434082
decode: 81 0 436645 81 0.038999319076538086
decode: 81 0 436726 81 0.03876686096191406
decode: 81 0 436807 81 0.03874826431274414
decode: 81 0 436888 81 0.03874683380126953
decode: 81 0 436969 81 0.03878951072692871
decode: 81 0 437050 81 0.03883028030395508
decode: 81 0 437131 81 0.03883171081542969
decode: 81 0 437212 81 0.038790225982666016
decode: 81 0 437293 81 0.03878927230834961
decode: 81 0 437374 81 0.03885316848754883
decode: 81 0 437455 81 0.03883552551269531
decode: 81 0 437536 81 0.03885507583618164
decode: 81 0 437617 81 0.0388493537902832
decode: 81 0 437698 81 0.03889036178588867
decode: 81 0 437779 81 0.03956031799316406
decode: 81 0 437860 81 0.03924751281738281
decode: 81 0 437941 81 0.038957834243774414
decode: 81 0 438022 81 0.038938283920288086
decode: 81 0 438103 81 0.03889632225036621
decode: 81 0 438184 81 0.03887486457824707
decode: 81 0 438265 81 0.03901171684265137
decode: 81 0 438346 81 0.03907942771911621
decode: 80 0 429068 80 0.03926348686218262
mixed: 80 1 429068 2048 0.08115482330322266
mixed: 80 1 431116 2048 0.0901482105255127
mixed: 80 1 433164 2048 0.09843277931213379
mixed: 80 2 435212 2048 0.08313107490539551
mixed: 81 1 437260 2044 0.08968019485473633
decode: 82 0 439386 82 0.03902173042297363
decode: 82 0 439468 82 0.03774619102478027
decode: 82 0 439550 82 0.037323713302612305
decode: 82 0 439632 82 0.0373377799987793
decode: 82 0 439714 82 0.03758740425109863
decode: 82 0 439796 82 0.03731489181518555
decode: 82 0 439878 82 0.03731203079223633
decode: 82 0 439960 82 0.03751707077026367
decode: 82 0 440042 82 0.03732752799987793
decode: 82 0 440124 82 0.0372929573059082
decode: 82 0 440206 82 0.03720235824584961
decode: 81 0 433444 81 0.03838634490966797
mixed: 81 1 433444 2048 0.08307313919067383
mixed: 81 1 435492 2048 0.09054970741271973
mixed: 81 1 437540 2048 0.09518265724182129
mixed: 81 1 439588 1676 0.09026956558227539
decode: 81 0 434181 81 0.04121732711791992
mixed: 81 1 434181 2048 0.08406758308410645
mixed: 81 1 436229 2048 0.0908505916595459
mixed: 80 1 434462 2048 0.09517407417297363
mixed: 80 1 436510 1886 0.09656620025634766
decode: 80 0 435629 80 0.03793048858642578
decode: 80 0 435709 80 0.036710262298583984
decode: 80 0 435789 80 0.03657984733581543
decode: 80 0 435869 80 0.036162614822387695
decode: 80 0 435949 80 0.03617429733276367
decode: 80 0 436029 80 0.03611946105957031
decode: 80 0 436109 80 0.03628087043762207
decode: 80 0 436189 80 0.036127328872680664
decode: 80 0 436269 80 0.03599119186401367
decode: 80 0 436349 80 0.03591728210449219
decode: 80 0 436429 80 0.03591322898864746
decode: 80 0 436509 80 0.03600430488586426
decode: 80 0 436589 80 0.03617715835571289
decode: 79 0 434317 79 0.038834571838378906
decode: 79 0 434396 79 0.03875112533569336
decode: 79 0 434475 79 0.03880429267883301
decode: 79 0 434554 79 0.03894519805908203
decode: 79 0 434633 79 0.03890705108642578
decode: 79 0 434712 79 0.038754940032958984
decode: 79 0 434791 79 0.038726091384887695
decode: 79 0 434870 79 0.03875994682312012
decode: 79 0 434949 79 0.038791656494140625
decode: 79 0 435028 79 0.0389866828918457
decode: 79 0 435107 79 0.04007315635681152
decode: 79 0 435186 79 0.03884720802307129
decode: 79 0 435265 79 0.03876042366027832
decode: 79 0 435344 79 0.03895902633666992
decode: 79 0 435423 79 0.03896164894104004
decode: 79 0 435502 79 0.03884267807006836
decode: 79 0 435581 79 0.03884172439575195
decode: 79 0 435660 79 0.03876805305480957
decode: 79 0 435739 79 0.03888726234436035
decode: 78 0 427339 78 0.03955674171447754
mixed: 78 1 427339 2048 0.08232951164245605
mixed: 78 1 429387 2048 0.0898277759552002
mixed: 78 1 431435 2048 0.09563040733337402
mixed: 78 2 433483 2048 0.08955764770507812
mixed: 79 1 435531 1772 0.08147859573364258
decode: 80 0 437383 80 0.03768444061279297
decode: 80 0 437463 80 0.03691601753234863
decode: 80 0 437543 80 0.03679990768432617
decode: 80 0 437623 80 0.036896705627441406
decode: 80 0 437703 80 0.03689718246459961
decode: 80 0 437783 80 0.03689861297607422
decode: 80 0 437863 80 0.03688526153564453
decode: 80 0 437943 80 0.03686022758483887
decode: 80 0 438023 80 0.03663229942321777
decode: 80 0 438103 80 0.036678314208984375
decode: 80 0 438183 80 0.036630868911743164
decode: 80 0 438263 80 0.036633968353271484
decode: 80 0 438343 80 0.0366513729095459
decode: 80 0 438423 80 0.036624908447265625
decode: 80 0 438503 80 0.03659963607788086
decode: 80 0 438583 80 0.036598920822143555
decode: 80 0 438663 80 0.036607980728149414
decode: 80 0 438743 80 0.036635398864746094
decode: 80 0 438823 80 0.03664731979370117
decode: 80 0 438903 80 0.036592721939086914
decode: 80 0 438983 80 0.03659415245056152
decode: 80 0 439063 80 0.03669452667236328
decode: 80 0 439143 80 0.03664898872375488
decode: 80 0 439223 80 0.03663945198059082
decode: 80 0 439303 80 0.03663325309753418
decode: 80 0 439383 80 0.036649227142333984
decode: 80 0 439463 80 0.036678314208984375
decode: 79 0 433427 79 0.03724980354309082
mixed: 79 1 433427 2048 0.08099007606506348
mixed: 79 1 435475 2048 0.09033608436584473
mixed: 78 1 432544 2048 0.09604287147521973
mixed: 77 2 431305 2048 0.09674811363220215
mixed: 78 1 433353 2048 0.08485007286071777
mixed: 78 1 435401 2048 0.09098696708679199
mixed: 77 1 435128 2048 0.09589076042175293
mixed: 76 2 432351 2048 0.08591723442077637
mixed: 77 1 434399 2048 0.08918905258178711
mixed: 77 1 436447 2048 0.09470748901367188
mixed: 77 1 438495 2048 0.10358953475952148
mixed: 77 1 440543 570 0.04449605941772461
decode: 77 0 436914 77 0.03909039497375488
decode: 77 0 436991 77 0.03859305381774902
decode: 77 0 437068 77 0.038574934005737305
decode: 77 0 437145 77 0.0386202335357666
decode: 77 0 437222 77 0.03861379623413086
decode: 77 0 437299 77 0.038637638092041016
decode: 77 0 437376 77 0.03861808776855469
decode: 77 0 437453 77 0.0384674072265625
decode: 77 0 437530 77 0.038323163986206055
decode: 77 0 437607 77 0.03836536407470703
decode: 77 0 437684 77 0.03842282295227051
decode: 77 0 437761 77 0.03844499588012695
decode: 77 0 437838 77 0.03838944435119629
decode: 77 0 437915 77 0.03839731216430664
decode: 77 0 437992 77 0.03837895393371582
decode: 77 0 438069 77 0.03835177421569824
decode: 77 0 438146 77 0.03841376304626465
decode: 76 0 432893 76 0.0381619930267334
mixed: 76 1 432893 2048 0.08388066291809082
mixed: 76 1 434941 2048 0.09050869941711426
mixed: 76 1 436989 520 0.04282736778259277
decode: 77 0 437586 77 0.038628339767456055
decode: 77 0 437663 77 0.0382688045501709
decode: 77 0 437740 77 0.03831338882446289
decode: 77 0 437817 77 0.0383148193359375
decode: 77 0 437894 77 0.03831648826599121
decode: 77 0 437971 77 0.03829622268676758
decode: 77 0 438048 77 0.038321495056152344
decode: 77 0 438125 77 0.038233041763305664
decode: 77 0 438202 77 0.038179874420166016
decode: 77 0 438279 77 0.038136959075927734
decode: 77 0 438356 77 0.03812146186828613
decode: 76 0 434445 76 0.03648734092712402
decode: 76 0 434521 76 0.03654170036315918
decode: 76 0 434597 76 0.036501407623291016
decode: 76 0 434673 76 0.03656291961669922
decode: 76 0 434749 76 0.03643226623535156
decode: 76 0 434825 76 0.03656578063964844
decode: 76 0 434901 76 0.03655290603637695
decode: 76 0 434977 76 0.03658175468444824
decode: 75 0 426434 75 0.04024934768676758
mixed: 75 1 426434 2048 0.08091211318969727
mixed: 75 1 428482 2048 0.0904083251953125
mixed: 75 1 430530 2048 0.09518861770629883
mixed: 75 1 432578 2048 0.10023093223571777
mixed: 75 2 434626 2048 0.08402490615844727
mixed: 76 1 436674 2048 0.08972477912902832
mixed: 76 1 438722 2048 0.09578061103820801
mixed: 76 1 440770 487 0.04024052619934082
decode: 77 0 441334 77 0.038040876388549805
decode: 77 0 441411 77 0.03795051574707031
decode: 77 0 441488 77 0.03790616989135742
decode: 77 0 441565 77 0.03790640830993652
decode: 77 0 441642 77 0.03789544105529785
decode: 77 0 441719 77 0.037904977798461914
decode: 77 0 441796 77 0.037902116775512695
decode: 76 0 433430 76 0.0405423641204834
mixed: 76 1 433430 2048 0.08123469352722168
mixed: 76 1 435478 2048 0.09055376052856445
mixed: 76 1 437526 2048 0.09620976448059082
mixed: 75 2 432631 2048 0.08460474014282227
mixed: 76 1 434679 2048 0.0903933048248291
mixed: 76 1 436727 1698 0.08585023880004883
decode: 77 0 438502 77 0.0396573543548584
decode: 77 0 438579 77 0.038579463958740234
decode: 77 0 438656 77 0.038245201110839844
decode: 77 0 438733 77 0.0382075309753418
decode: 77 0 438810 77 0.03823447227478027
decode: 77 0 438887 77 0.038281917572021484
decode: 76 0 430679 76 0.03747677803039551
decode: 76 0 430755 76 0.037473440170288086
decode: 76 0 430831 76 0.03745269775390625
decode: 76 0 430907 76 0.0373380184173584
decode: 76 0 430983 76 0.037333011627197266
decode: 76 0 431059 76 0.03731656074523926
decode: 76 0 431135 76 0.037377357482910156
decode: 76 0 431211 76 0.03732633590698242
decode: 76 0 431287 76 0.03731513023376465
decode: 76 0 431363 76 0.03726029396057129
decode: 76 0 431439 76 0.03725147247314453
decode: 76 0 431515 76 0.03735184669494629
decode: 76 0 431591 76 0.03737497329711914
decode: 76 0 431667 76 0.037302494049072266
decode: 76 0 431743 76 0.037259578704833984
decode: 76 0 431819 76 0.037299394607543945
decode: 76 0 431895 76 0.037346601486206055
decode: 76 0 431971 76 0.03744101524353027
decode: 76 0 432047 76 0.037282705307006836
decode: 76 0 432123 76 0.03727459907531738
decode: 76 0 432199 76 0.037389278411865234
decode: 76 0 432275 76 0.03744649887084961
decode: 76 0 432351 76 0.03818678855895996
decode: 76 0 432427 76 0.03752279281616211
decode: 76 0 432503 76 0.03746438026428223
decode: 76 0 432579 76 0.03739023208618164
decode: 76 0 432655 76 0.03740572929382324
decode: 76 0 432731 76 0.03773927688598633
decode: 76 0 432807 76 0.03788018226623535
decode: 76 0 432883 76 0.03743410110473633
decode: 76 0 432959 76 0.03741621971130371
decode: 76 0 433035 76 0.03773760795593262
decode: 76 0 433111 76 0.03759026527404785
decode: 76 0 433187 76 0.03748130798339844
decode: 76 0 433263 76 0.0374302864074707
decode: 76 0 433339 76 0.03745627403259277
decode: 76 0 433415 76 0.03775811195373535
decode: 76 0 433491 76 0.03798627853393555
decode: 76 0 433567 76 0.03750205039978027
decode: 76 0 433643 76 0.03744840621948242
decode: 76 0 433719 76 0.037551164627075195
decode: 76 0 433795 76 0.03772401809692383
decode: 76 0 433871 76 0.03762960433959961
decode: 76 0 433947 76 0.03751230239868164
decode: 76 0 434023 76 0.03757452964782715
decode: 76 0 434099 76 0.037641286849975586
decode: 75 0 428349 75 0.03757953643798828
mixed: 75 1 428349 2048 0.08185482025146484
mixed: 75 1 430397 2048 0.09052848815917969
mixed: 75 1 432445 2048 0.09642696380615234
mixed: 75 1 434493 2048 0.10231876373291016
mixed: 75 2 436541 1609 0.07689428329467773
decode: 77 0 438227 77 0.04161334037780762
decode: 77 0 438304 77 0.040590763092041016
decode: 77 0 438381 77 0.040479421615600586
decode: 77 0 438458 77 0.04049181938171387
decode: 77 0 438535 77 0.04052853584289551
decode: 77 0 438612 77 0.040711164474487305
decode: 77 0 438689 77 0.04059457778930664
decode: 77 0 438766 77 0.04042959213256836
decode: 77 0 438843 77 0.040299177169799805
decode: 77 0 438920 77 0.04027509689331055
decode: 77 0 438997 77 0.04019284248352051
decode: 76 0 433602 76 0.04008078575134277
mixed: 76 1 433602 2048 0.08421134948730469
mixed: 76 2 435650 2048 0.08815455436706543
mixed: 77 1 437698 2048 0.0881812572479248
mixed: 76 2 431897 2048 0.08357119560241699
mixed: 77 1 433945 2048 0.09068989753723145
mixed: 76 1 428447 2048 0.09491682052612305
mixed: 76 2 430495 2048 0.0904841423034668
mixed: 77 1 432543 2048 0.08756208419799805
mixed: 77 1 434591 2048 0.09304952621459961
mixed: 77 1 436639 1393 0.07872462272644043
decode: 78 0 438110 78 0.03812217712402344
decode: 78 0 438188 78 0.03720879554748535
decode: 77 0 429620 77 0.03741884231567383
mixed: 77 1 429620 2048 0.08320260047912598
mixed: 77 1 431668 2048 0.09066057205200195
mixed: 77 2 433716 2048 0.09018898010253906
mixed: 77 1 430214 2048 0.0854024887084961
mixed: 77 1 432262 1008 0.05236411094665527
decode: 78 0 433348 78 0.03831148147583008
decode: 78 0 433426 78 0.037404537200927734
decode: 78 0 433504 78 0.03737974166870117
decode: 78 0 433582 78 0.03921246528625488
decode: 78 0 433660 78 0.03769636154174805
decode: 78 0 433738 78 0.037856340408325195
decode: 78 0 433816 78 0.03749203681945801
decode: 78 0 433894 78 0.03732562065124512
decode: 78 0 433972 78 0.03746604919433594
decode: 78 0 434050 78 0.03750157356262207
decode: 78 0 434128 78 0.03735041618347168
decode: 78 0 434206 78 0.037181854248046875
decode: 78 0 434284 78 0.03715348243713379
decode: 78 0 434362 78 0.03743100166320801
decode: 78 0 434440 78 0.03930401802062988
decode: 78 0 434518 78 0.03762698173522949
decode: 78 0 434596 78 0.037468671798706055
decode: 78 0 434674 78 0.03733992576599121
decode: 78 0 434752 78 0.037262916564941406
decode: 78 0 434830 78 0.03715801239013672
decode: 78 0 434908 78 0.037245988845825195
decode: 78 0 434986 78 0.0375063419342041
decode: 78 0 435064 78 0.03921055793762207
decode: 78 0 435142 78 0.037470340728759766
decode: 78 0 435220 78 0.03862595558166504
decode: 78 0 435298 78 0.03752756118774414
decode: 78 0 435376 78 0.037381649017333984
decode: 78 0 435454 78 0.03722691535949707
decode: 78 0 435532 78 0.03726458549499512
decode: 78 0 435610 78 0.03807640075683594
decode: 78 0 435688 78 0.03752589225769043
decode: 78 0 435766 78 0.03886556625366211
decode: 78 0 435844 78 0.03753185272216797
decode: 78 0 435922 78 0.03778338432312012
decode: 78 0 436000 78 0.03751420974731445
decode: 78 0 436078 78 0.0384068489074707
decode: 78 0 436156 78 0.03795623779296875
decode: 78 0 436234 78 0.03744316101074219
decode: 78 0 436312 78 0.0374760627746582
decode: 78 0 436390 78 0.03765583038330078
decode: 78 0 436468 78 0.037854671478271484
decode: 78 0 436546 78 0.03800010681152344
decode: 78 0 436624 78 0.0375516414642334
decode: 78 0 436702 78 0.037847280502319336
decode: 77 0 428302 77 0.03731513023376465
mixed: 77 1 428302 2048 0.08462715148925781
mixed: 77 1 430350 2048 0.08919334411621094
mixed: 77 1 432398 2048 0.0950312614440918
mixed: 77 2 434446 2048 0.09829974174499512
mixed: 78 1 436494 2048 0.08615684509277344
mixed: 78 1 438542 1494 0.07746481895446777
decode: 79 0 440115 79 0.03861713409423828
decode: 78 0 433380 78 0.0361943244934082
mixed: 78 1 433380 2048 0.08314394950866699
mixed: 78 2 435428 2048 0.08504796028137207
mixed: 78 1 433102 2048 0.08815264701843262
mixed: 78 2 435150 2048 0.09232950210571289
mixed: 79 2 437198 2048 0.08513736724853516
mixed: 80 1 439246 2048 0.08554339408874512
mixed: 80 1 441294 388 0.03973102569580078
decode: 81 0 441763 81 0.04167342185974121
decode: 81 0 441844 81 0.04200410842895508
decode: 81 0 441925 81 0.04160761833190918
decode: 80 0 437657 80 0.03703498840332031
decode: 80 0 437737 80 0.0370020866394043
decode: 80 0 437817 80 0.036966562271118164
decode: 80 0 437897 80 0.03702354431152344
decode: 80 0 437977 80 0.03691911697387695
decode: 80 0 438057 80 0.03700447082519531
decode: 79 0 429694 79 0.03824806213378906
mixed: 79 1 429694 2048 0.08278179168701172
mixed: 79 1 431742 2048 0.08987307548522949
mixed: 79 1 433790 2030 0.09486842155456543
decode: 80 0 435900 80 0.039832353591918945
decode: 80 0 435980 80 0.03885221481323242
decode: 80 0 436060 80 0.0383298397064209
decode: 80 0 436140 80 0.03832674026489258
decode: 80 0 436220 80 0.038355350494384766
decode: 80 0 436300 80 0.038439273834228516
decode: 80 0 436380 80 0.038546085357666016
decode: 80 0 436460 80 0.038527488708496094
decode: 80 0 436540 80 0.038396596908569336
decode: 80 0 436620 80 0.03840208053588867
decode: 80 0 436700 80 0.0382847785949707
decode: 80 0 436780 80 0.038207292556762695
decode: 80 0 436860 80 0.03838205337524414
decode: 80 0 436940 80 0.0383305549621582
decode: 80 0 437020 80 0.03833293914794922
decode: 80 0 437100 80 0.03834247589111328
decode: 80 0 437180 80 0.03829836845397949
decode: 80 0 437260 80 0.03833746910095215
decode: 80 0 437340 80 0.03834986686706543
decode: 80 0 437420 80 0.03841114044189453
decode: 80 0 437500 80 0.03841996192932129
decode: 80 0 437580 80 0.038323402404785156
decode: 80 0 437660 80 0.03838491439819336
decode: 80 0 437740 80 0.03836512565612793
decode: 80 0 437820 80 0.0383601188659668
decode: 80 0 437900 80 0.03830265998840332
decode: 80 0 437980 80 0.038353919982910156
decode: 80 0 438060 80 0.03839588165283203
decode: 80 0 438140 80 0.03836655616760254
decode: 80 0 438220 80 0.03827834129333496
decode: 80 0 438300 80 0.038323402404785156
decode: 80 0 438380 80 0.03837943077087402
decode: 80 0 438460 80 0.038442373275756836
decode: 80 0 438540 80 0.03845024108886719
decode: 80 0 438620 80 0.03835415840148926
decode: 80 0 438700 80 0.03836679458618164
decode: 79 0 430700 79 0.03786063194274902
mixed: 79 1 430700 2048 0.08171558380126953
mixed: 78 1 428034 2048 0.09082531929016113
mixed: 78 2 430082 2048 0.09065008163452148
mixed: 79 1 432130 2048 0.08572888374328613
mixed: 79 1 434178 2048 0.0923149585723877
mixed: 79 1 436226 2048 0.09752726554870605
mixed: 79 1 438274 1689 0.09213018417358398
decode: 80 0 440043 80 0.040003299713134766
decode: 80 0 440123 80 0.038639068603515625
decode: 80 0 440203 80 0.03835916519165039
decode: 79 0 433223 79 0.0387110710144043
mixed: 78 1 425165 2047 0.08425569534301758
mixed: 78 2 427212 2048 0.08352279663085938
mixed: 79 1 429260 2048 0.08768153190612793
mixed: 79 2 431308 2048 0.09025120735168457
mixed: 80 1 433356 2048 0.08455824851989746
mixed: 80 1 435404 2048 0.09173226356506348
mixed: 80 1 437452 2048 0.09688782691955566
mixed: 80 1 439500 344 0.03611946105957031
decode: 81 0 439925 81 0.04048323631286621
decode: 81 0 440006 81 0.04018044471740723
decode: 81 0 440087 81 0.04011797904968262
decode: 81 0 440168 81 0.04010796546936035
decode: 81 0 440249 81 0.04012727737426758
decode: 81 0 440330 81 0.04012322425842285
decode: 80 0 438100 80 0.03755474090576172
decode: 80 0 438180 80 0.03735661506652832
decode: 80 0 438260 80 0.03740262985229492
decode: 80 0 438340 80 0.037470102310180664
decode: 80 0 438420 80 0.03747844696044922
decode: 80 0 438500 80 0.037392377853393555
decode: 80 0 438580 80 0.03737640380859375
decode: 80 0 438660 80 0.03740644454956055
decode: 80 0 438740 80 0.03748273849487305
decode: 80 0 438820 80 0.037459611892700195
decode: 80 0 438900 80 0.03741192817687988
decode: 80 0 438980 80 0.03742504119873047
decode: 80 0 439060 80 0.03745675086975098
decode: 80 0 439140 80 0.037505388259887695
decode: 80 0 439220 80 0.03751564025878906
decode: 80 0 439300 80 0.03741049766540527
decode: 80 0 439380 80 0.03742098808288574
decode: 80 0 439460 80 0.03749966621398926
decode: 80 0 439540 80 0.03752779960632324
decode: 80 0 439620 80 0.03753972053527832
decode: 79 0 435075 79 0.038099050521850586
decode: 79 0 435154 79 0.03808021545410156
decode: 79 0 435233 79 0.038140058517456055
decode: 79 0 435312 79 0.03812265396118164
decode: 79 0 435391 79 0.038083791732788086
decode: 79 0 435470 79 0.03808856010437012
decode: 79 0 435549 79 0.03816509246826172
decode: 79 0 435628 79 0.0381925106048584
decode: 79 0 435707 79 0.03817033767700195
decode: 79 0 435786 79 0.038124799728393555
decode: 78 0 426798 78 0.038237571716308594
mixed: 78 1 426798 2048 0.08420896530151367
mixed: 78 1 428846 2048 0.08994626998901367
mixed: 78 1 430894 2048 0.09521269798278809
mixed: 77 2 424497 2048 0.09113860130310059
mixed: 78 1 426545 2048 0.08461260795593262
mixed: 78 2 428593 2048 0.09155654907226562
mixed: 79 1 430641 2048 0.08402085304260254
mixed: 79 1 432689 2048 0.09089422225952148
mixed: 79 1 434737 2048 0.09834909439086914
mixed: 79 1 436785 2048 0.10053396224975586
mixed: 79 1 438833 328 0.03661513328552246
decode: 79 0 433630 79 0.038735151290893555
mixed: 79 1 433630 2048 0.08283686637878418
mixed: 79 1 435678 2048 0.09041953086853027
mixed: 79 1 437726 2048 0.0958714485168457
mixed: 79 1 439774 553 0.04402470588684082
decode: 80 0 440407 80 0.03927159309387207
decode: 80 0 440487 80 0.03859233856201172
decode: 80 0 440567 80 0.03852081298828125
decode: 80 0 440647 80 0.038579463958740234
decode: 80 0 440727 80 0.0386199951171875
decode: 80 0 440807 80 0.038611412048339844
decode: 79 0 433574 79 0.03837394714355469
decode: 79 0 433653 79 0.0383756160736084
decode: 79 0 433732 79 0.038129329681396484
decode: 79 0 433811 79 0.038129329681396484
decode: 79 0 433890 79 0.038146257400512695
decode: 79 0 433969 79 0.03816080093383789
decode: 79 0 434048 79 0.03817391395568848
decode: 79 0 434127 79 0.03824925422668457
decode: 79 0 434206 79 0.0382077693939209
decode: 79 0 434285 79 0.03814101219177246
decode: 79 0 434364 79 0.03813624382019043
decode: 79 0 434443 79 0.03816580772399902
decode: 79 0 434522 79 0.03821372985839844
decode: 79 0 434601 79 0.03825521469116211
decode: 79 0 434680 79 0.038218021392822266
decode: 79 0 434759 79 0.03821992874145508
decode: 79 0 434838 79 0.038208723068237305
decode: 79 0 434917 79 0.03818511962890625
decode: 78 0 428543 78 0.03866744041442871
mixed: 78 1 428543 2048 0.07989740371704102
mixed: 78 1 430591 2048 0.0893559455871582
mixed: 78 1 432639 2048 0.09454488754272461
mixed: 77 2 426753 2048 0.09725260734558105
mixed: 78 1 428801 2048 0.0837712287902832
mixed: 78 1 430849 2048 0.09054112434387207
mixed: 78 1 432897 2048 0.09579992294311523
mixed: 78 2 434945 2048 0.08384299278259277
mixed: 79 1 436993 1179 0.05786776542663574
decode: 80 0 438252 80 0.04248547554016113
decode: 80 0 438332 80 0.041298866271972656
decode: 80 0 438412 80 0.0412595272064209
decode: 80 0 438492 80 0.041294097900390625
decode: 80 0 438572 80 0.04120826721191406
decode: 80 0 438652 80 0.041081905364990234
decode: 80 0 438732 80 0.041107177734375
decode: 80 0 438812 80 0.0411229133605957
decode: 80 0 438892 80 0.04098153114318848
decode: 80 0 438972 80 0.04115033149719238
decode: 80 0 439052 80 0.0412447452545166
decode: 80 0 439132 80 0.04104185104370117
decode: 80 0 439212 80 0.04102683067321777
decode: 80 0 439292 80 0.04091477394104004
decode: 80 0 439372 80 0.041022539138793945
decode: 80 0 439452 80 0.0410919189453125
decode: 80 0 439532 80 0.04120039939880371
decode: 79 0 434109 79 0.04116344451904297
decode: 79 0 434188 79 0.041069746017456055
decode: 79 0 434267 79 0.04097247123718262
decode: 79 0 434346 79 0.04108238220214844
decode: 79 0 434425 79 0.04111766815185547
decode: 79 0 434504 79 0.04113483428955078
decode: 79 0 434583 79 0.04100608825683594
decode: 79 0 434662 79 0.04102063179016113
decode: 79 0 434741 79 0.04113459587097168
decode: 79 0 434820 79 0.041199445724487305
decode: 79 0 434899 79 0.0411679744720459
decode: 79 0 434978 79 0.04106640815734863
decode: 79 0 435057 79 0.04118776321411133
decode: 79 0 435136 79 0.041205406188964844
decode: 79 0 435215 79 0.04110002517700195
decode: 78 0 431464 78 0.0400390625
mixed: 78 1 431464 2048 0.08028745651245117
mixed: 78 1 433512 2048 0.08967351913452148
mixed: 78 1 435560 2048 0.09572720527648926
mixed: 78 1 437608 1230 0.06549429893493652
decode: 79 0 438917 79 0.041666507720947266
decode: 79 0 438996 79 0.04048466682434082
decode: 79 0 439075 79 0.040435075759887695
decode: 79 0 439154 79 0.04032778739929199
decode: 79 0 439233 79 0.040358781814575195
decode: 78 0 432834 78 0.03932809829711914
mixed: 78 1 432834 2048 0.08301472663879395
mixed: 78 1 434882 1698 0.08253955841064453
decode: 79 0 436659 79 0.04073905944824219
decode: 79 0 436738 79 0.03943514823913574
decode: 79 0 436817 79 0.03926563262939453
decode: 79 0 436896 79 0.03926897048950195
decode: 79 0 436975 79 0.03940129280090332
decode: 79 0 437054 79 0.03938913345336914
decode: 79 0 437133 79 0.03933215141296387
decode: 79 0 437212 79 0.03924679756164551
decode: 78 0 434940 78 0.040537357330322266
decode: 78 0 435018 78 0.04062008857727051
decode: 78 0 435096 78 0.04045701026916504
decode: 78 0 435174 78 0.0405426025390625
decode: 78 0 435252 78 0.040720462799072266
decode: 78 0 435330 78 0.04071402549743652
decode: 78 0 435408 78 0.040941715240478516
decode: 78 0 435486 78 0.04063725471496582
decode: 78 0 435564 78 0.04065704345703125
decode: 78 0 435642 78 0.040598154067993164
decode: 78 0 435720 78 0.040593862533569336
decode: 78 0 435798 78 0.04065585136413574
decode: 78 0 435876 78 0.04071497917175293
decode: 78 0 435954 78 0.04074454307556152
decode: 78 0 436032 78 0.0406641960144043
decode: 78 0 436110 78 0.040612220764160156
decode: 78 0 436188 78 0.04061627388000488
decode: 78 0 436266 78 0.04064798355102539
decode: 78 0 436344 78 0.04070734977722168
decode: 78 0 436422 78 0.04065561294555664
decode: 78 0 436500 78 0.04062390327453613
decode: 78 0 436578 78 0.040718793869018555
decode: 78 0 436656 78 0.0405735969543457
decode: 78 0 436734 78 0.04071044921875
decode: 78 0 436812 78 0.04082942008972168
decode: 78 0 436890 78 0.04114842414855957
decode: 78 0 436968 78 0.040735483169555664
decode: 78 0 437046 78 0.04065084457397461
decode: 78 0 437124 78 0.040906429290771484
decode: 78 0 437202 78 0.04081845283508301
decode: 78 0 437280 78 0.04073166847229004
decode: 78 0 437358 78 0.04111504554748535
decode: 78 0 437436 78 0.041007041931152344
decode: 78 0 437514 78 0.0409543514251709
decode: 78 0 437592 78 0.04096055030822754
decode: 78 0 437670 78 0.040796518325805664
decode: 78 0 437748 78 0.040894508361816406
decode: 78 0 437826 78 0.0409548282623291
decode: 78 0 437904 78 0.040811777114868164
decode: 78 0 437982 78 0.040769100189208984
decode: 78 0 438060 78 0.04120469093322754
decode: 78 0 438138 78 0.04079294204711914
decode: 78 0 438216 78 0.04077291488647461
decode: 78 0 438294 78 0.04076409339904785
decode: 78 0 438372 78 0.04100489616394043
decode: 77 0 435604 77 0.041571855545043945
mixed: 77 1 435604 2048 0.08039569854736328
mixed: 77 1 437652 1274 0.06847572326660156
decode: 78 0 439004 78 0.04310488700866699
decode: 78 0 439082 78 0.04218029975891113
decode: 78 0 439160 78 0.042021751403808594
decode: 78 0 439238 78 0.04195427894592285
decode: 78 0 439316 78 0.04190421104431152
decode: 78 0 439394 78 0.04220080375671387
decode: 78 0 439472 78 0.042237281799316406
decode: 78 0 439550 78 0.042082786560058594
decode: 78 0 439628 78 0.04200005531311035
decode: 78 0 439706 78 0.04199814796447754
decode: 78 0 439784 78 0.04180741310119629
decode: 78 0 439862 78 0.04193711280822754
decode: 78 0 439940 78 0.04198884963989258
decode: 78 0 440018 78 0.04187369346618652
decode: 78 0 440096 78 0.04248547554016113
decode: 78 0 440174 78 0.04192852973937988
decode: 78 0 440252 78 0.04195809364318848
decode: 78 0 440330 78 0.041825294494628906
decode: 78 0 440408 78 0.041908979415893555
decode: 78 0 440486 78 0.041835784912109375
decode: 78 0 440564 78 0.041875362396240234
decode: 78 0 440642 78 0.04200911521911621
decode: 77 0 433689 77 0.038567304611206055
mixed: 76 1 430389 2047 0.08356714248657227
mixed: 75 1 424366 2048 0.09270834922790527
mixed: 75 2 426414 2048 0.08627653121948242
mixed: 76 2 428462 2048 0.08789229393005371
mixed: 77 1 430510 2048 0.08485269546508789
mixed: 77 1 432558 2048 0.08995819091796875
mixed: 77 2 434606 2048 0.09214234352111816
mixed: 77 1 429329 2048 0.08508157730102539
mixed: 77 2 431377 2048 0.08520793914794922
mixed: 78 1 433425 2048 0.08814501762390137
mixed: 78 2 435473 2048 0.09290719032287598
mixed: 79 1 437521 2048 0.08358263969421387
mixed: 79 1 439569 2048 0.08997535705566406
mixed: 79 1 441617 747 0.04885101318359375
decode: 80 0 442444 80 0.04146146774291992
decode: 80 0 442524 80 0.040883779525756836
decode: 80 0 442604 80 0.04069328308105469
decode: 80 0 442684 80 0.04043221473693848
decode: 78 0 429310 78 0.037017107009887695
mixed: 78 2 429310 2048 0.08093070983886719
mixed: 79 1 431358 2048 0.08565735816955566
mixed: 79 2 433406 2048 0.08681678771972656
mixed: 80 1 435454 2048 0.08704209327697754
mixed: 79 1 434679 112 0.029898405075073242
decode: 80 0 434871 80 0.03745079040527344
decode: 80 0 434951 80 0.03675675392150879
decode: 80 0 435031 80 0.03678154945373535
decode: 80 0 435111 80 0.0367429256439209
decode: 80 0 435191 80 0.03676891326904297
decode: 80 0 435271 80 0.03672313690185547
decode: 80 0 435351 80 0.03673815727233887
decode: 80 0 435431 80 0.03660273551940918
decode: 80 0 435511 80 0.03646731376647949
decode: 80 0 435591 80 0.0365290641784668
decode: 80 0 435671 80 0.03661346435546875
decode: 80 0 435751 80 0.03657960891723633
decode: 80 0 435831 80 0.0365297794342041
decode: 80 0 435911 80 0.036540985107421875
decode: 80 0 435991 80 0.03661799430847168
decode: 80 0 436071 80 0.036568403244018555
decode: 79 0 432056 79 0.03882002830505371
mixed: 79 1 432056 2048 0.08295059204101562
mixed: 79 1 434104 2048 0.09077739715576172
mixed: 79 1 436152 2048 0.09474968910217285
mixed: 79 1 438200 2029 0.10048556327819824
decode: 80 0 440309 80 0.03933525085449219
decode: 80 0 440389 80 0.03775215148925781
decode: 80 0 440469 80 0.03750014305114746
decode: 80 0 440549 80 0.037461280822753906
decode: 80 0 440629 80 0.03746843338012695
decode: 80 0 440709 80 0.03746604919433594
decode: 80 0 440789 80 0.037507057189941406
decode: 80 0 440869 80 0.037558555603027344
decode: 80 0 440949 80 0.0378422737121582
decode: 80 0 441029 80 0.03740191459655762
decode: 80 0 441109 80 0.03737068176269531
decode: 80 0 441189 80 0.03763270378112793
decode: 80 0 441269 80 0.037369728088378906
decode: 80 0 441349 80 0.03795886039733887
decode: 80 0 441429 80 0.03751420974731445
decode: 80 0 441509 80 0.03743290901184082
decode: 80 0 441589 80 0.03735923767089844
decode: 80 0 441669 80 0.0374605655670166
decode: 80 0 441749 80 0.0373842716217041
decode: 80 0 441829 80 0.03747391700744629
decode: 80 0 441909 80 0.03747081756591797
decode: 80 0 441989 80 0.03752946853637695
decode: 80 0 442069 80 0.03735160827636719
decode: 80 0 442149 80 0.03741860389709473
decode: 80 0 442229 80 0.037467002868652344
decode: 80 0 442309 80 0.03753089904785156
decode: 79 0 439658 79 0.03903555870056152
mixed: 78 1 436496 2047 0.08374214172363281
mixed: 78 1 438543 2048 0.09092569351196289
mixed: 78 1 440591 154 0.03109264373779297
decode: 79 0 440824 79 0.04042172431945801
decode: 79 0 440903 79 0.039235830307006836
decode: 79 0 440982 79 0.03917741775512695
decode: 79 0 441061 79 0.039211273193359375
decode: 78 0 431821 78 0.038861751556396484
mixed: 78 1 431821 2048 0.08106684684753418
mixed: 77 1 426579 2048 0.09361553192138672
mixed: 77 1 428627 2048 0.09519433975219727
mixed: 77 1 430675 1199 0.06462883949279785
decode: 78 0 431952 78 0.041266441345214844
decode: 78 0 432030 78 0.039295196533203125
decode: 78 0 432108 78 0.03885817527770996
decode: 78 0 432186 78 0.0388941764831543
decode: 78 0 432264 78 0.03892111778259277
decode: 78 0 432342 78 0.03892254829406738
decode: 78 0 432420 78 0.038895606994628906
decode: 78 0 432498 78 0.03888511657714844
decode: 78 0 432576 78 0.038726806640625
decode: 78 0 432654 78 0.03873634338378906
decode: 78 0 432732 78 0.038761138916015625
decode: 78 0 432810 78 0.03879213333129883
decode: 78 0 432888 78 0.03871345520019531
decode: 78 0 432966 78 0.0386805534362793
decode: 78 0 433044 78 0.038758039474487305
decode: 78 0 433122 78 0.038811683654785156
decode: 78 0 433200 78 0.03882431983947754
decode: 78 0 433278 78 0.038949012756347656
decode: 78 0 433356 78 0.03875112533569336
decode: 78 0 433434 78 0.03876209259033203
decode: 78 0 433512 78 0.03873252868652344
decode: 78 0 433590 78 0.0388028621673584
decode: 78 0 433668 78 0.038870811462402344
decode: 78 0 433746 78 0.038817644119262695
decode: 78 0 433824 78 0.038770437240600586
decode: 78 0 433902 78 0.0387575626373291
decode: 78 0 433980 78 0.038865089416503906
decode: 78 0 434058 78 0.03888964653015137
decode: 78 0 434136 78 0.03880119323730469
decode: 78 0 434214 78 0.03877067565917969
decode: 78 0 434292 78 0.0388031005859375
decode: 78 0 434370 78 0.03881120681762695
decode: 78 0 434448 78 0.03881955146789551
decode: 78 0 434526 78 0.03891563415527344
decode: 77 0 427946 77 0.037738800048828125
mixed: 77 1 427946 2048 0.0825812816619873
mixed: 77 1 429994 2048 0.0901956558227539
mixed: 77 1 432042 2048 0.09466886520385742
mixed: 77 2 434090 2048 0.09416007995605469
mixed: 78 1 436138 2048 0.08434939384460449
mixed: 78 1 438186 2048 0.09097552299499512
mixed: 78 1 440234 308 0.03435349464416504
decode: 79 0 440621 79 0.03982210159301758
decode: 79 0 440700 79 0.03954052925109863
decode: 79 0 440779 79 0.03975081443786621
decode: 79 0 440858 79 0.039710044860839844
decode: 79 0 440937 79 0.04012250900268555
decode: 79 0 441016 79 0.039701223373413086
decode: 78 0 434394 78 0.03831362724304199
mixed: 78 1 434394 2048 0.0813453197479248
mixed: 78 1 436442 2048 0.09059786796569824
mixed: 78 1 438490 2048 0.09660792350769043
mixed: 78 1 440538 409 0.0396275520324707
decode: 79 0 441026 79 0.03939414024353027
decode: 79 0 441105 79 0.03876805305480957
decode: 79 0 441184 79 0.03865551948547363
decode: 79 0 441263 79 0.0386347770690918
decode: 79 0 441342 79 0.03905010223388672
decode: 79 0 441421 79 0.03894495964050293
decode: 79 0 441500 79 0.038640499114990234
decode: 79 0 441579 79 0.03892040252685547
decode: 78 0 438502 78 0.037713050842285156
decode: 78 0 438580 78 0.037709951400756836
decode: 77 0 433166 77 0.03783607482910156
mixed: 77 1 433166 2048 0.08046960830688477
mixed: 77 1 435214 2048 0.09100532531738281
mixed: 77 1 437262 674 0.05057668685913086
decode: 78 0 438014 78 0.03803443908691406
decode: 78 0 438092 78 0.0379176139831543
decode: 78 0 438170 78 0.03814077377319336
decode: 78 0 438248 78 0.03796792030334473
decode: 78 0 438326 78 0.03791499137878418
decode: 78 0 438404 78 0.03798508644104004
decode: 78 0 438482 78 0.038057565689086914
decode: 78 0 438560 78 0.037781715393066406
decode: 78 0 438638 78 0.0377655029296875
decode: 78 0 438716 78 0.03777647018432617
decode: 78 0 438794 78 0.037764549255371094
decode: 78 0 438872 78 0.037693023681640625
decode: 78 0 438950 78 0.03785228729248047
decode: 78 0 439028 78 0.03780984878540039
decode: 78 0 439106 78 0.03789234161376953
decode: 78 0 439184 78 0.03838753700256348
decode: 78 0 439262 78 0.03824257850646973
decode: 78 0 439340 78 0.03829193115234375
decode: 78 0 439418 78 0.038269996643066406
decode: 78 0 439496 78 0.03827023506164551
decode: 78 0 439574 78 0.0379641056060791
decode: 78 0 439652 78 0.03840327262878418
decode: 78 0 439730 78 0.03788590431213379
decode: 78 0 439808 78 0.03792738914489746
decode: 78 0 439886 78 0.03820967674255371
decode: 78 0 439964 78 0.03826618194580078
decode: 78 0 440042 78 0.03833723068237305
decode: 78 0 440120 78 0.0383908748626709
decode: 78 0 440198 78 0.03853774070739746
decode: 78 0 440276 78 0.03791069984436035
decode: 78 0 440354 78 0.03787827491760254
decode: 78 0 440432 78 0.03803753852844238
decode: 78 0 440510 78 0.03815150260925293
decode: 78 0 440588 78 0.03837156295776367
decode: 77 0 435383 77 0.038718223571777344
mixed: 76 1 427874 2047 0.08325958251953125
mixed: 76 2 429921 2048 0.08540844917297363
mixed: 76 1 424632 2048 0.08767390251159668
mixed: 76 1 426680 2048 0.0923910140991211
mixed: 76 1 428728 2048 0.09797024726867676
mixed: 76 2 430776 2048 0.09143686294555664
mixed: 77 1 432824 2048 0.08723616600036621
mixed: 77 1 434872 948 0.051496267318725586
decode: 78 0 435898 78 0.04071521759033203
decode: 78 0 435976 78 0.04031205177307129
decode: 77 0 427560 77 0.03690934181213379
mixed: 77 1 427560 2048 0.08286476135253906
mixed: 76 1 421078 2048 0.09912824630737305
mixed: 76 1 423126 2048 0.09566235542297363
mixed: 75 2 421654 2048 0.10032105445861816
mixed: 76 1 423702 2048 0.08366203308105469
mixed: 76 1 425750 2048 0.09073162078857422
mixed: 76 2 427798 2048 0.08546280860900879
mixed: 77 1 429846 2048 0.08789992332458496
mixed: 77 1 431894 2048 0.09350919723510742
mixed: 77 2 433942 2048 0.08730697631835938
mixed: 78 2 435990 2048 0.08562111854553223
mixed: 79 1 438038 2048 0.0862112045288086
mixed: 79 1 440086 110 0.02966451644897461
decode: 80 0 440276 80 0.03656005859375
decode: 80 0 440356 80 0.03624081611633301
decode: 80 0 440436 80 0.03613591194152832
decode: 80 0 440516 80 0.03614926338195801
decode: 80 0 440596 80 0.03617405891418457
decode: 80 0 440676 80 0.036164045333862305
decode: 80 0 440756 80 0.036165714263916016
decode: 80 0 440836 80 0.03620743751525879
decode: 80 0 440916 80 0.036093711853027344
decode: 80 0 440996 80 0.03604292869567871
decode: 80 0 441076 80 0.036019325256347656
decode: 80 0 441156 80 0.03600430488586426
decode: 80 0 441236 80 0.03610634803771973
decode: 79 0 436199 79 0.03821969032287598
decode: 79 0 436278 79 0.03815960884094238
decode: 79 0 436357 79 0.03817009925842285
decode: 79 0 436436 79 0.03818917274475098
decode: 79 0 436515 79 0.03820514678955078
decode: 79 0 436594 79 0.03821206092834473
decode: 79 0 436673 79 0.03819751739501953
decode: 79 0 436752 79 0.038234710693359375
decode: 78 0 429844 78 0.03594851493835449
mixed: 78 1 429844 2048 0.08010745048522949
mixed: 78 1 431892 2048 0.09061884880065918
mixed: 78 1 433940 1977 0.09468221664428711
decode: 79 0 435996 79 0.03786754608154297
decode: 79 0 436075 79 0.03663206100463867
decode: 79 0 436154 79 0.0363621711730957
decode: 79 0 436233 79 0.03627824783325195
decode: 79 0 436312 79 0.03627967834472656
decode: 79 0 436391 79 0.03631162643432617
decode: 79 0 436470 79 0.036324262619018555
decode: 79 0 436549 79 0.036219120025634766
decode: 79 0 436628 79 0.03619575500488281
decode: 79 0 436707 79 0.03611302375793457
decode: 79 0 436786 79 0.03610801696777344
decode: 79 0 436865 79 0.036283254623413086
decode: 79 0 436944 79 0.036134958267211914
decode: 79 0 437023 79 0.03606891632080078
decode: 79 0 437102 79 0.036080121994018555
decode: 79 0 437181 79 0.036121368408203125
decode: 79 0 437260 79 0.03610634803771973
decode: 78 0 434820 78 0.03607988357543945
decode: 78 0 434898 78 0.03607439994812012
decode: 78 0 434976 78 0.036118268966674805
decode: 78 0 435054 78 0.03615164756774902
decode: 78 0 435132 78 0.036147356033325195
decode: 78 0 435210 78 0.03641462326049805
decode: 78 0 435288 78 0.03642606735229492
decode: 78 0 435366 78 0.036420345306396484
decode: 78 0 435444 78 0.0363306999206543
decode: 78 0 435522 78 0.03644609451293945
decode: 78 0 435600 78 0.03654360771179199
decode: 78 0 435678 78 0.03640890121459961
decode: 78 0 435756 78 0.03632068634033203
decode: 78 0 435834 78 0.036273956298828125
decode: 78 0 435912 78 0.03623628616333008
decode: 78 0 435990 78 0.0361630916595459
decode: 78 0 436068 78 0.03623008728027344
decode: 78 0 436146 78 0.03690624237060547
decode: 78 0 436224 78 0.03633856773376465
decode: 78 0 436302 78 0.03634524345397949
decode: 78 0 436380 78 0.03636884689331055
decode: 78 0 436458 78 0.03636670112609863
decode: 78 0 436536 78 0.03686809539794922
decode: 78 0 436614 78 0.03635883331298828
decode: 78 0 436692 78 0.0364069938659668
decode: 78 0 436770 78 0.03629922866821289
decode: 78 0 436848 78 0.03630971908569336
decode: 78 0 436926 78 0.036754608154296875
decode: 78 0 437004 78 0.03676128387451172
decode: 78 0 437082 78 0.03642559051513672
decode: 78 0 437160 78 0.03647923469543457
decode: 78 0 437238 78 0.036333560943603516
decode: 78 0 437316 78 0.03633403778076172
decode: 78 0 437394 78 0.03662586212158203
decode: 78 0 437472 78 0.036683082580566406
decode: 78 0 437550 78 0.03702116012573242
decode: 78 0 437628 78 0.0364995002746582
decode: 78 0 437706 78 0.036528825759887695
decode: 78 0 437784 78 0.0366363525390625
decode: 78 0 437862 78 0.03685593605041504
decode: 78 0 437940 78 0.03687691688537598
decode: 78 0 438018 78 0.0369415283203125
decode: 78 0 438096 78 0.03660750389099121
decode: 78 0 438174 78 0.03697347640991211
decode: 78 0 438252 78 0.03693056106567383
decode: 77 0 429962 77 0.03650498390197754
mixed: 77 1 429962 2048 0.08513641357421875
mixed: 77 1 432010 2048 0.08961725234985352
mixed: 77 2 434058 2048 0.08555746078491211
mixed: 78 1 436106 604 0.045119285583496094
decode: 79 0 436789 79 0.03714466094970703
decode: 79 0 436868 79 0.037198781967163086
decode: 79 0 436947 79 0.03725862503051758
decode: 79 0 437026 79 0.03678083419799805
decode: 79 0 437105 79 0.03716731071472168
decode: 79 0 437184 79 0.0368342399597168
decode: 79 0 437263 79 0.036873817443847656
decode: 79 0 437342 79 0.03683328628540039
decode: 79 0 437421 79 0.0371396541595459
decode: 79 0 437500 79 0.03713536262512207
decode: 79 0 437579 79 0.03661346435546875
decode: 79 0 437658 79 0.03697657585144043
decode: 79 0 437737 79 0.03660893440246582
decode: 79 0 437816 79 0.036635398864746094
decode: 79 0 437895 79 0.036565303802490234
decode: 79 0 437974 79 0.03675484657287598
decode: 79 0 438053 79 0.036908864974975586
decode: 78 0 434225 78 0.036138057708740234
decode: 78 0 434303 78 0.036173343658447266
decode: 78 0 434381 78 0.0356900691986084
decode: 78 0 434459 78 0.03609156608581543
decode: 78 0 434537 78 0.03607773780822754
decode: 78 0 434615 78 0.03575921058654785
decode: 78 0 434693 78 0.035729169845581055
decode: 78 0 434771 78 0.03566884994506836
decode: 78 0 434849 78 0.035565853118896484
decode: 78 0 434927 78 0.035675764083862305
decode: 78 0 435005 78 0.03598499298095703
decode: 78 0 435083 78 0.036041259765625
decode: 78 0 435161 78 0.0357518196105957
decode: 78 0 435239 78 0.03594088554382324
decode: 78 0 435317 78 0.03563404083251953
decode: 78 0 435395 78 0.03560781478881836
decode: 78 0 435473 78 0.03562355041503906
decode: 78 0 435551 78 0.03576064109802246
decode: 78 0 435629 78 0.03585696220397949
decode: 78 0 435707 78 0.035924673080444336
decode: 78 0 435785 78 0.035787105560302734
decode: 78 0 435863 78 0.03597211837768555
decode: 78 0 435941 78 0.03612852096557617
decode: 77 0 428740 77 0.03817009925842285
mixed: 77 2 428740 2048 0.08462095260620117
mixed: 78 1 430788 1488 0.0721750259399414
decode: 79 0 432355 79 0.04011845588684082
decode: 79 0 432434 79 0.03839278221130371
decode: 79 0 432513 79 0.038411855697631836
decode: 79 0 432592 79 0.03809928894042969
decode: 79 0 432671 79 0.03812074661254883
decode: 79 0 432750 79 0.038120269775390625
decode: 79 0 432829 79 0.038071632385253906
decode: 79 0 432908 79 0.037996530532836914
decode: 79 0 432987 79 0.037925004959106445
decode: 79 0 433066 79 0.03830122947692871
decode: 79 0 433145 79 0.03803873062133789
decode: 79 0 433224 79 0.03815031051635742
decode: 79 0 433303 79 0.03793597221374512
decode: 79 0 433382 79 0.03840899467468262
decode: 79 0 433461 79 0.03796744346618652
decode: 79 0 433540 79 0.038367509841918945
decode: 79 0 433619 79 0.03791475296020508
decode: 79 0 433698 79 0.038185834884643555
decode: 79 0 433777 79 0.0384061336517334
decode: 79 0 433856 79 0.038024187088012695
decode: 79 0 433935 79 0.03843355178833008
decode: 79 0 434014 79 0.038013458251953125
decode: 79 0 434093 79 0.038132429122924805
decode: 79 0 434172 79 0.03846931457519531
decode: 79 0 434251 79 0.03805375099182129
decode: 79 0 434330 79 0.038492441177368164
decode: 79 0 434409 79 0.03804779052734375
decode: 79 0 434488 79 0.03809714317321777
decode: 79 0 434567 79 0.03852987289428711
decode: 79 0 434646 79 0.03864169120788574
decode: 79 0 434725 79 0.03824496269226074
decode: 79 0 434804 79 0.03892207145690918
decode: 79 0 434883 79 0.03841423988342285
decode: 79 0 434962 79 0.03853297233581543
decode: 79 0 435041 79 0.038315773010253906
decode: 79 0 435120 79 0.03826189041137695
decode: 79 0 435199 79 0.038196563720703125
decode: 79 0 435278 79 0.03872990608215332
decode: 79 0 435357 79 0.03917717933654785
decode: 79 0 435436 79 0.03926897048950195
decode: 79 0 435515 79 0.0383753776550293
decode: 79 0 435594 79 0.038691043853759766
decode: 79 0 435673 79 0.039269447326660156
decode: 79 0 435752 79 0.03868675231933594
decode: 79 0 435831 79 0.03856921195983887
decode: 79 0 435910 79 0.03909182548522949
decode: 79 0 435989 79 0.03868746757507324
decode: 79 0 436068 79 0.03920269012451172
decode: 79 0 436147 79 0.03840994834899902
decode: 79 0 436226 79 0.03843259811401367
decode: 79 0 436305 79 0.0392301082611084
decode: 79 0 436384 79 0.038397789001464844
decode: 79 0 436463 79 0.03826761245727539
decode: 79 0 436542 79 0.0386810302734375
decode: 79 0 436621 79 0.038634538650512695
decode: 79 0 436700 79 0.03916668891906738
decode: 79 0 436779 79 0.038496971130371094
decode: 79 0 436858 79 0.03924822807312012
decode: 79 0 436937 79 0.039188385009765625
decode: 79 0 437016 79 0.03931164741516113
decode: 79 0 437095 79 0.038492679595947266
decode: 79 0 437174 79 0.039288997650146484
decode: 79 0 437253 79 0.03855133056640625
decode: 79 0 437332 79 0.0388493537902832
decode: 79 0 437411 79 0.038529396057128906
decode: 79 0 437490 79 0.03877592086791992
decode: 79 0 437569 79 0.03920459747314453
decode: 79 0 437648 79 0.03858041763305664
decode: 79 0 437727 79 0.03863835334777832
decode: 79 0 437806 79 0.038587331771850586
decode: 79 0 437885 79 0.039342641830444336
decode: 79 0 437964 79 0.03854513168334961
decode: 79 0 438043 79 0.03860783576965332
decode: 79 0 438122 79 0.03916788101196289
decode: 79 0 438201 79 0.03851914405822754
decode: 79 0 438280 79 0.03850865364074707
decode: 78 0 432358 78 0.03708314895629883
decode: 78 0 432436 78 0.03702902793884277
decode: 78 0 432514 78 0.03700590133666992
decode: 77 0 425217 77 0.035809993743896484
mixed: 77 1 425217 2048 0.0798187255859375
mixed: 77 1 427265 2048 0.08900213241577148
mixed: 77 1 429313 2048 0.09468674659729004
mixed: 77 1 431361 770 0.05254101753234863
decode: 78 0 432209 78 0.03928637504577637
decode: 78 0 432287 78 0.03869128227233887
decode: 78 0 432365 78 0.03851914405822754
decode: 78 0 432443 78 0.038678646087646484
decode: 78 0 432521 78 0.03873133659362793
decode: 78 0 432599 78 0.03875422477722168
decode: 78 0 432677 78 0.038721561431884766
decode: 78 0 432755 78 0.03865170478820801
decode: 78 0 432833 78 0.03865551948547363
decode: 78 0 432911 78 0.03854084014892578
decode: 78 0 432989 78 0.03842020034790039
decode: 78 0 433067 78 0.03843235969543457
decode: 78 0 433145 78 0.03845858573913574
decode: 78 0 433223 78 0.03850054740905762
decode: 78 0 433301 78 0.03854775428771973
decode: 78 0 433379 78 0.03856825828552246
decode: 78 0 433457 78 0.038537025451660156
decode: 78 0 433535 78 0.03868389129638672
decode: 78 0 433613 78 0.038658857345581055
decode: 78 0 433691 78 0.03853201866149902
decode: 78 0 433769 78 0.03865623474121094
decode: 78 0 433847 78 0.03850436210632324
decode: 78 0 433925 78 0.038468122482299805
decode: 78 0 434003 78 0.03852128982543945
decode: 78 0 434081 78 0.03855109214782715
decode: 78 0 434159 78 0.03853797912597656
decode: 78 0 434237 78 0.0385890007019043
decode: 78 0 434315 78 0.03869891166687012
decode: 78 0 434393 78 0.038652658462524414
decode: 78 0 434471 78 0.03877139091491699
decode: 78 0 434549 78 0.03865456581115723
decode: 78 0 434627 78 0.03859424591064453
decode: 78 0 434705 78 0.03877115249633789
decode: 78 0 434783 78 0.03864622116088867
decode: 78 0 434861 78 0.03857254981994629
decode: 78 0 434939 78 0.03910112380981445
decode: 78 0 435017 78 0.0387578010559082
decode: 78 0 435095 78 0.03873848915100098
decode: 78 0 435173 78 0.038736820220947266
decode: 78 0 435251 78 0.0387578010559082
decode: 78 0 435329 78 0.03870677947998047
decode: 78 0 435407 78 0.038843631744384766
decode: 78 0 435485 78 0.03876018524169922
decode: 78 0 435563 78 0.03904104232788086
decode: 78 0 435641 78 0.03876924514770508
decode: 78 0 435719 78 0.0387880802154541
decode: 78 0 435797 78 0.03871941566467285
decode: 78 0 435875 78 0.03882026672363281
decode: 78 0 435953 78 0.03882026672363281
decode: 78 0 436031 78 0.038869380950927734
decode: 78 0 436109 78 0.03873729705810547
decode: 78 0 436187 78 0.03907442092895508
decode: 78 0 436265 78 0.038866281509399414
decode: 78 0 436343 78 0.03885841369628906
decode: 78 0 436421 78 0.03874683380126953
decode: 78 0 436499 78 0.03884482383728027
decode: 78 0 436577 78 0.03882741928100586
decode: 78 0 436655 78 0.038721561431884766
decode: 78 0 436733 78 0.039107322692871094
decode: 78 0 436811 78 0.03883051872253418
decode: 78 0 436889 78 0.03873729705810547
decode: 78 0 436967 78 0.03879070281982422
decode: 78 0 437045 78 0.03877568244934082
decode: 78 0 437123 78 0.0387883186340332
decode: 78 0 437201 78 0.03878593444824219
decode: 77 0 434903 77 0.03862810134887695
mixed: 77 1 434903 2048 0.08551359176635742
mixed: 77 1 436951 2048 0.09104299545288086
mixed: 77 1 438999 1503 0.08164215087890625
decode: 78 0 440580 78 0.040130615234375
decode: 78 0 440658 78 0.039018869400024414
decode: 78 0 440736 78 0.038645029067993164
decode: 78 0 440814 78 0.03867745399475098
decode: 78 0 440892 78 0.03880500793457031
decode: 78 0 440970 78 0.03883719444274902
decode: 78 0 441048 78 0.03880500793457031
decode: 78 0 441126 78 0.03875422477722168
decode: 78 0 441204 78 0.03869199752807617
decode: 78 0 441282 78 0.038628578186035156
decode: 78 0 441360 78 0.03853750228881836
decode: 78 0 441438 78 0.038506507873535156
decode: 78 0 441516 78 0.03853774070739746
decode: 78 0 441594 78 0.03851819038391113
decode: 78 0 441672 78 0.038550615310668945
decode: 78 0 441750 78 0.038617849349975586
decode: 78 0 441828 78 0.03865504264831543
decode: 78 0 441906 78 0.03861832618713379
decode: 78 0 441984 78 0.03865480422973633
decode: 78 0 442062 78 0.038672685623168945
decode: 78 0 442140 78 0.038584232330322266
decode: 76 0 426438 76 0.035897254943847656
mixed: 76 1 426438 2048 0.0799405574798584
mixed: 76 2 428486 2048 0.0875101089477539
mixed: 75 1 417261 2048 0.08345532417297363
mixed: 75 2 419309 2048 0.08412313461303711
mixed: 75 2 417707 2048 0.0828251838684082
mixed: 76 1 419755 2048 0.08754611015319824
mixed: 76 1 421803 2048 0.09353971481323242
mixed: 76 2 423851 2048 0.09103012084960938
mixed: 77 2 425899 2048 0.08392095565795898
mixed: 78 1 427947 2048 0.08621382713317871
mixed: 78 2 429995 2048 0.08390426635742188
mixed: 79 1 432043 2048 0.0896599292755127
mixed: 79 1 434091 2048 0.09640359878540039
mixed: 79 1 436139 1747 0.09181714057922363
decode: 80 0 437966 80 0.03930807113647461
decode: 80 0 438046 80 0.03838348388671875
decode: 80 0 438126 80 0.03811144828796387
decode: 80 0 438206 80 0.03803753852844238
decode: 80 0 438286 80 0.038027286529541016
decode: 80 0 438366 80 0.038051605224609375
decode: 80 0 438446 80 0.038075923919677734
decode: 80 0 438526 80 0.037969112396240234
decode: 80 0 438606 80 0.037752628326416016
decode: 80 0 438686 80 0.037798166275024414
decode: 80 0 438766 80 0.03794670104980469
decode: 80 0 438846 80 0.03800010681152344
decode: 80 0 438926 80 0.038091421127319336
decode: 80 0 439006 80 0.038076162338256836
decode: 80 0 439086 80 0.03833937644958496
decode: 80 0 439166 80 0.038149118423461914
decode: 80 0 439246 80 0.0380702018737793
decode: 80 0 439326 80 0.038018226623535156
decode: 80 0 439406 80 0.03799700736999512
decode: 80 0 439486 80 0.03803825378417969
decode: 80 0 439566 80 0.03797578811645508
decode: 80 0 439646 80 0.03802347183227539
decode: 80 0 439726 80 0.0378570556640625
decode: 79 0 435805 79 0.03693342208862305
decode: 79 0 435884 79 0.037114620208740234
decode: 79 0 435963 79 0.037195682525634766
decode: 79 0 436042 79 0.03717184066772461
decode: 79 0 436121 79 0.0370945930480957
decode: 79 0 436200 79 0.037004947662353516
decode: 79 0 436279 79 0.03703927993774414
decode: 79 0 436358 79 0.036994218826293945
decode: 79 0 436437 79 0.03701353073120117
decode: 79 0 436516 79 0.03691887855529785
decode: 79 0 436595 79 0.03699183464050293
decode: 79 0 436674 79 0.037253618240356445
decode: 79 0 436753 79 0.03714323043823242
decode: 79 0 436832 79 0.037081241607666016
decode: 79 0 436911 79 0.037020206451416016
decode: 79 0 436990 79 0.03707742691040039
decode: 79 0 437069 79 0.03727221488952637
decode: 79 0 437148 79 0.03719305992126465
decode: 79 0 437227 79 0.03702950477600098
decode: 79 0 437306 79 0.03702402114868164
decode: 79 0 437385 79 0.03711748123168945
decode: 79 0 437464 79 0.03710436820983887
decode: 79 0 437543 79 0.037035226821899414
decode: 79 0 437622 79 0.0369875431060791
decode: 79 0 437701 79 0.03698372840881348
decode: 79 0 437780 79 0.03704047203063965
decode: 79 0 437859 79 0.03708195686340332
decode: 79 0 437938 79 0.03705453872680664
decode: 79 0 438017 79 0.03699779510498047
decode: 79 0 438096 79 0.037014007568359375
decode: 79 0 438175 79 0.03709864616394043
decode: 79 0 438254 79 0.037172555923461914
decode: 79 0 438333 79 0.03734898567199707
decode: 79 0 438412 79 0.03710794448852539
decode: 79 0 438491 79 0.03704667091369629
decode: 79 0 438570 79 0.03708076477050781
decode: 79 0 438649 79 0.03719472885131836
decode: 79 0 438728 79 0.037230491638183594
decode: 78 0 431290 78 0.03527379035949707
mixed: 78 1 431290 2048 0.08445262908935547
mixed: 78 1 433338 2048 0.09004902839660645
mixed: 78 1 435386 1085 0.05874037742614746
decode: 79 0 436550 79 0.03706860542297363
decode: 79 0 436629 79 0.03574204444885254
decode: 79 0 436708 79 0.03545856475830078
decode: 79 0 436787 79 0.03539586067199707
decode: 79 0 436866 79 0.035387516021728516
decode: 79 0 436945 79 0.03538942337036133
decode: 79 0 437024 79 0.035399675369262695
decode: 79 0 437103 79 0.0354158878326416
decode: 79 0 437182 79 0.03543210029602051
decode: 79 0 437261 79 0.03530120849609375
decode: 79 0 437340 79 0.035353899002075195
decode: 79 0 437419 79 0.03527188301086426
decode: 78 0 432028 78 0.0361332893371582
mixed: 77 1 428225 2047 0.08461499214172363
mixed: 77 1 430272 2048 0.09136724472045898
mixed: 77 1 432320 2048 0.09509682655334473
mixed: 77 1 434368 344 0.037929534912109375
decode: 78 0 434790 78 0.04014134407043457
decode: 78 0 434868 78 0.03991842269897461
decode: 78 0 434946 78 0.03983712196350098
decode: 78 0 435024 78 0.0398402214050293
decode: 78 0 435102 78 0.039865732192993164
decode: 78 0 435180 78 0.039849042892456055
decode: 78 0 435258 78 0.039876699447631836
decode: 78 0 435336 78 0.03994941711425781
decode: 78 0 435414 78 0.039763450622558594
decode: 78 0 435492 78 0.0396428108215332
decode: 78 0 435570 78 0.03964638710021973
decode: 78 0 435648 78 0.03959989547729492
decode: 78 0 435726 78 0.03963184356689453
decode: 77 0 432720 77 0.03888106346130371
mixed: 77 1 432720 2048 0.08267092704772949
mixed: 77 1 434768 2048 0.09276962280273438
mixed: 77 1 436816 2048 0.09605526924133301
mixed: 77 1 438864 1500 0.0849299430847168
decode: 78 0 440442 78 0.04108786582946777
decode: 78 0 440520 78 0.039916276931762695
decode: 78 0 440598 78 0.039673805236816406
decode: 78 0 440676 78 0.03970193862915039
decode: 78 0 440754 78 0.0396580696105957
decode: 77 0 433689 77 0.039739370346069336
mixed: 77 1 433689 2045 0.08264875411987305
decode: 78 0 435812 78 0.04134678840637207
decode: 78 0 435890 78 0.0400080680847168
decode: 78 0 435968 78 0.03986692428588867
decode: 78 0 436046 78 0.03984189033508301
decode: 78 0 436124 78 0.03980374336242676
decode: 77 0 427112 77 0.036566972732543945
mixed: 77 1 427112 2048 0.08363771438598633
mixed: 77 1 429160 2048 0.09027671813964844
mixed: 77 1 431208 2048 0.09569215774536133
mixed: 77 1 433256 715 0.04961442947387695
decode: 78 0 434049 78 0.040573835372924805
decode: 78 0 434127 78 0.0401463508605957
decode: 78 0 434205 78 0.039829254150390625
decode: 78 0 434283 78 0.039765357971191406
decode: 78 0 434361 78 0.03966021537780762
decode: 78 0 434439 78 0.03967905044555664
decode: 78 0 434517 78 0.03994417190551758
decode: 78 0 434595 78 0.03979945182800293
decode: 78 0 434673 78 0.03978157043457031
decode: 78 0 434751 78 0.03987836837768555
decode: 78 0 434829 78 0.03966045379638672
decode: 78 0 434907 78 0.039554595947265625
decode: 78 0 434985 78 0.039520263671875
decode: 78 0 435063 78 0.03957796096801758
decode: 78 0 435141 78 0.03961825370788574
decode: 77 0 426199 77 0.03506588935852051
mixed: 77 1 426199 2048 0.08202314376831055
mixed: 77 1 428247 2048 0.09050846099853516
mixed: 77 1 430295 2048 0.09563636779785156
mixed: 77 2 432343 2048 0.09800148010253906
mixed: 78 2 434391 2048 0.08353090286254883
mixed: 79 1 436439 1321 0.07099390029907227
decode: 80 0 437840 80 0.04043841361999512
decode: 80 0 437920 80 0.039426565170288086
decode: 80 0 438000 80 0.03922104835510254
decode: 80 0 438080 80 0.039182424545288086
decode: 80 0 438160 80 0.03918743133544922
decode: 80 0 438240 80 0.03917217254638672
decode: 79 0 430905 79 0.03535771369934082
mixed: 79 1 430905 2048 0.08122754096984863
mixed: 79 2 432953 2048 0.0893564224243164
mixed: 80 1 435001 2048 0.08527040481567383
mixed: 80 1 437049 2048 0.09038424491882324
mixed: 80 1 439097 243 0.03261303901672363
decode: 81 0 439421 81 0.03949856758117676
decode: 81 0 439502 81 0.03900027275085449
decode: 81 0 439583 81 0.038892269134521484
decode: 81 0 439664 81 0.0389399528503418
decode: 81 0 439745 81 0.03894996643066406
decode: 81 0 439826 81 0.03891181945800781
decode: 81 0 439907 81 0.03897881507873535
decode: 81 0 439988 81 0.03882908821105957
decode: 81 0 440069 81 0.038779497146606445
decode: 81 0 440150 81 0.03874516487121582
decode: 81 0 440231 81 0.0387270450592041
decode: 81 0 440312 81 0.03875541687011719
decode: 80 0 433349 80 0.036432743072509766
mixed: 80 1 433349 2048 0.08313155174255371
mixed: 80 1 435397 2048 0.09062743186950684
mixed: 80 1 437445 1921 0.09393048286437988
decode: 81 0 439447 81 0.03992414474487305
decode: 81 0 439528 81 0.03758835792541504
decode: 81 0 439609 81 0.036805152893066406
decode: 81 0 439690 81 0.036939382553100586
decode: 81 0 439771 81 0.03697943687438965
decode: 81 0 439852 81 0.03682518005371094
decode: 81 0 439933 81 0.03680253028869629
decode: 81 0 440014 81 0.03680300712585449
decode: 80 0 437049 80 0.03632497787475586
decode: 80 0 437129 80 0.03624296188354492
decode: 80 0 437209 80 0.03621959686279297
decode: 80 0 437289 80 0.03625345230102539
decode: 80 0 437369 80 0.03631114959716797
decode: 80 0 437449 80 0.03628063201904297
decode: 80 0 437529 80 0.03628230094909668
decode: 80 0 437609 80 0.036220550537109375
decode: 80 0 437689 80 0.03623795509338379
decode: 80 0 437769 80 0.036232709884643555
decode: 80 0 437849 80 0.03624677658081055
decode: 80 0 437929 80 0.03624463081359863
decode: 80 0 438009 80 0.036241769790649414
decode: 80 0 438089 80 0.03632330894470215
decode: 80 0 438169 80 0.03632235527038574
decode: 80 0 438249 80 0.03628087043762207
decode: 80 0 438329 80 0.03622245788574219
decode: 80 0 438409 80 0.036263227462768555
decode: 80 0 438489 80 0.036283016204833984
decode: 80 0 438569 80 0.03635072708129883
decode: 80 0 438649 80 0.03628253936767578
decode: 80 0 438729 80 0.036287546157836914
decode: 80 0 438809 80 0.03642868995666504
decode: 80 0 438889 80 0.0363621711730957
decode: 79 0 434672 79 0.0363314151763916
mixed: 79 1 434672 2048 0.08144235610961914
mixed: 79 1 436720 2048 0.09166097640991211
mixed: 78 2 433867 2048 0.09525513648986816
mixed: 78 2 427550 2048 0.08277702331542969
mixed: 79 1 429598 2048 0.08816289901733398
mixed: 79 1 431646 2048 0.09212613105773926
mixed: 79 1 433694 1175 0.06152606010437012
decode: 80 0 434949 80 0.03786802291870117
decode: 80 0 435029 80 0.036717891693115234
decode: 80 0 435109 80 0.03655362129211426
decode: 80 0 435189 80 0.03642082214355469
decode: 80 0 435269 80 0.03643012046813965
decode: 80 0 435349 80 0.03642439842224121
decode: 80 0 435429 80 0.036414146423339844
decode: 80 0 435509 80 0.03642916679382324
decode: 80 0 435589 80 0.03647589683532715
decode: 80 0 435669 80 0.03629326820373535
decode: 80 0 435749 80 0.03625822067260742
decode: 80 0 435829 80 0.036272525787353516
decode: 80 0 435909 80 0.036261558532714844
decode: 80 0 435989 80 0.03623223304748535
decode: 80 0 436069 80 0.036255836486816406
decode: 80 0 436149 80 0.036314964294433594
decode: 80 0 436229 80 0.0363006591796875
decode: 80 0 436309 80 0.03633475303649902
decode: 80 0 436389 80 0.03631401062011719
decode: 80 0 436469 80 0.036279916763305664
decode: 80 0 436549 80 0.03630518913269043
decode: 79 0 432059 79 0.03659796714782715
mixed: 79 1 432059 2048 0.08200383186340332
mixed: 79 1 434107 2048 0.0902557373046875
mixed: 79 1 436155 2048 0.09647178649902344
mixed: 79 1 438203 1278 0.06722044944763184
decode: 80 0 439561 80 0.03812050819396973
decode: 80 0 439641 80 0.03698277473449707
decode: 80 0 439721 80 0.036733388900756836
decode: 80 0 439801 80 0.03663969039916992
decode: 80 0 439881 80 0.036737680435180664
decode: 80 0 439961 80 0.03669023513793945
decode: 80 0 440041 80 0.03669285774230957
decode: 80 0 440121 80 0.03676319122314453
decode: 80 0 440201 80 0.0366978645324707
decode: 80 0 440281 80 0.036631107330322266
decode: 79 0 437692 79 0.03732466697692871
decode: 79 0 437771 79 0.03740859031677246
decode: 79 0 437850 79 0.037392377853393555
decode: 79 0 437929 79 0.0375974178314209
decode: 79 0 438008 79 0.037470340728759766
decode: 79 0 438087 79 0.03741145133972168
decode: 79 0 438166 79 0.03738522529602051
decode: 78 0 431896 78 0.03538799285888672
mixed: 78 1 431896 2048 0.08213114738464355
mixed: 78 1 433944 2048 0.09087562561035156
mixed: 78 1 435992 2048 0.09645533561706543
mixed: 78 1 438040 244 0.03276205062866211
decode: 79 0 438363 79 0.03549647331237793
decode: 79 0 438442 79 0.034911394119262695
decode: 79 0 438521 79 0.035515546798706055
decode: 79 0 438600 79 0.034955501556396484
decode: 79 0 438679 79 0.03500986099243164
decode: 79 0 438758 79 0.034976959228515625
decode: 79 0 438837 79 0.034943580627441406
decode: 79 0 438916 79 0.034888267517089844
decode: 79 0 438995 79 0.03469347953796387
decode: 79 0 439074 79 0.03467154502868652
decode: 79 0 439153 79 0.03529047966003418
decode: 79 0 439232 79 0.034841299057006836
decode: 79 0 439311 79 0.03482246398925781
decode: 79 0 439390 79 0.0347747802734375
decode: 79 0 439469 79 0.0347750186920166
decode: 79 0 439548 79 0.03478813171386719
decode: 79 0 439627 79 0.03474760055541992
decode: 79 0 439706 79 0.03473711013793945
decode: 79 0 439785 79 0.034709930419921875
decode: 79 0 439864 79 0.0346980094909668
decode: 79 0 439943 79 0.034749507904052734
decode: 79 0 440022 79 0.03474545478820801
decode: 79 0 440101 79 0.0347442626953125
decode: 78 0 436049 78 0.03821086883544922
decode: 78 0 436127 78 0.038195133209228516
decode: 78 0 436205 78 0.03850221633911133
decode: 78 0 436283 78 0.03895115852355957
decode: 77 0 430088 77 0.03647470474243164
mixed: 77 1 430088 2048 0.08225893974304199
mixed: 76 1 424327 2048 0.09002375602722168
mixed: 76 1 426375 2048 0.09573769569396973
mixed: 76 1 428423 2048 0.1009526252746582
mixed: 76 2 430471 2048 0.08648967742919922
mixed: 77 1 432519 1979 0.08877778053283691
decode: 78 0 434576 78 0.037940025329589844
decode: 78 0 434654 78 0.035722970962524414
decode: 78 0 434732 78 0.03540992736816406
decode: 78 0 434810 78 0.035950422286987305
decode: 78 0 434888 78 0.03561687469482422
decode: 78 0 434966 78 0.03587603569030762
decode: 78 0 435044 78 0.03564286231994629
decode: 78 0 435122 78 0.03560161590576172
decode: 78 0 435200 78 0.03534221649169922
decode: 78 0 435278 78 0.03586268424987793
decode: 78 0 435356 78 0.03571796417236328
decode: 78 0 435434 78 0.03564858436584473
decode: 78 0 435512 78 0.03562521934509277
decode: 78 0 435590 78 0.03573322296142578
decode: 78 0 435668 78 0.03529763221740723
decode: 78 0 435746 78 0.03529858589172363
decode: 78 0 435824 78 0.03579568862915039
decode: 78 0 435902 78 0.03567075729370117
decode: 77 0 431465 77 0.03890633583068848
decode: 77 0 431542 77 0.0393984317779541
decode: 77 0 431619 77 0.03900718688964844
decode: 77 0 431696 77 0.03904128074645996
decode: 77 0 431773 77 0.0390777587890625
decode: 77 0 431850 77 0.03893017768859863
decode: 77 0 431927 77 0.038895606994628906
decode: 77 0 432004 77 0.038926124572753906
decode: 77 0 432081 77 0.03889751434326172
decode: 77 0 432158 77 0.03938889503479004
decode: 77 0 432235 77 0.03898119926452637
decode: 77 0 432312 77 0.03915238380432129
decode: 77 0 432389 77 0.03976726531982422
decode: 77 0 432466 77 0.0390625
decode: 77 0 432543 77 0.03935837745666504
decode: 77 0 432620 77 0.03909945487976074
decode: 77 0 432697 77 0.03894758224487305
decode: 77 0 432774 77 0.03893113136291504
decode: 77 0 432851 77 0.0392003059387207
decode: 77 0 432928 77 0.03897905349731445
decode: 77 0 433005 77 0.03889060020446777
decode: 77 0 433082 77 0.03885626792907715
decode: 77 0 433159 77 0.0388951301574707
decode: 77 0 433236 77 0.03897571563720703
decode: 77 0 433313 77 0.0391240119934082
decode: 77 0 433390 77 0.039108991622924805
decode: 77 0 433467 77 0.039032697677612305
decode: 77 0 433544 77 0.03947806358337402
decode: 77 0 433621 77 0.03943037986755371
decode: 77 0 433698 77 0.0397801399230957
decode: 77 0 433775 77 0.03955650329589844
decode: 77 0 433852 77 0.03908944129943848
decode: 77 0 433929 77 0.039264678955078125
decode: 77 0 434006 77 0.03921008110046387
decode: 77 0 434083 77 0.03938651084899902
decode: 77 0 434160 77 0.039154767990112305
decode: 77 0 434237 77 0.03910017013549805
decode: 77 0 434314 77 0.03961491584777832
decode: 77 0 434391 77 0.03926205635070801
decode: 77 0 434468 77 0.040647029876708984
decode: 77 0 434545 77 0.03913998603820801
decode: 77 0 434622 77 0.04079866409301758
decode: 77 0 434699 77 0.040369272232055664
decode: 77 0 434776 77 0.03915762901306152
decode: 77 0 434853 77 0.03921151161193848
decode: 77 0 434930 77 0.03918313980102539
decode: 77 0 435007 77 0.03940176963806152
decode: 77 0 435084 77 0.03918170928955078
decode: 77 0 435161 77 0.03934454917907715
decode: 77 0 435238 77 0.03916144371032715
decode: 77 0 435315 77 0.039238691329956055
decode: 77 0 435392 77 0.03921318054199219
decode: 77 0 435469 77 0.039170026779174805
decode: 77 0 435546 77 0.03947114944458008
decode: 77 0 435623 77 0.039212942123413086
decode: 77 0 435700 77 0.03917646408081055
decode: 77 0 435777 77 0.03967595100402832
decode: 77 0 435854 77 0.03968691825866699
decode: 77 0 435931 77 0.0398557186126709
decode: 77 0 436008 77 0.03922748565673828
decode: 77 0 436085 77 0.03914594650268555
decode: 77 0 436162 77 0.03905749320983887
decode: 77 0 436239 77 0.03903031349182129
decode: 77 0 436316 77 0.03923225402832031
decode: 77 0 436393 77 0.03962397575378418
decode: 77 0 436470 77 0.03965353965759277
decode: 77 0 436547 77 0.039215803146362305
decode: 77 0 436624 77 0.03966856002807617
decode: 77 0 436701 77 0.039389610290527344
decode: 77 0 436778 77 0.03924417495727539
decode: 76 0 431341 76 0.03921389579772949
decode: 76 0 431417 76 0.03934621810913086
decode: 76 0 431493 76 0.03911018371582031
decode: 76 0 431569 76 0.039211273193359375
decode: 76 0 431645 76 0.039084434509277344
decode: 76 0 431721 76 0.039067745208740234
decode: 76 0 431797 76 0.03908348083496094
decode: 76 0 431873 76 0.03910946846008301
decode: 76 0 431949 76 0.03908491134643555
decode: 76 0 432025 76 0.03908371925354004
decode: 76 0 432101 76 0.03910040855407715
decode: 76 0 432177 76 0.03912997245788574
decode: 76 0 432253 76 0.039134979248046875
decode: 76 0 432329 76 0.03910088539123535
decode: 76 0 432405 76 0.039115190505981445
decode: 76 0 432481 76 0.03936576843261719
decode: 76 0 432557 76 0.03922677040100098
decode: 76 0 432633 76 0.03918862342834473
decode: 76 0 432709 76 0.03912520408630371
decode: 76 0 432785 76 0.03915810585021973
decode: 76 0 432861 76 0.039304494857788086
decode: 76 0 432937 76 0.03923606872558594
decode: 76 0 433013 76 0.039231300354003906
decode: 76 0 433089 76 0.039263010025024414
decode: 76 0 433165 76 0.03915572166442871
decode: 76 0 433241 76 0.03916215896606445
decode: 76 0 433317 76 0.03919625282287598
decode: 76 0 433393 76 0.0394902229309082
decode: 76 0 433469 76 0.03928208351135254
decode: 76 0 433545 76 0.03923535346984863
decode: 76 0 433621 76 0.03924155235290527
decode: 76 0 433697 76 0.03927779197692871
decode: 76 0 433773 76 0.039252519607543945
decode: 76 0 433849 76 0.039298057556152344
decode: 76 0 433925 76 0.03927874565124512
decode: 76 0 434001 76 0.0392453670501709
decode: 76 0 434077 76 0.039244890213012695
decode: 76 0 434153 76 0.03923749923706055
decode: 76 0 434229 76 0.039247989654541016
decode: 76 0 434305 76 0.03936958312988281
decode: 76 0 434381 76 0.039379119873046875
decode: 76 0 434457 76 0.03928780555725098
decode: 76 0 434533 76 0.03925657272338867
decode: 76 0 434609 76 0.03925585746765137
decode: 76 0 434685 76 0.03927350044250488
decode: 76 0 434761 76 0.03931593894958496
decode: 76 0 434837 76 0.039266347885131836
decode: 76 0 434913 76 0.03926372528076172
decode: 76 0 434989 76 0.03932905197143555
decode: 76 0 435065 76 0.039335012435913086
decode: 76 0 435141 76 0.039420127868652344
decode: 76 0 435217 76 0.03933882713317871
decode: 76 0 435293 76 0.03931260108947754
decode: 76 0 435369 76 0.039316654205322266
decode: 76 0 435445 76 0.039335012435913086
decode: 76 0 435521 76 0.03932762145996094
decode: 76 0 435597 76 0.03933358192443848
decode: 76 0 435673 76 0.039473533630371094
decode: 76 0 435749 76 0.03943133354187012
decode: 76 0 435825 76 0.0394132137298584
decode: 76 0 435901 76 0.03931450843811035
decode: 75 0 426495 75 0.035454750061035156
mixed: 75 1 426495 2048 0.08087444305419922
mixed: 75 1 428543 2048 0.08961820602416992
mixed: 75 1 430591 2048 0.09550309181213379
mixed: 75 1 432639 2048 0.09990525245666504
mixed: 75 3 434687 2048 0.08399033546447754
mixed: 77 1 436735 1979 0.08600831031799316
decode: 78 0 438792 78 0.04205799102783203
decode: 78 0 438870 78 0.040015220642089844
decode: 78 0 438948 78 0.03963494300842285
decode: 78 0 439026 78 0.039652347564697266
decode: 78 0 439104 78 0.0396575927734375
decode: 78 0 439182 78 0.03969550132751465
decode: 78 0 439260 78 0.039685964584350586
decode: 78 0 439338 78 0.039656877517700195
decode: 78 0 439416 78 0.03943967819213867
decode: 78 0 439494 78 0.03939938545227051
decode: 78 0 439572 78 0.03945207595825195
decode: 77 0 432415 77 0.03551673889160156
mixed: 77 1 432415 2048 0.08307409286499023
mixed: 77 2 434463 2048 0.08586406707763672
mixed: 78 1 436511 301 0.03391218185424805
decode: 79 0 436891 79 0.036095619201660156
decode: 79 0 436970 79 0.03593325614929199
decode: 79 0 437049 79 0.03575539588928223
decode: 79 0 437128 79 0.03577923774719238
decode: 78 0 429144 78 0.039307594299316406
mixed: 78 1 429144 2048 0.09937405586242676
mixed: 78 1 431192 2048 0.09112811088562012
mixed: 78 1 433240 2048 0.09642481803894043
mixed: 78 2 435288 2048 0.09993624687194824
mixed: 79 2 437336 2048 0.08382034301757812
mixed: 80 1 439384 1104 0.0553896427154541
decode: 81 0 440569 81 0.042853355407714844
decode: 81 0 440650 81 0.0416257381439209
decode: 81 0 440731 81 0.04151010513305664
decode: 81 0 440812 81 0.04154706001281738
decode: 81 0 440893 81 0.04149198532104492
decode: 81 0 440974 81 0.04147744178771973
decode: 81 0 441055 81 0.04150581359863281
decode: 81 0 441136 81 0.04155302047729492
decode: 81 0 441217 81 0.04134869575500488
decode: 81 0 441298 81 0.04138469696044922
decode: 81 0 441379 81 0.04129314422607422
decode: 81 0 441460 81 0.04126262664794922
decode: 81 0 441541 81 0.04129171371459961
decode: 81 0 441622 81 0.04129290580749512
decode: 81 0 441703 81 0.04134011268615723
decode: 81 0 441784 81 0.04138064384460449
decode: 81 0 441865 81 0.04137730598449707
decode: 81 0 441946 81 0.04129600524902344
decode: 81 0 442027 81 0.04129362106323242
decode: 81 0 442108 81 0.04133439064025879
decode: 81 0 442189 81 0.04134321212768555
decode: 81 0 442270 81 0.041382789611816406
decode: 81 0 442351 81 0.04138064384460449
decode: 79 0 430866 79 0.03686785697937012
mixed: 79 1 430866 2048 0.08290815353393555
mixed: 79 1 432914 2048 0.08997559547424316
mixed: 79 1 434962 2048 0.09627842903137207
mixed: 79 1 437010 1132 0.06263542175292969
decode: 80 0 438222 80 0.03795051574707031
decode: 80 0 438302 80 0.036919593811035156
decode: 80 0 438382 80 0.03674149513244629
decode: 80 0 438462 80 0.03684043884277344
decode: 80 0 438542 80 0.03682827949523926
decode: 80 0 438622 80 0.03674626350402832
decode: 80 0 438702 80 0.03676414489746094
decode: 80 0 438782 80 0.03680157661437988
decode: 80 0 438862 80 0.036752939224243164
decode: 80 0 438942 80 0.03663158416748047
decode: 80 0 439022 80 0.03659653663635254
decode: 80 0 439102 80 0.0366365909576416
decode: 80 0 439182 80 0.0366208553314209
decode: 80 0 439262 80 0.036675453186035156
decode: 80 0 439342 80 0.036615610122680664
decode: 80 0 439422 80 0.03652501106262207
decode: 80 0 439502 80 0.03656911849975586
decode: 80 0 439582 80 0.036665916442871094
decode: 80 0 439662 80 0.036629438400268555
decode: 79 0 435854 79 0.03822803497314453
decode: 79 0 435933 79 0.03828144073486328
decode: 79 0 436012 79 0.038330078125
decode: 79 0 436091 79 0.038314104080200195
decode: 79 0 436170 79 0.03825044631958008
decode: 79 0 436249 79 0.03822898864746094
decode: 79 0 436328 79 0.03825831413269043
decode: 78 0 430890 78 0.039225101470947266
mixed: 78 1 430890 2048 0.08300948143005371
mixed: 78 1 432938 2048 0.09122610092163086
mixed: 77 1 426803 2048 0.09621119499206543
mixed: 77 2 428851 2048 0.09945297241210938
mixed: 78 1 430899 2048 0.08527517318725586
mixed: 78 1 432947 2048 0.09177136421203613
mixed: 78 1 434995 2048 0.09719729423522949
mixed: 78 1 437043 1910 0.0977632999420166
decode: 79 0 439032 79 0.04060769081115723
decode: 79 0 439111 79 0.03974771499633789
decode: 79 0 439190 79 0.039608001708984375
decode: 79 0 439269 79 0.03956103324890137
decode: 79 0 439348 79 0.03956317901611328
decode: 79 0 439427 79 0.0396273136138916
decode: 79 0 439506 79 0.039571523666381836
decode: 79 0 439585 79 0.03946113586425781
decode: 78 0 434647 78 0.039552927017211914
decode: 78 0 434725 78 0.039626359939575195
decode: 78 0 434803 78 0.0396420955657959
decode: 78 0 434881 78 0.03970003128051758
decode: 78 0 434959 78 0.03976011276245117
decode: 78 0 435037 78 0.0397183895111084
decode: 78 0 435115 78 0.03962969779968262
decode: 78 0 435193 78 0.03962397575378418
decode: 78 0 435271 78 0.039693355560302734
decode: 78 0 435349 78 0.03969287872314453
decode: 78 0 435427 78 0.03963613510131836
decode: 77 0 427415 77 0.039536237716674805
mixed: 77 1 427415 2048 0.08495664596557617
mixed: 77 1 429463 2048 0.09114241600036621
mixed: 77 1 431511 2048 0.09634280204772949
mixed: 77 3 433559 2048 0.08760881423950195
mixed: 79 2 435607 2048 0.08306550979614258
mixed: 80 1 437655 2048 0.0880119800567627
mixed: 80 1 439703 1153 0.0599365234375
decode: 81 0 440937 81 0.040947914123535156
decode: 81 0 441018 81 0.03982830047607422
decode: 81 0 441099 81 0.03906559944152832
decode: 81 0 441180 81 0.039049625396728516
decode: 81 0 441261 81 0.03906059265136719
decode: 81 0 441342 81 0.039075613021850586
decode: 81 0 441423 81 0.03912997245788574
decode: 81 0 441504 81 0.039084672927856445
decode: 81 0 441585 81 0.03905820846557617
decode: 80 0 438262 80 0.039877891540527344
decode: 80 0 438342 80 0.03989529609680176
decode: 80 0 438422 80 0.03991866111755371
decode: 80 0 438502 80 0.03992509841918945
decode: 80 0 438582 80 0.03989529609680176
decode: 80 0 438662 80 0.03993725776672363
decode: 80 0 438742 80 0.03994631767272949
decode: 80 0 438822 80 0.03995633125305176
decode: 79 0 431663 79 0.039066314697265625
mixed: 79 1 431663 2048 0.08240985870361328
mixed: 79 1 433711 2048 0.09299516677856445
mixed: 79 1 435759 2048 0.09555387496948242
mixed: 79 1 437807 576 0.04494118690490723
decode: 80 0 438463 80 0.03975391387939453
decode: 80 0 438543 80 0.039372920989990234
decode: 80 0 438623 80 0.03937983512878418
decode: 80 0 438703 80 0.039422035217285156
decode: 80 0 438783 80 0.03945422172546387
decode: 80 0 438863 80 0.03935980796813965
decode: 80 0 438943 80 0.03930354118347168
decode: 80 0 439023 80 0.039281368255615234
decode: 80 0 439103 80 0.039185285568237305
decode: 80 0 439183 80 0.03924846649169922
decode: 80 0 439263 80 0.03926205635070801
decode: 80 0 439343 80 0.039209604263305664
decode: 80 0 439423 80 0.039832353591918945
decode: 80 0 439503 80 0.03978323936462402
decode: 80 0 439583 80 0.03938007354736328
decode: 80 0 439663 80 0.03946423530578613
decode: 80 0 439743 80 0.03974485397338867
decode: 79 0 436505 79 0.03740715980529785
decode: 79 0 436584 79 0.0373530387878418
decode: 79 0 436663 79 0.037634849548339844
decode: 79 0 436742 79 0.037424564361572266
decode: 79 0 436821 79 0.03744101524353027
decode: 79 0 436900 79 0.03745555877685547
decode: 79 0 436979 79 0.03746318817138672
decode: 79 0 437058 79 0.03740096092224121
decode: 79 0 437137 79 0.03742647171020508
decode: 79 0 437216 79 0.037339210510253906
decode: 79 0 437295 79 0.0374302864074707
decode: 78 0 434901 78 0.0397796630859375
mixed: 78 1 434901 2048 0.08324265480041504
mixed: 78 1 436949 2048 0.0907583236694336
mixed: 78 1 438997 1123 0.0594174861907959
decode: 79 0 440199 79 0.04123282432556152
decode: 79 0 440278 79 0.04044032096862793
decode: 79 0 440357 79 0.03987932205200195
decode: 79 0 440436 79 0.03982114791870117
decode: 79 0 440515 79 0.03979802131652832
decode: 79 0 440594 79 0.03983807563781738
decode: 79 0 440673 79 0.0399167537689209
decode: 79 0 440752 79 0.03978109359741211
decode: 79 0 440831 79 0.03965258598327637
decode: 79 0 440910 79 0.03969621658325195
decode: 79 0 440989 79 0.03964519500732422
decode: 79 0 441068 79 0.03955578804016113
decode: 79 0 441147 79 0.03954172134399414
decode: 79 0 441226 79 0.03958320617675781
decode: 79 0 441305 79 0.03981947898864746
decode: 79 0 441384 79 0.04010152816772461
decode: 79 0 441463 79 0.03966259956359863
decode: 79 0 441542 79 0.03957557678222656
decode: 79 0 441621 79 0.03958582878112793
decode: 79 0 441700 79 0.03983807563781738
decode: 78 0 437658 78 0.0410921573638916
mixed: 78 1 437658 1988 0.08407282829284668
decode: 79 0 439725 79 0.04311513900756836
decode: 79 0 439804 79 0.04108881950378418
decode: 79 0 439883 79 0.040970802307128906
decode: 79 0 439962 79 0.04103970527648926
decode: 79 0 440041 79 0.041124820709228516
decode: 78 0 434566 78 0.039563894271850586
mixed: 77 1 427212 2047 0.08280038833618164
mixed: 77 1 429259 2048 0.08998632431030273
mixed: 76 2 426459 2048 0.09386801719665527
mixed: 77 1 428507 2048 0.08385038375854492
mixed: 76 2 424738 2048 0.08959269523620605
mixed: 77 1 426786 2048 0.08452630043029785
mixed: 77 2 428834 2048 0.08957386016845703
mixed: 78 1 430882 2048 0.0852055549621582
mixed: 78 2 432930 2048 0.08589506149291992
mixed: 79 1 434978 1381 0.07304859161376953
decode: 80 0 436439 80 0.04064536094665527
decode: 80 0 436519 80 0.03867745399475098
decode: 80 0 436599 80 0.03861737251281738
decode: 80 0 436679 80 0.03865551948547363
decode: 80 0 436759 80 0.03880476951599121
decode: 80 0 436839 80 0.038718223571777344
decode: 80 0 436919 80 0.03879141807556152
decode: 80 0 436999 80 0.038581132888793945
decode: 80 0 437079 80 0.03844499588012695
decode: 80 0 437159 80 0.03851795196533203
decode: 80 0 437239 80 0.03852081298828125
decode: 80 0 437319 80 0.0383763313293457
decode: 80 0 437399 80 0.03827047348022461
decode: 80 0 437479 80 0.03835654258728027
decode: 80 0 437559 80 0.03854489326477051
decode: 80 0 437639 80 0.03847670555114746
decode: 80 0 437719 80 0.03835916519165039
decode: 80 0 437799 80 0.0386660099029541
decode: 80 0 437879 80 0.03878307342529297
decode: 80 0 437959 80 0.0384516716003418
decode: 80 0 438039 80 0.03837752342224121
decode: 80 0 438119 80 0.03834104537963867
decode: 80 0 438199 80 0.03840017318725586
decode: 80 0 438279 80 0.03841543197631836
decode: 80 0 438359 80 0.03835940361022949
decode: 80 0 438439 80 0.038336992263793945
decode: 80 0 438519 80 0.038426876068115234
decode: 80 0 438599 80 0.038419485092163086
decode: 80 0 438679 80 0.038420677185058594
decode: 80 0 438759 80 0.03837990760803223
decode: 79 0 429836 79 0.0375523567199707
mixed: 79 1 429836 2048 0.08386445045471191
mixed: 79 1 431884 2048 0.08954572677612305
mixed: 79 2 433932 2048 0.08674049377441406
mixed: 80 1 435980 2048 0.08893465995788574
mixed: 80 1 438028 2048 0.09490394592285156
mixed: 80 1 440076 1131 0.06203651428222656
decode: 81 0 441288 81 0.04104781150817871
decode: 81 0 441369 81 0.04016995429992676
decode: 80 0 436957 80 0.038089752197265625
decode: 80 0 437037 80 0.03810834884643555
decode: 80 0 437117 80 0.03808927536010742
decode: 80 0 437197 80 0.03805351257324219
decode: 80 0 437277 80 0.03805351257324219
decode: 80 0 437357 80 0.03795981407165527
decode: 80 0 437437 80 0.03777265548706055
decode: 80 0 437517 80 0.03778481483459473
decode: 80 0 437597 80 0.03778672218322754
decode: 80 0 437677 80 0.03786873817443848
decode: 80 0 437757 80 0.0378570556640625
decode: 80 0 437837 80 0.03784489631652832
decode: 80 0 437917 80 0.03784322738647461
decode: 79 0 432015 79 0.039290666580200195
mixed: 79 1 432015 2048 0.08262777328491211
mixed: 79 2 434063 2048 0.09000706672668457
mixed: 80 1 436111 2048 0.08781170845031738
mixed: 80 1 438159 1514 0.07664370536804199
decode: 81 0 439754 81 0.041776418685913086
decode: 81 0 439835 81 0.040740013122558594
decode: 81 0 439916 81 0.04049062728881836
decode: 81 0 439997 81 0.040495872497558594
decode: 81 0 440078 81 0.04049229621887207
decode: 81 0 440159 81 0.040468454360961914
decode: 81 0 440240 81 0.04047441482543945
decode: 81 0 440321 81 0.040326595306396484
decode: 81 0 440402 81 0.040238380432128906
decode: 81 0 440483 81 0.040299415588378906
decode: 81 0 440564 81 0.04030132293701172
decode: 80 0 433489 80 0.03914666175842285
mixed: 80 1 433489 2048 0.08413100242614746
mixed: 80 2 435537 2048 0.08620333671569824
mixed: 81 1 437585 1499 0.07509422302246094
decode: 82 0 439166 82 0.04151296615600586
decode: 82 0 439248 82 0.04073786735534668
decode: 82 0 439330 82 0.04033780097961426
decode: 82 0 439412 82 0.04035353660583496
decode: 82 0 439494 82 0.040395259857177734
decode: 82 0 439576 82 0.04044651985168457
decode: 82 0 439658 82 0.04041886329650879
decode: 82 0 439740 82 0.040424346923828125
decode: 82 0 439822 82 0.040190935134887695
decode: 82 0 439904 82 0.04020500183105469
decode: 82 0 439986 82 0.04019641876220703
decode: 82 0 440068 82 0.04013395309448242
decode: 82 0 440150 82 0.04017043113708496
decode: 81 0 433883 81 0.03783535957336426
mixed: 81 1 433883 2048 0.08289098739624023
mixed: 81 1 435931 2048 0.09153509140014648
mixed: 81 1 437979 1623 0.08568692207336426
decode: 81 0 430334 81 0.04245162010192871
mixed: 81 1 430334 2048 0.08222103118896484
mixed: 81 1 432382 2048 0.09041666984558105
mixed: 81 2 434430 2048 0.09291672706604004
mixed: 80 1 427036 2048 0.08419346809387207
mixed: 80 1 429084 2048 0.09247493743896484
mixed: 80 2 431132 2048 0.09636926651000977
mixed: 81 1 433180 2048 0.08475136756896973
mixed: 81 2 435228 2048 0.09096837043762207
mixed: 82 1 437276 2048 0.08573174476623535
mixed: 82 1 439324 135 0.03112936019897461
decode: 83 0 439542 83 0.038933753967285156
decode: 83 0 439625 83 0.038613080978393555
decode: 83 0 439708 83 0.038454532623291016
decode: 83 0 439791 83 0.03843951225280762
decode: 83 0 439874 83 0.03847360610961914
decode: 83 0 439957 83 0.03843879699707031
decode: 83 0 440040 83 0.03846168518066406
decode: 83 0 440123 83 0.03844475746154785
decode: 82 0 432844 82 0.03824019432067871
mixed: 82 1 432844 2048 0.0821986198425293
mixed: 82 1 434892 2048 0.09044861793518066
mixed: 82 1 436940 935 0.05323004722595215
decode: 83 0 437958 83 0.04025149345397949
decode: 83 0 438041 83 0.038999319076538086
decode: 83 0 438124 83 0.03863334655761719
decode: 83 0 438207 83 0.038477182388305664
decode: 83 0 438290 83 0.038434743881225586
decode: 83 0 438373 83 0.03846454620361328
decode: 83 0 438456 83 0.03853297233581543
decode: 83 0 438539 83 0.03855323791503906
decode: 83 0 438622 83 0.03842902183532715
decode: 83 0 438705 83 0.03912544250488281
decode: 83 0 438788 83 0.03907322883605957
decode: 83 0 438871 83 0.03914976119995117
decode: 83 0 438954 83 0.038472652435302734
decode: 83 0 439037 83 0.03843975067138672
decode: 83 0 439120 83 0.03840804100036621
decode: 83 0 439203 83 0.03837323188781738
decode: 83 0 439286 83 0.03900456428527832
decode: 83 0 439369 83 0.038466453552246094
decode: 82 0 430338 82 0.040611982345581055
mixed: 82 1 430338 2048 0.08349728584289551
mixed: 82 1 432386 2048 0.09130311012268066
mixed: 82 2 434434 2048 0.08745360374450684
mixed: 82 2 430529 2048 0.08371186256408691
mixed: 83 2 432577 2048 0.09206581115722656
mixed: 84 1 434625 2048 0.08871221542358398
mixed: 84 1 436673 2048 0.09347391128540039
mixed: 84 1 438721 1899 0.09503817558288574
decode: 84 0 433317 84 0.03989005088806152
mixed: 84 1 433317 2048 0.0839543342590332
mixed: 84 2 435365 2048 0.08661770820617676
mixed: 85 1 437413 2048 0.0911867618560791
mixed: 85 1 439461 1013 0.05471324920654297
decode: 86 0 440560 86 0.04027271270751953
decode: 86 0 440646 86 0.038930654525756836
decode: 86 0 440732 86 0.03914928436279297
decode: 86 0 440818 86 0.038543701171875
decode: 86 0 440904 86 0.03850889205932617
decode: 86 0 440990 86 0.038512468338012695
decode: 86 0 441076 86 0.03846549987792969
decode: 86 0 441162 86 0.038317203521728516
decode: 86 0 441248 86 0.038381338119506836
decode: 86 0 441334 86 0.03871273994445801
decode: 85 0 436949 85 0.038223981857299805
decode: 85 0 437034 85 0.03849339485168457
decode: 85 0 437119 85 0.038187503814697266
decode: 85 0 437204 85 0.038057804107666016
decode: 85 0 437289 85 0.03851795196533203
decode: 85 0 437374 85 0.03797793388366699
decode: 85 0 437459 85 0.03836488723754883
decode: 85 0 437544 85 0.03805828094482422
decode: 85 0 437629 85 0.038474321365356445
decode: 85 0 437714 85 0.03804445266723633
decode: 85 0 437799 85 0.03803825378417969
decode: 85 0 437884 85 0.03841829299926758
decode: 85 0 437969 85 0.03800201416015625
decode: 84 0 429812 84 0.037236928939819336
mixed: 84 1 429812 2048 0.08263158798217773
mixed: 84 1 431860 1479 0.07600259780883789
decode: 85 0 433424 85 0.038416147232055664
decode: 85 0 433509 85 0.03796505928039551
decode: 85 0 433594 85 0.03798246383666992
decode: 85 0 433679 85 0.0380401611328125
decode: 85 0 433764 85 0.03752446174621582
decode: 85 0 433849 85 0.0374908447265625
decode: 85 0 433934 85 0.03742718696594238
decode: 85 0 434019 85 0.0373692512512207
decode: 85 0 434104 85 0.037227630615234375
decode: 85 0 434189 85 0.0372004508972168
decode: 85 0 434274 85 0.03735947608947754
decode: 85 0 434359 85 0.03775334358215332
decode: 85 0 434444 85 0.03778958320617676
decode: 85 0 434529 85 0.03742170333862305
decode: 85 0 434614 85 0.037668704986572266
decode: 85 0 434699 85 0.03751063346862793
decode: 85 0 434784 85 0.038033485412597656
decode: 85 0 434869 85 0.037412405014038086
decode: 85 0 434954 85 0.0373997688293457
decode: 84 0 432279 84 0.03979682922363281
mixed: 84 1 432279 2048 0.08295774459838867
mixed: 84 1 434327 2048 0.09096288681030273
mixed: 84 1 436375 2048 0.09635806083679199
mixed: 84 1 438423 1083 0.06277132034301758
decode: 85 0 439591 85 0.03990578651428223
decode: 85 0 439676 85 0.038982391357421875
decode: 85 0 439761 85 0.038750648498535156
decode: 85 0 439846 85 0.038747310638427734
decode: 85 0 439931 85 0.0387568473815918
decode: 85 0 440016 85 0.03879141807556152
decode: 85 0 440101 85 0.038789987564086914
decode: 85 0 440186 85 0.03898811340332031
decode: 85 0 440271 85 0.03863120079040527
decode: 84 0 437300 84 0.037515878677368164
decode: 84 0 437384 84 0.03762984275817871
decode: 84 0 437468 84 0.038050174713134766
decode: 84 0 437552 84 0.037889957427978516
decode: 84 0 437636 84 0.037686824798583984
decode: 84 0 437720 84 0.03758573532104492
decode: 84 0 437804 84 0.03785252571105957
decode: 83 0 430886 83 0.03714346885681152
mixed: 83 1 430886 2048 0.08333635330200195
mixed: 83 1 432934 2048 0.09141945838928223
mixed: 83 2 434982 2048 0.09469461441040039
mixed: 84 1 437030 2048 0.08576011657714844
mixed: 84 1 439078 304 0.03475499153137207
decode: 85 0 439467 85 0.03703188896179199
decode: 85 0 439552 85 0.0368800163269043
decode: 85 0 439637 85 0.036917924880981445
decode: 85 0 439722 85 0.03711247444152832
decode: 85 0 439807 85 0.037245750427246094
decode: 85 0 439892 85 0.0369410514831543
decode: 84 0 436854 84 0.03654599189758301
decode: 84 0 436938 84 0.036423683166503906
decode: 84 0 437022 84 0.03674650192260742
decode: 84 0 437106 84 0.037003517150878906
decode: 84 0 437190 84 0.036525726318359375
decode: 84 0 437274 84 0.03654932975769043
decode: 84 0 437358 84 0.036620378494262695
decode: 84 0 437442 84 0.036824703216552734
decode: 84 0 437526 84 0.03665876388549805
decode: 84 0 437610 84 0.03648185729980469
decode: 84 0 437694 84 0.03652381896972656
decode: 83 0 431969 83 0.03866410255432129
mixed: 83 1 431969 2048 0.08363509178161621
mixed: 83 1 434017 1982 0.08951687812805176
decode: 84 0 436083 84 0.03968477249145508
decode: 84 0 436167 84 0.03904461860656738
decode: 84 0 436251 84 0.03867673873901367
decode: 84 0 436335 84 0.0389409065246582
decode: 84 0 436419 84 0.03878521919250488
decode: 84 0 436503 84 0.03867602348327637
decode: 84 0 436587 84 0.03863835334777832
decode: 84 0 436671 84 0.0386354923248291
decode: 84 0 436755 84 0.038478851318359375
decode: 84 0 436839 84 0.03840970993041992
decode: 84 0 436923 84 0.03838205337524414
decode: 84 0 437007 84 0.03842020034790039
decode: 84 0 437091 84 0.03840374946594238
decode: 83 0 428565 83 0.03735709190368652
mixed: 83 1 428565 2048 0.08373260498046875
mixed: 83 1 430613 2048 0.0909419059753418
mixed: 83 1 432661 2048 0.09568548202514648
mixed: 83 1 434709 1637 0.08980631828308105
decode: 84 0 436430 84 0.039429664611816406
decode: 84 0 436514 84 0.038672685623168945
decode: 83 0 433660 83 0.036885976791381836
decode: 83 0 433743 83 0.03689432144165039
decode: 83 0 433826 83 0.03693866729736328
decode: 83 0 433909 83 0.03694796562194824
decode: 83 0 433992 83 0.03693842887878418
decode: 83 0 434075 83 0.03704953193664551
decode: 83 0 434158 83 0.03688669204711914
decode: 83 0 434241 83 0.03683018684387207
decode: 83 0 434324 83 0.036779165267944336
decode: 82 0 424501 82 0.03766345977783203
mixed: 82 1 424501 2048 0.08324766159057617
mixed: 82 1 426549 2048 0.09127116203308105
mixed: 82 1 428597 2048 0.09464740753173828
mixed: 82 2 430645 2048 0.09214425086975098
mixed: 83 2 432693 2048 0.08414101600646973
mixed: 84 1 434741 2048 0.08670330047607422
mixed: 84 2 436789 2048 0.08508586883544922
mixed: 85 1 438837 1957 0.09002256393432617
decode: 86 0 440880 86 0.03916764259338379
decode: 86 0 440966 86 0.037871360778808594
decode: 86 0 441052 86 0.03720450401306152
decode: 86 0 441138 86 0.03714251518249512
decode: 86 0 441224 86 0.03698563575744629
decode: 86 0 441310 86 0.03697562217712402
decode: 86 0 441396 86 0.03695940971374512
decode: 86 0 441482 86 0.03699517250061035
decode: 86 0 441568 86 0.037014007568359375
decode: 86 0 441654 86 0.03691673278808594
decode: 86 0 441740 86 0.03683638572692871
decode: 86 0 441826 86 0.03686666488647461
decode: 86 0 441912 86 0.03682732582092285
decode: 86 0 441998 86 0.036899566650390625
decode: 86 0 442084 86 0.03688621520996094
decode: 85 0 433939 85 0.03662919998168945
mixed: 85 1 433939 2048 0.0840146541595459
mixed: 85 2 435987 2048 0.08819460868835449
mixed: 86 1 438035 2048 0.0873572826385498
mixed: 85 2 430791 2048 0.08540582656860352
mixed: 86 1 432839 2048 0.08928418159484863
mixed: 86 2 434887 2048 0.0915231704711914
mixed: 87 1 436935 2048 0.0862429141998291
mixed: 87 1 438983 2048 0.09228801727294922
mixed: 87 1 441031 677 0.048959970474243164
decode: 88 0 441796 88 0.0377042293548584
decode: 88 0 441884 88 0.036900997161865234
decode: 88 0 441972 88 0.03682589530944824
decode: 88 0 442060 88 0.03693747520446777
decode: 87 0 437120 87 0.03775787353515625
mixed: 87 1 437120 2048 0.0833437442779541
mixed: 87 1 439168 1920 0.08711814880371094
decode: 88 0 441176 88 0.03905892372131348
decode: 88 0 441264 88 0.03806424140930176
decode: 87 0 439153 87 0.03936314582824707
decode: 87 0 439240 87 0.039389848709106445
decode: 86 0 434935 86 0.03718066215515137
mixed: 86 1 434935 2048 0.08296012878417969
mixed: 86 1 436983 2048 0.09094357490539551
mixed: 86 2 439031 1680 0.07984232902526855
decode: 88 0 440799 88 0.03995990753173828
decode: 88 0 440887 88 0.038936614990234375
decode: 88 0 440975 88 0.038598060607910156
decode: 88 0 441063 88 0.03866410255432129
decode: 88 0 441151 88 0.038736820220947266
decode: 87 0 434169 87 0.03864598274230957
mixed: 87 1 434169 2048 0.08275389671325684
mixed: 87 1 436217 2048 0.09127092361450195
mixed: 87 1 438265 949 0.05380964279174805
decode: 88 0 439302 88 0.039834022521972656
decode: 87 0 435147 87 0.03723311424255371
mixed: 87 1 435147 2048 0.08545851707458496
mixed: 87 1 437195 2048 0.09027981758117676
mixed: 87 1 439243 1407 0.06675529479980469
decode: 88 0 440738 88 0.03827667236328125
decode: 88 0 440826 88 0.03733038902282715
decode: 88 0 440914 88 0.03704667091369629
decode: 88 0 441002 88 0.03724479675292969
decode: 88 0 441090 88 0.037164926528930664
decode: 88 0 441178 88 0.03708672523498535
decode: 87 0 436451 87 0.04004549980163574
decode: 87 0 436538 87 0.040129899978637695
decode: 87 0 436625 87 0.03996539115905762
decode: 87 0 436712 87 0.039762020111083984
decode: 87 0 436799 87 0.03981781005859375
decode: 87 0 436886 87 0.03990626335144043
decode: 87 0 436973 87 0.039830923080444336
decode: 87 0 437060 87 0.03978252410888672
decode: 87 0 437147 87 0.03971242904663086
decode: 87 0 437234 87 0.03976321220397949
decode: 87 0 437321 87 0.039825439453125
decode: 87 0 437408 87 0.03982186317443848
decode: 87 0 437495 87 0.03975939750671387
decode: 87 0 437582 87 0.03981900215148926
decode: 86 0 431035 86 0.038873910903930664
mixed: 86 1 431035 2048 0.08272910118103027
mixed: 86 1 433083 2048 0.09131193161010742
mixed: 86 1 435131 2048 0.09616923332214355
mixed: 86 1 437179 704 0.05050992965698242
decode: 87 0 437970 87 0.039160966873168945
decode: 87 0 438057 87 0.03809833526611328
decode: 87 0 438144 87 0.03784775733947754
decode: 87 0 438231 87 0.037850379943847656
decode: 87 0 438318 87 0.03792214393615723
decode: 87 0 438405 87 0.03786778450012207
decode: 87 0 438492 87 0.03788924217224121
decode: 87 0 438579 87 0.03788900375366211
decode: 87 0 438666 87 0.03772568702697754
decode: 87 0 438753 87 0.03765249252319336
decode: 87 0 438840 87 0.03766059875488281
decode: 87 0 438927 87 0.03772449493408203
decode: 87 0 439014 87 0.0376276969909668
decode: 87 0 439101 87 0.03761172294616699
decode: 86 0 429108 86 0.038884639739990234
mixed: 85 1 426365 2047 0.08150506019592285
mixed: 85 1 428412 2048 0.08991479873657227
mixed: 85 2 430460 2048 0.08748912811279297
mixed: 86 1 432508 2048 0.08683896064758301
mixed: 86 1 434556 2048 0.0928201675415039
mixed: 86 1 436604 1793 0.09218883514404297
decode: 87 0 438484 87 0.03833818435668945
decode: 86 0 434989 86 0.03767967224121094
mixed: 86 1 434989 2048 0.08218073844909668
mixed: 85 1 434275 2048 0.08984994888305664
mixed: 85 2 436323 2048 0.08545446395874023
mixed: 86 1 438371 1815 0.0849452018737793
decode: 87 0 440273 87 0.038904428482055664
decode: 87 0 440360 87 0.03782486915588379
decode: 87 0 440447 87 0.03773808479309082
decode: 87 0 440534 87 0.03776669502258301
decode: 87 0 440621 87 0.037728309631347656
decode: 87 0 440708 87 0.037781715393066406
decode: 87 0 440795 87 0.03775620460510254
decode: 87 0 440882 87 0.0377202033996582
decode: 87 0 440969 87 0.03767037391662598
decode: 87 0 441056 87 0.03747153282165527
decode: 87 0 441143 87 0.03746914863586426
decode: 86 0 434601 86 0.038902997970581055
decode: 86 0 434687 86 0.038999319076538086
decode: 86 0 434773 86 0.039051055908203125
decode: 86 0 434859 86 0.03897976875305176
decode: 86 0 434945 86 0.03890204429626465
decode: 86 0 435031 86 0.03892779350280762
decode: 86 0 435117 86 0.038947105407714844
decode: 86 0 435203 86 0.03892683982849121
decode: 86 0 435289 86 0.038881778717041016
decode: 86 0 435375 86 0.03891634941101074
decode: 86 0 435461 86 0.038958072662353516
decode: 86 0 435547 86 0.03894472122192383
decode: 86 0 435633 86 0.03895831108093262
decode: 85 0 430204 85 0.03845071792602539
mixed: 85 1 430204 2048 0.0832819938659668
mixed: 85 1 432252 2048 0.09072017669677734
mixed: 84 1 429833 2048 0.09609293937683105
mixed: 83 2 424712 2048 0.09812545776367188
mixed: 84 2 426760 2048 0.08302521705627441
mixed: 85 1 428808 2048 0.0874178409576416
mixed: 85 1 430856 2048 0.09404921531677246
mixed: 85 1 432904 612 0.04623770713806152
decode: 86 0 433602 86 0.03670668601989746
decode: 85 0 425619 85 0.03850603103637695
mixed: 85 1 425619 2048 0.08494257926940918
mixed: 85 1 427667 2048 0.0905618667602539
mixed: 85 1 429715 2048 0.09475040435791016
mixed: 85 1 431763 1881 0.09676384925842285
decode: 86 0 433730 86 0.042748451232910156
decode: 86 0 433816 86 0.0413815975189209
decode: 86 0 433902 86 0.04088592529296875
decode: 86 0 433988 86 0.040876150131225586
decode: 86 0 434074 86 0.041188716888427734
decode: 86 0 434160 86 0.041733741760253906
decode: 86 0 434246 86 0.04107785224914551
decode: 86 0 434332 86 0.04080462455749512
decode: 86 0 434418 86 0.040975093841552734
decode: 86 0 434504 86 0.04087400436401367
decode: 86 0 434590 86 0.0407557487487793
decode: 86 0 434676 86 0.0406947135925293
decode: 86 0 434762 86 0.04075121879577637
decode: 86 0 434848 86 0.04077935218811035
decode: 86 0 434934 86 0.0406947135925293
decode: 86 0 435020 86 0.04065513610839844
decode: 86 0 435106 86 0.040613412857055664
decode: 86 0 435192 86 0.0406193733215332
decode: 86 0 435278 86 0.04067087173461914
decode: 86 0 435364 86 0.04067373275756836
decode: 86 0 435450 86 0.040651798248291016
decode: 86 0 435536 86 0.04067111015319824
decode: 86 0 435622 86 0.04083991050720215
decode: 86 0 435708 86 0.040778160095214844
decode: 86 0 435794 86 0.04070544242858887
decode: 86 0 435880 86 0.040673255920410156
decode: 86 0 435966 86 0.040818214416503906
decode: 86 0 436052 86 0.04082822799682617
decode: 86 0 436138 86 0.041007041931152344
decode: 86 0 436224 86 0.04088926315307617
decode: 86 0 436310 86 0.04141378402709961
decode: 86 0 436396 86 0.04088711738586426
decode: 86 0 436482 86 0.04083108901977539
decode: 86 0 436568 86 0.04078412055969238
decode: 86 0 436654 86 0.04074382781982422
decode: 85 0 430285 85 0.04079794883728027
mixed: 85 1 430285 2048 0.08356261253356934
mixed: 85 1 432333 2048 0.0907294750213623
mixed: 85 1 434381 2048 0.09555578231811523
mixed: 85 2 436429 2048 0.09190082550048828
mixed: 86 1 438477 1720 0.08129525184631348
decode: 87 0 440284 87 0.04011273384094238
decode: 87 0 440371 87 0.03886890411376953
decode: 87 0 440458 87 0.03840184211730957
decode: 86 0 432790 86 0.036687612533569336
mixed: 86 1 432790 2048 0.08259224891662598
mixed: 86 2 434838 2048 0.09006094932556152
mixed: 86 2 430217 2048 0.08418560028076172
mixed: 87 2 432265 2048 0.08259415626525879
mixed: 88 1 434313 2048 0.08735275268554688
mixed: 88 1 436361 1024 0.053824663162231445
decode: 89 0 437474 89 0.04107189178466797
decode: 88 0 429748 88 0.03729701042175293
mixed: 88 1 429748 2048 0.08417057991027832
mixed: 88 1 431796 2048 0.08986473083496094
mixed: 87 2 428784 2048 0.09494614601135254
mixed: 88 1 430832 2048 0.08419060707092285
mixed: 88 1 432880 2048 0.09026002883911133
mixed: 88 1 434928 224 0.0325627326965332
decode: 89 0 435241 89 0.039307355880737305
decode: 89 0 435330 89 0.039000749588012695
decode: 89 0 435419 89 0.038889408111572266
decode: 89 0 435508 89 0.038871049880981445
decode: 89 0 435597 89 0.03888869285583496
decode: 89 0 435686 89 0.03884601593017578
decode: 89 0 435775 89 0.03885817527770996
decode: 89 0 435864 89 0.0386662483215332
decode: 89 0 435953 89 0.03871750831604004
decode: 89 0 436042 89 0.03872084617614746
decode: 89 0 436131 89 0.03879356384277344
decode: 89 0 436220 89 0.038716793060302734
decode: 89 0 436309 89 0.03870415687561035
decode: 89 0 436398 89 0.03863859176635742
decode: 89 0 436487 89 0.03862905502319336
decode: 89 0 436576 89 0.03869318962097168
decode: 89 0 436665 89 0.03874945640563965
decode: 89 0 436754 89 0.038726806640625
decode: 89 0 436843 89 0.03873896598815918
decode: 89 0 436932 89 0.03877377510070801
decode: 89 0 437021 89 0.03878474235534668
decode: 89 0 437110 89 0.03874325752258301
decode: 88 0 432975 88 0.03661656379699707
mixed: 88 1 432975 2037 0.08337926864624023
decode: 89 0 435101 89 0.04116034507751465
decode: 89 0 435190 89 0.03967571258544922
decode: 89 0 435279 89 0.038999080657958984
decode: 89 0 435368 89 0.038995981216430664
decode: 89 0 435457 89 0.0390169620513916
decode: 89 0 435546 89 0.03901839256286621
decode: 89 0 435635 89 0.03903794288635254
decode: 89 0 435724 89 0.039032697677612305
decode: 89 0 435813 89 0.03881192207336426
decode: 89 0 435902 89 0.03892207145690918
decode: 89 0 435991 89 0.03887486457824707
decode: 89 0 436080 89 0.03887367248535156
decode: 89 0 436169 89 0.03883051872253418
decode: 89 0 436258 89 0.0387578010559082
decode: 89 0 436347 89 0.038785696029663086
decode: 89 0 436436 89 0.03886580467224121
decode: 89 0 436525 89 0.03891706466674805
decode: 89 0 436614 89 0.03887367248535156
decode: 89 0 436703 89 0.03887152671813965
decode: 89 0 436792 89 0.0388798713684082
decode: 89 0 436881 89 0.0388946533203125
decode: 89 0 436970 89 0.038889408111572266
decode: 89 0 437059 89 0.038849592208862305
decode: 89 0 437148 89 0.03886270523071289
decode: 89 0 437237 89 0.03894352912902832
decode: 89 0 437326 89 0.03899860382080078
decode: 89 0 437415 89 0.03892970085144043
decode: 89 0 437504 89 0.03889966011047363
decode: 89 0 437593 89 0.03890419006347656
decode: 89 0 437682 89 0.03892111778259277
decode: 89 0 437771 89 0.03893256187438965
decode: 89 0 437860 89 0.0389096736907959
decode: 89 0 437949 89 0.038945674896240234
decode: 89 0 438038 89 0.03900623321533203
decode: 89 0 438127 89 0.03905153274536133
decode: 89 0 438216 89 0.038968801498413086
decode: 89 0 438305 89 0.03893232345581055
decode: 89 0 438394 89 0.038930416107177734
decode: 89 0 438483 89 0.03896498680114746
decode: 89 0 438572 89 0.038956642150878906
decode: 89 0 438661 89 0.03896641731262207
decode: 89 0 438750 89 0.03896903991699219
decode: 89 0 438839 89 0.039026498794555664
decode: 89 0 438928 89 0.039118051528930664
decode: 89 0 439017 89 0.03902101516723633
decode: 89 0 439106 89 0.038965463638305664
decode: 89 0 439195 89 0.03896284103393555
decode: 89 0 439284 89 0.03903508186340332
decode: 89 0 439373 89 0.03937864303588867
decode: 89 0 439462 89 0.039299726486206055
decode: 88 0 437330 88 0.03977465629577637
mixed: 88 1 437330 1283 0.058681488037109375
decode: 89 0 438702 89 0.03993415832519531
decode: 89 0 438791 89 0.0387723445892334
decode: 89 0 438880 89 0.03864479064941406
decode: 89 0 438969 89 0.03873872756958008
decode: 89 0 439058 89 0.0388493537902832
decode: 89 0 439147 89 0.03878188133239746
decode: 89 0 439236 89 0.03871345520019531
decode: 89 0 439325 89 0.03869438171386719
decode: 89 0 439414 89 0.03860735893249512
decode: 89 0 439503 89 0.038620710372924805
decode: 89 0 439592 89 0.03866147994995117
decode: 89 0 439681 89 0.03856968879699707
decode: 89 0 439770 89 0.038622140884399414
decode: 89 0 439859 89 0.03854489326477051
decode: 89 0 439948 89 0.038526058197021484
decode: 89 0 440037 89 0.038501739501953125
decode: 89 0 440126 89 0.03862118721008301
decode: 89 0 440215 89 0.038909912109375
decode: 89 0 440304 89 0.038698673248291016
decode: 88 0 432777 88 0.03783679008483887
mixed: 88 1 432777 2048 0.08474564552307129
mixed: 88 2 434825 2048 0.08523321151733398
mixed: 89 1 436873 2048 0.0938565731048584
mixed: 89 1 438921 2048 0.09638690948486328
mixed: 89 1 440969 253 0.03330564498901367
decode: 90 0 441312 90 0.04273033142089844
decode: 90 0 441402 90 0.0422520637512207
decode: 90 0 441492 90 0.04220914840698242
decode: 90 0 441582 90 0.04226970672607422
decode: 90 0 441672 90 0.04219508171081543
decode: 90 0 441762 90 0.04228854179382324
decode: 90 0 441852 90 0.04229545593261719
decode: 89 0 435291 89 0.03857994079589844
mixed: 89 1 435291 2048 0.08324265480041504
mixed: 89 1 437339 2048 0.09177303314208984
mixed: 88 1 436871 1024 0.05361056327819824
decode: 89 0 437984 89 0.04182696342468262
decode: 89 0 438073 89 0.04186272621154785
decode: 89 0 438162 89 0.04178476333618164
decode: 89 0 438251 89 0.04172873497009277
decode: 89 0 438340 89 0.041683197021484375
decode: 89 0 438429 89 0.04167008399963379
decode: 89 0 438518 89 0.04147696495056152
decode: 88 0 436558 88 0.03608083724975586
decode: 88 0 436646 88 0.03605508804321289
decode: 88 0 436734 88 0.03607630729675293
decode: 88 0 436822 88 0.036162614822387695
decode: 88 0 436910 88 0.03610992431640625
decode: 88 0 436998 88 0.03606009483337402
decode: 88 0 437086 88 0.03605771064758301
decode: 87 0 429872 87 0.038045406341552734
mixed: 87 1 429872 2048 0.08103513717651367
mixed: 87 1 431920 2048 0.09060215950012207
mixed: 87 1 433968 2048 0.09644126892089844
mixed: 87 1 436016 287 0.03490400314331055
decode: 88 0 436391 88 0.03878903388977051
decode: 88 0 436479 88 0.03830599784851074
decode: 88 0 436567 88 0.03851127624511719
decode: 88 0 436655 88 0.038808345794677734
decode: 88 0 436743 88 0.03843235969543457
decode: 88 0 436831 88 0.038401126861572266
decode: 87 0 430246 87 0.03676462173461914
mixed: 87 1 430246 2048 0.08431363105773926
mixed: 87 1 432294 2048 0.09089851379394531
mixed: 87 1 434342 2048 0.09658193588256836
mixed: 87 1 436390 146 0.031236648559570312
decode: 88 0 436624 88 0.0369260311126709
decode: 88 0 436712 88 0.03722357749938965
decode: 88 0 436800 88 0.036956787109375
decode: 88 0 436888 88 0.036817073822021484
decode: 88 0 436976 88 0.03679251670837402
decode: 88 0 437064 88 0.03683042526245117
decode: 88 0 437152 88 0.03698229789733887
decode: 88 0 437240 88 0.03673148155212402
decode: 88 0 437328 88 0.03665781021118164
decode: 88 0 437416 88 0.03656935691833496
decode: 88 0 437504 88 0.0365748405456543
decode: 88 0 437592 88 0.03806281089782715
decode: 88 0 437680 88 0.03682971000671387
decode: 88 0 437768 88 0.03665804862976074
decode: 88 0 437856 88 0.03663444519042969
decode: 88 0 437944 88 0.03658723831176758
decode: 88 0 438032 88 0.036609649658203125
decode: 88 0 438120 88 0.036867618560791016
decode: 88 0 438208 88 0.03684544563293457
decode: 88 0 438296 88 0.03674888610839844
decode: 88 0 438384 88 0.03661012649536133
decode: 88 0 438472 88 0.03664851188659668
decode: 88 0 438560 88 0.03667640686035156
decode: 88 0 438648 88 0.036736488342285156
decode: 88 0 438736 88 0.03665041923522949
decode: 88 0 438824 88 0.036666154861450195
decode: 88 0 438912 88 0.03657889366149902
decode: 88 0 439000 88 0.03666257858276367
decode: 88 0 439088 88 0.03663372993469238
decode: 88 0 439176 88 0.03659391403198242
decode: 88 0 439264 88 0.03656935691833496
decode: 88 0 439352 88 0.03663468360900879
decode: 88 0 439440 88 0.03664755821228027
decode: 88 0 439528 88 0.03669285774230957
decode: 88 0 439616 88 0.036653995513916016
decode: 88 0 439704 88 0.03662991523742676
decode: 88 0 439792 88 0.03663134574890137
decode: 88 0 439880 88 0.03670692443847656
decode: 88 0 439968 88 0.036681413650512695
decode: 88 0 440056 88 0.036657094955444336
decode: 88 0 440144 88 0.036630868911743164
decode: 88 0 440232 88 0.03665876388549805
decode: 88 0 440320 88 0.03672075271606445
decode: 87 0 437479 87 0.03583264350891113
decode: 87 0 437566 87 0.035833120346069336
decode: 87 0 437653 87 0.03577613830566406
decode: 87 0 437740 87 0.035791873931884766
decode: 87 0 437827 87 0.035803794860839844
decode: 87 0 437914 87 0.035837411880493164
decode: 87 0 438001 87 0.035758018493652344
decode: 86 0 429891 86 0.03553152084350586
mixed: 86 1 429891 2048 0.08276605606079102
mixed: 86 1 431939 2048 0.09135580062866211
mixed: 86 2 433987 2048 0.08673453330993652
mixed: 87 1 436035 1657 0.08122110366821289
decode: 88 0 437780 88 0.037905216217041016
decode: 88 0 437868 88 0.03608202934265137
decode: 88 0 437956 88 0.03576254844665527
decode: 88 0 438044 88 0.03576517105102539
decode: 88 0 438132 88 0.035825252532958984
decode: 87 0 434902 87 0.035860300064086914
mixed: 87 1 434902 2048 0.08351302146911621
mixed: 87 1 436950 401 0.039215803146362305
decode: 88 0 437439 88 0.03591036796569824
decode: 88 0 437527 88 0.03577375411987305
decode: 88 0 437615 88 0.035791873931884766
decode: 88 0 437703 88 0.03579378128051758
decode: 88 0 437791 88 0.03581070899963379
decode: 88 0 437879 88 0.03580784797668457
decode: 88 0 437967 88 0.0358128547668457
decode: 88 0 438055 88 0.03577280044555664
decode: 88 0 438143 88 0.03573274612426758
decode: 88 0 438231 88 0.03563404083251953
decode: 88 0 438319 88 0.03563833236694336
decode: 88 0 438407 88 0.03564810752868652
decode: 88 0 438495 88 0.03572702407836914
decode: 88 0 438583 88 0.03570294380187988
decode: 88 0 438671 88 0.03568577766418457
decode: 88 0 438759 88 0.035720109939575195
decode: 88 0 438847 88 0.03568911552429199
decode: 88 0 438935 88 0.035758256912231445
decode: 88 0 439023 88 0.035750627517700195
decode: 88 0 439111 88 0.03571724891662598
decode: 88 0 439199 88 0.03567862510681152
decode: 88 0 439287 88 0.03571963310241699
decode: 88 0 439375 88 0.03578329086303711
decode: 88 0 439463 88 0.035799503326416016
decode: 88 0 439551 88 0.035745859146118164
decode: 88 0 439639 88 0.03569173812866211
decode: 88 0 439727 88 0.03576159477233887
decode: 88 0 439815 88 0.035799503326416016
decode: 88 0 439903 88 0.03580427169799805
decode: 88 0 439991 88 0.03576207160949707
decode: 88 0 440079 88 0.035744667053222656
decode: 88 0 440167 88 0.03575563430786133
decode: 88 0 440255 88 0.03583884239196777
decode: 88 0 440343 88 0.03582000732421875
decode: 88 0 440431 88 0.03579068183898926
decode: 88 0 440519 88 0.0358271598815918
decode: 88 0 440607 88 0.03582429885864258
decode: 88 0 440695 88 0.03584408760070801
decode: 87 0 431652 87 0.03667497634887695
mixed: 87 1 431652 2048 0.08353638648986816
mixed: 87 2 433700 2048 0.0860586166381836
mixed: 88 1 435748 2048 0.08948183059692383
mixed: 87 2 431554 2048 0.08884334564208984
mixed: 88 2 433602 2048 0.08439183235168457
mixed: 89 1 435650 1500 0.07720422744750977
decode: 90 0 437240 90 0.04092741012573242
decode: 90 0 437330 90 0.03978300094604492
decode: 89 0 434447 89 0.03933525085449219
decode: 89 0 434536 89 0.03930306434631348
decode: 89 0 434625 89 0.0392460823059082
decode: 89 0 434714 89 0.039235830307006836
decode: 89 0 434803 89 0.039232492446899414
decode: 89 0 434892 89 0.03924894332885742
decode: 89 0 434981 89 0.039142608642578125
decode: 89 0 435070 89 0.03917980194091797
decode: 89 0 435159 89 0.03910088539123535
decode: 89 0 435248 89 0.0390627384185791
decode: 89 0 435337 89 0.039086341857910156
decode: 89 0 435426 89 0.03913712501525879
decode: 89 0 435515 89 0.039157867431640625
decode: 89 0 435604 89 0.0390932559967041
decode: 89 0 435693 89 0.039104461669921875
decode: 89 0 435782 89 0.03924560546875
decode: 89 0 435871 89 0.039183855056762695
decode: 89 0 435960 89 0.039183855056762695
decode: 89 0 436049 89 0.03916597366333008
decode: 89 0 436138 89 0.039175987243652344
decode: 89 0 436227 89 0.03921175003051758
decode: 89 0 436316 89 0.03921699523925781
decode: 89 0 436405 89 0.0391538143157959
decode: 89 0 436494 89 0.039166927337646484
decode: 89 0 436583 89 0.039218902587890625
decode: 89 0 436672 89 0.03924441337585449
decode: 89 0 436761 89 0.039231300354003906
decode: 89 0 436850 89 0.03919100761413574
decode: 88 0 428291 88 0.03690791130065918
mixed: 88 1 428291 2048 0.08407306671142578
mixed: 88 1 430339 2048 0.09133601188659668
mixed: 88 1 432387 2048 0.09699559211730957
mixed: 88 1 434435 773 0.05356311798095703
decode: 89 0 435297 89 0.040169715881347656
decode: 89 0 435386 89 0.038677215576171875
decode: 89 0 435475 89 0.03838348388671875
decode: 89 0 435564 89 0.03841352462768555
decode: 89 0 435653 89 0.03827786445617676
decode: 89 0 435742 89 0.03834700584411621
decode: 89 0 435831 89 0.03853011131286621
decode: 89 0 435920 89 0.038459062576293945
decode: 89 0 436009 89 0.03823399543762207
decode: 89 0 436098 89 0.03819680213928223
decode: 89 0 436187 89 0.038105010986328125
decode: 89 0 436276 89 0.03811788558959961
decode: 89 0 436365 89 0.0383758544921875
decode: 89 0 436454 89 0.03840208053588867
decode: 89 0 436543 89 0.03866434097290039
decode: 89 0 436632 89 0.03834962844848633
decode: 89 0 436721 89 0.03867006301879883
decode: 89 0 436810 89 0.038338661193847656
decode: 89 0 436899 89 0.03870058059692383
decode: 89 0 436988 89 0.03829073905944824
decode: 89 0 437077 89 0.03840160369873047
decode: 89 0 437166 89 0.03827786445617676
decode: 89 0 437255 89 0.03822135925292969
decode: 89 0 437344 89 0.03826260566711426
decode: 89 0 437433 89 0.03870415687561035
decode: 89 0 437522 89 0.038449764251708984
decode: 89 0 437611 89 0.038466691970825195
decode: 89 0 437700 89 0.03831911087036133
decode: 89 0 437789 89 0.038301944732666016
decode: 89 0 437878 89 0.038274288177490234
decode: 89 0 437967 89 0.03819680213928223
decode: 89 0 438056 89 0.03822827339172363
decode: 89 0 438145 89 0.0384058952331543
decode: 89 0 438234 89 0.03845357894897461
decode: 89 0 438323 89 0.038324594497680664
decode: 89 0 438412 89 0.03839373588562012
decode: 89 0 438501 89 0.03834414482116699
decode: 89 0 438590 89 0.03838610649108887
decode: 88 0 436602 88 0.03672385215759277
decode: 88 0 436690 88 0.03666210174560547
decode: 88 0 436778 88 0.036524057388305664
decode: 88 0 436866 88 0.03651928901672363
decode: 88 0 436954 88 0.03650999069213867
decode: 88 0 437042 88 0.03662562370300293
decode: 87 0 431714 87 0.037580013275146484
mixed: 87 1 431714 2048 0.08264899253845215
mixed: 87 1 433762 2048 0.09145450592041016
mixed: 87 1 435810 2048 0.09685540199279785
mixed: 87 2 437858 1739 0.08097362518310547
decode: 89 0 439686 89 0.04085564613342285
decode: 89 0 439775 89 0.04008793830871582
decode: 89 0 439864 89 0.04036426544189453
decode: 89 0 439953 89 0.04038381576538086
decode: 89 0 440042 89 0.04008889198303223
decode: 89 0 440131 89 0.0403134822845459
decode: 89 0 440220 89 0.0404667854309082
decode: 89 0 440309 89 0.03989458084106445
decode: 89 0 440398 89 0.04048585891723633
decode: 89 0 440487 89 0.04025888442993164
decode: 89 0 440576 89 0.03975033760070801
decode: 89 0 440665 89 0.03979349136352539
decode: 89 0 440754 89 0.039784908294677734
decode: 89 0 440843 89 0.03972268104553223
decode: 89 0 440932 89 0.039795875549316406
decode: 89 0 441021 89 0.03983926773071289
decode: 89 0 441110 89 0.03992033004760742
decode: 89 0 441199 89 0.04028153419494629
decode: 89 0 441288 89 0.04048299789428711
decode: 89 0 441377 89 0.0398404598236084
decode: 89 0 441466 89 0.04035544395446777
decode: 89 0 441555 89 0.04030442237854004
decode: 89 0 441644 89 0.03984546661376953
decode: 89 0 441733 89 0.040433406829833984
decode: 89 0 441822 89 0.04026365280151367
decode: 89 0 441911 89 0.03993105888366699
decode: 89 0 442000 89 0.03988480567932129
decode: 89 0 442089 89 0.03994035720825195
decode: 89 0 442178 89 0.040334463119506836
decode: 89 0 442267 89 0.03986978530883789
decode: 87 0 430963 87 0.039057254791259766
mixed: 87 1 430963 2048 0.08353376388549805
mixed: 87 1 433011 2048 0.0908660888671875
mixed: 87 1 435059 2048 0.09735941886901855
mixed: 87 1 437107 1706 0.0918722152709961
decode: 88 0 438901 88 0.037537574768066406
decode: 88 0 438989 88 0.03671002388000488
decode: 88 0 439077 88 0.03653550148010254
decode: 88 0 439165 88 0.03654050827026367
decode: 88 0 439253 88 0.03661227226257324
decode: 88 0 439341 88 0.03660416603088379
decode: 88 0 439429 88 0.03661799430847168
decode: 88 0 439517 88 0.036889076232910156
decode: 88 0 439605 88 0.03665876388549805
decode: 88 0 439693 88 0.03653311729431152
decode: 87 0 434019 87 0.04046034812927246
mixed: 87 1 434019 2048 0.08409357070922852
mixed: 87 1 436067 2048 0.09048271179199219
mixed: 87 1 438115 2048 0.09699201583862305
mixed: 87 1 440163 707 0.05015707015991211
decode: 88 0 440958 88 0.04146838188171387
decode: 88 0 441046 88 0.04060769081115723
decode: 88 0 441134 88 0.04065251350402832
decode: 88 0 441222 88 0.040714263916015625
decode: 88 0 441310 88 0.04076504707336426
decode: 88 0 441398 88 0.04071378707885742
decode: 88 0 441486 88 0.04070019721984863
decode: 87 0 431882 87 0.03626751899719238
mixed: 87 2 431882 2048 0.08197808265686035
mixed: 88 1 433930 2048 0.08574938774108887
mixed: 88 1 435978 1685 0.0843191146850586
decode: 89 0 437752 89 0.03744792938232422
decode: 89 0 437841 89 0.03657793998718262
decode: 89 0 437930 89 0.03668045997619629
decode: 89 0 438019 89 0.03670978546142578
decode: 89 0 438108 89 0.03671908378601074
decode: 89 0 438197 89 0.03655195236206055
decode: 89 0 438286 89 0.036588430404663086
decode: 89 0 438375 89 0.036632537841796875
decode: 89 0 438464 89 0.0364682674407959
decode: 89 0 438553 89 0.036483049392700195
decode: 89 0 438642 89 0.0364079475402832
decode: 88 0 436762 88 0.03803420066833496
decode: 88 0 436850 88 0.03809666633605957
decode: 87 0 432702 87 0.037616729736328125
mixed: 87 1 432702 2048 0.08392643928527832
mixed: 87 1 434750 2048 0.0916893482208252
mixed: 87 1 436798 2048 0.09656167030334473
mixed: 87 1 438846 380 0.03939199447631836
decode: 87 0 436842 87 0.038185834884643555
decode: 87 0 436929 87 0.03793931007385254
decode: 87 0 437016 87 0.03775358200073242
decode: 87 0 437103 87 0.0377507209777832
decode: 87 0 437190 87 0.037795305252075195
decode: 87 0 437277 87 0.03782844543457031
decode: 87 0 437364 87 0.03785538673400879
decode: 87 0 437451 87 0.03769493103027344
decode: 87 0 437538 87 0.03773832321166992
decode: 86 0 430123 86 0.037371158599853516
mixed: 86 1 430123 2048 0.08285951614379883
mixed: 86 1 432171 2048 0.09293532371520996
mixed: 86 1 434219 2048 0.09564709663391113
mixed: 86 1 436267 1762 0.09296607971191406
decode: 87 0 438116 87 0.03929424285888672
decode: 87 0 438203 87 0.0384523868560791
decode: 87 0 438290 87 0.0380711555480957
decode: 87 0 438377 87 0.03808188438415527
decode: 87 0 438464 87 0.03813743591308594
decode: 87 0 438551 87 0.038092851638793945
decode: 87 0 438638 87 0.038092613220214844
decode: 87 0 438725 87 0.03809809684753418
decode: 87 0 438812 87 0.03791308403015137
decode: 87 0 438899 87 0.037909507751464844
decode: 87 0 438986 87 0.03794121742248535
decode: 87 0 439073 87 0.03789210319519043
decode: 87 0 439160 87 0.037927865982055664
decode: 87 0 439247 87 0.03783869743347168
decode: 87 0 439334 87 0.037876129150390625
decode: 87 0 439421 87 0.03791522979736328
decode: 87 0 439508 87 0.03795814514160156
decode: 87 0 439595 87 0.03792285919189453
decode: 87 0 439682 87 0.03787684440612793
decode: 87 0 439769 87 0.03789710998535156
decode: 87 0 439856 87 0.0379788875579834
decode: 86 0 432713 86 0.03747248649597168
mixed: 86 1 432713 2048 0.08331966400146484
mixed: 86 1 434761 2048 0.09174656867980957
mixed: 86 1 436809 1103 0.059374094009399414
decode: 87 0 437999 87 0.03894495964050293
decode: 87 0 438086 87 0.0380706787109375
decode: 87 0 438173 87 0.03774523735046387
decode: 87 0 438260 87 0.0377500057220459
decode: 87 0 438347 87 0.03771352767944336
decode: 87 0 438434 87 0.03770709037780762
decode: 87 0 438521 87 0.0377652645111084
decode: 86 0 432647 86 0.03936886787414551
mixed: 86 1 432647 2048 0.08314108848571777
mixed: 86 2 434695 2048 0.08646202087402344
mixed: 87 1 436743 92 0.03021693229675293
decode: 88 0 436923 88 0.03993844985961914
decode: 88 0 437011 88 0.03935575485229492
decode: 88 0 437099 88 0.03939175605773926
decode: 88 0 437187 88 0.03942561149597168
decode: 88 0 437275 88 0.039380788803100586
decode: 88 0 437363 88 0.03932690620422363
decode: 88 0 437451 88 0.03933429718017578
decode: 88 0 437539 88 0.03924202919006348
decode: 88 0 437627 88 0.03921961784362793
decode: 88 0 437715 88 0.0392155647277832
decode: 88 0 437803 88 0.03918743133544922
decode: 88 0 437891 88 0.03920865058898926
decode: 88 0 437979 88 0.03925967216491699
decode: 88 0 438067 88 0.03923797607421875
decode: 88 0 438155 88 0.03918576240539551
decode: 88 0 438243 88 0.03921914100646973
decode: 88 0 438331 88 0.03928661346435547
decode: 88 0 438419 88 0.03930234909057617
decode: 88 0 438507 88 0.03924822807312012
decode: 88 0 438595 88 0.0392303466796875
decode: 88 0 438683 88 0.0392606258392334
decode: 88 0 438771 88 0.03932595252990723
decode: 87 0 429761 87 0.037694692611694336
mixed: 87 2 429761 2048 0.08326601982116699
mixed: 88 1 431809 2048 0.08629941940307617
mixed: 88 1 433857 1845 0.08673882484436035
decode: 89 0 435791 89 0.041980743408203125
decode: 89 0 435880 89 0.04068946838378906
decode: 89 0 435969 89 0.04049563407897949
decode: 89 0 436058 89 0.04033851623535156
decode: 89 0 436147 89 0.04034066200256348
decode: 89 0 436236 89 0.04036569595336914
decode: 89 0 436325 89 0.04039168357849121
decode: 89 0 436414 89 0.04033851623535156
decode: 89 0 436503 89 0.040227651596069336
decode: 89 0 436592 89 0.04033207893371582
decode: 89 0 436681 89 0.040328025817871094
decode: 89 0 436770 89 0.04032111167907715
decode: 89 0 436859 89 0.04027819633483887
decode: 89 0 436948 89 0.04028511047363281
decode: 89 0 437037 89 0.04029512405395508
decode: 89 0 437126 89 0.04031682014465332
decode: 89 0 437215 89 0.040297746658325195
decode: 89 0 437304 89 0.040297746658325195
decode: 89 0 437393 89 0.04035806655883789
decode: 89 0 437482 89 0.040343284606933594
decode: 89 0 437571 89 0.04030609130859375
decode: 89 0 437660 89 0.04021716117858887
decode: 89 0 437749 89 0.04031968116760254
decode: 89 0 437838 89 0.040369510650634766
decode: 89 0 437927 89 0.04033517837524414
decode: 89 0 438016 89 0.04041647911071777
decode: 89 0 438105 89 0.04035806655883789
decode: 89 0 438194 89 0.04026293754577637
decode: 89 0 438283 89 0.04029083251953125
decode: 89 0 438372 89 0.04044032096862793
decode: 89 0 438461 89 0.04044365882873535
decode: 89 0 438550 89 0.04040789604187012
decode: 89 0 438639 89 0.040334224700927734
decode: 89 0 438728 89 0.04029440879821777
decode: 89 0 438817 89 0.040389299392700195
decode: 89 0 438906 89 0.040463924407958984
decode: 89 0 438995 89 0.04042673110961914
decode: 89 0 439084 89 0.040386199951171875
decode: 89 0 439173 89 0.04039120674133301
decode: 88 0 429178 88 0.04053473472595215
mixed: 88 1 429178 2048 0.08235979080200195
mixed: 88 2 431226 2048 0.0855257511138916
mixed: 89 1 433274 2048 0.08544778823852539
mixed: 89 1 435322 2048 0.09213900566101074
mixed: 89 1 437370 2048 0.09748625755310059
mixed: 89 1 439418 139 0.031084775924682617
decode: 89 0 433098 89 0.03730511665344238
mixed: 89 1 433098 2048 0.08264923095703125
mixed: 89 1 435146 2048 0.09186267852783203
mixed: 89 1 437194 2048 0.09663033485412598
mixed: 89 1 439242 351 0.0364995002746582
decode: 90 0 439683 90 0.038881540298461914
decode: 90 0 439773 90 0.03851461410522461
decode: 90 0 439863 90 0.038504600524902344
decode: 90 0 439953 90 0.03847503662109375
decode: 90 0 440043 90 0.03845620155334473
decode: 90 0 440133 90 0.038466453552246094
decode: 90 0 440223 90 0.03849077224731445
decode: 90 0 440313 90 0.03832268714904785
decode: 90 0 440403 90 0.038286685943603516
decode: 89 0 435977 89 0.03952193260192871
mixed: 89 1 435977 2048 0.08336281776428223
mixed: 89 1 438025 1998 0.090301513671875
decode: 90 0 440113 90 0.042404890060424805
decode: 90 0 440203 90 0.04088997840881348
decode: 90 0 440293 90 0.040494680404663086
decode: 90 0 440383 90 0.040375471115112305
decode: 90 0 440473 90 0.040345191955566406
decode: 89 0 435639 89 0.03786301612854004
decode: 89 0 435728 89 0.03787708282470703
decode: 89 0 435817 89 0.037956953048706055
decode: 89 0 435906 89 0.03780007362365723
decode: 88 0 429023 88 0.03566312789916992
mixed: 88 1 429023 2048 0.08192014694213867
mixed: 88 2 431071 2048 0.0853126049041748
mixed: 89 1 433119 1884 0.08696818351745605
decode: 90 0 435093 90 0.04017353057861328
decode: 90 0 435183 90 0.03910064697265625
decode: 90 0 435273 90 0.03886747360229492
decode: 90 0 435363 90 0.03892230987548828
decode: 90 0 435453 90 0.03890824317932129
decode: 90 0 435543 90 0.03892159461975098
decode: 90 0 435633 90 0.038886070251464844
decode: 90 0 435723 90 0.038892507553100586
decode: 90 0 435813 90 0.03868913650512695
decode: 90 0 435903 90 0.038767099380493164
decode: 90 0 435993 90 0.03872871398925781
decode: 90 0 436083 90 0.03866004943847656
decode: 90 0 436173 90 0.038654327392578125
decode: 90 0 436263 90 0.03872847557067871
decode: 90 0 436353 90 0.038763999938964844
decode: 90 0 436443 90 0.03872084617614746
decode: 90 0 436533 90 0.038695335388183594
decode: 90 0 436623 90 0.03870701789855957
decode: 90 0 436713 90 0.03876543045043945
decode: 90 0 436803 90 0.03877711296081543
decode: 90 0 436893 90 0.03873944282531738
decode: 90 0 436983 90 0.03876447677612305
decode: 90 0 437073 90 0.038715362548828125
decode: 90 0 437163 90 0.03876209259033203
decode: 90 0 437253 90 0.03877854347229004
decode: 90 0 437343 90 0.03879404067993164
decode: 90 0 437433 90 0.03882455825805664
decode: 90 0 437523 90 0.03882098197937012
decode: 90 0 437613 90 0.038788795471191406
decode: 90 0 437703 90 0.03881359100341797
decode: 90 0 437793 90 0.038729190826416016
decode: 90 0 437883 90 0.03879141807556152
decode: 90 0 437973 90 0.03886890411376953
decode: 90 0 438063 90 0.03885984420776367
decode: 90 0 438153 90 0.038825273513793945
decode: 90 0 438243 90 0.03878474235534668
decode: 90 0 438333 90 0.03880763053894043
decode: 90 0 438423 90 0.038826942443847656
decode: 90 0 438513 90 0.03882622718811035
decode: 90 0 438603 90 0.038811683654785156
decode: 90 0 438693 90 0.0388638973236084
decode: 90 0 438783 90 0.038945913314819336
decode: 90 0 438873 90 0.03887653350830078
decode: 90 0 438963 90 0.038837432861328125
decode: 90 0 439053 90 0.038890838623046875
decode: 90 0 439143 90 0.038886070251464844
decode: 90 0 439233 90 0.038919925689697266
decode: 90 0 439323 90 0.03891277313232422
decode: 90 0 439413 90 0.0395197868347168
decode: 90 0 439503 90 0.03951764106750488
decode: 90 0 439593 90 0.03921771049499512
decode: 90 0 439683 90 0.039011240005493164
decode: 90 0 439773 90 0.039008140563964844
decode: 90 0 439863 90 0.03893852233886719
decode: 90 0 439953 90 0.03901362419128418
decode: 90 0 440043 90 0.03922557830810547
decode: 90 0 440133 90 0.039110660552978516
decode: 90 0 440223 90 0.038969993591308594
decode: 90 0 440313 90 0.03899526596069336
decode: 90 0 440403 90 0.03904604911804199
decode: 89 0 431597 89 0.04097318649291992
mixed: 89 1 431597 2048 0.08352994918823242
mixed: 89 1 433645 361 0.035620689392089844
decode: 90 0 434096 90 0.041414499282836914
decode: 90 0 434186 90 0.040993452072143555
decode: 90 0 434276 90 0.04269242286682129
decode: 90 0 434366 90 0.041118621826171875
decode: 90 0 434456 90 0.04106640815734863
decode: 90 0 434546 90 0.041010379791259766
decode: 90 0 434636 90 0.040985107421875
decode: 90 0 434726 90 0.041127681732177734
decode: 90 0 434816 90 0.040888071060180664
decode: 90 0 434906 90 0.04083824157714844
decode: 90 0 434996 90 0.04088568687438965
decode: 90 0 435086 90 0.04091978073120117
decode: 89 0 432131 89 0.03789377212524414
decode: 89 0 432220 89 0.037865400314331055
decode: 89 0 432309 89 0.03788042068481445
decode: 89 0 432398 89 0.03785419464111328
decode: 89 0 432487 89 0.0378878116607666
decode: 89 0 432576 89 0.03794264793395996
decode: 89 0 432665 89 0.0379490852355957
decode: 89 0 432754 89 0.03789925575256348
decode: 89 0 432843 89 0.03789091110229492
decode: 89 0 432932 89 0.03789687156677246
decode: 89 0 433021 89 0.03790712356567383
decode: 89 0 433110 89 0.03792214393615723
decode: 89 0 433199 89 0.03801465034484863
decode: 89 0 433288 89 0.03815650939941406
decode: 89 0 433377 89 0.03803300857543945
decode: 89 0 433466 89 0.03812837600708008
decode: 89 0 433555 89 0.03850245475769043
decode: 89 0 433644 89 0.03811335563659668
decode: 89 0 433733 89 0.03815484046936035
decode: 88 0 430552 88 0.03740048408508301
mixed: 88 1 430552 2048 0.08333945274353027
mixed: 88 1 432600 2048 0.09049677848815918
mixed: 88 1 434648 2048 0.09542560577392578
mixed: 88 1 436696 711 0.05005812644958496
decode: 89 0 437496 89 0.037674903869628906
decode: 89 0 437585 89 0.03692889213562012
decode: 89 0 437674 89 0.03677535057067871
decode: 89 0 437763 89 0.036951303482055664
decode: 89 0 437852 89 0.0368351936340332
decode: 89 0 437941 89 0.0368649959564209
decode: 89 0 438030 89 0.03691697120666504
decode: 89 0 438119 89 0.03681492805480957
decode: 89 0 438208 89 0.03664207458496094
decode: 89 0 438297 89 0.03733372688293457
decode: 89 0 438386 89 0.03673434257507324
decode: 89 0 438475 89 0.036707162857055664
decode: 89 0 438564 89 0.03665041923522949
decode: 89 0 438653 89 0.036551475524902344
decode: 89 0 438742 89 0.036681175231933594
decode: 89 0 438831 89 0.03669118881225586
decode: 89 0 438920 89 0.03670930862426758
decode: 89 0 439009 89 0.036658287048339844
decode: 89 0 439098 89 0.03670692443847656
decode: 89 0 439187 89 0.03671121597290039
decode: 89 0 439276 89 0.036629438400268555
decode: 89 0 439365 89 0.03665757179260254
decode: 89 0 439454 89 0.036696434020996094
decode: 89 0 439543 89 0.036756277084350586
decode: 89 0 439632 89 0.03680109977722168
decode: 89 0 439721 89 0.0366978645324707
decode: 89 0 439810 89 0.03669881820678711
decode: 89 0 439899 89 0.0367426872253418
decode: 89 0 439988 89 0.036771535873413086
decode: 89 0 440077 89 0.03682827949523926
decode: 89 0 440166 89 0.03670382499694824
decode: 89 0 440255 89 0.0367274284362793
decode: 89 0 440344 89 0.03676772117614746
decode: 89 0 440433 89 0.036728620529174805
decode: 88 0 436658 88 0.03819775581359863
decode: 88 0 436746 88 0.03821921348571777
decode: 87 0 434170 87 0.036940574645996094
mixed: 87 1 434170 2048 0.08261227607727051
mixed: 87 1 436218 2048 0.09106779098510742
mixed: 87 1 438266 2048 0.0968022346496582
mixed: 86 2 432981 2048 0.09749794006347656
mixed: 87 1 435029 2048 0.08644342422485352
mixed: 87 1 437077 2048 0.09201240539550781
mixed: 86 2 432618 2048 0.0873563289642334
mixed: 87 1 434666 2048 0.08834457397460938
mixed: 87 1 436714 2048 0.0944969654083252
mixed: 87 1 438762 1045 0.06012988090515137
decode: 88 0 439895 88 0.03745722770690918
decode: 88 0 439983 88 0.03614377975463867
decode: 88 0 440071 88 0.03594088554382324
decode: 88 0 440159 88 0.03595566749572754
decode: 88 0 440247 88 0.03599834442138672
decode: 88 0 440335 88 0.035978078842163086
decode: 88 0 440423 88 0.03588700294494629
decode: 88 0 440511 88 0.03588747978210449
decode: 88 0 440599 88 0.03579235076904297
decode: 87 0 436975 87 0.03586912155151367
mixed: 87 1 436975 2048 0.08391165733337402
mixed: 87 1 439023 1048 0.05746102333068848
decode: 88 0 440159 88 0.03713202476501465
decode: 88 0 440247 88 0.03624534606933594
decode: 88 0 440335 88 0.035979270935058594
decode: 88 0 440423 88 0.03598213195800781
decode: 88 0 440511 88 0.035985708236694336
decode: 88 0 440599 88 0.03600955009460449
decode: 88 0 440687 88 0.036013126373291016
decode: 88 0 440775 88 0.03600287437438965
decode: 88 0 440863 88 0.03596639633178711
decode: 88 0 440951 88 0.035852670669555664
decode: 87 0 434294 87 0.03705596923828125
mixed: 87 1 434294 2048 0.08191061019897461
mixed: 87 1 436342 2048 0.0905301570892334
mixed: 87 1 438390 2048 0.09589672088623047
mixed: 86 2 432749 2048 0.08816123008728027
mixed: 87 1 434797 2048 0.08881092071533203
mixed: 87 2 436845 2048 0.08732199668884277
mixed: 88 1 438893 173 0.03145790100097656
decode: 89 0 439155 89 0.03824591636657715
decode: 89 0 439244 89 0.037992000579833984
decode: 89 0 439333 89 0.03809928894042969
decode: 89 0 439422 89 0.0380549430847168
decode: 89 0 439511 89 0.03808760643005371
decode: 89 0 439600 89 0.03808927536010742
decode: 89 0 439689 89 0.03813910484313965
decode: 88 0 435184 88 0.03545665740966797
mixed: 88 1 435184 2048 0.0829312801361084
mixed: 88 2 437232 2048 0.08517909049987793
mixed: 89 1 439280 728 0.047574520111083984
decode: 90 0 440098 90 0.03766202926635742
decode: 90 0 440188 90 0.03691387176513672
decode: 90 0 440278 90 0.03686881065368652
decode: 90 0 440368 90 0.03682684898376465
decode: 90 0 440458 90 0.03685712814331055
decode: 90 0 440548 90 0.0368192195892334
decode: 90 0 440638 90 0.036890268325805664
decode: 90 0 440728 90 0.036984920501708984
decode: 90 0 440818 90 0.036814212799072266
decode: 90 0 440908 90 0.03660774230957031
decode: 90 0 440998 90 0.036576032638549805
decode: 90 0 441088 90 0.03664755821228027
decode: 90 0 441178 90 0.03670907020568848
decode: 90 0 441268 90 0.03675508499145508
decode: 89 0 432887 89 0.037507057189941406
mixed: 89 1 432887 2048 0.08325409889221191
mixed: 89 1 434935 2048 0.09145927429199219
mixed: 89 2 436983 2048 0.08669185638427734
mixed: 90 1 439031 173 0.031453847885131836
decode: 91 0 439295 91 0.03887677192687988
decode: 91 0 439386 91 0.0382847785949707
decode: 91 0 439477 91 0.038268327713012695
decode: 91 0 439568 91 0.03823280334472656
decode: 91 0 439659 91 0.0381932258605957
decode: 91 0 439750 91 0.03825736045837402
decode: 91 0 439841 91 0.03827333450317383
decode: 91 0 439932 91 0.03812599182128906
decode: 91 0 440023 91 0.03806924819946289
decode: 91 0 440114 91 0.03807783126831055
decode: 91 0 440205 91 0.03806328773498535
decode: 90 0 437765 90 0.03923940658569336
decode: 90 0 437855 90 0.03926587104797363
decode: 90 0 437945 90 0.03924989700317383
decode: 90 0 438035 90 0.039269447326660156
decode: 90 0 438125 90 0.03927016258239746
decode: 90 0 438215 90 0.039301156997680664
decode: 89 0 434818 89 0.038084983825683594
decode: 89 0 434907 89 0.038005828857421875
decode: 89 0 434996 89 0.03798317909240723
decode: 89 0 435085 89 0.03802156448364258
decode: 89 0 435174 89 0.03800010681152344
decode: 89 0 435263 89 0.03806304931640625
decode: 89 0 435352 89 0.03818035125732422
decode: 89 0 435441 89 0.038787126541137695
decode: 89 0 435530 89 0.038564205169677734
decode: 89 0 435619 89 0.039472341537475586
decode: 89 0 435708 89 0.038269758224487305
decode: 89 0 435797 89 0.03815937042236328
decode: 89 0 435886 89 0.038083791732788086
decode: 89 0 435975 89 0.03810405731201172
decode: 89 0 436064 89 0.03867292404174805
decode: 89 0 436153 89 0.040151119232177734
decode: 89 0 436242 89 0.03833436965942383
decode: 89 0 436331 89 0.03821063041687012
decode: 89 0 436420 89 0.0381317138671875
decode: 89 0 436509 89 0.03811240196228027
decode: 89 0 436598 89 0.03937101364135742
decode: 88 0 428678 88 0.038225650787353516
mixed: 88 1 428678 2048 0.08300113677978516
mixed: 88 1 430726 2048 0.09100604057312012
mixed: 88 2 432774 2048 0.09146785736083984
mixed: 89 1 434822 2048 0.08570504188537598
mixed: 89 1 436870 1510 0.07837843894958496
decode: 90 0 438470 90 0.039778709411621094
decode: 90 0 438560 90 0.03900265693664551
decode: 90 0 438650 90 0.038791656494140625
decode: 90 0 438740 90 0.03871583938598633
decode: 90 0 438830 90 0.03879380226135254
decode: 89 0 434710 89 0.036809682846069336
mixed: 89 1 434710 2048 0.0847177505493164
mixed: 89 1 436758 2048 0.09194469451904297
mixed: 89 1 438806 1845 0.09132719039916992
decode: 90 0 440741 90 0.038458824157714844
decode: 90 0 440831 90 0.036902666091918945
decode: 90 0 440921 90 0.0384058952331543
decode: 90 0 441011 90 0.03690695762634277
decode: 90 0 441101 90 0.03891611099243164
decode: 90 0 441191 90 0.03795027732849121
decode: 90 0 441281 90 0.03670930862426758
decode: 90 0 441371 90 0.03823566436767578
decode: 90 0 441461 90 0.03677010536193848
decode: 89 0 436433 89 0.03697562217712402
decode: 89 0 436522 89 0.03673076629638672
decode: 88 0 432965 88 0.0376734733581543
mixed: 88 1 432965 2048 0.08525323867797852
mixed: 88 1 435013 2048 0.09085702896118164
mixed: 88 1 437061 2048 0.0967857837677002
mixed: 87 1 434956 925 0.05556821823120117
decode: 88 0 435969 88 0.03952503204345703
decode: 88 0 436057 88 0.03854250907897949
decode: 88 0 436145 88 0.03846001625061035
decode: 88 0 436233 88 0.038117408752441406
decode: 88 0 436321 88 0.0383758544921875
decode: 88 0 436409 88 0.037946462631225586
decode: 88 0 436497 88 0.03811144828796387
decode: 88 0 436585 88 0.038115739822387695
decode: 88 0 436673 88 0.038216352462768555
decode: 88 0 436761 88 0.03819727897644043
decode: 88 0 436849 88 0.03816080093383789
decode: 88 0 436937 88 0.03787374496459961
decode: 88 0 437025 88 0.03823685646057129
decode: 88 0 437113 88 0.037841796875
decode: 88 0 437201 88 0.03783535957336426
decode: 88 0 437289 88 0.03806757926940918
decode: 88 0 437377 88 0.038012027740478516
decode: 87 0 433245 87 0.036509037017822266
mixed: 87 1 433245 2048 0.08138585090637207
mixed: 87 1 435293 2048 0.09041213989257812
mixed: 87 1 437341 294 0.034912824630737305
decode: 88 0 437723 88 0.03688669204711914
decode: 88 0 437811 88 0.03654980659484863
decode: 88 0 437899 88 0.036598920822143555
decode: 88 0 437987 88 0.036634206771850586
decode: 88 0 438075 88 0.03661775588989258
decode: 88 0 438163 88 0.03663992881774902
decode: 88 0 438251 88 0.03639841079711914
decode: 88 0 438339 88 0.036348819732666016
decode: 88 0 438427 88 0.03628706932067871
decode: 88 0 438515 88 0.0362398624420166
decode: 88 0 438603 88 0.03619265556335449
decode: 88 0 438691 88 0.03620743751525879
decode: 87 0 435946 87 0.03684663772583008
mixed: 87 1 435946 2048 0.08329153060913086
mixed: 87 1 437994 2048 0.09138894081115723
mixed: 87 1 440042 1464 0.09426498413085938
decode: 88 0 441594 88 0.03775811195373535
decode: 88 0 441682 88 0.03704667091369629
decode: 87 0 437637 87 0.036907196044921875
decode: 87 0 437724 87 0.03697705268859863
decode: 87 0 437811 87 0.036958932876586914
decode: 87 0 437898 87 0.03685188293457031
decode: 86 0 435906 86 0.03584694862365723
mixed: 86 1 435906 2048 0.08298277854919434
mixed: 86 1 437954 780 0.050020694732666016
decode: 87 0 438821 87 0.03663802146911621
decode: 87 0 438908 87 0.03598499298095703
decode: 87 0 438995 87 0.03607940673828125
decode: 87 0 439082 87 0.03604698181152344
decode: 87 0 439169 87 0.03580880165100098
decode: 87 0 439256 87 0.035784244537353516
decode: 87 0 439343 87 0.03590106964111328
decode: 87 0 439430 87 0.03625988960266113
decode: 87 0 439517 87 0.03619956970214844
decode: 87 0 439604 87 0.0358586311340332
decode: 87 0 439691 87 0.035639286041259766
decode: 87 0 439778 87 0.03642725944519043
decode: 87 0 439865 87 0.03597235679626465
decode: 87 0 439952 87 0.03580880165100098
decode: 87 0 440039 87 0.03573346138000488
decode: 87 0 440126 87 0.03568601608276367
decode: 87 0 440213 87 0.03583693504333496
decode: 87 0 440300 87 0.03598976135253906
decode: 87 0 440387 87 0.035817861557006836
decode: 87 0 440474 87 0.0357663631439209
decode: 87 0 440561 87 0.03561830520629883
decode: 87 0 440648 87 0.035697221755981445
decode: 87 0 440735 87 0.036069631576538086
decode: 87 0 440822 87 0.03582143783569336
decode: 87 0 440909 87 0.03580617904663086
decode: 87 0 440996 87 0.03574776649475098
decode: 87 0 441083 87 0.035715341567993164
decode: 87 0 441170 87 0.03614664077758789
decode: 87 0 441257 87 0.0360262393951416
decode: 87 0 441344 87 0.035860538482666016
decode: 87 0 441431 87 0.035680532455444336
decode: 87 0 441518 87 0.035669803619384766
decode: 86 0 439083 86 0.038374900817871094
decode: 85 0 434360 85 0.03966522216796875
decode: 85 0 434445 85 0.03952932357788086
decode: 85 0 434530 85 0.03930544853210449
decode: 85 0 434615 85 0.03925132751464844
decode: 85 0 434700 85 0.03930306434631348
decode: 85 0 434785 85 0.039345502853393555
decode: 85 0 434870 85 0.03953695297241211
decode: 85 0 434955 85 0.03973865509033203
decode: 85 0 435040 85 0.03969430923461914
decode: 85 0 435125 85 0.039458274841308594
decode: 85 0 435210 85 0.03939533233642578
decode: 85 0 435295 85 0.039519548416137695
decode: 85 0 435380 85 0.03940939903259277
decode: 85 0 435465 85 0.03940868377685547
decode: 85 0 435550 85 0.03935861587524414
decode: 85 0 435635 85 0.039322853088378906
decode: 85 0 435720 85 0.039374589920043945
decode: 85 0 435805 85 0.03944659233093262
decode: 85 0 435890 85 0.03941917419433594
decode: 85 0 435975 85 0.03934454917907715
decode: 85 0 436060 85 0.039343833923339844
decode: 85 0 436145 85 0.03950643539428711
decode: 85 0 436230 85 0.03950619697570801
decode: 85 0 436315 85 0.03947138786315918
decode: 85 0 436400 85 0.03942131996154785
decode: 85 0 436485 85 0.03943991661071777
decode: 85 0 436570 85 0.03948521614074707
decode: 85 0 436655 85 0.0394597053527832
decode: 85 0 436740 85 0.039374589920043945
decode: 85 0 436825 85 0.03943181037902832
decode: 85 0 436910 85 0.03954052925109863
decode: 85 0 436995 85 0.03949737548828125
decode: 85 0 437080 85 0.03946948051452637
decode: 85 0 437165 85 0.03943181037902832
decode: 85 0 437250 85 0.03950762748718262
decode: 85 0 437335 85 0.03958630561828613
decode: 85 0 437420 85 0.039562225341796875
decode: 85 0 437505 85 0.03947949409484863
decode: 85 0 437590 85 0.03948068618774414
decode: 85 0 437675 85 0.03953242301940918
decode: 84 0 432374 84 0.036818742752075195
mixed: 84 1 432374 2048 0.08397865295410156
mixed: 84 1 434422 1734 0.08354902267456055
decode: 85 0 436241 85 0.03798222541809082
decode: 85 0 436326 85 0.037259578704833984
decode: 85 0 436411 85 0.037041425704956055
decode: 85 0 436496 85 0.036984920501708984
decode: 85 0 436581 85 0.03692269325256348
decode: 85 0 436666 85 0.036986351013183594
decode: 85 0 436751 85 0.03701329231262207
decode: 85 0 436836 85 0.036949872970581055
decode: 85 0 436921 85 0.03684067726135254
decode: 85 0 437006 85 0.0368802547454834
decode: 85 0 437091 85 0.03687691688537598
decode: 85 0 437176 85 0.036875009536743164
decode: 85 0 437261 85 0.036876678466796875
decode: 85 0 437346 85 0.036817312240600586
decode: 85 0 437431 85 0.03685188293457031
decode: 85 0 437516 85 0.036956787109375
decode: 85 0 437601 85 0.0369110107421875
decode: 85 0 437686 85 0.03686952590942383
decode: 85 0 437771 85 0.03683757781982422
decode: 85 0 437856 85 0.03683161735534668
decode: 85 0 437941 85 0.0369265079498291
decode: 85 0 438026 85 0.036934852600097656
decode: 84 0 436034 84 0.039139747619628906
mixed: 84 1 436034 2048 0.0837855339050293
mixed: 84 1 438082 2048 0.09110379219055176
mixed: 84 1 440130 402 0.04036521911621094
decode: 85 0 440617 85 0.039713382720947266
decode: 85 0 440702 85 0.03935503959655762
decode: 85 0 440787 85 0.0393369197845459
decode: 85 0 440872 85 0.03940606117248535
decode: 85 0 440957 85 0.03939056396484375
decode: 85 0 441042 85 0.03940773010253906
decode: 85 0 441127 85 0.03939199447631836
decode: 85 0 441212 85 0.03926801681518555
decode: 84 0 437772 84 0.0373539924621582
mixed: 84 1 437772 2048 0.08402490615844727
mixed: 84 1 439820 1453 0.07720828056335449
decode: 85 0 441358 85 0.03875160217285156
decode: 85 0 441443 85 0.03751182556152344
decode: 85 0 441528 85 0.03730964660644531
decode: 85 0 441613 85 0.03732728958129883
decode: 85 0 441698 85 0.03736519813537598
decode: 85 0 441783 85 0.03754854202270508
decode: 85 0 441868 85 0.03756856918334961
decode: 84 0 436814 84 0.03853631019592285
decode: 84 0 436898 84 0.038205862045288086
decode: 84 0 436982 84 0.038161277770996094
decode: 84 0 437066 84 0.03816628456115723
decode: 84 0 437150 84 0.038126468658447266
decode: 83 0 432941 83 0.03910112380981445
mixed: 83 1 432941 2048 0.08266496658325195
mixed: 83 1 434989 2048 0.09121942520141602
mixed: 83 1 437037 2048 0.0965721607208252
mixed: 83 1 439085 714 0.05045127868652344
decode: 84 0 439883 84 0.03937792778015137
decode: 84 0 439967 84 0.03882122039794922
decode: 84 0 440051 84 0.0387568473815918
decode: 84 0 440135 84 0.03878903388977051
decode: 84 0 440219 84 0.03877711296081543
decode: 84 0 440303 84 0.03877544403076172
decode: 84 0 440387 84 0.03876972198486328
decode: 84 0 440471 84 0.03858494758605957
decode: 84 0 440555 84 0.038562774658203125
decode: 84 0 440639 84 0.03856348991394043
decode: 84 0 440723 84 0.0385897159576416
decode: 83 0 435673 83 0.03594398498535156
mixed: 83 1 435673 2048 0.0829930305480957
mixed: 82 1 431504 2048 0.0908961296081543
mixed: 82 2 433552 2048 0.09048080444335938
mixed: 82 1 425825 2048 0.08532142639160156
mixed: 82 2 427873 2048 0.08995699882507324
mixed: 83 1 429921 2048 0.0845937728881836
mixed: 83 1 431969 2048 0.09159159660339355
mixed: 83 2 434017 2048 0.08455491065979004
mixed: 84 1 436065 2048 0.0903315544128418
mixed: 84 2 438113 2048 0.08609724044799805
mixed: 85 1 440161 1041 0.05572152137756348
decode: 86 0 441288 86 0.039173126220703125
decode: 86 0 441374 86 0.03828239440917969
decode: 85 0 437102 85 0.03652811050415039
mixed: 85 1 437102 2048 0.08587789535522461
mixed: 85 1 439150 2048 0.0917212963104248
mixed: 85 1 441198 277 0.03468179702758789
decode: 86 0 441561 86 0.03703594207763672
decode: 86 0 441647 86 0.03669023513793945
decode: 86 0 441733 86 0.036591291427612305
decode: 86 0 441819 86 0.03653740882873535
decode: 86 0 441905 86 0.036520957946777344
decode: 86 0 441991 86 0.03665566444396973
decode: 86 0 442077 86 0.03663825988769531
decode: 86 0 442163 86 0.036478519439697266
decode: 86 0 442249 86 0.036260366439819336
decode: 86 0 442335 86 0.036292076110839844
decode: 86 0 442421 86 0.03632855415344238
decode: 85 0 439251 85 0.03564023971557617
mixed: 84 1 429801 2047 0.08084249496459961
mixed: 84 1 431848 2048 0.08955931663513184
mixed: 84 1 433896 2048 0.09485268592834473
mixed: 84 1 435944 311 0.03496694564819336
decode: 85 0 436340 85 0.03708457946777344
decode: 85 0 436425 85 0.03688335418701172
decode: 85 0 436510 85 0.03699445724487305
decode: 85 0 436595 85 0.03698253631591797
decode: 85 0 436680 85 0.03691673278808594
decode: 85 0 436765 85 0.036902666091918945
decode: 84 0 432115 84 0.03823375701904297
decode: 84 0 432199 84 0.038095712661743164
decode: 84 0 432283 84 0.038065195083618164
decode: 84 0 432367 84 0.03803420066833496
decode: 84 0 432451 84 0.03807258605957031
decode: 84 0 432535 84 0.03811788558959961
decode: 84 0 432619 84 0.03812289237976074
decode: 84 0 432703 84 0.03808784484863281
decode: 84 0 432787 84 0.03804135322570801
decode: 84 0 432871 84 0.03804326057434082
decode: 84 0 432955 84 0.03811168670654297
decode: 84 0 433039 84 0.03810834884643555
decode: 84 0 433123 84 0.03806591033935547
decode: 84 0 433207 84 0.038059234619140625
decode: 84 0 433291 84 0.03814053535461426
decode: 84 0 433375 84 0.03817605972290039
decode: 84 0 433459 84 0.03818798065185547
decode: 84 0 433543 84 0.03813052177429199
decode: 84 0 433627 84 0.03816485404968262
decode: 84 0 433711 84 0.0381627082824707
decode: 84 0 433795 84 0.038170576095581055
decode: 84 0 433879 84 0.03812360763549805
decode: 84 0 433963 84 0.03811240196228027
decode: 84 0 434047 84 0.03814411163330078
decode: 84 0 434131 84 0.03817915916442871
decode: 84 0 434215 84 0.038199663162231445
decode: 84 0 434299 84 0.03816866874694824
decode: 84 0 434383 84 0.038172245025634766
decode: 84 0 434467 84 0.03821563720703125
decode: 84 0 434551 84 0.03825998306274414
decode: 84 0 434635 84 0.038249969482421875
decode: 84 0 434719 84 0.038199424743652344
decode: 84 0 434803 84 0.03816843032836914
decode: 84 0 434887 84 0.03824305534362793
decode: 84 0 434971 84 0.03820657730102539
decode: 84 0 435055 84 0.03821301460266113
decode: 84 0 435139 84 0.03819561004638672
decode: 84 0 435223 84 0.03819680213928223
decode: 84 0 435307 84 0.03828930854797363
decode: 84 0 435391 84 0.03830718994140625
decode: 84 0 435475 84 0.03824567794799805
decode: 84 0 435559 84 0.03826451301574707
decode: 84 0 435643 84 0.038283348083496094
decode: 84 0 435727 84 0.038297414779663086
decode: 84 0 435811 84 0.03827166557312012
decode: 84 0 435895 84 0.03822922706604004
decode: 83 0 428782 83 0.038239240646362305
mixed: 83 1 428782 2048 0.08222794532775879
mixed: 83 1 430830 2048 0.08897185325622559
mixed: 83 1 432878 2048 0.09560108184814453
mixed: 83 2 434926 2048 0.09692788124084473
mixed: 84 1 436974 2048 0.08493590354919434
mixed: 84 1 439022 1109 0.057318687438964844
decode: 85 0 440216 85 0.04085874557495117
decode: 85 0 440301 85 0.03966522216796875
decode: 85 0 440386 85 0.03957676887512207
decode: 85 0 440471 85 0.03960061073303223
decode: 85 0 440556 85 0.039594173431396484
decode: 85 0 440641 85 0.03962397575378418
decode: 85 0 440726 85 0.039641618728637695
decode: 85 0 440811 85 0.03980135917663574
decode: 85 0 440896 85 0.04004693031311035
decode: 84 0 432760 84 0.03843188285827637
mixed: 84 1 432760 2048 0.08426117897033691
mixed: 83 1 431361 2048 0.09049415588378906
mixed: 83 1 433409 2048 0.09498286247253418
mixed: 83 2 435457 2048 0.08755254745483398
mixed: 84 1 437505 2048 0.08780813217163086
mixed: 84 1 439553 1828 0.08858728408813477
decode: 85 0 441466 85 0.04007720947265625
decode: 85 0 441551 85 0.039034128189086914
decode: 85 0 441636 85 0.038796186447143555
decode: 85 0 441721 85 0.03893923759460449
decode: 84 0 435300 84 0.03822207450866699
mixed: 84 1 435300 1160 0.05514860153198242
decode: 85 0 436545 85 0.03981375694274902
decode: 85 0 436630 85 0.038487911224365234
decode: 84 0 429971 84 0.03768157958984375
mixed: 84 1 429971 2048 0.08420586585998535
mixed: 84 1 432019 2048 0.09037375450134277
mixed: 84 2 434067 2048 0.08975768089294434
mixed: 85 1 436115 2048 0.08644890785217285
mixed: 85 1 438163 2048 0.09263968467712402
mixed: 84 2 437291 2048 0.08436036109924316
mixed: 85 1 439339 2048 0.0919198989868164
mixed: 85 1 441387 616 0.04508566856384277
decode: 86 0 442089 86 0.036722660064697266
decode: 86 0 442175 86 0.03624105453491211
decode: 84 0 433623 84 0.039299964904785156
mixed: 84 1 433623 1846 0.07960772514343262
decode: 85 0 435554 85 0.041412353515625
decode: 85 0 435639 85 0.03981494903564453
decode: 85 0 435724 85 0.03940892219543457
decode: 85 0 435809 85 0.039339303970336914
decode: 85 0 435894 85 0.03935885429382324
decode: 85 0 435979 85 0.03934931755065918
decode: 85 0 436064 85 0.03932332992553711
decode: 85 0 436149 85 0.03926849365234375
decode: 85 0 436234 85 0.03912830352783203
decode: 84 0 428398 84 0.03801155090332031
mixed: 84 1 428398 2048 0.0801992416381836
mixed: 84 2 430446 2032 0.08471870422363281
decode: 86 0 432564 86 0.0400998592376709
decode: 86 0 432650 86 0.0388941764831543
decode: 86 0 432736 86 0.03814506530761719
decode: 86 0 432822 86 0.03809666633605957
decode: 86 0 432908 86 0.038166046142578125
decode: 86 0 432994 86 0.03822827339172363
decode: 86 0 433080 86 0.03821992874145508
decode: 86 0 433166 86 0.03820610046386719
decode: 86 0 433252 86 0.03814125061035156
decode: 86 0 433338 86 0.03807854652404785
decode: 86 0 433424 86 0.038011789321899414
decode: 86 0 433510 86 0.037931203842163086
decode: 86 0 433596 86 0.03801131248474121
decode: 86 0 433682 86 0.03808331489562988
decode: 86 0 433768 86 0.03809046745300293
decode: 86 0 433854 86 0.03804135322570801
decode: 86 0 433940 86 0.037996768951416016
decode: 86 0 434026 86 0.03798341751098633
decode: 86 0 434112 86 0.03802967071533203
decode: 86 0 434198 86 0.03806757926940918
decode: 86 0 434284 86 0.038074493408203125
decode: 86 0 434370 86 0.03806948661804199
decode: 86 0 434456 86 0.0381166934967041
decode: 86 0 434542 86 0.038103580474853516
decode: 86 0 434628 86 0.03807210922241211
decode: 86 0 434714 86 0.03801131248474121
decode: 86 0 434800 86 0.03802037239074707
decode: 86 0 434886 86 0.03808116912841797
decode: 86 0 434972 86 0.03812575340270996
decode: 86 0 435058 86 0.0380704402923584
decode: 86 0 435144 86 0.038108110427856445
decode: 86 0 435230 86 0.038132429122924805
decode: 86 0 435316 86 0.03813362121582031
decode: 86 0 435402 86 0.03810477256774902
decode: 86 0 435488 86 0.03806924819946289
decode: 86 0 435574 86 0.03808903694152832
decode: 86 0 435660 86 0.03820657730102539
decode: 86 0 435746 86 0.0382080078125
decode: 86 0 435832 86 0.03819084167480469
decode: 86 0 435918 86 0.03818488121032715
decode: 86 0 436004 86 0.038135528564453125
decode: 86 0 436090 86 0.03823041915893555
decode: 86 0 436176 86 0.038166046142578125
decode: 86 0 436262 86 0.0381009578704834
decode: 86 0 436348 86 0.03817343711853027
decode: 86 0 436434 86 0.038214921951293945
decode: 86 0 436520 86 0.03823208808898926
decode: 86 0 436606 86 0.038216352462768555
decode: 86 0 436692 86 0.03818249702453613
decode: 85 0 434107 85 0.037789106369018555
decode: 85 0 434192 85 0.03781747817993164
decode: 85 0 434277 85 0.03780961036682129
decode: 85 0 434362 85 0.03777813911437988
decode: 84 0 428802 84 0.03708839416503906
mixed: 84 1 428802 2048 0.0834207534790039
mixed: 84 1 430850 2048 0.0906221866607666
mixed: 84 1 432898 2048 0.09586882591247559
mixed: 84 1 434946 1069 0.06226515769958496
decode: 85 0 436100 85 0.038902997970581055
decode: 85 0 436185 85 0.03722691535949707
decode: 85 0 436270 85 0.03726696968078613
decode: 85 0 436355 85 0.03692984580993652
decode: 85 0 436440 85 0.03675651550292969
decode: 85 0 436525 85 0.03662109375
decode: 85 0 436610 85 0.0365908145904541
decode: 85 0 436695 85 0.036974430084228516
decode: 85 0 436780 85 0.036520957946777344
decode: 85 0 436865 85 0.03648042678833008
decode: 85 0 436950 85 0.036489248275756836
decode: 85 0 437035 85 0.03653740882873535
decode: 85 0 437120 85 0.036408424377441406
decode: 85 0 437205 85 0.03653287887573242
decode: 85 0 437290 85 0.036440134048461914
decode: 85 0 437375 85 0.03653216361999512
decode: 85 0 437460 85 0.037079811096191406
decode: 85 0 437545 85 0.03651618957519531
decode: 85 0 437630 85 0.036504268646240234
decode: 85 0 437715 85 0.03652381896972656
decode: 85 0 437800 85 0.03656721115112305
decode: 85 0 437885 85 0.036626338958740234
decode: 85 0 437970 85 0.03653359413146973
decode: 85 0 438055 85 0.03655648231506348
decode: 85 0 438140 85 0.03654217720031738
decode: 85 0 438225 85 0.03657698631286621
decode: 85 0 438310 85 0.03645682334899902
decode: 85 0 438395 85 0.036493539810180664
decode: 85 0 438480 85 0.03648233413696289
decode: 85 0 438565 85 0.03655219078063965
decode: 85 0 438650 85 0.036568403244018555
decode: 85 0 438735 85 0.0365757942199707
decode: 85 0 438820 85 0.03657054901123047
decode: 84 0 431800 84 0.03603625297546387
mixed: 84 1 431800 2048 0.08261871337890625
mixed: 84 2 433848 2048 0.0863335132598877
mixed: 85 1 435896 2048 0.08699369430541992
mixed: 85 1 437944 1190 0.06003928184509277
decode: 86 0 439220 86 0.037344932556152344
decode: 86 0 439306 86 0.03649139404296875
decode: 86 0 439392 86 0.036415815353393555
decode: 86 0 439478 86 0.036396026611328125
decode: 86 0 439564 86 0.03638410568237305
decode: 85 0 435883 85 0.038626670837402344
decode: 85 0 435968 85 0.038834571838378906
decode: 85 0 436053 85 0.03864598274230957
decode: 85 0 436138 85 0.03846383094787598
decode: 85 0 436223 85 0.038399696350097656
decode: 85 0 436308 85 0.03840756416320801
decode: 85 0 436393 85 0.03839993476867676
decode: 85 0 436478 85 0.03838300704956055
decode: 84 0 429012 84 0.0352628231048584
mixed: 84 1 429012 2048 0.08332991600036621
mixed: 84 1 431060 2048 0.09003329277038574
mixed: 84 1 433108 2048 0.09578609466552734
mixed: 84 2 435156 2048 0.08492493629455566
mixed: 85 1 437204 2048 0.0901789665222168
mixed: 85 1 439252 1795 0.08970117568969727
decode: 86 0 441133 86 0.03762507438659668
decode: 86 0 441219 86 0.036582231521606445
decode: 86 0 441305 86 0.03647732734680176
decode: 86 0 441391 86 0.036478281021118164
decode: 86 0 441477 86 0.03647446632385254
decode: 86 0 441563 86 0.036571502685546875
decode: 86 0 441649 86 0.03656458854675293
decode: 85 0 436897 85 0.036516427993774414
decode: 85 0 436982 85 0.036452293395996094
decode: 85 0 437067 85 0.036328792572021484
decode: 85 0 437152 85 0.036364078521728516
decode: 85 0 437237 85 0.036348819732666016
decode: 85 0 437322 85 0.03635358810424805
decode: 85 0 437407 85 0.036353349685668945
decode: 85 0 437492 85 0.03634285926818848
decode: 85 0 437577 85 0.036340951919555664
decode: 85 0 437662 85 0.036316633224487305
decode: 85 0 437747 85 0.03644537925720215
decode: 85 0 437832 85 0.036435604095458984
decode: 84 0 432273 84 0.03634762763977051
mixed: 84 1 432273 2048 0.0830082893371582
mixed: 84 1 434321 2048 0.09039044380187988
mixed: 84 1 436369 2048 0.0960092544555664
mixed: 84 1 438417 2048 0.1016385555267334
mixed: 84 1 440465 129 0.03100299835205078
decode: 84 0 434195 84 0.03725290298461914
mixed: 84 1 434195 2048 0.08369731903076172
mixed: 84 2 436243 2048 0.08841729164123535
mixed: 85 1 438291 288 0.03453660011291504
decode: 86 0 438665 86 0.037508487701416016
decode: 86 0 438751 86 0.03700971603393555
decode: 86 0 438837 86 0.036992788314819336
decode: 86 0 438923 86 0.037012577056884766
decode: 85 0 430881 85 0.038111209869384766
mixed: 85 1 430881 2048 0.08399844169616699
mixed: 85 1 432929 2048 0.08994531631469727
mixed: 85 1 434977 2048 0.09488749504089355
mixed: 85 1 437025 111 0.029792308807373047
decode: 86 0 437222 86 0.038533687591552734
decode: 86 0 437308 86 0.038231849670410156
decode: 86 0 437394 86 0.03817105293273926
decode: 85 0 429201 85 0.037867069244384766
mixed: 85 1 429201 2048 0.08278679847717285
mixed: 85 1 431249 2048 0.09112310409545898
mixed: 85 1 433297 2048 0.09554505348205566
mixed: 85 1 435345 2048 0.1020510196685791
mixed: 84 2 428389 2048 0.08670377731323242
mixed: 85 2 430437 2048 0.08532905578613281
mixed: 86 1 432485 2048 0.08593034744262695
mixed: 86 1 434533 612 0.044245243072509766
decode: 87 0 435232 87 0.038405418395996094
decode: 87 0 435319 87 0.0381317138671875
decode: 87 0 435406 87 0.038126468658447266
decode: 87 0 435493 87 0.03804135322570801
decode: 87 0 435580 87 0.037946224212646484
decode: 87 0 435667 87 0.037943363189697266
decode: 86 0 429562 86 0.037902116775512695
mixed: 86 1 429562 2048 0.08085083961486816
mixed: 86 1 431610 2048 0.08966469764709473
mixed: 86 1 433658 2048 0.09526205062866211
mixed: 86 2 435706 2048 0.08983373641967773
mixed: 87 1 437754 771 0.048621177673339844
decode: 88 0 438613 88 0.03894519805908203
decode: 88 0 438701 88 0.0384974479675293
decode: 87 0 432382 87 0.0370945930480957
mixed: 87 1 432382 2048 0.08450841903686523
mixed: 86 1 432455 2048 0.09032917022705078
mixed: 86 2 434503 2048 0.09042191505432129
mixed: 87 1 436551 1677 0.07780599594116211
decode: 88 0 438316 88 0.03856253623962402
decode: 88 0 438404 88 0.037282466888427734
decode: 88 0 438492 88 0.03695321083068848
decode: 88 0 438580 88 0.03683185577392578
decode: 88 0 438668 88 0.03686928749084473
decode: 88 0 438756 88 0.036852359771728516
decode: 88 0 438844 88 0.03725695610046387
decode: 88 0 438932 88 0.03690767288208008
decode: 88 0 439020 88 0.03678584098815918
decode: 88 0 439108 88 0.03673887252807617
decode: 88 0 439196 88 0.036720991134643555
decode: 88 0 439284 88 0.03671145439147949
decode: 87 0 430413 87 0.03730511665344238
mixed: 87 1 430413 2048 0.08338284492492676
mixed: 87 1 432461 2048 0.0897974967956543
mixed: 87 2 434509 2048 0.0905458927154541
mixed: 87 1 429412 2048 0.08756589889526367
mixed: 87 2 431460 2048 0.0835275650024414
mixed: 88 1 433508 2048 0.09008502960205078
mixed: 88 1 435556 2048 0.09541177749633789
mixed: 88 1 437604 641 0.04888010025024414
decode: 89 0 438334 89 0.03708982467651367
decode: 89 0 438423 89 0.03683733940124512
decode: 89 0 438512 89 0.0369563102722168
decode: 89 0 438601 89 0.0369265079498291
decode: 89 0 438690 89 0.036878347396850586
decode: 88 0 433009 88 0.03660869598388672
mixed: 88 1 433009 2048 0.08182430267333984
mixed: 88 1 435057 625 0.044243812561035156
decode: 89 0 435771 89 0.03617429733276367
decode: 89 0 435860 89 0.035794973373413086
decode: 89 0 435949 89 0.03577995300292969
decode: 89 0 436038 89 0.03576469421386719
decode: 89 0 436127 89 0.035768985748291016
decode: 89 0 436216 89 0.03578448295593262
decode: 89 0 436305 89 0.03578042984008789
decode: 89 0 436394 89 0.03580117225646973
decode: 89 0 436483 89 0.03569293022155762
decode: 89 0 436572 89 0.035651206970214844
decode: 89 0 436661 89 0.03562736511230469
decode: 89 0 436750 89 0.035639047622680664
decode: 89 0 436839 89 0.035691022872924805
decode: 89 0 436928 89 0.035761117935180664
decode: 89 0 437017 89 0.03568720817565918
decode: 89 0 437106 89 0.035643577575683594
decode: 89 0 437195 89 0.03563261032104492
decode: 89 0 437284 89 0.03572559356689453
decode: 89 0 437373 89 0.03577542304992676
decode: 88 0 429779 88 0.03686809539794922
mixed: 88 1 429779 2048 0.08037734031677246
mixed: 88 1 431827 2048 0.09016799926757812
mixed: 88 1 433875 2048 0.0954294204711914
mixed: 88 2 435923 2048 0.09649348258972168
mixed: 89 1 437971 994 0.0493321418762207
decode: 90 0 439055 90 0.038315534591674805
decode: 90 0 439145 90 0.03748607635498047
decode: 90 0 439235 90 0.03737282752990723
decode: 90 0 439325 90 0.03771042823791504
decode: 90 0 439415 90 0.03765559196472168
decode: 90 0 439505 90 0.03761863708496094
decode: 89 0 435061 89 0.038548946380615234
decode: 89 0 435150 89 0.0383913516998291
decode: 89 0 435239 89 0.03841686248779297
decode: 88 0 432002 88 0.03883028030395508
mixed: 88 1 432002 2048 0.08438658714294434
mixed: 88 1 434050 2048 0.08898615837097168
mixed: 88 1 436098 2048 0.09599542617797852
mixed: 88 1 438146 1043 0.060701608657836914
decode: 89 0 439278 89 0.044408321380615234
decode: 89 0 439367 89 0.043212175369262695
decode: 89 0 439456 89 0.04299616813659668
decode: 89 0 439545 89 0.04340410232543945
decode: 89 0 439634 89 0.04322242736816406
decode: 89 0 439723 89 0.04352593421936035
decode: 89 0 439812 89 0.04329109191894531
decode: 89 0 439901 89 0.043569326400756836
decode: 89 0 439990 89 0.04327273368835449
decode: 89 0 440079 89 0.04343414306640625
decode: 89 0 440168 89 0.04315924644470215
decode: 89 0 440257 89 0.043367862701416016
decode: 89 0 440346 89 0.04314923286437988
decode: 89 0 440435 89 0.04338383674621582
decode: 89 0 440524 89 0.043456315994262695
decode: 89 0 440613 89 0.04335331916809082
decode: 89 0 440702 89 0.04337573051452637
decode: 89 0 440791 89 0.04342198371887207
decode: 89 0 440880 89 0.043439626693725586
decode: 89 0 440969 89 0.04332876205444336
decode: 89 0 441058 89 0.043355464935302734
decode: 89 0 441147 89 0.04336428642272949
decode: 89 0 441236 89 0.04359006881713867
decode: 89 0 441325 89 0.043308258056640625
decode: 89 0 441414 89 0.04292154312133789
decode: 89 0 441503 89 0.04294610023498535
decode: 89 0 441592 89 0.04282546043395996
decode: 89 0 441681 89 0.04278063774108887
decode: 89 0 441770 89 0.04297280311584473
decode: 89 0 441859 89 0.04309678077697754
decode: 89 0 441948 89 0.043053627014160156
decode: 89 0 442037 89 0.04344344139099121
decode: 89 0 442126 89 0.04316115379333496
decode: 89 0 442215 89 0.04338574409484863
decode: 89 0 442304 89 0.04318737983703613
decode: 89 0 442393 89 0.04343748092651367
decode: 89 0 442482 89 0.043361663818359375
decode: 87 0 432839 87 0.03782773017883301
mixed: 87 1 432839 2048 0.08236908912658691
mixed: 87 1 434887 990 0.05083799362182617
decode: 88 0 435965 88 0.038815975189208984
decode: 88 0 436053 88 0.037831783294677734
decode: 88 0 436141 88 0.03756213188171387
decode: 88 0 436229 88 0.037689924240112305
decode: 88 0 436317 88 0.03828310966491699
decode: 88 0 436405 88 0.03813338279724121
decode: 88 0 436493 88 0.03781723976135254
decode: 88 0 436581 88 0.03808712959289551
decode: 88 0 436669 88 0.03799104690551758
decode: 88 0 436757 88 0.037969350814819336
decode: 88 0 436845 88 0.03755950927734375
decode: 88 0 436933 88 0.037514448165893555
decode: 87 0 434178 87 0.039185523986816406
decode: 87 0 434265 87 0.03911232948303223
decode: 87 0 434352 87 0.03905653953552246
decode: 87 0 434439 87 0.03963422775268555
decode: 87 0 434526 87 0.03969860076904297
decode: 87 0 434613 87 0.03934597969055176
decode: 87 0 434700 87 0.03928112983703613
decode: 87 0 434787 87 0.039283037185668945
decode: 87 0 434874 87 0.03960919380187988
decode: 86 0 427714 86 0.037638187408447266
mixed: 86 1 427714 2048 0.08118462562561035
mixed: 86 1 429762 2048 0.09034419059753418
mixed: 86 1 431810 2048 0.09440231323242188
mixed: 86 2 433858 2048 0.09691214561462402
mixed: 87 1 435906 2048 0.08498430252075195
mixed: 87 1 437954 2048 0.09088873863220215
mixed: 87 1 440002 399 0.03956484794616699
decode: 88 0 440489 88 0.0391230583190918
decode: 88 0 440577 88 0.038681983947753906
decode: 88 0 440665 88 0.03867506980895996
decode: 88 0 440753 88 0.038725852966308594
decode: 88 0 440841 88 0.03878927230834961
decode: 88 0 440929 88 0.03877592086791992
decode: 88 0 441017 88 0.03871464729309082
decode: 87 0 434214 87 0.03656625747680664
mixed: 87 1 434214 2048 0.07999253273010254
mixed: 87 1 436262 2048 0.09140396118164062
mixed: 87 1 438310 923 0.05379152297973633
decode: 88 0 439321 88 0.040076255798339844
decode: 88 0 439409 88 0.037962913513183594
decode: 88 0 439497 88 0.036859989166259766
decode: 88 0 439585 88 0.03677630424499512
decode: 88 0 439673 88 0.03677558898925781
decode: 88 0 439761 88 0.036742210388183594
decode: 88 0 439849 88 0.0367584228515625
decode: 88 0 439937 88 0.03674459457397461
decode: 88 0 440025 88 0.03702354431152344
decode: 88 0 440113 88 0.03668093681335449
decode: 87 0 437177 87 0.03714799880981445
mixed: 87 1 437177 2048 0.08262419700622559
mixed: 87 1 439225 279 0.03422188758850098
decode: 88 0 439592 88 0.03780555725097656
decode: 88 0 439680 88 0.03728938102722168
decode: 88 0 439768 88 0.03726387023925781
decode: 88 0 439856 88 0.03728985786437988
decode: 88 0 439944 88 0.037297725677490234
decode: 88 0 440032 88 0.03735613822937012
decode: 88 0 440120 88 0.03733372688293457
decode: 88 0 440208 88 0.03731250762939453
decode: 88 0 440296 88 0.03718852996826172
decode: 88 0 440384 88 0.03718137741088867
decode: 88 0 440472 88 0.037174224853515625
decode: 88 0 440560 88 0.03714632987976074
decode: 88 0 440648 88 0.03715324401855469
decode: 88 0 440736 88 0.03712129592895508
decode: 88 0 440824 88 0.037140846252441406
decode: 88 0 440912 88 0.037165164947509766
decode: 88 0 441000 88 0.037226200103759766
decode: 88 0 441088 88 0.03719663619995117
decode: 88 0 441176 88 0.0371396541595459
decode: 88 0 441264 88 0.03714752197265625
decode: 88 0 441352 88 0.037183523178100586
decode: 88 0 441440 88 0.0371854305267334
decode: 88 0 441528 88 0.03721928596496582
decode: 88 0 441616 88 0.03719663619995117
decode: 88 0 441704 88 0.037198781967163086
decode: 88 0 441792 88 0.03724813461303711
decode: 87 0 437114 87 0.035967350006103516
mixed: 87 1 437114 2048 0.08242154121398926
mixed: 87 1 439162 789 0.05018043518066406
decode: 88 0 440039 88 0.03668069839477539
decode: 88 0 440127 88 0.0362551212310791
decode: 88 0 440215 88 0.03613686561584473
decode: 88 0 440303 88 0.03617405891418457
decode: 88 0 440391 88 0.036159515380859375
decode: 88 0 440479 88 0.03618907928466797
decode: 88 0 440567 88 0.03620600700378418
decode: 87 0 434656 87 0.03757929801940918
mixed: 87 1 434656 2048 0.08250236511230469
mixed: 87 1 436704 2048 0.09017729759216309
mixed: 87 1 438752 679 0.04837965965270996
decode: 88 0 439519 88 0.03824329376220703
decode: 88 0 439607 88 0.03760027885437012
decode: 88 0 439695 88 0.0376126766204834
decode: 88 0 439783 88 0.03760695457458496
decode: 88 0 439871 88 0.037609100341796875
decode: 88 0 439959 88 0.037611961364746094
decode: 88 0 440047 88 0.03762364387512207
decode: 87 0 431439 87 0.03539538383483887
mixed: 86 1 422132 2047 0.08261752128601074
mixed: 86 1 424179 2048 0.08942914009094238
mixed: 86 2 426227 2048 0.08880972862243652
mixed: 87 1 428275 2048 0.08529090881347656
mixed: 87 1 430323 2048 0.09136080741882324
mixed: 87 2 432371 2048 0.08955693244934082
mixed: 88 1 434419 2048 0.08688759803771973
mixed: 88 1 436467 2048 0.09139442443847656
mixed: 88 1 438515 2048 0.09580206871032715
mixed: 88 1 440563 481 0.040886878967285156
decode: 89 0 441133 89 0.04123425483703613
decode: 89 0 441222 89 0.040299415588378906
decode: 89 0 441311 89 0.04021477699279785
decode: 89 0 441400 89 0.040215253829956055
decode: 89 0 441489 89 0.04025864601135254
decode: 89 0 441578 89 0.04031062126159668
decode: 89 0 441667 89 0.04033350944519043
decode: 89 0 441756 89 0.04036211967468262
decode: 88 0 436881 88 0.03503131866455078
decode: 88 0 436969 88 0.03501105308532715
decode: 88 0 437057 88 0.034862518310546875
decode: 88 0 437145 88 0.034914255142211914
decode: 88 0 437233 88 0.03498578071594238
decode: 87 0 431557 87 0.038687705993652344
mixed: 87 1 431557 2048 0.08357453346252441
mixed: 87 1 433605 2048 0.09036874771118164
mixed: 87 1 435653 2048 0.09525179862976074
mixed: 86 1 435989 1610 0.08851361274719238
decode: 87 0 437686 87 0.03839874267578125
decode: 87 0 437773 87 0.03743124008178711
decode: 87 0 437860 87 0.03695821762084961
decode: 87 0 437947 87 0.0369873046875
decode: 87 0 438034 87 0.03699135780334473
decode: 87 0 438121 87 0.03700995445251465
decode: 86 0 431525 86 0.0367739200592041
mixed: 86 1 431525 2048 0.0812833309173584
mixed: 86 1 433573 2048 0.0894765853881836
mixed: 86 2 435621 2048 0.08390307426452637
mixed: 87 1 437669 1820 0.08734250068664551
decode: 88 0 439577 88 0.03850531578063965
decode: 88 0 439665 88 0.03714632987976074
decode: 88 0 439753 88 0.03678727149963379
decode: 88 0 439841 88 0.03678464889526367
decode: 88 0 439929 88 0.03679513931274414
decode: 88 0 440017 88 0.03679037094116211
decode: 88 0 440105 88 0.036814212799072266
decode: 88 0 440193 88 0.036928653717041016
decode: 87 0 432868 87 0.03486895561218262
mixed: 87 1 432868 2048 0.08203887939453125
mixed: 87 2 434916 2048 0.08242321014404297
mixed: 88 1 436964 2048 0.08866715431213379
mixed: 88 1 439012 1476 0.07835912704467773
decode: 89 0 440577 89 0.0429379940032959
decode: 89 0 440666 89 0.041681528091430664
decode: 88 0 437253 88 0.03731703758239746
decode: 87 0 433476 87 0.03656363487243652
decode: 87 0 433563 87 0.03660011291503906
decode: 87 0 433650 87 0.03666377067565918
decode: 87 0 433737 87 0.03670024871826172
decode: 87 0 433824 87 0.03667259216308594
decode: 87 0 433911 87 0.03638195991516113
decode: 87 0 433998 87 0.03638792037963867
decode: 87 0 434085 87 0.03643012046813965
decode: 87 0 434172 87 0.03643178939819336
decode: 87 0 434259 87 0.036438703536987305
decode: 87 0 434346 87 0.03641247749328613
decode: 87 0 434433 87 0.036412715911865234
decode: 87 0 434520 87 0.036446571350097656
decode: 87 0 434607 87 0.03655600547790527
decode: 87 0 434694 87 0.03656482696533203
decode: 86 0 429528 86 0.035140037536621094
mixed: 86 1 429528 2048 0.08093023300170898
mixed: 86 1 431576 2048 0.09057974815368652
mixed: 86 1 433624 1507 0.08039593696594238
decode: 87 0 435218 87 0.03715014457702637
decode: 87 0 435305 87 0.03628897666931152
decode: 87 0 435392 87 0.03541898727416992
decode: 87 0 435479 87 0.03539609909057617
decode: 87 0 435566 87 0.035361289978027344
decode: 87 0 435653 87 0.03539752960205078
decode: 87 0 435740 87 0.03544211387634277
decode: 87 0 435827 87 0.035495758056640625
decode: 87 0 435914 87 0.03547954559326172
decode: 87 0 436001 87 0.03532290458679199
decode: 87 0 436088 87 0.035324811935424805
decode: 87 0 436175 87 0.03528237342834473
decode: 87 0 436262 87 0.03524422645568848
decode: 87 0 436349 87 0.03524279594421387
decode: 87 0 436436 87 0.03534245491027832
decode: 87 0 436523 87 0.03539133071899414
decode: 87 0 436610 87 0.03535914421081543
decode: 87 0 436697 87 0.03527021408081055
decode: 87 0 436784 87 0.03527688980102539
decode: 87 0 436871 87 0.03535032272338867
decode: 87 0 436958 87 0.03538370132446289
decode: 87 0 437045 87 0.035379648208618164
decode: 87 0 437132 87 0.03532719612121582
decode: 87 0 437219 87 0.03530621528625488
decode: 87 0 437306 87 0.03549957275390625
decode: 87 0 437393 87 0.035414934158325195
decode: 87 0 437480 87 0.03535604476928711
decode: 87 0 437567 87 0.03532838821411133
decode: 87 0 437654 87 0.03533482551574707
decode: 87 0 437741 87 0.03537583351135254
decode: 87 0 437828 87 0.035437583923339844
decode: 87 0 437915 87 0.03540229797363281
decode: 87 0 438002 87 0.03534340858459473
decode: 86 0 431442 86 0.036306142807006836
mixed: 86 1 431442 2048 0.08105206489562988
mixed: 86 1 433490 2048 0.08952069282531738
mixed: 86 2 435538 2048 0.08513998985290527
mixed: 87 1 437586 774 0.04887676239013672
decode: 88 0 438448 88 0.03765392303466797
decode: 88 0 438536 88 0.03707575798034668
decode: 88 0 438624 88 0.03651905059814453
decode: 88 0 438712 88 0.03651714324951172
decode: 88 0 438800 88 0.036527156829833984
decode: 88 0 438888 88 0.03653097152709961
decode: 88 0 438976 88 0.03656363487243652
decode: 88 0 439064 88 0.03654289245605469
decode: 88 0 439152 88 0.03652763366699219
decode: 88 0 439240 88 0.03642416000366211
decode: 88 0 439328 88 0.03638911247253418
decode: 88 0 439416 88 0.03637886047363281
decode: 88 0 439504 88 0.036396026611328125
decode: 88 0 439592 88 0.03644752502441406
decode: 88 0 439680 88 0.03640604019165039
decode: 88 0 439768 88 0.036374568939208984
decode: 88 0 439856 88 0.036416053771972656
decode: 88 0 439944 88 0.036432743072509766
decode: 88 0 440032 88 0.03643608093261719
decode: 88 0 440120 88 0.03639554977416992
decode: 88 0 440208 88 0.03641629219055176
decode: 88 0 440296 88 0.03645753860473633
decode: 88 0 440384 88 0.036452293395996094
decode: 87 0 435120 87 0.03528404235839844
mixed: 87 1 435120 2048 0.08197307586669922
mixed: 87 1 437168 117 0.02967548370361328
decode: 88 0 437373 88 0.03578519821166992
decode: 88 0 437461 88 0.03551077842712402
decode: 88 0 437549 88 0.035468101501464844
decode: 88 0 437637 88 0.03547072410583496
decode: 88 0 437725 88 0.03554391860961914
decode: 88 0 437813 88 0.03551936149597168
decode: 88 0 437901 88 0.03554964065551758
decode: 88 0 437989 88 0.03549933433532715
decode: 88 0 438077 88 0.03537178039550781
decode: 87 0 429459 87 0.03581738471984863
mixed: 87 1 429459 2048 0.08137249946594238
mixed: 87 1 431507 2048 0.09008622169494629
mixed: 87 1 433555 2048 0.09559321403503418
mixed: 87 2 435603 1194 0.05632734298706055
decode: 89 0 436886 89 0.03874850273132324
decode: 89 0 436975 89 0.037862539291381836
decode: 89 0 437064 89 0.037657976150512695
decode: 89 0 437153 89 0.03765726089477539
decode: 89 0 437242 89 0.037676334381103516
decode: 89 0 437331 89 0.03775525093078613
decode: 89 0 437420 89 0.037779808044433594
decode: 89 0 437509 89 0.03772997856140137
decode: 89 0 437598 89 0.03759765625
decode: 89 0 437687 89 0.037603139877319336
decode: 89 0 437776 89 0.03761553764343262
decode: 89 0 437865 89 0.03760218620300293
decode: 89 0 437954 89 0.03749704360961914
decode: 89 0 438043 89 0.03750896453857422
decode: 89 0 438132 89 0.03760194778442383
decode: 89 0 438221 89 0.03759574890136719
decode: 89 0 438310 89 0.037567853927612305
decode: 89 0 438399 89 0.03749537467956543
decode: 89 0 438488 89 0.037560462951660156
decode: 89 0 438577 89 0.03766679763793945
decode: 88 0 435404 88 0.03753924369812012
mixed: 88 1 435404 2048 0.0814509391784668
mixed: 88 1 437452 2048 0.09049129486083984
mixed: 88 1 439500 1940 0.09269857406616211
decode: 89 0 441529 89 0.040619850158691406
decode: 89 0 441618 89 0.03931403160095215
decode: 89 0 441707 89 0.03865933418273926
decode: 89 0 441796 89 0.03869318962097168
decode: 89 0 441885 89 0.03870105743408203
decode: 89 0 441974 89 0.03872799873352051
decode: 89 0 442063 89 0.03888297080993652
decode: 88 0 437016 88 0.03535175323486328
mixed: 88 1 437016 1932 0.07966327667236328
decode: 89 0 439037 89 0.03847765922546387
decode: 89 0 439126 89 0.03820919990539551
decode: 89 0 439215 89 0.03824925422668457
decode: 89 0 439304 89 0.03875374794006348
decode: 89 0 439393 89 0.03820633888244629
decode: 88 0 432789 88 0.03563642501831055
mixed: 88 2 432789 2048 0.08464336395263672
mixed: 89 1 434837 2048 0.08376884460449219
mixed: 89 1 436885 453 0.038884639739990234
decode: 90 0 437428 90 0.038049936294555664
decode: 90 0 437518 90 0.03784918785095215
decode: 90 0 437608 90 0.037839651107788086
decode: 90 0 437698 90 0.03781270980834961
decode: 90 0 437788 90 0.037870168685913086
decode: 90 0 437878 90 0.037961483001708984
decode: 90 0 437968 90 0.03790569305419922
decode: 90 0 438058 90 0.03773140907287598
decode: 90 0 438148 90 0.03826427459716797
decode: 90 0 438238 90 0.037766456604003906
decode: 90 0 438328 90 0.037763118743896484
decode: 90 0 438418 90 0.03770017623901367
decode: 90 0 438508 90 0.03762412071228027
decode: 90 0 438598 90 0.03762221336364746
decode: 89 0 435797 89 0.037619829177856445
mixed: 88 1 427974 2047 0.08576273918151855
mixed: 88 1 430021 2048 0.08951282501220703
mixed: 87 1 426788 2048 0.09490466117858887
mixed: 87 2 428836 2048 0.09866619110107422
mixed: 88 1 430884 1979 0.08269143104553223
decode: 89 0 432952 89 0.04291510581970215
decode: 89 0 433041 89 0.039952754974365234
decode: 89 0 433130 89 0.03969550132751465
decode: 89 0 433219 89 0.039726972579956055
decode: 88 0 428341 88 0.036844491958618164
mixed: 88 1 428341 2048 0.08027219772338867
mixed: 88 1 430389 2048 0.0906229019165039
mixed: 88 1 432437 1066 0.06006121635437012
decode: 89 0 433592 89 0.04317164421081543
decode: 89 0 433681 89 0.041570186614990234
decode: 89 0 433770 89 0.04120802879333496
decode: 89 0 433859 89 0.041208744049072266
decode: 89 0 433948 89 0.04118633270263672
decode: 89 0 434037 89 0.04121589660644531
decode: 89 0 434126 89 0.04121112823486328
decode: 89 0 434215 89 0.041120290756225586
decode: 89 0 434304 89 0.04100227355957031
decode: 89 0 434393 89 0.0410304069519043
decode: 89 0 434482 89 0.04108309745788574
decode: 89 0 434571 89 0.041142940521240234
decode: 89 0 434660 89 0.040946245193481445
decode: 89 0 434749 89 0.040987253189086914
decode: 89 0 434838 89 0.04105401039123535
decode: 89 0 434927 89 0.04110240936279297
decode: 89 0 435016 89 0.04111433029174805
decode: 89 0 435105 89 0.0409238338470459
decode: 89 0 435194 89 0.04092240333557129
decode: 89 0 435283 89 0.04116415977478027
decode: 89 0 435372 89 0.04113340377807617
decode: 89 0 435461 89 0.04100322723388672
decode: 89 0 435550 89 0.041090965270996094
decode: 89 0 435639 89 0.04110908508300781
decode: 89 0 435728 89 0.04094505310058594
decode: 89 0 435817 89 0.041144371032714844
decode: 89 0 435906 89 0.04103231430053711
decode: 89 0 435995 89 0.041176557540893555
decode: 89 0 436084 89 0.04110574722290039
decode: 89 0 436173 89 0.041121721267700195
decode: 89 0 436262 89 0.0412142276763916
decode: 89 0 436351 89 0.0411534309387207
decode: 89 0 436440 89 0.04105091094970703
decode: 89 0 436529 89 0.04110908508300781
decode: 89 0 436618 89 0.041243553161621094
decode: 89 0 436707 89 0.04125547409057617
decode: 89 0 436796 89 0.04115700721740723
decode: 89 0 436885 89 0.0410151481628418
decode: 89 0 436974 89 0.041072845458984375
decode: 89 0 437063 89 0.04116177558898926
decode: 89 0 437152 89 0.04115915298461914
decode: 89 0 437241 89 0.041287899017333984
decode: 89 0 437330 89 0.04123425483703613
decode: 89 0 437419 89 0.0411982536315918
decode: 89 0 437508 89 0.04122304916381836
decode: 89 0 437597 89 0.04121732711791992
decode: 89 0 437686 89 0.041242122650146484
decode: 89 0 437775 89 0.0411984920501709
decode: 89 0 437864 89 0.04122281074523926
decode: 89 0 437953 89 0.041358232498168945
decode: 89 0 438042 89 0.04114794731140137
decode: 89 0 438131 89 0.04120755195617676
decode: 89 0 438220 89 0.04131031036376953
decode: 89 0 438309 89 0.0412449836730957
decode: 89 0 438398 89 0.04118227958679199
decode: 89 0 438487 89 0.04128265380859375
decode: 89 0 438576 89 0.04127860069274902
decode: 89 0 438665 89 0.04130220413208008
decode: 89 0 438754 89 0.04135584831237793
decode: 89 0 438843 89 0.041318655014038086
decode: 89 0 438932 89 0.041133880615234375
decode: 88 0 433094 88 0.038376808166503906
mixed: 88 1 433094 2048 0.0830831527709961
mixed: 88 1 435142 2048 0.0900115966796875
mixed: 88 1 437190 2048 0.09514927864074707
mixed: 88 1 439238 2048 0.1002664566040039
mixed: 88 1 441286 278 0.03518533706665039
decode: 89 0 441653 89 0.040808916091918945
decode: 89 0 441742 89 0.04069399833679199
decode: 88 0 438095 88 0.03654313087463379
decode: 88 0 438183 88 0.03658890724182129
decode: 88 0 438271 88 0.03661012649536133
decode: 87 0 435788 87 0.03689384460449219
mixed: 86 1 429505 2047 0.08402609825134277
mixed: 86 1 431552 2048 0.09006714820861816
mixed: 86 1 433600 2048 0.09480977058410645
mixed: 86 2 435648 2048 0.09923243522644043
mixed: 87 1 437696 2048 0.08511638641357422
mixed: 87 1 439744 1258 0.059530019760131836
decode: 88 0 441090 88 0.037893056869506836
decode: 88 0 441178 88 0.03717303276062012
decode: 88 0 441266 88 0.03696799278259277
decode: 88 0 441354 88 0.03695178031921387
decode: 87 0 434063 87 0.03617429733276367
mixed: 87 1 434063 2048 0.08072638511657715
mixed: 87 1 436111 2048 0.09045720100402832
mixed: 87 1 438159 200 0.032784461975097656
decode: 88 0 438447 88 0.03677678108215332
decode: 88 0 438535 88 0.03621077537536621
decode: 88 0 438623 88 0.03617072105407715
decode: 88 0 438711 88 0.03623318672180176
decode: 88 0 438799 88 0.03628849983215332
decode: 88 0 438887 88 0.0362091064453125
decode: 88 0 438975 88 0.036138296127319336
decode: 87 0 436955 87 0.03776407241821289
mixed: 87 1 436955 2048 0.08399820327758789
mixed: 87 1 439003 2048 0.0899953842163086
mixed: 87 1 441051 949 0.05340313911437988
decode: 88 0 442088 88 0.04090476036071777
decode: 87 0 434413 87 0.03783750534057617
mixed: 87 1 434413 2048 0.08249926567077637
mixed: 87 1 436461 320 0.03694486618041992
decode: 88 0 436869 88 0.03803563117980957
decode: 87 0 433991 87 0.03651285171508789
mixed: 87 1 433991 2048 0.08215212821960449
mixed: 87 1 436039 2048 0.08990764617919922
mixed: 87 1 438087 614 0.0454249382019043
decode: 88 0 438789 88 0.03951382637023926
decode: 88 0 438877 88 0.03881263732910156
decode: 88 0 438965 88 0.03879833221435547
decode: 88 0 439053 88 0.03879547119140625
decode: 88 0 439141 88 0.038756608963012695
decode: 88 0 439229 88 0.038790225982666016
decode: 88 0 439317 88 0.03882408142089844
decode: 88 0 439405 88 0.03862357139587402
decode: 88 0 439493 88 0.038642168045043945
decode: 88 0 439581 88 0.03861594200134277
decode: 88 0 439669 88 0.03861713409423828
decode: 88 0 439757 88 0.038556575775146484
decode: 88 0 439845 88 0.038568735122680664
decode: 88 0 439933 88 0.03859853744506836
decode: 88 0 440021 88 0.03862810134887695
decode: 88 0 440109 88 0.03860759735107422
decode: 88 0 440197 88 0.038596153259277344
decode: 88 0 440285 88 0.038613080978393555
decode: 88 0 440373 88 0.03863644599914551
decode: 88 0 440461 88 0.038626909255981445
decode: 88 0 440549 88 0.03861403465270996
decode: 88 0 440637 88 0.038636207580566406
decode: 88 0 440725 88 0.0386962890625
decode: 88 0 440813 88 0.03870820999145508
decode: 87 0 433145 87 0.03857135772705078
mixed: 87 1 433145 2048 0.08113288879394531
mixed: 87 1 435193 2048 0.08992862701416016
mixed: 87 2 437241 2048 0.08638715744018555
mixed: 87 1 435981 620 0.043612003326416016
decode: 88 0 436689 88 0.039365530014038086
decode: 88 0 436777 88 0.03904581069946289
decode: 88 0 436865 88 0.039040327072143555
decode: 88 0 436953 88 0.03905844688415527
decode: 88 0 437041 88 0.039096832275390625
decode: 88 0 437129 88 0.039092063903808594
decode: 88 0 437217 88 0.03907895088195801
decode: 88 0 437305 88 0.03887343406677246
decode: 88 0 437393 88 0.03885006904602051
decode: 88 0 437481 88 0.038886070251464844
decode: 88 0 437569 88 0.038858890533447266
decode: 88 0 437657 88 0.038892507553100586
decode: 88 0 437745 88 0.03893160820007324
decode: 88 0 437833 88 0.03891777992248535
decode: 88 0 437921 88 0.03886699676513672
decode: 88 0 438009 88 0.03885936737060547
decode: 88 0 438097 88 0.038909196853637695
decode: 88 0 438185 88 0.0389404296875
decode: 88 0 438273 88 0.038922786712646484
decode: 88 0 438361 88 0.03891491889953613
decode: 88 0 438449 88 0.0389404296875
decode: 88 0 438537 88 0.03896641731262207
decode: 88 0 438625 88 0.03894400596618652
decode: 88 0 438713 88 0.038909912109375
decode: 87 0 432729 87 0.037598371505737305
mixed: 87 1 432729 2048 0.08371758460998535
mixed: 87 1 434777 2048 0.09052419662475586
mixed: 87 1 436825 1500 0.08056759834289551
decode: 88 0 438413 88 0.039136648178100586
decode: 88 0 438501 88 0.03793001174926758
decode: 88 0 438589 88 0.037863731384277344
decode: 88 0 438677 88 0.03787875175476074
decode: 88 0 438765 88 0.03782391548156738
decode: 88 0 438853 88 0.037923336029052734
decode: 87 0 429850 87 0.03668355941772461
mixed: 87 1 429850 2048 0.08100199699401855
mixed: 87 1 431898 2048 0.09076046943664551
mixed: 87 1 433946 2048 0.0941476821899414
mixed: 87 1 435994 771 0.05199170112609863
decode: 88 0 436853 88 0.03783822059631348
decode: 88 0 436941 88 0.03669881820678711
decode: 88 0 437029 88 0.03685283660888672
decode: 88 0 437117 88 0.03656363487243652
decode: 88 0 437205 88 0.0366053581237793
decode: 88 0 437293 88 0.0365900993347168
decode: 88 0 437381 88 0.03662276268005371
decode: 88 0 437469 88 0.03691887855529785
decode: 88 0 437557 88 0.03650498390197754
decode: 88 0 437645 88 0.036469459533691406
decode: 88 0 437733 88 0.03648686408996582
decode: 88 0 437821 88 0.037117958068847656
decode: 88 0 437909 88 0.036490678787231445
decode: 88 0 437997 88 0.036499738693237305
decode: 88 0 438085 88 0.03655219078063965
decode: 88 0 438173 88 0.03648877143859863
decode: 88 0 438261 88 0.036591529846191406
decode: 87 0 435172 87 0.034676551818847656
decode: 87 0 435259 87 0.0346827507019043
decode: 87 0 435346 87 0.034631967544555664
decode: 87 0 435433 87 0.034605979919433594
decode: 87 0 435520 87 0.03474020957946777
decode: 87 0 435607 87 0.03470110893249512
decode: 87 0 435694 87 0.034715890884399414
decode: 87 0 435781 87 0.03465533256530762
decode: 87 0 435868 87 0.03462934494018555
decode: 87 0 435955 87 0.03464078903198242
decode: 87 0 436042 87 0.03470253944396973
decode: 87 0 436129 87 0.034729719161987305
decode: 87 0 436216 87 0.03467869758605957
decode: 87 0 436303 87 0.03463578224182129
decode: 87 0 436390 87 0.03468728065490723
decode: 87 0 436477 87 0.034743547439575195
decode: 87 0 436564 87 0.034761905670166016
decode: 87 0 436651 87 0.03496098518371582
decode: 87 0 436738 87 0.034697771072387695
decode: 87 0 436825 87 0.034726619720458984
decode: 87 0 436912 87 0.03468465805053711
decode: 87 0 436999 87 0.03470158576965332
decode: 87 0 437086 87 0.034668922424316406
decode: 86 0 432636 86 0.038564443588256836
mixed: 86 1 432636 2048 0.08129072189331055
mixed: 86 1 434684 2048 0.08956384658813477
mixed: 86 1 436732 2048 0.09648251533508301
mixed: 84 2 428155 2048 0.0828554630279541
mixed: 85 1 430203 2048 0.08863210678100586
mixed: 85 1 432251 2048 0.09468197822570801
mixed: 85 2 434299 1691 0.07726478576660156
decode: 87 0 436077 87 0.038548946380615234
decode: 87 0 436164 87 0.03703117370605469
decode: 87 0 436251 87 0.0368344783782959
decode: 87 0 436338 87 0.03669548034667969
decode: 87 0 436425 87 0.03675055503845215
decode: 87 0 436512 87 0.03662705421447754
decode: 87 0 436599 87 0.03665518760681152
decode: 87 0 436686 87 0.03676438331604004
decode: 87 0 436773 87 0.03676462173461914
decode: 87 0 436860 87 0.03662562370300293
decode: 87 0 436947 87 0.03649187088012695
decode: 87 0 437034 87 0.03647732734680176
decode: 87 0 437121 87 0.03652811050415039
decode: 87 0 437208 87 0.036501407623291016
decode: 87 0 437295 87 0.03651165962219238
decode: 87 0 437382 87 0.03656578063964844
decode: 87 0 437469 87 0.036608219146728516
decode: 87 0 437556 87 0.03652143478393555
decode: 87 0 437643 87 0.036527156829833984
decode: 87 0 437730 87 0.03656625747680664
decode: 87 0 437817 87 0.03665447235107422
decode: 87 0 437904 87 0.03657031059265137
decode: 87 0 437991 87 0.03653693199157715
decode: 86 0 430232 86 0.03615570068359375
mixed: 86 1 430232 2048 0.08428406715393066
mixed: 86 1 432280 2048 0.08959650993347168
mixed: 86 2 434328 2048 0.08761382102966309
mixed: 86 1 431085 2048 0.0900881290435791
mixed: 86 1 433133 2048 0.09177565574645996
mixed: 86 2 435181 2048 0.09374618530273438
mixed: 87 1 437229 1533 0.07189607620239258
decode: 88 0 438850 88 0.038405656814575195
decode: 88 0 438938 88 0.037459611892700195
decode: 88 0 439026 88 0.03703022003173828
decode: 88 0 439114 88 0.03720736503601074
decode: 88 0 439202 88 0.037073373794555664
decode: 88 0 439290 88 0.03705906867980957
decode: 88 0 439378 88 0.03699207305908203
decode: 86 0 428360 86 0.0373845100402832
mixed: 86 1 428360 2048 0.08305835723876953
mixed: 86 2 430408 2048 0.09029722213745117
mixed: 87 1 432456 2048 0.08361172676086426
mixed: 87 1 434504 1895 0.0867607593536377
decode: 88 0 436487 88 0.03945279121398926
decode: 88 0 436575 88 0.03789162635803223
decode: 88 0 436663 88 0.0375666618347168
decode: 88 0 436751 88 0.037863969802856445
decode: 88 0 436839 88 0.037973880767822266
decode: 87 0 432945 87 0.037931203842163086
mixed: 86 1 424769 2047 0.0835731029510498
mixed: 86 1 426816 2048 0.08945894241333008
mixed: 86 1 428864 2048 0.09613680839538574
mixed: 86 3 430912 2048 0.08297061920166016
mixed: 88 1 432960 2048 0.08558392524719238
mixed: 88 1 435008 2048 0.0915229320526123
mixed: 88 1 437056 818 0.051575422286987305
decode: 89 0 437963 89 0.04359030723571777
decode: 89 0 438052 89 0.04111313819885254
decode: 89 0 438141 89 0.04041862487792969
decode: 89 0 438230 89 0.04087662696838379
decode: 89 0 438319 89 0.04047894477844238
decode: 89 0 438408 89 0.04048299789428711
decode: 89 0 438497 89 0.040633440017700195
decode: 89 0 438586 89 0.04030895233154297
decode: 89 0 438675 89 0.04027366638183594
decode: 89 0 438764 89 0.040402889251708984
decode: 89 0 438853 89 0.040273189544677734
decode: 89 0 438942 89 0.04065370559692383
decode: 89 0 439031 89 0.040288448333740234
decode: 89 0 439120 89 0.040445566177368164
decode: 89 0 439209 89 0.040686607360839844
decode: 89 0 439298 89 0.040350914001464844
decode: 89 0 439387 89 0.040283203125
decode: 89 0 439476 89 0.04068493843078613
decode: 89 0 439565 89 0.040320634841918945
decode: 89 0 439654 89 0.0410003662109375
decode: 89 0 439743 89 0.040841102600097656
decode: 89 0 439832 89 0.040222883224487305
decode: 89 0 439921 89 0.04024171829223633
decode: 89 0 440010 89 0.04020810127258301
decode: 89 0 440099 89 0.04020857810974121
decode: 89 0 440188 89 0.04085493087768555
decode: 89 0 440277 89 0.04043698310852051
decode: 89 0 440366 89 0.04031801223754883
decode: 89 0 440455 89 0.04038381576538086
decode: 89 0 440544 89 0.040886878967285156
decode: 89 0 440633 89 0.040808916091918945
decode: 89 0 440722 89 0.04033374786376953
decode: 89 0 440811 89 0.040303707122802734
decode: 89 0 440900 89 0.040172576904296875
decode: 89 0 440989 89 0.04017019271850586
decode: 89 0 441078 89 0.04015851020812988
decode: 89 0 441167 89 0.04016280174255371
decode: 88 0 434917 88 0.03744697570800781
mixed: 88 1 434917 2048 0.08163142204284668
mixed: 87 1 431604 1944 0.0890340805053711
decode: 88 0 433636 88 0.03896069526672363
decode: 87 0 428566 87 0.03733181953430176
mixed: 87 1 428566 2048 0.08127284049987793
mixed: 87 1 430614 2048 0.0901036262512207
mixed: 87 1 432662 2048 0.09528851509094238
mixed: 87 1 434710 1859 0.0949103832244873
decode: 88 0 436657 88 0.03945589065551758
decode: 88 0 436745 88 0.038153886795043945
decode: 88 0 436833 88 0.03773856163024902
decode: 88 0 436921 88 0.03762054443359375
decode: 88 0 437009 88 0.037634849548339844
decode: 88 0 437097 88 0.03769207000732422
decode: 88 0 437185 88 0.03769707679748535
decode: 88 0 437273 88 0.037872314453125
decode: 88 0 437361 88 0.03779745101928711
decode: 88 0 437449 88 0.0376436710357666
decode: 88 0 437537 88 0.03760385513305664
decode: 88 0 437625 88 0.03760814666748047
decode: 88 0 437713 88 0.03755307197570801
decode: 88 0 437801 88 0.0375514030456543
decode: 88 0 437889 88 0.037446022033691406
decode: 88 0 437977 88 0.03748679161071777
decode: 88 0 438065 88 0.03755640983581543
decode: 88 0 438153 88 0.037583351135253906
decode: 88 0 438241 88 0.03756403923034668
decode: 88 0 438329 88 0.03753805160522461
decode: 88 0 438417 88 0.03755044937133789
decode: 88 0 438505 88 0.03763937950134277
decode: 88 0 438593 88 0.037645816802978516
decode: 88 0 438681 88 0.037564754486083984
decode: 88 0 438769 88 0.037539005279541016
decode: 88 0 438857 88 0.037572622299194336
decode: 88 0 438945 88 0.03766679763793945
decode: 88 0 439033 88 0.037668466567993164
decode: 87 0 435600 87 0.038143157958984375
decode: 87 0 435687 87 0.038129329681396484
decode: 87 0 435774 87 0.03812694549560547
decode: 87 0 435861 87 0.03815150260925293
decode: 87 0 435948 87 0.038155555725097656
decode: 87 0 436035 87 0.03817272186279297
decode: 87 0 436122 87 0.03826570510864258
decode: 87 0 436209 87 0.03832530975341797
decode: 87 0 436296 87 0.03830122947692871
decode: 87 0 436383 87 0.03829312324523926
decode: 87 0 436470 87 0.03828763961791992
decode: 87 0 436557 87 0.038379669189453125
decode: 87 0 436644 87 0.038342952728271484
decode: 87 0 436731 87 0.03825497627258301
decode: 87 0 436818 87 0.03819751739501953
decode: 87 0 436905 87 0.03824782371520996
decode: 87 0 436992 87 0.03831839561462402
decode: 87 0 437079 87 0.03834271430969238
decode: 87 0 437166 87 0.038218021392822266
decode: 87 0 437253 87 0.038252830505371094
decode: 87 0 437340 87 0.03839111328125
decode: 87 0 437427 87 0.038413047790527344
decode: 87 0 437514 87 0.03834199905395508
decode: 87 0 437601 87 0.03832674026489258
decode: 87 0 437688 87 0.03830575942993164
decode: 87 0 437775 87 0.038347482681274414
decode: 87 0 437862 87 0.038372039794921875
decode: 87 0 437949 87 0.03833293914794922
decode: 87 0 438036 87 0.038333892822265625
decode: 87 0 438123 87 0.038434743881225586
decode: 87 0 438210 87 0.03848147392272949
decode: 86 0 433641 86 0.03911399841308594
mixed: 86 1 433641 2048 0.08369064331054688
mixed: 86 1 435689 2048 0.09015226364135742
mixed: 86 2 437737 2048 0.08570194244384766
mixed: 87 1 439785 892 0.04982805252075195
decode: 88 0 440765 88 0.03984999656677246
decode: 88 0 440853 88 0.039479732513427734
decode: 88 0 440941 88 0.03933000564575195
decode: 88 0 441029 88 0.03923225402832031
decode: 88 0 441117 88 0.03925514221191406
decode: 88 0 441205 88 0.03932929039001465
decode: 88 0 441293 88 0.03936934471130371
decode: 88 0 441381 88 0.039164066314697266
decode: 88 0 441469 88 0.039151668548583984
decode: 87 0 434884 87 0.038761138916015625
mixed: 87 1 434884 2048 0.08359694480895996
mixed: 87 1 436932 2048 0.09079742431640625
mixed: 87 1 438980 2048 0.0951075553894043
mixed: 87 1 441028 624 0.04620647430419922
decode: 88 0 441740 88 0.040075063705444336
decode: 88 0 441828 88 0.03943586349487305
decode: 87 0 436457 87 0.03993797302246094
decode: 87 0 436544 87 0.03985166549682617
decode: 86 0 430127 86 0.03929734230041504
mixed: 86 1 430127 2048 0.08063340187072754
mixed: 86 1 432175 2048 0.08868956565856934
mixed: 86 1 434223 2048 0.09441184997558594
mixed: 86 2 436271 2048 0.08607959747314453
mixed: 87 1 438319 2048 0.08778190612792969
mixed: 86 1 431578 2048 0.09408903121948242
mixed: 86 2 433626 2048 0.08523964881896973
mixed: 85 1 423315 2048 0.08830475807189941
mixed: 85 2 425363 2048 0.0836951732635498
mixed: 86 1 427411 2048 0.08777856826782227
mixed: 86 2 429459 2048 0.08259105682373047
mixed: 87 1 431507 2048 0.09020566940307617
mixed: 87 1 433555 2048 0.09546113014221191
mixed: 87 1 435603 2048 0.10101795196533203
mixed: 86 2 435154 2048 0.09131193161010742
mixed: 87 1 437202 270 0.03395509719848633
decode: 88 0 437560 88 0.04016590118408203
decode: 88 0 437648 88 0.03942728042602539
decode: 88 0 437736 88 0.03941822052001953
decode: 88 0 437824 88 0.03943800926208496
decode: 88 0 437912 88 0.03943681716918945
decode: 88 0 438000 88 0.03943443298339844
decode: 88 0 438088 88 0.039446353912353516
decode: 88 0 438176 88 0.03935432434082031
decode: 88 0 438264 88 0.039351463317871094
decode: 88 0 438352 88 0.03928685188293457
decode: 88 0 438440 88 0.03928399085998535
decode: 88 0 438528 88 0.03930091857910156
decode: 88 0 438616 88 0.03931283950805664
decode: 88 0 438704 88 0.039270877838134766
decode: 88 0 438792 88 0.03931736946105957
decode: 88 0 438880 88 0.03931164741516113
decode: 88 0 438968 88 0.03934288024902344
decode: 88 0 439056 88 0.03926658630371094
decode: 88 0 439144 88 0.03927969932556152
decode: 88 0 439232 88 0.03931927680969238
decode: 88 0 439320 88 0.039374351501464844
decode: 87 0 433083 87 0.038221120834350586
mixed: 86 1 428802 2047 0.08332967758178711
mixed: 86 1 430849 2048 0.08954596519470215
mixed: 86 2 432897 2048 0.08494114875793457
mixed: 87 1 434945 2048 0.08852887153625488
mixed: 87 1 436993 2048 0.09386777877807617
mixed: 87 1 439041 654 0.04880857467651367
decode: 88 0 439783 88 0.0393369197845459
decode: 88 0 439871 88 0.03876352310180664
decode: 87 0 437365 87 0.03790712356567383
mixed: 86 1 433711 2047 0.08634185791015625
mixed: 86 1 435758 2048 0.0908670425415039
mixed: 85 1 433405 2048 0.09590935707092285
mixed: 85 2 435453 2048 0.09752488136291504
mixed: 86 1 437501 1341 0.05970454216003418
decode: 87 0 438929 87 0.03885030746459961
decode: 86 0 429912 86 0.038522958755493164
mixed: 86 1 429912 2048 0.08080506324768066
mixed: 86 2 431960 2048 0.08817505836486816
mixed: 87 1 434008 2048 0.08430743217468262
mixed: 87 2 436056 2048 0.08991694450378418
mixed: 88 1 438104 1721 0.07820630073547363
decode: 89 0 439914 89 0.039858102798461914
decode: 89 0 440003 89 0.03892064094543457
decode: 89 0 440092 89 0.03869962692260742
decode: 89 0 440181 89 0.038687705993652344
decode: 89 0 440270 89 0.038713693618774414
decode: 89 0 440359 89 0.03876781463623047
decode: 88 0 435798 88 0.03812694549560547
mixed: 88 1 435798 2048 0.08172321319580078
mixed: 88 1 437846 679 0.04640936851501465
decode: 89 0 438614 89 0.03972315788269043
decode: 89 0 438703 89 0.03884625434875488
decode: 89 0 438792 89 0.03882241249084473
decode: 88 0 434282 88 0.03832507133483887
mixed: 88 1 434282 2048 0.0825800895690918
mixed: 88 1 436330 2048 0.08999776840209961
mixed: 88 1 438378 728 0.04854917526245117
decode: 89 0 439195 89 0.03996682167053223
decode: 89 0 439284 89 0.039371490478515625
decode: 89 0 439373 89 0.039312124252319336
decode: 89 0 439462 89 0.039240360260009766
decode: 89 0 439551 89 0.03918647766113281
decode: 89 0 439640 89 0.03933310508728027
decode: 89 0 439729 89 0.03931093215942383
decode: 89 0 439818 89 0.03927469253540039
decode: 89 0 439907 89 0.03916430473327637
decode: 89 0 439996 89 0.039227962493896484
decode: 89 0 440085 89 0.03921771049499512
decode: 89 0 440174 89 0.03921222686767578
decode: 89 0 440263 89 0.039148569107055664
decode: 88 0 438747 88 0.03713583946228027
decode: 88 0 438835 88 0.03718924522399902
decode: 88 0 438923 88 0.03718972206115723
decode: 88 0 439011 88 0.03709697723388672
decode: 88 0 439099 88 0.03705954551696777
decode: 88 0 439187 88 0.03707766532897949
decode: 88 0 439275 88 0.03714632987976074
decode: 88 0 439363 88 0.037130117416381836
decode: 87 0 432377 87 0.03651309013366699
mixed: 87 1 432377 2048 0.08085441589355469
mixed: 87 2 434425 2048 0.085418701171875
mixed: 88 1 436473 1206 0.05707955360412598
decode: 89 0 437768 89 0.03919816017150879
decode: 89 0 437857 89 0.03863048553466797
decode: 89 0 437946 89 0.03855586051940918
decode: 89 0 438035 89 0.03859233856201172
decode: 89 0 438124 89 0.038631439208984375
decode: 89 0 438213 89 0.03860902786254883
decode: 89 0 438302 89 0.03862166404724121
decode: 89 0 438391 89 0.03850913047790527
decode: 89 0 438480 89 0.03842782974243164
decode: 89 0 438569 89 0.038495779037475586
decode: 89 0 438658 89 0.038515567779541016
decode: 89 0 438747 89 0.03850984573364258
decode: 89 0 438836 89 0.03841972351074219
decode: 89 0 438925 89 0.0384061336517334
decode: 89 0 439014 89 0.038454532623291016
decode: 89 0 439103 89 0.03848695755004883
decode: 89 0 439192 89 0.03842496871948242
decode: 89 0 439281 89 0.03839993476867676
decode: 89 0 439370 89 0.03843045234680176
decode: 89 0 439459 89 0.03846454620361328
decode: 89 0 439548 89 0.03851580619812012
decode: 88 0 435976 88 0.036002159118652344
decode: 88 0 436064 88 0.0359950065612793
decode: 88 0 436152 88 0.03605365753173828
decode: 88 0 436240 88 0.03596782684326172
decode: 88 0 436328 88 0.03597593307495117
decode: 88 0 436416 88 0.03597211837768555
decode: 88 0 436504 88 0.03602743148803711
decode: 88 0 436592 88 0.03609180450439453
decode: 88 0 436680 88 0.03603529930114746
decode: 88 0 436768 88 0.03596663475036621
decode: 88 0 436856 88 0.035962820053100586
decode: 88 0 436944 88 0.036060333251953125
decode: 88 0 437032 88 0.03607892990112305
decode: 88 0 437120 88 0.036039113998413086
decode: 88 0 437208 88 0.03601241111755371
decode: 88 0 437296 88 0.03609466552734375
decode: 88 0 437384 88 0.036388397216796875
decode: 88 0 437472 88 0.03620409965515137
decode: 88 0 437560 88 0.036154747009277344
decode: 88 0 437648 88 0.03616809844970703
decode: 88 0 437736 88 0.036116838455200195
decode: 88 0 437824 88 0.03608345985412598
decode: 88 0 437912 88 0.03674936294555664
decode: 88 0 438000 88 0.036231040954589844
decode: 88 0 438088 88 0.0363771915435791
decode: 88 0 438176 88 0.03613781929016113
decode: 88 0 438264 88 0.036119699478149414
decode: 88 0 438352 88 0.03607439994812012
decode: 88 0 438440 88 0.03626394271850586
decode: 88 0 438528 88 0.03621482849121094
decode: 88 0 438616 88 0.03627634048461914
decode: 87 0 432976 87 0.0363154411315918
mixed: 86 1 430139 2047 0.08343291282653809
mixed: 86 1 432186 2048 0.08944845199584961
mixed: 86 1 434234 2048 0.09509634971618652
mixed: 86 1 436282 1510 0.08365273475646973
decode: 86 0 429878 86 0.03809213638305664
mixed: 86 1 429878 2048 0.08362007141113281
mixed: 86 1 431926 2048 0.0903017520904541
mixed: 86 1 433974 2048 0.09566450119018555
mixed: 86 2 436022 2048 0.10457730293273926
mixed: 86 1 435027 1404 0.060895442962646484
decode: 87 0 436518 87 0.03970050811767578
decode: 87 0 436605 87 0.03852391242980957
decode: 87 0 436692 87 0.03808283805847168
decode: 87 0 436779 87 0.038098812103271484
decode: 87 0 436866 87 0.037990570068359375
decode: 87 0 436953 87 0.03799772262573242
decode: 87 0 437040 87 0.03799104690551758
decode: 87 0 437127 87 0.03807854652404785
decode: 87 0 437214 87 0.038039445877075195
decode: 87 0 437301 87 0.037920236587524414
decode: 87 0 437388 87 0.03797101974487305
decode: 87 0 437475 87 0.03795671463012695
decode: 87 0 437562 87 0.037925004959106445
decode: 87 0 437649 87 0.03792834281921387
decode: 87 0 437736 87 0.038010597229003906
decode: 87 0 437823 87 0.03806900978088379
decode: 87 0 437910 87 0.03798675537109375
decode: 87 0 437997 87 0.03803896903991699
decode: 87 0 438084 87 0.0380091667175293
decode: 87 0 438171 87 0.03815174102783203
decode: 87 0 438258 87 0.03806638717651367
decode: 87 0 438345 87 0.03798985481262207
decode: 87 0 438432 87 0.03822612762451172
decode: 86 0 435832 86 0.03813648223876953
decode: 86 0 435918 86 0.03810882568359375
decode: 86 0 436004 86 0.03803205490112305
decode: 86 0 436090 86 0.03804159164428711
decode: 86 0 436176 86 0.03808331489562988
decode: 86 0 436262 86 0.03807520866394043
decode: 86 0 436348 86 0.037979841232299805
decode: 86 0 436434 86 0.037976741790771484
decode: 86 0 436520 86 0.037976741790771484
decode: 86 0 436606 86 0.03806161880493164
decode: 86 0 436692 86 0.03809189796447754
decode: 86 0 436778 86 0.03798222541809082
decode: 86 0 436864 86 0.03802824020385742
decode: 86 0 436950 86 0.0381016731262207
decode: 86 0 437036 86 0.03811144828796387
decode: 86 0 437122 86 0.038066864013671875
decode: 86 0 437208 86 0.03804135322570801
decode: 86 0 437294 86 0.03799843788146973
decode: 86 0 437380 86 0.03805971145629883
decode: 86 0 437466 86 0.03807783126831055
decode: 86 0 437552 86 0.038085222244262695
decode: 86 0 437638 86 0.0380251407623291
decode: 86 0 437724 86 0.03806900978088379
decode: 86 0 437810 86 0.03811311721801758
decode: 86 0 437896 86 0.038098812103271484
decode: 86 0 437982 86 0.03805232048034668
decode: 85 0 431940 85 0.039072513580322266
mixed: 85 1 431940 2048 0.0800621509552002
mixed: 85 1 433988 2048 0.09070467948913574
mixed: 85 2 436036 2048 0.09104347229003906
mixed: 85 1 432198 2048 0.0853431224822998
mixed: 85 1 434246 1554 0.07963061332702637
decode: 86 0 435886 86 0.04154682159423828
decode: 86 0 435972 86 0.03975629806518555
decode: 86 0 436058 86 0.03936362266540527
decode: 86 0 436144 86 0.039360761642456055
decode: 86 0 436230 86 0.03936767578125
decode: 86 0 436316 86 0.03938436508178711
decode: 86 0 436402 86 0.039406776428222656
decode: 85 0 434135 85 0.03814244270324707
mixed: 85 1 434135 2048 0.08037161827087402
mixed: 85 1 436183 2048 0.09102821350097656
mixed: 85 1 438231 1945 0.0935065746307373
decode: 86 0 440262 86 0.03933286666870117
decode: 86 0 440348 86 0.038683414459228516
decode: 86 0 440434 86 0.03816843032836914
decode: 86 0 440520 86 0.0381317138671875
decode: 86 0 440606 86 0.038120269775390625
decode: 86 0 440692 86 0.03845024108886719
decode: 86 0 440778 86 0.03839707374572754
decode: 86 0 440864 86 0.03841042518615723
decode: 86 0 440950 86 0.03808903694152832
decode: 86 0 441036 86 0.03818988800048828
decode: 86 0 441122 86 0.03807783126831055
decode: 86 0 441208 86 0.038011789321899414
decode: 86 0 441294 86 0.038036346435546875
decode: 86 0 441380 86 0.03809475898742676
decode: 85 0 439778 85 0.039771318435668945
decode: 85 0 439863 85 0.039754390716552734
decode: 85 0 439948 85 0.039748430252075195
decode: 85 0 440033 85 0.03991580009460449
decode: 84 0 431861 84 0.03853130340576172
mixed: 84 1 431861 2048 0.08139157295227051
mixed: 84 2 433909 2048 0.08444833755493164
mixed: 85 1 435957 2048 0.0899820327758789
mixed: 85 1 438005 140 0.03123188018798828
decode: 86 0 438231 86 0.03844761848449707
decode: 86 0 438317 86 0.0381777286529541
decode: 86 0 438403 86 0.03818464279174805
decode: 86 0 438489 86 0.038094282150268555
decode: 86 0 438575 86 0.03830575942993164
decode: 86 0 438661 86 0.0382380485534668
decode: 86 0 438747 86 0.038225412368774414
decode: 86 0 438833 86 0.03796529769897461
decode: 86 0 438919 86 0.03794717788696289
decode: 86 0 439005 86 0.03797006607055664
decode: 86 0 439091 86 0.037946462631225586
decode: 86 0 439177 86 0.03801465034484863
decode: 86 0 439263 86 0.03803730010986328
decode: 86 0 439349 86 0.037961721420288086
decode: 85 0 433729 85 0.037374258041381836
decode: 85 0 433814 85 0.03746223449707031
decode: 85 0 433899 85 0.03749442100524902
decode: 85 0 433984 85 0.037447214126586914
decode: 85 0 434069 85 0.03738045692443848
decode: 85 0 434154 85 0.03739643096923828
decode: 85 0 434239 85 0.03744077682495117
decode: 85 0 434324 85 0.03749227523803711
decode: 85 0 434409 85 0.03750467300415039
decode: 85 0 434494 85 0.03753662109375
decode: 85 0 434579 85 0.03750944137573242
decode: 85 0 434664 85 0.03756904602050781
decode: 85 0 434749 85 0.037629127502441406
decode: 84 0 429981 84 0.03750181198120117
mixed: 84 1 429981 2048 0.08158016204833984
mixed: 84 1 432029 2048 0.08978509902954102
mixed: 84 1 434077 2048 0.09595513343811035
mixed: 84 1 436125 1232 0.0654759407043457
decode: 85 0 437442 85 0.04014897346496582
decode: 85 0 437527 85 0.038907766342163086
decode: 85 0 437612 85 0.03849959373474121
decode: 85 0 437697 85 0.03846883773803711
decode: 85 0 437782 85 0.03848123550415039
decode: 85 0 437867 85 0.038460731506347656
decode: 85 0 437952 85 0.03850221633911133
decode: 85 0 438037 85 0.038524627685546875
decode: 85 0 438122 85 0.03840184211730957
decode: 85 0 438207 85 0.03831744194030762
decode: 85 0 438292 85 0.03831076622009277
decode: 85 0 438377 85 0.03827095031738281
decode: 85 0 438462 85 0.03827548027038574
decode: 84 0 432023 84 0.036997079849243164
mixed: 84 1 432023 2048 0.0836644172668457
mixed: 84 1 434071 2048 0.09038162231445312
mixed: 84 1 436119 1592 0.0839223861694336
decode: 85 0 437796 85 0.039037466049194336
decode: 85 0 437881 85 0.03786349296569824
decode: 85 0 437966 85 0.03748440742492676
decode: 85 0 438051 85 0.03748345375061035
decode: 85 0 438136 85 0.03751492500305176
decode: 85 0 438221 85 0.0374903678894043
decode: 85 0 438306 85 0.03751802444458008
decode: 85 0 438391 85 0.03746485710144043
decode: 85 0 438476 85 0.037360191345214844
decode: 84 0 433711 84 0.03672933578491211
decode: 84 0 433795 84 0.03670787811279297
decode: 84 0 433879 84 0.036705970764160156
decode: 84 0 433963 84 0.036737680435180664
decode: 84 0 434047 84 0.03669118881225586
decode: 84 0 434131 84 0.036673784255981445
decode: 84 0 434215 84 0.03665041923522949
decode: 84 0 434299 84 0.03675079345703125
decode: 84 0 434383 84 0.036773681640625
decode: 84 0 434467 84 0.03669309616088867
decode: 84 0 434551 84 0.0366666316986084
decode: 84 0 434635 84 0.03670501708984375
decode: 84 0 434719 84 0.03677821159362793
decode: 84 0 434803 84 0.036820411682128906
decode: 84 0 434887 84 0.03673219680786133
decode: 84 0 434971 84 0.03672933578491211
decode: 84 0 435055 84 0.03681468963623047
decode: 84 0 435139 84 0.03681159019470215
decode: 84 0 435223 84 0.03676414489746094
decode: 84 0 435307 84 0.03670811653137207
decode: 84 0 435391 84 0.036695241928100586
decode: 84 0 435475 84 0.03679513931274414
decode: 84 0 435559 84 0.03682518005371094
decode: 84 0 435643 84 0.03676199913024902
decode: 83 0 427654 83 0.03747892379760742
mixed: 83 1 427654 2048 0.08447551727294922
mixed: 83 1 429702 2048 0.09191775321960449
mixed: 83 1 431750 2048 0.09555530548095703
mixed: 83 1 433798 1565 0.08708739280700684
decode: 84 0 435447 84 0.0393526554107666
decode: 84 0 435531 84 0.03851056098937988
decode: 84 0 435615 84 0.03845024108886719
decode: 84 0 435699 84 0.038568973541259766
decode: 84 0 435783 84 0.03849673271179199
decode: 84 0 435867 84 0.03847837448120117
decode: 84 0 435951 84 0.0384821891784668
decode: 84 0 436035 84 0.03847551345825195
decode: 84 0 436119 84 0.03846597671508789
decode: 84 0 436203 84 0.03849053382873535
decode: 84 0 436287 84 0.03831982612609863
decode: 84 0 436371 84 0.03834247589111328
decode: 84 0 436455 84 0.03829526901245117
decode: 84 0 436539 84 0.03830313682556152
decode: 84 0 436623 84 0.03826475143432617
decode: 84 0 436707 84 0.038218021392822266
decode: 84 0 436791 84 0.03835415840148926
decode: 84 0 436875 84 0.038397789001464844
decode: 84 0 436959 84 0.03839468955993652
decode: 84 0 437043 84 0.0382845401763916
decode: 84 0 437127 84 0.038278818130493164
decode: 84 0 437211 84 0.038405656814575195
decode: 84 0 437295 84 0.03842592239379883
decode: 84 0 437379 84 0.03833508491516113
decode: 84 0 437463 84 0.038299560546875
decode: 84 0 437547 84 0.038350582122802734
decode: 84 0 437631 84 0.03840470314025879
decode: 84 0 437715 84 0.03845405578613281
decode: 83 0 432936 83 0.0380251407623291
decode: 82 0 426225 82 0.0382082462310791
decode: 81 0 419725 81 0.03765225410461426
decode: 81 0 419806 81 0.03766369819641113
decode: 81 0 419887 81 0.037781715393066406
decode: 81 0 419968 81 0.037813425064086914
decode: 81 0 420049 81 0.03777575492858887
decode: 81 0 420130 81 0.0377507209777832
decode: 81 0 420211 81 0.03840804100036621
decode: 81 0 420292 81 0.03779435157775879
decode: 81 0 420373 81 0.03782248497009277
decode: 81 0 420454 81 0.037763357162475586
decode: 81 0 420535 81 0.037760257720947266
decode: 81 0 420616 81 0.03779458999633789
decode: 81 0 420697 81 0.03815007209777832
decode: 81 0 420778 81 0.03783273696899414
decode: 81 0 420859 81 0.037832021713256836
decode: 81 0 420940 81 0.03777432441711426
decode: 81 0 421021 81 0.03775191307067871
decode: 81 0 421102 81 0.037767648696899414
decode: 81 0 421183 81 0.0379788875579834
decode: 81 0 421264 81 0.03791499137878418
decode: 81 0 421345 81 0.03783297538757324
decode: 81 0 421426 81 0.037790536880493164
decode: 81 0 421507 81 0.03787875175476074
decode: 81 0 421588 81 0.03794717788696289
decode: 81 0 421669 81 0.03791379928588867
decode: 81 0 421750 81 0.037839651107788086
decode: 81 0 421831 81 0.03787970542907715
decode: 81 0 421912 81 0.03794598579406738
decode: 81 0 421993 81 0.037926673889160156
decode: 80 0 414160 80 0.03610086441040039
decode: 80 0 414240 80 0.035993337631225586
decode: 80 0 414320 80 0.036017656326293945
decode: 80 0 414400 80 0.03602290153503418
decode: 80 0 414480 80 0.03605461120605469
decode: 80 0 414560 80 0.03592848777770996
decode: 80 0 414640 80 0.03593111038208008
decode: 80 0 414720 80 0.03599095344543457
decode: 80 0 414800 80 0.03612685203552246
decode: 80 0 414880 80 0.036407470703125
decode: 80 0 414960 80 0.03606534004211426
decode: 80 0 415040 80 0.03602719306945801
decode: 79 0 410164 79 0.0351719856262207
decode: 79 0 410243 79 0.03517746925354004
decode: 79 0 410322 79 0.03514242172241211
decode: 79 0 410401 79 0.03505563735961914
decode: 79 0 410480 79 0.03509640693664551
decode: 79 0 410559 79 0.03515958786010742
decode: 79 0 410638 79 0.0351557731628418
decode: 79 0 410717 79 0.03514552116394043
decode: 79 0 410796 79 0.0350956916809082
decode: 79 0 410875 79 0.03509020805358887
decode: 79 0 410954 79 0.03519415855407715
decode: 79 0 411033 79 0.035161733627319336
decode: 79 0 411112 79 0.035169363021850586
decode: 79 0 411191 79 0.035121917724609375
decode: 79 0 411270 79 0.03509855270385742
decode: 79 0 411349 79 0.03518223762512207
decode: 79 0 411428 79 0.035202741622924805
decode: 78 0 405927 78 0.03504347801208496
decode: 78 0 406005 78 0.03499913215637207
decode: 77 0 401747 77 0.03499197959899902
decode: 77 0 401824 77 0.03513383865356445
decode: 77 0 401901 77 0.03512978553771973
decode: 77 0 401978 77 0.035132408142089844
decode: 77 0 402055 77 0.03508782386779785
decode: 77 0 402132 77 0.03506803512573242
decode: 77 0 402209 77 0.035042524337768555
decode: 77 0 402286 77 0.035120248794555664
decode: 77 0 402363 77 0.035058021545410156
decode: 77 0 402440 77 0.035085201263427734
decode: 77 0 402517 77 0.03505444526672363
decode: 77 0 402594 77 0.03504204750061035
decode: 77 0 402671 77 0.03511691093444824
decode: 77 0 402748 77 0.035153865814208984
decode: 77 0 402825 77 0.03510737419128418
decode: 77 0 402902 77 0.035037994384765625
decode: 77 0 402979 77 0.0350337028503418
decode: 77 0 403056 77 0.03516435623168945
decode: 77 0 403133 77 0.035205841064453125
decode: 77 0 403210 77 0.03510642051696777
decode: 77 0 403287 77 0.035102128982543945
decode: 77 0 403364 77 0.03517651557922363
decode: 77 0 403441 77 0.035158634185791016
decode: 77 0 403518 77 0.035243988037109375
decode: 76 0 398121 76 0.03466176986694336
decode: 76 0 398197 76 0.034683942794799805
decode: 76 0 398273 76 0.03467559814453125
decode: 76 0 398349 76 0.034745216369628906
decode: 76 0 398425 76 0.034758806228637695
decode: 76 0 398501 76 0.034670352935791016
decode: 76 0 398577 76 0.03462076187133789
decode: 76 0 398653 76 0.03461861610412598
decode: 76 0 398729 76 0.034670352935791016
decode: 76 0 398805 76 0.034723758697509766
decode: 76 0 398881 76 0.03470420837402344
decode: 76 0 398957 76 0.034659624099731445
decode: 76 0 399033 76 0.03463888168334961
decode: 76 0 399109 76 0.03474235534667969
decode: 76 0 399185 76 0.03477120399475098
decode: 76 0 399261 76 0.034715890884399414
decode: 76 0 399337 76 0.03469967842102051
decode: 76 0 399413 76 0.03475809097290039
decode: 76 0 399489 76 0.03481769561767578
decode: 75 0 394736 75 0.03455853462219238
decode: 75 0 394811 75 0.03455233573913574
decode: 75 0 394886 75 0.034514665603637695
decode: 75 0 394961 75 0.034531593322753906
decode: 75 0 395036 75 0.03458261489868164
decode: 75 0 395111 75 0.03455376625061035
decode: 75 0 395186 75 0.03455972671508789
decode: 75 0 395261 75 0.034544944763183594
decode: 75 0 395336 75 0.034564971923828125
decode: 75 0 395411 75 0.034586191177368164
decode: 75 0 395486 75 0.034570932388305664
decode: 75 0 395561 75 0.03456926345825195
decode: 75 0 395636 75 0.034545183181762695
decode: 75 0 395711 75 0.03455710411071777
decode: 75 0 395786 75 0.034668684005737305
decode: 75 0 395861 75 0.034685611724853516
decode: 74 0 393367 74 0.03564143180847168
decode: 74 0 393441 74 0.035660743713378906
decode: 74 0 393515 74 0.03562188148498535
decode: 74 0 393589 74 0.0356450080871582
decode: 74 0 393663 74 0.03565478324890137
decode: 74 0 393737 74 0.03561115264892578
decode: 74 0 393811 74 0.035622358322143555
decode: 74 0 393885 74 0.035625457763671875
decode: 74 0 393959 74 0.035660743713378906
decode: 74 0 394033 74 0.03565812110900879
decode: 74 0 394107 74 0.03560996055603027
decode: 74 0 394181 74 0.03564000129699707
decode: 74 0 394255 74 0.03562140464782715
decode: 74 0 394329 74 0.035665273666381836
decode: 74 0 394403 74 0.03571820259094238
decode: 74 0 394477 74 0.03567194938659668
decode: 74 0 394551 74 0.03572225570678711
decode: 74 0 394625 74 0.03570437431335449
decode: 74 0 394699 74 0.035719871520996094
decode: 74 0 394773 74 0.03571677207946777
decode: 74 0 394847 74 0.03568148612976074
decode: 74 0 394921 74 0.03568625450134277
decode: 74 0 394995 74 0.03577303886413574
decode: 74 0 395069 74 0.03578495979309082
decode: 74 0 395143 74 0.03576064109802246
decode: 74 0 395217 74 0.03572678565979004
decode: 74 0 395291 74 0.03573775291442871
decode: 74 0 395365 74 0.03573203086853027
decode: 74 0 395439 74 0.03570699691772461
decode: 73 0 391434 73 0.037203311920166016
decode: 73 0 391507 73 0.03724217414855957
decode: 73 0 391580 73 0.03750896453857422
decode: 73 0 391653 73 0.03735208511352539
decode: 73 0 391726 73 0.037367820739746094
decode: 72 0 384476 72 0.0317690372467041
decode: 72 0 384548 72 0.03148055076599121
decode: 71 0 375414 71 0.03166079521179199
decode: 71 0 375485 71 0.031890153884887695
decode: 71 0 375556 71 0.03200221061706543
decode: 71 0 375627 71 0.03181147575378418
decode: 70 0 368017 70 0.03113389015197754
decode: 69 0 360016 69 0.03141903877258301
decode: 69 0 360085 69 0.03246498107910156
decode: 69 0 360154 69 0.03108954429626465
decode: 69 0 360223 69 0.031209230422973633
decode: 69 0 360292 69 0.03114032745361328
decode: 69 0 360361 69 0.03136396408081055
decode: 69 0 360430 69 0.0315091609954834
decode: 69 0 360499 69 0.03153085708618164
decode: 69 0 360568 69 0.031285762786865234
decode: 69 0 360637 69 0.03132438659667969
decode: 68 0 357368 68 0.030943870544433594
decode: 68 0 357436 68 0.030974149703979492
decode: 68 0 357504 68 0.030971050262451172
decode: 68 0 357572 68 0.031225919723510742
decode: 67 0 349420 67 0.029418230056762695
decode: 67 0 349487 67 0.029465436935424805
decode: 67 0 349554 67 0.02948451042175293
decode: 67 0 349621 67 0.029333829879760742
decode: 67 0 349688 67 0.02924180030822754
decode: 67 0 349755 67 0.029230594635009766
decode: 67 0 349822 67 0.029517412185668945
decode: 67 0 349889 67 0.029496192932128906
decode: 67 0 349956 67 0.029515981674194336
decode: 67 0 350023 67 0.02955150604248047
decode: 67 0 350090 67 0.029530763626098633
decode: 67 0 350157 67 0.029489517211914062
decode: 67 0 350224 67 0.02977132797241211
decode: 67 0 350291 67 0.029469728469848633
decode: 67 0 350358 67 0.029400348663330078
decode: 67 0 350425 67 0.029385089874267578
decode: 67 0 350492 67 0.029353618621826172
decode: 67 0 350559 67 0.029407978057861328
decode: 67 0 350626 67 0.02928018569946289
decode: 67 0 350693 67 0.02927684783935547
decode: 67 0 350760 67 0.02927708625793457
decode: 67 0 350827 67 0.02961134910583496
decode: 67 0 350894 67 0.02944207191467285
decode: 67 0 350961 67 0.029825925827026367
decode: 67 0 351028 67 0.030003786087036133
decode: 67 0 351095 67 0.029410362243652344
decode: 67 0 351162 67 0.02942633628845215
decode: 67 0 351229 67 0.02938079833984375
decode: 67 0 351296 67 0.029340267181396484
decode: 67 0 351363 67 0.029310226440429688
decode: 67 0 351430 67 0.029601335525512695
decode: 67 0 351497 67 0.029493331909179688
decode: 67 0 351564 67 0.029822826385498047
decode: 67 0 351631 67 0.029584646224975586
decode: 66 0 346635 66 0.030209779739379883
decode: 66 0 346701 66 0.030469894409179688
decode: 66 0 346767 66 0.030109167098999023
decode: 66 0 346833 66 0.0301358699798584
decode: 66 0 346899 66 0.03067946434020996
decode: 66 0 346965 66 0.03057265281677246
decode: 66 0 347031 66 0.03041696548461914
decode: 66 0 347097 66 0.030095815658569336
decode: 66 0 347163 66 0.030604839324951172
decode: 66 0 347229 66 0.03009629249572754
decode: 66 0 347295 66 0.0300140380859375
decode: 66 0 347361 66 0.030118942260742188
decode: 66 0 347427 66 0.030054569244384766
decode: 66 0 347493 66 0.02997303009033203
decode: 66 0 347559 66 0.029960155487060547
decode: 66 0 347625 66 0.030768871307373047
decode: 66 0 347691 66 0.030118703842163086
decode: 66 0 347757 66 0.030306339263916016
decode: 66 0 347823 66 0.03011941909790039
decode: 66 0 347889 66 0.03001260757446289
decode: 66 0 347955 66 0.029985427856445312
decode: 66 0 348021 66 0.030138492584228516
decode: 66 0 348087 66 0.03070211410522461
decode: 66 0 348153 66 0.030183076858520508
decode: 66 0 348219 66 0.030118465423583984
decode: 66 0 348285 66 0.030207395553588867
decode: 66 0 348351 66 0.030553102493286133
decode: 66 0 348417 66 0.03070068359375
decode: 66 0 348483 66 0.03045368194580078
decode: 66 0 348549 66 0.03021836280822754
decode: 66 0 348615 66 0.030631065368652344
decode: 66 0 348681 66 0.030196189880371094
decode: 66 0 348747 66 0.030215024948120117
decode: 66 0 348813 66 0.030516386032104492
decode: 66 0 348879 66 0.030571460723876953
decode: 65 0 341966 65 0.03078627586364746
decode: 65 0 342031 65 0.030778169631958008
decode: 65 0 342096 65 0.030452251434326172
decode: 65 0 342161 65 0.03095269203186035
decode: 65 0 342226 65 0.030427217483520508
decode: 65 0 342291 65 0.030462980270385742
decode: 64 0 336471 64 0.027512073516845703
decode: 64 0 336535 64 0.027875661849975586
decode: 64 0 336599 64 0.02815389633178711
decode: 64 0 336663 64 0.027535438537597656
decode: 64 0 336727 64 0.027878761291503906
decode: 64 0 336791 64 0.02788233757019043
decode: 63 0 334196 63 0.028674602508544922
decode: 63 0 334259 63 0.028168916702270508
decode: 63 0 334322 63 0.02859044075012207
decode: 63 0 334385 63 0.028779029846191406
decode: 63 0 334448 63 0.028238534927368164
decode: 63 0 334511 63 0.028218984603881836
decode: 63 0 334574 63 0.028225421905517578
decode: 62 0 332120 62 0.028206586837768555
decode: 62 0 332182 62 0.027999162673950195
decode: 62 0 332244 62 0.028183937072753906
decode: 62 0 332306 62 0.027843713760375977
decode: 62 0 332368 62 0.028307199478149414
decode: 62 0 332430 62 0.02781391143798828
decode: 62 0 332492 62 0.02771925926208496
decode: 62 0 332554 62 0.02765679359436035
decode: 62 0 332616 62 0.027654647827148438
decode: 62 0 332678 62 0.02770209312438965
decode: 62 0 332740 62 0.027715444564819336
decode: 62 0 332802 62 0.027695894241333008
decode: 61 0 328625 61 0.027529239654541016
decode: 61 0 328686 61 0.027580738067626953
decode: 61 0 328747 61 0.027555465698242188
decode: 61 0 328808 61 0.02759408950805664
decode: 61 0 328869 61 0.02759242057800293
decode: 61 0 328930 61 0.027597904205322266
decode: 61 0 328991 61 0.02760601043701172
decode: 60 0 322035 60 0.027184486389160156
decode: 60 0 322095 60 0.02721858024597168
decode: 60 0 322155 60 0.027231216430664062
decode: 59 0 319478 59 0.027571678161621094
decode: 59 0 319537 59 0.027770042419433594
decode: 59 0 319596 59 0.027610063552856445
decode: 59 0 319655 59 0.027546167373657227
decode: 59 0 319714 59 0.02750849723815918
decode: 59 0 319773 59 0.027560710906982422
decode: 59 0 319832 59 0.027907609939575195
decode: 59 0 319891 59 0.02769637107849121
decode: 59 0 319950 59 0.027594327926635742
decode: 58 0 313669 58 0.027281999588012695
decode: 58 0 313727 58 0.02727961540222168
decode: 58 0 313785 58 0.027277708053588867
decode: 55 0 292727 55 0.02909994125366211
decode: 55 0 292782 55 0.024663686752319336
decode: 55 0 292837 55 0.0246427059173584
decode: 55 0 292892 55 0.02460932731628418
decode: 55 0 292947 55 0.02472996711730957
decode: 55 0 293002 55 0.02472233772277832
decode: 55 0 293057 55 0.024623632431030273
decode: 55 0 293112 55 0.024651050567626953
decode: 55 0 293167 55 0.024634838104248047
decode: 55 0 293222 55 0.024669885635375977
decode: 55 0 293277 55 0.02463054656982422
decode: 55 0 293332 55 0.02465033531188965
decode: 55 0 293387 55 0.024658679962158203
decode: 55 0 293442 55 0.02465343475341797
decode: 55 0 293497 55 0.02500009536743164
decode: 55 0 293552 55 0.024835824966430664
decode: 55 0 293607 55 0.024796009063720703
decode: 55 0 293662 55 0.02471923828125
decode: 55 0 293717 55 0.024707794189453125
decode: 54 0 290798 54 0.02455306053161621
decode: 54 0 290852 54 0.02458786964416504
decode: 54 0 290906 54 0.024617671966552734
decode: 54 0 290960 54 0.024773836135864258
decode: 54 0 291014 54 0.024713754653930664
decode: 54 0 291068 54 0.024608373641967773
decode: 54 0 291122 54 0.02455282211303711
decode: 54 0 291176 54 0.024565696716308594
decode: 54 0 291230 54 0.024591445922851562
decode: 54 0 291284 54 0.024614572525024414
decode: 54 0 291338 54 0.02463245391845703
decode: 53 0 287167 53 0.024170637130737305
decode: 53 0 287220 53 0.02413654327392578
decode: 53 0 287273 53 0.02413463592529297
decode: 53 0 287326 53 0.02415299415588379
decode: 53 0 287379 53 0.02417135238647461
decode: 52 0 279540 52 0.024156570434570312
decode: 52 0 279592 52 0.024183988571166992
decode: 52 0 279644 52 0.024176597595214844
decode: 52 0 279696 52 0.024127483367919922
decode: 52 0 279748 52 0.024190425872802734
decode: 52 0 279800 52 0.024158000946044922
decode: 52 0 279852 52 0.024192094802856445
decode: 51 0 272158 51 0.023939847946166992
decode: 51 0 272209 51 0.02396535873413086
decode: 51 0 272260 51 0.023980379104614258
decode: 51 0 272311 51 0.023921966552734375
decode: 51 0 272362 51 0.023965120315551758
decode: 51 0 272413 51 0.023932218551635742
decode: 51 0 272464 51 0.02397751808166504
decode: 51 0 272515 51 0.02396082878112793
decode: 51 0 272566 51 0.023919105529785156
decode: 51 0 272617 51 0.023929595947265625
decode: 51 0 272668 51 0.023909807205200195
decode: 51 0 272719 51 0.024008512496948242
decode: 51 0 272770 51 0.023936033248901367
decode: 51 0 272821 51 0.023920774459838867
decode: 51 0 272872 51 0.02393484115600586
decode: 51 0 272923 51 0.02396082878112793
decode: 50 0 266120 50 0.02386617660522461
decode: 50 0 266170 50 0.023823022842407227
decode: 50 0 266220 50 0.02381753921508789
decode: 50 0 266270 50 0.023794174194335938
decode: 50 0 266320 50 0.02379441261291504
decode: 50 0 266370 50 0.02381443977355957
decode: 50 0 266420 50 0.023835420608520508
decode: 50 0 266470 50 0.023839712142944336
decode: 50 0 266520 50 0.023911237716674805
decode: 50 0 266570 50 0.02386951446533203
decode: 50 0 266620 50 0.023909330368041992
decode: 50 0 266670 50 0.023998498916625977
decode: 50 0 266720 50 0.023917436599731445
decode: 50 0 266770 50 0.023936033248901367
decode: 50 0 266820 50 0.023897647857666016
decode: 50 0 266870 50 0.02386951446533203
decode: 50 0 266920 50 0.02385878562927246
decode: 50 0 266970 50 0.02387547492980957
decode: 49 0 260083 49 0.023459911346435547
decode: 49 0 260132 49 0.023500442504882812
decode: 49 0 260181 49 0.0235288143157959
decode: 49 0 260230 49 0.023474454879760742
decode: 49 0 260279 49 0.023489952087402344
decode: 48 0 253680 48 0.022754669189453125
decode: 48 0 253728 48 0.02275371551513672
decode: 48 0 253776 48 0.02273249626159668
decode: 48 0 253824 48 0.022761821746826172
decode: 48 0 253872 48 0.022774457931518555
decode: 48 0 253920 48 0.02274775505065918
decode: 48 0 253968 48 0.022755146026611328
decode: 48 0 254016 48 0.02268695831298828
decode: 48 0 254064 48 0.02270984649658203
decode: 48 0 254112 48 0.02270197868347168
decode: 48 0 254160 48 0.02270960807800293
decode: 48 0 254208 48 0.022778987884521484
decode: 48 0 254256 48 0.022794008255004883
decode: 48 0 254304 48 0.022779464721679688
decode: 48 0 254352 48 0.022787094116210938
decode: 48 0 254400 48 0.022736549377441406
decode: 48 0 254448 48 0.022810935974121094
decode: 48 0 254496 48 0.02277541160583496
decode: 48 0 254544 48 0.022824525833129883
decode: 48 0 254592 48 0.022850990295410156
decode: 48 0 254640 48 0.022861719131469727
decode: 48 0 254688 48 0.02285456657409668
decode: 48 0 254736 48 0.02280139923095703
decode: 48 0 254784 48 0.022803068161010742
decode: 48 0 254832 48 0.02281785011291504
decode: 48 0 254880 48 0.022824525833129883
decode: 48 0 254928 48 0.02286386489868164
decode: 48 0 254976 48 0.0228421688079834
decode: 48 0 255024 48 0.02283334732055664
decode: 48 0 255072 48 0.022774457931518555
decode: 48 0 255120 48 0.022756099700927734
decode: 48 0 255168 48 0.02277088165283203
decode: 48 0 255216 48 0.022813081741333008
decode: 48 0 255264 48 0.022847652435302734
decode: 48 0 255312 48 0.022854089736938477
decode: 47 0 252249 47 0.02261972427368164
decode: 47 0 252296 47 0.02261972427368164
decode: 47 0 252343 47 0.02257061004638672
decode: 47 0 252390 47 0.022638320922851562
decode: 47 0 252437 47 0.02262735366821289
decode: 47 0 252484 47 0.02261042594909668
decode: 47 0 252531 47 0.022633075714111328
decode: 47 0 252578 47 0.022650480270385742
decode: 47 0 252625 47 0.02266407012939453
decode: 47 0 252672 47 0.02267313003540039
decode: 47 0 252719 47 0.022629737854003906
decode: 47 0 252766 47 0.022662639617919922
decode: 47 0 252813 47 0.022667646408081055
decode: 47 0 252860 47 0.022692441940307617
decode: 47 0 252907 47 0.02274775505065918
decode: 47 0 252954 47 0.022748947143554688
decode: 47 0 253001 47 0.02274942398071289
decode: 47 0 253048 47 0.02263784408569336
decode: 46 0 244689 46 0.02195906639099121
decode: 46 0 244735 46 0.021943092346191406
decode: 45 0 238844 45 0.020975589752197266
decode: 45 0 238889 45 0.02099132537841797
decode: 45 0 238934 45 0.020990610122680664
decode: 45 0 238979 45 0.02099156379699707
decode: 45 0 239024 45 0.021004438400268555
decode: 45 0 239069 45 0.020963191986083984
decode: 45 0 239114 45 0.02100062370300293
decode: 45 0 239159 45 0.021006107330322266
decode: 45 0 239204 45 0.02097797393798828
decode: 45 0 239249 45 0.0210113525390625
decode: 45 0 239294 45 0.020987749099731445
decode: 45 0 239339 45 0.020986080169677734
decode: 45 0 239384 45 0.02103137969970703
decode: 45 0 239429 45 0.020984649658203125
decode: 45 0 239474 45 0.02101445198059082
decode: 45 0 239519 45 0.02102804183959961
decode: 45 0 239564 45 0.02100396156311035
decode: 45 0 239609 45 0.0210263729095459
decode: 45 0 239654 45 0.021050453186035156
decode: 45 0 239699 45 0.02109217643737793
decode: 45 0 239744 45 0.021079301834106445
decode: 45 0 239789 45 0.021038293838500977
decode: 45 0 239834 45 0.021038055419921875
decode: 45 0 239879 45 0.021015405654907227
decode: 45 0 239924 45 0.021038293838500977
decode: 45 0 239969 45 0.021076440811157227
decode: 44 0 236358 44 0.020854711532592773
decode: 44 0 236402 44 0.020838499069213867
decode: 44 0 236446 44 0.020827054977416992
decode: 44 0 236490 44 0.020770788192749023
decode: 44 0 236534 44 0.02078986167907715
decode: 44 0 236578 44 0.020809173583984375
decode: 44 0 236622 44 0.020802736282348633
decode: 44 0 236666 44 0.02083730697631836
decode: 44 0 236710 44 0.020867586135864258
decode: 44 0 236754 44 0.02085089683532715
decode: 43 0 230654 43 0.02075815200805664
decode: 43 0 230697 43 0.020691633224487305
decode: 43 0 230740 43 0.020693302154541016
decode: 43 0 230783 43 0.02068161964416504
decode: 43 0 230826 43 0.02066516876220703
decode: 42 0 221381 42 0.020210742950439453
decode: 42 0 221423 42 0.020208358764648438
decode: 42 0 221465 42 0.020249605178833008
decode: 42 0 221507 42 0.02024698257446289
decode: 42 0 221549 42 0.020258426666259766
decode: 42 0 221591 42 0.020277738571166992
decode: 42 0 221633 42 0.020244121551513672
decode: 42 0 221675 42 0.020241975784301758
decode: 42 0 221717 42 0.020222902297973633
decode: 42 0 221759 42 0.02019476890563965
decode: 41 0 216971 41 0.020154476165771484
decode: 41 0 217012 41 0.02014899253845215
decode: 41 0 217053 41 0.020166873931884766
decode: 41 0 217094 41 0.020185232162475586
decode: 41 0 217135 41 0.02025294303894043
decode: 41 0 217176 41 0.020237445831298828
decode: 41 0 217217 41 0.02022385597229004
decode: 41 0 217258 41 0.020232200622558594
decode: 41 0 217299 41 0.020205020904541016
decode: 40 0 210321 40 0.01910543441772461
decode: 40 0 210361 40 0.019032716751098633
decode: 40 0 210401 40 0.018981218338012695
decode: 40 0 210441 40 0.018981456756591797
decode: 40 0 210481 40 0.01900315284729004
decode: 40 0 210521 40 0.018995285034179688
decode: 40 0 210561 40 0.018978118896484375
decode: 40 0 210601 40 0.019054651260375977
decode: 40 0 210641 40 0.019024133682250977
decode: 40 0 210681 40 0.019037961959838867
decode: 39 0 206542 39 0.019010066986083984
decode: 39 0 206581 39 0.01900005340576172
decode: 39 0 206620 39 0.01900506019592285
decode: 39 0 206659 39 0.01904773712158203
decode: 39 0 206698 39 0.019002199172973633
decode: 39 0 206737 39 0.0189666748046875
decode: 39 0 206776 39 0.018936872482299805
decode: 39 0 206815 39 0.018953800201416016
decode: 39 0 206854 39 0.018957138061523438
decode: 39 0 206893 39 0.0189821720123291
decode: 39 0 206932 39 0.01904773712158203
decode: 38 0 200865 38 0.01883101463317871
decode: 38 0 200903 38 0.018854618072509766
decode: 38 0 200941 38 0.018830060958862305
decode: 38 0 200979 38 0.018779516220092773
decode: 37 0 196199 37 0.01871347427368164
decode: 37 0 196236 37 0.018718719482421875
decode: 36 0 191336 36 0.018533945083618164
decode: 36 0 191372 36 0.018526315689086914
decode: 36 0 191408 36 0.01851820945739746
decode: 36 0 191444 36 0.01861095428466797
decode: 36 0 191480 36 0.018571853637695312
decode: 36 0 191516 36 0.01855754852294922
decode: 36 0 191552 36 0.018548250198364258
decode: 36 0 191588 36 0.018555402755737305
decode: 36 0 191624 36 0.018549442291259766
decode: 36 0 191660 36 0.018544912338256836
decode: 36 0 191696 36 0.018561601638793945
decode: 36 0 191732 36 0.018542766571044922
decode: 36 0 191768 36 0.01858377456665039
decode: 36 0 191804 36 0.018575429916381836
decode: 36 0 191840 36 0.01858663558959961
decode: 36 0 191876 36 0.01856827735900879
decode: 36 0 191912 36 0.018576622009277344
decode: 36 0 191948 36 0.01856851577758789
decode: 35 0 186902 35 0.018039464950561523
decode: 35 0 186937 35 0.018063068389892578
decode: 35 0 186972 35 0.01807379722595215
decode: 35 0 187007 35 0.01807236671447754
decode: 35 0 187042 35 0.018145322799682617
decode: 35 0 187077 35 0.018138885498046875
decode: 35 0 187112 35 0.018123388290405273
decode: 35 0 187147 35 0.018084049224853516
decode: 35 0 187182 35 0.01805853843688965
decode: 35 0 187217 35 0.018117666244506836
decode: 35 0 187252 35 0.01809835433959961
decode: 35 0 187287 35 0.018105030059814453
decode: 35 0 187322 35 0.018108844757080078
decode: 35 0 187357 35 0.018097877502441406
decode: 35 0 187392 35 0.01810312271118164
decode: 35 0 187427 35 0.01809215545654297
decode: 35 0 187462 35 0.018079519271850586
decode: 35 0 187497 35 0.01807379722595215
decode: 35 0 187532 35 0.018069982528686523
decode: 35 0 187567 35 0.0180513858795166
decode: 35 0 187602 35 0.01805424690246582
decode: 35 0 187637 35 0.018082141876220703
decode: 35 0 187672 35 0.018076419830322266
decode: 35 0 187707 35 0.018109798431396484
decode: 35 0 187742 35 0.01810169219970703
decode: 35 0 187777 35 0.01809072494506836
decode: 35 0 187812 35 0.018103361129760742
decode: 35 0 187847 35 0.018079280853271484
decode: 35 0 187882 35 0.01812005043029785
decode: 35 0 187917 35 0.01813483238220215
decode: 35 0 187952 35 0.018108367919921875
decode: 35 0 187987 35 0.01813220977783203
decode: 35 0 188022 35 0.018144845962524414
decode: 35 0 188057 35 0.018110036849975586
decode: 35 0 188092 35 0.018143415451049805
decode: 35 0 188127 35 0.018161773681640625
decode: 35 0 188162 35 0.018159151077270508
decode: 35 0 188197 35 0.018169403076171875
decode: 35 0 188232 35 0.01818704605102539
decode: 35 0 188267 35 0.018172502517700195
decode: 35 0 188302 35 0.01816082000732422
decode: 35 0 188337 35 0.018188953399658203
decode: 35 0 188372 35 0.01882171630859375
decode: 35 0 188407 35 0.0188601016998291
decode: 35 0 188442 35 0.01883840560913086
decode: 35 0 188477 35 0.018841266632080078
decode: 35 0 188512 35 0.0193789005279541
decode: 35 0 188547 35 0.01844930648803711
decode: 35 0 188582 35 0.018436670303344727
decode: 35 0 188617 35 0.018535614013671875
decode: 35 0 188652 35 0.018303871154785156
decode: 35 0 188687 35 0.01822948455810547
decode: 35 0 188722 35 0.01825857162475586
decode: 35 0 188757 35 0.01824188232421875
decode: 35 0 188792 35 0.01828908920288086
decode: 35 0 188827 35 0.018861770629882812
decode: 35 0 188862 35 0.01844024658203125
decode: 35 0 188897 35 0.018343210220336914
decode: 35 0 188932 35 0.018956422805786133
decode: 35 0 188967 35 0.01825547218322754
decode: 35 0 189002 35 0.01826000213623047
decode: 35 0 189037 35 0.01824045181274414
decode: 35 0 189072 35 0.01823115348815918
decode: 35 0 189107 35 0.01823139190673828
decode: 35 0 189142 35 0.018248558044433594
decode: 35 0 189177 35 0.018599748611450195
decode: 35 0 189212 35 0.018474817276000977
decode: 35 0 189247 35 0.01846456527709961
decode: 35 0 189282 35 0.01866292953491211
decode: 35 0 189317 35 0.01835155487060547
decode: 35 0 189352 35 0.018291234970092773
decode: 35 0 189387 35 0.018278837203979492
decode: 35 0 189422 35 0.018261432647705078
decode: 34 0 186767 34 0.018128395080566406
decode: 34 0 186801 34 0.018187999725341797
decode: 34 0 186835 34 0.0181272029876709
decode: 34 0 186869 34 0.018114805221557617
decode: 34 0 186903 34 0.0181124210357666
decode: 34 0 186937 34 0.018176794052124023
decode: 34 0 186971 34 0.01815199851989746
decode: 34 0 187005 34 0.018149137496948242
decode: 34 0 187039 34 0.018849611282348633
decode: 34 0 187073 34 0.018438100814819336
decode: 34 0 187107 34 0.018340587615966797
decode: 34 0 187141 34 0.01849079132080078
decode: 34 0 187175 34 0.018214941024780273
decode: 34 0 187209 34 0.018172502517700195
decode: 34 0 187243 34 0.018178224563598633
decode: 34 0 187277 34 0.01816105842590332
decode: 34 0 187311 34 0.018161296844482422
decode: 34 0 187345 34 0.018198013305664062
decode: 34 0 187379 34 0.018140077590942383
decode: 34 0 187413 34 0.01811385154724121
decode: 34 0 187447 34 0.018034696578979492
decode: 34 0 187481 34 0.018039226531982422
decode: 34 0 187515 34 0.018079280853271484
decode: 34 0 187549 34 0.018130064010620117
decode: 34 0 187583 34 0.018132686614990234
decode: 34 0 187617 34 0.01812458038330078
decode: 34 0 187651 34 0.018159866333007812
decode: 34 0 187685 34 0.018144607543945312
decode: 34 0 187719 34 0.018138408660888672
decode: 34 0 187753 34 0.018163204193115234
decode: 34 0 187787 34 0.018129825592041016
decode: 34 0 187821 34 0.018138885498046875
decode: 34 0 187855 34 0.018136262893676758
decode: 34 0 187889 34 0.01813364028930664
decode: 34 0 187923 34 0.018141508102416992
decode: 34 0 187957 34 0.018133163452148438
decode: 34 0 187991 34 0.0181276798248291
decode: 34 0 188025 34 0.018094539642333984
decode: 34 0 188059 34 0.018105506896972656
decode: 33 0 181504 33 0.01761913299560547
decode: 33 0 181537 33 0.0176088809967041
decode: 33 0 181570 33 0.017683982849121094
decode: 33 0 181603 33 0.01772785186767578
decode: 33 0 181636 33 0.01846456527709961
decode: 33 0 181669 33 0.01785564422607422
decode: 33 0 181702 33 0.01769709587097168
decode: 33 0 181735 33 0.01768946647644043
decode: 33 0 181768 33 0.01769423484802246
decode: 33 0 181801 33 0.01768636703491211
decode: 33 0 181834 33 0.017692089080810547
decode: 33 0 181867 33 0.018498659133911133
decode: 33 0 181900 33 0.017888545989990234
decode: 33 0 181933 33 0.017678022384643555
decode: 33 0 181966 33 0.01765298843383789
decode: 33 0 181999 33 0.017659664154052734
decode: 33 0 182032 33 0.01822519302368164
decode: 33 0 182065 33 0.017841100692749023
decode: 33 0 182098 33 0.01772451400756836
decode: 33 0 182131 33 0.017693519592285156
decode: 33 0 182164 33 0.017949581146240234
decode: 33 0 182197 33 0.017760515213012695
decode: 33 0 182230 33 0.017740964889526367
decode: 32 0 178390 32 0.017227888107299805
decode: 32 0 178422 32 0.017145872116088867
decode: 31 0 173829 31 0.016879796981811523
decode: 31 0 173860 31 0.01689934730529785
decode: 31 0 173891 31 0.01743793487548828
decode: 31 0 173922 31 0.017008543014526367
decode: 31 0 173953 31 0.01720404624938965
decode: 31 0 173984 31 0.016859769821166992
decode: 31 0 174015 31 0.01685810089111328
decode: 31 0 174046 31 0.01700901985168457
decode: 30 0 170383 30 0.01653909683227539
decode: 30 0 170413 30 0.016585826873779297
decode: 30 0 170443 30 0.01665639877319336
decode: 29 0 161386 29 0.016204833984375
decode: 29 0 161415 29 0.016185283660888672
decode: 29 0 161444 29 0.016167163848876953
decode: 29 0 161473 29 0.016155242919921875
decode: 29 0 161502 29 0.016158342361450195
decode: 29 0 161531 29 0.016249418258666992
decode: 29 0 161560 29 0.016164541244506836
decode: 29 0 161589 29 0.01625204086303711
decode: 29 0 161618 29 0.016228675842285156
decode: 29 0 161647 29 0.016223430633544922
decode: 28 0 156596 28 0.015880346298217773
decode: 28 0 156624 28 0.01587843894958496
decode: 28 0 156652 28 0.015871524810791016
decode: 28 0 156680 28 0.0158994197845459
decode: 28 0 156708 28 0.01591777801513672
decode: 28 0 156736 28 0.015909671783447266
decode: 28 0 156764 28 0.01591038703918457
decode: 28 0 156792 28 0.01586627960205078
decode: 28 0 156820 28 0.01588749885559082
decode: 28 0 156848 28 0.01592850685119629
decode: 28 0 156876 28 0.01592278480529785
decode: 28 0 156904 28 0.01592874526977539
decode: 28 0 156932 28 0.01591801643371582
decode: 28 0 156960 28 0.015867233276367188
decode: 28 0 156988 28 0.015928030014038086
decode: 28 0 157016 28 0.01594710350036621
decode: 28 0 157044 28 0.01597905158996582
decode: 28 0 157072 28 0.015921354293823242
decode: 28 0 157100 28 0.015937328338623047
decode: 28 0 157128 28 0.015887022018432617
decode: 28 0 157156 28 0.01592540740966797
decode: 28 0 157184 28 0.015934467315673828
decode: 28 0 157212 28 0.0159451961517334
decode: 28 0 157240 28 0.015921592712402344
decode: 28 0 157268 28 0.015967369079589844
decode: 28 0 157296 28 0.015961647033691406
decode: 28 0 157324 28 0.015999794006347656
decode: 28 0 157352 28 0.016020774841308594
decode: 28 0 157380 28 0.016028642654418945
decode: 28 0 157408 28 0.015969276428222656
decode: 28 0 157436 28 0.015947341918945312
decode: 28 0 157464 28 0.015989303588867188
decode: 28 0 157492 28 0.015958786010742188
decode: 28 0 157520 28 0.015970706939697266
decode: 28 0 157548 28 0.015909433364868164
decode: 28 0 157576 28 0.01598811149597168
decode: 28 0 157604 28 0.01595926284790039
decode: 28 0 157632 28 0.015966176986694336
decode: 28 0 157660 28 0.015981197357177734
decode: 28 0 157688 28 0.015974998474121094
decode: 28 0 157716 28 0.015969514846801758
decode: 28 0 157744 28 0.015996456146240234
decode: 28 0 157772 28 0.01595139503479004
decode: 28 0 157800 28 0.015931367874145508
decode: 28 0 157828 28 0.015943050384521484
decode: 28 0 157856 28 0.016013383865356445
decode: 28 0 157884 28 0.015983104705810547
decode: 28 0 157912 28 0.016028404235839844
decode: 28 0 157940 28 0.01602649688720703
decode: 28 0 157968 28 0.015976428985595703
decode: 28 0 157996 28 0.01601266860961914
decode: 28 0 158024 28 0.015942096710205078
decode: 28 0 158052 28 0.016005277633666992
decode: 28 0 158080 28 0.016001224517822266
decode: 28 0 158108 28 0.01600480079650879
decode: 28 0 158136 28 0.01602959632873535
decode: 28 0 158164 28 0.016040563583374023
decode: 28 0 158192 28 0.01599717140197754
decode: 28 0 158220 28 0.01605081558227539
decode: 28 0 158248 28 0.016022205352783203
decode: 28 0 158276 28 0.016047000885009766
decode: 28 0 158304 28 0.01609206199645996
decode: 28 0 158332 28 0.016022920608520508
decode: 28 0 158360 28 0.01608419418334961
decode: 28 0 158388 28 0.016091108322143555
decode: 28 0 158416 28 0.01607799530029297
decode: 27 0 150919 27 0.01582813262939453
decode: 27 0 150946 27 0.015817642211914062
decode: 27 0 150973 27 0.015778064727783203
decode: 27 0 151000 27 0.015796899795532227
decode: 27 0 151027 27 0.015804290771484375
decode: 27 0 151054 27 0.01584649085998535
decode: 27 0 151081 27 0.01581740379333496
decode: 27 0 151108 27 0.015814542770385742
decode: 27 0 151135 27 0.01579761505126953
decode: 27 0 151162 27 0.01579761505126953
decode: 27 0 151189 27 0.01573967933654785
decode: 27 0 151216 27 0.015781879425048828
decode: 27 0 151243 27 0.015820026397705078
decode: 26 0 147647 26 0.015753746032714844
decode: 26 0 147673 26 0.01572275161743164
decode: 26 0 147699 26 0.015684843063354492
decode: 26 0 147725 26 0.01577281951904297
decode: 26 0 147751 26 0.01569652557373047
decode: 26 0 147777 26 0.015697717666625977
decode: 26 0 147803 26 0.015683412551879883
decode: 26 0 147829 26 0.015748023986816406
decode: 26 0 147855 26 0.015688180923461914
decode: 26 0 147881 26 0.015760183334350586
decode: 26 0 147907 26 0.01577305793762207
decode: 26 0 147933 26 0.015709400177001953
decode: 26 0 147959 26 0.01581549644470215
decode: 26 0 147985 26 0.01578998565673828
decode: 26 0 148011 26 0.015781164169311523
decode: 26 0 148037 26 0.01573944091796875
decode: 26 0 148063 26 0.015751361846923828
decode: 26 0 148089 26 0.015743017196655273
decode: 26 0 148115 26 0.01579117774963379
decode: 26 0 148141 26 0.01578831672668457
decode: 26 0 148167 26 0.01580214500427246
decode: 26 0 148193 26 0.015782833099365234
decode: 26 0 148219 26 0.01580357551574707
decode: 26 0 148245 26 0.015810012817382812
decode: 26 0 148271 26 0.015787124633789062
decode: 26 0 148297 26 0.015774965286254883
decode: 26 0 148323 26 0.015710115432739258
decode: 26 0 148349 26 0.015729188919067383
decode: 26 0 148375 26 0.01576709747314453
decode: 26 0 148401 26 0.015739917755126953
decode: 26 0 148427 26 0.015753984451293945
decode: 26 0 148453 26 0.015810489654541016
decode: 26 0 148479 26 0.015786409378051758
decode: 26 0 148505 26 0.015776395797729492
decode: 26 0 148531 26 0.01576066017150879
decode: 26 0 148557 26 0.0158236026763916
decode: 26 0 148583 26 0.015788555145263672
decode: 26 0 148609 26 0.015737533569335938
decode: 26 0 148635 26 0.01578688621520996
decode: 26 0 148661 26 0.01578235626220703
decode: 26 0 148687 26 0.015793323516845703
decode: 26 0 148713 26 0.015822410583496094
decode: 26 0 148739 26 0.015827417373657227
decode: 26 0 148765 26 0.015774011611938477
decode: 26 0 148791 26 0.01583242416381836
decode: 26 0 148817 26 0.015743017196655273
decode: 26 0 148843 26 0.015790939331054688
decode: 26 0 148869 26 0.015744447708129883
decode: 26 0 148895 26 0.01579594612121582
decode: 26 0 148921 26 0.015807151794433594
decode: 26 0 148947 26 0.01579761505126953
decode: 26 0 148973 26 0.015764474868774414
decode: 26 0 148999 26 0.015797138214111328
decode: 26 0 149025 26 0.015797853469848633
decode: 26 0 149051 26 0.01581406593322754
decode: 24 0 134779 24 0.014520406723022461
decode: 24 0 134803 24 0.01446843147277832
decode: 23 0 125390 23 0.01394033432006836
decode: 23 0 125413 23 0.013924360275268555
decode: 23 0 125436 23 0.013961553573608398
decode: 23 0 125459 23 0.014198064804077148
decode: 23 0 125482 23 0.014171361923217773
decode: 23 0 125505 23 0.014224529266357422
decode: 23 0 125528 23 0.014098882675170898
decode: 23 0 125551 23 0.014497518539428711
decode: 23 0 125574 23 0.014075279235839844
decode: 23 0 125597 23 0.014028072357177734
decode: 23 0 125620 23 0.014014482498168945
decode: 23 0 125643 23 0.014165401458740234
decode: 23 0 125666 23 0.014006614685058594
decode: 22 0 118035 22 0.01360630989074707
decode: 22 0 118057 22 0.01360940933227539
decode: 22 0 118079 22 0.013611555099487305
decode: 22 0 118101 22 0.013572454452514648
decode: 22 0 118123 22 0.013592004776000977
decode: 22 0 118145 22 0.013588190078735352
decode: 22 0 118167 22 0.01367640495300293
decode: 22 0 118189 22 0.013628244400024414
decode: 22 0 118211 22 0.013614892959594727
decode: 22 0 118233 22 0.013578176498413086
decode: 22 0 118255 22 0.013638734817504883
decode: 22 0 118277 22 0.013598442077636719
decode: 22 0 118299 22 0.013586282730102539
decode: 22 0 118321 22 0.013575553894042969
decode: 22 0 118343 22 0.013561248779296875
decode: 22 0 118365 22 0.013548135757446289
decode: 22 0 118387 22 0.013571977615356445
decode: 22 0 118409 22 0.013595104217529297
decode: 22 0 118431 22 0.013576984405517578
decode: 22 0 118453 22 0.013554811477661133
decode: 22 0 118475 22 0.01358175277709961
decode: 22 0 118497 22 0.013586044311523438
decode: 22 0 118519 22 0.013638019561767578
decode: 22 0 118541 22 0.013700485229492188
decode: 22 0 118563 22 0.013588905334472656
decode: 22 0 118585 22 0.013791799545288086
decode: 22 0 118607 22 0.013812065124511719
decode: 22 0 118629 22 0.013657569885253906
decode: 22 0 118651 22 0.013611555099487305
decode: 22 0 118673 22 0.013611555099487305
decode: 22 0 118695 22 0.013579607009887695
decode: 22 0 118717 22 0.013569116592407227
decode: 22 0 118739 22 0.013607978820800781
decode: 22 0 118761 22 0.013679742813110352
decode: 22 0 118783 22 0.013636589050292969
decode: 22 0 118805 22 0.013641119003295898
decode: 22 0 118827 22 0.013699054718017578
decode: 22 0 118849 22 0.013685464859008789
decode: 22 0 118871 22 0.01365518569946289
decode: 22 0 118893 22 0.01361989974975586
decode: 22 0 118915 22 0.013709068298339844
decode: 21 0 112714 21 0.013567447662353516
decode: 21 0 112735 21 0.013496160507202148
decode: 21 0 112756 21 0.013543128967285156
decode: 21 0 112777 21 0.01346898078918457
decode: 21 0 112798 21 0.013650655746459961
decode: 21 0 112819 21 0.013528823852539062
decode: 21 0 112840 21 0.01342916488647461
decode: 21 0 112861 21 0.013403654098510742
decode: 21 0 112882 21 0.013398408889770508
decode: 21 0 112903 21 0.013388872146606445
decode: 21 0 112924 21 0.013395547866821289
decode: 21 0 112945 21 0.013383150100708008
decode: 21 0 112966 21 0.013395071029663086
decode: 21 0 112987 21 0.013384103775024414
decode: 21 0 113008 21 0.013392448425292969
decode: 21 0 113029 21 0.013519763946533203
decode: 21 0 113050 21 0.013524055480957031
decode: 21 0 113071 21 0.013430595397949219
decode: 21 0 113092 21 0.013462066650390625
decode: 21 0 113113 21 0.013465404510498047
decode: 21 0 113134 21 0.013599157333374023
decode: 21 0 113155 21 0.013474225997924805
decode: 21 0 113176 21 0.013526439666748047
decode: 21 0 113197 21 0.013425588607788086
decode: 21 0 113218 21 0.013394594192504883
decode: 21 0 113239 21 0.013410329818725586
decode: 21 0 113260 21 0.013474464416503906
decode: 21 0 113281 21 0.013438224792480469
decode: 21 0 113302 21 0.013400793075561523
decode: 21 0 113323 21 0.0134429931640625
decode: 21 0 113344 21 0.013424873352050781
decode: 21 0 113365 21 0.013486385345458984
decode: 21 0 113386 21 0.013523578643798828
decode: 21 0 113407 21 0.013434171676635742
decode: 21 0 113428 21 0.013448238372802734
decode: 21 0 113449 21 0.013436317443847656
decode: 21 0 113470 21 0.01345682144165039
decode: 21 0 113491 21 0.013457059860229492
decode: 21 0 113512 21 0.013451337814331055
decode: 21 0 113533 21 0.013471603393554688
decode: 21 0 113554 21 0.013447284698486328
decode: 21 0 113575 21 0.013459444046020508
decode: 21 0 113596 21 0.013463020324707031
decode: 21 0 113617 21 0.013509511947631836
decode: 21 0 113638 21 0.013520002365112305
decode: 21 0 113659 21 0.013506889343261719
decode: 21 0 113680 21 0.013494014739990234
decode: 21 0 113701 21 0.013525009155273438
decode: 21 0 113722 21 0.013520479202270508
decode: 21 0 113743 21 0.013505935668945312
decode: 21 0 113764 21 0.01350855827331543
decode: 21 0 113785 21 0.013553380966186523
decode: 21 0 113806 21 0.01349639892578125
decode: 21 0 113827 21 0.013493776321411133
decode: 21 0 113848 21 0.013490438461303711
decode: 21 0 113869 21 0.013478517532348633
decode: 21 0 113890 21 0.013475179672241211
decode: 21 0 113911 21 0.013479232788085938
decode: 21 0 113932 21 0.013483524322509766
decode: 20 0 107477 20 0.013377904891967773
decode: 20 0 107497 20 0.013198137283325195
decode: 20 0 107517 20 0.013097286224365234
decode: 20 0 107537 20 0.01308131217956543
decode: 20 0 107557 20 0.013071537017822266
decode: 20 0 107577 20 0.013089895248413086
decode: 20 0 107597 20 0.013074398040771484
decode: 20 0 107617 20 0.013093233108520508
decode: 20 0 107637 20 0.013365507125854492
decode: 20 0 107657 20 0.013241767883300781
decode: 20 0 107677 20 0.013141393661499023
decode: 20 0 107697 20 0.013099908828735352
decode: 20 0 107717 20 0.013095617294311523
decode: 20 0 107737 20 0.013116121292114258
decode: 20 0 107757 20 0.013106346130371094
decode: 20 0 107777 20 0.013312339782714844
decode: 20 0 107797 20 0.013262033462524414
decode: 20 0 107817 20 0.013165950775146484
decode: 20 0 107837 20 0.013122081756591797
decode: 20 0 107857 20 0.013127803802490234
decode: 20 0 107877 20 0.01311945915222168
decode: 20 0 107897 20 0.013170480728149414
decode: 20 0 107917 20 0.013477802276611328
decode: 20 0 107937 20 0.013214111328125
decode: 20 0 107957 20 0.013180971145629883
decode: 20 0 107977 20 0.01326131820678711
decode: 20 0 107997 20 0.013235807418823242
decode: 20 0 108017 20 0.013197660446166992
decode: 20 0 108037 20 0.01316380500793457
decode: 20 0 108057 20 0.013154745101928711
decode: 20 0 108077 20 0.013132095336914062
decode: 20 0 108097 20 0.013139724731445312
decode: 20 0 108117 20 0.013139486312866211
decode: 20 0 108137 20 0.013237476348876953
decode: 20 0 108157 20 0.01315927505493164
decode: 20 0 108177 20 0.013161659240722656
decode: 20 0 108197 20 0.013166189193725586
decode: 20 0 108217 20 0.013156414031982422
decode: 20 0 108237 20 0.013158082962036133
decode: 20 0 108257 20 0.013203620910644531
decode: 20 0 108277 20 0.013175725936889648
decode: 20 0 108297 20 0.013158082962036133
decode: 20 0 108317 20 0.013163328170776367
decode: 20 0 108337 20 0.013134956359863281
decode: 20 0 108357 20 0.013147354125976562
decode: 20 0 108377 20 0.01312565803527832
decode: 20 0 108397 20 0.013134241104125977
decode: 20 0 108417 20 0.013166427612304688
decode: 20 0 108437 20 0.013133764266967773
decode: 20 0 108457 20 0.013140201568603516
decode: 20 0 108477 20 0.01314854621887207
decode: 20 0 108497 20 0.013129472732543945
decode: 20 0 108517 20 0.013144254684448242
decode: 20 0 108537 20 0.013142824172973633
decode: 20 0 108557 20 0.013143301010131836
decode: 20 0 108577 20 0.013139009475708008
decode: 20 0 108597 20 0.013145923614501953
decode: 20 0 108617 20 0.013208866119384766
decode: 20 0 108637 20 0.013139486312866211
decode: 20 0 108657 20 0.013143062591552734
decode: 20 0 108677 20 0.013157844543457031
decode: 20 0 108697 20 0.013160467147827148
decode: 20 0 108717 20 0.013148307800292969
decode: 20 0 108737 20 0.013208627700805664
decode: 20 0 108757 20 0.013160467147827148
decode: 20 0 108777 20 0.013158559799194336
decode: 19 0 104610 19 0.012865304946899414
decode: 19 0 104629 19 0.012858867645263672
decode: 19 0 104648 19 0.01292109489440918
decode: 19 0 104667 19 0.012877941131591797
decode: 19 0 104686 19 0.01297616958618164
decode: 19 0 104705 19 0.012883663177490234
decode: 19 0 104724 19 0.012894392013549805
decode: 19 0 104743 19 0.012875556945800781
decode: 19 0 104762 19 0.012878894805908203
decode: 19 0 104781 19 0.012897968292236328
decode: 19 0 104800 19 0.012886285781860352
decode: 19 0 104819 19 0.01288914680480957
decode: 19 0 104838 19 0.012879610061645508
decode: 19 0 104857 19 0.012903451919555664
decode: 19 0 104876 19 0.012894868850708008
decode: 19 0 104895 19 0.012869834899902344
decode: 19 0 104914 19 0.01293182373046875
decode: 19 0 104933 19 0.012885808944702148
decode: 19 0 104952 19 0.012952566146850586
decode: 19 0 104971 19 0.01293635368347168
decode: 19 0 104990 19 0.012892961502075195
decode: 19 0 105009 19 0.012865543365478516
decode: 19 0 105028 19 0.012860536575317383
decode: 19 0 105047 19 0.01286172866821289
decode: 19 0 105066 19 0.012851238250732422
decode: 19 0 105085 19 0.012853622436523438
decode: 19 0 105104 19 0.01288747787475586
decode: 19 0 105123 19 0.012862205505371094
decode: 19 0 105142 19 0.012853622436523438
decode: 19 0 105161 19 0.012874364852905273
decode: 19 0 105180 19 0.012862205505371094
decode: 19 0 105199 19 0.012909412384033203
decode: 19 0 105218 19 0.012866735458374023
decode: 19 0 105237 19 0.012855052947998047
decode: 19 0 105256 19 0.012952566146850586
decode: 19 0 105275 19 0.012912750244140625
decode: 18 0 99615 18 0.012638330459594727
decode: 18 0 99633 18 0.01265263557434082
decode: 18 0 99651 18 0.012643098831176758
decode: 18 0 99669 18 0.012677669525146484
decode: 18 0 99687 18 0.01268148422241211
decode: 18 0 99705 18 0.012645483016967773
decode: 18 0 99723 18 0.012625932693481445
decode: 18 0 99741 18 0.012661218643188477
decode: 18 0 99759 18 0.012719869613647461
decode: 18 0 99777 18 0.012665271759033203
decode: 18 0 99795 18 0.012664556503295898
decode: 18 0 99813 18 0.012667417526245117
decode: 18 0 99831 18 0.012656450271606445
decode: 18 0 99849 18 0.012660503387451172
decode: 18 0 99867 18 0.012667179107666016
decode: 18 0 99885 18 0.012662649154663086
decode: 18 0 99903 18 0.012649059295654297
decode: 18 0 99921 18 0.012672901153564453
decode: 18 0 99939 18 0.012661457061767578
decode: 18 0 99957 18 0.012682914733886719
decode: 18 0 99975 18 0.012662649154663086
decode: 17 0 97256 17 0.012596368789672852
decode: 17 0 97273 17 0.012594938278198242
decode: 17 0 97290 17 0.01258993148803711
decode: 17 0 97307 17 0.012593269348144531
decode: 17 0 97324 17 0.01260995864868164
decode: 17 0 97341 17 0.012596368789672852
decode: 17 0 97358 17 0.012667655944824219
decode: 17 0 97375 17 0.012698888778686523
decode: 17 0 97392 17 0.012696266174316406
decode: 17 0 97409 17 0.012645721435546875
decode: 17 0 97426 17 0.012630224227905273
decode: 17 0 97443 17 0.012627840042114258
decode: 17 0 97460 17 0.012630939483642578
decode: 17 0 97477 17 0.012638330459594727
decode: 17 0 97494 17 0.012634754180908203
decode: 17 0 97511 17 0.012629270553588867
decode: 17 0 97528 17 0.012629032135009766
decode: 17 0 97545 17 0.01266622543334961
decode: 17 0 97562 17 0.012641429901123047
decode: 17 0 97579 17 0.01264047622680664
decode: 17 0 97596 17 0.012629270553588867
decode: 17 0 97613 17 0.012638568878173828
decode: 17 0 97630 17 0.012639999389648438
decode: 17 0 97647 17 0.012632131576538086
decode: 17 0 97664 17 0.01262974739074707
decode: 17 0 97681 17 0.012701034545898438
decode: 17 0 97698 17 0.01266026496887207
decode: 17 0 97715 17 0.012637853622436523
decode: 15 0 83537 15 0.01153421401977539
decode: 15 0 83552 15 0.011511087417602539
decode: 15 0 83567 15 0.011469125747680664
decode: 15 0 83582 15 0.011478900909423828
decode: 15 0 83597 15 0.011501789093017578
decode: 15 0 83612 15 0.011516571044921875
decode: 15 0 83627 15 0.011542558670043945
decode: 15 0 83642 15 0.011469125747680664
decode: 15 0 83657 15 0.011460542678833008
decode: 15 0 83672 15 0.011533737182617188
decode: 15 0 83687 15 0.0115203857421875
decode: 15 0 83702 15 0.011516571044921875
decode: 15 0 83717 15 0.011513710021972656
decode: 15 0 83732 15 0.011540889739990234
decode: 15 0 83747 15 0.011509180068969727
decode: 14 0 75326 14 0.011108160018920898
decode: 14 0 75340 14 0.011068582534790039
decode: 14 0 75354 14 0.011084556579589844
decode: 14 0 75368 14 0.011085033416748047
decode: 14 0 75382 14 0.011085748672485352
decode: 14 0 75396 14 0.011096715927124023
decode: 14 0 75410 14 0.011086702346801758
decode: 14 0 75424 14 0.011152982711791992
decode: 14 0 75438 14 0.011124849319458008
decode: 14 0 75452 14 0.011156797409057617
decode: 14 0 75466 14 0.011113166809082031
decode: 14 0 75480 14 0.011090993881225586
decode: 14 0 75494 14 0.011117696762084961
decode: 14 0 75508 14 0.011124134063720703
decode: 14 0 75522 14 0.01112985610961914
decode: 14 0 75536 14 0.011089563369750977
decode: 13 0 72113 13 0.011004924774169922
decode: 13 0 72126 13 0.01101994514465332
decode: 13 0 72139 13 0.010989904403686523
decode: 13 0 72152 13 0.010977983474731445
decode: 13 0 72165 13 0.010991811752319336
decode: 13 0 72178 13 0.010987281799316406
decode: 13 0 72191 13 0.010948657989501953
decode: 13 0 72204 13 0.011019706726074219
decode: 13 0 72217 13 0.011015892028808594
decode: 13 0 72230 13 0.011035680770874023
decode: 13 0 72243 13 0.011009693145751953
decode: 13 0 72256 13 0.010957956314086914
decode: 13 0 72269 13 0.01140141487121582
decode: 13 0 72282 13 0.01160573959350586
decode: 13 0 72295 13 0.011691570281982422
decode: 13 0 72308 13 0.011720895767211914
decode: 13 0 72321 13 0.011372089385986328
decode: 12 0 62450 12 0.010713338851928711
decode: 12 0 62462 12 0.01170492172241211
decode: 12 0 62474 12 0.010875940322875977
decode: 12 0 62486 12 0.012308835983276367
decode: 12 0 62498 12 0.010895252227783203
decode: 12 0 62510 12 0.010921001434326172
decode: 12 0 62522 12 0.010864019393920898
decode: 12 0 62534 12 0.010839462280273438
decode: 12 0 62546 12 0.010822534561157227
decode: 12 0 62558 12 0.010731935501098633
decode: 12 0 62570 12 0.01060795783996582
decode: 12 0 62582 12 0.011259317398071289
decode: 12 0 62594 12 0.010652303695678711
decode: 12 0 62606 12 0.010577678680419922
decode: 12 0 62618 12 0.010509252548217773
decode: 12 0 62630 12 0.010488510131835938
decode: 12 0 62642 12 0.010506391525268555
decode: 11 0 57791 11 0.010237693786621094
decode: 11 0 57802 11 0.010241031646728516
decode: 11 0 57813 11 0.010241985321044922
decode: 11 0 57824 11 0.010268688201904297
decode: 11 0 57835 11 0.011366605758666992
decode: 11 0 57846 11 0.01130986213684082
decode: 11 0 57857 11 0.010535001754760742
decode: 11 0 57868 11 0.011516332626342773
decode: 10 0 51591 10 0.010657787322998047
decode: 10 0 51601 10 0.010617971420288086
decode: 10 0 51611 10 0.010383367538452148
decode: 10 0 51621 10 0.010698556900024414
decode: 10 0 51631 10 0.010601997375488281
decode: 10 0 51641 10 0.010345458984375
decode: 10 0 51651 10 0.011748313903808594
decode: 10 0 51661 10 0.010228872299194336
decode: 10 0 51671 10 0.011162281036376953
decode: 10 0 51681 10 0.010277271270751953
decode: 10 0 51691 10 0.011715888977050781
decode: 10 0 51701 10 0.010235309600830078
decode: 10 0 51711 10 0.010258197784423828
decode: 10 0 51721 10 0.010172367095947266
decode: 10 0 51731 10 0.01008152961730957
decode: 10 0 51741 10 0.01014256477355957
decode: 10 0 51751 10 0.010199308395385742
decode: 10 0 51761 10 0.010002851486206055
decode: 10 0 51771 10 0.00995182991027832
decode: 10 0 51781 10 0.009928703308105469
decode: 10 0 51791 10 0.009916067123413086
decode: 10 0 51801 10 0.009917020797729492
decode: 10 0 51811 10 0.009908676147460938
decode: 10 0 51821 10 0.009868621826171875
decode: 10 0 51831 10 0.009883880615234375
decode: 10 0 51841 10 0.00990915298461914
decode: 10 0 51851 10 0.011063098907470703
decode: 10 0 51861 10 0.010180950164794922
decode: 10 0 51871 10 0.011920452117919922
decode: 10 0 51881 10 0.010296344757080078
decode: 10 0 51891 10 0.011234760284423828
decode: 10 0 51901 10 0.010284423828125
decode: 10 0 51911 10 0.011703252792358398
decode: 10 0 51921 10 0.010335922241210938
decode: 10 0 51931 10 0.010283470153808594
decode: 10 0 51941 10 0.010204792022705078
decode: 10 0 51951 10 0.010112762451171875
decode: 10 0 51961 10 0.010193586349487305
decode: 10 0 51971 10 0.01038813591003418
decode: 10 0 51981 10 0.010169267654418945
decode: 10 0 51991 10 0.010008096694946289
decode: 10 0 52001 10 0.009988784790039062
decode: 9 0 45337 9 0.009630680084228516
decode: 9 0 45346 9 0.009650468826293945
decode: 9 0 45355 9 0.009645223617553711
decode: 9 0 45364 9 0.009649991989135742
decode: 9 0 45373 9 0.009656667709350586
decode: 9 0 45382 9 0.00967860221862793
decode: 9 0 45391 9 0.009777069091796875
decode: 9 0 45400 9 0.010088920593261719
decode: 9 0 45409 9 0.010222911834716797
decode: 9 0 45418 9 0.010187864303588867
decode: 9 0 45427 9 0.009778976440429688
decode: 9 0 45436 9 0.009796619415283203
decode: 9 0 45445 9 0.009799718856811523
decode: 9 0 45454 9 0.010269403457641602
decode: 9 0 45463 9 0.010259866714477539
decode: 9 0 45472 9 0.009820938110351562
decode: 9 0 45481 9 0.009897708892822266
decode: 9 0 45490 9 0.009977340698242188
decode: 9 0 45499 9 0.010250091552734375
decode: 9 0 45508 9 0.010249853134155273
decode: 9 0 45517 9 0.009782075881958008
decode: 9 0 45526 9 0.009820222854614258
decode: 9 0 45535 9 0.009833574295043945
decode: 9 0 45544 9 0.010204315185546875
decode: 9 0 45553 9 0.010181903839111328
decode: 9 0 45562 9 0.009795904159545898
decode: 9 0 45571 9 0.009813308715820312
decode: 9 0 45580 9 0.009735107421875
decode: 9 0 45589 9 0.010109424591064453
decode: 9 0 45598 9 0.010157585144042969
decode: 9 0 45607 9 0.009821891784667969
decode: 9 0 45616 9 0.009811878204345703
decode: 9 0 45625 9 0.009745121002197266
decode: 9 0 45634 9 0.010189056396484375
decode: 9 0 45643 9 0.010178089141845703
decode: 9 0 45652 9 0.009799003601074219
decode: 9 0 45661 9 0.00986170768737793
decode: 9 0 45670 9 0.009792566299438477
decode: 9 0 45679 9 0.010168790817260742
decode: 9 0 45688 9 0.01025533676147461
decode: 9 0 45697 9 0.009855031967163086
decode: 9 0 45706 9 0.009997129440307617
decode: 9 0 45715 9 0.009772777557373047
decode: 9 0 45724 9 0.00978398323059082
decode: 9 0 45733 9 0.009798049926757812
decode: 9 0 45742 9 0.009694576263427734
decode: 9 0 45751 9 0.009836673736572266
decode: 9 0 45760 9 0.009731531143188477
decode: 9 0 45769 9 0.009732484817504883
decode: 9 0 45778 9 0.00971841812133789
decode: 9 0 45787 9 0.00967860221862793
decode: 9 0 45796 9 0.009684324264526367
decode: 9 0 45805 9 0.009675025939941406
decode: 9 0 45814 9 0.009677410125732422
decode: 9 0 45823 9 0.009664773941040039
decode: 9 0 45832 9 0.009690523147583008
decode: 9 0 45841 9 0.009677410125732422
decode: 9 0 45850 9 0.009690284729003906
decode: 9 0 45859 9 0.009732484817504883
decode: 9 0 45868 9 0.009732246398925781
decode: 9 0 45877 9 0.00975656509399414
decode: 9 0 45886 9 0.009756326675415039
decode: 9 0 45895 9 0.009861469268798828
decode: 9 0 45904 9 0.010058403015136719
decode: 9 0 45913 9 0.01035451889038086
decode: 9 0 45922 9 0.010034799575805664
decode: 9 0 45931 9 0.00979924201965332
decode: 9 0 45940 9 0.00984501838684082
decode: 8 0 43041 8 0.009638547897338867
decode: 8 0 43049 8 0.009972333908081055
decode: 7 0 39172 7 0.009741544723510742
decode: 7 0 39179 7 0.009449005126953125
decode: 7 0 39186 7 0.009439945220947266
decode: 7 0 39193 7 0.009330034255981445
decode: 7 0 39200 7 0.009354352951049805
decode: 7 0 39207 7 0.009355783462524414
decode: 7 0 39214 7 0.009285449981689453
decode: 7 0 39221 7 0.00934600830078125
decode: 7 0 39228 7 0.009289026260375977
decode: 6 0 36090 6 0.009382247924804688
decode: 6 0 36096 6 0.009465694427490234
decode: 6 0 36102 6 0.009539604187011719
decode: 6 0 36108 6 0.009237051010131836
decode: 6 0 36114 6 0.009225130081176758
decode: 6 0 36120 6 0.009151458740234375
decode: 6 0 36126 6 0.009179830551147461
decode: 6 0 36132 6 0.009129047393798828
decode: 6 0 36138 6 0.009130239486694336
decode: 6 0 36144 6 0.009129762649536133
decode: 6 0 36150 6 0.009145975112915039
decode: 6 0 36156 6 0.009284257888793945
decode: 6 0 36162 6 0.009433507919311523
decode: 6 0 36168 6 0.00916743278503418
decode: 6 0 36174 6 0.009135246276855469
decode: 6 0 36180 6 0.009110689163208008
decode: 6 0 36186 6 0.009087324142456055
decode: 6 0 36192 6 0.009215116500854492
decode: 6 0 36198 6 0.00911569595336914
decode: 6 0 36204 6 0.009096384048461914
decode: 6 0 36210 6 0.009070873260498047
decode: 6 0 36216 6 0.009042978286743164
decode: 6 0 36222 6 0.009053707122802734
decode: 6 0 36228 6 0.009082794189453125
decode: 6 0 36234 6 0.009057283401489258
decode: 6 0 36240 6 0.009073257446289062
decode: 6 0 36246 6 0.009034872055053711
decode: 6 0 36252 6 0.009042501449584961
decode: 6 0 36258 6 0.009032964706420898
decode: 6 0 36264 6 0.009068012237548828
decode: 6 0 36270 6 0.009389638900756836
decode: 6 0 36276 6 0.009453058242797852
decode: 5 0 32480 5 0.009105205535888672
decode: 5 0 32485 5 0.009099483489990234
decode: 5 0 32490 5 0.009029865264892578
decode: 5 0 32495 5 0.009068965911865234
decode: 5 0 32500 5 0.008991718292236328
decode: 5 0 32505 5 0.009027957916259766
decode: 5 0 32510 5 0.009002923965454102
decode: 5 0 32515 5 0.008991718292236328
decode: 5 0 32520 5 0.008995294570922852
decode: 5 0 32525 5 0.009003162384033203
decode: 5 0 32530 5 0.008971214294433594
decode: 5 0 32535 5 0.008983850479125977
decode: 5 0 32540 5 0.008997678756713867
decode: 5 0 32545 5 0.008970499038696289
decode: 4 0 25101 4 0.00854039192199707
decode: 4 0 25105 4 0.008553028106689453
decode: 4 0 25109 4 0.008533716201782227
decode: 4 0 25113 4 0.008522272109985352
decode: 4 0 25117 4 0.008522510528564453
decode: 4 0 25121 4 0.008543014526367188
decode: 4 0 25125 4 0.008528470993041992
decode: 4 0 25129 4 0.00853586196899414
decode: 4 0 25133 4 0.008520364761352539
decode: 4 0 25137 4 0.008578777313232422
decode: 4 0 25141 4 0.008507966995239258
decode: 4 0 25145 4 0.008571624755859375
decode: 4 0 25149 4 0.008556842803955078
decode: 4 0 25153 4 0.008559703826904297
decode: 4 0 25157 4 0.008501529693603516
decode: 4 0 25161 4 0.008538246154785156
decode: 3 0 18066 3 0.008172035217285156
decode: 3 0 18069 3 0.008188247680664062
decode: 3 0 18072 3 0.008188962936401367
decode: 3 0 18075 3 0.008470773696899414
decode: 3 0 18078 3 0.008250713348388672
decode: 3 0 18081 3 0.008605241775512695
decode: 3 0 18084 3 0.008251667022705078
decode: 3 0 18087 3 0.008650779724121094
decode: 3 0 18090 3 0.008271932601928711
decode: 3 0 18093 3 0.00852513313293457
decode: 3 0 18096 3 0.00824594497680664
decode: 3 0 18099 3 0.008579492568969727
decode: 3 0 18102 3 0.008258342742919922
decode: 3 0 18105 3 0.008588075637817383
decode: 3 0 18108 3 0.008239507675170898
decode: 3 0 18111 3 0.008599996566772461
decode: 3 0 18114 3 0.008262395858764648
decode: 3 0 18117 3 0.008584737777709961
decode: 3 0 18120 3 0.00826716423034668
decode: 3 0 18123 3 0.00860285758972168
decode: 3 0 18126 3 0.008290529251098633
decode: 3 0 18129 3 0.008351325988769531
decode: 3 0 18132 3 0.008263349533081055
decode: 3 0 18135 3 0.008545398712158203
decode: 3 0 18138 3 0.008270502090454102
decode: 3 0 18141 3 0.008608341217041016
decode: 3 0 18144 3 0.008250713348388672
decode: 3 0 18147 3 0.008636474609375
decode: 3 0 18150 3 0.00826120376586914
decode: 3 0 18153 3 0.008608579635620117
decode: 3 0 18156 3 0.008266687393188477
decode: 3 0 18159 3 0.008632421493530273
decode: 3 0 18162 3 0.008249998092651367
decode: 3 0 18165 3 0.008564949035644531
decode: 3 0 18168 3 0.008251428604125977
decode: 3 0 18171 3 0.008495092391967773
decode: 3 0 18174 3 0.008248329162597656
decode: 3 0 18177 3 0.008552312850952148
decode: 3 0 18180 3 0.008226871490478516
decode: 3 0 18183 3 0.008565902709960938
decode: 3 0 18186 3 0.00827336311340332
decode: 3 0 18189 3 0.008511543273925781
decode: 3 0 18192 3 0.008242368698120117
decode: 3 0 18195 3 0.008490800857543945
decode: 3 0 18198 3 0.00824284553527832
decode: 3 0 18201 3 0.008524894714355469
decode: 3 0 18204 3 0.008264780044555664
decode: 3 0 18207 3 0.008449554443359375
decode: 3 0 18210 3 0.008241415023803711
decode: 3 0 18213 3 0.008512496948242188
decode: 3 0 18216 3 0.008242130279541016
decode: 3 0 18219 3 0.008530139923095703
decode: 3 0 18222 3 0.008279561996459961
decode: 3 0 18225 3 0.008466243743896484
decode: 3 0 18228 3 0.008245229721069336
decode: 3 0 18231 3 0.008525371551513672
decode: 3 0 18234 3 0.008246183395385742
decode: 3 0 18237 3 0.008588552474975586
decode: 3 0 18240 3 0.00824737548828125
decode: 3 0 18243 3 0.008569002151489258
decode: 3 0 18246 3 0.008272409439086914
decode: 3 0 18249 3 0.008548259735107422
decode: 3 0 18252 3 0.008265018463134766
decode: 3 0 18255 3 0.008512258529663086
decode: 3 0 18258 3 0.00826716423034668
decode: 3 0 18261 3 0.008333921432495117
decode: 3 0 18264 3 0.008296489715576172
decode: 3 0 18267 3 0.00828099250793457
decode: 3 0 18270 3 0.008245229721069336
decode: 3 0 18273 3 0.008372306823730469
decode: 3 0 18276 3 0.008260011672973633
decode: 3 0 18279 3 0.008495569229125977
decode: 3 0 18282 3 0.008241415023803711
decode: 3 0 18285 3 0.008487939834594727
decode: 3 0 18288 3 0.00824427604675293
decode: 3 0 18291 3 0.00851893424987793
decode: 3 0 18294 3 0.008237123489379883
decode: 3 0 18297 3 0.008510112762451172
decode: 3 0 18300 3 0.008264303207397461
decode: 3 0 18303 3 0.008558511734008789
decode: 3 0 18306 3 0.008260250091552734
decode: 3 0 18309 3 0.008565425872802734
decode: 3 0 18312 3 0.008243322372436523
decode: 3 0 18315 3 0.008562326431274414
decode: 3 0 18318 3 0.008268356323242188
decode: 3 0 18321 3 0.008557558059692383
decode: 3 0 18324 3 0.008293628692626953
decode: 3 0 18327 3 0.008607864379882812
decode: 3 0 18330 3 0.008236408233642578
decode: 3 0 18333 3 0.008557796478271484
decode: 3 0 18336 3 0.008238077163696289
decode: 3 0 18339 3 0.008486032485961914
decode: 3 0 18342 3 0.00825953483581543
decode: 3 0 18345 3 0.008549928665161133
decode: 3 0 18348 3 0.00824284553527832
decode: 3 0 18351 3 0.008538484573364258
decode: 3 0 18354 3 0.008261442184448242
decode: 3 0 18357 3 0.008541107177734375
decode: 3 0 18360 3 0.008238077163696289
decode: 3 0 18363 3 0.008538961410522461
decode: 3 0 18366 3 0.008279561996459961
decode: 3 0 18369 3 0.008521795272827148
decode: 3 0 18372 3 0.00826716423034668
decode: 3 0 18375 3 0.008601665496826172
decode: 3 0 18378 3 0.008266925811767578
decode: 3 0 18381 3 0.008185148239135742
decode: 3 0 18384 3 0.008159160614013672
decode: 3 0 18387 3 0.008133172988891602
decode: 3 0 18390 3 0.00812077522277832
decode: 3 0 18393 3 0.008123397827148438
decode: 3 0 18396 3 0.008146286010742188
decode: 3 0 18399 3 0.00813603401184082
decode: 3 0 18402 3 0.008133172988891602
decode: 3 0 18405 3 0.00812530517578125
decode: 3 0 18408 3 0.00812387466430664
decode: 3 0 18411 3 0.008123397827148438
decode: 2 0 14094 2 0.00797271728515625
decode: 2 0 14096 2 0.007914304733276367
decode: 2 0 14098 2 0.007895231246948242
decode: 2 0 14100 2 0.007904291152954102
decode: 2 0 14102 2 0.007915496826171875
decode: 2 0 14104 2 0.007891654968261719
decode: 2 0 14106 2 0.007904291152954102
decode: 2 0 14108 2 0.007909297943115234
decode: 2 0 14110 2 0.007890462875366211
decode: 2 0 14112 2 0.007919073104858398
decode: 2 0 14114 2 0.007911443710327148
decode: 2 0 14116 2 0.00789642333984375
decode: 2 0 14118 2 0.007895469665527344
decode: 2 0 14120 2 0.00791478157043457
decode: 2 0 14122 2 0.007892131805419922
decode: 2 0 14124 2 0.007881879806518555
decode: 2 0 14126 2 0.007932901382446289
decode: 2 0 14128 2 0.007927179336547852
decode: 2 0 14130 2 0.007901906967163086
decode: 2 0 14132 2 0.007902860641479492
decode: 2 0 14134 2 0.007890939712524414
decode: 2 0 14136 2 0.007917165756225586
decode: 2 0 14138 2 0.007906675338745117
decode: 2 0 14140 2 0.007898807525634766
decode: 2 0 14142 2 0.007913827896118164
decode: 2 0 14144 2 0.007899284362792969
decode: 2 0 14146 2 0.007891654968261719
decode: 2 0 14148 2 0.007901430130004883
decode: 2 0 14150 2 0.00790262222290039
decode: 2 0 14152 2 0.007901906967163086
decode: 2 0 14154 2 0.007906198501586914
decode: 2 0 14156 2 0.007894277572631836
decode: 2 0 14158 2 0.007889509201049805
decode: 2 0 14160 2 0.007902145385742188
decode: 2 0 14162 2 0.007898092269897461
decode: 2 0 14164 2 0.0078887939453125
decode: 2 0 14166 2 0.007889509201049805
decode: 2 0 14168 2 0.007931232452392578
decode: 2 0 14170 2 0.007896184921264648
decode: 2 0 14172 2 0.007916927337646484
decode: 2 0 14174 2 0.007899999618530273
decode: 2 0 14176 2 0.007883071899414062
decode: 2 0 14178 2 0.007916450500488281
decode: 2 0 14180 2 0.007926702499389648
decode: 2 0 14182 2 0.007907390594482422
decode: 2 0 14184 2 0.007888555526733398
decode: 2 0 14186 2 0.007899999618530273
decode: 2 0 14188 2 0.007903337478637695
decode: 2 0 14190 2 0.007908105850219727
decode: 2 0 14192 2 0.00788259506225586
decode: 2 0 14194 2 0.007903337478637695
decode: 2 0 14196 2 0.00789022445678711
decode: 2 0 14198 2 0.007897377014160156
decode: 2 0 14200 2 0.00789332389831543
decode: 2 0 14202 2 0.007886171340942383
decode: 2 0 14204 2 0.007896661758422852
decode: 2 0 14206 2 0.007899761199951172
decode: 2 0 14208 2 0.00789642333984375
decode: 2 0 14210 2 0.007895946502685547
decode: 2 0 14212 2 0.007889509201049805
decode: 2 0 14214 2 0.007894039154052734
decode: 2 0 14216 2 0.007891654968261719
decode: 2 0 14218 2 0.007893085479736328
decode: 2 0 14220 2 0.007930755615234375
decode: 2 0 14222 2 0.007894754409790039
decode: 2 0 14224 2 0.007894754409790039
decode: 2 0 14226 2 0.007910490036010742
decode: 2 0 14228 2 0.007897138595581055
decode: 2 0 14230 2 0.007895708084106445
decode: 2 0 14232 2 0.007901191711425781
decode: 2 0 14234 2 0.007902145385742188
decode: 2 0 14236 2 0.007889986038208008
decode: 2 0 14238 2 0.007905721664428711
decode: 2 0 14240 2 0.007889747619628906
decode: 2 0 14242 2 0.007905721664428711
decode: 2 0 14244 2 0.007897138595581055
decode: 2 0 14246 2 0.007883548736572266
decode: 2 0 14248 2 0.00789332389831543
decode: 2 0 14250 2 0.007891178131103516
decode: 2 0 14252 2 0.007883787155151367
decode: 2 0 14254 2 0.007909536361694336
decode: 2 0 14256 2 0.007932424545288086
decode: 2 0 14258 2 0.007894515991210938
decode: 2 0 14260 2 0.007904052734375
decode: 2 0 14262 2 0.007894039154052734
decode: 2 0 14264 2 0.00789642333984375
decode: 2 0 14266 2 0.007911205291748047
decode: 2 0 14268 2 0.007901668548583984
decode: 2 0 14270 2 0.007890939712524414
decode: 2 0 14272 2 0.007906913757324219
decode: 2 0 14274 2 0.007907390594482422
decode: 2 0 14276 2 0.00789189338684082
decode: 2 0 14278 2 0.007910013198852539
decode: 2 0 14280 2 0.007893800735473633
decode: 2 0 14282 2 0.007898569107055664
decode: 2 0 14284 2 0.00792551040649414
decode: 2 0 14286 2 0.007910013198852539
decode: 2 0 14288 2 0.007908344268798828
decode: 2 0 14290 2 0.007904052734375
decode: 2 0 14292 2 0.007915496826171875
decode: 2 0 14294 2 0.007893085479736328
decode: 2 0 14296 2 0.007902145385742188
decode: 2 0 14298 2 0.007903337478637695
decode: 2 0 14300 2 0.007898807525634766
decode: 2 0 14302 2 0.007884979248046875
decode: 2 0 14304 2 0.007919073104858398
decode: 2 0 14306 2 0.00790095329284668
decode: 2 0 14308 2 0.00789332389831543
decode: 2 0 14310 2 0.007950782775878906
decode: 2 0 14312 2 0.007902383804321289
decode: 2 0 14314 2 0.0079193115234375
decode: 2 0 14316 2 0.007903337478637695
decode: 2 0 14318 2 0.007902860641479492
decode: 2 0 14320 2 0.007929801940917969
decode: 2 0 14322 2 0.007908105850219727
decode: 2 0 14324 2 0.007899999618530273
decode: 2 0 14326 2 0.007915019989013672
decode: 2 0 14328 2 0.007912874221801758
decode: 2 0 14330 2 0.00791311264038086
decode: 2 0 14332 2 0.007908821105957031
decode: 2 0 14334 2 0.007904767990112305
decode: 2 0 14336 2 0.007912874221801758
decode: 2 0 14338 2 0.007892608642578125
decode: 2 0 14340 2 0.007897615432739258
decode: 2 0 14342 2 0.007901191711425781
decode: 2 0 14344 2 0.007911205291748047
decode: 2 0 14346 2 0.007885217666625977
decode: 2 0 14348 2 0.007905960083007812
decode: 2 0 14350 2 0.007896184921264648
decode: 2 0 14352 2 0.007886648178100586
decode: 2 0 14354 2 0.007918119430541992
decode: 2 0 14356 2 0.007902383804321289
decode: 2 0 14358 2 0.007900714874267578
decode: 2 0 14360 2 0.007901430130004883
decode: 2 0 14362 2 0.00792551040649414
decode: 2 0 14364 2 0.007905960083007812
decode: 2 0 14366 2 0.007900714874267578
decode: 2 0 14368 2 0.007917404174804688
decode: 2 0 14370 2 0.007932901382446289
decode: 2 0 14372 2 0.007884740829467773
decode: 2 0 14374 2 0.007902145385742188
decode: 2 0 14376 2 0.007907867431640625
decode: 1 0 5643 1 0.0074536800384521484
decode: 1 0 5644 1 0.007419586181640625
decode: 1 0 5645 1 0.007404804229736328
decode: 1 0 5646 1 0.00742340087890625
decode: 1 0 5647 1 0.0074155330657958984
decode: 1 0 5648 1 0.007409811019897461
decode: 1 0 5649 1 0.007398366928100586
decode: 1 0 5650 1 0.007419586181640625
decode: 1 0 5651 1 0.007411479949951172
decode: 1 0 5652 1 0.007409095764160156
decode: 1 0 5653 1 0.007414340972900391
decode: 1 0 5654 1 0.007407188415527344
decode: 1 0 5655 1 0.007436990737915039
decode: 1 0 5656 1 0.007397651672363281
decode: 1 0 5657 1 0.007441282272338867
decode: 1 0 5658 1 0.007418394088745117
decode: 1 0 5659 1 0.007422447204589844
decode: 1 0 5660 1 0.007423877716064453
decode: 1 0 5661 1 0.007412433624267578
decode: 1 0 5662 1 0.007420778274536133
decode: 1 0 5663 1 0.0074198246002197266
decode: 1 0 5664 1 0.007424354553222656
decode: 1 0 5665 1 0.007429361343383789
decode: 1 0 5666 1 0.007422208786010742
decode: 1 0 5667 1 0.007421255111694336
decode: 1 0 5668 1 0.007433652877807617
decode: 1 0 5669 1 0.007428646087646484
decode: 1 0 5670 1 0.007430315017700195
decode: 1 0 5671 1 0.00742030143737793
decode: 1 0 5672 1 0.007409811019897461
decode: 1 0 5673 1 0.007457733154296875
decode: 1 0 5674 1 0.007427215576171875
decode: 1 0 5675 1 0.007484912872314453
decode: 1 0 5676 1 0.007430076599121094
decode: 1 0 5677 1 0.0074615478515625
decode: 1 0 5678 1 0.007440328598022461
decode: 1 0 5679 1 0.007427692413330078
decode: 1 0 5680 1 0.007444143295288086
decode: 1 0 5681 1 0.007428407669067383
decode: 1 0 5682 1 0.007409811019897461
decode: 1 0 5683 1 0.007428646087646484
decode: 1 0 5684 1 0.00740361213684082
decode: 1 0 5685 1 0.007414102554321289
decode: 1 0 5686 1 0.007415056228637695
decode: 1 0 5687 1 0.0074062347412109375
decode: 1 0 5688 1 0.007410287857055664
decode: 1 0 5689 1 0.007430315017700195
decode: 1 0 5690 1 0.0074079036712646484
decode: 1 0 5691 1 0.0074346065521240234
decode: 1 0 5692 1 0.007420778274536133
decode: 1 0 5693 1 0.007421016693115234
decode: 1 0 5694 1 0.0074481964111328125
decode: 1 0 5695 1 0.0074214935302734375
decode: 1 0 5696 1 0.007417440414428711
decode: 1 0 5697 1 0.00741124153137207
decode: 1 0 5698 1 0.007404804229736328
decode: 1 0 5699 1 0.007448434829711914
decode: 1 0 5700 1 0.00742030143737793
decode: 1 0 5701 1 0.007418632507324219
decode: 1 0 5702 1 0.007411003112792969
decode: 1 0 5703 1 0.0074176788330078125
decode: 1 0 5704 1 0.007432460784912109
decode: 1 0 5705 1 0.007429361343383789
decode: 1 0 5706 1 0.007397890090942383
decode: 1 0 5707 1 0.00740361213684082
decode: 1 0 5708 1 0.007426023483276367
decode: 1 0 5709 1 0.00741124153137207
decode: 1 0 5710 1 0.007401943206787109
decode: 1 0 5711 1 0.007406473159790039
decode: 1 0 5712 1 0.007417201995849609
decode: 1 0 5713 1 0.00742793083190918
decode: 1 0 5714 1 0.0074045658111572266
decode: 1 0 5715 1 0.007400989532470703
decode: 1 0 5716 1 0.00741267204284668
decode: 1 0 5717 1 0.0074138641357421875
decode: 1 0 5718 1 0.007404804229736328
decode: 1 0 5719 1 0.007405996322631836
decode: 1 0 5720 1 0.007409572601318359
decode: 1 0 5721 1 0.007389545440673828
decode: 1 0 5722 1 0.007401704788208008
decode: 1 0 5723 1 0.0074100494384765625
decode: 1 0 5724 1 0.007401943206787109
decode: 1 0 5725 1 0.007402181625366211
decode: 1 0 5726 1 0.007396697998046875
decode: 1 0 5727 1 0.007417917251586914
decode: 1 0 5728 1 0.007424831390380859
decode: 1 0 5729 1 0.007407188415527344
decode: 1 0 5730 1 0.007398128509521484
decode: 1 0 5731 1 0.007399082183837891
decode: 1 0 5732 1 0.007411956787109375
decode: 1 0 5733 1 0.007410287857055664
decode: 1 0 5734 1 0.007390260696411133
decode: 1 0 5735 1 0.007418394088745117
decode: 1 0 5736 1 0.007407665252685547
decode: 1 0 5737 1 0.007399559020996094
decode: 1 0 5738 1 0.0074198246002197266
decode: 1 0 5739 1 0.007402896881103516
decode: 1 0 5740 1 0.007404327392578125
decode: 1 0 5741 1 0.0074079036712646484
decode: 1 0 5742 1 0.0074160099029541016
decode: 1 0 5743 1 0.007409572601318359
decode: 1 0 5744 1 0.007459163665771484
decode: 1 0 5745 1 0.0074214935302734375
decode: 1 0 5746 1 0.007441282272338867
decode: 1 0 5747 1 0.007450580596923828
decode: 1 0 5748 1 0.0074253082275390625
decode: 1 0 5749 1 0.007444858551025391
decode: 1 0 5750 1 0.007448673248291016
decode: 1 0 5751 1 0.007432222366333008
decode: 1 0 5752 1 0.007419586181640625
decode: 1 0 5753 1 0.0074176788330078125
decode: 1 0 5754 1 0.0074117183685302734
decode: 1 0 5755 1 0.007405996322631836
decode: 1 0 5756 1 0.0074236392974853516
decode: 1 0 5757 1 0.007429838180541992
decode: 1 0 5758 1 0.007437705993652344
decode: 1 0 5759 1 0.007415771484375
decode: 1 0 5760 1 0.0074312686920166016
decode: 1 0 5761 1 0.007416248321533203
decode: 1 0 5762 1 0.007423877716064453
decode: 1 0 5763 1 0.007414579391479492
decode: 1 0 5764 1 0.007430315017700195
decode: 1 0 5765 1 0.007439613342285156
decode: 1 0 5766 1 0.007418155670166016
decode: 1 0 5767 1 0.007432222366333008
decode: 1 0 5768 1 0.007411003112792969
decode: 1 0 5769 1 0.007422685623168945
decode: 1 0 5770 1 0.0074138641357421875
decode: 1 0 5771 1 0.007424354553222656
decode: 1 0 5772 1 0.007437229156494141
decode: 1 0 5773 1 0.0074481964111328125
decode: 1 0 5774 1 0.007420778274536133
decode: 1 0 5775 1 0.007405996322631836
decode: 1 0 5776 1 0.007413387298583984
decode: 1 0 5777 1 0.0074198246002197266
decode: 1 0 5778 1 0.007422924041748047
decode: 1 0 5779 1 0.007413625717163086
decode: 1 0 5780 1 0.00741267204284668
decode: 1 0 5781 1 0.007426023483276367
decode: 1 0 5782 1 0.007411956787109375
decode: 1 0 5783 1 0.007413625717163086
decode: 1 0 5784 1 0.007413387298583984
decode: 1 0 5785 1 0.007406949996948242
decode: 1 0 5786 1 0.007403850555419922
decode: 1 0 5787 1 0.007404804229736328
decode: 1 0 5788 1 0.0074193477630615234
decode: 1 0 5789 1 0.0074117183685302734
decode: 1 0 5790 1 0.007403850555419922
decode: 1 0 5791 1 0.0074160099029541016
decode: 1 0 5792 1 0.007435798645019531
decode: 1 0 5793 1 0.0074160099029541016
decode: 1 0 5794 1 0.007403850555419922
decode: 1 0 5795 1 0.007416725158691406
decode: 1 0 5796 1 0.007409811019897461
decode: 1 0 5797 1 0.0074460506439208984
decode: 1 0 5798 1 0.007414579391479492
decode: 1 0 5799 1 0.007403850555419922
decode: 1 0 5800 1 0.007404804229736328
decode: 1 0 5801 1 0.0074117183685302734
decode: 1 0 5802 1 0.0074024200439453125
decode: 1 0 5803 1 0.00740814208984375
decode: 1 0 5804 1 0.007412910461425781
decode: 1 0 5805 1 0.007397174835205078
decode: 1 0 5806 1 0.007409572601318359
decode: 1 0 5807 1 0.0074045658111572266
decode: 1 0 5808 1 0.007451295852661133
decode: 1 0 5809 1 0.007404804229736328
decode: 1 0 5810 1 0.007402896881103516
decode: 1 0 5811 1 0.00741267204284668
decode: 1 0 5812 1 0.007410526275634766
decode: 1 0 5813 1 0.0074121952056884766
decode: 1 0 5814 1 0.007437705993652344
decode: 1 0 5815 1 0.007418394088745117
decode: 1 0 5816 1 0.00741124153137207
decode: 1 0 5817 1 0.007423877716064453
decode: 1 0 5818 1 0.007414340972900391
decode: 1 0 5819 1 0.007409572601318359
decode: 1 0 5820 1 0.007446765899658203
decode: 1 0 5821 1 0.00741887092590332
decode: 1 0 5822 1 0.007417440414428711
decode: 1 0 5823 1 0.007399797439575195
decode: 1 0 5824 1 0.00743412971496582
decode: 1 0 5825 1 0.0074121952056884766
decode: 1 0 5826 1 0.007416486740112305
decode: 1 0 5827 1 0.007414340972900391
decode: 1 0 5828 1 0.00741267204284668
decode: 1 0 5829 1 0.007471799850463867
decode: 1 0 5830 1 0.0076160430908203125
decode: 1 0 5831 1 0.0077440738677978516
decode: 1 0 5832 1 0.0076754093170166016
decode: 1 0 5833 1 0.007651567459106445
decode: 1 0 5834 1 0.0076253414154052734
decode: 1 0 5835 1 0.007546901702880859
decode: 1 0 5836 1 0.007450103759765625
decode: 1 0 5837 1 0.008031368255615234
decode: 1 0 5838 1 0.008063077926635742
decode: 1 0 5839 1 0.0075070858001708984
