0 1 0 4096 0.5953919887542725
0 1 4096 2085 0.0764014720916748
1 0 6182 1 0.0077168941497802734
1 0 6183 1 0.0075261592864990234
1 0 6184 1 0.007513999938964844
1 0 6185 1 0.007513284683227539
1 0 6186 1 0.007517337799072266
1 0 6187 1 0.007503032684326172
1 0 6188 1 0.007506370544433594
1 0 6189 1 0.0074961185455322266
1 0 6190 1 0.007436990737915039
1 0 6191 1 0.0074117183685302734
1 0 6192 1 0.007441997528076172
1 0 6193 1 0.007422208786010742
1 0 6194 1 0.0074214935302734375
1 0 6195 1 0.007399320602416992
1 0 6196 1 0.007394075393676758
1 0 6197 1 0.007406711578369141
1 0 6198 1 0.007400035858154297
1 0 6199 1 0.007398843765258789
1 0 6200 1 0.007391452789306641
1 0 6201 1 0.007390260696411133
1 0 6202 1 0.0074138641357421875
1 0 6203 1 0.007403850555419922
1 0 6204 1 0.007399320602416992
1 0 6205 1 0.007421970367431641
1 0 6206 1 0.007417917251586914
1 0 6207 1 0.007401943206787109
1 0 6208 1 0.007407426834106445
1 0 6209 1 0.007385730743408203
1 0 6210 1 0.007409572601318359
1 0 6211 1 0.007401227951049805
1 0 6212 1 0.007406711578369141
0 1 0 3906 0.10562729835510254
1 0 3907 1 0.007668972015380859
1 0 3908 1 0.007471561431884766
1 0 3909 1 0.0074651241302490234
1 0 3910 1 0.007399559020996094
1 0 3911 1 0.007352352142333984
1 0 3912 1 0.007356405258178711
1 0 3913 1 0.007352352142333984
1 0 3914 1 0.007358551025390625
1 0 3915 1 0.00735926628112793
1 0 3916 1 0.007358551025390625
1 0 3917 1 0.007308006286621094
0 2 3917 1260 0.03616666793823242
0 3 5177 4096 0.11703920364379883
0 4 9273 4096 0.11646699905395508
0 5 13369 4096 0.1295790672302246
0 6 17465 4096 0.11785030364990234
0 7 21561 4096 0.1196599006652832
0 9 25657 4096 0.12694644927978516
0 9 29753 4096 0.1263275146484375
0 10 33849 4096 0.1248319149017334
0 11 37945 4096 0.12198209762573242
0 11 42041 4096 0.14609980583190918
0 12 46137 4096 0.12131857872009277
0 14 50233 4096 0.11537837982177734
0 14 54329 4096 0.13626980781555176
0 15 58425 4096 0.12908148765563965
0 16 62521 4096 0.13839054107666016
0 16 66617 4096 0.13056468963623047
0 17 70713 4096 0.12668061256408691
0 18 74809 4096 0.12671732902526855
0 19 78905 4096 0.12445282936096191
0 19 83001 4096 0.1506814956665039
0 21 87097 4096 0.12454342842102051
0 22 91193 4096 0.1288135051727295
0 22 95289 4096 0.13822007179260254
0 23 99385 4096 0.12948250770568848
0 24 103481 4096 0.14464163780212402
0 25 107577 4096 0.12231636047363281
0 26 111673 4096 0.1268465518951416
0 28 115769 4096 0.12282371520996094
0 29 119865 4096 0.12780165672302246
0 30 123961 4096 0.1309976577758789
0 32 128057 4096 0.12319827079772949
0 32 132153 4096 0.14271974563598633
0 33 136249 4096 0.1362135410308838
0 33 140345 4096 0.14522290229797363
0 35 144441 4096 0.1253983974456787
0 36 148537 4096 0.13831424713134766
0 37 152633 4096 0.12937712669372559
0 37 156729 4096 0.1331629753112793
0 39 160825 4096 0.13196015357971191
0 40 164921 4096 0.12784337997436523
0 40 169017 4096 0.13628864288330078
0 41 173113 4096 0.1411268711090088
0 42 177209 4096 0.14052081108093262
0 42 181305 4096 0.1365032196044922
0 43 185401 4096 0.14660239219665527
0 43 189497 4096 0.14131569862365723
0 45 193593 4096 0.13266444206237793
0 45 197689 4096 0.13912129402160645
0 46 201785 4096 0.14662933349609375
0 47 205881 4096 0.1320195198059082
0 48 209977 4096 0.13460063934326172
0 49 214073 4096 0.1394026279449463
0 49 218169 4096 0.14392852783203125
0 51 222265 4096 0.14646196365356445
0 52 226361 4096 0.13145232200622559
0 52 230457 4096 0.15032315254211426
0 54 234553 4096 0.13161993026733398
0 55 238649 4096 0.13965392112731934
0 56 242745 4096 0.13242506980895996
0 57 246841 4096 0.1468343734741211
0 57 250937 4096 0.14322113990783691
0 58 255033 4096 0.1595163345336914
0 59 259129 4096 0.13594412803649902
0 61 263225 4096 0.13209891319274902
0 62 267321 4096 0.13901257514953613
0 63 271417 4096 0.13317346572875977
0 64 275513 4096 0.1389617919921875
0 65 279609 4096 0.13821864128112793
0 66 283705 4096 0.14609336853027344
0 66 287801 4096 0.15104126930236816
0 67 291897 4096 0.13960623741149902
0 69 295993 4096 0.13528084754943848
0 70 300089 4096 0.13954448699951172
0 71 304185 4096 0.1377556324005127
0 72 308281 4096 0.14412331581115723
0 73 312377 4096 0.1453850269317627
0 73 316473 4096 0.1476149559020996
0 74 320569 4096 0.1444714069366455
0 76 324665 4096 0.13326144218444824
0 78 328761 4096 0.13502287864685059
0 78 332857 4096 0.14443111419677734
0 79 336953 4096 0.15171599388122559
0 80 341049 4096 0.14180946350097656
0 82 345145 4096 0.1353757381439209
0 83 349241 4096 0.14635086059570312
0 84 353337 4096 0.14621472358703613
0 85 357433 4096 0.13625693321228027
0 85 361529 4096 0.16221070289611816
0 86 365625 4096 0.14797210693359375
0 87 369721 4096 0.14780926704406738
0 88 373817 4096 0.14210200309753418
0 89 377913 4096 0.14354944229125977
0 90 382009 2486 0.09534859657287598
90 0 384585 90 0.037030935287475586
90 0 384675 90 0.03585338592529297
90 0 384765 90 0.034410953521728516
90 0 384855 90 0.034300804138183594
90 0 384945 90 0.034271240234375
90 0 385035 90 0.0342257022857666
90 0 385125 90 0.03426408767700195
90 0 385215 90 0.03423118591308594
90 0 385305 90 0.03425884246826172
90 0 385395 90 0.03426671028137207
90 0 385485 90 0.03422904014587402
90 0 385575 90 0.03419971466064453
90 0 385665 90 0.034209489822387695
90 0 385755 90 0.03412652015686035
90 0 385845 90 0.034101009368896484
90 0 385935 90 0.034163713455200195
90 0 386025 90 0.03436446189880371
90 0 386115 90 0.03424072265625
90 0 386205 90 0.03415989875793457
90 0 386295 90 0.03413867950439453
90 0 386385 90 0.034154415130615234
90 0 386475 90 0.034271240234375
90 0 386565 90 0.03423023223876953
90 0 386655 90 0.034361839294433594
90 0 386745 90 0.03415870666503906
90 0 386835 90 0.03419923782348633
90 0 386925 90 0.03424835205078125
90 0 387015 90 0.034299612045288086
90 0 387105 90 0.034319400787353516
90 0 387195 90 0.034210205078125
90 0 387285 90 0.034192800521850586
90 0 387375 90 0.03425765037536621
90 0 387465 90 0.03437519073486328
90 0 387555 90 0.0343325138092041
90 0 387645 90 0.03427934646606445
90 0 387735 90 0.03424191474914551
90 0 387825 90 0.03424882888793945
90 0 387915 90 0.0342864990234375
90 0 388005 90 0.03431391716003418
90 0 388095 90 0.03435635566711426
90 0 388185 90 0.0342707633972168
90 0 388275 90 0.034322261810302734
90 0 388365 90 0.03426814079284668
90 0 388455 90 0.03435564041137695
90 0 388545 90 0.034383296966552734
90 0 388635 90 0.03435850143432617
90 0 388725 90 0.03426170349121094
90 0 388815 90 0.03426337242126465
90 0 388905 90 0.03434443473815918
90 0 388995 90 0.034418582916259766
90 0 389085 90 0.0344388484954834
90 0 389175 90 0.034337520599365234
90 0 389265 90 0.03432154655456543
90 0 389355 90 0.03432583808898926
90 0 389445 90 0.03444099426269531
90 0 389535 90 0.03441357612609863
90 0 389625 90 0.0343630313873291
90 0 389715 90 0.03433966636657715
90 0 389805 90 0.03435206413269043
90 0 389895 90 0.03446674346923828
90 0 389985 90 0.03448796272277832
90 0 390075 90 0.03447723388671875
90 0 390165 90 0.03439450263977051
90 0 390255 90 0.03439784049987793
90 0 390345 90 0.0343780517578125
90 0 390435 90 0.03447294235229492
90 0 390525 90 0.03450131416320801
90 0 390615 90 0.03443455696105957
90 0 390705 90 0.03455996513366699
90 0 390795 90 0.03439974784851074
90 0 390885 90 0.034487009048461914
90 0 390975 90 0.03452038764953613
90 0 391065 90 0.034505367279052734
90 0 391155 90 0.03441119194030762
90 0 391245 90 0.03441929817199707
90 0 391335 90 0.03449058532714844
90 0 391425 90 0.034584760665893555
90 0 391515 90 0.03471660614013672
90 0 391605 90 0.03446388244628906
90 0 391695 90 0.03445577621459961
90 0 391785 90 0.034471750259399414
90 0 391875 90 0.034570932388305664
90 0 391965 90 0.034600019454956055
90 0 392055 90 0.03458356857299805
90 0 392145 90 0.03449130058288574
90 0 392235 90 0.03447294235229492
90 0 392325 90 0.03457140922546387
90 0 392415 90 0.03469586372375488
90 0 392505 90 0.034589290618896484
90 0 392595 90 0.03454089164733887
90 0 392685 90 0.03455495834350586
90 0 392775 90 0.03454160690307617
90 0 392865 90 0.03462791442871094
90 0 392955 90 0.034627437591552734
90 0 393045 90 0.03460121154785156
90 0 393135 90 0.03454232215881348
90 0 393225 90 0.0345463752746582
90 0 393315 90 0.03467583656311035
90 0 393405 90 0.03475069999694824
90 0 393495 90 0.03468966484069824
90 0 393585 90 0.03460121154785156
90 0 393675 90 0.03456902503967285
90 0 393765 90 0.03461718559265137
90 0 393855 90 0.03468060493469238
90 0 393945 90 0.034688711166381836
90 0 394035 90 0.03468060493469238
90 0 394125 90 0.03462529182434082
90 0 394215 90 0.034613847732543945
90 0 394305 90 0.03475046157836914
90 0 394395 90 0.034731388092041016
90 0 394485 90 0.034706830978393555
90 0 394575 90 0.03462529182434082
90 0 394665 90 0.03463029861450195
90 0 394755 90 0.03470420837402344
90 0 394845 90 0.034746408462524414
90 0 394935 90 0.03475642204284668
90 0 395025 90 0.03466796875
90 0 395115 90 0.034647226333618164
90 0 395205 90 0.03466367721557617
90 0 395295 90 0.03480339050292969
90 0 395385 90 0.034775733947753906
90 0 395475 90 0.03478717803955078
90 0 395565 90 0.03469729423522949
90 0 395655 90 0.03468894958496094
90 0 395745 90 0.034773826599121094
90 0 395835 90 0.03482198715209961
90 0 395925 90 0.03484296798706055
90 0 396015 90 0.03470969200134277
90 0 396105 90 0.034713029861450195
90 0 396195 90 0.03490495681762695
90 0 396285 90 0.03482794761657715
90 0 396375 90 0.03484511375427246
90 0 396465 90 0.034784555435180664
90 0 396555 90 0.03474545478820801
90 0 396645 90 0.034714698791503906
90 0 396735 90 0.03485441207885742
90 0 396825 90 0.03485250473022461
90 0 396915 90 0.034874916076660156
90 0 397005 90 0.03478503227233887
90 0 397095 90 0.0348362922668457
90 0 397185 90 0.03493785858154297
90 0 397275 90 0.034865379333496094
90 0 397365 90 0.034861087799072266
90 0 397455 90 0.03480696678161621
90 0 397545 90 0.03478527069091797
90 0 397635 90 0.034821271896362305
90 0 397725 90 0.0349116325378418
90 0 397815 90 0.03494000434875488
90 0 397905 90 0.034845829010009766
90 0 397995 90 0.03483700752258301
90 0 398085 90 0.034833669662475586
90 0 398175 90 0.03496074676513672
90 0 398265 90 0.03503847122192383
90 0 398355 90 0.03495621681213379
90 0 398445 90 0.034874916076660156
90 0 398535 90 0.0348505973815918
90 0 398625 90 0.034902095794677734
90 0 398715 90 0.03499102592468262
90 0 398805 90 0.03494548797607422
90 0 398895 90 0.03488898277282715
90 0 398985 90 0.03488016128540039
90 0 399075 90 0.034883737564086914
90 0 399165 90 0.03502345085144043
90 0 399255 90 0.03498673439025879
90 0 399345 90 0.03496408462524414
90 0 399435 90 0.03499293327331543
90 0 399525 90 0.03490042686462402
90 0 399615 90 0.03500175476074219
90 0 399705 90 0.03499937057495117
90 0 399795 90 0.03503775596618652
90 0 399885 90 0.034935712814331055
90 0 399975 90 0.03497052192687988
90 0 400065 90 0.03499484062194824
90 0 400155 90 0.03503870964050293
90 0 400245 90 0.0350494384765625
90 0 400335 90 0.03498125076293945
90 0 400425 90 0.03495502471923828
90 0 400515 90 0.03501272201538086
90 0 400605 90 0.0351259708404541
90 0 400695 90 0.035065650939941406
90 0 400785 90 0.03509187698364258
90 0 400875 90 0.03497457504272461
90 0 400965 90 0.03498435020446777
90 0 401055 90 0.03506302833557129
90 0 401145 90 0.03509521484375
90 0 401235 90 0.0351407527923584
90 0 401325 90 0.03501749038696289
90 0 401415 90 0.03499460220336914
90 0 401505 90 0.03504586219787598
90 0 401595 90 0.03517603874206543
90 0 401685 90 0.03517913818359375
90 0 401775 90 0.03504776954650879
90 0 401865 90 0.03501772880554199
90 0 401955 90 0.03509116172790527
90 0 402045 90 0.03515291213989258
90 0 402135 90 0.035164594650268555
90 0 402225 90 0.035115957260131836
90 0 402315 90 0.03506278991699219
90 0 402405 90 0.035043954849243164
90 0 402495 90 0.03513741493225098
90 0 402585 90 0.03517794609069824
90 0 402675 90 0.03522753715515137
90 0 402765 90 0.0352632999420166
90 0 402855 90 0.03511619567871094
90 0 402945 90 0.03515458106994629
90 0 403035 90 0.03521323204040527
90 0 403125 90 0.03516983985900879
90 0 403215 90 0.03516745567321777
90 0 403305 90 0.03510737419128418
90 0 403395 90 0.0351407527923584
90 0 403485 90 0.03524494171142578
90 0 403575 90 0.03521275520324707
90 0 403665 90 0.03521537780761719
90 0 403755 90 0.035154104232788086
90 0 403845 90 0.03520035743713379
90 0 403935 90 0.035382986068725586
90 0 404025 90 0.03524303436279297
90 0 404115 90 0.03525376319885254
90 0 404205 90 0.0351865291595459
90 0 404295 90 0.03521108627319336
90 0 404385 90 0.035271406173706055
90 0 404475 90 0.03531646728515625
90 0 404565 90 0.035300254821777344
90 0 404655 90 0.03522157669067383
89 0 400582 89 0.03614544868469238
0 90 400582 4096 0.14364123344421387
0 91 404678 3659 0.13194537162780762
91 0 408428 91 0.03874540328979492
91 0 408519 91 0.03656959533691406
91 0 408610 91 0.036386966705322266
91 0 408701 91 0.036351680755615234
91 0 408792 91 0.03634476661682129
91 0 408883 91 0.03636503219604492
91 0 408974 91 0.03646659851074219
91 0 409065 91 0.03644275665283203
91 0 409156 91 0.03639483451843262
91 0 409247 91 0.0362095832824707
91 0 409338 91 0.03620266914367676
91 0 409429 91 0.03634476661682129
91 0 409520 91 0.03630208969116211
91 0 409611 91 0.03627133369445801
91 0 409702 91 0.03624916076660156
91 0 409793 91 0.0362849235534668
91 0 409884 91 0.03631854057312012
90 0 407056 90 0.035781145095825195
0 91 407056 3913 0.13424062728881836
91 0 411060 91 0.03958439826965332
91 0 411151 91 0.03668570518493652
91 0 411242 91 0.03603243827819824
91 0 411333 91 0.03597664833068848
91 0 411424 91 0.03601336479187012
91 0 411515 91 0.03590822219848633
91 0 411606 91 0.03592205047607422
91 0 411697 91 0.035988807678222656
91 0 411788 91 0.035997867584228516
91 0 411879 91 0.035925865173339844
91 0 411970 91 0.03584003448486328
91 0 412061 91 0.03585004806518555
91 0 412152 91 0.03586721420288086
91 0 412243 91 0.03578901290893555
91 0 412334 91 0.03581690788269043
90 0 407506 90 0.035604000091552734
0 91 407506 4096 0.1428689956665039
0 92 411602 2412 0.09891247749328613
92 0 414106 92 0.04074382781982422
92 0 414198 92 0.03934288024902344
92 0 414290 92 0.03921771049499512
92 0 414382 92 0.03915810585021973
92 0 414474 92 0.03914046287536621
92 0 414566 92 0.03922104835510254
92 0 414658 92 0.039247751235961914
92 0 414750 92 0.039170026779174805
92 0 414842 92 0.03893113136291504
92 0 414934 92 0.038930416107177734
92 0 415026 92 0.03923749923706055
92 0 415118 92 0.039076805114746094
92 0 415210 92 0.039029598236083984
92 0 415302 92 0.03900408744812012
92 0 415394 92 0.03903675079345703
91 0 407837 91 0.03661608695983887
0 93 407837 4096 0.13711953163146973
0 93 411933 4096 0.15571069717407227
0 94 416029 4096 0.1557936668395996
0 94 418237 4096 0.1430511474609375
0 95 422333 4096 0.1516892910003662
0 95 426429 4096 0.1635134220123291
0 96 430525 4096 0.1527879238128662
0 96 434621 3634 0.14863157272338867
96 0 438351 96 0.04161238670349121
96 0 438447 96 0.040047645568847656
96 0 438543 96 0.039588212966918945
96 0 438639 96 0.03951740264892578
96 0 438735 96 0.03960371017456055
96 0 438831 96 0.0395967960357666
96 0 438927 96 0.039614200592041016
96 0 439023 96 0.0395662784576416
96 0 439119 96 0.03946733474731445
96 0 439215 96 0.03950238227844238
96 0 439311 96 0.039465904235839844
96 0 439407 96 0.03937053680419922
96 0 439503 96 0.03940129280090332
96 0 439599 96 0.03935527801513672
96 0 439695 96 0.03941798210144043
96 0 439791 96 0.03946089744567871
96 0 439887 96 0.03943347930908203
96 0 439983 96 0.03938937187194824
96 0 440079 96 0.03940081596374512
96 0 440175 96 0.03950929641723633
96 0 440271 96 0.03949904441833496
96 0 440367 96 0.039461612701416016
96 0 440463 96 0.0394740104675293
96 0 440559 96 0.039430856704711914
96 0 440655 96 0.03951215744018555
96 0 440751 96 0.03956770896911621
96 0 440847 96 0.03943443298339844
96 0 440943 96 0.039438486099243164
96 0 441039 96 0.03953719139099121
95 0 436733 95 0.03696942329406738
95 0 436828 95 0.03690218925476074
95 0 436923 95 0.03687143325805664
95 0 437018 95 0.036867618560791016
95 0 437113 95 0.03697681427001953
95 0 437208 95 0.03698468208312988
95 0 437303 95 0.03694796562194824
95 0 437398 95 0.036893367767333984
95 0 437493 95 0.036914825439453125
95 0 437588 95 0.03700399398803711
95 0 437683 95 0.03696393966674805
95 0 437778 95 0.03697991371154785
94 0 433532 94 0.036955833435058594
0 95 433532 4096 0.14495420455932617
0 95 437628 1907 0.0909724235534668
95 0 439630 95 0.039167165756225586
95 0 439725 95 0.038393259048461914
95 0 439820 95 0.03718209266662598
95 0 439915 95 0.03717970848083496
95 0 440010 95 0.037178993225097656
95 0 440105 95 0.037262916564941406
94 0 432227 94 0.03933143615722656
0 95 432227 2443 0.09936141967773438
95 0 434765 95 0.041750431060791016
95 0 434860 95 0.03965616226196289
94 0 430718 94 0.03569459915161133
0 95 430718 4096 0.1450355052947998
0 95 434814 2538 0.11175942420959473
95 0 437447 95 0.03755378723144531
95 0 437542 95 0.036098480224609375
95 0 437637 95 0.0357213020324707
95 0 437732 95 0.03571128845214844
95 0 437827 95 0.035779714584350586
95 0 437922 95 0.035711050033569336
95 0 438017 95 0.03575730323791504
94 0 433698 94 0.038446664810180664
94 0 433792 94 0.03850269317626953
94 0 433886 94 0.03832221031188965
94 0 433980 94 0.03821873664855957
94 0 434074 94 0.0382077693939209
94 0 434168 94 0.03823661804199219
94 0 434262 94 0.03826642036437988
94 0 434356 94 0.0382685661315918
94 0 434450 94 0.038227081298828125
94 0 434544 94 0.038233280181884766
94 0 434638 94 0.03829526901245117
94 0 434732 94 0.03828549385070801
94 0 434826 94 0.03828859329223633
93 0 428760 93 0.03710794448852539
93 0 428853 93 0.03712201118469238
93 0 428946 93 0.037188053131103516
93 0 429039 93 0.03716111183166504
93 0 429132 93 0.03723335266113281
93 0 429225 93 0.0371556282043457
93 0 429318 93 0.03713679313659668
93 0 429411 93 0.03725075721740723
93 0 429504 93 0.03731060028076172
93 0 429597 93 0.037224531173706055
93 0 429690 93 0.03718137741088867
93 0 429783 93 0.03716897964477539
93 0 429876 93 0.03723573684692383
93 0 429969 93 0.03724074363708496
93 0 430062 93 0.03729677200317383
93 0 430155 93 0.03719043731689453
93 0 430248 93 0.037187814712524414
93 0 430341 93 0.037261247634887695
93 0 430434 93 0.03728222846984863
93 0 430527 93 0.037264347076416016
93 0 430620 93 0.03723287582397461
93 0 430713 93 0.0372471809387207
93 0 430806 93 0.037285566329956055
93 0 430899 93 0.03730583190917969
93 0 430992 93 0.03731513023376465
93 0 431085 93 0.03723955154418945
93 0 431178 93 0.03722834587097168
93 0 431271 93 0.037276506423950195
93 0 431364 93 0.037366628646850586
93 0 431457 93 0.03734898567199707
93 0 431550 93 0.0372772216796875
93 0 431643 93 0.03727102279663086
93 0 431736 93 0.03732490539550781
93 0 431829 93 0.037344932556152344
93 0 431922 93 0.03735494613647461
93 0 432015 93 0.03731083869934082
93 0 432108 93 0.03731036186218262
93 0 432201 93 0.037358760833740234
93 0 432294 93 0.03738260269165039
93 0 432387 93 0.03739619255065918
93 0 432480 93 0.03736162185668945
93 0 432573 93 0.03734469413757324
93 0 432666 93 0.03736162185668945
93 0 432759 93 0.037425994873046875
93 0 432852 93 0.03743481636047363
93 0 432945 93 0.03736424446105957
93 0 433038 93 0.037364959716796875
93 0 433131 93 0.03742718696594238
93 0 433224 93 0.03749394416809082
93 0 433317 93 0.03742623329162598
93 0 433410 93 0.03736305236816406
93 0 433503 93 0.03738546371459961
93 0 433596 93 0.03744959831237793
93 0 433689 93 0.03746199607849121
93 0 433782 93 0.037496328353881836
93 0 433875 93 0.0374147891998291
93 0 433968 93 0.03741788864135742
93 0 434061 93 0.037462472915649414
93 0 434154 93 0.03747963905334473
93 0 434247 93 0.03746628761291504
93 0 434340 93 0.03743290901184082
93 0 434433 93 0.03746771812438965
93 0 434526 93 0.03752326965332031
93 0 434619 93 0.037497758865356445
93 0 434712 93 0.037489891052246094
93 0 434805 93 0.03743314743041992
93 0 434898 93 0.03742671012878418
93 0 434991 93 0.03754472732543945
92 0 433045 92 0.03770565986633301
92 0 433137 92 0.03764748573303223
92 0 433229 92 0.03764915466308594
92 0 433321 92 0.037631988525390625
92 0 433413 92 0.03766775131225586
92 0 433505 92 0.03766798973083496
92 0 433597 92 0.037654876708984375
92 0 433689 92 0.03764057159423828
92 0 433781 92 0.03766751289367676
92 0 433873 92 0.03771209716796875
92 0 433965 92 0.03771829605102539
92 0 434057 92 0.03768801689147949
92 0 434149 92 0.037711143493652344
92 0 434241 92 0.037702322006225586
92 0 434333 92 0.03771615028381348
92 0 434425 92 0.0377194881439209
92 0 434517 92 0.037741899490356445
92 0 434609 92 0.03769993782043457
92 0 434701 92 0.0377352237701416
92 0 434793 92 0.037787675857543945
92 0 434885 92 0.03791379928588867
92 0 434977 92 0.03776812553405762
92 0 435069 92 0.03774881362915039
91 0 432621 91 0.04011797904968262
91 0 432712 91 0.04021811485290527
91 0 432803 91 0.040198326110839844
91 0 432894 91 0.04012489318847656
91 0 432985 91 0.04015994071960449
91 0 433076 91 0.04019308090209961
91 0 433167 91 0.04020118713378906
91 0 433258 91 0.040170907974243164
91 0 433349 91 0.04015183448791504
91 0 433440 91 0.04015517234802246
91 0 433531 91 0.04027152061462402
91 0 433622 91 0.04024767875671387
91 0 433713 91 0.04020047187805176
91 0 433804 91 0.04018855094909668
91 0 433895 91 0.040227413177490234
91 0 433986 91 0.04029107093811035
91 0 434077 91 0.040378570556640625
91 0 434168 91 0.040244340896606445
91 0 434259 91 0.040218353271484375
91 0 434350 91 0.040322065353393555
91 0 434441 91 0.04028964042663574
91 0 434532 91 0.04026913642883301
91 0 434623 91 0.040245771408081055
91 0 434714 91 0.04026484489440918
91 0 434805 91 0.04029965400695801
91 0 434896 91 0.040343523025512695
91 0 434987 91 0.04026436805725098
91 0 435078 91 0.04026508331298828
91 0 435169 91 0.04029417037963867
91 0 435260 91 0.040355682373046875
91 0 435351 91 0.0403141975402832
91 0 435442 91 0.04028630256652832
91 0 435533 91 0.040279388427734375
91 0 435624 91 0.04038095474243164
91 0 435715 91 0.04039454460144043
91 0 435806 91 0.0403285026550293
91 0 435897 91 0.04031538963317871
91 0 435988 91 0.04033374786376953
91 0 436079 91 0.040399789810180664
91 0 436170 91 0.04046797752380371
91 0 436261 91 0.040328264236450195
91 0 436352 91 0.04036307334899902
91 0 436443 91 0.04039335250854492
91 0 436534 91 0.04042649269104004
91 0 436625 91 0.04038095474243164
90 0 429282 90 0.03767561912536621
0 91 429282 2983 0.11052727699279785
91 0 432356 91 0.03967165946960449
91 0 432447 91 0.03807520866394043
91 0 432538 91 0.03787040710449219
91 0 432629 91 0.03793478012084961
91 0 432720 91 0.03799724578857422
91 0 432811 91 0.03795790672302246
91 0 432902 91 0.037956953048706055
91 0 432993 91 0.0379791259765625
91 0 433084 91 0.037789106369018555
91 0 433175 91 0.0377349853515625
91 0 433266 91 0.03772783279418945
91 0 433357 91 0.03772091865539551
91 0 433448 91 0.03776884078979492
91 0 433539 91 0.03787827491760254
91 0 433630 91 0.03784298896789551
91 0 433721 91 0.03782224655151367
91 0 433812 91 0.0377964973449707
91 0 433903 91 0.0377960205078125
91 0 433994 91 0.03781580924987793
91 0 434085 91 0.03783154487609863
91 0 434176 91 0.03784441947937012
91 0 434267 91 0.03777885437011719
91 0 434358 91 0.037819623947143555
91 0 434449 91 0.037853240966796875
91 0 434540 91 0.03783559799194336
91 0 434631 91 0.037789344787597656
91 0 434722 91 0.037813663482666016
91 0 434813 91 0.037856101989746094
91 0 434904 91 0.03788614273071289
91 0 434995 91 0.03790736198425293
91 0 435086 91 0.0378572940826416
91 0 435177 91 0.037834882736206055
91 0 435268 91 0.03790450096130371
91 0 435359 91 0.03794670104980469
91 0 435450 91 0.03791451454162598
91 0 435541 91 0.037851810455322266
91 0 435632 91 0.03787827491760254
91 0 435723 91 0.0379939079284668
90 0 431397 90 0.03793931007385254
0 91 431397 2909 0.10692667961120605
91 0 434397 91 0.0397336483001709
91 0 434488 91 0.03844571113586426
91 0 434579 91 0.038187265396118164
91 0 434670 91 0.03815412521362305
91 0 434761 91 0.038132667541503906
91 0 434852 91 0.03812694549560547
91 0 434943 91 0.038117408752441406
91 0 435034 91 0.03815817832946777
91 0 435125 91 0.038175344467163086
91 0 435216 91 0.03803539276123047
90 0 432570 90 0.03735709190368652
0 91 432570 4043 0.13887715339660645
91 0 436704 91 0.04132699966430664
91 0 436795 91 0.03925728797912598
91 0 436886 91 0.03892660140991211
91 0 436977 91 0.03896331787109375
91 0 437068 91 0.038976430892944336
91 0 437159 91 0.03888535499572754
91 0 437250 91 0.038901329040527344
91 0 437341 91 0.038954973220825195
91 0 437432 91 0.03886079788208008
91 0 437523 91 0.03876662254333496
91 0 437614 91 0.03879237174987793
91 0 437705 91 0.03879141807556152
91 0 437796 91 0.03874492645263672
91 0 437887 91 0.038741350173950195
90 0 434443 90 0.04161381721496582
0 91 434443 4096 0.1441190242767334
0 90 436620 2480 0.11288142204284668
90 0 439190 90 0.04012942314147949
90 0 439280 90 0.03930974006652832
90 0 439370 90 0.03914451599121094
90 0 439460 90 0.03919363021850586
90 0 439550 90 0.03916335105895996
90 0 439640 90 0.03925442695617676
90 0 439730 90 0.039115190505981445
90 0 439820 90 0.039208412170410156
90 0 439910 90 0.0390162467956543
89 0 432919 89 0.03816676139831543
0 90 432919 1574 0.07333111763000488
90 0 434583 90 0.0403752326965332
90 0 434673 90 0.038875579833984375
90 0 434763 90 0.0383915901184082
90 0 434853 90 0.0382990837097168
90 0 434943 90 0.03831791877746582
90 0 435033 90 0.0383150577545166
90 0 435123 90 0.03835153579711914
90 0 435213 90 0.03838205337524414
90 0 435303 90 0.038378238677978516
90 0 435393 90 0.03819894790649414
90 0 435483 90 0.03819847106933594
90 0 435573 90 0.03821754455566406
90 0 435663 90 0.03814125061035156
90 0 435753 90 0.03816986083984375
90 0 435843 90 0.038222312927246094
90 0 435933 90 0.03822159767150879
90 0 436023 90 0.03826570510864258
90 0 436113 90 0.038329362869262695
90 0 436203 90 0.03818821907043457
90 0 436293 90 0.03827095031738281
90 0 436383 90 0.038255929946899414
90 0 436473 90 0.0382235050201416
90 0 436563 90 0.03823351860046387
90 0 436653 90 0.03824639320373535
90 0 436743 90 0.03829336166381836
90 0 436833 90 0.038289785385131836
90 0 436923 90 0.03826713562011719
90 0 437013 90 0.03823733329772949
90 0 437103 90 0.03822612762451172
89 0 434165 89 0.03830766677856445
89 0 434254 89 0.038312435150146484
89 0 434343 89 0.038271188735961914
89 0 434432 89 0.0382535457611084
89 0 434521 89 0.03828287124633789
89 0 434610 89 0.03833317756652832
89 0 434699 89 0.038338661193847656
89 0 434788 89 0.03827261924743652
89 0 434877 89 0.03828883171081543
89 0 434966 89 0.038332462310791016
89 0 435055 89 0.03837394714355469
89 0 435144 89 0.03836703300476074
89 0 435233 89 0.038327932357788086
89 0 435322 89 0.03827333450317383
89 0 435411 89 0.038365840911865234
89 0 435500 89 0.03837871551513672
89 0 435589 89 0.038466453552246094
89 0 435678 89 0.038313865661621094
89 0 435767 89 0.038312435150146484
89 0 435856 89 0.038407325744628906
89 0 435945 89 0.03840446472167969
89 0 436034 89 0.03837275505065918
89 0 436123 89 0.038370609283447266
89 0 436212 89 0.03835558891296387
89 0 436301 89 0.03842473030090332
89 0 436390 89 0.0384373664855957
89 0 436479 89 0.038402557373046875
89 0 436568 89 0.03838014602661133
89 0 436657 89 0.038419485092163086
89 0 436746 89 0.03845691680908203
89 0 436835 89 0.0384521484375
89 0 436924 89 0.03839850425720215
89 0 437013 89 0.03840804100036621
89 0 437102 89 0.03842759132385254
89 0 437191 89 0.03845858573913574
89 0 437280 89 0.03847336769104004
89 0 437369 89 0.038439035415649414
89 0 437458 89 0.038419246673583984
89 0 437547 89 0.03847646713256836
89 0 437636 89 0.03850126266479492
89 0 437725 89 0.038486480712890625
89 0 437814 89 0.038439035415649414
89 0 437903 89 0.03842449188232422
89 0 437992 89 0.03852558135986328
89 0 438081 89 0.038591623306274414
89 0 438170 89 0.038489341735839844
88 0 432474 88 0.037039995193481445
0 89 432474 2910 0.10949516296386719
89 0 435473 89 0.0408480167388916
89 0 435562 89 0.03891277313232422
89 0 435651 89 0.03871583938598633
89 0 435740 89 0.03870439529418945
89 0 435829 89 0.038667917251586914
89 0 435918 89 0.03877139091491699
89 0 436007 89 0.03875231742858887
89 0 436096 89 0.038722991943359375
89 0 436185 89 0.03850555419921875
89 0 436274 89 0.03848910331726074
89 0 436363 89 0.038611650466918945
89 0 436452 89 0.03862142562866211
89 0 436541 89 0.03856229782104492
89 0 436630 89 0.03854990005493164
89 0 436719 89 0.03853487968444824
89 0 436808 89 0.03859758377075195
89 0 436897 89 0.038597822189331055
89 0 436986 89 0.03859519958496094
89 0 437075 89 0.03858184814453125
89 0 437164 89 0.038594722747802734
89 0 437253 89 0.03865981101989746
89 0 437342 89 0.038636207580566406
88 0 431585 88 0.03754830360412598
0 88 428758 4095 0.13836669921875
0 89 432853 4096 0.14996767044067383
0 89 436949 3339 0.13575005531311035
89 0 440377 89 0.04006671905517578
89 0 440466 89 0.038161516189575195
89 0 440555 89 0.037934064865112305
89 0 440644 89 0.03782081604003906
89 0 440733 89 0.03784441947937012
89 0 440822 89 0.037781715393066406
89 0 440911 89 0.03776812553405762
89 0 441000 89 0.037833213806152344
89 0 441089 89 0.037766218185424805
89 0 441178 89 0.03765988349914551
89 0 441267 89 0.03765130043029785
88 0 434801 88 0.03695559501647949
0 89 434801 2590 0.10087704658508301
89 0 437480 89 0.04254627227783203
89 0 437569 89 0.040724754333496094
88 0 434620 88 0.03849005699157715
0 89 434620 4096 0.14410805702209473
0 89 438716 2695 0.12168312072753906
89 0 441500 89 0.04182577133178711
89 0 441589 89 0.040947914123535156
89 0 441678 89 0.03995394706726074
88 0 434583 88 0.03819155693054199
0 89 434583 4096 0.1454012393951416
0 88 434252 2811 0.12234020233154297
87 0 430273 87 0.038692474365234375
0 88 430273 4096 0.14409089088439941
0 88 434369 1161 0.06078982353210449
88 0 435618 88 0.03853750228881836
88 0 435706 88 0.03763604164123535
88 0 435794 88 0.03737235069274902
88 0 435882 88 0.037482261657714844
88 0 435970 88 0.03745150566101074
88 0 436058 88 0.03743791580200195
88 0 436146 88 0.03740334510803223
88 0 436234 88 0.03735923767089844
88 0 436322 88 0.03724551200866699
88 0 436410 88 0.03718900680541992
88 0 436498 88 0.037200212478637695
88 0 436586 88 0.037224769592285156
88 0 436674 88 0.03729963302612305
88 0 436762 88 0.037271976470947266
88 0 436850 88 0.03722524642944336
88 0 436938 88 0.03724384307861328
88 0 437026 88 0.03725004196166992
88 0 437114 88 0.0372920036315918
88 0 437202 88 0.037279367446899414
88 0 437290 88 0.037245750427246094
88 0 437378 88 0.03728437423706055
88 0 437466 88 0.03725767135620117
88 0 437554 88 0.03728771209716797
88 0 437642 88 0.03731822967529297
88 0 437730 88 0.03724026679992676
88 0 437818 88 0.03730154037475586
88 0 437906 88 0.037291765213012695
88 0 437994 88 0.03732633590698242
88 0 438082 88 0.03733563423156738
88 0 438170 88 0.037259817123413086
88 0 438258 88 0.037261247634887695
88 0 438346 88 0.03733205795288086
88 0 438434 88 0.03744840621948242
88 0 438522 88 0.03732895851135254
88 0 438610 88 0.03729581832885742
88 0 438698 88 0.03730273246765137
88 0 438786 88 0.03736758232116699
88 0 438874 88 0.03738212585449219
88 0 438962 88 0.037401676177978516
88 0 439050 88 0.03729128837585449
88 0 439138 88 0.03729414939880371
88 0 439226 88 0.03744173049926758
88 0 439314 88 0.037412166595458984
88 0 439402 88 0.037381649017333984
88 0 439490 88 0.037337541580200195
88 0 439578 88 0.037340641021728516
88 0 439666 88 0.03739285469055176
88 0 439754 88 0.03744149208068848
88 0 439842 88 0.03736257553100586
88 0 439930 88 0.03739166259765625
88 0 440018 88 0.03736710548400879
88 0 440106 88 0.037420034408569336
88 0 440194 88 0.0374453067779541
88 0 440282 88 0.03739595413208008
88 0 440370 88 0.0373685359954834
88 0 440458 88 0.03737330436706543
88 0 440546 88 0.03745245933532715
87 0 438191 87 0.038495540618896484
87 0 438278 87 0.03844428062438965
86 0 430501 86 0.03771495819091797
0 87 430501 4096 0.14436650276184082
0 88 434597 4096 0.1627962589263916
0 88 438693 1120 0.055155277252197266
88 0 439901 88 0.04118967056274414
88 0 439989 88 0.038897037506103516
88 0 440077 88 0.0386044979095459
88 0 440165 88 0.0385587215423584
88 0 440253 88 0.03860950469970703
88 0 440341 88 0.03860950469970703
88 0 440429 88 0.03851175308227539
88 0 440517 88 0.038512229919433594
88 0 440605 88 0.038495540618896484
88 0 440693 88 0.038430213928222656
88 0 440781 88 0.03842616081237793
88 0 440869 88 0.03839302062988281
88 0 440957 88 0.03837227821350098
88 0 441045 88 0.03847026824951172
88 0 441133 88 0.03844594955444336
88 0 441221 88 0.038419246673583984
88 0 441309 88 0.038399457931518555
88 0 441397 88 0.038422584533691406
88 0 441485 88 0.03850674629211426
88 0 441573 88 0.03851008415222168
88 0 441661 88 0.038452863693237305
87 0 434508 87 0.036054372787475586
87 0 434595 87 0.03604769706726074
87 0 434682 87 0.03608441352844238
87 0 434769 87 0.03606534004211426
87 0 434856 87 0.03606700897216797
87 0 434943 87 0.0360713005065918
87 0 435030 87 0.03607749938964844
87 0 435117 87 0.03609752655029297
87 0 435204 87 0.036103248596191406
87 0 435291 87 0.03609466552734375
86 0 430921 86 0.03962111473083496
0 87 430921 4096 0.1453559398651123
0 87 428722 4096 0.1674201488494873
0 87 432818 4096 0.15030741691589355
0 87 436914 2716 0.12313723564147949
87 0 439717 87 0.03923392295837402
87 0 439804 87 0.0379490852355957
87 0 439891 87 0.03762412071228027
87 0 439978 87 0.03760027885437012
87 0 440065 87 0.03762459754943848
87 0 440152 87 0.0377047061920166
87 0 440239 87 0.037726402282714844
87 0 440326 87 0.03769874572753906
87 0 440413 87 0.03755950927734375
87 0 440500 87 0.03737139701843262
87 0 440587 87 0.037450551986694336
86 0 436452 86 0.037457942962646484
86 0 436538 86 0.03752875328063965
86 0 436624 86 0.03757023811340332
86 0 436710 86 0.03755378723144531
86 0 436796 86 0.03749966621398926
85 0 433438 85 0.03742337226867676
0 86 433438 3857 0.1354355812072754
86 0 437381 86 0.04037976264953613
86 0 437467 86 0.038741111755371094
86 0 437553 86 0.03778529167175293
86 0 437639 86 0.03779101371765137
86 0 437725 86 0.037665367126464844
86 0 437811 86 0.03766798973083496
86 0 437897 86 0.03767108917236328
86 0 437983 86 0.03766489028930664
86 0 438069 86 0.03768205642700195
86 0 438155 86 0.03754711151123047
86 0 438241 86 0.03760194778442383
86 0 438327 86 0.03754448890686035
86 0 438413 86 0.03750896453857422
86 0 438499 86 0.03750419616699219
86 0 438585 86 0.03763437271118164
86 0 438671 86 0.0375523567199707
86 0 438757 86 0.03759288787841797
86 0 438843 86 0.03757643699645996
86 0 438929 86 0.03754591941833496
86 0 439015 86 0.03757500648498535
86 0 439101 86 0.03759503364562988
86 0 439187 86 0.03754830360412598
86 0 439273 86 0.03754687309265137
86 0 439359 86 0.03755521774291992
86 0 439445 86 0.037592411041259766
86 0 439531 86 0.0375826358795166
86 0 439617 86 0.03756308555603027
86 0 439703 86 0.03765749931335449
85 0 436815 85 0.03954052925109863
0 85 430622 4095 0.13852167129516602
0 86 434717 4096 0.15278863906860352
0 86 438813 313 0.03445076942443848
86 0 439212 86 0.038262128829956055
86 0 439298 86 0.037677764892578125
86 0 439384 86 0.037656307220458984
85 0 432813 85 0.03482222557067871
0 86 432813 4096 0.14513516426086426
0 87 436909 4096 0.14869213104248047
0 87 441005 312 0.034193992614746094
87 0 441404 87 0.035660743713378906
87 0 441491 87 0.034912109375
87 0 441578 87 0.0348513126373291
87 0 441665 87 0.03493523597717285
86 0 435783 86 0.034908294677734375
86 0 435869 86 0.03489184379577637
86 0 435955 86 0.03484606742858887
86 0 436041 86 0.03487730026245117
86 0 436127 86 0.03479599952697754
86 0 436213 86 0.03470730781555176
86 0 436299 86 0.034719228744506836
86 0 436385 86 0.03471231460571289
86 0 436471 86 0.034682512283325195
86 0 436557 86 0.03475069999694824
86 0 436643 86 0.03471517562866211
86 0 436729 86 0.03470492362976074
85 0 431779 85 0.03673052787780762
0 86 431779 4096 0.14544939994812012
0 87 435875 4096 0.15107941627502441
0 87 439971 868 0.05086207389831543
87 0 440926 87 0.03879356384277344
87 0 441013 87 0.0380401611328125
87 0 441100 87 0.03793954849243164
87 0 441187 87 0.03795218467712402
87 0 441274 87 0.0379941463470459
87 0 441361 87 0.038008928298950195
87 0 441448 87 0.03803205490112305
87 0 441535 87 0.0379185676574707
87 0 441622 87 0.03773331642150879
87 0 441709 87 0.037746429443359375
87 0 441796 87 0.037816524505615234
87 0 441883 87 0.03781485557556152
87 0 441970 87 0.03779959678649902
87 0 442057 87 0.037787675857543945
87 0 442144 87 0.03782796859741211
87 0 442231 87 0.037862539291381836
87 0 442318 87 0.03783464431762695
87 0 442405 87 0.03779911994934082
87 0 442492 87 0.03779768943786621
86 0 433933 86 0.03643536567687988
0 87 433933 4096 0.14392852783203125
0 87 438029 981 0.054071664810180664
87 0 439097 87 0.03895688056945801
86 0 434657 86 0.03668069839477539
86 0 434743 86 0.03614091873168945
86 0 434829 86 0.03605461120605469
86 0 434915 86 0.036099910736083984
86 0 435001 86 0.03613448143005371
86 0 435087 86 0.036087751388549805
86 0 435173 86 0.036138296127319336
86 0 435259 86 0.0361027717590332
86 0 435345 86 0.0359349250793457
86 0 435431 86 0.03593087196350098
86 0 435517 86 0.03596639633178711
86 0 435603 86 0.03592085838317871
86 0 435689 86 0.035980939865112305
86 0 435775 86 0.03593850135803223
86 0 435861 86 0.03592419624328613
86 0 435947 86 0.03601527214050293
86 0 436033 86 0.03597140312194824
86 0 436119 86 0.0359649658203125
86 0 436205 86 0.03596138954162598
85 0 433525 85 0.03607821464538574
0 86 433525 4096 0.14505457878112793
0 86 437621 2158 0.10235357284545898
86 0 439865 86 0.04099082946777344
86 0 439951 86 0.03938913345336914
86 0 440037 86 0.03913569450378418
86 0 440123 86 0.03912615776062012
86 0 440209 86 0.03919792175292969
85 0 437058 85 0.03917884826660156
85 0 437143 85 0.039206504821777344
85 0 437228 85 0.03922843933105469
85 0 437313 85 0.03907012939453125
85 0 437398 85 0.038982391357421875
84 0 432835 84 0.03902006149291992
84 0 432919 84 0.03895401954650879
84 0 433003 84 0.03899574279785156
84 0 433087 84 0.039017677307128906
84 0 433171 84 0.039003849029541016
84 0 433255 84 0.038997650146484375
84 0 433339 84 0.039037227630615234
84 0 433423 84 0.039057254791259766
84 0 433507 84 0.03898310661315918
84 0 433591 84 0.038977861404418945
84 0 433675 84 0.03903055191040039
84 0 433759 84 0.03906416893005371
84 0 433843 84 0.039069175720214844
84 0 433927 84 0.03902125358581543
84 0 434011 84 0.03898215293884277
84 0 434095 84 0.03908538818359375
84 0 434179 84 0.03906726837158203
84 0 434263 84 0.03906607627868652
84 0 434347 84 0.03903675079345703
84 0 434431 84 0.03901791572570801
84 0 434515 84 0.03911709785461426
84 0 434599 84 0.03913092613220215
84 0 434683 84 0.0390467643737793
84 0 434767 84 0.03908038139343262
84 0 434851 84 0.03906702995300293
84 0 434935 84 0.03912234306335449
84 0 435019 84 0.0391387939453125
84 0 435103 84 0.039093017578125
84 0 435187 84 0.03911232948303223
84 0 435271 84 0.039110422134399414
84 0 435355 84 0.03913688659667969
84 0 435439 84 0.039113521575927734
84 0 435523 84 0.039118051528930664
84 0 435607 84 0.03908967971801758
84 0 435691 84 0.03917503356933594
84 0 435775 84 0.03914022445678711
84 0 435859 84 0.039157867431640625
84 0 435943 84 0.03916645050048828
84 0 436027 84 0.039177656173706055
83 0 427702 83 0.03790879249572754
0 84 427702 4096 0.14530110359191895
0 85 431798 4096 0.16789722442626953
0 85 435894 4096 0.14795756340026855
0 84 432902 630 0.045022010803222656
84 0 433616 84 0.03818178176879883
84 0 433700 84 0.03780841827392578
84 0 433784 84 0.037790536880493164
84 0 433868 84 0.03780102729797363
84 0 433952 84 0.03776240348815918
83 0 426412 83 0.039284706115722656
0 84 426412 4096 0.14442920684814453
0 85 430508 4096 0.1611473560333252
0 86 434604 1581 0.07562565803527832
86 0 436271 86 0.04123258590698242
86 0 436357 86 0.04029440879821777
86 0 436443 86 0.039942026138305664
86 0 436529 86 0.04001474380493164
86 0 436615 86 0.0400693416595459
86 0 436701 86 0.04008364677429199
86 0 436787 86 0.039957284927368164
86 0 436873 86 0.039962053298950195
86 0 436959 86 0.039801597595214844
86 0 437045 86 0.0397946834564209
86 0 437131 86 0.03984665870666504
86 0 437217 86 0.03984236717224121
86 0 437303 86 0.03991127014160156
86 0 437389 86 0.03982377052307129
86 0 437475 86 0.03983473777770996
86 0 437561 86 0.03994631767272949
86 0 437647 86 0.03996086120605469
86 0 437733 86 0.03990316390991211
86 0 437819 86 0.03984260559082031
86 0 437905 86 0.03984212875366211
86 0 437991 86 0.0399777889251709
86 0 438077 86 0.03996920585632324
86 0 438163 86 0.03988027572631836
86 0 438249 86 0.03989052772521973
86 0 438335 86 0.03995513916015625
86 0 438421 86 0.039939165115356445
86 0 438507 86 0.03999471664428711
86 0 438593 86 0.03988289833068848
86 0 438679 86 0.039914846420288086
86 0 438765 86 0.04002737998962402
86 0 438851 86 0.039986371994018555
86 0 438937 86 0.03994584083557129
86 0 439023 86 0.039963722229003906
86 0 439109 86 0.039960384368896484
86 0 439195 86 0.03997659683227539
86 0 439281 86 0.039987802505493164
86 0 439367 86 0.03994488716125488
86 0 439453 86 0.03995943069458008
85 0 431961 85 0.03667402267456055
0 85 425257 4095 0.14193964004516602
0 86 429352 4096 0.1459357738494873
0 86 433448 3615 0.15306496620178223
86 0 437149 86 0.03993487358093262
86 0 437235 86 0.03870081901550293
86 0 437321 86 0.038478851318359375
86 0 437407 86 0.03846931457519531
86 0 437493 86 0.0385134220123291
86 0 437579 86 0.03849029541015625
86 0 437665 86 0.03851509094238281
86 0 437751 86 0.03843379020690918
85 0 432142 85 0.03758502006530762
85 0 432227 85 0.03741145133972168
85 0 432312 85 0.03743910789489746
85 0 432397 85 0.03747701644897461
85 0 432482 85 0.03755497932434082
85 0 432567 85 0.037578582763671875
85 0 432652 85 0.03753304481506348
85 0 432737 85 0.03745293617248535
85 0 432822 85 0.037485599517822266
85 0 432907 85 0.037514448165893555
85 0 432992 85 0.03755998611450195
85 0 433077 85 0.03751111030578613
85 0 433162 85 0.03748750686645508
85 0 433247 85 0.03751802444458008
85 0 433332 85 0.03757023811340332
85 0 433417 85 0.037573814392089844
85 0 433502 85 0.037514686584472656
85 0 433587 85 0.03750944137573242
85 0 433672 85 0.037535667419433594
85 0 433757 85 0.0375974178314209
85 0 433842 85 0.03764486312866211
85 0 433927 85 0.037539005279541016
85 0 434012 85 0.037552595138549805
85 0 434097 85 0.03757619857788086
85 0 434182 85 0.03763628005981445
85 0 434267 85 0.037595272064208984
85 0 434352 85 0.03757166862487793
85 0 434437 85 0.03757429122924805
85 0 434522 85 0.03764057159423828
85 0 434607 85 0.037616729736328125
85 0 434692 85 0.037647247314453125
85 0 434777 85 0.03756213188171387
84 0 432597 84 0.03585028648376465
0 85 432597 4096 0.14591455459594727
0 85 436693 4054 0.1655738353729248
85 0 440832 85 0.0404667854309082
85 0 440917 85 0.03923916816711426
85 0 441002 85 0.03894615173339844
85 0 441087 85 0.03887820243835449
85 0 441172 85 0.03886818885803223
85 0 441257 85 0.03884172439575195
85 0 441342 85 0.038892507553100586
85 0 441427 85 0.03894329071044922
85 0 441512 85 0.03889179229736328
85 0 441597 85 0.038629770278930664
85 0 441682 85 0.03865981101989746
85 0 441767 85 0.03867006301879883
85 0 441852 85 0.038697242736816406
85 0 441937 85 0.038732051849365234
85 0 442022 85 0.03876209259033203
85 0 442107 85 0.038779258728027344
85 0 442192 85 0.03870344161987305
83 0 434033 83 0.03914070129394531
0 85 434033 4096 0.13939237594604492
0 86 438129 2109 0.09105396270751953
86 0 440324 86 0.04166841506958008
86 0 440410 86 0.04042363166809082
86 0 440496 86 0.039402008056640625
86 0 440582 86 0.03942680358886719
86 0 440668 86 0.03948092460632324
86 0 440754 86 0.0394594669342041
86 0 440840 86 0.039429426193237305
86 0 440926 86 0.039391279220581055
86 0 441012 86 0.039287567138671875
86 0 441098 86 0.03924202919006348
86 0 441184 86 0.03928780555725098
86 0 441270 86 0.03936934471130371
86 0 441356 86 0.03924369812011719
86 0 441442 86 0.03927803039550781
86 0 441528 86 0.03928661346435547
86 0 441614 86 0.039264678955078125
85 0 438572 85 0.039432525634765625
0 86 438572 2842 0.10836362838745117
86 0 441500 86 0.040999650955200195
86 0 441586 86 0.03989386558532715
86 0 441672 86 0.039669036865234375
86 0 441758 86 0.03965473175048828
85 0 439542 85 0.040374040603637695
85 0 439627 85 0.040370941162109375
85 0 439712 85 0.04034996032714844
85 0 439797 85 0.0404057502746582
85 0 439882 85 0.04023098945617676
85 0 439967 85 0.04019951820373535
85 0 440052 85 0.040184736251831055
85 0 440137 85 0.04019618034362793
85 0 440222 85 0.040270328521728516
85 0 440307 85 0.040252685546875
85 0 440392 85 0.040163278579711914
84 0 436676 84 0.03988313674926758
0 85 436676 3572 0.12645554542541504
85 0 440333 85 0.04253506660461426
85 0 440418 85 0.04133343696594238
85 0 440503 85 0.040163516998291016
85 0 440588 85 0.04021286964416504
85 0 440673 85 0.0402064323425293
84 0 437661 84 0.03873848915100098
84 0 437745 84 0.038730621337890625
84 0 437829 84 0.03867626190185547
83 0 432587 83 0.03734016418457031
0 84 432587 4096 0.14541339874267578
0 85 436683 1928 0.08318805694580078
85 0 438696 85 0.04126787185668945
85 0 438781 85 0.03831887245178223
85 0 438866 85 0.037919044494628906
85 0 438951 85 0.037950754165649414
85 0 439036 85 0.038055419921875
85 0 439121 85 0.03798341751098633
85 0 439206 85 0.03791165351867676
85 0 439291 85 0.037938594818115234
85 0 439376 85 0.037833452224731445
85 0 439461 85 0.037760019302368164
85 0 439546 85 0.037770986557006836
85 0 439631 85 0.03773641586303711
85 0 439716 85 0.03774237632751465
85 0 439801 85 0.0378108024597168
85 0 439886 85 0.03782296180725098
84 0 434224 84 0.03942251205444336
0 86 434224 2768 0.10101675987243652
86 0 437078 86 0.04229998588562012
86 0 437164 86 0.040574073791503906
86 0 437250 86 0.03973197937011719
86 0 437336 86 0.039716482162475586
86 0 437422 86 0.039850473403930664
86 0 437508 86 0.039730072021484375
86 0 437594 86 0.03983283042907715
86 0 437680 86 0.03983473777770996
86 0 437766 86 0.03969311714172363
86 0 437852 86 0.0394892692565918
86 0 437938 86 0.03947782516479492
86 0 438024 86 0.0395052433013916
86 0 438110 86 0.03956770896911621
86 0 438196 86 0.03962421417236328
86 0 438282 86 0.03962421417236328
86 0 438368 86 0.03960585594177246
86 0 438454 86 0.03955793380737305
86 0 438540 86 0.03963470458984375
86 0 438626 86 0.03957867622375488
86 0 438712 86 0.03966021537780762
86 0 438798 86 0.039609670639038086
86 0 438884 86 0.03958535194396973
86 0 438970 86 0.03963732719421387
86 0 439056 86 0.039646148681640625
86 0 439142 86 0.039646148681640625
85 0 431662 85 0.038071632385253906
0 86 431662 4096 0.14461374282836914
0 86 435758 520 0.04339337348937988
86 0 436364 86 0.03899502754211426
86 0 436450 86 0.03835272789001465
86 0 436536 86 0.038381099700927734
86 0 436622 86 0.03835582733154297
86 0 436708 86 0.03833889961242676
86 0 436794 86 0.038323163986206055
86 0 436880 86 0.03828096389770508
86 0 436966 86 0.03820490837097168
86 0 437052 86 0.038127899169921875
86 0 437138 86 0.038160085678100586
86 0 437224 86 0.03813791275024414
86 0 437310 86 0.03812098503112793
86 0 437396 86 0.03814291954040527
86 0 437482 86 0.03816485404968262
86 0 437568 86 0.03814506530761719
86 0 437654 86 0.03814363479614258
86 0 437740 86 0.03810715675354004
86 0 437826 86 0.03818488121032715
86 0 437912 86 0.038188934326171875
86 0 437998 86 0.03818058967590332
86 0 438084 86 0.03814840316772461
86 0 438170 86 0.03814888000488281
86 0 438256 86 0.0381929874420166
86 0 438342 86 0.038178205490112305
86 0 438428 86 0.03819751739501953
85 0 436294 85 0.039238929748535156
85 0 436379 85 0.039244890213012695
85 0 436464 85 0.039316654205322266
85 0 436549 85 0.0392916202545166
85 0 436634 85 0.039283037185668945
85 0 436719 85 0.039243221282958984
85 0 436804 85 0.039281368255615234
85 0 436889 85 0.03932023048400879
85 0 436974 85 0.0393223762512207
85 0 437059 85 0.03928637504577637
85 0 437144 85 0.03928232192993164
85 0 437229 85 0.039359331130981445
85 0 437314 85 0.03934359550476074
85 0 437399 85 0.03931856155395508
85 0 437484 85 0.03930377960205078
85 0 437569 85 0.03930187225341797
85 0 437654 85 0.03939414024353027
85 0 437739 85 0.03938126564025879
85 0 437824 85 0.039365291595458984
85 0 437909 85 0.03934741020202637
85 0 437994 85 0.039362430572509766
85 0 438079 85 0.0393986701965332
85 0 438164 85 0.039418935775756836
85 0 438249 85 0.03927874565124512
85 0 438334 85 0.03937196731567383
85 0 438419 85 0.03944849967956543
85 0 438504 85 0.03943371772766113
85 0 438589 85 0.039333343505859375
84 0 429588 84 0.03780937194824219
0 85 429588 4096 0.14618754386901855
0 85 429898 4096 0.14932870864868164
0 85 433994 3833 0.150770902633667
85 0 437912 85 0.04018259048461914
85 0 437997 85 0.03864693641662598
85 0 438082 85 0.03814506530761719
85 0 438167 85 0.03810524940490723
85 0 438252 85 0.03800201416015625
85 0 438337 85 0.03797650337219238
85 0 438422 85 0.03805947303771973
85 0 438507 85 0.038159847259521484
85 0 438592 85 0.038033246994018555
85 0 438677 85 0.03791928291320801
85 0 438762 85 0.03793191909790039
85 0 438847 85 0.03789043426513672
85 0 438932 85 0.03787970542907715
85 0 439017 85 0.03792428970336914
85 0 439102 85 0.03793835639953613
85 0 439187 85 0.03799271583557129
85 0 439272 85 0.0378718376159668
85 0 439357 85 0.03793478012084961
85 0 439442 85 0.037921905517578125
85 0 439527 85 0.03801584243774414
85 0 439612 85 0.038019657135009766
85 0 439697 85 0.03793764114379883
85 0 439782 85 0.03792858123779297
85 0 439867 85 0.0379948616027832
85 0 439952 85 0.03803372383117676
85 0 440037 85 0.03801560401916504
84 0 433349 84 0.03657078742980957
0 86 433349 4096 0.14064550399780273
0 86 437445 2039 0.08703970909118652
86 0 439570 86 0.0380406379699707
85 0 433752 85 0.03813481330871582
85 0 433837 85 0.03797793388366699
85 0 433922 85 0.03793931007385254
85 0 434007 85 0.037962913513183594
85 0 434092 85 0.037955522537231445
85 0 434177 85 0.03794360160827637
85 0 434262 85 0.03805708885192871
85 0 434347 85 0.03789806365966797
85 0 434432 85 0.037896156311035156
84 0 431121 84 0.03808236122131348
84 0 431205 84 0.03809022903442383
83 0 423975 83 0.037271976470947266
0 84 423975 4096 0.14568090438842773
0 84 428071 3816 0.15939092636108398
84 0 431971 84 0.04016232490539551
84 0 432055 84 0.03861832618713379
84 0 432139 84 0.03799915313720703
84 0 432223 84 0.037935733795166016
84 0 432307 84 0.03793454170227051
84 0 432391 84 0.03802347183227539
84 0 432475 84 0.03812694549560547
84 0 432559 84 0.03806781768798828
84 0 432643 84 0.0379483699798584
84 0 432727 84 0.037737131118774414
84 0 432811 84 0.037801504135131836
84 0 432895 84 0.037837982177734375
84 0 432979 84 0.0378265380859375
84 0 433063 84 0.03782510757446289
84 0 433147 84 0.0378117561340332
84 0 433231 84 0.03790616989135742
84 0 433315 84 0.03803420066833496
84 0 433399 84 0.03800535202026367
84 0 433483 84 0.037858009338378906
84 0 433567 84 0.03784918785095215
84 0 433651 84 0.03804492950439453
84 0 433735 84 0.038025856018066406
84 0 433819 84 0.03791308403015137
84 0 433903 84 0.037858009338378906
84 0 433987 84 0.0379023551940918
84 0 434071 84 0.03803515434265137
84 0 434155 84 0.03808474540710449
84 0 434239 84 0.0379946231842041
84 0 434323 84 0.038047075271606445
84 0 434407 84 0.03794693946838379
84 0 434491 84 0.038027286529541016
84 0 434575 84 0.03798675537109375
84 0 434659 84 0.03795123100280762
84 0 434743 84 0.037982940673828125
84 0 434827 84 0.037981271743774414
84 0 434911 84 0.038095712661743164
84 0 434995 84 0.03798222541809082
84 0 435079 84 0.03792738914489746
84 0 435163 84 0.0379948616027832
84 0 435247 84 0.03804492950439453
84 0 435331 84 0.03813576698303223
84 0 435415 84 0.03801774978637695
84 0 435499 84 0.037941694259643555
84 0 435583 84 0.03795456886291504
84 0 435667 84 0.038031578063964844
84 0 435751 84 0.03803658485412598
84 0 435835 84 0.03797507286071777
84 0 435919 84 0.03795480728149414
84 0 436003 84 0.03803229331970215
84 0 436087 84 0.03817152976989746
83 0 426058 83 0.03851127624511719
0 84 426058 4096 0.14488649368286133
0 85 430154 4096 0.15989327430725098
0 84 426992 4096 0.15327119827270508
0 85 431088 4096 0.14843130111694336
0 84 429376 3435 0.1406548023223877
84 0 432895 84 0.038722991943359375
84 0 432979 84 0.03782081604003906
84 0 433063 84 0.03767871856689453
84 0 433147 84 0.03769850730895996
84 0 433231 84 0.03769731521606445
84 0 433315 84 0.03769493103027344
84 0 433399 84 0.03779292106628418
84 0 433483 84 0.03768348693847656
84 0 433567 84 0.037713050842285156
84 0 433651 84 0.03754878044128418
84 0 433735 84 0.03754305839538574
84 0 433819 84 0.03755354881286621
84 0 433903 84 0.03753399848937988
84 0 433987 84 0.03753948211669922
84 0 434071 84 0.037544965744018555
84 0 434155 84 0.03755784034729004
84 0 434239 84 0.037570953369140625
84 0 434323 84 0.03752899169921875
84 0 434407 84 0.03752899169921875
84 0 434491 84 0.037555694580078125
84 0 434575 84 0.037590742111206055
84 0 434659 84 0.03759503364562988
83 0 431876 83 0.03886103630065918
0 84 431876 4096 0.14531445503234863
0 84 435972 3580 0.14923501014709473
84 0 439636 84 0.03909468650817871
84 0 439720 84 0.037993669509887695
84 0 439804 84 0.037897586822509766
84 0 439888 84 0.03790116310119629
84 0 439972 84 0.03805661201477051
83 0 431204 83 0.0377812385559082
0 85 431204 4096 0.13844561576843262
0 85 435300 2474 0.10406661033630371
85 0 437859 85 0.04120349884033203
84 0 431760 84 0.0375211238861084
0 85 431760 4096 0.14482736587524414
0 85 435856 162 0.03083968162536621
85 0 436103 85 0.037656307220458984
85 0 436188 85 0.03691697120666504
85 0 436273 85 0.03687644004821777
85 0 436358 85 0.03693509101867676
85 0 436443 85 0.03693532943725586
85 0 436528 85 0.03699207305908203
85 0 436613 85 0.03691983222961426
85 0 436698 85 0.036871910095214844
85 0 436783 85 0.03678250312805176
85 0 436868 85 0.03670668601989746
85 0 436953 85 0.036690473556518555
85 0 437038 85 0.03680300712585449
85 0 437123 85 0.03679704666137695
85 0 437208 85 0.036827802658081055
84 0 431753 84 0.036791324615478516
0 85 431753 4096 0.14513826370239258
0 85 431551 4096 0.1696760654449463
0 86 435647 4096 0.1413569450378418
0 86 439743 479 0.03910422325134277
86 0 440308 86 0.03763842582702637
85 0 437172 85 0.03864169120788574
85 0 437257 85 0.03862285614013672
85 0 437342 85 0.03872227668762207
85 0 437427 85 0.038771629333496094
85 0 437512 85 0.03871965408325195
85 0 437597 85 0.0385897159576416
85 0 437682 85 0.0385890007019043
85 0 437767 85 0.03853893280029297
85 0 437852 85 0.038483381271362305
85 0 437937 85 0.03848910331726074
85 0 438022 85 0.038512468338012695
85 0 438107 85 0.038526296615600586
85 0 438192 85 0.038559913635253906
85 0 438277 85 0.03860807418823242
84 0 434464 84 0.03815817832946777
84 0 434548 84 0.038163185119628906
84 0 434632 84 0.03819990158081055
84 0 434716 84 0.03820300102233887
84 0 434800 84 0.03824329376220703
84 0 434884 84 0.03820681571960449
84 0 434968 84 0.03818798065185547
84 0 435052 84 0.03823351860046387
84 0 435136 84 0.038207292556762695
84 0 435220 84 0.038230180740356445
84 0 435304 84 0.03820490837097168
84 0 435388 84 0.03822803497314453
84 0 435472 84 0.0382845401763916
84 0 435556 84 0.03829073905944824
84 0 435640 84 0.03825020790100098
84 0 435724 84 0.03824043273925781
84 0 435808 84 0.03822612762451172
84 0 435892 84 0.03828716278076172
84 0 435976 84 0.038282155990600586
84 0 436060 84 0.03825998306274414
84 0 436144 84 0.038262128829956055
84 0 436228 84 0.0382993221282959
84 0 436312 84 0.038342952728271484
84 0 436396 84 0.038318634033203125
84 0 436480 84 0.03827834129333496
83 0 433390 83 0.03830313682556152
0 84 433390 4096 0.14645695686340332
0 84 437486 2780 0.12233424186706543
84 0 440350 84 0.03903388977050781
84 0 440434 84 0.03766226768493652
84 0 440518 84 0.03752565383911133
83 0 436759 83 0.038710832595825195
0 83 428765 4095 0.1382157802581787
0 83 424230 4096 0.17035460472106934
0 83 428326 4096 0.14825773239135742
0 84 432422 4096 0.15385794639587402
0 84 436518 1696 0.0818030834197998
84 0 438298 84 0.03939533233642578
84 0 438382 84 0.03793644905090332
84 0 438466 84 0.03780508041381836
84 0 438550 84 0.0378572940826416
84 0 438634 84 0.03783845901489258
84 0 438718 84 0.03787803649902344
84 0 438802 84 0.03791952133178711
84 0 438886 84 0.03795027732849121
84 0 438970 84 0.03782987594604492
84 0 439054 84 0.037676095962524414
84 0 439138 84 0.03763866424560547
84 0 439222 84 0.03768777847290039
84 0 439306 84 0.037667274475097656
84 0 439390 84 0.03777766227722168
84 0 439474 84 0.037746429443359375
84 0 439558 84 0.03773951530456543
84 0 439642 84 0.03771233558654785
84 0 439726 84 0.03771686553955078
84 0 439810 84 0.037770748138427734
84 0 439894 84 0.03776907920837402
84 0 439978 84 0.03772926330566406
84 0 440062 84 0.03772234916687012
84 0 440146 84 0.03775978088378906
84 0 440230 84 0.03782463073730469
84 0 440314 84 0.03779745101928711
84 0 440398 84 0.0377497673034668
84 0 440482 84 0.03772735595703125
84 0 440566 84 0.037805795669555664
84 0 440650 84 0.0378262996673584
84 0 440734 84 0.03779268264770508
84 0 440818 84 0.03775429725646973
84 0 440902 84 0.03775620460510254
84 0 440986 84 0.03784823417663574
84 0 441070 84 0.03786754608154297
84 0 441154 84 0.03784894943237305
84 0 441238 84 0.0377957820892334
83 0 438867 83 0.04192757606506348
0 84 438867 1127 0.05329585075378418
84 0 440078 84 0.04204988479614258
84 0 440162 84 0.04196453094482422
84 0 440246 84 0.04196739196777344
84 0 440330 84 0.04198408126831055
84 0 440414 84 0.04196047782897949
84 0 440498 84 0.04203939437866211
84 0 440582 84 0.0420689582824707
84 0 440666 84 0.042008399963378906
84 0 440750 84 0.04198718070983887
84 0 440834 84 0.0420527458190918
83 0 433424 83 0.03678250312805176
83 0 433507 83 0.03678536415100098
83 0 433590 83 0.036745548248291016
83 0 433673 83 0.03673434257507324
83 0 433756 83 0.03675675392150879
83 0 433839 83 0.03679823875427246
83 0 433922 83 0.036834716796875
83 0 434005 83 0.036771535873413086
82 0 428996 82 0.03785896301269531
0 83 428996 4096 0.14437389373779297
0 84 433092 4096 0.1691606044769287
0 84 437188 2845 0.11016201972961426
84 0 440117 84 0.04452824592590332
84 0 440201 84 0.042990684509277344
84 0 440285 84 0.0424501895904541
84 0 440369 84 0.04237222671508789
84 0 440453 84 0.04246354103088379
84 0 440537 84 0.04247021675109863
84 0 440621 84 0.042322635650634766
84 0 440705 84 0.04234504699707031
84 0 440789 84 0.04219675064086914
84 0 440873 84 0.042128562927246094
84 0 440957 84 0.042198896408081055
84 0 441041 84 0.04216575622558594
84 0 441125 84 0.04222750663757324
84 0 441209 84 0.042172908782958984
82 0 428890 82 0.036641597747802734
0 83 428890 4096 0.14591670036315918
0 83 432986 3514 0.15005731582641602
83 0 436583 83 0.04198145866394043
83 0 436666 83 0.041112422943115234
83 0 436749 83 0.04109930992126465
83 0 436832 83 0.04109382629394531
83 0 436915 83 0.041001319885253906
83 0 436998 83 0.04099154472351074
82 0 428788 82 0.0382232666015625
0 83 428788 4096 0.1454477310180664
0 83 429000 4096 0.1662294864654541
0 83 433096 4096 0.1495075225830078
0 83 437192 697 0.04819822311401367
83 0 437972 83 0.03874039649963379
83 0 438055 83 0.037929534912109375
83 0 438138 83 0.03787589073181152
83 0 438221 83 0.0379941463470459
83 0 438304 83 0.03792738914489746
83 0 438387 83 0.03796720504760742
83 0 438470 83 0.03799724578857422
83 0 438553 83 0.03799843788146973
83 0 438636 83 0.037708282470703125
83 0 438719 83 0.037687063217163086
83 0 438802 83 0.037770986557006836
83 0 438885 83 0.03780817985534668
83 0 438968 83 0.03776192665100098
83 0 439051 83 0.03769493103027344
83 0 439134 83 0.03771662712097168
83 0 439217 83 0.03783822059631348
83 0 439300 83 0.03781700134277344
83 0 439383 83 0.037763357162475586
83 0 439466 83 0.03776049613952637
82 0 431549 82 0.038286447525024414
0 84 431549 4096 0.139512300491333
0 85 435645 4096 0.14502501487731934
0 85 439741 440 0.039227962493896484
85 0 440266 85 0.03880739212036133
85 0 440351 85 0.03810429573059082
85 0 440436 85 0.0380861759185791
85 0 440521 85 0.03807401657104492
84 0 434792 84 0.039942026138305664
84 0 434876 84 0.03997182846069336
84 0 434960 84 0.04009699821472168
84 0 435044 84 0.0400395393371582
84 0 435128 84 0.039702653884887695
84 0 435212 84 0.03985238075256348
84 0 435296 84 0.039778947830200195
84 0 435380 84 0.03977680206298828
84 0 435464 84 0.03979635238647461
84 0 435548 84 0.03991365432739258
84 0 435632 84 0.0399017333984375
83 0 426494 83 0.039022207260131836
0 84 426494 4096 0.14453792572021484
0 85 430590 4096 0.157822847366333
0 86 434686 4096 0.14319801330566406
0 87 438782 3090 0.11806607246398926
87 0 441959 87 0.04018092155456543
86 0 435104 86 0.03855085372924805
86 0 435190 86 0.03831148147583008
85 0 427098 85 0.03826546669006348
0 86 427098 4096 0.14514565467834473
0 87 431194 4096 0.16487407684326172
0 87 435290 4096 0.1510908603668213
0 87 439386 167 0.0310821533203125
87 0 439640 87 0.03814840316772461
87 0 439727 87 0.03755593299865723
87 0 439814 87 0.03753304481506348
87 0 439901 87 0.0375363826751709
87 0 439988 87 0.037534236907958984
87 0 440075 87 0.03754734992980957
87 0 440162 87 0.037549734115600586
87 0 440249 87 0.03751254081726074
87 0 440336 87 0.03737974166870117
87 0 440423 87 0.03739595413208008
87 0 440510 87 0.03736257553100586
87 0 440597 87 0.03736233711242676
87 0 440684 87 0.03733205795288086
86 0 438678 86 0.03847169876098633
0 87 438678 1515 0.0710608959197998
87 0 440280 87 0.04152417182922363
87 0 440367 87 0.04056048393249512
87 0 440454 87 0.040482521057128906
87 0 440541 87 0.040491580963134766
87 0 440628 87 0.04050493240356445
87 0 440715 87 0.04054141044616699
87 0 440802 87 0.040489912033081055
87 0 440889 87 0.04047107696533203
87 0 440976 87 0.04025983810424805
87 0 441063 87 0.040273189544677734
87 0 441150 87 0.04029226303100586
87 0 441237 87 0.040315866470336914
87 0 441324 87 0.040294647216796875
86 0 435791 86 0.038231849670410156
0 87 435791 4096 0.14634418487548828
0 87 434973 1931 0.08482217788696289
87 0 436991 87 0.03995060920715332
87 0 437078 87 0.03888344764709473
87 0 437165 87 0.03827643394470215
87 0 437252 87 0.03829145431518555
86 0 432738 86 0.03831052780151367
0 87 432738 4096 0.14499855041503906
0 87 436834 2245 0.10515975952148438
87 0 439166 87 0.03875875473022461
86 0 431589 86 0.037570953369140625
0 87 431589 4096 0.14472198486328125
0 87 435685 2682 0.12079834938049316
87 0 438454 87 0.03902292251586914
86 0 433820 86 0.04019880294799805
0 87 433820 4096 0.14621615409851074
0 87 430791 4096 0.15229225158691406
0 88 434887 4096 0.14444613456726074
0 88 438983 1334 0.06517624855041504
88 0 440405 88 0.04054141044616699
88 0 440493 88 0.03938698768615723
88 0 440581 88 0.03913116455078125
88 0 440669 88 0.03912782669067383
88 0 440757 88 0.039160728454589844
88 0 440845 88 0.03915238380432129
88 0 440933 88 0.039167165756225586
88 0 441021 88 0.039191246032714844
87 0 434899 87 0.03904461860656738
0 88 434899 1922 0.08000302314758301
88 0 436909 88 0.04066610336303711
88 0 436997 88 0.040077924728393555
88 0 437085 88 0.03926420211791992
88 0 437173 88 0.03924918174743652
88 0 437261 88 0.039252281188964844
88 0 437349 88 0.0391993522644043
87 0 430781 87 0.037290334701538086
0 88 430781 4096 0.1459510326385498
0 89 434877 3580 0.1284480094909668
89 0 438546 89 0.04514265060424805
89 0 438635 89 0.04299592971801758
89 0 438724 89 0.042755842208862305
89 0 438813 89 0.042609453201293945
89 0 438902 89 0.04258465766906738
89 0 438991 89 0.042587995529174805
89 0 439080 89 0.042630672454833984
89 0 439169 89 0.0424802303314209
89 0 439258 89 0.04238462448120117
89 0 439347 89 0.04244089126586914
88 0 437750 88 0.03903675079345703
0 89 437750 1808 0.07843494415283203
89 0 439647 89 0.040807247161865234
89 0 439736 89 0.0402073860168457
89 0 439825 89 0.04006171226501465
89 0 439914 89 0.04007863998413086
89 0 440003 89 0.040088653564453125
89 0 440092 89 0.040125370025634766
89 0 440181 89 0.04020404815673828
89 0 440270 89 0.04011201858520508
89 0 440359 89 0.0398104190826416
89 0 440448 89 0.03982138633728027
89 0 440537 89 0.03987574577331543
89 0 440626 89 0.03989553451538086
89 0 440715 89 0.0399782657623291
89 0 440804 89 0.040060997009277344
88 0 435165 88 0.0372929573059082
0 89 435165 3091 0.11281490325927734
88 0 430812 88 0.03938126564025879
0 89 430812 4096 0.14581036567687988
0 89 434908 4096 0.17182207107543945
0 89 439004 151 0.031101226806640625
89 0 439244 89 0.04022479057312012
89 0 439333 89 0.03957653045654297
89 0 439422 89 0.039583444595336914
89 0 439511 89 0.039562225341796875
89 0 439600 89 0.03944873809814453
89 0 439689 89 0.03944683074951172
88 0 438003 88 0.040837764739990234
87 0 436441 87 0.03913402557373047
87 0 436528 87 0.039164066314697266
87 0 436615 87 0.03917717933654785
87 0 436702 87 0.039109230041503906
87 0 436789 87 0.03905653953552246
87 0 436876 87 0.039037227630615234
86 0 435130 86 0.03791189193725586
0 87 435130 4096 0.1461048126220703
0 87 439226 2756 0.1228017807006836
87 0 442069 87 0.039961814880371094
87 0 442156 87 0.03871464729309082
86 0 435793 86 0.03888344764709473
86 0 435879 86 0.03887653350830078
86 0 435965 86 0.03887653350830078
86 0 436051 86 0.03886270523071289
86 0 436137 86 0.03885960578918457
86 0 436223 86 0.03890490531921387
85 0 432252 85 0.03827667236328125
0 86 432252 4096 0.1461474895477295
0 87 436348 3687 0.14052915573120117
87 0 440122 87 0.04101157188415527
87 0 440209 87 0.039296865463256836
87 0 440296 87 0.03849220275878906
86 0 438360 86 0.038817405700683594
86 0 438446 86 0.038865089416503906
86 0 438532 86 0.03888821601867676
86 0 438618 86 0.038869380950927734
85 0 436071 85 0.0366971492767334
85 0 436156 85 0.03665876388549805
85 0 436241 85 0.036512136459350586
85 0 436326 85 0.036535024642944336
85 0 436411 85 0.03654026985168457
85 0 436496 85 0.03656721115112305
85 0 436581 85 0.03659796714782715
85 0 436666 85 0.03657078742980957
85 0 436751 85 0.036576271057128906
85 0 436836 85 0.03655076026916504
85 0 436921 85 0.03659963607788086
85 0 437006 85 0.03663277626037598
85 0 437091 85 0.036590576171875
84 0 429024 84 0.03781008720397949
0 85 429024 4096 0.1445157527923584
0 85 433120 3439 0.14412593841552734
85 0 436644 85 0.04055666923522949
85 0 436729 85 0.03920555114746094
85 0 436814 85 0.038495540618896484
85 0 436899 85 0.03851652145385742
85 0 436984 85 0.0385134220123291
85 0 437069 85 0.03851938247680664
85 0 437154 85 0.03854870796203613
85 0 437239 85 0.0385441780090332
85 0 437324 85 0.03834247589111328
85 0 437409 85 0.03825879096984863
85 0 437494 85 0.03838396072387695
85 0 437579 85 0.03842020034790039
85 0 437664 85 0.03834724426269531
84 0 430728 84 0.040996551513671875
0 85 430728 4096 0.14603447914123535
0 86 434824 4096 0.14573431015014648
0 86 438920 409 0.0398859977722168
86 0 439415 86 0.041709184646606445
86 0 439501 86 0.041314125061035156
86 0 439587 86 0.04132652282714844
86 0 439673 86 0.041298866271972656
86 0 439759 86 0.04130840301513672
86 0 439845 86 0.0413203239440918
86 0 439931 86 0.04131364822387695
86 0 440017 86 0.04112863540649414
86 0 440103 86 0.04114675521850586
86 0 440189 86 0.04117465019226074
86 0 440275 86 0.041161298751831055
86 0 440361 86 0.04110097885131836
86 0 440447 86 0.04110383987426758
86 0 440533 86 0.041234493255615234
86 0 440619 86 0.04121708869934082
86 0 440705 86 0.041152000427246094
86 0 440791 86 0.04115486145019531
86 0 440877 86 0.04117584228515625
85 0 431018 85 0.0384676456451416
0 87 431018 4096 0.13798117637634277
0 87 435114 1800 0.0869598388671875
87 0 437001 87 0.03969597816467285
87 0 437088 87 0.03876137733459473
86 0 434133 86 0.03859519958496094
86 0 434219 86 0.03861188888549805
86 0 434305 86 0.03865671157836914
86 0 434391 86 0.038665056228637695
86 0 434477 86 0.03868436813354492
86 0 434563 86 0.03855729103088379
86 0 434649 86 0.03839612007141113
86 0 434735 86 0.03837847709655762
86 0 434821 86 0.03841686248779297
86 0 434907 86 0.03842759132385254
86 0 434993 86 0.038526058197021484
86 0 435079 86 0.03853273391723633
86 0 435165 86 0.03845357894897461
85 0 431433 85 0.03842806816101074
0 86 431433 4096 0.14479923248291016
0 86 435529 3263 0.1391127109527588
86 0 438878 86 0.04184746742248535
86 0 438964 86 0.04022693634033203
86 0 439050 86 0.03989434242248535
86 0 439136 86 0.03988242149353027
86 0 439222 86 0.03985857963562012
86 0 439308 86 0.039957284927368164
86 0 439394 86 0.039995431900024414
85 0 433300 85 0.04075050354003906
0 85 429080 4095 0.18673014640808105
0 86 433175 4096 0.1478109359741211
0 86 437271 1544 0.08362197875976562
86 0 438901 86 0.04127073287963867
85 0 436829 85 0.039520978927612305
0 86 436829 3376 0.12277078628540039
86 0 440291 86 0.041062355041503906
86 0 440377 86 0.039644479751586914
86 0 440463 86 0.03936886787414551
86 0 440549 86 0.03937697410583496
86 0 440635 86 0.03936600685119629
86 0 440721 86 0.03936958312988281
86 0 440807 86 0.03937792778015137
86 0 440893 86 0.03938722610473633
86 0 440979 86 0.03924822807312012
85 0 433496 85 0.039064884185791016
0 86 433496 3839 0.13546442985534668
86 0 437421 86 0.04127097129821777
86 0 437507 86 0.03946733474731445
86 0 437593 86 0.03928875923156738
86 0 437679 86 0.039316415786743164
86 0 437765 86 0.03934049606323242
86 0 437851 86 0.03928637504577637
86 0 437937 86 0.03921937942504883
86 0 438023 86 0.03922414779663086
84 0 424801 84 0.03666186332702637
0 86 424801 4096 0.14061689376831055
0 86 428897 4096 0.15070724487304688
0 87 432993 4096 0.1514124870300293
0 87 437089 382 0.037720680236816406
87 0 437558 87 0.03735184669494629
87 0 437645 87 0.03679037094116211
87 0 437732 87 0.03681159019470215
87 0 437819 87 0.0368647575378418
87 0 437906 87 0.0369868278503418
87 0 437993 87 0.03701448440551758
87 0 438080 87 0.036902666091918945
87 0 438167 87 0.03688693046569824
87 0 438254 87 0.0366976261138916
87 0 438341 87 0.0366213321685791
87 0 438428 87 0.03671526908874512
87 0 438515 87 0.03676605224609375
87 0 438602 87 0.036829233169555664
87 0 438689 87 0.036817312240600586
87 0 438776 87 0.03671836853027344
87 0 438863 87 0.036714792251586914
87 0 438950 87 0.03675961494445801
87 0 439037 87 0.036757707595825195
86 0 435069 86 0.036766767501831055
86 0 435155 86 0.03667855262756348
86 0 435241 86 0.036739349365234375
86 0 435327 86 0.03681063652038574
86 0 435413 86 0.036826133728027344
86 0 435499 86 0.036783456802368164
86 0 435585 86 0.0367741584777832
86 0 435671 86 0.036725759506225586
86 0 435757 86 0.03682351112365723
86 0 435843 86 0.036863088607788086
86 0 435929 86 0.03689098358154297
86 0 436015 86 0.03682088851928711
86 0 436101 86 0.036768198013305664
86 0 436187 86 0.03682971000671387
86 0 436273 86 0.03687620162963867
86 0 436359 86 0.03686380386352539
86 0 436445 86 0.03685259819030762
86 0 436531 86 0.036829233169555664
86 0 436617 86 0.03689169883728027
86 0 436703 86 0.03696131706237793
85 0 433436 85 0.03577280044555664
85 0 433521 85 0.035646915435791016
85 0 433606 85 0.0356593132019043
85 0 433691 85 0.03567051887512207
85 0 433776 85 0.03578615188598633
85 0 433861 85 0.035691022872924805
85 0 433946 85 0.03566145896911621
85 0 434031 85 0.03566265106201172
85 0 434116 85 0.035700321197509766
85 0 434201 85 0.03576207160949707
85 0 434286 85 0.03581357002258301
85 0 434371 85 0.03567361831665039
85 0 434456 85 0.03567051887512207
85 0 434541 85 0.03578782081604004
85 0 434626 85 0.0357823371887207
85 0 434711 85 0.03577065467834473
85 0 434796 85 0.0356903076171875
85 0 434881 85 0.03568744659423828
85 0 434966 85 0.035802364349365234
85 0 435051 85 0.0357663631439209
85 0 435136 85 0.035787343978881836
85 0 435221 85 0.03574109077453613
85 0 435306 85 0.0357208251953125
85 0 435391 85 0.03582119941711426
85 0 435476 85 0.035886287689208984
85 0 435561 85 0.03580904006958008
85 0 435646 85 0.03577756881713867
85 0 435731 85 0.03573465347290039
85 0 435816 85 0.03574204444885254
85 0 435901 85 0.03580880165100098
85 0 435986 85 0.035849809646606445
85 0 436071 85 0.035814523696899414
84 0 428420 84 0.03634452819824219
0 85 428420 4096 0.14513564109802246
0 85 432516 2678 0.11900925636291504
85 0 435279 85 0.039466142654418945
85 0 435364 85 0.03834939002990723
85 0 435449 85 0.037601470947265625
85 0 435534 85 0.03763151168823242
85 0 435619 85 0.03763771057128906
85 0 435704 85 0.03761768341064453
85 0 435789 85 0.03763914108276367
85 0 435874 85 0.03767585754394531
85 0 435959 85 0.037581682205200195
85 0 436044 85 0.03751397132873535
85 0 436129 85 0.037509918212890625
85 0 436214 85 0.03750467300415039
85 0 436299 85 0.03753399848937988
85 0 436384 85 0.03751850128173828
84 0 432156 84 0.03743338584899902
0 85 432156 4096 0.14523792266845703
0 85 436252 2773 0.12238359451293945
85 0 439110 85 0.03950643539428711
85 0 439195 85 0.03827166557312012
85 0 439280 85 0.03783273696899414
85 0 439365 85 0.03781938552856445
85 0 439450 85 0.03767132759094238
85 0 439535 85 0.03767681121826172
85 0 439620 85 0.03775930404663086
85 0 439705 85 0.03792309761047363
85 0 439790 85 0.037691593170166016
85 0 439875 85 0.03750419616699219
85 0 439960 85 0.037482500076293945
85 0 440045 85 0.037522315979003906
83 0 432216 83 0.03740882873535156
0 85 432216 4096 0.13966727256774902
0 85 436312 4096 0.15438365936279297
0 85 440408 721 0.048979997634887695
85 0 441214 85 0.03855729103088379
85 0 441299 85 0.03785300254821777
85 0 441384 85 0.0376889705657959
85 0 441469 85 0.037685394287109375
84 0 433468 84 0.03766441345214844
0 84 429241 4095 0.1392815113067627
0 84 430324 4096 0.14684057235717773
0 84 434420 3158 0.13077855110168457
84 0 437662 84 0.039530038833618164
84 0 437746 84 0.03820943832397461
84 0 437830 84 0.03780961036682129
84 0 437914 84 0.03771233558654785
84 0 437998 84 0.03772330284118652
84 0 438082 84 0.03778529167175293
84 0 438166 84 0.037811279296875
84 0 438250 84 0.03778433799743652
83 0 434241 83 0.0390317440032959
0 83 430365 4095 0.1386582851409912
0 84 434460 3548 0.13158202171325684
84 0 438092 84 0.041027069091796875
84 0 438176 84 0.03822493553161621
84 0 438260 84 0.03751397132873535
84 0 438344 84 0.03749489784240723
84 0 438428 84 0.03759264945983887
84 0 438512 84 0.03757357597351074
84 0 438596 84 0.03751325607299805
84 0 438680 84 0.037548065185546875
84 0 438764 84 0.037550926208496094
84 0 438848 84 0.03750967979431152
84 0 438932 84 0.03744053840637207
84 0 439016 84 0.03736400604248047
84 0 439100 84 0.037360429763793945
84 0 439184 84 0.03738689422607422
84 0 439268 84 0.03742671012878418
84 0 439352 84 0.03747820854187012
84 0 439436 84 0.03741908073425293
84 0 439520 84 0.037421226501464844
84 0 439604 84 0.03740072250366211
84 0 439688 84 0.03746533393859863
84 0 439772 84 0.0374295711517334
84 0 439856 84 0.03742718696594238
84 0 439940 84 0.037413835525512695
83 0 434397 83 0.0374448299407959
0 84 434397 4096 0.14511537551879883
0 84 438493 488 0.03989148139953613
84 0 439065 84 0.038353681564331055
84 0 439149 84 0.037851810455322266
84 0 439233 84 0.0376584529876709
84 0 439317 84 0.03771376609802246
84 0 439401 84 0.03768324851989746
84 0 439485 84 0.0377044677734375
84 0 439569 84 0.03772258758544922
83 0 433169 83 0.03765392303466797
0 84 433169 4096 0.14463257789611816
0 84 437265 4096 0.1749734878540039
0 84 441361 199 0.03243708610534668
84 0 441644 84 0.0388796329498291
84 0 441728 84 0.0385289192199707
84 0 441812 84 0.03850674629211426
83 0 439710 83 0.040793657302856445
83 0 439793 83 0.04080629348754883
83 0 439876 83 0.04079031944274902
83 0 439959 83 0.04082489013671875
83 0 440042 83 0.04072308540344238
83 0 440125 83 0.04064679145812988
83 0 440208 83 0.04061150550842285
83 0 440291 83 0.040615081787109375
83 0 440374 83 0.04066872596740723
83 0 440457 83 0.04069042205810547
83 0 440540 83 0.04061079025268555
82 0 436803 82 0.040489912033081055
82 0 436885 82 0.04054141044616699
82 0 436967 82 0.04061412811279297
82 0 437049 82 0.040718793869018555
82 0 437131 82 0.040546417236328125
82 0 437213 82 0.04051375389099121
82 0 437295 82 0.04057574272155762
82 0 437377 82 0.04068779945373535
82 0 437459 82 0.040645599365234375
82 0 437541 82 0.04055428504943848
82 0 437623 82 0.04054975509643555
81 0 432522 81 0.039742469787597656
0 82 432522 4096 0.14536452293395996
0 82 436618 464 0.03922414779663086
82 0 437164 82 0.04180598258972168
82 0 437246 82 0.04157757759094238
82 0 437328 82 0.04146695137023926
82 0 437410 82 0.04151725769042969
82 0 437492 82 0.041513681411743164
82 0 437574 82 0.04152035713195801
82 0 437656 82 0.04147696495056152
82 0 437738 82 0.04124712944030762
82 0 437820 82 0.04127335548400879
81 0 430712 81 0.04061388969421387
0 82 430712 4096 0.1447312831878662
0 82 434808 3599 0.15210461616516113
82 0 438489 82 0.04190850257873535
82 0 438571 82 0.04083967208862305
82 0 438653 82 0.040355682373046875
81 0 436645 81 0.03901505470275879
81 0 436726 81 0.03900551795959473
81 0 436807 81 0.038994550704956055
80 0 432791 80 0.03586459159851074
0 81 432791 4096 0.14391636848449707
0 81 436887 1597 0.08325982093811035
81 0 438565 81 0.03997516632080078
81 0 438646 81 0.03873133659362793
81 0 438727 81 0.03868889808654785
81 0 438808 81 0.03869485855102539
81 0 438889 81 0.03873300552368164
81 0 438970 81 0.0387425422668457
81 0 439051 81 0.038703203201293945
81 0 439132 81 0.038626670837402344
81 0 439213 81 0.0384821891784668
81 0 439294 81 0.038511037826538086
81 0 439375 81 0.03848075866699219
81 0 439456 81 0.03857111930847168
81 0 439537 81 0.038597822189331055
81 0 439618 81 0.0385439395904541
80 0 435783 80 0.03566098213195801
0 81 435783 4096 0.14565324783325195
0 81 439879 1234 0.06267213821411133
81 0 441194 81 0.04076361656188965
81 0 441275 81 0.03971385955810547
81 0 441356 81 0.039457082748413086
81 0 441437 81 0.039459228515625
81 0 441518 81 0.039450645446777344
81 0 441599 81 0.03946828842163086
81 0 441680 81 0.03945779800415039
81 0 441761 81 0.039517879486083984
80 0 440154 80 0.03612327575683594
80 0 440234 80 0.0360720157623291
80 0 440314 80 0.036008596420288086
80 0 440394 80 0.03603172302246094
80 0 440474 80 0.03605198860168457
80 0 440554 80 0.03608417510986328
80 0 440634 80 0.036080121994018555
80 0 440714 80 0.03605914115905762
80 0 440794 80 0.03604435920715332
80 0 440874 80 0.03607344627380371
79 0 436943 79 0.03653407096862793
79 0 437022 79 0.03652811050415039
79 0 437101 79 0.03648567199707031
79 0 437180 79 0.036458730697631836
79 0 437259 79 0.03649497032165527
79 0 437338 79 0.03654599189758301
79 0 437417 79 0.03654837608337402
79 0 437496 79 0.03651881217956543
79 0 437575 79 0.0364985466003418
79 0 437654 79 0.036528587341308594
79 0 437733 79 0.036586761474609375
79 0 437812 79 0.03657889366149902
79 0 437891 79 0.03655529022216797
79 0 437970 79 0.03651714324951172
79 0 438049 79 0.03648877143859863
78 0 431123 78 0.036855220794677734
0 79 431123 1945 0.08299112319946289
79 0 433147 79 0.039095401763916016
79 0 433226 79 0.03726816177368164
79 0 433305 79 0.03700399398803711
79 0 433384 79 0.0370028018951416
79 0 433463 79 0.037053585052490234
79 0 433542 79 0.037050724029541016
79 0 433621 79 0.03701663017272949
79 0 433700 79 0.03701949119567871
79 0 433779 79 0.03695344924926758
79 0 433858 79 0.03693366050720215
79 0 433937 79 0.03691697120666504
79 0 434016 79 0.03686118125915527
79 0 434095 79 0.03683733940124512
79 0 434174 79 0.03681015968322754
79 0 434253 79 0.03691554069519043
79 0 434332 79 0.03694319725036621
79 0 434411 79 0.03693199157714844
79 0 434490 79 0.03685784339904785
79 0 434569 79 0.03688383102416992
79 0 434648 79 0.03695344924926758
79 0 434727 79 0.03695058822631836
79 0 434806 79 0.03689455986022949
79 0 434885 79 0.036896467208862305
79 0 434964 79 0.03685641288757324
79 0 435043 79 0.03699922561645508
79 0 435122 79 0.03699994087219238
79 0 435201 79 0.036927223205566406
79 0 435280 79 0.03693199157714844
79 0 435359 79 0.03691387176513672
79 0 435438 79 0.037003517150878906
79 0 435517 79 0.037036895751953125
79 0 435596 79 0.037000179290771484
79 0 435675 79 0.03696751594543457
79 0 435754 79 0.03696560859680176
79 0 435833 79 0.03703951835632324
79 0 435912 79 0.03700971603393555
79 0 435991 79 0.03700995445251465
78 0 430987 78 0.0369565486907959
0 79 430987 4096 0.14335966110229492
0 79 435083 2751 0.1210622787475586
78 0 433953 78 0.0369112491607666
0 79 433953 4096 0.14477944374084473
0 79 438049 2129 0.10311603546142578
79 0 440257 79 0.0382542610168457
79 0 440336 79 0.036896467208862305
79 0 440415 79 0.0367429256439209
79 0 440494 79 0.036733388900756836
79 0 440573 79 0.036653757095336914
79 0 440652 79 0.03663778305053711
78 0 434191 78 0.03654885292053223
78 0 434269 78 0.03658103942871094
78 0 434347 78 0.036557674407958984
78 0 434425 78 0.03628873825073242
78 0 434503 78 0.036316633224487305
78 0 434581 78 0.03636813163757324
78 0 434659 78 0.03645157814025879
78 0 434737 78 0.036457061767578125
78 0 434815 78 0.03636670112609863
78 0 434893 78 0.03635978698730469
78 0 434971 78 0.03644156455993652
78 0 435049 78 0.03647327423095703
78 0 435127 78 0.036533355712890625
78 0 435205 78 0.036420583724975586
78 0 435283 78 0.036392927169799805
78 0 435361 78 0.03645634651184082
77 0 428729 77 0.036005496978759766
0 78 428729 4096 0.1439051628112793
0 78 432825 3703 0.1565418243408203
78 0 436606 78 0.03995037078857422
78 0 436684 78 0.038446903228759766
77 0 427982 77 0.0355067253112793
0 78 427982 4096 0.14461779594421387
0 78 432078 1723 0.08691573143005371
78 0 433879 78 0.03710150718688965
78 0 433957 78 0.03587198257446289
78 0 434035 78 0.03554058074951172
78 0 434113 78 0.035541534423828125
78 0 434191 78 0.03559708595275879
78 0 434269 78 0.03561258316040039
78 0 434347 78 0.03558349609375
78 0 434425 78 0.03554487228393555
78 0 434503 78 0.03554368019104004
78 0 434581 78 0.035390377044677734
78 0 434659 78 0.035413503646850586
78 0 434737 78 0.03542137145996094
78 0 434815 78 0.03539562225341797
78 0 434893 78 0.035375356674194336
78 0 434971 78 0.0354006290435791
78 0 435049 78 0.03547263145446777
78 0 435127 78 0.035459041595458984
78 0 435205 78 0.03542637825012207
78 0 435283 78 0.03541827201843262
78 0 435361 78 0.03541707992553711
78 0 435439 78 0.03552103042602539
78 0 435517 78 0.03547382354736328
78 0 435595 78 0.03546142578125
78 0 435673 78 0.035463571548461914
78 0 435751 78 0.03545045852661133
78 0 435829 78 0.0355219841003418
78 0 435907 78 0.03554391860961914
77 0 430703 77 0.03699827194213867
0 78 430703 3791 0.13438105583190918
78 0 434572 78 0.03908991813659668
78 0 434650 78 0.03745436668395996
78 0 434728 78 0.037177324295043945
78 0 434806 78 0.03722214698791504
78 0 434884 78 0.0372462272644043
78 0 434962 78 0.03722691535949707
78 0 435040 78 0.03728961944580078
78 0 435118 78 0.037312984466552734
78 0 435196 78 0.03720569610595703
78 0 435274 78 0.036984920501708984
78 0 435352 78 0.03699922561645508
78 0 435430 78 0.03719067573547363
78 0 435508 78 0.03716421127319336
78 0 435586 78 0.03713274002075195
78 0 435664 78 0.03706717491149902
78 0 435742 78 0.037085533142089844
78 0 435820 78 0.0372166633605957
78 0 435898 78 0.037226200103759766
78 0 435976 78 0.03717923164367676
78 0 436054 78 0.037117958068847656
78 0 436132 78 0.037114620208740234
78 0 436210 78 0.03723883628845215
78 0 436288 78 0.037207603454589844
78 0 436366 78 0.03718280792236328
78 0 436444 78 0.037130117416381836
78 0 436522 78 0.037131547927856445
78 0 436600 78 0.03728842735290527
78 0 436678 78 0.03727412223815918
78 0 436756 78 0.037197113037109375
78 0 436834 78 0.03713560104370117
78 0 436912 78 0.03713679313659668
78 0 436990 78 0.03724503517150879
78 0 437068 78 0.03723907470703125
78 0 437146 78 0.03721213340759277
78 0 437224 78 0.03717923164367676
78 0 437302 78 0.037192344665527344
78 0 437380 78 0.037282466888427734
78 0 437458 78 0.03733086585998535
78 0 437536 78 0.03723025321960449
78 0 437614 78 0.0371861457824707
78 0 437692 78 0.03721022605895996
78 0 437770 78 0.0373072624206543
78 0 437848 78 0.03730344772338867
78 0 437926 78 0.037262916564941406
78 0 438004 78 0.037209510803222656
78 0 438082 78 0.03723740577697754
78 0 438160 78 0.037325382232666016
78 0 438238 78 0.037322998046875
78 0 438316 78 0.037238359451293945
78 0 438394 78 0.03724408149719238
78 0 438472 78 0.03729653358459473
78 0 438550 78 0.03737759590148926
78 0 438628 78 0.03739619255065918
78 0 438706 78 0.0372776985168457
78 0 438784 78 0.037247419357299805
78 0 438862 78 0.03731560707092285
78 0 438940 78 0.03738284111022949
78 0 439018 78 0.037400007247924805
78 0 439096 78 0.03731870651245117
78 0 439174 78 0.03731536865234375
78 0 439252 78 0.03735947608947754
78 0 439330 78 0.03744387626647949
78 0 439408 78 0.03739595413208008
78 0 439486 78 0.03733205795288086
78 0 439564 78 0.03731822967529297
78 0 439642 78 0.037360429763793945
78 0 439720 78 0.037461042404174805
78 0 439798 78 0.03747057914733887
78 0 439876 78 0.037354469299316406
78 0 439954 78 0.03734302520751953
78 0 440032 78 0.03738236427307129
78 0 440110 78 0.03742694854736328
78 0 440188 78 0.037461280822753906
77 0 431554 77 0.03734087944030762
0 78 431554 4096 0.14566636085510254
0 78 435650 2670 0.12103629112243652
78 0 438398 78 0.039876461029052734
78 0 438476 78 0.03816843032836914
78 0 438554 78 0.037676095962524414
78 0 438632 78 0.037636518478393555
78 0 438710 78 0.037631988525390625
78 0 438788 78 0.03759479522705078
78 0 438866 78 0.037689208984375
78 0 438944 78 0.03774261474609375
78 0 439022 78 0.037683725357055664
78 0 439100 78 0.03740835189819336
78 0 439178 78 0.03739619255065918
78 0 439256 78 0.03747916221618652
78 0 439334 78 0.037494659423828125
78 0 439412 78 0.03747415542602539
78 0 439490 78 0.03763151168823242
78 0 439568 78 0.03763151168823242
78 0 439646 78 0.037558794021606445
78 0 439724 78 0.037474870681762695
78 0 439802 78 0.03750109672546387
78 0 439880 78 0.037622690200805664
78 0 439958 78 0.03764486312866211
78 0 440036 78 0.03757643699645996
78 0 440114 78 0.037560224533081055
78 0 440192 78 0.03756117820739746
78 0 440270 78 0.037642717361450195
78 0 440348 78 0.03766059875488281
78 0 440426 78 0.037572383880615234
77 0 432574 77 0.03779768943786621
0 78 432574 4096 0.14515471458435059
0 78 436670 2785 0.12251973152160645
78 0 439533 78 0.039682626724243164
78 0 439611 78 0.03801727294921875
78 0 439689 78 0.03749418258666992
78 0 439767 78 0.03750109672546387
77 0 432279 77 0.03800678253173828
0 78 432279 4096 0.1465775966644287
0 79 436375 3527 0.13623809814453125
79 0 439981 79 0.04019761085510254
78 0 436929 78 0.03849625587463379
0 79 436929 1770 0.07662296295166016
79 0 438778 79 0.041420698165893555
79 0 438857 79 0.03902721405029297
79 0 438936 79 0.03847002983093262
79 0 439015 79 0.03837323188781738
79 0 439094 79 0.038338422775268555
79 0 439173 79 0.03834223747253418
77 0 426011 77 0.03769516944885254
0 78 426011 4096 0.14502406120300293
0 78 430107 3281 0.13920259475708008
78 0 433466 78 0.03877139091491699
78 0 433544 78 0.03795504570007324
78 0 433622 78 0.03742170333862305
78 0 433700 78 0.03739356994628906
78 0 433778 78 0.03737926483154297
78 0 433856 78 0.03741264343261719
78 0 433934 78 0.03740668296813965
78 0 434012 78 0.037471771240234375
78 0 434090 78 0.03747391700744629
78 0 434168 78 0.03720283508300781
78 0 434246 78 0.037169694900512695
78 0 434324 78 0.037177085876464844
78 0 434402 78 0.03721880912780762
78 0 434480 78 0.03724479675292969
78 0 434558 78 0.03736162185668945
78 0 434636 78 0.037372589111328125
78 0 434714 78 0.037316322326660156
78 0 434792 78 0.03727436065673828
78 0 434870 78 0.03728508949279785
78 0 434948 78 0.03748512268066406
78 0 435026 78 0.0373537540435791
78 0 435104 78 0.0373532772064209
78 0 435182 78 0.037288665771484375
78 0 435260 78 0.037293195724487305
78 0 435338 78 0.037407636642456055
78 0 435416 78 0.037396907806396484
77 0 427474 77 0.0376431941986084
0 78 427474 4096 0.14436960220336914
0 79 431570 4096 0.16932940483093262
0 80 435666 4096 0.13949251174926758
0 80 439762 146 0.030494213104248047
80 0 439988 80 0.03779125213623047
80 0 440068 80 0.03761124610900879
80 0 440148 80 0.037459373474121094
80 0 440228 80 0.037485599517822266
80 0 440308 80 0.03752017021179199
80 0 440388 80 0.037497758865356445
80 0 440468 80 0.03748512268066406
80 0 440548 80 0.03737688064575195
79 0 437316 79 0.0366063117980957
79 0 437395 79 0.036624908447265625
79 0 437474 79 0.036622047424316406
79 0 437553 79 0.03665566444396973
78 0 431124 78 0.038062095642089844
0 79 431124 4096 0.1449577808380127
0 79 435220 1342 0.07710528373718262
79 0 436641 79 0.03947567939758301
79 0 436720 79 0.03867149353027344
79 0 436799 79 0.038254499435424805
78 0 432336 78 0.03825712203979492
0 79 432336 4096 0.14470815658569336
0 80 429358 4096 0.15130853652954102
0 79 426288 4096 0.1505894660949707
0 80 430384 4096 0.15284156799316406
0 80 434480 2788 0.11423301696777344
80 0 437348 80 0.03711247444152832
80 0 437428 80 0.03639793395996094
80 0 437508 80 0.035414695739746094
80 0 437588 80 0.03542137145996094
80 0 437668 80 0.035325050354003906
80 0 437748 80 0.03528308868408203
80 0 437828 80 0.0352475643157959
80 0 437908 80 0.03550386428833008
80 0 437988 80 0.03537726402282715
80 0 438068 80 0.035265207290649414
79 0 433401 79 0.035835981369018555
0 80 433401 4096 0.14481496810913086
0 80 437497 2802 0.12347650527954102
80 0 440379 80 0.04004645347595215
80 0 440459 80 0.038343191146850586
80 0 440539 80 0.03717803955078125
80 0 440619 80 0.03710460662841797
80 0 440699 80 0.03713083267211914
79 0 432884 79 0.03611421585083008
0 80 432884 4096 0.14556574821472168
0 80 436980 4096 0.17247962951660156
0 80 441076 170 0.031202077865600586
80 0 441326 80 0.03739619255065918
80 0 441406 80 0.037078142166137695
80 0 441486 80 0.03693509101867676
80 0 441566 80 0.0369570255279541
80 0 441646 80 0.036928415298461914
80 0 441726 80 0.0369114875793457
79 0 432492 79 0.03857755661010742
0 80 432492 4096 0.1448214054107666
0 81 436588 3198 0.12285971641540527
81 0 439867 81 0.041474342346191406
81 0 439948 81 0.03947782516479492
81 0 440029 81 0.03907418251037598
81 0 440110 81 0.03914022445678711
81 0 440191 81 0.03901863098144531
80 0 433927 80 0.03699231147766113
0 81 433927 1936 0.08345437049865723
81 0 435944 81 0.04004263877868652
81 0 436025 81 0.03803110122680664
81 0 436106 81 0.03785443305969238
81 0 436187 81 0.0378873348236084
80 0 432203 80 0.03673672676086426
0 81 432203 4096 0.14688730239868164
0 82 436299 4096 0.15344762802124023
0 82 440395 1469 0.0751194953918457
82 0 441946 82 0.04020094871520996
82 0 442028 82 0.039054155349731445
81 0 437249 81 0.04064059257507324
0 82 437249 2242 0.09240865707397461
82 0 439573 82 0.0424807071685791
82 0 439655 82 0.041223764419555664
82 0 439737 82 0.04063057899475098
81 0 434677 81 0.03923821449279785
81 0 434758 81 0.03926396369934082
81 0 434839 81 0.03926372528076172
81 0 434920 81 0.03926730155944824
81 0 435001 81 0.03928732872009277
81 0 435082 81 0.039154052734375
81 0 435163 81 0.03914141654968262
81 0 435244 81 0.039144277572631836
81 0 435325 81 0.03916811943054199
81 0 435406 81 0.039063453674316406
81 0 435487 81 0.03907275199890137
81 0 435568 81 0.03916358947753906
80 0 427084 80 0.036620378494262695
0 81 427084 4096 0.14391517639160156
0 81 431180 128 0.17593765258789062
81 0 431389 81 0.03778696060180664
81 0 431470 81 0.03769564628601074
81 0 431551 81 0.03770756721496582
81 0 431632 81 0.03768730163574219
81 0 431713 81 0.037615299224853516
81 0 431794 81 0.03763580322265625
81 0 431875 81 0.0376434326171875
81 0 431956 81 0.037622928619384766
81 0 432037 81 0.037459373474121094
81 0 432118 81 0.03753352165222168
81 0 432199 81 0.03761911392211914
81 0 432280 81 0.037589311599731445
81 0 432361 81 0.037541866302490234
81 0 432442 81 0.03753829002380371
81 0 432523 81 0.03760576248168945
81 0 432604 81 0.037566184997558594
81 0 432685 81 0.037616729736328125
81 0 432766 81 0.03755593299865723
81 0 432847 81 0.03758597373962402
81 0 432928 81 0.03757882118225098
81 0 433009 81 0.03762245178222656
81 0 433090 81 0.03765106201171875
81 0 433171 81 0.03759574890136719
81 0 433252 81 0.037584781646728516
81 0 433333 81 0.03765463829040527
81 0 433414 81 0.037685394287109375
81 0 433495 81 0.037661075592041016
81 0 433576 81 0.037599802017211914
81 0 433657 81 0.03760099411010742
81 0 433738 81 0.037724971771240234
81 0 433819 81 0.03777647018432617
81 0 433900 81 0.03770112991333008
81 0 433981 81 0.037642717361450195
81 0 434062 81 0.03758645057678223
81 0 434143 81 0.03774285316467285
81 0 434224 81 0.03769397735595703
81 0 434305 81 0.03768658638000488
81 0 434386 81 0.03766751289367676
80 0 427441 80 0.036626577377319336
0 81 427441 4096 0.14545512199401855
0 81 431537 4020 0.16523504257202148
81 0 435638 81 0.04042649269104004
81 0 435719 81 0.03924393653869629
81 0 435800 81 0.03816032409667969
81 0 435881 81 0.03813362121582031
81 0 435962 81 0.038164615631103516
81 0 436043 81 0.038167476654052734
81 0 436124 81 0.03820204734802246
81 0 436205 81 0.0382230281829834
81 0 436286 81 0.03814077377319336
81 0 436367 81 0.03806138038635254
81 0 436448 81 0.03807878494262695
81 0 436529 81 0.03801870346069336
81 0 436610 81 0.037975311279296875
81 0 436691 81 0.03803873062133789
81 0 436772 81 0.03805971145629883
81 0 436853 81 0.038062095642089844
81 0 436934 81 0.03802633285522461
81 0 437015 81 0.03803849220275879
81 0 437096 81 0.03804945945739746
81 0 437177 81 0.03810310363769531
81 0 437258 81 0.03811144828796387
81 0 437339 81 0.038056373596191406
80 0 432427 80 0.03817248344421387
0 81 432427 3033 0.10908269882202148
81 0 435541 81 0.041465044021606445
81 0 435622 81 0.03975820541381836
81 0 435703 81 0.03968548774719238
81 0 435784 81 0.039704322814941406
81 0 435865 81 0.03965902328491211
81 0 435946 81 0.03957843780517578
81 0 436027 81 0.03961181640625
81 0 436108 81 0.039690494537353516
81 0 436189 81 0.03952646255493164
81 0 436270 81 0.03956770896911621
81 0 436351 81 0.03956413269042969
81 0 436432 81 0.03954482078552246
81 0 436513 81 0.03947091102600098
81 0 436594 81 0.03945469856262207
81 0 436675 81 0.03953289985656738
81 0 436756 81 0.03957653045654297
81 0 436837 81 0.03948354721069336
81 0 436918 81 0.039522409439086914
81 0 436999 81 0.03950858116149902
81 0 437080 81 0.03959393501281738
81 0 437161 81 0.03957557678222656
81 0 437242 81 0.03950619697570801
81 0 437323 81 0.03951668739318848
81 0 437404 81 0.039582252502441406
81 0 437485 81 0.03962826728820801
81 0 437566 81 0.03961062431335449
81 0 437647 81 0.039533138275146484
81 0 437728 81 0.03954720497131348
81 0 437809 81 0.03963637351989746
81 0 437890 81 0.03963279724121094
81 0 437971 81 0.03954482078552246
81 0 438052 81 0.0395817756652832
81 0 438133 81 0.039598703384399414
81 0 438214 81 0.03968095779418945
81 0 438295 81 0.03965568542480469
81 0 438376 81 0.03958773612976074
81 0 438457 81 0.039591073989868164
81 0 438538 81 0.039700984954833984
81 0 438619 81 0.03969931602478027
81 0 438700 81 0.039629459381103516
81 0 438781 81 0.039626359939575195
81 0 438862 81 0.03964042663574219
81 0 438943 81 0.03971672058105469
81 0 439024 81 0.0397341251373291
81 0 439105 81 0.03961515426635742
81 0 439186 81 0.03963470458984375
81 0 439267 81 0.03970670700073242
80 0 435286 80 0.038358211517333984
0 81 435286 2399 0.0944223403930664
81 0 437766 81 0.04007077217102051
81 0 437847 81 0.038274526596069336
81 0 437928 81 0.037847280502319336
81 0 438009 81 0.03795766830444336
81 0 438090 81 0.037953853607177734
81 0 438171 81 0.03791451454162598
81 0 438252 81 0.03790616989135742
81 0 438333 81 0.0378727912902832
81 0 438414 81 0.037923336029052734
81 0 438495 81 0.03780317306518555
81 0 438576 81 0.03776264190673828
81 0 438657 81 0.03772592544555664
81 0 438738 81 0.03773355484008789
81 0 438819 81 0.03781938552856445
81 0 438900 81 0.037841796875
81 0 438981 81 0.03779029846191406
81 0 439062 81 0.03775477409362793
81 0 439143 81 0.037772178649902344
81 0 439224 81 0.03783535957336426
81 0 439305 81 0.037857770919799805
81 0 439386 81 0.037793636322021484
81 0 439467 81 0.03779864311218262
81 0 439548 81 0.03780651092529297
80 0 430586 80 0.03524208068847656
0 82 430586 4096 0.13863086700439453
0 82 434682 282 0.033466339111328125
82 0 435046 82 0.03956317901611328
82 0 435128 82 0.03938150405883789
82 0 435210 82 0.039309024810791016
82 0 435292 82 0.03932952880859375
82 0 435374 82 0.039345502853393555
82 0 435456 82 0.03930044174194336
82 0 435538 82 0.03927731513977051
82 0 435620 82 0.03901815414428711
81 0 430040 81 0.03962993621826172
0 82 430040 4063 0.14039897918701172
82 0 434185 82 0.04218864440917969
82 0 434267 82 0.040341854095458984
82 0 434349 82 0.03993821144104004
82 0 434431 82 0.03992605209350586
82 0 434513 82 0.03991389274597168
82 0 434595 82 0.03988194465637207
82 0 434677 82 0.03986358642578125
82 0 434759 82 0.03996443748474121
82 0 434841 82 0.039800167083740234
82 0 434923 82 0.03973126411437988
82 0 435005 82 0.039742469787597656
82 0 435087 82 0.03975081443786621
82 0 435169 82 0.03968667984008789
82 0 435251 82 0.03968667984008789
82 0 435333 82 0.039739370346069336
82 0 435415 82 0.03977346420288086
82 0 435497 82 0.03976321220397949
82 0 435579 82 0.039754390716552734
82 0 435661 82 0.03975677490234375
82 0 435743 82 0.039797306060791016
82 0 435825 82 0.039815425872802734
82 0 435907 82 0.03974652290344238
82 0 435989 82 0.03976154327392578
82 0 436071 82 0.03981304168701172
82 0 436153 82 0.03984665870666504
82 0 436235 82 0.03982138633728027
82 0 436317 82 0.03979206085205078
82 0 436399 82 0.03978705406188965
82 0 436481 82 0.03983259201049805
82 0 436563 82 0.03984999656677246
82 0 436645 82 0.0398101806640625
82 0 436727 82 0.0398256778717041
82 0 436809 82 0.0398406982421875
82 0 436891 82 0.03989601135253906
82 0 436973 82 0.039862871170043945
82 0 437055 82 0.03983187675476074
82 0 437137 82 0.03981184959411621
82 0 437219 82 0.03987240791320801
82 0 437301 82 0.03988051414489746
82 0 437383 82 0.03989219665527344
82 0 437465 82 0.03987240791320801
82 0 437547 82 0.03988003730773926
82 0 437629 82 0.03992462158203125
82 0 437711 82 0.039937496185302734
82 0 437793 82 0.039877891540527344
82 0 437875 82 0.03987693786621094
82 0 437957 82 0.039902687072753906
82 0 438039 82 0.03995513916015625
82 0 438121 82 0.0399782657623291
82 0 438203 82 0.03992462158203125
82 0 438285 82 0.03992795944213867
82 0 438367 82 0.03996014595031738
82 0 438449 82 0.03997993469238281
81 0 430343 81 0.03841876983642578
0 81 424618 4095 0.13848066329956055
0 82 428713 4096 0.1572248935699463
0 82 432809 4096 0.15579724311828613
0 82 436905 1047 0.06030845642089844
82 0 438034 82 0.03996109962463379
82 0 438116 82 0.03891873359680176
82 0 438198 82 0.03824663162231445
82 0 438280 82 0.038336753845214844
82 0 438362 82 0.03831815719604492
82 0 438444 82 0.0382840633392334
82 0 438526 82 0.0382390022277832
82 0 438608 82 0.03825521469116211
82 0 438690 82 0.03824162483215332
82 0 438772 82 0.0381619930267334
82 0 438854 82 0.038080453872680664
82 0 438936 82 0.038094282150268555
81 0 431804 81 0.03792428970336914
0 83 431804 4096 0.14346694946289062
0 83 435900 3100 0.11745333671569824
83 0 439083 83 0.04079771041870117
83 0 439166 83 0.0389101505279541
83 0 439249 83 0.03837847709655762
83 0 439332 83 0.03811478614807129
83 0 439415 83 0.03821158409118652
83 0 439498 83 0.03821372985839844
83 0 439581 83 0.03832101821899414
83 0 439664 83 0.03824281692504883
83 0 439747 83 0.03816556930541992
83 0 439830 83 0.038031816482543945
83 0 439913 83 0.03808712959289551
83 0 439996 83 0.03807377815246582
83 0 440079 83 0.0381159782409668
83 0 440162 83 0.03807377815246582
83 0 440245 83 0.038047075271606445
83 0 440328 83 0.03799748420715332
83 0 440411 83 0.03798937797546387
83 0 440494 83 0.03808403015136719
82 0 431742 82 0.04159903526306152
0 83 431742 4096 0.14467287063598633
0 83 435838 1274 0.06194782257080078
83 0 437195 83 0.04468512535095215
83 0 437278 83 0.04202389717102051
83 0 437361 83 0.04175710678100586
83 0 437444 83 0.04178166389465332
83 0 437527 83 0.04178023338317871
83 0 437610 83 0.041787147521972656
83 0 437693 83 0.041785478591918945
83 0 437776 83 0.04177284240722656
83 0 437859 83 0.04156661033630371
83 0 437942 83 0.041535139083862305
83 0 438025 83 0.041509151458740234
83 0 438108 83 0.04158163070678711
83 0 438191 83 0.04164004325866699
83 0 438274 83 0.04156851768493652
83 0 438357 83 0.0415799617767334
83 0 438440 83 0.04156160354614258
83 0 438523 83 0.041573286056518555
83 0 438606 83 0.04162311553955078
83 0 438689 83 0.041631460189819336
83 0 438772 83 0.041671037673950195
83 0 438855 83 0.041610002517700195
83 0 438938 83 0.04163241386413574
83 0 439021 83 0.04167938232421875
83 0 439104 83 0.04167461395263672
83 0 439187 83 0.04161977767944336
82 0 432649 82 0.03883838653564453
0 83 432649 1492 0.0703427791595459
83 0 434224 83 0.04049181938171387
83 0 434307 83 0.03917527198791504
83 0 434390 83 0.03900265693664551
83 0 434473 83 0.03906059265136719
83 0 434556 83 0.03907632827758789
83 0 434639 83 0.03906822204589844
83 0 434722 83 0.03905606269836426
83 0 434805 83 0.039061546325683594
83 0 434888 83 0.03888893127441406
83 0 434971 83 0.03885936737060547
83 0 435054 83 0.03890538215637207
83 0 435137 83 0.03894376754760742
83 0 435220 83 0.038933753967285156
83 0 435303 83 0.038867950439453125
83 0 435386 83 0.03890800476074219
83 0 435469 83 0.0389704704284668
83 0 435552 83 0.03897404670715332
83 0 435635 83 0.03894186019897461
83 0 435718 83 0.038910865783691406
83 0 435801 83 0.038933515548706055
83 0 435884 83 0.039021968841552734
83 0 435967 83 0.03897380828857422
83 0 436050 83 0.03894686698913574
83 0 436133 83 0.0389704704284668
83 0 436216 83 0.03900313377380371
83 0 436299 83 0.039035797119140625
83 0 436382 83 0.03900313377380371
83 0 436465 83 0.03892326354980469
83 0 436548 83 0.03892111778259277
83 0 436631 83 0.03905177116394043
83 0 436714 83 0.03905940055847168
83 0 436797 83 0.039037227630615234
83 0 436880 83 0.038991451263427734
83 0 436963 83 0.039000511169433594
83 0 437046 83 0.0390620231628418
83 0 437129 83 0.03907895088195801
83 0 437212 83 0.039011240005493164
83 0 437295 83 0.039000749588012695
83 0 437378 83 0.03905940055847168
83 0 437461 83 0.03910493850708008
83 0 437544 83 0.039116621017456055
83 0 437627 83 0.03905510902404785
82 0 432244 82 0.038394927978515625
82 0 432326 82 0.038443803787231445
82 0 432408 82 0.038454532623291016
82 0 432490 82 0.03842782974243164
82 0 432572 82 0.03845024108886719
82 0 432654 82 0.03843188285827637
82 0 432736 82 0.03848886489868164
82 0 432818 82 0.03849291801452637
82 0 432900 82 0.03845691680908203
82 0 432982 82 0.03842520713806152
82 0 433064 82 0.03843498229980469
82 0 433146 82 0.038461923599243164
82 0 433228 82 0.038532257080078125
82 0 433310 82 0.03847908973693848
82 0 433392 82 0.03846883773803711
82 0 433474 82 0.038483619689941406
82 0 433556 82 0.03852963447570801
82 0 433638 82 0.038526058197021484
82 0 433720 82 0.03847551345825195
82 0 433802 82 0.03846001625061035
82 0 433884 82 0.038549184799194336
82 0 433966 82 0.03856039047241211
82 0 434048 82 0.03854513168334961
82 0 434130 82 0.038509368896484375
82 0 434212 82 0.03850221633911133
82 0 434294 82 0.038558006286621094
82 0 434376 82 0.038561105728149414
81 0 426696 81 0.039716243743896484
0 82 426696 4096 0.14534997940063477
0 83 430792 4096 0.1699068546295166
0 84 434888 4096 0.14314603805541992
0 84 438984 457 0.039064884185791016
84 0 439525 84 0.038282155990600586
84 0 439609 84 0.03779959678649902
84 0 439693 84 0.03755640983581543
83 0 432644 83 0.03944659233093262
0 85 432644 4096 0.14281058311462402
0 85 436740 4096 0.15041613578796387
0 85 440836 414 0.04020047187805176
85 0 441335 85 0.03980612754821777
85 0 441420 85 0.0393071174621582
85 0 441505 85 0.039293527603149414
85 0 441590 85 0.039343833923339844
85 0 441675 85 0.03937172889709473
85 0 441760 85 0.03935432434082031
84 0 435544 84 0.040482521057128906
0 85 435544 4096 0.14405226707458496
0 85 439640 1431 0.07977628707885742
85 0 441156 85 0.04172468185424805
85 0 441241 85 0.04063057899475098
84 0 434649 84 0.039446115493774414
84 0 434733 84 0.039458274841308594
84 0 434817 84 0.039487361907958984
84 0 434901 84 0.03949904441833496
84 0 434985 84 0.039427757263183594
84 0 435069 84 0.03950166702270508
84 0 435153 84 0.03925776481628418
84 0 435237 84 0.03933262825012207
84 0 435321 84 0.039373159408569336
84 0 435405 84 0.039174795150756836
84 0 435489 84 0.03927040100097656
84 0 435573 84 0.03939175605773926
84 0 435657 84 0.039490699768066406
84 0 435741 84 0.03931546211242676
84 0 435825 84 0.03928542137145996
84 0 435909 84 0.03929018974304199
84 0 435993 84 0.03937339782714844
84 0 436077 84 0.03939175605773926
83 0 428910 83 0.0392453670501709
0 84 428910 4096 0.1447005271911621
0 85 433006 4096 0.14847135543823242
0 85 437102 1077 0.058429718017578125
85 0 438264 85 0.04049086570739746
85 0 438349 85 0.039662837982177734
85 0 438434 85 0.03955197334289551
85 0 438519 85 0.03953218460083008
85 0 438604 85 0.03946542739868164
85 0 438689 85 0.039576053619384766
85 0 438774 85 0.03958392143249512
85 0 438859 85 0.03958392143249512
85 0 438944 85 0.03951573371887207
85 0 439029 85 0.03943300247192383
85 0 439114 85 0.03950381278991699
85 0 439199 85 0.03932666778564453
85 0 439284 85 0.039350271224975586
85 0 439369 85 0.039348602294921875
85 0 439454 85 0.03948974609375
85 0 439539 85 0.03954648971557617
85 0 439624 85 0.03932309150695801
85 0 439709 85 0.03938913345336914
84 0 437211 84 0.03706622123718262
84 0 437295 84 0.03711557388305664
84 0 437379 84 0.037039995193481445
84 0 437463 84 0.03697919845581055
84 0 437547 84 0.03699183464050293
84 0 437631 84 0.03712749481201172
84 0 437715 84 0.037138938903808594
84 0 437799 84 0.037087440490722656
84 0 437883 84 0.037011146545410156
84 0 437967 84 0.0370330810546875
84 0 438051 84 0.037145137786865234
83 0 435503 83 0.03753018379211426
83 0 435586 83 0.03752565383911133
83 0 435669 83 0.03746509552001953
83 0 435752 83 0.03747725486755371
83 0 435835 83 0.037592411041259766
83 0 435918 83 0.03756356239318848
83 0 436001 83 0.037505149841308594
83 0 436084 83 0.03747129440307617
83 0 436167 83 0.03746175765991211
83 0 436250 83 0.03755378723144531
83 0 436333 83 0.03757333755493164
83 0 436416 83 0.03755640983581543
83 0 436499 83 0.03750729560852051
83 0 436582 83 0.03749871253967285
83 0 436665 83 0.03758597373962402
83 0 436748 83 0.03760480880737305
83 0 436831 83 0.03751850128173828
83 0 436914 83 0.03749680519104004
82 0 430858 82 0.03500032424926758
0 83 430858 2929 0.10965299606323242
83 0 433870 83 0.037277936935424805
83 0 433953 83 0.036273956298828125
83 0 434036 83 0.03518533706665039
83 0 434119 83 0.035180091857910156
83 0 434202 83 0.035193443298339844
83 0 434285 83 0.03518033027648926
83 0 434368 83 0.03520035743713379
83 0 434451 83 0.03525805473327637
83 0 434534 83 0.035254716873168945
83 0 434617 83 0.03513932228088379
83 0 434700 83 0.035124778747558594
83 0 434783 83 0.03510093688964844
83 0 434866 83 0.03509402275085449
83 0 434949 83 0.03504061698913574
83 0 435032 83 0.03508162498474121
83 0 435115 83 0.03514266014099121
83 0 435198 83 0.03519630432128906
83 0 435281 83 0.03515267372131348
83 0 435364 83 0.03513026237487793
83 0 435447 83 0.03513598442077637
83 0 435530 83 0.035184383392333984
83 0 435613 83 0.03515028953552246
83 0 435696 83 0.035182952880859375
83 0 435779 83 0.03511524200439453
83 0 435862 83 0.03512215614318848
83 0 435945 83 0.035268545150756836
83 0 436028 83 0.03525543212890625
83 0 436111 83 0.03521990776062012
83 0 436194 83 0.03513073921203613
83 0 436277 83 0.03513193130493164
83 0 436360 83 0.035224199295043945
83 0 436443 83 0.03522086143493652
83 0 436526 83 0.03525519371032715
83 0 436609 83 0.03517889976501465
83 0 436692 83 0.03515362739562988
83 0 436775 83 0.035325050354003906
83 0 436858 83 0.03542733192443848
83 0 436941 83 0.03528475761413574
83 0 437024 83 0.03520965576171875
83 0 437107 83 0.03519940376281738
83 0 437190 83 0.035279035568237305
83 0 437273 83 0.035314321517944336
83 0 437356 83 0.035307884216308594
83 0 437439 83 0.03523731231689453
83 0 437522 83 0.0352168083190918
83 0 437605 83 0.03526163101196289
83 0 437688 83 0.03535962104797363
83 0 437771 83 0.035337209701538086
83 0 437854 83 0.0352630615234375
83 0 437937 83 0.035307884216308594
83 0 438020 83 0.035315752029418945
83 0 438103 83 0.035330772399902344
83 0 438186 83 0.03539705276489258
83 0 438269 83 0.035341739654541016
83 0 438352 83 0.03528928756713867
83 0 438435 83 0.03537178039550781
83 0 438518 83 0.03534579277038574
83 0 438601 83 0.03535771369934082
83 0 438684 83 0.03533816337585449
82 0 430162 82 0.03594160079956055
0 83 430162 4096 0.14594340324401855
0 84 434258 4096 0.16051435470581055
0 84 438354 2625 0.10761737823486328
84 0 441063 84 0.03673696517944336
84 0 441147 84 0.03577995300292969
83 0 436667 83 0.038912296295166016
0 83 433279 4095 0.14058995246887207
0 83 437374 4029 0.16601014137268066
83 0 441486 83 0.04146599769592285
83 0 441569 83 0.03897500038146973
83 0 441652 83 0.03852343559265137
83 0 441735 83 0.03853631019592285
83 0 441818 83 0.03858208656311035
83 0 441901 83 0.0385584831237793
82 0 434055 82 0.039453744888305664
0 83 434055 4096 0.14574980735778809
0 83 438151 887 0.0518798828125
83 0 439121 83 0.03985238075256348
83 0 439204 83 0.039618730545043945
82 0 429875 82 0.038196563720703125
0 84 429875 4096 0.14113068580627441
0 84 433971 4096 0.15200519561767578
0 84 438067 2062 0.10308957099914551
84 0 440213 84 0.04330801963806152
84 0 440297 84 0.041227102279663086
84 0 440381 84 0.04077601432800293
84 0 440465 84 0.04081892967224121
84 0 440549 84 0.04079890251159668
84 0 440633 84 0.040822744369506836
84 0 440717 84 0.04080700874328613
84 0 440801 84 0.040849924087524414
84 0 440885 84 0.04062056541442871
84 0 440969 84 0.0406336784362793
84 0 441053 84 0.04061412811279297
84 0 441137 84 0.040633201599121094
84 0 441221 84 0.040644168853759766
84 0 441305 84 0.04059410095214844
84 0 441389 84 0.040581464767456055
84 0 441473 84 0.04061293601989746
84 0 441557 84 0.04066896438598633
84 0 441641 84 0.04066276550292969
83 0 432627 83 0.040053367614746094
0 84 432627 4096 0.14527440071105957
0 84 436723 3404 0.1440441608428955
84 0 440211 84 0.04367184638977051
84 0 440295 84 0.041558027267456055
84 0 440379 84 0.040831565856933594
84 0 440463 84 0.04085540771484375
84 0 440547 84 0.040860652923583984
84 0 440631 84 0.04087209701538086
83 0 432629 83 0.040341854095458984
0 84 432629 4096 0.14620137214660645
0 84 436725 1847 0.09212231636047363
84 0 438656 84 0.04208016395568848
84 0 438740 84 0.0406038761138916
84 0 438824 84 0.04037976264953613
84 0 438908 84 0.0403902530670166
84 0 438992 84 0.0404205322265625
84 0 439076 84 0.04042458534240723
84 0 439160 84 0.04034423828125
83 0 435140 83 0.040685415267944336
83 0 435223 83 0.040555715560913086
83 0 435306 83 0.040583133697509766
83 0 435389 83 0.04054856300354004
83 0 435472 83 0.04056262969970703
83 0 435555 83 0.04055285453796387
83 0 435638 83 0.04053449630737305
83 0 435721 83 0.040532827377319336
83 0 435804 83 0.040618181228637695
83 0 435887 83 0.04063534736633301
83 0 435970 83 0.040548086166381836
83 0 436053 83 0.040544986724853516
83 0 436136 83 0.04051065444946289
83 0 436219 83 0.0405428409576416
83 0 436302 83 0.04059433937072754
83 0 436385 83 0.04064607620239258
83 0 436468 83 0.04063892364501953
83 0 436551 83 0.040590763092041016
83 0 436634 83 0.04058098793029785
83 0 436717 83 0.04065704345703125
83 0 436800 83 0.040662527084350586
83 0 436883 83 0.04061007499694824
83 0 436966 83 0.040615081787109375
83 0 437049 83 0.04062056541442871
83 0 437132 83 0.04069685935974121
82 0 434281 82 0.03691411018371582
0 83 434281 4096 0.14755964279174805
0 83 438377 2089 0.10299873352050781
83 0 440549 83 0.039160728454589844
83 0 440632 83 0.037474632263183594
83 0 440715 83 0.037230491638183594
83 0 440798 83 0.0371241569519043
83 0 440881 83 0.03711867332458496
82 0 432012 82 0.03952360153198242
0 84 432012 4096 0.14023756980895996
0 85 436108 4096 0.14171409606933594
0 85 435395 3683 0.13353562355041504
85 0 439163 85 0.041533708572387695
85 0 439248 85 0.039737701416015625
85 0 439333 85 0.039583444595336914
85 0 439418 85 0.03961539268493652
85 0 439503 85 0.039592742919921875
85 0 439588 85 0.039571285247802734
85 0 439673 85 0.03951692581176758
85 0 439758 85 0.03952527046203613
85 0 439843 85 0.03940701484680176
85 0 439928 85 0.039412498474121094
85 0 440013 85 0.03938698768615723
85 0 440098 85 0.039362192153930664
85 0 440183 85 0.03941178321838379
85 0 440268 85 0.039438486099243164
85 0 440353 85 0.03941607475280762
85 0 440438 85 0.03937029838562012
85 0 440523 85 0.03936934471130371
85 0 440608 85 0.03945517539978027
85 0 440693 85 0.03949117660522461
84 0 438676 84 0.038239479064941406
84 0 438760 84 0.03818011283874512
84 0 438844 84 0.038181304931640625
84 0 438928 84 0.038308143615722656
84 0 439012 84 0.038291215896606445
84 0 439096 84 0.038179636001586914
84 0 439180 84 0.038181304931640625
84 0 439264 84 0.038274288177490234
84 0 439348 84 0.038336753845214844
84 0 439432 84 0.03834033012390137
84 0 439516 84 0.038214921951293945
84 0 439600 84 0.03823113441467285
84 0 439684 84 0.03829669952392578
84 0 439768 84 0.03830242156982422
84 0 439852 84 0.03831672668457031
84 0 439936 84 0.03824043273925781
84 0 440020 84 0.038252830505371094
84 0 440104 84 0.03835487365722656
83 0 437294 83 0.03899860382080078
83 0 437377 83 0.038965463638305664
83 0 437460 83 0.03888058662414551
83 0 437543 83 0.03888702392578125
83 0 437626 83 0.03900647163391113
83 0 437709 83 0.03900933265686035
83 0 437792 83 0.038962364196777344
83 0 437875 83 0.03892660140991211
83 0 437958 83 0.03898811340332031
83 0 438041 83 0.03903484344482422
83 0 438124 83 0.039035797119140625
83 0 438207 83 0.038935184478759766
83 0 438290 83 0.03891181945800781
83 0 438373 83 0.03911399841308594
83 0 438456 83 0.03909039497375488
83 0 438539 83 0.03905320167541504
83 0 438622 83 0.03896975517272949
83 0 438705 83 0.0389707088470459
83 0 438788 83 0.03911852836608887
83 0 438871 83 0.03909635543823242
83 0 438954 83 0.03902912139892578
83 0 439037 83 0.039016008377075195
83 0 439120 83 0.039049386978149414
83 0 439203 83 0.03915762901306152
83 0 439286 83 0.03913164138793945
82 0 434772 82 0.03668212890625
82 0 434854 82 0.036669015884399414
82 0 434936 82 0.03676247596740723
82 0 435018 82 0.036809444427490234
82 0 435100 82 0.03683280944824219
82 0 435182 82 0.036692142486572266
82 0 435264 82 0.036752939224243164
82 0 435346 82 0.036737918853759766
82 0 435428 82 0.03687906265258789
82 0 435510 82 0.03684234619140625
82 0 435592 82 0.0367276668548584
82 0 435674 82 0.03670072555541992
82 0 435756 82 0.036863088607788086
82 0 435838 82 0.03688859939575195
81 0 428383 81 0.03650212287902832
0 82 428383 4096 0.14481687545776367
0 82 432479 1762 0.08832144737243652
82 0 434323 82 0.038144826889038086
82 0 434405 82 0.03686332702636719
82 0 434487 82 0.036629438400268555
82 0 434569 82 0.03665447235107422
82 0 434651 82 0.03667879104614258
82 0 434733 82 0.036675453186035156
82 0 434815 82 0.036713600158691406
82 0 434897 82 0.036710262298583984
82 0 434979 82 0.03661823272705078
82 0 435061 82 0.03647899627685547
82 0 435143 82 0.03647923469543457
82 0 435225 82 0.036458730697631836
82 0 435307 82 0.03648805618286133
82 0 435389 82 0.03652644157409668
82 0 435471 82 0.036550045013427734
82 0 435553 82 0.036581993103027344
82 0 435635 82 0.036525726318359375
82 0 435717 82 0.036477088928222656
82 0 435799 82 0.03652310371398926
82 0 435881 82 0.0365750789642334
82 0 435963 82 0.03658723831176758
82 0 436045 82 0.03652834892272949
82 0 436127 82 0.036530256271362305
82 0 436209 82 0.03657341003417969
82 0 436291 82 0.03662514686584473
82 0 436373 82 0.03661537170410156
82 0 436455 82 0.03652763366699219
82 0 436537 82 0.03653597831726074
82 0 436619 82 0.03664207458496094
82 0 436701 82 0.036676883697509766
82 0 436783 82 0.03661394119262695
82 0 436865 82 0.036559343338012695
82 0 436947 82 0.03659319877624512
82 0 437029 82 0.03662252426147461
82 0 437111 82 0.036644697189331055
82 0 437193 82 0.036643028259277344
82 0 437275 82 0.03660392761230469
82 0 437357 82 0.036602020263671875
82 0 437439 82 0.03664350509643555
82 0 437521 82 0.03669929504394531
82 0 437603 82 0.03666520118713379
82 0 437685 82 0.0366215705871582
82 0 437767 82 0.03662610054016113
81 0 428228 81 0.03625607490539551
0 82 428228 4096 0.14449787139892578
0 83 432324 4096 0.15035700798034668
0 83 436420 2702 0.11382079124450684
83 0 439205 83 0.0415492057800293
83 0 439288 83 0.04023146629333496
83 0 439371 83 0.0400843620300293
83 0 439454 83 0.04009842872619629
83 0 439537 83 0.04012727737426758
83 0 439620 83 0.04009604454040527
83 0 439703 83 0.04005742073059082
83 0 439786 83 0.040073394775390625
83 0 439869 83 0.03994941711425781
83 0 439952 83 0.039954185485839844
82 0 435338 82 0.03979301452636719
0 83 435338 2866 0.10837817192077637
83 0 438287 83 0.04277992248535156
83 0 438370 83 0.04069638252258301
82 0 429881 82 0.038225412368774414
0 82 425385 4095 0.14081668853759766
0 83 429480 4096 0.14826703071594238
0 83 433576 4096 0.16737699508666992
0 83 437672 493 0.04097247123718262
83 0 438248 83 0.0398859977722168
83 0 438331 83 0.03937697410583496
83 0 438414 83 0.03902006149291992
83 0 438497 83 0.03904294967651367
83 0 438580 83 0.03901100158691406
83 0 438663 83 0.039037466049194336
83 0 438746 83 0.03904104232788086
83 0 438829 83 0.03906059265136719
83 0 438912 83 0.038881778717041016
83 0 438995 83 0.03885793685913086
83 0 439078 83 0.03886604309082031
83 0 439161 83 0.038823604583740234
83 0 439244 83 0.03880929946899414
83 0 439327 83 0.03884148597717285
83 0 439410 83 0.03889799118041992
83 0 439493 83 0.03888368606567383
83 0 439576 83 0.03881573677062988
83 0 439659 83 0.03881573677062988
83 0 439742 83 0.03889894485473633
83 0 439825 83 0.03891777992248535
83 0 439908 83 0.03888082504272461
83 0 439991 83 0.03885674476623535
83 0 440074 83 0.038866281509399414
83 0 440157 83 0.03893089294433594
83 0 440240 83 0.03890228271484375
83 0 440323 83 0.03891587257385254
83 0 440406 83 0.03889727592468262
83 0 440489 83 0.03892397880554199
83 0 440572 83 0.03896212577819824
83 0 440655 83 0.038939476013183594
83 0 440738 83 0.03889918327331543
83 0 440821 83 0.0388944149017334
83 0 440904 83 0.03896498680114746
83 0 440987 83 0.0389866828918457
83 0 441070 83 0.03897714614868164
83 0 441153 83 0.03897571563720703
82 0 435452 82 0.03809165954589844
82 0 435534 82 0.03820681571960449
82 0 435616 82 0.03816342353820801
82 0 435698 82 0.038126230239868164
82 0 435780 82 0.03813505172729492
82 0 435862 82 0.03816342353820801
82 0 435944 82 0.038222551345825195
82 0 436026 82 0.0382232666015625
82 0 436108 82 0.038168907165527344
81 0 429349 81 0.03790903091430664
0 82 429349 4096 0.14389324188232422
0 82 433445 1510 0.0801537036895752
82 0 435037 82 0.039182186126708984
82 0 435119 82 0.03834199905395508
82 0 435201 82 0.03818655014038086
82 0 435283 82 0.038141727447509766
82 0 435365 82 0.03821921348571777
82 0 435447 82 0.03821229934692383
82 0 435529 82 0.03822827339172363
82 0 435611 82 0.03818321228027344
82 0 435693 82 0.03804779052734375
82 0 435775 82 0.03803372383117676
82 0 435857 82 0.03802156448364258
82 0 435939 82 0.038038015365600586
82 0 436021 82 0.03807330131530762
82 0 436103 82 0.03806710243225098
82 0 436185 82 0.03806567192077637
82 0 436267 82 0.03801107406616211
82 0 436349 82 0.038063764572143555
82 0 436431 82 0.03810286521911621
82 0 436513 82 0.03808283805847168
82 0 436595 82 0.03806710243225098
82 0 436677 82 0.03804731369018555
82 0 436759 82 0.03813433647155762
82 0 436841 82 0.038114070892333984
82 0 436923 82 0.038077592849731445
82 0 437005 82 0.03806734085083008
82 0 437087 82 0.038094282150268555
82 0 437169 82 0.038172245025634766
82 0 437251 82 0.03815937042236328
82 0 437333 82 0.03808283805847168
82 0 437415 82 0.03812289237976074
82 0 437497 82 0.038109779357910156
82 0 437579 82 0.03818321228027344
82 0 437661 82 0.038158416748046875
82 0 437743 82 0.038124799728393555
82 0 437825 82 0.03812718391418457
82 0 437907 82 0.038150787353515625
82 0 437989 82 0.03821063041687012
82 0 438071 82 0.03818869590759277
82 0 438153 82 0.03812766075134277
82 0 438235 82 0.03811931610107422
82 0 438317 82 0.03821110725402832
82 0 438399 82 0.038230180740356445
82 0 438481 82 0.03818011283874512
82 0 438563 82 0.038166046142578125
82 0 438645 82 0.03820347785949707
82 0 438727 82 0.038247108459472656
81 0 434213 81 0.03810691833496094
81 0 434294 81 0.03812551498413086
80 0 430038 80 0.035771846771240234
0 81 430038 4096 0.14494633674621582
0 81 434134 4064 0.16646933555603027
81 0 438279 81 0.039762020111083984
81 0 438360 81 0.03809642791748047
81 0 438441 81 0.03771781921386719
81 0 438522 81 0.03772449493408203
81 0 438603 81 0.037688493728637695
80 0 433907 80 0.03636980056762695
0 81 433907 4096 0.14477300643920898
0 81 438003 660 0.04871368408203125
81 0 438744 81 0.03943181037902832
81 0 438825 81 0.038701534271240234
79 0 429032 79 0.03772306442260742
0 80 429032 4096 0.14411520957946777
0 81 433128 4096 0.16386079788208008
0 81 437224 585 0.04342031478881836
81 0 437890 81 0.03820395469665527
81 0 437971 81 0.037824153900146484
81 0 438052 81 0.037729740142822266
81 0 438133 81 0.037774085998535156
81 0 438214 81 0.03777146339416504
81 0 438295 81 0.03774309158325195
81 0 438376 81 0.0377199649810791
81 0 438457 81 0.03766059875488281
81 0 438538 81 0.03759407997131348
81 0 438619 81 0.037598371505737305
81 0 438700 81 0.037580251693725586
81 0 438781 81 0.037554025650024414
81 0 438862 81 0.03756117820739746
81 0 438943 81 0.037599802017211914
81 0 439024 81 0.037657976150512695
81 0 439105 81 0.0375676155090332
80 0 433322 80 0.03540611267089844
0 82 433322 4096 0.14216017723083496
0 82 437418 484 0.03883194923400879
82 0 437984 82 0.03784584999084473
82 0 438066 82 0.03735995292663574
82 0 438148 82 0.03734707832336426
82 0 438230 82 0.0373384952545166
82 0 438312 82 0.037354469299316406
82 0 438394 82 0.03735661506652832
82 0 438476 82 0.03742623329162598
82 0 438558 82 0.0373990535736084
82 0 438640 82 0.03722667694091797
82 0 438722 82 0.03725695610046387
82 0 438804 82 0.03722572326660156
82 0 438886 82 0.03716874122619629
82 0 438968 82 0.0371708869934082
82 0 439050 82 0.03724193572998047
82 0 439132 82 0.03727841377258301
82 0 439214 82 0.037253379821777344
82 0 439296 82 0.037207841873168945
82 0 439378 82 0.037183523178100586
82 0 439460 82 0.03728818893432617
82 0 439542 82 0.03728985786437988
82 0 439624 82 0.03722119331359863
82 0 439706 82 0.03723478317260742
82 0 439788 82 0.037255287170410156
82 0 439870 82 0.03731036186218262
82 0 439952 82 0.0373234748840332
82 0 440034 82 0.037253379821777344
82 0 440116 82 0.03724956512451172
82 0 440198 82 0.03726959228515625
82 0 440280 82 0.037309885025024414
82 0 440362 82 0.03731274604797363
81 0 435713 81 0.03873109817504883
0 82 435713 4096 0.14493846893310547
0 82 439809 1651 0.08670496940612793
82 0 441542 82 0.04050111770629883
82 0 441624 82 0.03928422927856445
82 0 441706 82 0.03907370567321777
81 0 436308 81 0.03904366493225098
81 0 436389 81 0.039017438888549805
81 0 436470 81 0.03895902633666992
81 0 436551 81 0.038994550704956055
81 0 436632 81 0.039018869400024414
81 0 436713 81 0.03895735740661621
81 0 436794 81 0.03886222839355469
81 0 436875 81 0.03889036178588867
81 0 436956 81 0.03884625434875488
81 0 437037 81 0.03877758979797363
81 0 437118 81 0.03883004188537598
81 0 437199 81 0.038860321044921875
80 0 428799 80 0.0380251407623291
0 81 428799 4096 0.1454615592956543
0 81 432895 2876 0.12691354751586914
81 0 435852 81 0.03895282745361328
81 0 435933 81 0.03746771812438965
81 0 436014 81 0.037250518798828125
81 0 436095 81 0.03729844093322754
81 0 436176 81 0.03724193572998047
80 0 429973 80 0.038170576095581055
0 81 429973 4096 0.14510083198547363
0 81 434069 2870 0.12755918502807617
81 0 437020 81 0.043042898178100586
81 0 437101 81 0.04114413261413574
81 0 437182 81 0.040863037109375
81 0 437263 81 0.04088473320007324
81 0 437344 81 0.040894269943237305
81 0 437425 81 0.04096841812133789
81 0 437506 81 0.040909528732299805
81 0 437587 81 0.04083108901977539
81 0 437668 81 0.0406033992767334
80 0 434300 80 0.0373682975769043
80 0 434380 80 0.03739118576049805
80 0 434460 80 0.03741264343261719
80 0 434540 80 0.037482261657714844
80 0 434620 80 0.037401437759399414
80 0 434700 80 0.03739500045776367
80 0 434780 80 0.0373990535736084
80 0 434860 80 0.03744649887084961
80 0 434940 80 0.037518978118896484
80 0 435020 80 0.0374760627746582
80 0 435100 80 0.03744816780090332
80 0 435180 80 0.03743314743041992
80 0 435260 80 0.03748917579650879
79 0 428043 79 0.03731966018676758
0 80 428043 4096 0.1465916633605957
0 81 432139 4096 0.15971970558166504
0 81 436235 2957 0.11696195602416992
81 0 439273 81 0.040337324142456055
81 0 439354 81 0.039307355880737305
81 0 439435 81 0.03909444808959961
81 0 439516 81 0.0390779972076416
81 0 439597 81 0.039032697677612305
81 0 439678 81 0.03905129432678223
81 0 439759 81 0.03920888900756836
81 0 439840 81 0.03909921646118164
80 0 433404 80 0.03655576705932617
0 81 433404 4096 0.14594388008117676
0 81 437500 3690 0.15633296966552734
81 0 441271 81 0.04198813438415527
81 0 441352 81 0.040671348571777344
81 0 441433 81 0.04053092002868652
81 0 441514 81 0.04053664207458496
81 0 441595 81 0.04056811332702637
81 0 441676 81 0.04056358337402344
81 0 441757 81 0.04058551788330078
81 0 441838 81 0.040589094161987305
81 0 441919 81 0.040285587310791016
81 0 442000 81 0.040296316146850586
81 0 442081 81 0.040364980697631836
81 0 442162 81 0.04025554656982422
80 0 433339 80 0.03677558898925781
0 81 433339 4096 0.14601469039916992
0 81 437435 3328 0.1411433219909668
81 0 440844 81 0.04028677940368652
81 0 440925 81 0.03891897201538086
81 0 441006 81 0.03860354423522949
81 0 441087 81 0.038582801818847656
80 0 433183 80 0.03591012954711914
0 82 433183 4096 0.1379082202911377
0 82 437279 4096 0.15673422813415527
0 82 441375 1226 0.06605052947998047
82 0 442683 82 0.03967142105102539
80 0 432002 80 0.0365290641784668
0 81 432002 4096 0.14583110809326172
0 82 436098 3702 0.1341092586517334
82 0 439882 82 0.0411839485168457
81 0 434914 81 0.03774428367614746
81 0 434995 81 0.03754138946533203
81 0 435076 81 0.03753542900085449
81 0 435157 81 0.03756523132324219
81 0 435238 81 0.0375213623046875
81 0 435319 81 0.03753399848937988
81 0 435400 81 0.03754544258117676
81 0 435481 81 0.03744673728942871
81 0 435562 81 0.037412405014038086
81 0 435643 81 0.03734898567199707
81 0 435724 81 0.0374140739440918
81 0 435805 81 0.03737497329711914
81 0 435886 81 0.03745222091674805
81 0 435967 81 0.03743433952331543
81 0 436048 81 0.03735518455505371
81 0 436129 81 0.03734397888183594
81 0 436210 81 0.037451982498168945
81 0 436291 81 0.03746604919433594
81 0 436372 81 0.03744697570800781
81 0 436453 81 0.03744006156921387
81 0 436534 81 0.03736686706542969
80 0 432479 80 0.035569190979003906
0 81 432479 4096 0.14492487907409668
0 82 436575 3970 0.14658570289611816
82 0 440627 82 0.04098844528198242
82 0 440709 82 0.03962063789367676
82 0 440791 82 0.038726091384887695
82 0 440873 82 0.038715362548828125
82 0 440955 82 0.03872251510620117
82 0 441037 82 0.038756608963012695
82 0 441119 82 0.03877449035644531
82 0 441201 82 0.038793325424194336
82 0 441283 82 0.03856062889099121
82 0 441365 82 0.03845787048339844
82 0 441447 82 0.03850507736206055
82 0 441529 82 0.03863978385925293
82 0 441611 82 0.03850960731506348
82 0 441693 82 0.038759469985961914
82 0 441775 82 0.03864860534667969
82 0 441857 82 0.03864121437072754
82 0 441939 82 0.038535356521606445
82 0 442021 82 0.03856015205383301
82 0 442103 82 0.03866982460021973
80 0 429555 80 0.03764533996582031
0 81 429555 4096 0.14554548263549805
0 82 433651 4096 0.16185235977172852
0 82 437747 1486 0.07725143432617188
82 0 439315 82 0.04339861869812012
82 0 439397 82 0.04231715202331543
82 0 439479 82 0.041974782943725586
81 0 433556 81 0.03837394714355469
0 83 433556 4096 0.13794684410095215
0 83 437652 962 0.05157351493835449
83 0 438697 83 0.03907203674316406
83 0 438780 83 0.03854823112487793
83 0 438863 83 0.03851914405822754
83 0 438946 83 0.03845477104187012
83 0 439029 83 0.03841519355773926
83 0 439112 83 0.03842282295227051
83 0 439195 83 0.03842020034790039
83 0 439278 83 0.03840970993041992
83 0 439361 83 0.03832125663757324
83 0 439444 83 0.03826475143432617
83 0 439527 83 0.03821730613708496
83 0 439610 83 0.03820538520812988
83 0 439693 83 0.03823208808898926
83 0 439776 83 0.038281917572021484
83 0 439859 83 0.0382847785949707
83 0 439942 83 0.03823685646057129
83 0 440025 83 0.03823590278625488
83 0 440108 83 0.03829550743103027
83 0 440191 83 0.038297414779663086
83 0 440274 83 0.038269996643066406
83 0 440357 83 0.03824424743652344
83 0 440440 83 0.038274526596069336
83 0 440523 83 0.038312435150146484
83 0 440606 83 0.03834700584411621
83 0 440689 83 0.03829002380371094
83 0 440772 83 0.0382685661315918
83 0 440855 83 0.03829240798950195
83 0 440938 83 0.038336753845214844
83 0 441021 83 0.03834700584411621
83 0 441104 83 0.03839397430419922
83 0 441187 83 0.038309574127197266
83 0 441270 83 0.03832054138183594
83 0 441353 83 0.03834724426269531
83 0 441436 83 0.038437604904174805
83 0 441519 83 0.03830671310424805
83 0 441602 83 0.03830862045288086
82 0 435577 82 0.03995704650878906
0 81 422778 4094 0.1392362117767334
0 82 426872 4096 0.15406274795532227
0 83 430968 4096 0.14395833015441895
0 83 435064 930 0.05197572708129883
83 0 436077 83 0.04184699058532715
83 0 436160 83 0.04091501235961914
83 0 436243 83 0.040775299072265625
83 0 436326 83 0.04076957702636719
83 0 436409 83 0.040776968002319336
83 0 436492 83 0.040778398513793945
82 0 433277 82 0.03816652297973633
0 83 433277 4096 0.1452343463897705
0 83 437373 2989 0.13231897354125977
83 0 440445 83 0.04305124282836914
83 0 440528 83 0.04115128517150879
83 0 440611 83 0.04089856147766113
83 0 440694 83 0.04091501235961914
83 0 440777 83 0.04091644287109375
83 0 440860 83 0.040880680084228516
83 0 440943 83 0.040849924087524414
83 0 441026 83 0.04085350036621094
83 0 441109 83 0.04077935218811035
83 0 441192 83 0.04070591926574707
81 0 428583 81 0.04074859619140625
0 82 428583 4096 0.14490509033203125
0 83 432679 4096 0.14991426467895508
0 83 436775 1563 0.08202648162841797
82 0 434748 82 0.042896270751953125
0 83 434748 4096 0.14508605003356934
0 83 438844 2200 0.10505151748657227
82 0 431697 82 0.040947914123535156
0 83 431697 4096 0.1469404697418213
0 83 435793 2067 0.1027371883392334
83 0 437943 83 0.04169011116027832
83 0 438026 83 0.04002785682678223
83 0 438109 83 0.03995633125305176
83 0 438192 83 0.04000353813171387
83 0 438275 83 0.040017127990722656
83 0 438358 83 0.03995513916015625
83 0 438441 83 0.03989005088806152
83 0 438524 83 0.03995180130004883
83 0 438607 83 0.039815425872802734
83 0 438690 83 0.03982377052307129
83 0 438773 83 0.03973221778869629
82 0 430905 82 0.03789710998535156
0 83 430905 4096 0.14572668075561523
0 84 435001 4096 0.16275286674499512
0 83 434215 2555 0.10191917419433594
83 0 436853 83 0.04146695137023926
83 0 436936 83 0.04018115997314453
82 0 431765 82 0.03990292549133301
0 83 431765 4096 0.14546513557434082
0 83 435861 1094 0.05980849266052246
83 0 437038 83 0.039818763732910156
83 0 437121 83 0.03889203071594238
83 0 437204 83 0.03851318359375
83 0 437287 83 0.03851199150085449
83 0 437370 83 0.03844761848449707
83 0 437453 83 0.0384669303894043
83 0 437536 83 0.03846168518066406
83 0 437619 83 0.03852033615112305
83 0 437702 83 0.03859305381774902
83 0 437785 83 0.03846240043640137
83 0 437868 83 0.03827619552612305
83 0 437951 83 0.03835177421569824
83 0 438034 83 0.03837776184082031
83 0 438117 83 0.03841066360473633
83 0 438200 83 0.038375139236450195
83 0 438283 83 0.03829050064086914
83 0 438366 83 0.03835248947143555
83 0 438449 83 0.03837704658508301
83 0 438532 83 0.0384368896484375
83 0 438615 83 0.03838849067687988
83 0 438698 83 0.038321733474731445
83 0 438781 83 0.03831171989440918
83 0 438864 83 0.038436174392700195
83 0 438947 83 0.0384368896484375
83 0 439030 83 0.03845715522766113
83 0 439113 83 0.03833961486816406
83 0 439196 83 0.038366079330444336
83 0 439279 83 0.03850555419921875
83 0 439362 83 0.0384981632232666
83 0 439445 83 0.0384364128112793
83 0 439528 83 0.03837108612060547
83 0 439611 83 0.038369178771972656
83 0 439694 83 0.0384981632232666
83 0 439777 83 0.03843808174133301
83 0 439860 83 0.03846597671508789
83 0 439943 83 0.03847050666809082
83 0 440026 83 0.03854203224182129
83 0 440109 83 0.03852510452270508
83 0 440192 83 0.03850364685058594
83 0 440275 83 0.038413047790527344
83 0 440358 83 0.038469552993774414
83 0 440441 83 0.03854227066040039
83 0 440524 83 0.038532257080078125
83 0 440607 83 0.038521766662597656
83 0 440690 83 0.0384364128112793
83 0 440773 83 0.038424015045166016
83 0 440856 83 0.03856611251831055
83 0 440939 83 0.0385746955871582
83 0 441022 83 0.03849196434020996
83 0 441105 83 0.038431644439697266
83 0 441188 83 0.03852343559265137
83 0 441271 83 0.03860974311828613
83 0 441354 83 0.038558006286621094
82 0 438044 82 0.03850722312927246
82 0 438126 82 0.038453102111816406
82 0 438208 82 0.03852391242980957
82 0 438290 82 0.03866457939147949
82 0 438372 82 0.03858613967895508
82 0 438454 82 0.03845810890197754
82 0 438536 82 0.038500308990478516
82 0 438618 82 0.038620948791503906
82 0 438700 82 0.03869748115539551
82 0 438782 82 0.03857278823852539
82 0 438864 82 0.03848767280578613
82 0 438946 82 0.03847479820251465
82 0 439028 82 0.038641929626464844
82 0 439110 82 0.03864884376525879
82 0 439192 82 0.03855323791503906
81 0 430155 81 0.03866219520568848
0 82 430155 4096 0.1458292007446289
0 83 434251 4096 0.15465188026428223
0 83 438347 2957 0.1177365779876709
82 0 434008 82 0.039154052734375
0 83 434008 4096 0.14909934997558594
0 83 438104 681 0.048519134521484375
83 0 438868 83 0.03854799270629883
83 0 438951 83 0.03786134719848633
83 0 439034 83 0.03783869743347168
83 0 439117 83 0.03781318664550781
82 0 431190 82 0.038344621658325195
0 83 431190 4096 0.14658498764038086
0 83 435286 2975 0.1319570541381836
83 0 438344 83 0.03901553153991699
83 0 438427 83 0.03743314743041992
83 0 438510 83 0.03715801239013672
83 0 438593 83 0.03719782829284668
83 0 438676 83 0.0372769832611084
83 0 438759 83 0.03730130195617676
83 0 438842 83 0.03728818893432617
83 0 438925 83 0.037306785583496094
83 0 439008 83 0.0371248722076416
83 0 439091 83 0.03691530227661133
83 0 439174 83 0.0370030403137207
83 0 439257 83 0.03703784942626953
83 0 439340 83 0.03712773323059082
83 0 439423 83 0.03698897361755371
83 0 439506 83 0.03704023361206055
83 0 439589 83 0.03699493408203125
82 0 431092 82 0.03596925735473633
0 83 431092 4096 0.14543628692626953
0 84 435188 4096 0.14571166038513184
0 84 439284 2806 0.12306499481201172
84 0 442174 84 0.039198875427246094
83 0 438440 83 0.04201793670654297
83 0 438523 83 0.041811466217041016
82 0 434199 82 0.03904294967651367
82 0 434281 82 0.03905940055847168
81 0 431918 81 0.03751826286315918
0 82 431918 4096 0.14610052108764648
0 82 436014 3674 0.15579009056091309
82 0 439770 82 0.03835105895996094
82 0 439852 82 0.03712964057922363
82 0 439934 82 0.036736488342285156
82 0 440016 82 0.03673815727233887
82 0 440098 82 0.03671622276306152
82 0 440180 82 0.03677654266357422
82 0 440262 82 0.036870718002319336
82 0 440344 82 0.03681802749633789
82 0 440426 82 0.03678131103515625
82 0 440508 82 0.03663778305053711
82 0 440590 82 0.036656856536865234
82 0 440672 82 0.036635398864746094
82 0 440754 82 0.036675453186035156
82 0 440836 82 0.03658866882324219
82 0 440918 82 0.03659391403198242
82 0 441000 82 0.036744117736816406
82 0 441082 82 0.03671407699584961
81 0 437505 81 0.03860306739807129
0 82 437505 2985 0.11227631568908691
81 0 437767 81 0.04063916206359863
81 0 437848 81 0.03942298889160156
81 0 437929 81 0.0384066104888916
81 0 438010 81 0.038365840911865234
81 0 438091 81 0.038396358489990234
81 0 438172 81 0.0383758544921875
81 0 438253 81 0.03843092918395996
81 0 438334 81 0.03844285011291504
81 0 438415 81 0.0384058952331543
81 0 438496 81 0.03813886642456055
80 0 431114 80 0.03730368614196777
0 81 431114 4096 0.14447712898254395
0 81 435210 1821 0.09073114395141602
81 0 437112 81 0.039943695068359375
81 0 437193 81 0.039252519607543945
81 0 437274 81 0.0388188362121582
81 0 437355 81 0.03876471519470215
81 0 437436 81 0.03870964050292969
80 0 433226 80 0.03662753105163574
0 81 433226 4096 0.14612817764282227
0 81 437322 1772 0.08866763114929199
81 0 439175 81 0.040786027908325195
81 0 439256 81 0.03974199295043945
81 0 439337 81 0.039574384689331055
80 0 429293 80 0.0379633903503418
0 81 429293 4096 0.14421939849853516
0 81 433389 4096 0.1718447208404541
0 81 437485 138 0.0308685302734375
81 0 437704 81 0.03902029991149902
81 0 437785 81 0.038773536682128906
81 0 437866 81 0.038716793060302734
81 0 437947 81 0.03878521919250488
81 0 438028 81 0.03879952430725098
81 0 438109 81 0.0386655330657959
81 0 438190 81 0.03865814208984375
81 0 438271 81 0.03861808776855469
80 0 433123 80 0.03654050827026367
0 81 433123 4096 0.14520668983459473
0 81 437219 3815 0.1595461368560791
81 0 441115 81 0.04022812843322754
81 0 441196 81 0.03904581069946289
80 0 435591 80 0.03780341148376465
0 81 435591 3678 0.13132190704345703
80 0 430584 80 0.03864431381225586
0 81 430584 4096 0.14632153511047363
0 82 427619 4096 0.14584684371948242
0 82 431715 3548 0.13240337371826172
82 0 435345 82 0.04196524620056152
82 0 435427 82 0.04046010971069336
82 0 435509 82 0.04003000259399414
82 0 435591 82 0.039983272552490234
82 0 435673 82 0.0399174690246582
82 0 435755 82 0.03992152214050293
82 0 435837 82 0.03999686241149902
82 0 435919 82 0.0400233268737793
82 0 436001 82 0.03992486000061035
82 0 436083 82 0.03984355926513672
81 0 427619 81 0.036042213439941406
0 82 427619 4096 0.1446971893310547
0 83 431715 4096 0.15893101692199707
0 83 435811 3764 0.14156031608581543
83 0 439658 83 0.04127001762390137
83 0 439741 83 0.040187835693359375
83 0 439824 83 0.04007720947265625
83 0 439907 83 0.03998374938964844
83 0 439990 83 0.040030717849731445
83 0 440073 83 0.04000711441040039
83 0 440156 83 0.04003334045410156
83 0 440239 83 0.040070533752441406
83 0 440322 83 0.0399627685546875
82 0 433015 82 0.03716230392456055
0 83 433015 4096 0.1439495086669922
0 83 437111 1693 0.08630919456481934
83 0 438887 83 0.038564205169677734
83 0 438970 83 0.03750252723693848
83 0 439053 83 0.037284135818481445
83 0 439136 83 0.037282466888427734
83 0 439219 83 0.037259817123413086
83 0 439302 83 0.03728652000427246
82 0 435988 82 0.03969383239746094
0 83 435988 4096 0.14594507217407227
0 82 435411 86 0.029863834381103516
82 0 435579 82 0.039775848388671875
82 0 435661 82 0.039337158203125
82 0 435743 82 0.039368391036987305
82 0 435825 82 0.03930783271789551
82 0 435907 82 0.03936004638671875
82 0 435989 82 0.0393679141998291
82 0 436071 82 0.03936767578125
82 0 436153 82 0.0392458438873291
82 0 436235 82 0.0392003059387207
82 0 436317 82 0.03919553756713867
82 0 436399 82 0.03921079635620117
82 0 436481 82 0.03921246528625488
82 0 436563 82 0.03923845291137695
81 0 433926 81 0.03770327568054199
81 0 434007 81 0.03766894340515137
81 0 434088 81 0.037694692611694336
81 0 434169 81 0.03779101371765137
81 0 434250 81 0.03777813911437988
81 0 434331 81 0.03773903846740723
81 0 434412 81 0.03771018981933594
81 0 434493 81 0.03774118423461914
81 0 434574 81 0.03782296180725098
81 0 434655 81 0.0378117561340332
81 0 434736 81 0.037746429443359375
81 0 434817 81 0.03772711753845215
81 0 434898 81 0.03776216506958008
81 0 434979 81 0.03783535957336426
81 0 435060 81 0.03783392906188965
81 0 435141 81 0.03773784637451172
81 0 435222 81 0.037754058837890625
81 0 435303 81 0.037783145904541016
81 0 435384 81 0.03782796859741211
81 0 435465 81 0.037847042083740234
81 0 435546 81 0.03778266906738281
81 0 435627 81 0.037784576416015625
81 0 435708 81 0.037851810455322266
81 0 435789 81 0.037851572036743164
81 0 435870 81 0.03783535957336426
81 0 435951 81 0.03779864311218262
81 0 436032 81 0.03780484199523926
80 0 429905 80 0.03634381294250488
0 81 429905 4096 0.14459872245788574
0 81 434001 4096 0.17252540588378906
0 81 438097 183 0.03137040138244629
81 0 438361 81 0.040650367736816406
81 0 438442 81 0.040280818939208984
81 0 438523 81 0.04034280776977539
81 0 438604 81 0.040358781814575195
81 0 438685 81 0.04031062126159668
81 0 438766 81 0.040247201919555664
81 0 438847 81 0.04024863243103027
81 0 438928 81 0.040198564529418945
81 0 439009 81 0.0401606559753418
81 0 439090 81 0.04011058807373047
81 0 439171 81 0.040108442306518555
81 0 439252 81 0.04015040397644043
81 0 439333 81 0.040205955505371094
81 0 439414 81 0.04021501541137695
81 0 439495 81 0.04010605812072754
81 0 439576 81 0.04012036323547363
81 0 439657 81 0.04017925262451172
81 0 439738 81 0.040198326110839844
81 0 439819 81 0.04017758369445801
81 0 439900 81 0.04014015197753906
81 0 439981 81 0.040143728256225586
81 0 440062 81 0.040250301361083984
81 0 440143 81 0.040247440338134766
81 0 440224 81 0.04015231132507324
81 0 440305 81 0.040119171142578125
81 0 440386 81 0.04021859169006348
81 0 440467 81 0.04030323028564453
81 0 440548 81 0.040250539779663086
80 0 432927 80 0.03647327423095703
0 81 432927 1867 0.08024287223815918
81 0 434875 81 0.03943634033203125
81 0 434956 81 0.03775763511657715
81 0 435037 81 0.03735518455505371
81 0 435118 81 0.03731679916381836
81 0 435199 81 0.0372624397277832
81 0 435280 81 0.03731656074523926
81 0 435361 81 0.03732037544250488
80 0 428192 80 0.03695392608642578
0 81 428192 4096 0.14522433280944824
0 81 432288 2958 0.12865281105041504
81 0 435327 81 0.040840864181518555
81 0 435408 81 0.039002418518066406
81 0 435489 81 0.03876662254333496
81 0 435570 81 0.03878498077392578
81 0 435651 81 0.03881645202636719
81 0 435732 81 0.03882598876953125
81 0 435813 81 0.03887510299682617
81 0 435894 81 0.03885197639465332
81 0 435975 81 0.03864574432373047
81 0 436056 81 0.03858828544616699
81 0 436137 81 0.03863096237182617
81 0 436218 81 0.03867459297180176
81 0 436299 81 0.03869009017944336
81 0 436380 81 0.03864574432373047
81 0 436461 81 0.038655996322631836
80 0 430412 80 0.03687882423400879
0 81 430412 4096 0.14462733268737793
0 82 434508 4096 0.15960955619812012
0 82 438604 1717 0.08100342750549316
82 0 440403 82 0.04241609573364258
82 0 440485 82 0.04089713096618652
82 0 440567 82 0.04035067558288574
82 0 440649 82 0.040334463119506836
81 0 431106 81 0.03835105895996094
0 82 431106 4096 0.14423727989196777
0 83 435202 1373 0.06927633285522461
83 0 436658 83 0.03934192657470703
83 0 436741 83 0.03845643997192383
83 0 436824 83 0.038324832916259766
83 0 436907 83 0.03835749626159668
83 0 436990 83 0.0383906364440918
83 0 437073 83 0.03835248947143555
83 0 437156 83 0.03839278221130371
83 0 437239 83 0.03836321830749512
83 0 437322 83 0.0383608341217041
83 0 437405 83 0.03828310966491699
83 0 437488 83 0.03822898864746094
83 0 437571 83 0.038239240646362305
83 0 437654 83 0.038288116455078125
83 0 437737 83 0.038341522216796875
83 0 437820 83 0.038309335708618164
83 0 437903 83 0.038244009017944336
83 0 437986 83 0.038211822509765625
83 0 438069 83 0.03826785087585449
83 0 438152 83 0.03837132453918457
83 0 438235 83 0.03835034370422363
83 0 438318 83 0.038274526596069336
82 0 434558 82 0.038294315338134766
82 0 434640 82 0.03836822509765625
82 0 434722 82 0.0384364128112793
82 0 434804 82 0.03831338882446289
82 0 434886 82 0.0382540225982666
82 0 434968 82 0.03830361366271973
82 0 435050 82 0.03833770751953125
82 0 435132 82 0.03842020034790039
82 0 435214 82 0.03829813003540039
82 0 435296 82 0.038327932357788086
82 0 435378 82 0.03832745552062988
82 0 435460 82 0.03833317756652832
82 0 435542 82 0.03837418556213379
82 0 435624 82 0.03827357292175293
82 0 435706 82 0.03825998306274414
82 0 435788 82 0.03833436965942383
82 0 435870 82 0.038443565368652344
82 0 435952 82 0.03845381736755371
82 0 436034 82 0.03829050064086914
82 0 436116 82 0.03834223747253418
82 0 436198 82 0.038414716720581055
82 0 436280 82 0.03843545913696289
82 0 436362 82 0.03843832015991211
82 0 436444 82 0.03833270072937012
82 0 436526 82 0.038382530212402344
82 0 436608 82 0.0384364128112793
82 0 436690 82 0.03843808174133301
82 0 436772 82 0.038442373275756836
82 0 436854 82 0.038382768630981445
82 0 436936 82 0.03841996192932129
80 0 425638 80 0.038297414779663086
0 81 425638 4096 0.14351868629455566
0 82 429734 4096 0.16589832305908203
0 82 425893 4096 0.1423051357269287
0 82 429989 4096 0.15254569053649902
0 83 434085 4096 0.14777302742004395
0 83 438181 2253 0.10561418533325195
83 0 440517 83 0.042559146881103516
83 0 440600 83 0.04034137725830078
83 0 440683 83 0.04003453254699707
83 0 440766 83 0.039981842041015625
82 0 434292 82 0.03725147247314453
0 83 434292 3102 0.11334395408630371
83 0 437477 83 0.039853572845458984
83 0 437560 83 0.03830122947692871
83 0 437643 83 0.03780174255371094
83 0 437726 83 0.037622690200805664
83 0 437809 83 0.03768610954284668
83 0 437892 83 0.037754058837890625
83 0 437975 83 0.03773069381713867
83 0 438058 83 0.03778386116027832
83 0 438141 83 0.03768348693847656
83 0 438224 83 0.037396907806396484
83 0 438307 83 0.03745555877685547
82 0 433740 82 0.03847694396972656
82 0 433822 82 0.038539886474609375
82 0 433904 82 0.038492679595947266
82 0 433986 82 0.038552045822143555
82 0 434068 82 0.038503170013427734
82 0 434150 82 0.038410186767578125
82 0 434232 82 0.038440704345703125
82 0 434314 82 0.03857254981994629
82 0 434396 82 0.03858518600463867
82 0 434478 82 0.03846454620361328
82 0 434560 82 0.03855443000793457
82 0 434642 82 0.0384976863861084
82 0 434724 82 0.038520097732543945
82 0 434806 82 0.03850412368774414
81 0 429451 81 0.03939676284790039
0 82 429451 4096 0.1472764015197754
0 82 433547 4061 0.16556286811828613
82 0 437690 82 0.03933548927307129
82 0 437772 82 0.0379643440246582
82 0 437854 82 0.03774571418762207
82 0 437936 82 0.037749290466308594
82 0 438018 82 0.03776383399963379
82 0 438100 82 0.03779268264770508
82 0 438182 82 0.03777956962585449
82 0 438264 82 0.03777027130126953
82 0 438346 82 0.03772783279418945
82 0 438428 82 0.037615060806274414
81 0 435610 81 0.038236379623413086
81 0 435691 81 0.038175106048583984
81 0 435772 81 0.03823065757751465
81 0 435853 81 0.03830409049987793
81 0 435934 81 0.0383000373840332
81 0 436015 81 0.03830575942993164
81 0 436096 81 0.038228511810302734
81 0 436177 81 0.03830575942993164
81 0 436258 81 0.03830575942993164
81 0 436339 81 0.038280487060546875
81 0 436420 81 0.03823566436767578
81 0 436501 81 0.03822946548461914
80 0 428215 80 0.03809309005737305
0 81 428215 4096 0.14415311813354492
0 82 432311 3358 0.12865924835205078
82 0 435751 82 0.042983293533325195
82 0 435833 82 0.03955554962158203
82 0 435915 82 0.03924870491027832
82 0 435997 82 0.039259910583496094
82 0 436079 82 0.039302825927734375
82 0 436161 82 0.039315223693847656
82 0 436243 82 0.039266109466552734
82 0 436325 82 0.039237260818481445
82 0 436407 82 0.03913068771362305
82 0 436489 82 0.03904533386230469
82 0 436571 82 0.039010047912597656
82 0 436653 82 0.039057016372680664
82 0 436735 82 0.03908205032348633
82 0 436817 82 0.03905320167541504
82 0 436899 82 0.039014339447021484
82 0 436981 82 0.0390627384185791
82 0 437063 82 0.03909564018249512
82 0 437145 82 0.03910207748413086
82 0 437227 82 0.03907656669616699
82 0 437309 82 0.039043426513671875
82 0 437391 82 0.03904986381530762
82 0 437473 82 0.039139747619628906
82 0 437555 82 0.03910636901855469
82 0 437637 82 0.03922390937805176
82 0 437719 82 0.039076805114746094
82 0 437801 82 0.03911447525024414
82 0 437883 82 0.039134979248046875
82 0 437965 82 0.03911900520324707
81 0 434178 81 0.03858590126037598
0 82 434178 1734 0.07566380500793457
82 0 435994 82 0.040268659591674805
82 0 436076 82 0.039400339126586914
82 0 436158 82 0.03886580467224121
82 0 436240 82 0.03885459899902344
82 0 436322 82 0.038892269134521484
82 0 436404 82 0.03893637657165527
81 0 433737 81 0.03888869285583496
0 82 433737 4096 0.14480853080749512
0 82 437833 205 0.03205585479736328
81 0 434094 81 0.03964805603027344
81 0 434175 81 0.039382219314575195
81 0 434256 81 0.0392303466796875
81 0 434337 81 0.03922438621520996
81 0 434418 81 0.03926825523376465
81 0 434499 81 0.03929781913757324
81 0 434580 81 0.03924846649169922
81 0 434661 81 0.0391690731048584
81 0 434742 81 0.039021968841552734
81 0 434823 81 0.03907179832458496
81 0 434904 81 0.03905606269836426
81 0 434985 81 0.039083242416381836
81 0 435066 81 0.039104461669921875
81 0 435147 81 0.03911995887756348
81 0 435228 81 0.03906393051147461
81 0 435309 81 0.03903603553771973
81 0 435390 81 0.03915858268737793
81 0 435471 81 0.03914141654968262
81 0 435552 81 0.039092302322387695
81 0 435633 81 0.039069414138793945
81 0 435714 81 0.039098501205444336
81 0 435795 81 0.039155006408691406
81 0 435876 81 0.03913569450378418
81 0 435957 81 0.03905296325683594
81 0 436038 81 0.039099693298339844
80 0 429251 80 0.03577017784118652
0 81 429251 4096 0.1425459384918213
0 81 433347 2668 0.11892962455749512
81 0 436096 81 0.038641929626464844
81 0 436177 81 0.03798723220825195
81 0 436258 81 0.037094831466674805
81 0 436339 81 0.03711271286010742
81 0 436420 81 0.03713631629943848
81 0 436501 81 0.03709292411804199
81 0 436582 81 0.03710508346557617
81 0 436663 81 0.03719377517700195
81 0 436744 81 0.03696775436401367
81 0 436825 81 0.03692340850830078
81 0 436906 81 0.03694558143615723
81 0 436987 81 0.036920785903930664
81 0 437068 81 0.03699064254760742
81 0 437149 81 0.03696846961975098
81 0 437230 81 0.0369410514831543
81 0 437311 81 0.03687477111816406
81 0 437392 81 0.036926984786987305
81 0 437473 81 0.03694486618041992
81 0 437554 81 0.03692817687988281
81 0 437635 81 0.0368955135345459
81 0 437716 81 0.03690838813781738
81 0 437797 81 0.036943912506103516
81 0 437878 81 0.03692984580993652
80 0 431808 80 0.0352783203125
0 81 431808 4096 0.14400315284729004
0 81 435904 2066 0.10118317604064941
81 0 438051 81 0.039907217025756836
81 0 438132 81 0.03824043273925781
81 0 438213 81 0.037955522537231445
81 0 438294 81 0.03802037239074707
81 0 438375 81 0.037973642349243164
81 0 438456 81 0.03798055648803711
81 0 438537 81 0.03806257247924805
81 0 438618 81 0.03803706169128418
81 0 438699 81 0.03784012794494629
80 0 434542 80 0.03578925132751465
0 81 434542 1910 0.07875823974609375
81 0 436533 81 0.040068626403808594
81 0 436614 81 0.0377197265625
81 0 436695 81 0.037119150161743164
81 0 436776 81 0.03711342811584473
81 0 436857 81 0.0370938777923584
81 0 436938 81 0.03700566291809082
81 0 437019 81 0.03711271286010742
81 0 437100 81 0.037016868591308594
81 0 437181 81 0.03703594207763672
81 0 437262 81 0.03684425354003906
81 0 437343 81 0.03690767288208008
81 0 437424 81 0.036809444427490234
81 0 437505 81 0.03681063652038574
81 0 437586 81 0.03695869445800781
81 0 437667 81 0.036865949630737305
81 0 437748 81 0.03683805465698242
81 0 437829 81 0.036911725997924805
81 0 437910 81 0.03680753707885742
81 0 437991 81 0.03696107864379883
81 0 438072 81 0.0369725227355957
81 0 438153 81 0.03685188293457031
81 0 438234 81 0.03684258460998535
81 0 438315 81 0.03693699836730957
81 0 438396 81 0.03687763214111328
81 0 438477 81 0.03696298599243164
81 0 438558 81 0.03686833381652832
81 0 438639 81 0.03683590888977051
81 0 438720 81 0.03695869445800781
81 0 438801 81 0.03697466850280762
81 0 438882 81 0.03691911697387695
81 0 438963 81 0.03691554069519043
81 0 439044 81 0.03690218925476074
81 0 439125 81 0.0370028018951416
81 0 439206 81 0.03702116012573242
81 0 439287 81 0.036934614181518555
81 0 439368 81 0.03693795204162598
81 0 439449 81 0.03701305389404297
81 0 439530 81 0.03703498840332031
81 0 439611 81 0.03696584701538086
81 0 439692 81 0.03697371482849121
80 0 432722 80 0.03776669502258301
0 81 432722 2722 0.10298299789428711
81 0 435525 81 0.040383100509643555
81 0 435606 81 0.0379335880279541
81 0 435687 81 0.03755950927734375
81 0 435768 81 0.03749847412109375
81 0 435849 81 0.03755545616149902
81 0 435930 81 0.037514448165893555
81 0 436011 81 0.037566184997558594
81 0 436092 81 0.03766059875488281
81 0 436173 81 0.03749442100524902
81 0 436254 81 0.03742337226867676
81 0 436335 81 0.03741002082824707
81 0 436416 81 0.037285566329956055
81 0 436497 81 0.037291526794433594
81 0 436578 81 0.03733348846435547
81 0 436659 81 0.03736424446105957
81 0 436740 81 0.03735542297363281
81 0 436821 81 0.03730416297912598
81 0 436902 81 0.0373072624206543
81 0 436983 81 0.0373692512512207
81 0 437064 81 0.03740406036376953
81 0 437145 81 0.03737068176269531
80 0 428922 80 0.03701519966125488
0 82 428922 4096 0.13610386848449707
0 83 433018 3923 0.1380293369293213
83 0 437024 83 0.0407710075378418
83 0 437107 83 0.03888106346130371
83 0 437190 83 0.038530588150024414
83 0 437273 83 0.03851199150085449
83 0 437356 83 0.03846859931945801
83 0 437439 83 0.03848624229431152
83 0 437522 83 0.03849053382873535
83 0 437605 83 0.038497209548950195
83 0 437688 83 0.03846931457519531
83 0 437771 83 0.03839755058288574
83 0 437854 83 0.038378000259399414
83 0 437937 83 0.038283348083496094
83 0 438020 83 0.03827166557312012
83 0 438103 83 0.03836703300476074
83 0 438186 83 0.03840374946594238
83 0 438269 83 0.038392066955566406
83 0 438352 83 0.038306236267089844
83 0 438435 83 0.03830122947692871
83 0 438518 83 0.03841710090637207
83 0 438601 83 0.038408756256103516
83 0 438684 83 0.03835725784301758
83 0 438767 83 0.03834891319274902
83 0 438850 83 0.03834128379821777
83 0 438933 83 0.03841686248779297
83 0 439016 83 0.0384366512298584
83 0 439099 83 0.03838014602661133
83 0 439182 83 0.03835153579711914
83 0 439265 83 0.03836512565612793
83 0 439348 83 0.03845572471618652
83 0 439431 83 0.03846383094787598
83 0 439514 83 0.03838634490966797
83 0 439597 83 0.03839707374572754
83 0 439680 83 0.0384211540222168
83 0 439763 83 0.03847813606262207
83 0 439846 83 0.03845548629760742
83 0 439929 83 0.038384437561035156
83 0 440012 83 0.038402557373046875
83 0 440095 83 0.03844642639160156
83 0 440178 83 0.038559913635253906
83 0 440261 83 0.03850078582763672
83 0 440344 83 0.03841400146484375
83 0 440427 83 0.03842282295227051
83 0 440510 83 0.038507938385009766
83 0 440593 83 0.03854107856750488
83 0 440676 83 0.038478851318359375
83 0 440759 83 0.038439273834228516
83 0 440842 83 0.03845930099487305
83 0 440925 83 0.03853797912597656
83 0 441008 83 0.03856945037841797
82 0 437993 82 0.036939144134521484
82 0 438075 82 0.03696393966674805
82 0 438157 82 0.03693127632141113
82 0 438239 82 0.03698158264160156
82 0 438321 82 0.03699350357055664
82 0 438403 82 0.03695988655090332
82 0 438485 82 0.03693675994873047
82 0 438567 82 0.03695034980773926
82 0 438649 82 0.03702211380004883
82 0 438731 82 0.037026166915893555
82 0 438813 82 0.03702187538146973
82 0 438895 82 0.03699684143066406
82 0 438977 82 0.036997079849243164
82 0 439059 82 0.037039756774902344
82 0 439141 82 0.037039756774902344
82 0 439223 82 0.037006378173828125
81 0 433464 81 0.037477731704711914
0 82 433464 4096 0.14455676078796387
0 82 437560 2948 0.12913274765014648
81 0 432330 81 0.0414276123046875
0 83 432330 4096 0.14137673377990723
0 83 436426 2799 0.10867857933044434
83 0 439308 83 0.04091453552246094
83 0 439391 83 0.039432525634765625
83 0 439474 83 0.03911924362182617
83 0 439557 83 0.03913068771362305
83 0 439640 83 0.0391542911529541
83 0 439723 83 0.039112091064453125
83 0 439806 83 0.03910374641418457
83 0 439889 83 0.039079904556274414
83 0 439972 83 0.0390322208404541
83 0 440055 83 0.03892803192138672
83 0 440138 83 0.038941144943237305
82 0 436509 82 0.03892707824707031
82 0 436591 82 0.03894186019897461
82 0 436673 82 0.03901386260986328
82 0 436755 82 0.03901863098144531
82 0 436837 82 0.0389561653137207
82 0 436919 82 0.038977861404418945
82 0 437001 82 0.03899669647216797
82 0 437083 82 0.039053916931152344
82 0 437165 82 0.03905296325683594
82 0 437247 82 0.03898286819458008
82 0 437329 82 0.03895878791809082
82 0 437411 82 0.03906059265136719
82 0 437493 82 0.03905773162841797
82 0 437575 82 0.03905367851257324
82 0 437657 82 0.038999319076538086
82 0 437739 82 0.03899335861206055
82 0 437821 82 0.03908276557922363
82 0 437903 82 0.03910017013549805
81 0 429615 81 0.03629279136657715
0 81 424757 4095 0.13756084442138672
0 82 428852 4096 0.1542987823486328
0 82 432948 4057 0.15084624290466309
82 0 437087 82 0.040000200271606445
82 0 437169 82 0.038331031799316406
82 0 437251 82 0.03798484802246094
82 0 437333 82 0.03797554969787598
82 0 437415 82 0.037985801696777344
82 0 437497 82 0.038017988204956055
82 0 437579 82 0.038051605224609375
82 0 437661 82 0.03806662559509277
82 0 437743 82 0.03793525695800781
82 0 437825 82 0.03775930404663086
82 0 437907 82 0.03779172897338867
82 0 437989 82 0.037808895111083984
82 0 438071 82 0.03792238235473633
82 0 438153 82 0.03788948059082031
82 0 438235 82 0.03796720504760742
82 0 438317 82 0.03782463073730469
82 0 438399 82 0.03784584999084473
81 0 433189 81 0.03787112236022949
0 82 433189 4096 0.14472389221191406
0 82 437285 103 0.029659271240234375
82 0 437470 82 0.03848528861999512
82 0 437552 82 0.03804898262023926
82 0 437634 82 0.03812098503112793
82 0 437716 82 0.03814530372619629
82 0 437798 82 0.03807973861694336
82 0 437880 82 0.03805875778198242
82 0 437962 82 0.03807425498962402
82 0 438044 82 0.0381166934967041
82 0 438126 82 0.03801298141479492
81 0 434691 81 0.03890490531921387
0 82 434691 4096 0.14715075492858887
0 82 438787 2518 0.11298871040344238
82 0 441387 82 0.04034829139709473
81 0 439729 81 0.040805816650390625
0 82 439729 1703 0.0750277042388916
82 0 441514 82 0.0417485237121582
82 0 441596 82 0.040715932846069336
82 0 441678 82 0.04052901268005371
82 0 441760 82 0.04066181182861328
82 0 441842 82 0.04065537452697754
82 0 441924 82 0.04066753387451172
82 0 442006 82 0.04068446159362793
82 0 442088 82 0.04059863090515137
82 0 442170 82 0.04035139083862305
81 0 437574 81 0.040798187255859375
81 0 437655 81 0.040841102600097656
80 0 434692 80 0.03829073905944824
0 80 426905 4095 0.14011716842651367
0 81 431000 4096 0.14903712272644043
0 81 435096 817 0.04986429214477539
81 0 435994 81 0.04015064239501953
81 0 436075 81 0.03912711143493652
81 0 436156 81 0.0389404296875
81 0 436237 81 0.03894615173339844
81 0 436318 81 0.03899836540222168
81 0 436399 81 0.03895831108093262
81 0 436480 81 0.038980960845947266
81 0 436561 81 0.03898310661315918
81 0 436642 81 0.038787841796875
81 0 436723 81 0.03881192207336426
81 0 436804 81 0.03878068923950195
81 0 436885 81 0.038841962814331055
81 0 436966 81 0.03881239891052246
81 0 437047 81 0.038779497146606445
81 0 437128 81 0.03877091407775879
81 0 437209 81 0.038811445236206055
81 0 437290 81 0.03883647918701172
81 0 437371 81 0.03883075714111328
81 0 437452 81 0.03875994682312012
81 0 437533 81 0.038785696029663086
81 0 437614 81 0.03883099555969238
81 0 437695 81 0.0388641357421875
81 0 437776 81 0.03887796401977539
81 0 437857 81 0.038814544677734375
81 0 437938 81 0.038816213607788086
81 0 438019 81 0.03889942169189453
81 0 438100 81 0.03889822959899902
81 0 438181 81 0.038880109786987305
81 0 438262 81 0.03884720802307129
81 0 438343 81 0.03884148597717285
81 0 438424 81 0.03890872001647949
81 0 438505 81 0.038921356201171875
81 0 438586 81 0.03887224197387695
81 0 438667 81 0.038863182067871094
81 0 438748 81 0.03887462615966797
81 0 438829 81 0.03893899917602539
81 0 438910 81 0.03896188735961914
81 0 438991 81 0.03888702392578125
81 0 439072 81 0.03887939453125
81 0 439153 81 0.038915395736694336
81 0 439234 81 0.03895878791809082
81 0 439315 81 0.03895998001098633
81 0 439396 81 0.03892397880554199
81 0 439477 81 0.03893232345581055
81 0 439558 81 0.03898501396179199
81 0 439639 81 0.03897356986999512
81 0 439720 81 0.03896903991699219
81 0 439801 81 0.038945913314819336
81 0 439882 81 0.03895092010498047
80 0 436459 80 0.03749418258666992
80 0 436539 80 0.037503719329833984
80 0 436619 80 0.03750300407409668
80 0 436699 80 0.03747153282165527
80 0 436779 80 0.037488460540771484
80 0 436859 80 0.03757452964782715
80 0 436939 80 0.03754448890686035
80 0 437019 80 0.037485361099243164
80 0 437099 80 0.03747153282165527
80 0 437179 80 0.03749680519104004
80 0 437259 80 0.037633419036865234
80 0 437339 80 0.03759360313415527
80 0 437419 80 0.03751492500305176
80 0 437499 80 0.03761029243469238
80 0 437579 80 0.03750944137573242
80 0 437659 80 0.03754615783691406
80 0 437739 80 0.03758382797241211
80 0 437819 80 0.0375063419342041
79 0 430215 79 0.03803420066833496
0 80 430215 4096 0.14487075805664062
0 80 434311 2021 0.09537672996520996
80 0 436412 80 0.04004502296447754
80 0 436492 80 0.03878188133239746
80 0 436572 80 0.03831291198730469
80 0 436652 80 0.038324832916259766
80 0 436732 80 0.0383143424987793
80 0 436812 80 0.03831338882446289
80 0 436892 80 0.03836202621459961
80 0 436972 80 0.038381338119506836
80 0 437052 80 0.03831815719604492
80 0 437132 80 0.03810524940490723
80 0 437212 80 0.03812670707702637
80 0 437292 80 0.0381011962890625
80 0 437372 80 0.038117170333862305
80 0 437452 80 0.03813004493713379
80 0 437532 80 0.03817272186279297
80 0 437612 80 0.03819441795349121
80 0 437692 80 0.03813934326171875
80 0 437772 80 0.03815340995788574
80 0 437852 80 0.038137197494506836
80 0 437932 80 0.03819584846496582
80 0 438012 80 0.03818941116333008
79 0 433894 79 0.037595272064208984
0 80 433894 3489 0.12505459785461426
80 0 437463 80 0.03992891311645508
80 0 437543 80 0.038175344467163086
80 0 437623 80 0.037865400314331055
80 0 437703 80 0.03783893585205078
80 0 437783 80 0.03783249855041504
80 0 437863 80 0.03786802291870117
80 0 437943 80 0.03791022300720215
80 0 438023 80 0.03794717788696289
80 0 438103 80 0.037760019302368164
80 0 438183 80 0.03763842582702637
80 0 438263 80 0.03766131401062012
80 0 438343 80 0.03766441345214844
80 0 438423 80 0.03767275810241699
80 0 438503 80 0.03768205642700195
80 0 438583 80 0.03767991065979004
80 0 438663 80 0.03779721260070801
80 0 438743 80 0.03781461715698242
80 0 438823 80 0.03779458999633789
80 0 438903 80 0.03771352767944336
80 0 438983 80 0.03771567344665527
80 0 439063 80 0.03782224655151367
80 0 439143 80 0.03783226013183594
80 0 439223 80 0.037783145904541016
80 0 439303 80 0.03775954246520996
80 0 439383 80 0.03775739669799805
80 0 439463 80 0.037828683853149414
80 0 439543 80 0.0378570556640625
80 0 439623 80 0.03780627250671387
80 0 439703 80 0.03774309158325195
80 0 439783 80 0.03776216506958008
80 0 439863 80 0.0378568172454834
79 0 432519 79 0.03858518600463867
0 81 432519 4096 0.13803720474243164
0 81 436615 2729 0.11539649963378906
81 0 439425 81 0.04268527030944824
81 0 439506 81 0.04033017158508301
81 0 439587 81 0.03984975814819336
81 0 439668 81 0.03983950614929199
80 0 435429 80 0.03733086585998535
0 81 435429 1503 0.07051301002502441
81 0 437013 81 0.04109501838684082
81 0 437094 81 0.04014897346496582
81 0 437175 81 0.0400240421295166
81 0 437256 81 0.04003739356994629
81 0 437337 81 0.04004645347595215
81 0 437418 81 0.040060997009277344
81 0 437499 81 0.04012703895568848
81 0 437580 81 0.040140390396118164
81 0 437661 81 0.0399479866027832
81 0 437742 81 0.03996872901916504
81 0 437823 81 0.0399172306060791
81 0 437904 81 0.039839744567871094
81 0 437985 81 0.03988909721374512
81 0 438066 81 0.03998589515686035
81 0 438147 81 0.04001784324645996
81 0 438228 81 0.03992414474487305
81 0 438309 81 0.03989243507385254
81 0 438390 81 0.0399317741394043
81 0 438471 81 0.04001593589782715
81 0 438552 81 0.04003477096557617
81 0 438633 81 0.03992581367492676
81 0 438714 81 0.03993368148803711
81 0 438795 81 0.04001045227050781
81 0 438876 81 0.040036916732788086
81 0 438957 81 0.03997945785522461
81 0 439038 81 0.039946556091308594
81 0 439119 81 0.039952993392944336
81 0 439200 81 0.0400395393371582
81 0 439281 81 0.0400545597076416
81 0 439362 81 0.03998970985412598
81 0 439443 81 0.03997206687927246
79 0 422356 79 0.0374300479888916
0 81 422356 4096 0.1355445384979248
0 81 426452 4096 0.16270804405212402
0 83 430548 4096 0.1520378589630127
0 84 434644 4096 0.1394975185394287
0 84 438740 1601 0.08092427253723145
84 0 440425 84 0.03994011878967285
84 0 440509 84 0.03921651840209961
84 0 440593 84 0.03865242004394531
84 0 440677 84 0.03866147994995117
84 0 440761 84 0.03870201110839844
84 0 440845 84 0.03874325752258301
84 0 440929 84 0.03872323036193848
84 0 441013 84 0.03865623474121094
84 0 441097 84 0.03859138488769531
84 0 441181 84 0.03863072395324707
84 0 441265 84 0.03862190246582031
84 0 441349 84 0.03848004341125488
84 0 441433 84 0.038468122482299805
84 0 441517 84 0.03853034973144531
84 0 441601 84 0.03862166404724121
84 0 441685 84 0.038655757904052734
83 0 436601 83 0.03854060173034668
83 0 436684 83 0.038497209548950195
83 0 436767 83 0.03862190246582031
83 0 436850 83 0.038655757904052734
83 0 436933 83 0.03864479064941406
82 0 430820 82 0.03913068771362305
82 0 430902 82 0.03917741775512695
82 0 430984 82 0.03925633430480957
82 0 431066 82 0.03930783271789551
82 0 431148 82 0.03925514221191406
82 0 431230 82 0.03912949562072754
82 0 431312 82 0.0391080379486084
82 0 431394 82 0.03916501998901367
82 0 431476 82 0.039302825927734375
82 0 431558 82 0.039250850677490234
82 0 431640 82 0.039201974868774414
82 0 431722 82 0.03920435905456543
82 0 431804 82 0.0392606258392334
82 0 431886 82 0.03935527801513672
82 0 431968 82 0.03916811943054199
82 0 432050 82 0.03923487663269043
82 0 432132 82 0.03921389579772949
82 0 432214 82 0.03937888145446777
82 0 432296 82 0.03938627243041992
82 0 432378 82 0.03916668891906738
82 0 432460 82 0.03924560546875
82 0 432542 82 0.03929781913757324
82 0 432624 82 0.039299964904785156
82 0 432706 82 0.03928351402282715
82 0 432788 82 0.03925919532775879
82 0 432870 82 0.039339542388916016
82 0 432952 82 0.03943347930908203
82 0 433034 82 0.03944802284240723
82 0 433116 82 0.03929924964904785
82 0 433198 82 0.039231061935424805
82 0 433280 82 0.039298057556152344
82 0 433362 82 0.03941941261291504
82 0 433444 82 0.039467573165893555
82 0 433526 82 0.039346933364868164
82 0 433608 82 0.03933906555175781
82 0 433690 82 0.03944063186645508
82 0 433772 82 0.039435625076293945
82 0 433854 82 0.039472341537475586
82 0 433936 82 0.03934478759765625
82 0 434018 82 0.03936147689819336
81 0 428812 81 0.03854799270629883
0 82 428812 4096 0.14452242851257324
0 83 432908 3965 0.1492316722869873
83 0 436956 83 0.04473114013671875
83 0 437039 83 0.04208970069885254
83 0 437122 83 0.0413060188293457
83 0 437205 83 0.04136180877685547
83 0 437288 83 0.04140305519104004
83 0 437371 83 0.04141712188720703
83 0 437454 83 0.0415194034576416
83 0 437537 83 0.04151153564453125
83 0 437620 83 0.04116034507751465
83 0 437703 83 0.04114651679992676
83 0 437786 83 0.04115748405456543
83 0 437869 83 0.04116559028625488
83 0 437952 83 0.041229248046875
83 0 438035 83 0.04120659828186035
83 0 438118 83 0.04118800163269043
83 0 438201 83 0.041190385818481445
83 0 438284 83 0.04115462303161621
83 0 438367 83 0.041315317153930664
83 0 438450 83 0.04122781753540039
83 0 438533 83 0.04121565818786621
83 0 438616 83 0.041191816329956055
83 0 438699 83 0.04128718376159668
83 0 438782 83 0.04124808311462402
82 0 433225 82 0.039156436920166016
0 84 433225 4096 0.13603854179382324
0 84 428880 4096 0.14492130279541016
0 85 432976 4096 0.15836358070373535
0 86 437072 2809 0.10485482215881348
86 0 439967 86 0.04329323768615723
86 0 440053 86 0.040320634841918945
86 0 440139 86 0.04005551338195801
85 0 437465 85 0.039484262466430664
85 0 437550 85 0.03950786590576172
85 0 437635 85 0.039504289627075195
85 0 437720 85 0.03950762748718262
85 0 437805 85 0.03952741622924805
85 0 437890 85 0.03939247131347656
85 0 437975 85 0.039369821548461914
85 0 438060 85 0.03938698768615723
85 0 438145 85 0.0394134521484375
85 0 438230 85 0.03930354118347168
85 0 438315 85 0.039308786392211914
85 0 438400 85 0.03937888145446777
85 0 438485 85 0.039392948150634766
85 0 438570 85 0.03936481475830078
85 0 438655 85 0.03932619094848633
85 0 438740 85 0.03937268257141113
85 0 438825 85 0.039440155029296875
85 0 438910 85 0.039434194564819336
85 0 438995 85 0.0393528938293457
85 0 439080 85 0.03936171531677246
85 0 439165 85 0.03938102722167969
85 0 439250 85 0.03944039344787598
85 0 439335 85 0.039443016052246094
84 0 432058 84 0.040040016174316406
0 86 432058 4096 0.14219903945922852
0 86 436154 3452 0.14850568771362305
86 0 439692 86 0.04314899444580078
86 0 439778 86 0.04059576988220215
86 0 439864 86 0.04032421112060547
86 0 439950 86 0.04028916358947754
86 0 440036 86 0.04030179977416992
86 0 440122 86 0.0403139591217041
86 0 440208 86 0.040299177169799805
85 0 432659 85 0.040299177169799805
0 86 432659 4096 0.14576053619384766
0 86 436755 324 0.0352325439453125
86 0 437165 86 0.03782176971435547
86 0 437251 86 0.03762650489807129
86 0 437337 86 0.0376276969909668
86 0 437423 86 0.03772902488708496
86 0 437509 86 0.037689924240112305
86 0 437595 86 0.037721872329711914
85 0 435160 85 0.04055142402648926
0 86 435160 2583 0.10007166862487793
86 0 437829 86 0.04194211959838867
86 0 437915 86 0.04066634178161621
86 0 438001 86 0.040529489517211914
86 0 438087 86 0.040557146072387695
86 0 438173 86 0.040493011474609375
86 0 438259 86 0.040438175201416016
86 0 438345 86 0.04045987129211426
86 0 438431 86 0.04057145118713379
86 0 438517 86 0.04047966003417969
86 0 438603 86 0.04039335250854492
86 0 438689 86 0.04036855697631836
86 0 438775 86 0.0403749942779541
86 0 438861 86 0.04030752182006836
86 0 438947 86 0.04035592079162598
86 0 439033 86 0.040406227111816406
86 0 439119 86 0.04039740562438965
86 0 439205 86 0.04032158851623535
86 0 439291 86 0.040332794189453125
86 0 439377 86 0.04038405418395996
86 0 439463 86 0.04048657417297363
86 0 439549 86 0.04043173789978027
86 0 439635 86 0.04035544395446777
86 0 439721 86 0.04037070274353027
86 0 439807 86 0.040457725524902344
86 0 439893 86 0.04047036170959473
86 0 439979 86 0.040425777435302734
86 0 440065 86 0.040358781814575195
86 0 440151 86 0.0404658317565918
86 0 440237 86 0.04052424430847168
86 0 440323 86 0.040437936782836914
86 0 440409 86 0.04039597511291504
86 0 440495 86 0.040404558181762695
86 0 440581 86 0.04051089286804199
86 0 440667 86 0.04049396514892578
86 0 440753 86 0.04043078422546387
86 0 440839 86 0.04042792320251465
86 0 440925 86 0.04048609733581543
86 0 441011 86 0.040534257888793945
86 0 441097 86 0.04051065444946289
86 0 441183 86 0.04043912887573242
86 0 441269 86 0.040428876876831055
86 0 441355 86 0.04053187370300293
86 0 441441 86 0.04055285453796387
86 0 441527 86 0.040496110916137695
86 0 441613 86 0.04048299789428711
86 0 441699 86 0.04050850868225098
86 0 441785 86 0.0405421257019043
85 0 436377 85 0.03766059875488281
0 86 436377 3624 0.12992358207702637
86 0 440087 86 0.0419924259185791
86 0 440173 86 0.04030203819274902
86 0 440259 86 0.04003548622131348
86 0 440345 86 0.040064096450805664
86 0 440431 86 0.040055274963378906
86 0 440517 86 0.04006671905517578
86 0 440603 86 0.0400843620300293
85 0 437728 85 0.03943276405334473
85 0 437813 85 0.03923344612121582
85 0 437898 85 0.03926801681518555
84 0 430253 84 0.03908395767211914
0 85 430253 4096 0.14525675773620605
0 85 434349 1441 0.08011722564697266
85 0 435875 85 0.041176557540893555
85 0 435960 85 0.03954005241394043
85 0 436045 85 0.03921627998352051
85 0 436130 85 0.0392603874206543
85 0 436215 85 0.03931832313537598
85 0 436300 85 0.03928947448730469
85 0 436385 85 0.03922891616821289
85 0 436470 85 0.03922557830810547
85 0 436555 85 0.0391848087310791
85 0 436640 85 0.039139509201049805
85 0 436725 85 0.03909444808959961
85 0 436810 85 0.039060354232788086
85 0 436895 85 0.03910493850708008
85 0 436980 85 0.039147138595581055
85 0 437065 85 0.03918576240539551
85 0 437150 85 0.03908538818359375
84 0 434027 84 0.03708815574645996
0 85 434027 4096 0.14583420753479004
0 86 438123 2242 0.09462952613830566
86 0 440451 86 0.038668155670166016
86 0 440537 86 0.03730344772338867
86 0 440623 86 0.03672313690185547
86 0 440709 86 0.036638736724853516
86 0 440795 86 0.036725521087646484
86 0 440881 86 0.03664803504943848
86 0 440967 86 0.03665900230407715
86 0 441053 86 0.03670048713684082
86 0 441139 86 0.03667593002319336
86 0 441225 86 0.03657126426696777
86 0 441311 86 0.03658747673034668
86 0 441397 86 0.03655719757080078
86 0 441483 86 0.036501169204711914
86 0 441569 86 0.03650093078613281
86 0 441655 86 0.036574602127075195
86 0 441741 86 0.03658485412597656
86 0 441827 86 0.03653073310852051
86 0 441913 86 0.03651833534240723
86 0 441999 86 0.03653836250305176
86 0 442085 86 0.036614179611206055
85 0 435336 85 0.03824138641357422
0 86 435336 4062 0.1386265754699707
85 0 434277 85 0.0403902530670166
85 0 434362 85 0.03922629356384277
85 0 434447 85 0.038695335388183594
85 0 434532 85 0.03868412971496582
85 0 434617 85 0.038654327392578125
85 0 434702 85 0.03865242004394531
85 0 434787 85 0.03868508338928223
85 0 434872 85 0.038684844970703125
85 0 434957 85 0.03865361213684082
85 0 435042 85 0.039090871810913086
85 0 435127 85 0.03856968879699707
85 0 435212 85 0.03849506378173828
85 0 435297 85 0.038506269454956055
85 0 435382 85 0.03854703903198242
84 0 433011 84 0.038533926010131836
0 85 433011 4096 0.14468836784362793
0 85 437107 3901 0.16017889976501465
84 0 434343 84 0.03804373741149902
0 85 434343 2573 0.10118317604064941
85 0 437001 85 0.03839612007141113
85 0 437086 85 0.037375450134277344
84 0 432145 84 0.03840231895446777
0 85 432145 4096 0.14514398574829102
0 85 436241 2048 0.09578609466552734
85 0 438374 85 0.040045738220214844
85 0 438459 85 0.03874850273132324
85 0 438544 85 0.038332223892211914
85 0 438629 85 0.03838396072387695
85 0 438714 85 0.03838467597961426
84 0 436093 84 0.03719329833984375
84 0 436177 84 0.03715205192565918
84 0 436261 84 0.03711509704589844
84 0 436345 84 0.03696036338806152
84 0 436429 84 0.03689455986022949
84 0 436513 84 0.03692126274108887
84 0 436597 84 0.0368959903717041
84 0 436681 84 0.03701353073120117
84 0 436765 84 0.03699350357055664
84 0 436849 84 0.03701901435852051
84 0 436933 84 0.03693437576293945
84 0 437017 84 0.03691720962524414
84 0 437101 84 0.03696417808532715
84 0 437185 84 0.03705191612243652
84 0 437269 84 0.0370023250579834
84 0 437353 84 0.03697371482849121
84 0 437437 84 0.03699231147766113
84 0 437521 84 0.037082672119140625
84 0 437605 84 0.03706645965576172
84 0 437689 84 0.03704357147216797
84 0 437773 84 0.036989450454711914
84 0 437857 84 0.03701376914978027
84 0 437941 84 0.03709578514099121
84 0 438025 84 0.03705406188964844
84 0 438109 84 0.037096500396728516
84 0 438193 84 0.037026166915893555
84 0 438277 84 0.03702855110168457
84 0 438361 84 0.037119388580322266
84 0 438445 84 0.03712034225463867
84 0 438529 84 0.03707075119018555
84 0 438613 84 0.03704953193664551
84 0 438697 84 0.03708767890930176
84 0 438781 84 0.0371403694152832
84 0 438865 84 0.037168264389038086
84 0 438949 84 0.037088871002197266
84 0 439033 84 0.03710365295410156
84 0 439117 84 0.03703927993774414
84 0 439201 84 0.037172555923461914
84 0 439285 84 0.03718757629394531
84 0 439369 84 0.03713202476501465
84 0 439453 84 0.03711986541748047
84 0 439537 84 0.03714275360107422
84 0 439621 84 0.037209272384643555
83 0 434717 83 0.03897714614868164
83 0 434800 83 0.038892507553100586
83 0 434883 83 0.0388638973236084
83 0 434966 83 0.038938283920288086
83 0 435049 83 0.038982391357421875
83 0 435132 83 0.038973093032836914
82 0 430300 82 0.037027835845947266
0 83 430300 4096 0.14523696899414062
0 83 434396 3572 0.14864802360534668
83 0 438051 83 0.0437626838684082
83 0 438134 83 0.04181337356567383
83 0 438217 83 0.04152941703796387
83 0 438300 83 0.04153323173522949
83 0 438383 83 0.041559696197509766
83 0 438466 83 0.041571617126464844
83 0 438549 83 0.04163694381713867
82 0 434891 82 0.0387420654296875
82 0 434973 82 0.038515567779541016
82 0 435055 82 0.038450002670288086
82 0 435137 82 0.03863167762756348
82 0 435219 82 0.038683176040649414
82 0 435301 82 0.03857111930847168
82 0 435383 82 0.03851938247680664
82 0 435465 82 0.03859519958496094
82 0 435547 82 0.03861713409423828
82 0 435629 82 0.03863215446472168
82 0 435711 82 0.03855133056640625
82 0 435793 82 0.03855323791503906
82 0 435875 82 0.03857755661010742
82 0 435957 82 0.038681745529174805
82 0 436039 82 0.03865694999694824
82 0 436121 82 0.03857827186584473
82 0 436203 82 0.03858160972595215
82 0 436285 82 0.03867197036743164
82 0 436367 82 0.03866434097290039
82 0 436449 82 0.038684844970703125
82 0 436531 82 0.03859663009643555
82 0 436613 82 0.03858780860900879
82 0 436695 82 0.03869295120239258
82 0 436777 82 0.03869986534118652
82 0 436859 82 0.03872489929199219
82 0 436941 82 0.03867006301879883
82 0 437023 82 0.038605690002441406
82 0 437105 82 0.03876972198486328
82 0 437187 82 0.03871798515319824
82 0 437269 82 0.03867220878601074
82 0 437351 82 0.03862929344177246
82 0 437433 82 0.038667917251586914
82 0 437515 82 0.03880739212036133
82 0 437597 82 0.038741111755371094
82 0 437679 82 0.03865981101989746
82 0 437761 82 0.0387415885925293
82 0 437843 82 0.03877735137939453
82 0 437925 82 0.03884625434875488
82 0 438007 82 0.03875303268432617
82 0 438089 82 0.03868389129638672
82 0 438171 82 0.03869318962097168
82 0 438253 82 0.03876066207885742
82 0 438335 82 0.03879237174987793
82 0 438417 82 0.03879237174987793
82 0 438499 82 0.03870224952697754
81 0 434139 81 0.037516117095947266
0 82 434139 3911 0.13597774505615234
82 0 438132 82 0.039864301681518555
82 0 438214 82 0.03799629211425781
82 0 438296 82 0.03769350051879883
82 0 438378 82 0.037676334381103516
80 0 427442 80 0.03562593460083008
0 81 427442 4096 0.14487171173095703
0 82 431538 4096 0.1481025218963623
0 82 435634 4096 0.16586995124816895
0 82 439730 1225 0.06659269332885742
82 0 441037 82 0.03988528251647949
82 0 441119 82 0.03884553909301758
82 0 441201 82 0.038666486740112305
82 0 441283 82 0.038603782653808594
82 0 441365 82 0.03862905502319336
82 0 441447 82 0.03866100311279297
82 0 441529 82 0.03863978385925293
82 0 441611 82 0.03869819641113281
80 0 424432 80 0.03579998016357422
0 81 424432 4096 0.14545011520385742
0 82 428528 4096 0.1572880744934082
0 82 432624 4096 0.1579148769378662
0 82 436720 864 0.05417752265930176
82 0 437666 82 0.04087638854980469
82 0 437748 82 0.03995013236999512
82 0 437830 82 0.03956723213195801
82 0 437912 82 0.03956937789916992
82 0 437994 82 0.03954195976257324
82 0 438076 82 0.03963160514831543
82 0 438158 82 0.0395817756652832
82 0 438240 82 0.03945732116699219
82 0 438322 82 0.039276838302612305
82 0 438404 82 0.03932976722717285
82 0 438486 82 0.03934216499328613
82 0 438568 82 0.039465904235839844
82 0 438650 82 0.039422035217285156
81 0 432849 81 0.03754377365112305
0 82 432849 4096 0.14464592933654785
0 83 436945 2677 0.11069512367248535
83 0 439705 83 0.04010629653930664
83 0 439788 83 0.03882288932800293
83 0 439871 83 0.03838372230529785
83 0 439954 83 0.038306236267089844
83 0 440037 83 0.03831338882446289
83 0 440120 83 0.03837227821350098
83 0 440203 83 0.03841662406921387
83 0 440286 83 0.0383756160736084
83 0 440369 83 0.03817296028137207
83 0 440452 83 0.03806304931640625
83 0 440535 83 0.03827357292175293
83 0 440618 83 0.03822588920593262
83 0 440701 83 0.03821706771850586
83 0 440784 83 0.03817296028137207
83 0 440867 83 0.038152217864990234
83 0 440950 83 0.03828263282775879
83 0 441033 83 0.03832077980041504
83 0 441116 83 0.038240671157836914
83 0 441199 83 0.038204193115234375
83 0 441282 83 0.0382540225982666
83 0 441365 83 0.03832268714904785
82 0 432146 82 0.039273977279663086
0 83 432146 4096 0.1451892852783203
0 83 431672 4096 0.14813017845153809
0 83 435768 3478 0.1408557891845703
83 0 439329 83 0.04133486747741699
83 0 439412 83 0.03924727439880371
83 0 439495 83 0.03896021842956543
83 0 439578 83 0.038849592208862305
83 0 439661 83 0.03882741928100586
83 0 439744 83 0.03884553909301758
83 0 439827 83 0.03892183303833008
83 0 439910 83 0.03890538215637207
83 0 439993 83 0.03886985778808594
83 0 440076 83 0.038845062255859375
83 0 440159 83 0.03880453109741211
83 0 440242 83 0.038687944412231445
83 0 440325 83 0.03872823715209961
83 0 440408 83 0.03882598876953125
83 0 440491 83 0.03891563415527344
83 0 440574 83 0.03876829147338867
83 0 440657 83 0.03874564170837402
82 0 432126 82 0.03962063789367676
0 83 432126 4096 0.14507198333740234
0 83 436222 2370 0.11028909683227539
83 0 438675 83 0.04208970069885254
83 0 438758 83 0.040450096130371094
82 0 431738 82 0.04112672805786133
82 0 431820 82 0.041088104248046875
81 0 427318 81 0.0408329963684082
0 82 427318 4096 0.14394903182983398
0 82 431414 3852 0.15957951545715332
82 0 435348 82 0.04006481170654297
82 0 435430 82 0.03865623474121094
82 0 435512 82 0.03802490234375
82 0 435594 82 0.03784632682800293
82 0 435676 82 0.03781557083129883
82 0 435758 82 0.03781390190124512
82 0 435840 82 0.037801504135131836
82 0 435922 82 0.03787565231323242
82 0 436004 82 0.037897586822509766
82 0 436086 82 0.037795066833496094
82 0 436168 82 0.03771042823791504
82 0 436250 82 0.03770780563354492
82 0 436332 82 0.03773951530456543
82 0 436414 82 0.03770947456359863
82 0 436496 82 0.037657737731933594
82 0 436578 82 0.037663936614990234
82 0 436660 82 0.03771781921386719
82 0 436742 82 0.03777265548706055
82 0 436824 82 0.0377655029296875
82 0 436906 82 0.03770089149475098
82 0 436988 82 0.037709712982177734
82 0 437070 82 0.03774118423461914
82 0 437152 82 0.037763357162475586
82 0 437234 82 0.037744998931884766
82 0 437316 82 0.0377202033996582
82 0 437398 82 0.03772282600402832
82 0 437480 82 0.037761688232421875
82 0 437562 82 0.037780046463012695
82 0 437644 82 0.03776979446411133
82 0 437726 82 0.03773164749145508
82 0 437808 82 0.037744998931884766
82 0 437890 82 0.03776669502258301
82 0 437972 82 0.03784990310668945
82 0 438054 82 0.0377960205078125
82 0 438136 82 0.03776812553405762
82 0 438218 82 0.03777170181274414
82 0 438300 82 0.03783583641052246
81 0 434134 81 0.040090084075927734
0 82 434134 4096 0.145676851272583
0 82 438230 3446 0.14545893669128418
82 0 441758 82 0.04064679145812988
82 0 441840 82 0.038747310638427734
82 0 441922 82 0.03833150863647461
82 0 442004 82 0.0380861759185791
82 0 442086 82 0.03800177574157715
82 0 442168 82 0.03810477256774902
81 0 434649 81 0.041312456130981445
0 82 434649 1904 0.07814931869506836
81 0 429168 81 0.0407109260559082
0 82 429168 4096 0.14470124244689941
0 83 433264 4096 0.14589643478393555
0 83 437360 1973 0.09396719932556152
83 0 439416 83 0.040151119232177734
83 0 439499 83 0.038817644119262695
83 0 439582 83 0.038359642028808594
83 0 439665 83 0.03829073905944824
83 0 439748 83 0.0383906364440918
83 0 439831 83 0.03838348388671875
83 0 439914 83 0.038350582122802734
83 0 439997 83 0.038559913635253906
83 0 440080 83 0.03830671310424805
83 0 440163 83 0.03816533088684082
83 0 440246 83 0.03815507888793945
83 0 440329 83 0.03810524940490723
83 0 440412 83 0.03821253776550293
83 0 440495 83 0.0382084846496582
83 0 440578 83 0.03818678855895996
83 0 440661 83 0.03827166557312012
83 0 440744 83 0.03817343711853027
83 0 440827 83 0.038221120834350586
83 0 440910 83 0.03824424743652344
83 0 440993 83 0.038311004638671875
83 0 441076 83 0.038312673568725586
82 0 435781 82 0.03840470314025879
0 83 435781 4096 0.14507794380187988
0 83 439877 1958 0.09483003616333008
83 0 441918 83 0.039900779724121094
83 0 442001 83 0.03880047798156738
83 0 442084 83 0.03859758377075195
83 0 442167 83 0.038575172424316406
83 0 442250 83 0.03858208656311035
83 0 442333 83 0.03865766525268555
82 0 437126 82 0.038863182067871094
0 83 432844 4095 0.13406133651733398
0 83 436939 470 0.039392948150634766
83 0 437492 83 0.04121732711791992
82 0 435991 82 0.04101085662841797
82 0 436073 82 0.04098701477050781
82 0 436155 82 0.04097890853881836
82 0 436237 82 0.0409700870513916
82 0 436319 82 0.04101252555847168
82 0 436401 82 0.041069984436035156
82 0 436483 82 0.040932655334472656
82 0 436565 82 0.040853023529052734
82 0 436647 82 0.04088640213012695
82 0 436729 82 0.04079031944274902
82 0 436811 82 0.04079484939575195
82 0 436893 82 0.0408933162689209
82 0 436975 82 0.04088091850280762
82 0 437057 82 0.04082918167114258
82 0 437139 82 0.04079914093017578
82 0 437221 82 0.040839195251464844
82 0 437303 82 0.04091691970825195
82 0 437385 82 0.04094958305358887
82 0 437467 82 0.04085397720336914
82 0 437549 82 0.04083514213562012
82 0 437631 82 0.04093503952026367
82 0 437713 82 0.04094433784484863
82 0 437795 82 0.04088306427001953
82 0 437877 82 0.04084300994873047
82 0 437959 82 0.04089045524597168
81 0 433795 81 0.03897404670715332
0 82 433795 4096 0.14556288719177246
0 82 437891 326 0.03573036193847656
82 0 438299 82 0.03951621055603027
82 0 438381 82 0.03913378715515137
82 0 438463 82 0.039156198501586914
82 0 438545 82 0.03916049003601074
82 0 438627 82 0.039188385009765625
82 0 438709 82 0.039200544357299805
82 0 438791 82 0.039129018783569336
82 0 438873 82 0.039043426513671875
82 0 438955 82 0.03893566131591797
82 0 439037 82 0.038959503173828125
82 0 439119 82 0.039008378982543945
82 0 439201 82 0.03905534744262695
82 0 439283 82 0.03906130790710449
82 0 439365 82 0.038965463638305664
82 0 439447 82 0.03896594047546387
82 0 439529 82 0.03905344009399414
82 0 439611 82 0.039089202880859375
82 0 439693 82 0.039072513580322266
82 0 439775 82 0.03900337219238281
82 0 439857 82 0.039010047912597656
82 0 439939 82 0.039121389389038086
82 0 440021 82 0.03914690017700195
82 0 440103 82 0.03908419609069824
82 0 440185 82 0.03901219367980957
82 0 440267 82 0.0390472412109375
82 0 440349 82 0.03912544250488281
82 0 440431 82 0.03915095329284668
82 0 440513 82 0.03904604911804199
82 0 440595 82 0.039032936096191406
82 0 440677 82 0.03909134864807129
82 0 440759 82 0.039147377014160156
82 0 440841 82 0.03911995887756348
81 0 433132 81 0.03798985481262207
0 82 433132 4096 0.1446092128753662
0 82 437228 1787 0.09054183959960938
82 0 439097 82 0.04042935371398926
82 0 439179 82 0.03844189643859863
82 0 439261 82 0.03824329376220703
82 0 439343 82 0.03829145431518555
82 0 439425 82 0.038242340087890625
82 0 439507 82 0.038211822509765625
82 0 439589 82 0.03818869590759277
81 0 437683 81 0.03984522819519043
81 0 437764 81 0.039737701416015625
81 0 437845 81 0.03968620300292969
81 0 437926 81 0.03973889350891113
81 0 438007 81 0.03968167304992676
81 0 438088 81 0.03959321975708008
81 0 438169 81 0.03958582878112793
81 0 438250 81 0.03971219062805176
81 0 438331 81 0.03973507881164551
81 0 438412 81 0.03963470458984375
81 0 438493 81 0.039594173431396484
81 0 438574 81 0.03963804244995117
81 0 438655 81 0.039702653884887695
81 0 438736 81 0.03975200653076172
81 0 438817 81 0.03967738151550293
81 0 438898 81 0.039639949798583984
81 0 438979 81 0.039734601974487305
81 0 439060 81 0.03979921340942383
81 0 439141 81 0.03973841667175293
81 0 439222 81 0.039656639099121094
81 0 439303 81 0.03965044021606445
81 0 439384 81 0.0397794246673584
81 0 439465 81 0.03979182243347168
81 0 439546 81 0.03971719741821289
81 0 439627 81 0.03969240188598633
80 0 430994 80 0.038648128509521484
0 81 430994 4096 0.1450822353363037
0 82 435090 4096 0.1513521671295166
0 81 434140 1883 0.08673334121704102
81 0 436104 81 0.04165387153625488
81 0 436185 81 0.04019427299499512
81 0 436266 81 0.03981328010559082
81 0 436347 81 0.03984856605529785
81 0 436428 81 0.03984570503234863
81 0 436509 81 0.039826154708862305
81 0 436590 81 0.03985738754272461
81 0 436671 81 0.03988075256347656
81 0 436752 81 0.039778947830200195
80 0 429708 80 0.03870749473571777
0 81 429708 4096 0.14633941650390625
0 81 433804 3560 0.1479356288909912
81 0 437445 81 0.04268908500671387
81 0 437526 81 0.04115700721740723
80 0 433407 80 0.039354562759399414
80 0 433487 80 0.039394378662109375
79 0 426157 79 0.03623366355895996
0 80 426157 4096 0.14432358741760254
0 80 430253 3770 0.15834617614746094
80 0 434103 80 0.03950333595275879
80 0 434183 80 0.037954092025756836
80 0 434263 80 0.03764772415161133
80 0 434343 80 0.03754878044128418
80 0 434423 80 0.03757023811340332
80 0 434503 80 0.037583351135253906
80 0 434583 80 0.03756546974182129
80 0 434663 80 0.037569284439086914
80 0 434743 80 0.03758430480957031
80 0 434823 80 0.037503957748413086
80 0 434903 80 0.0373992919921875
80 0 434983 80 0.037415266036987305
80 0 435063 80 0.03742027282714844
80 0 435143 80 0.03741002082824707
80 0 435223 80 0.03738760948181152
80 0 435303 80 0.037464141845703125
80 0 435383 80 0.03745579719543457
80 0 435463 80 0.03743147850036621
80 0 435543 80 0.03740048408508301
80 0 435623 80 0.037401437759399414
80 0 435703 80 0.037489891052246094
80 0 435783 80 0.03748631477355957
80 0 435863 80 0.037459373474121094
80 0 435943 80 0.03744244575500488
80 0 436023 80 0.03745865821838379
80 0 436103 80 0.03749394416809082
80 0 436183 80 0.03747868537902832
80 0 436263 80 0.03746485710144043
80 0 436343 80 0.03748297691345215
80 0 436423 80 0.037499427795410156
80 0 436503 80 0.03753781318664551
80 0 436583 80 0.03754234313964844
80 0 436663 80 0.037496328353881836
80 0 436743 80 0.037488460540771484
78 0 426405 78 0.036724090576171875
0 78 417455 4095 0.13909578323364258
0 79 421550 4096 0.15910935401916504
0 79 418187 4096 0.14213132858276367
0 79 422283 4096 0.16240906715393066
0 80 426379 4096 0.15080761909484863
0 81 430475 4096 0.1689310073852539
0 81 434571 4096 0.1522514820098877
0 81 438667 3696 0.16062664985656738
81 0 442444 81 0.04069018363952637
80 0 435082 80 0.04001212120056152
0 80 430870 4095 0.14052367210388184
0 80 434965 451 0.03987860679626465
80 0 435496 80 0.03807878494262695
80 0 435576 80 0.03762030601501465
80 0 435656 80 0.03762960433959961
80 0 435736 80 0.03765368461608887
80 0 435816 80 0.037650108337402344
80 0 435896 80 0.03760552406311035
80 0 435976 80 0.037606000900268555
80 0 436056 80 0.037590742111206055
80 0 436136 80 0.037523508071899414
80 0 436216 80 0.03753995895385742
80 0 436296 80 0.037439823150634766
80 0 436376 80 0.03743696212768555
80 0 436456 80 0.037491559982299805
79 0 428266 79 0.03610539436340332
0 79 420503 4095 0.13936328887939453
0 80 424598 4096 0.1703968048095703
0 80 428694 4096 0.14629673957824707
0 80 432790 2247 0.10523152351379395
80 0 435117 80 0.042827606201171875
80 0 435197 80 0.040558576583862305
80 0 435277 80 0.03964424133300781
80 0 435357 80 0.039568424224853516
80 0 435437 80 0.03954482078552246
80 0 435517 80 0.039557456970214844
80 0 435597 80 0.039551496505737305
80 0 435677 80 0.03956270217895508
80 0 435757 80 0.03951716423034668
80 0 435837 80 0.039481163024902344
80 0 435917 80 0.03940725326538086
80 0 435997 80 0.03938555717468262
80 0 436077 80 0.039415597915649414
80 0 436157 80 0.03952813148498535
80 0 436237 80 0.03951859474182129
80 0 436317 80 0.039433956146240234
80 0 436397 80 0.03939962387084961
80 0 436477 80 0.039453983306884766
80 0 436557 80 0.03953909873962402
80 0 436637 80 0.03954935073852539
80 0 436717 80 0.03943490982055664
80 0 436797 80 0.039452552795410156
79 0 427389 79 0.037177324295043945
0 80 427389 4096 0.14377737045288086
0 80 431485 2200 0.1056663990020752
80 0 433765 80 0.041146278381347656
80 0 433845 80 0.039911746978759766
80 0 433925 80 0.03972911834716797
80 0 434005 80 0.03968000411987305
80 0 434085 80 0.03966569900512695
80 0 434165 80 0.03969383239746094
80 0 434245 80 0.03969264030456543
80 0 434325 80 0.03976035118103027
80 0 434405 80 0.03960895538330078
80 0 434485 80 0.039572954177856445
80 0 434565 80 0.03958916664123535
80 0 434645 80 0.0395662784576416
80 0 434725 80 0.039510488510131836
80 0 434805 80 0.03950810432434082
80 0 434885 80 0.03960394859313965
80 0 434965 80 0.03960585594177246
80 0 435045 80 0.039530038833618164
80 0 435125 80 0.03952455520629883
80 0 435205 80 0.03954005241394043
80 0 435285 80 0.03963184356689453
80 0 435365 80 0.03963828086853027
80 0 435445 80 0.03953719139099121
80 0 435525 80 0.03955674171447754
80 0 435605 80 0.03959846496582031
80 0 435685 80 0.039702653884887695
80 0 435765 80 0.03963160514831543
80 0 435845 80 0.039568185806274414
80 0 435925 80 0.039577484130859375
80 0 436005 80 0.03968310356140137
80 0 436085 80 0.03969764709472656
80 0 436165 80 0.03964376449584961
80 0 436245 80 0.039613962173461914
80 0 436325 80 0.03963518142700195
80 0 436405 80 0.03969264030456543
80 0 436485 80 0.03972887992858887
80 0 436565 80 0.03963494300842285
80 0 436645 80 0.03962111473083496
80 0 436725 80 0.03966927528381348
80 0 436805 80 0.03974723815917969
80 0 436885 80 0.03973507881164551
80 0 436965 80 0.039635658264160156
80 0 437045 80 0.03963923454284668
80 0 437125 80 0.039762258529663086
80 0 437205 80 0.03973793983459473
80 0 437285 80 0.03971290588378906
80 0 437365 80 0.03967761993408203
79 0 431756 79 0.03973984718322754
0 80 431756 4096 0.14542341232299805
0 80 435852 1407 0.08137655258178711
80 0 437339 80 0.041376352310180664
80 0 437419 80 0.04033255577087402
80 0 437499 80 0.04006624221801758
80 0 437579 80 0.040094614028930664
80 0 437659 80 0.04000592231750488
80 0 437739 80 0.04010319709777832
80 0 437819 80 0.04010748863220215
80 0 437899 80 0.040036916732788086
80 0 437979 80 0.03990006446838379
80 0 438059 80 0.0399472713470459
80 0 438139 80 0.039961814880371094
80 0 438219 80 0.03984689712524414
80 0 438299 80 0.03992819786071777
80 0 438379 80 0.03978443145751953
80 0 438459 80 0.03987836837768555
80 0 438539 80 0.03993511199951172
80 0 438619 80 0.03995537757873535
80 0 438699 80 0.03983020782470703
80 0 438779 80 0.03991842269897461
80 0 438859 80 0.039864301681518555
80 0 438939 80 0.039988040924072266
80 0 439019 80 0.03996920585632324
80 0 439099 80 0.039922237396240234
80 0 439179 80 0.03992962837219238
80 0 439259 80 0.039876699447631836
80 0 439339 80 0.039957284927368164
79 0 434345 79 0.03648042678833008
79 0 434424 79 0.03644752502441406
79 0 434503 79 0.03645038604736328
79 0 434582 79 0.03654217720031738
78 0 426639 78 0.03780174255371094
0 79 426639 4096 0.1447279453277588
0 79 430735 4096 0.17216205596923828
0 80 434831 1468 0.07134485244750977
80 0 436379 80 0.03915739059448242
80 0 436459 80 0.03783535957336426
80 0 436539 80 0.0375518798828125
80 0 436619 80 0.03756070137023926
80 0 436699 80 0.03758978843688965
80 0 436779 80 0.0375669002532959
80 0 436859 80 0.0375828742980957
80 0 436939 80 0.03765225410461426
80 0 437019 80 0.037610530853271484
80 0 437099 80 0.0375058650970459
80 0 437179 80 0.037506818771362305
80 0 437259 80 0.03753066062927246
80 0 437339 80 0.03744816780090332
80 0 437419 80 0.03742408752441406
80 0 437499 80 0.03741049766540527
80 0 437579 80 0.03753376007080078
80 0 437659 80 0.03754901885986328
80 0 437739 80 0.03748607635498047
80 0 437819 80 0.03745388984680176
80 0 437899 80 0.03750324249267578
80 0 437979 80 0.03755927085876465
80 0 438059 80 0.03753399848937988
80 0 438139 80 0.037471771240234375
80 0 438219 80 0.0374755859375
80 0 438299 80 0.03750944137573242
80 0 438379 80 0.037602901458740234
80 0 438459 80 0.03758382797241211
80 0 438539 80 0.03747725486755371
80 0 438619 80 0.03750205039978027
80 0 438699 80 0.03753519058227539
79 0 431706 79 0.03794121742248535
0 81 431706 4096 0.14201068878173828
0 81 435802 2234 0.09506344795227051
81 0 438117 81 0.04235506057739258
81 0 438198 81 0.04076743125915527
81 0 438279 81 0.0402982234954834
81 0 438360 81 0.04024863243103027
81 0 438441 81 0.040288686752319336
81 0 438522 81 0.04030346870422363
80 0 430846 80 0.03619074821472168
0 80 428393 4095 0.1384437084197998
0 81 432488 4096 0.15651512145996094
0 81 436584 4096 0.15536236763000488
0 81 440680 920 0.05486607551574707
81 0 441681 81 0.04185152053833008
81 0 441762 81 0.03982043266296387
81 0 441843 81 0.03953862190246582
81 0 441924 81 0.03955984115600586
81 0 442005 81 0.03959155082702637
81 0 442086 81 0.03957200050354004
81 0 442167 81 0.039502620697021484
81 0 442248 81 0.03949618339538574
80 0 434766 80 0.03762054443359375
0 80 428196 4095 0.13880228996276855
0 81 432291 4096 0.1484215259552002
0 81 436387 862 0.050891876220703125
81 0 437330 81 0.03928661346435547
81 0 437411 81 0.03846335411071777
81 0 437492 81 0.03841209411621094
81 0 437573 81 0.03840136528015137
81 0 437654 81 0.03840827941894531
80 0 429184 80 0.03533291816711426
0 81 429184 4096 0.14584136009216309
0 82 433280 4096 0.1660149097442627
0 82 437376 3319 0.12363862991333008
82 0 440777 82 0.04340839385986328
82 0 440859 82 0.04119586944580078
82 0 440941 82 0.04119300842285156
82 0 441023 82 0.041207313537597656
82 0 441105 82 0.041129112243652344
82 0 441187 82 0.04104208946228027
82 0 441269 82 0.04113459587097168
82 0 441351 82 0.04118204116821289
82 0 441433 82 0.041069746017456055
82 0 441515 82 0.04101872444152832
82 0 441597 82 0.04108881950378418
82 0 441679 82 0.04090690612792969
82 0 441761 82 0.0409238338470459
82 0 441843 82 0.04096031188964844
82 0 441925 82 0.040962934494018555
82 0 442007 82 0.040955305099487305
82 0 442089 82 0.040984153747558594
82 0 442171 82 0.040966033935546875
82 0 442253 82 0.040915727615356445
82 0 442335 82 0.04098010063171387
82 0 442417 82 0.04099845886230469
81 0 439383 81 0.03943634033203125
0 82 432403 4095 0.13424110412597656
0 82 436498 3724 0.14249563217163086
82 0 440304 82 0.04295611381530762
82 0 440386 82 0.04031991958618164
82 0 440468 82 0.03999161720275879
82 0 440550 82 0.04002809524536133
81 0 436245 81 0.04001641273498535
0 82 436245 1818 0.07889318466186523
82 0 438145 82 0.04093480110168457
82 0 438227 82 0.04010653495788574
82 0 438309 82 0.04006147384643555
82 0 438391 82 0.040030479431152344
82 0 438473 82 0.04003643989562988
82 0 438555 82 0.04006528854370117
82 0 438637 82 0.04004931449890137
81 0 431369 81 0.041709184646606445
0 83 431369 4096 0.13760972023010254
0 83 435465 4096 0.15766096115112305
0 83 439561 672 0.04946708679199219
83 0 440316 83 0.04237723350524902
83 0 440399 83 0.04174613952636719
83 0 440482 83 0.041661977767944336
83 0 440565 83 0.04167366027832031
83 0 440648 83 0.04165220260620117
83 0 440731 83 0.041654109954833984
83 0 440814 83 0.041657209396362305
83 0 440897 83 0.041704654693603516
83 0 440980 83 0.04158449172973633
83 0 441063 83 0.04147839546203613
83 0 441146 83 0.04146695137023926
83 0 441229 83 0.04157066345214844
83 0 441312 83 0.04164457321166992
83 0 441395 83 0.04154825210571289
83 0 441478 83 0.041451454162597656
83 0 441561 83 0.041548967361450195
83 0 441644 83 0.041611671447753906
83 0 441727 83 0.04164695739746094
83 0 441810 83 0.04146909713745117
82 0 433030 82 0.03912711143493652
0 83 433030 4096 0.1454906463623047
0 83 437126 1420 0.07915043830871582
83 0 438629 83 0.04117774963378906
83 0 438712 83 0.040178775787353516
83 0 438795 83 0.039345502853393555
83 0 438878 83 0.039368629455566406
83 0 438961 83 0.03937935829162598
82 0 431519 82 0.0359187126159668
0 83 431519 4096 0.14709210395812988
0 83 435615 4096 0.17242050170898438
0 83 439711 128 0.030225038528442383
83 0 439922 83 0.039754629135131836
83 0 440005 83 0.03943324089050293
83 0 440088 83 0.03942608833312988
83 0 440171 83 0.039389610290527344
83 0 440254 83 0.03935551643371582
83 0 440337 83 0.039356231689453125
83 0 440420 83 0.03942680358886719
83 0 440503 83 0.03937172889709473
83 0 440586 83 0.039225101470947266
83 0 440669 83 0.03921627998352051
83 0 440752 83 0.03922581672668457
83 0 440835 83 0.039198875427246094
82 0 436437 82 0.038912296295166016
0 83 436437 2700 0.10487580299377441
83 0 439220 83 0.04143023490905762
83 0 439303 83 0.039502859115600586
83 0 439386 83 0.03921175003051758
83 0 439469 83 0.03916215896606445
82 0 436324 82 0.03737163543701172
0 83 436324 4096 0.14487409591674805
0 83 440420 951 0.05284476280212402
83 0 441454 83 0.03828263282775879
83 0 441537 83 0.03744816780090332
83 0 441620 83 0.03742241859436035
83 0 441703 83 0.0374300479888916
83 0 441786 83 0.037471771240234375
83 0 441869 83 0.0374753475189209
82 0 439136 82 0.03754782676696777
82 0 439218 82 0.03754067420959473
82 0 439300 82 0.037439584732055664
80 0 430255 80 0.039391279220581055
0 81 430255 4096 0.14666271209716797
0 81 434351 2608 0.11863899230957031
81 0 437040 81 0.04040861129760742
81 0 437121 81 0.03900575637817383
81 0 437202 81 0.03866291046142578
81 0 437283 81 0.0386049747467041
81 0 437364 81 0.038640737533569336
81 0 437445 81 0.0385897159576416
81 0 437526 81 0.03863072395324707
81 0 437607 81 0.0385892391204834
81 0 437688 81 0.03857159614562988
81 0 437769 81 0.03844118118286133
81 0 437850 81 0.0384526252746582
81 0 437931 81 0.03846573829650879
81 0 438012 81 0.03849434852600098
81 0 438093 81 0.03848719596862793
81 0 438174 81 0.03844332695007324
81 0 438255 81 0.03846311569213867
81 0 438336 81 0.038458824157714844
81 0 438417 81 0.038492441177368164
81 0 438498 81 0.03848433494567871
81 0 438579 81 0.03844761848449707
81 0 438660 81 0.03848385810852051
80 0 430531 80 0.03798055648803711
0 81 430531 4096 0.1454932689666748
0 81 434627 3196 0.13485503196716309
81 0 437904 81 0.03944230079650879
81 0 437985 81 0.03802299499511719
81 0 438066 81 0.03785276412963867
81 0 438147 81 0.037799835205078125
81 0 438228 81 0.03795623779296875
81 0 438309 81 0.03795433044433594
81 0 438390 81 0.037804365158081055
81 0 438471 81 0.0377354621887207
81 0 438552 81 0.037702322006225586
80 0 431230 80 0.03802084922790527
0 81 431230 4096 0.14461851119995117
0 81 435326 709 0.04818892478942871
81 0 436116 81 0.04063820838928223
81 0 436197 81 0.03956961631774902
81 0 436278 81 0.03953385353088379
81 0 436359 81 0.039624691009521484
81 0 436440 81 0.03955578804016113
81 0 436521 81 0.039609432220458984
81 0 436602 81 0.03959846496582031
81 0 436683 81 0.03956961631774902
81 0 436764 81 0.03940749168395996
81 0 436845 81 0.03940391540527344
81 0 436926 81 0.039502859115600586
81 0 437007 81 0.03940081596374512
81 0 437088 81 0.03946232795715332
81 0 437169 81 0.03938770294189453
81 0 437250 81 0.039463043212890625
81 0 437331 81 0.03944230079650879
81 0 437412 81 0.039459943771362305
81 0 437493 81 0.03941631317138672
81 0 437574 81 0.03939175605773926
81 0 437655 81 0.0394587516784668
81 0 437736 81 0.03947305679321289
81 0 437817 81 0.03950238227844238
81 0 437898 81 0.03943204879760742
81 0 437979 81 0.03942465782165527
81 0 438060 81 0.03944134712219238
81 0 438141 81 0.0395510196685791
81 0 438222 81 0.039478302001953125
81 0 438303 81 0.0394895076751709
81 0 438384 81 0.039496660232543945
81 0 438465 81 0.03955221176147461
81 0 438546 81 0.039577484130859375
81 0 438627 81 0.03951907157897949
81 0 438708 81 0.03950166702270508
81 0 438789 81 0.03951072692871094
81 0 438870 81 0.03954267501831055
81 0 438951 81 0.03953289985656738
80 0 433410 80 0.03707265853881836
80 0 433490 80 0.03706240653991699
80 0 433570 80 0.037077903747558594
80 0 433650 80 0.0371246337890625
80 0 433730 80 0.03718733787536621
80 0 433810 80 0.03716278076171875
80 0 433890 80 0.03708171844482422
80 0 433970 80 0.03717374801635742
79 0 429388 79 0.03658270835876465
0 80 429388 4096 0.144270658493042
0 80 433484 4096 0.1725292205810547
0 80 437580 214 0.03308391571044922
80 0 437874 80 0.040144920349121094
80 0 437954 80 0.03989815711975098
80 0 438034 80 0.039800167083740234
80 0 438114 80 0.03978776931762695
80 0 438194 80 0.03986239433288574
80 0 438274 80 0.039856672286987305
80 0 438354 80 0.039876461029052734
80 0 438434 80 0.039869070053100586
80 0 438514 80 0.039699554443359375
80 0 438594 80 0.03969764709472656
80 0 438674 80 0.039705753326416016
80 0 438754 80 0.03968954086303711
80 0 438834 80 0.039728403091430664
80 0 438914 80 0.03964877128601074
80 0 438994 80 0.039643287658691406
80 0 439074 80 0.03967905044555664
80 0 439154 80 0.03973674774169922
80 0 439234 80 0.03972434997558594
80 0 439314 80 0.0396428108215332
80 0 439394 80 0.03962206840515137
79 0 436570 79 0.037247657775878906
79 0 436649 79 0.037311553955078125
79 0 436728 79 0.037271738052368164
79 0 436807 79 0.03720998764038086
79 0 436886 79 0.037207603454589844
79 0 436965 79 0.0372767448425293
79 0 437044 79 0.03730297088623047
79 0 437123 79 0.037283897399902344
79 0 437202 79 0.03722739219665527
79 0 437281 79 0.037233591079711914
79 0 437360 79 0.03734922409057617
79 0 437439 79 0.037335872650146484
79 0 437518 79 0.03729557991027832
79 0 437597 79 0.03722524642944336
79 0 437676 79 0.03725934028625488
79 0 437755 79 0.037345170974731445
79 0 437834 79 0.03734183311462402
79 0 437913 79 0.03731417655944824
79 0 437992 79 0.03727984428405762
79 0 438071 79 0.03729748725891113
79 0 438150 79 0.03737211227416992
79 0 438229 79 0.037331342697143555
79 0 438308 79 0.03730607032775879
79 0 438387 79 0.03726673126220703
79 0 438466 79 0.03731656074523926
79 0 438545 79 0.03737664222717285
79 0 438624 79 0.03736686706542969
79 0 438703 79 0.037363529205322266
79 0 438782 79 0.037317514419555664
78 0 430938 78 0.038854122161865234
0 79 430938 4096 0.1443033218383789
0 79 435034 2441 0.11414670944213867
79 0 437554 79 0.039504289627075195
79 0 437633 79 0.03845834732055664
78 0 431309 78 0.03914213180541992
0 79 431309 4096 0.14574074745178223
0 79 435405 3716 0.1587080955505371
79 0 439200 79 0.039093017578125
79 0 439279 79 0.03857994079589844
79 0 439358 79 0.03819608688354492
79 0 439437 79 0.03819441795349121
78 0 436627 78 0.039572954177856445
78 0 436705 78 0.0395970344543457
78 0 436783 78 0.03956151008605957
78 0 436861 78 0.03952622413635254
78 0 436939 78 0.03945493698120117
78 0 437017 78 0.039380550384521484
78 0 437095 78 0.03939557075500488
78 0 437173 78 0.03935813903808594
78 0 437251 78 0.03934049606323242
78 0 437329 78 0.03940105438232422
78 0 437407 78 0.039434194564819336
78 0 437485 78 0.039423227310180664
78 0 437563 78 0.039371490478515625
78 0 437641 78 0.03936886787414551
78 0 437719 78 0.0394287109375
78 0 437797 78 0.039434194564819336
78 0 437875 78 0.039464712142944336
78 0 437953 78 0.03940272331237793
77 0 429534 77 0.03689837455749512
0 78 429534 4096 0.1458735466003418
0 78 433630 2436 0.11457514762878418
78 0 436144 78 0.04157900810241699
78 0 436222 78 0.039821624755859375
78 0 436300 78 0.039241790771484375
78 0 436378 78 0.039191484451293945
78 0 436456 78 0.03921771049499512
78 0 436534 78 0.039244890213012695
78 0 436612 78 0.03930330276489258
78 0 436690 78 0.03925776481628418
78 0 436768 78 0.03905320167541504
78 0 436846 78 0.038954734802246094
78 0 436924 78 0.03911948204040527
78 0 437002 78 0.039163827896118164
78 0 437080 78 0.039098262786865234
78 0 437158 78 0.039046525955200195
78 0 437236 78 0.03908038139343262
78 0 437314 78 0.03916501998901367
78 0 437392 78 0.0391538143157959
78 0 437470 78 0.039075613021850586
78 0 437548 78 0.03905057907104492
78 0 437626 78 0.03914332389831543
78 0 437704 78 0.039208412170410156
78 0 437782 78 0.03919672966003418
78 0 437860 78 0.03910970687866211
77 0 430675 77 0.03723263740539551
0 79 430675 4096 0.1391277313232422
0 79 434771 4096 0.15500402450561523
0 79 438867 1930 0.09843182563781738
79 0 440876 79 0.04012346267700195
79 0 440955 79 0.03926372528076172
79 0 441034 79 0.03905200958251953
79 0 441113 79 0.039038658142089844
79 0 441192 79 0.03903841972351074
79 0 441271 79 0.039060115814208984
79 0 441350 79 0.03904461860656738
79 0 441429 79 0.03908824920654297
79 0 441508 79 0.03891348838806152
79 0 441587 79 0.038909912109375
79 0 441666 79 0.03891301155090332
79 0 441745 79 0.038893699645996094
79 0 441824 79 0.03885793685913086
79 0 441903 79 0.03885293006896973
79 0 441982 79 0.03890562057495117
79 0 442061 79 0.03889822959899902
79 0 442140 79 0.03892707824707031
79 0 442219 79 0.03891253471374512
79 0 442298 79 0.03891348838806152
79 0 442377 79 0.03893709182739258
79 0 442456 79 0.03893232345581055
79 0 442535 79 0.03893637657165527
79 0 442614 79 0.03889656066894531
79 0 442693 79 0.03890109062194824
78 0 439423 78 0.039311885833740234
0 78 432481 3667 0.13242626190185547
78 0 436226 78 0.03998303413391113
78 0 436304 78 0.038622379302978516
78 0 436382 78 0.03838086128234863
78 0 436460 78 0.03840470314025879
78 0 436538 78 0.03839850425720215
78 0 436616 78 0.03846454620361328
78 0 436694 78 0.03846120834350586
78 0 436772 78 0.0385286808013916
78 0 436850 78 0.03855013847351074
78 0 436928 78 0.038387298583984375
78 0 437006 78 0.038384199142456055
78 0 437084 78 0.038294076919555664
78 0 437162 78 0.03823518753051758
78 0 437240 78 0.038303375244140625
78 0 437318 78 0.03834104537963867
78 0 437396 78 0.03840065002441406
78 0 437474 78 0.03835773468017578
78 0 437552 78 0.038282155990600586
78 0 437630 78 0.038242340087890625
78 0 437708 78 0.038407087326049805
78 0 437786 78 0.03844761848449707
78 0 437864 78 0.0383906364440918
78 0 437942 78 0.03832268714904785
78 0 438020 78 0.03833317756652832
78 0 438098 78 0.03846383094787598
78 0 438176 78 0.03847551345825195
78 0 438254 78 0.03837919235229492
78 0 438332 78 0.03828144073486328
78 0 438410 78 0.03835606575012207
78 0 438488 78 0.038489580154418945
78 0 438566 78 0.03847527503967285
78 0 438644 78 0.038332462310791016
77 0 430363 77 0.039312124252319336
0 79 430363 4096 0.14501619338989258
0 80 434459 4096 0.1521463394165039
0 80 438555 3085 0.1163017749786377
80 0 441720 80 0.04161882400512695
80 0 441800 80 0.03958582878112793
80 0 441880 80 0.03916788101196289
80 0 441960 80 0.03903794288635254
80 0 442040 80 0.039071083068847656
80 0 442120 80 0.03906702995300293
80 0 442200 80 0.038987159729003906
80 0 442280 80 0.03911995887756348
80 0 442360 80 0.03904557228088379
79 0 438472 79 0.03577160835266113
79 0 438551 79 0.035863399505615234
78 0 428537 78 0.03865981101989746
0 79 428537 4096 0.14487862586975098
0 80 432633 4096 0.14920854568481445
0 80 433332 4096 0.1451880931854248
0 80 437428 1790 0.08722782135009766
80 0 439298 80 0.03799581527709961
80 0 439378 80 0.03681206703186035
80 0 439458 80 0.03649568557739258
80 0 439538 80 0.0365140438079834
80 0 439618 80 0.03651237487792969
80 0 439698 80 0.03654766082763672
79 0 433769 79 0.036658287048339844
0 80 433769 4096 0.1463761329650879
0 81 437865 2115 0.09233427047729492
81 0 440061 81 0.03927302360534668
81 0 440142 81 0.038468360900878906
81 0 440223 81 0.038178205490112305
81 0 440304 81 0.03817439079284668
81 0 440385 81 0.0381925106048584
81 0 440466 81 0.03819847106933594
81 0 440547 81 0.038239479064941406
81 0 440628 81 0.03819584846496582
81 0 440709 81 0.03810453414916992
81 0 440790 81 0.03804421424865723
81 0 440871 81 0.03807854652404785
81 0 440952 81 0.0380711555480957
81 0 441033 81 0.03807377815246582
81 0 441114 81 0.03807520866394043
81 0 441195 81 0.03803610801696777
81 0 441276 81 0.03802227973937988
81 0 441357 81 0.03801441192626953
81 0 441438 81 0.03809356689453125
81 0 441519 81 0.03811335563659668
81 0 441600 81 0.03806924819946289
81 0 441681 81 0.03806424140930176
81 0 441762 81 0.03808712959289551
81 0 441843 81 0.03811240196228027
81 0 441924 81 0.03813791275024414
81 0 442005 81 0.03807353973388672
81 0 442086 81 0.03808403015136719
81 0 442167 81 0.03810429573059082
81 0 442248 81 0.038170814514160156
81 0 442329 81 0.03816723823547363
80 0 436720 80 0.03835296630859375
0 81 436720 3689 0.1323087215423584
80 0 435883 80 0.040788888931274414
0 81 435883 2977 0.1115570068359375
81 0 438941 81 0.041382789611816406
81 0 439022 81 0.03957223892211914
81 0 439103 81 0.039147138595581055
81 0 439184 81 0.03917431831359863
81 0 439265 81 0.03922104835510254
81 0 439346 81 0.03920483589172363
81 0 439427 81 0.039151906967163086
81 0 439508 81 0.03915262222290039
81 0 439589 81 0.039048194885253906
81 0 439670 81 0.0389249324798584
81 0 439751 81 0.038994550704956055
81 0 439832 81 0.039092063903808594
81 0 439913 81 0.03910207748413086
81 0 439994 81 0.03895211219787598
81 0 440075 81 0.038956642150878906
81 0 440156 81 0.03906440734863281
81 0 440237 81 0.03911280632019043
80 0 436841 80 0.038588523864746094
0 80 427926 4095 0.1373610496520996
0 80 432021 3920 0.16237640380859375
80 0 436021 80 0.03992438316345215
80 0 436101 80 0.03794384002685547
80 0 436181 80 0.03740739822387695
80 0 436261 80 0.03740668296813965
80 0 436341 80 0.03742551803588867
80 0 436421 80 0.03742241859436035
80 0 436501 80 0.03742647171020508
80 0 436581 80 0.03745698928833008
80 0 436661 80 0.037444353103637695
80 0 436741 80 0.03718400001525879
80 0 436821 80 0.03720736503601074
80 0 436901 80 0.037216901779174805
80 0 436981 80 0.03722238540649414
80 0 437061 80 0.037224769592285156
80 0 437141 80 0.03729128837585449
80 0 437221 80 0.0373685359954834
80 0 437301 80 0.037265777587890625
80 0 437381 80 0.03723645210266113
80 0 437461 80 0.03725934028625488
80 0 437541 80 0.03735089302062988
80 0 437621 80 0.03733205795288086
80 0 437701 80 0.037396907806396484
79 0 428723 79 0.03712964057922363
0 80 428723 4094 0.14068388938903809
80 0 432897 80 0.03949689865112305
80 0 432977 80 0.03861045837402344
80 0 433057 80 0.03746509552001953
80 0 433137 80 0.037415266036987305
80 0 433217 80 0.0373690128326416
80 0 433297 80 0.03736567497253418
80 0 433377 80 0.03735947608947754
80 0 433457 80 0.037374258041381836
80 0 433537 80 0.037352800369262695
80 0 433617 80 0.03725385665893555
80 0 433697 80 0.03732585906982422
80 0 433777 80 0.03725576400756836
80 0 433857 80 0.03719043731689453
80 0 433937 80 0.037204742431640625
80 0 434017 80 0.03729057312011719
80 0 434097 80 0.03728914260864258
80 0 434177 80 0.03728437423706055
80 0 434257 80 0.03725910186767578
80 0 434337 80 0.03736162185668945
80 0 434417 80 0.03731679916381836
80 0 434497 80 0.037331342697143555
79 0 428851 79 0.03499197959899902
0 80 428851 4096 0.1447446346282959
0 80 432947 3096 0.13413166999816895
80 0 436123 80 0.03909182548522949
80 0 436203 80 0.03812289237976074
80 0 436283 80 0.037756919860839844
80 0 436363 80 0.03780698776245117
80 0 436443 80 0.037793636322021484
80 0 436523 80 0.037631988525390625
80 0 436603 80 0.037629127502441406
80 0 436683 80 0.03772473335266113
80 0 436763 80 0.037680625915527344
80 0 436843 80 0.037641286849975586
80 0 436923 80 0.03766512870788574
80 0 437003 80 0.0376591682434082
80 0 437083 80 0.037564754486083984
80 0 437163 80 0.03755331039428711
80 0 437243 80 0.037596702575683594
80 0 437323 80 0.037709951400756836
80 0 437403 80 0.03768444061279297
80 0 437483 80 0.03755760192871094
80 0 437563 80 0.0375828742980957
80 0 437643 80 0.03766894340515137
80 0 437723 80 0.037712812423706055
80 0 437803 80 0.037668466567993164
80 0 437883 80 0.03759765625
80 0 437963 80 0.03754091262817383
79 0 434545 79 0.037245988845825195
79 0 434624 79 0.03729653358459473
78 0 429828 78 0.037947654724121094
0 79 429828 4096 0.1449422836303711
0 79 433924 3356 0.14336848258972168
79 0 437359 79 0.04079723358154297
79 0 437438 79 0.0393061637878418
79 0 437517 79 0.03872847557067871
79 0 437596 79 0.03874015808105469
79 0 437675 79 0.03876996040344238
79 0 437754 79 0.038773298263549805
79 0 437833 79 0.03878307342529297
79 0 437912 79 0.03869891166687012
79 0 437991 79 0.03864336013793945
79 0 438070 79 0.03854513168334961
79 0 438149 79 0.03855013847351074
79 0 438228 79 0.03860664367675781
79 0 438307 79 0.03861427307128906
79 0 438386 79 0.03869009017944336
79 0 438465 79 0.03856778144836426
79 0 438544 79 0.03859519958496094
79 0 438623 79 0.038648128509521484
79 0 438702 79 0.03863930702209473
79 0 438781 79 0.03863096237182617
79 0 438860 79 0.03858017921447754
79 0 438939 79 0.038588523864746094
79 0 439018 79 0.03868389129638672
79 0 439097 79 0.038701772689819336
79 0 439176 79 0.03866219520568848
79 0 439255 79 0.038649559020996094
79 0 439334 79 0.03866267204284668
79 0 439413 79 0.0386652946472168
78 0 431699 78 0.03715252876281738
0 79 431699 4096 0.14377760887145996
0 79 435795 818 0.051758527755737305
79 0 436692 79 0.03777909278869629
79 0 436771 79 0.037462472915649414
79 0 436850 79 0.03734540939331055
79 0 436929 79 0.037435293197631836
79 0 437008 79 0.03738212585449219
79 0 437087 79 0.03743457794189453
79 0 437166 79 0.03746771812438965
79 0 437245 79 0.03731846809387207
79 0 437324 79 0.037158966064453125
79 0 437403 79 0.037136077880859375
79 0 437482 79 0.03715062141418457
79 0 437561 79 0.03722739219665527
79 0 437640 79 0.037259578704833984
79 0 437719 79 0.0372464656829834
79 0 437798 79 0.037166595458984375
79 0 437877 79 0.0371861457824707
79 0 437956 79 0.03724026679992676
79 0 438035 79 0.03722333908081055
79 0 438114 79 0.03722429275512695
79 0 438193 79 0.03719186782836914
79 0 438272 79 0.03718113899230957
79 0 438351 79 0.037180423736572266
79 0 438430 79 0.03730654716491699
79 0 438509 79 0.03733515739440918
79 0 438588 79 0.037236928939819336
79 0 438667 79 0.03723311424255371
79 0 438746 79 0.037253379821777344
79 0 438825 79 0.03727912902832031
79 0 438904 79 0.037322282791137695
78 0 435279 78 0.03817462921142578
0 78 432123 4095 0.1397244930267334
0 78 436218 2300 0.10634398460388184
78 0 438596 78 0.039954423904418945
78 0 438674 78 0.038039207458496094
78 0 438752 78 0.037758588790893555
78 0 438830 78 0.03777670860290527
78 0 438908 78 0.03778791427612305
78 0 438986 78 0.03777003288269043
78 0 439064 78 0.03778958320617676
78 0 439142 78 0.03783130645751953
78 0 439220 78 0.03777599334716797
78 0 439298 78 0.03765225410461426
78 0 439376 78 0.037561655044555664
78 0 439454 78 0.03756117820739746
78 0 439532 78 0.03755307197570801
78 0 439610 78 0.03758096694946289
78 0 439688 78 0.03760337829589844
78 0 439766 78 0.03764700889587402
77 0 432511 77 0.03704071044921875
0 78 432511 4096 0.14587926864624023
0 79 436607 3321 0.12129497528076172
79 0 440007 79 0.039103031158447266
79 0 440086 79 0.037461042404174805
79 0 440165 79 0.037229061126708984
79 0 440244 79 0.037206172943115234
79 0 440323 79 0.03724551200866699
79 0 440402 79 0.037291765213012695
79 0 440481 79 0.037290334701538086
79 0 440560 79 0.03727579116821289
79 0 440639 79 0.03724193572998047
78 0 436347 78 0.03898000717163086
0 78 426318 4095 0.14098167419433594
0 78 430413 4096 0.17200827598571777
0 79 434509 3989 0.13787126541137695
79 0 438577 79 0.04147529602050781
79 0 438656 79 0.039675235748291016
79 0 438735 79 0.0393068790435791
79 0 438814 79 0.03928089141845703
79 0 438893 79 0.03928065299987793
79 0 438972 79 0.03930401802062988
79 0 439051 79 0.039338111877441406
78 0 434392 78 0.03936457633972168
78 0 434470 78 0.039090871810913086
78 0 434548 78 0.039072513580322266
78 0 434626 78 0.039164066314697266
78 0 434704 78 0.039173126220703125
77 0 428184 77 0.03654146194458008
0 78 428184 4096 0.1443312168121338
0 79 432280 4096 0.1695401668548584
0 79 436376 4096 0.1482086181640625
0 79 440472 439 0.03947305679321289
78 0 435573 78 0.03798341751098633
0 79 435573 4096 0.1444694995880127
0 79 439669 2122 0.10243344306945801
78 0 438390 78 0.03916287422180176
78 0 438468 78 0.037941932678222656
77 0 430911 77 0.03732442855834961
0 79 430911 4096 0.13828516006469727
0 79 435007 1267 0.05745673179626465
79 0 436353 79 0.038123369216918945
79 0 436432 79 0.0373077392578125
79 0 436511 79 0.037250518798828125
79 0 436590 79 0.03732419013977051
79 0 436669 79 0.03731799125671387
79 0 436748 79 0.03737020492553711
79 0 436827 79 0.03738522529602051
79 0 436906 79 0.03737497329711914
79 0 436985 79 0.03723955154418945
79 0 437064 79 0.0370945930480957
79 0 437143 79 0.03711748123168945
79 0 437222 79 0.037130117416381836
79 0 437301 79 0.03716635704040527
79 0 437380 79 0.037130117416381836
79 0 437459 79 0.037119150161743164
79 0 437538 79 0.037172794342041016
79 0 437617 79 0.03719472885131836
79 0 437696 79 0.037177085876464844
79 0 437775 79 0.03715157508850098
79 0 437854 79 0.03715777397155762
79 0 437933 79 0.03718090057373047
79 0 438012 79 0.037206411361694336
79 0 438091 79 0.03719210624694824
79 0 438170 79 0.03718090057373047
79 0 438249 79 0.03716731071472168
79 0 438328 79 0.037200212478637695
79 0 438407 79 0.0372164249420166
79 0 438486 79 0.037209510803222656
79 0 438565 79 0.03716540336608887
79 0 438644 79 0.0372164249420166
79 0 438723 79 0.037236690521240234
79 0 438802 79 0.037256717681884766
79 0 438881 79 0.037241220474243164
79 0 438960 79 0.03721928596496582
79 0 439039 79 0.037230491638183594
79 0 439118 79 0.037261009216308594
79 0 439197 79 0.03725910186767578
79 0 439276 79 0.0372776985168457
79 0 439355 79 0.037262678146362305
79 0 439434 79 0.03724479675292969
79 0 439513 79 0.03728461265563965
79 0 439592 79 0.03729891777038574
79 0 439671 79 0.037259578704833984
78 0 432786 78 0.03565549850463867
0 79 432786 4096 0.1438443660736084
0 79 436882 1899 0.09159445762634277
79 0 438860 79 0.038181304931640625
79 0 438939 79 0.036685943603515625
79 0 439018 79 0.036220550537109375
79 0 439097 79 0.03619647026062012
79 0 439176 79 0.036168575286865234
79 0 439255 79 0.03617715835571289
79 0 439334 79 0.036185503005981445
79 0 439413 79 0.03623604774475098
79 0 439492 79 0.03624105453491211
79 0 439571 79 0.03608202934265137
79 0 439650 79 0.036070823669433594
79 0 439729 79 0.03607439994812012
79 0 439808 79 0.036008596420288086
79 0 439887 79 0.03602123260498047
79 0 439966 79 0.036028385162353516
78 0 435034 78 0.036127328872680664
0 79 435034 4096 0.14546751976013184
0 80 439130 2499 0.09909605979919434
80 0 441709 80 0.03840184211730957
80 0 441789 80 0.03667855262756348
79 0 438636 79 0.03505253791809082
0 80 438636 1917 0.07910370826721191
80 0 440633 80 0.037821054458618164
80 0 440713 80 0.03665876388549805
80 0 440793 80 0.036402225494384766
80 0 440873 80 0.036363840103149414
80 0 440953 80 0.03638744354248047
80 0 441033 80 0.036428213119506836
80 0 441113 80 0.03642868995666504
79 0 432254 79 0.03607511520385742
0 81 432254 4096 0.13769817352294922
0 81 436350 4096 0.1632702350616455
0 81 440446 196 0.032636404037475586
81 0 440723 81 0.040834903717041016
81 0 440804 81 0.04047274589538574
79 0 429702 79 0.036870718002319336
0 80 429702 4096 0.14337992668151855
0 81 433798 4096 0.14833664894104004
0 81 437894 1229 0.06025433540344238
81 0 439204 81 0.04097318649291992
81 0 439285 81 0.03983592987060547
81 0 439366 81 0.03947257995605469
81 0 439447 81 0.03943133354187012
81 0 439528 81 0.03948473930358887
81 0 439609 81 0.039537906646728516
81 0 439690 81 0.0395967960357666
81 0 439771 81 0.03951072692871094
81 0 439852 81 0.03942227363586426
81 0 439933 81 0.03939509391784668
81 0 440014 81 0.03942465782165527
81 0 440095 81 0.03947138786315918
81 0 440176 81 0.03943037986755371
80 0 435971 80 0.0367279052734375
0 81 435971 2787 0.10356998443603516
81 0 438839 81 0.04102969169616699
81 0 438920 81 0.04020404815673828
81 0 439001 81 0.04005241394042969
81 0 439082 81 0.0400385856628418
81 0 439163 81 0.04004335403442383
81 0 439244 81 0.04000449180603027
81 0 439325 81 0.04000091552734375
81 0 439406 81 0.040077924728393555
81 0 439487 81 0.039862871170043945
81 0 439568 81 0.039827585220336914
81 0 439649 81 0.039807796478271484
81 0 439730 81 0.03983354568481445
81 0 439811 81 0.03992938995361328
81 0 439892 81 0.0399014949798584
81 0 439973 81 0.03983902931213379
81 0 440054 81 0.03985404968261719
81 0 440135 81 0.03992176055908203
81 0 440216 81 0.03991532325744629
81 0 440297 81 0.03989148139953613
81 0 440378 81 0.03985023498535156
81 0 440459 81 0.039906978607177734
81 0 440540 81 0.03994464874267578
81 0 440621 81 0.0399627685546875
81 0 440702 81 0.039914608001708984
81 0 440783 81 0.039886474609375
81 0 440864 81 0.039942264556884766
81 0 440945 81 0.0399472713470459
81 0 441026 81 0.039949655532836914
80 0 435693 80 0.036034345626831055
0 81 430286 4095 0.1330866813659668
0 80 432022 4096 0.16155767440795898
0 81 436118 2465 0.10138368606567383
81 0 438664 81 0.0423884391784668
81 0 438745 81 0.040758371353149414
81 0 438826 81 0.040451765060424805
81 0 438907 81 0.04046297073364258
80 0 435335 80 0.039226531982421875
0 80 432941 2909 0.10686111450195312
80 0 435930 80 0.04074430465698242
80 0 436010 80 0.03890562057495117
80 0 436090 80 0.03821754455566406
80 0 436170 80 0.038281917572021484
80 0 436250 80 0.0382840633392334
80 0 436330 80 0.03833723068237305
80 0 436410 80 0.03833150863647461
79 0 429720 79 0.036350250244140625
0 80 429720 4096 0.14446258544921875
0 80 433816 3587 0.15453219413757324
80 0 437483 80 0.04027748107910156
80 0 437563 80 0.03859138488769531
80 0 437643 80 0.03829526901245117
80 0 437723 80 0.038323402404785156
80 0 437803 80 0.03832530975341797
80 0 437883 80 0.03832817077636719
80 0 437963 80 0.03826618194580078
80 0 438043 80 0.03828024864196777
79 0 431255 79 0.03633999824523926
0 80 431255 4096 0.14358019828796387
0 80 435351 1009 0.05305910110473633
80 0 436440 80 0.036527156829833984
80 0 436520 80 0.03650236129760742
80 0 436600 80 0.03649330139160156
80 0 436680 80 0.03652215003967285
80 0 436760 80 0.036473989486694336
80 0 436840 80 0.036446332931518555
80 0 436920 80 0.036460161209106445
80 0 437000 80 0.03637862205505371
80 0 437080 80 0.03635406494140625
80 0 437160 80 0.03631329536437988
80 0 437240 80 0.036334991455078125
79 0 430723 79 0.03562736511230469
0 80 430723 4096 0.14470434188842773
0 80 434819 2241 0.10705375671386719
80 0 437140 80 0.037813663482666016
80 0 437220 80 0.0368189811706543
80 0 437300 80 0.03659868240356445
80 0 437380 80 0.03654980659484863
80 0 437460 80 0.03658747673034668
80 0 437540 80 0.036546945571899414
80 0 437620 80 0.03657126426696777
80 0 437700 80 0.03657102584838867
79 0 432385 79 0.03772783279418945
0 80 432385 4096 0.14511704444885254
0 80 436481 3398 0.14420700073242188
80 0 439959 80 0.03956007957458496
80 0 440039 80 0.03794693946838379
80 0 440119 80 0.037836551666259766
80 0 440199 80 0.03783059120178223
80 0 440279 80 0.03788161277770996
80 0 440359 80 0.03791928291320801
79 0 433388 79 0.0379941463470459
0 80 433388 2047 0.08198022842407227
80 0 435515 80 0.03959083557128906
80 0 435595 80 0.03851604461669922
80 0 435675 80 0.03801083564758301
80 0 435755 80 0.038004159927368164
80 0 435835 80 0.037935733795166016
80 0 435915 80 0.03784823417663574
80 0 435995 80 0.037908315658569336
80 0 436075 80 0.03803253173828125
80 0 436155 80 0.0380406379699707
80 0 436235 80 0.03788876533508301
80 0 436315 80 0.03788256645202637
80 0 436395 80 0.03783154487609863
80 0 436475 80 0.03776407241821289
80 0 436555 80 0.03774738311767578
80 0 436635 80 0.037858009338378906
80 0 436715 80 0.03794527053833008
80 0 436795 80 0.03786945343017578
80 0 436875 80 0.03780794143676758
80 0 436955 80 0.037798404693603516
80 0 437035 80 0.03794574737548828
80 0 437115 80 0.0379178524017334
78 0 424956 78 0.03615140914916992
0 79 424956 4096 0.14304447174072266
0 79 426795 4096 0.15453505516052246
0 79 430891 4096 0.15766072273254395
0 80 434987 3942 0.14812016487121582
80 0 439009 80 0.041548967361450195
80 0 439089 80 0.03924846649169922
80 0 439169 80 0.03867816925048828
80 0 439249 80 0.03863382339477539
80 0 439329 80 0.038583993911743164
80 0 439409 80 0.0386505126953125
80 0 439489 80 0.03864932060241699
80 0 439569 80 0.03860950469970703
80 0 439649 80 0.03856706619262695
80 0 439729 80 0.038495540618896484
80 0 439809 80 0.03843855857849121
79 0 432274 79 0.036725521087646484
0 81 432274 4096 0.1383650302886963
0 81 436370 1606 0.08057045936584473
81 0 438057 81 0.040462493896484375
81 0 438138 81 0.039048194885253906
81 0 438219 81 0.03887677192687988
81 0 438300 81 0.03872203826904297
81 0 438381 81 0.03872489929199219
81 0 438462 81 0.03875923156738281
81 0 438543 81 0.03874564170837402
81 0 438624 81 0.0387120246887207
81 0 438705 81 0.03859114646911621
81 0 438786 81 0.03847789764404297
81 0 438867 81 0.03853940963745117
81 0 438948 81 0.03853487968444824
81 0 439029 81 0.03858327865600586
81 0 439110 81 0.038606882095336914
81 0 439191 81 0.038585662841796875
80 0 435490 80 0.03716540336608887
80 0 435570 80 0.03720974922180176
80 0 435650 80 0.03725314140319824
80 0 435730 80 0.0372774600982666
80 0 435810 80 0.03723454475402832
80 0 435890 80 0.03717947006225586
80 0 435970 80 0.03719305992126465
80 0 436050 80 0.03725457191467285
80 0 436130 80 0.03732657432556152
80 0 436210 80 0.037249088287353516
80 0 436290 80 0.0372164249420166
80 0 436370 80 0.03722810745239258
80 0 436450 80 0.03728961944580078
80 0 436530 80 0.037297964096069336
80 0 436610 80 0.03725862503051758
80 0 436690 80 0.037232398986816406
80 0 436770 80 0.03727889060974121
80 0 436850 80 0.03733706474304199
80 0 436930 80 0.03733396530151367
80 0 437010 80 0.03730463981628418
80 0 437090 80 0.03726482391357422
80 0 437170 80 0.037293434143066406
80 0 437250 80 0.03737282752990723
80 0 437330 80 0.03734254837036133
80 0 437410 80 0.03735089302062988
80 0 437490 80 0.037305355072021484
80 0 437570 80 0.03733038902282715
80 0 437650 80 0.037362098693847656
80 0 437730 80 0.03737139701843262
80 0 437810 80 0.03730607032775879
80 0 437890 80 0.037323951721191406
80 0 437970 80 0.037363290786743164
80 0 438050 80 0.03743791580200195
80 0 438130 80 0.03744006156921387
80 0 438210 80 0.03736472129821777
80 0 438290 80 0.03735804557800293
80 0 438370 80 0.03738713264465332
80 0 438450 80 0.03746533393859863
80 0 438530 80 0.037444114685058594
80 0 438610 80 0.03737282752990723
80 0 438690 80 0.03739142417907715
80 0 438770 80 0.03742575645446777
80 0 438850 80 0.03748273849487305
80 0 438930 80 0.0374598503112793
79 0 430321 79 0.03806591033935547
0 80 430321 4096 0.14484119415283203
0 81 434417 4096 0.14659833908081055
0 81 438513 2045 0.09612226486206055
81 0 440639 81 0.04242730140686035
81 0 440720 81 0.03986024856567383
81 0 440801 81 0.03931260108947754
81 0 440882 81 0.03932619094848633
81 0 440963 81 0.039346933364868164
81 0 441044 81 0.039327144622802734
81 0 441125 81 0.03931760787963867
81 0 441206 81 0.03934335708618164
81 0 441287 81 0.0391850471496582
81 0 441368 81 0.039125919342041016
81 0 441449 81 0.03915286064147949
81 0 441530 81 0.03920125961303711
81 0 441611 81 0.03919267654418945
81 0 441692 81 0.03914070129394531
81 0 441773 81 0.039138078689575195
80 0 433922 80 0.03606677055358887
0 81 433922 4096 0.14356589317321777
0 82 438018 3358 0.13079261779785156
82 0 441458 82 0.04428505897521973
81 0 436331 81 0.04155898094177246
81 0 436412 81 0.040467262268066406
81 0 436493 81 0.04035830497741699
80 0 431357 80 0.03720402717590332
0 81 431357 4096 0.14519119262695312
0 81 435453 1682 0.08959627151489258
81 0 437216 81 0.04149603843688965
81 0 437297 81 0.040331363677978516
81 0 437378 81 0.039902687072753906
81 0 437459 81 0.039865732192993164
81 0 437540 81 0.03979301452636719
81 0 437621 81 0.039862632751464844
81 0 437702 81 0.03987264633178711
81 0 437783 81 0.03988146781921387
81 0 437864 81 0.03989076614379883
81 0 437945 81 0.03970599174499512
81 0 438026 81 0.03971290588378906
81 0 438107 81 0.03969430923461914
81 0 438188 81 0.03980875015258789
81 0 438269 81 0.039710044860839844
81 0 438350 81 0.03965139389038086
81 0 438431 81 0.03966546058654785
81 0 438512 81 0.03971052169799805
81 0 438593 81 0.039850711822509766
80 0 433758 80 0.036196231842041016
0 81 433758 4096 0.1446852684020996
0 81 437854 3170 0.13579463958740234
81 0 441105 81 0.042819976806640625
81 0 441186 81 0.04095292091369629
81 0 441267 81 0.04075336456298828
80 0 434229 80 0.037082672119140625
0 81 434229 4096 0.14369726181030273
0 81 438325 2140 0.10380816459655762
81 0 440546 81 0.04098057746887207
81 0 440627 81 0.03966641426086426
80 0 433710 80 0.036726951599121094
80 0 433790 80 0.03674888610839844
80 0 433870 80 0.03664565086364746
80 0 433950 80 0.03661155700683594
80 0 434030 80 0.036637306213378906
80 0 434110 80 0.03672504425048828
80 0 434190 80 0.03669571876525879
80 0 434270 80 0.03656578063964844
80 0 434350 80 0.036554574966430664
79 0 429845 79 0.03807377815246582
79 0 429924 79 0.03802847862243652
79 0 430003 79 0.03802990913391113
79 0 430082 79 0.03808021545410156
79 0 430161 79 0.03809762001037598
79 0 430240 79 0.03805375099182129
79 0 430319 79 0.03803586959838867
79 0 430398 79 0.03803420066833496
79 0 430477 79 0.038124799728393555
79 0 430556 79 0.03816652297973633
79 0 430635 79 0.038098812103271484
79 0 430714 79 0.038077592849731445
79 0 430793 79 0.038095712661743164
79 0 430872 79 0.03814864158630371
79 0 430951 79 0.03814697265625
79 0 431030 79 0.03808903694152832
79 0 431109 79 0.038124799728393555
79 0 431188 79 0.038118839263916016
79 0 431267 79 0.03813004493713379
79 0 431346 79 0.03817629814147949
79 0 431425 79 0.03809833526611328
79 0 431504 79 0.03812694549560547
79 0 431583 79 0.03814864158630371
79 0 431662 79 0.038185834884643555
79 0 431741 79 0.038214683532714844
79 0 431820 79 0.03814196586608887
79 0 431899 79 0.038159847259521484
79 0 431978 79 0.038207292556762695
79 0 432057 79 0.03821158409118652
79 0 432136 79 0.038227081298828125
79 0 432215 79 0.03815793991088867
79 0 432294 79 0.03815317153930664
79 0 432373 79 0.038269758224487305
79 0 432452 79 0.03827047348022461
79 0 432531 79 0.038220882415771484
79 0 432610 79 0.03820228576660156
78 0 423680 78 0.03802824020385742
0 79 423680 4096 0.14470243453979492
0 79 427776 4096 0.17234134674072266
0 80 431872 3803 0.13620901107788086
80 0 435755 80 0.04030895233154297
80 0 435835 80 0.03903555870056152
80 0 435915 80 0.038358449935913086
80 0 435995 80 0.03831124305725098
80 0 436075 80 0.038312673568725586
80 0 436155 80 0.03828597068786621
80 0 436235 80 0.03831124305725098
80 0 436315 80 0.03831124305725098
80 0 436395 80 0.038301706314086914
80 0 436475 80 0.03821563720703125
80 0 436555 80 0.038132667541503906
80 0 436635 80 0.03814339637756348
80 0 436715 80 0.03814077377319336
80 0 436795 80 0.03819155693054199
80 0 436875 80 0.03824567794799805
80 0 436955 80 0.03815150260925293
80 0 437035 80 0.03815913200378418
80 0 437115 80 0.03818392753601074
80 0 437195 80 0.03824734687805176
80 0 437275 80 0.03822660446166992
80 0 437355 80 0.03816485404968262
80 0 437435 80 0.03818464279174805
80 0 437515 80 0.03822612762451172
80 0 437595 80 0.03825879096984863
80 0 437675 80 0.03829026222229004
80 0 437755 80 0.03823280334472656
80 0 437835 80 0.0382237434387207
80 0 437915 80 0.03829550743103027
80 0 437995 80 0.03832530975341797
79 0 429272 79 0.03825998306274414
0 80 429272 4096 0.1434786319732666
0 80 433368 4096 0.16949105262756348
0 80 434031 1167 0.05586552619934082
80 0 435278 80 0.04026508331298828
80 0 435358 80 0.03899574279785156
80 0 435438 80 0.03848123550415039
80 0 435518 80 0.038471221923828125
80 0 435598 80 0.03846931457519531
80 0 435678 80 0.0384674072265625
80 0 435758 80 0.03848600387573242
80 0 435838 80 0.038562774658203125
80 0 435918 80 0.03851056098937988
80 0 435998 80 0.03840374946594238
80 0 436078 80 0.038375139236450195
80 0 436158 80 0.038364410400390625
80 0 436238 80 0.0383143424987793
80 0 436318 80 0.03830289840698242
80 0 436398 80 0.03837013244628906
80 0 436478 80 0.03840947151184082
80 0 436558 80 0.03838038444519043
80 0 436638 80 0.038349151611328125
80 0 436718 80 0.0383455753326416
80 0 436798 80 0.03840327262878418
80 0 436878 80 0.03840994834899902
80 0 436958 80 0.03836512565612793
80 0 437038 80 0.038392066955566406
80 0 437118 80 0.03838086128234863
80 0 437198 80 0.03849482536315918
80 0 437278 80 0.03845620155334473
80 0 437358 80 0.03840517997741699
80 0 437438 80 0.038414955139160156
79 0 435282 79 0.038277387619018555
0 80 435282 2723 0.10404419898986816
80 0 438085 80 0.04070639610290527
80 0 438165 80 0.039610862731933594
80 0 438245 80 0.0384218692779541
80 0 438325 80 0.03842806816101074
80 0 438405 80 0.038475990295410156
80 0 438485 80 0.03846120834350586
79 0 434205 79 0.038744449615478516
0 80 434205 2952 0.10976266860961914
80 0 437237 80 0.04050922393798828
80 0 437317 80 0.03929734230041504
80 0 437397 80 0.03870511054992676
80 0 437477 80 0.038693904876708984
80 0 437557 80 0.03882336616516113
80 0 437637 80 0.038800716400146484
80 0 437717 80 0.03871273994445801
80 0 437797 80 0.03867530822753906
80 0 437877 80 0.03861045837402344
80 0 437957 80 0.03870415687561035
80 0 438037 80 0.038668155670166016
80 0 438117 80 0.03858494758605957
80 0 438197 80 0.03859210014343262
80 0 438277 80 0.0386354923248291
80 0 438357 80 0.03867530822753906
80 0 438437 80 0.038645267486572266
80 0 438517 80 0.038546085357666016
79 0 431369 79 0.03796887397766113
0 80 431369 1371 0.06753826141357422
80 0 432820 80 0.03998970985412598
80 0 432900 80 0.0386199951171875
80 0 432980 80 0.03816080093383789
80 0 433060 80 0.03820681571960449
80 0 433140 80 0.03825879096984863
80 0 433220 80 0.0382542610168457
80 0 433300 80 0.03825187683105469
80 0 433380 80 0.038251638412475586
80 0 433460 80 0.03823113441467285
80 0 433540 80 0.03813743591308594
80 0 433620 80 0.038056373596191406
80 0 433700 80 0.03798985481262207
80 0 433780 80 0.03802061080932617
80 0 433860 80 0.03807687759399414
79 0 431785 79 0.03844761848449707
79 0 431864 79 0.03840160369873047
79 0 431943 79 0.03838992118835449
79 0 432022 79 0.03840279579162598
79 0 432101 79 0.038440704345703125
79 0 432180 79 0.03844451904296875
79 0 432259 79 0.038423776626586914
79 0 432338 79 0.03844094276428223
79 0 432417 79 0.038471221923828125
79 0 432496 79 0.03850245475769043
79 0 432575 79 0.0384519100189209
79 0 432654 79 0.03841900825500488
79 0 432733 79 0.038442373275756836
79 0 432812 79 0.038463592529296875
79 0 432891 79 0.03851485252380371
79 0 432970 79 0.0384976863861084
79 0 433049 79 0.038475751876831055
79 0 433128 79 0.03848123550415039
79 0 433207 79 0.03851723670959473
79 0 433286 79 0.0385129451751709
79 0 433365 79 0.038516998291015625
79 0 433444 79 0.038482666015625
79 0 433523 79 0.038512468338012695
79 0 433602 79 0.038523197174072266
79 0 433681 79 0.038536787033081055
79 0 433760 79 0.038538455963134766
79 0 433839 79 0.03850817680358887
79 0 433918 79 0.03853321075439453
79 0 433997 79 0.03857016563415527
79 0 434076 79 0.03856396675109863
79 0 434155 79 0.0385594367980957
79 0 434234 79 0.0385434627532959
78 0 429376 78 0.037220001220703125
0 79 429376 4096 0.14516210556030273
0 80 433472 4096 0.1681537628173828
0 80 437568 1171 0.05581164360046387
80 0 438819 80 0.03926873207092285
80 0 438899 80 0.038027286529541016
80 0 438979 80 0.037384748458862305
80 0 439059 80 0.03738069534301758
80 0 439139 80 0.037438154220581055
80 0 439219 80 0.03743410110473633
80 0 439299 80 0.037424564361572266
80 0 439379 80 0.037482261657714844
80 0 439459 80 0.037485599517822266
80 0 439539 80 0.037297725677490234
80 0 439619 80 0.03718972206115723
80 0 439699 80 0.03719305992126465
80 0 439779 80 0.03725695610046387
80 0 439859 80 0.037261009216308594
80 0 439939 80 0.037294626235961914
80 0 440019 80 0.037349700927734375
80 0 440099 80 0.0373842716217041
80 0 440179 80 0.0372772216796875
80 0 440259 80 0.037293434143066406
80 0 440339 80 0.03732442855834961
80 0 440419 80 0.0373842716217041
80 0 440499 80 0.03740429878234863
80 0 440579 80 0.03730416297912598
80 0 440659 80 0.03730916976928711
80 0 440739 80 0.03736543655395508
80 0 440819 80 0.03738212585449219
79 0 437169 79 0.03633475303649902
0 80 437169 1824 0.07837557792663574
80 0 439073 80 0.03790163993835449
80 0 439153 80 0.037169456481933594
80 0 439233 80 0.03655099868774414
80 0 439313 80 0.03651714324951172
79 0 437290 79 0.03706169128417969
79 0 437369 79 0.03699994087219238
78 0 431737 78 0.03791522979736328
78 0 431815 78 0.037952423095703125
78 0 431893 78 0.03794121742248535
78 0 431971 78 0.03786349296569824
78 0 432049 78 0.037807464599609375
78 0 432127 78 0.03781914710998535
78 0 432205 78 0.03783082962036133
78 0 432283 78 0.03789401054382324
78 0 432361 78 0.03788042068481445
78 0 432439 78 0.03781414031982422
78 0 432517 78 0.03786730766296387
78 0 432595 78 0.03791975975036621
78 0 432673 78 0.03793454170227051
78 0 432751 78 0.03792977333068848
78 0 432829 78 0.03783607482910156
78 0 432907 78 0.037860870361328125
78 0 432985 78 0.03791499137878418
78 0 433063 78 0.037954092025756836
78 0 433141 78 0.03810286521911621
78 0 433219 78 0.03792524337768555
78 0 433297 78 0.03788256645202637
78 0 433375 78 0.03794693946838379
78 0 433453 78 0.03797268867492676
78 0 433531 78 0.03793907165527344
78 0 433609 78 0.03790879249572754
78 0 433687 78 0.03788638114929199
78 0 433765 78 0.03799748420715332
78 0 433843 78 0.03799867630004883
78 0 433921 78 0.0379486083984375
78 0 433999 78 0.03792715072631836
78 0 434077 78 0.03793787956237793
78 0 434155 78 0.03801107406616211
78 0 434233 78 0.03800177574157715
78 0 434311 78 0.03798270225524902
78 0 434389 78 0.03799271583557129
78 0 434467 78 0.037969112396240234
78 0 434545 78 0.03804278373718262
78 0 434623 78 0.03804373741149902
78 0 434701 78 0.03799080848693848
78 0 434779 78 0.037964582443237305
78 0 434857 78 0.03800821304321289
78 0 434935 78 0.03804492950439453
78 0 435013 78 0.03808164596557617
78 0 435091 78 0.038007259368896484
78 0 435169 78 0.03799724578857422
78 0 435247 78 0.038068532943725586
78 0 435325 78 0.03808259963989258
78 0 435403 78 0.03809309005737305
78 0 435481 78 0.038018226623535156
78 0 435559 78 0.03803610801696777
78 0 435637 78 0.03812122344970703
78 0 435715 78 0.03812098503112793
78 0 435793 78 0.0381169319152832
78 0 435871 78 0.03806662559509277
77 0 431739 77 0.03733468055725098
0 78 431739 4096 0.14484643936157227
0 78 435835 3018 0.13036727905273438
78 0 438931 78 0.04071831703186035
78 0 439009 78 0.039748430252075195
78 0 439087 78 0.03955841064453125
78 0 439165 78 0.039475202560424805
78 0 439243 78 0.039540767669677734
78 0 439321 78 0.03955721855163574
78 0 439399 78 0.03948044776916504
78 0 439477 78 0.039490699768066406
78 0 439555 78 0.0393984317779541
78 0 439633 78 0.039441823959350586
78 0 439711 78 0.03938913345336914
78 0 439789 78 0.039382219314575195
78 0 439867 78 0.03942513465881348
78 0 439945 78 0.03946566581726074
77 0 436528 77 0.03934311866760254
77 0 436605 77 0.0392909049987793
77 0 436682 77 0.039346933364868164
77 0 436759 77 0.03938937187194824
77 0 436836 77 0.039473772048950195
77 0 436913 77 0.03934741020202637
77 0 436990 77 0.03932046890258789
77 0 437067 77 0.039438724517822266
77 0 437144 77 0.03946709632873535
77 0 437221 77 0.039481163024902344
77 0 437298 77 0.03945326805114746
77 0 437375 77 0.03938460350036621
77 0 437452 77 0.03948020935058594
77 0 437529 77 0.039501190185546875
77 0 437606 77 0.03940081596374512
77 0 437683 77 0.03943800926208496
77 0 437760 77 0.03937792778015137
77 0 437837 77 0.03951120376586914
77 0 437914 77 0.03946566581726074
77 0 437991 77 0.039515018463134766
77 0 438068 77 0.03949618339538574
77 0 438145 77 0.03948020935058594
77 0 438222 77 0.03958702087402344
77 0 438299 77 0.03957056999206543
77 0 438376 77 0.039412498474121094
77 0 438453 77 0.03943014144897461
77 0 438530 77 0.03952336311340332
77 0 438607 77 0.03952956199645996
76 0 430640 76 0.037600040435791016
0 77 430640 4096 0.14327335357666016
0 77 434736 3725 0.1588137149810791
77 0 438538 77 0.041959285736083984
77 0 438615 77 0.04009246826171875
77 0 438692 77 0.039762258529663086
76 0 431564 76 0.03809785842895508
0 76 427561 4095 0.13939666748046875
0 76 431656 4010 0.1640331745147705
76 0 435742 76 0.04314875602722168
76 0 435818 76 0.04181647300720215
76 0 435894 76 0.04139566421508789
76 0 435970 76 0.041409969329833984
76 0 436046 76 0.04147744178771973
76 0 436122 76 0.0414886474609375
76 0 436198 76 0.04149985313415527
76 0 436274 76 0.04148674011230469
76 0 436350 76 0.04127025604248047
76 0 436426 76 0.04128861427307129
76 0 436502 76 0.04125499725341797
76 0 436578 76 0.04120182991027832
76 0 436654 76 0.04120922088623047
76 0 436730 76 0.041312217712402344
76 0 436806 76 0.041336774826049805
76 0 436882 76 0.04128432273864746
76 0 436958 76 0.04126334190368652
76 0 437034 76 0.04129314422607422
76 0 437110 76 0.04135584831237793
76 0 437186 76 0.041306495666503906
76 0 437262 76 0.04125165939331055
76 0 437338 76 0.041292428970336914
76 0 437414 76 0.04135751724243164
75 0 428206 75 0.03953409194946289
0 76 428206 4096 0.14728951454162598
0 78 432302 4096 0.15393304824829102
0 79 436398 4096 0.14069008827209473
0 79 440494 911 0.05186581611633301
79 0 441484 79 0.04206347465515137
79 0 441563 79 0.04153847694396973
79 0 441642 79 0.041544198989868164
79 0 441721 79 0.04154348373413086
79 0 441800 79 0.041567087173461914
79 0 441879 79 0.04157567024230957
79 0 441958 79 0.041594505310058594
79 0 442037 79 0.0414121150970459
79 0 442116 79 0.04135704040527344
79 0 442195 79 0.04138493537902832
78 0 436966 78 0.038858890533447266
0 78 428820 4095 0.14059758186340332
0 79 432915 4096 0.1559586524963379
0 79 437011 3430 0.13396286964416504
79 0 440520 79 0.04068589210510254
79 0 440599 79 0.0379338264465332
79 0 440678 79 0.037499427795410156
79 0 440757 79 0.03760695457458496
79 0 440836 79 0.037575721740722656
79 0 440915 79 0.03762245178222656
79 0 440994 79 0.03766679763793945
79 0 441073 79 0.03770565986633301
79 0 441152 79 0.03755640983581543
79 0 441231 79 0.03728675842285156
79 0 441310 79 0.037357330322265625
78 0 436499 78 0.037398338317871094
0 79 436499 1988 0.08308625221252441
79 0 438566 79 0.03983163833618164
79 0 438645 79 0.03804826736450195
79 0 438724 79 0.03756117820739746
79 0 438803 79 0.03757810592651367
79 0 438882 79 0.0376431941986084
79 0 438961 79 0.03763866424560547
78 0 432752 78 0.0376741886138916
0 79 432752 4096 0.14338278770446777
0 79 436848 1847 0.09126639366149902
79 0 438774 79 0.03899502754211426
79 0 438853 79 0.037802696228027344
79 0 438932 79 0.03764796257019043
79 0 439011 79 0.037650108337402344
79 0 439090 79 0.03766822814941406
79 0 439169 79 0.0376734733581543
79 0 439248 79 0.037589073181152344
79 0 439327 79 0.0375821590423584
78 0 431539 78 0.03712630271911621
0 80 431539 4096 0.14360570907592773
0 81 435635 4096 0.14531660079956055
0 80 432913 4096 0.13990139961242676
0 80 437009 1279 0.058585405349731445
80 0 438368 80 0.039681196212768555
80 0 438448 80 0.03887033462524414
80 0 438528 80 0.03840041160583496
80 0 438608 80 0.038384199142456055
79 0 430774 79 0.03815627098083496
0 80 430774 4096 0.14489316940307617
0 80 434870 682 0.047914981842041016
80 0 435632 80 0.03917527198791504
80 0 435712 80 0.03831171989440918
80 0 435792 80 0.03826498985290527
80 0 435872 80 0.0382537841796875
80 0 435952 80 0.03824949264526367
80 0 436032 80 0.038266658782958984
80 0 436112 80 0.03832268714904785
80 0 436192 80 0.038360595703125
80 0 436272 80 0.03815007209777832
80 0 436352 80 0.03817105293273926
80 0 436432 80 0.03816628456115723
79 0 427692 79 0.037889957427978516
0 80 427692 4096 0.14493846893310547
0 81 431788 4096 0.15276193618774414
0 81 435884 2236 0.0995645523071289
81 0 438201 81 0.04098939895629883
81 0 438282 81 0.03950071334838867
81 0 438363 81 0.039057254791259766
81 0 438444 81 0.039087533950805664
81 0 438525 81 0.0390925407409668
81 0 438606 81 0.0391077995300293
81 0 438687 81 0.039141178131103516
81 0 438768 81 0.039122581481933594
81 0 438849 81 0.03895974159240723
81 0 438930 81 0.03887343406677246
81 0 439011 81 0.03895282745361328
81 0 439092 81 0.038992881774902344
81 0 439173 81 0.03898358345031738
81 0 439254 81 0.03892660140991211
81 0 439335 81 0.03896379470825195
81 0 439416 81 0.03899979591369629
81 0 439497 81 0.03901839256286621
81 0 439578 81 0.03898358345031738
80 0 437091 80 0.03895211219787598
0 81 437091 3504 0.12638211250305176
81 0 440676 81 0.03982853889465332
81 0 440757 81 0.03854250907897949
81 0 440838 81 0.03834223747253418
81 0 440919 81 0.0383448600769043
80 0 434273 80 0.03721117973327637
0 81 434273 2987 0.110382080078125
81 0 437341 81 0.0430750846862793
81 0 437422 81 0.04171633720397949
81 0 437503 81 0.040712594985961914
81 0 437584 81 0.0407257080078125
81 0 437665 81 0.040754079818725586
81 0 437746 81 0.04075789451599121
80 0 431475 80 0.037940025329589844
0 82 431475 4096 0.1373119354248047
0 82 430000 4096 0.15711307525634766
0 82 434096 4096 0.14801359176635742
0 82 438192 1583 0.08633780479431152
82 0 439857 82 0.03850913047790527
82 0 439939 82 0.03739285469055176
82 0 440021 82 0.03725266456604004
82 0 440103 82 0.03708052635192871
82 0 440185 82 0.03706479072570801
82 0 440267 82 0.03711056709289551
82 0 440349 82 0.03715014457702637
82 0 440431 82 0.03714156150817871
82 0 440513 82 0.03708481788635254
82 0 440595 82 0.036898136138916016
82 0 440677 82 0.036921024322509766
82 0 440759 82 0.03693723678588867
82 0 440841 82 0.036952972412109375
82 0 440923 82 0.03699135780334473
82 0 441005 82 0.03703474998474121
82 0 441087 82 0.03695344924926758
81 0 434330 81 0.03647494316101074
0 82 434330 4096 0.14555072784423828
0 82 438426 2094 0.10193037986755371
82 0 440602 82 0.04189896583557129
80 0 425006 80 0.038773298263549805
0 82 425006 4096 0.14299678802490234
0 83 429102 4096 0.13879013061523438
0 83 433198 2940 0.1185760498046875
83 0 436221 83 0.041475534439086914
83 0 436304 83 0.03972673416137695
83 0 436387 83 0.03944826126098633
83 0 436470 83 0.03945565223693848
83 0 436553 83 0.03966522216796875
83 0 436636 83 0.039633989334106445
83 0 436719 83 0.039543867111206055
83 0 436802 83 0.03948354721069336
83 0 436885 83 0.03941917419433594
83 0 436968 83 0.03948092460632324
83 0 437051 83 0.0394434928894043
83 0 437134 83 0.03934884071350098
83 0 437217 83 0.039385318756103516
83 0 437300 83 0.03945112228393555
83 0 437383 83 0.03952193260192871
83 0 437466 83 0.039399147033691406
83 0 437549 83 0.03940868377685547
83 0 437632 83 0.03937339782714844
83 0 437715 83 0.039491891860961914
83 0 437798 83 0.039479970932006836
83 0 437881 83 0.03939652442932129
83 0 437964 83 0.03943204879760742
83 0 438047 83 0.03943967819213867
83 0 438130 83 0.03951859474182129
83 0 438213 83 0.03954672813415527
83 0 438296 83 0.039427995681762695
83 0 438379 83 0.03948831558227539
83 0 438462 83 0.03956198692321777
83 0 438545 83 0.03956890106201172
83 0 438628 83 0.03948330879211426
83 0 438711 83 0.03947710990905762
83 0 438794 83 0.039493560791015625
83 0 438877 83 0.03956127166748047
83 0 438960 83 0.039611101150512695
83 0 439043 83 0.03950357437133789
83 0 439126 83 0.03946232795715332
83 0 439209 83 0.03950095176696777
83 0 439292 83 0.0395967960357666
83 0 439375 83 0.03961062431335449
83 0 439458 83 0.03952813148498535
82 0 432325 82 0.04072999954223633
0 83 432325 4096 0.1459190845489502
0 84 436421 1977 0.0858299732208252
84 0 438482 84 0.04316544532775879
84 0 438566 84 0.04128122329711914
84 0 438650 84 0.04097580909729004
84 0 438734 84 0.04097628593444824
84 0 438818 84 0.04101157188415527
84 0 438902 84 0.041002511978149414
84 0 438986 84 0.04103231430053711
84 0 439070 84 0.041042327880859375
84 0 439154 84 0.04082012176513672
84 0 439238 84 0.040825605392456055
84 0 439322 84 0.04080343246459961
84 0 439406 84 0.0408017635345459
84 0 439490 84 0.04080009460449219
84 0 439574 84 0.04085898399353027
84 0 439658 84 0.04086160659790039
84 0 439742 84 0.040810585021972656
84 0 439826 84 0.04080843925476074
84 0 439910 84 0.04083085060119629
84 0 439994 84 0.04087567329406738
84 0 440078 84 0.04087042808532715
84 0 440162 84 0.04084897041320801
84 0 440246 84 0.04082179069519043
84 0 440330 84 0.040892839431762695
84 0 440414 84 0.040904998779296875
83 0 436135 83 0.04085946083068848
0 84 436135 2994 0.11099720001220703
84 0 439213 84 0.04334282875061035
84 0 439297 84 0.0415799617767334
83 0 434642 83 0.0387265682220459
83 0 434725 83 0.03883171081542969
83 0 434808 83 0.03884243965148926
83 0 434891 83 0.038756370544433594
83 0 434974 83 0.03876924514770508
83 0 435057 83 0.038778066635131836
82 0 427332 82 0.041014671325683594
0 83 427332 4096 0.14455485343933105
0 84 431428 4096 0.15869617462158203
0 84 435524 787 0.04931282997131348
84 0 436395 84 0.03960251808166504
84 0 436479 84 0.03896784782409668
84 0 436563 84 0.0387730598449707
84 0 436647 84 0.0388338565826416
84 0 436731 84 0.03880190849304199
84 0 436815 84 0.0388031005859375
84 0 436899 84 0.03887581825256348
84 0 436983 84 0.03885936737060547
84 0 437067 84 0.038816213607788086
84 0 437151 84 0.038674354553222656
84 0 437235 84 0.038751840591430664
84 0 437319 84 0.03866147994995117
84 0 437403 84 0.03862595558166504
84 0 437487 84 0.03869152069091797
84 0 437571 84 0.03872179985046387
84 0 437655 84 0.03876018524169922
84 0 437739 84 0.03866434097290039
84 0 437823 84 0.03864121437072754
84 0 437907 84 0.038637399673461914
84 0 437991 84 0.03873944282531738
84 0 438075 84 0.03878140449523926
84 0 438159 84 0.03869175910949707
84 0 438243 84 0.03869223594665527
84 0 438327 84 0.03877377510070801
84 0 438411 84 0.03876328468322754
84 0 438495 84 0.03876233100891113
84 0 438579 84 0.03868508338928223
84 0 438663 84 0.03869128227233887
84 0 438747 84 0.03875541687011719
84 0 438831 84 0.03885698318481445
84 0 438915 84 0.038770437240600586
84 0 438999 84 0.0387265682220459
84 0 439083 84 0.038718223571777344
84 0 439167 84 0.03883004188537598
84 0 439251 84 0.0388789176940918
84 0 439335 84 0.03874993324279785
83 0 432668 83 0.039008378982543945
0 84 432668 4096 0.1449596881866455
0 84 436764 909 0.05254006385803223
84 0 437757 84 0.04116654396057129
84 0 437841 84 0.040177106857299805
84 0 437925 84 0.039368629455566406
84 0 438009 84 0.03932976722717285
84 0 438093 84 0.03932380676269531
84 0 438177 84 0.03939080238342285
84 0 438261 84 0.039397478103637695
84 0 438345 84 0.03937721252441406
84 0 438429 84 0.03920578956604004
84 0 438513 84 0.039121150970458984
84 0 438597 84 0.0391845703125
84 0 438681 84 0.039183616638183594
84 0 438765 84 0.03916597366333008
84 0 438849 84 0.039173126220703125
84 0 438933 84 0.039186716079711914
84 0 439017 84 0.03922891616821289
84 0 439101 84 0.03923177719116211
83 0 431725 83 0.04021859169006348
0 84 431725 3442 0.12359905242919922
84 0 435251 84 0.04471182823181152
84 0 435335 84 0.04218244552612305
84 0 435419 84 0.04166388511657715
84 0 435503 84 0.04163551330566406
84 0 435587 84 0.0416264533996582
84 0 435671 84 0.04175615310668945
84 0 435755 84 0.04171442985534668
84 0 435839 84 0.041773080825805664
84 0 435923 84 0.04161334037780762
84 0 436007 84 0.04163646697998047
84 0 436091 84 0.041538238525390625
84 0 436175 84 0.041599273681640625
84 0 436259 84 0.041481733322143555
84 0 436343 84 0.04147052764892578
84 0 436427 84 0.04156184196472168
83 0 435047 83 0.03834366798400879
0 84 435047 4096 0.14526939392089844
0 84 439143 2961 0.1308128833770752
84 0 442188 84 0.042069435119628906
84 0 442272 84 0.04033684730529785
84 0 442356 84 0.04006457328796387
84 0 442440 84 0.04004025459289551
84 0 442524 84 0.0400390625
84 0 442608 84 0.04010915756225586
83 0 438575 83 0.04022645950317383
83 0 438658 83 0.040266990661621094
82 0 430335 82 0.03759288787841797
0 83 430335 4096 0.14542722702026367
0 84 434431 4096 0.15015268325805664
0 84 438527 134 0.030765533447265625
84 0 438745 84 0.03859663009643555
84 0 438829 84 0.037706613540649414
84 0 438913 84 0.037828922271728516
84 0 438997 84 0.037889957427978516
84 0 439081 84 0.0378117561340332
84 0 439165 84 0.037724971771240234
84 0 439249 84 0.03770899772644043
84 0 439333 84 0.03781318664550781
84 0 439417 84 0.03768205642700195
84 0 439501 84 0.03762245178222656
84 0 439585 84 0.0375521183013916
84 0 439669 84 0.037552833557128906
84 0 439753 84 0.03764462471008301
84 0 439837 84 0.03763866424560547
84 0 439921 84 0.037615299224853516
84 0 440005 84 0.037628889083862305
84 0 440089 84 0.037581443786621094
84 0 440173 84 0.037697792053222656
83 0 434209 83 0.037940263748168945
0 84 434209 3947 0.13661670684814453
84 0 438240 84 0.03996777534484863
84 0 438324 84 0.03873634338378906
84 0 438408 84 0.03809618949890137
84 0 438492 84 0.03814101219177246
84 0 438576 84 0.03809237480163574
84 0 438660 84 0.03812980651855469
84 0 438744 84 0.03809046745300293
84 0 438828 84 0.038146257400512695
84 0 438912 84 0.03803682327270508
84 0 438996 84 0.037889719009399414
84 0 439080 84 0.03795647621154785
84 0 439164 84 0.03795671463012695
84 0 439248 84 0.0380101203918457
84 0 439332 84 0.03796195983886719
84 0 439416 84 0.03796839714050293
84 0 439500 84 0.03791618347167969
84 0 439584 84 0.03794384002685547
84 0 439668 84 0.0379788875579834
84 0 439752 84 0.03796672821044922
84 0 439836 84 0.037993669509887695
83 0 430730 83 0.03999018669128418
0 84 430730 4096 0.1452956199645996
0 84 434826 3519 0.1473102569580078
84 0 438429 84 0.04144573211669922
84 0 438513 84 0.04017066955566406
84 0 438597 84 0.04008316993713379
84 0 438681 84 0.039963483810424805
84 0 438765 84 0.03998994827270508
84 0 438849 84 0.0399622917175293
84 0 438933 84 0.03997969627380371
84 0 439017 84 0.04010176658630371
84 0 439101 84 0.04000353813171387
84 0 439185 84 0.03980588912963867
84 0 439269 84 0.039717912673950195
84 0 439353 84 0.03973507881164551
84 0 439437 84 0.03976750373840332
84 0 439521 84 0.039731502532958984
84 0 439605 84 0.0398554801940918
83 0 430568 83 0.0383760929107666
0 84 430568 4096 0.14412736892700195
0 85 434664 4096 0.16246867179870605
0 85 438760 988 0.04987525939941406
84 0 433337 84 0.04095101356506348
0 85 433337 3160 0.1150367259979248
85 0 436582 85 0.04209780693054199
85 0 436667 85 0.04056119918823242
85 0 436752 85 0.04024553298950195
85 0 436837 85 0.04022479057312012
85 0 436922 85 0.04006457328796387
85 0 437007 85 0.0400700569152832
85 0 437092 85 0.040086984634399414
85 0 437177 85 0.040177106857299805
85 0 437262 85 0.04004955291748047
85 0 437347 85 0.03999924659729004
85 0 437432 85 0.039937734603881836
85 0 437517 85 0.039870500564575195
85 0 437602 85 0.039869070053100586
85 0 437687 85 0.03993487358093262
85 0 437772 85 0.03999471664428711
85 0 437857 85 0.039983272552490234
85 0 437942 85 0.039895057678222656
85 0 438027 85 0.03993344306945801
84 0 435031 84 0.039342641830444336
84 0 435115 84 0.0393223762512207
84 0 435199 84 0.03930521011352539
84 0 435283 84 0.039263010025024414
84 0 435367 84 0.03924083709716797
84 0 435451 84 0.03937172889709473
84 0 435535 84 0.039360761642456055
84 0 435619 84 0.03929615020751953
84 0 435703 84 0.03923320770263672
84 0 435787 84 0.03928422927856445
84 0 435871 84 0.03937172889709473
84 0 435955 84 0.03932762145996094
84 0 436039 84 0.039254188537597656
84 0 436123 84 0.039277076721191406
84 0 436207 84 0.03936433792114258
84 0 436291 84 0.03937792778015137
84 0 436375 84 0.03938007354736328
84 0 436459 84 0.03928065299987793
84 0 436543 84 0.03935122489929199
84 0 436627 84 0.039380788803100586
84 0 436711 84 0.039423227310180664
84 0 436795 84 0.03938865661621094
84 0 436879 84 0.03932070732116699
84 0 436963 84 0.039357662200927734
84 0 437047 84 0.03939700126647949
84 0 437131 84 0.03946423530578613
84 0 437215 84 0.039372920989990234
84 0 437299 84 0.039344072341918945
84 0 437383 84 0.03943943977355957
84 0 437467 84 0.03945755958557129
84 0 437551 84 0.03949570655822754
84 0 437635 84 0.03935837745666504
84 0 437719 84 0.039421796798706055
84 0 437803 84 0.03946256637573242
84 0 437887 84 0.039504051208496094
83 0 429429 83 0.040055274963378906
0 85 429429 4096 0.1410670280456543
0 85 433525 2890 0.1114339828491211
85 0 436500 85 0.042441368103027344
85 0 436585 85 0.040540456771850586
85 0 436670 85 0.040285348892211914
85 0 436755 85 0.04021739959716797
85 0 436840 85 0.040229082107543945
85 0 436925 85 0.04031181335449219
85 0 437010 85 0.0403447151184082
85 0 437095 85 0.04031038284301758
85 0 437180 85 0.04015851020812988
85 0 437265 85 0.040143489837646484
85 0 437350 85 0.040131568908691406
85 0 437435 85 0.040138959884643555
85 0 437520 85 0.040131568908691406
85 0 437605 85 0.0401768684387207
85 0 437690 85 0.04007577896118164
85 0 437775 85 0.04005885124206543
85 0 437860 85 0.04017376899719238
85 0 437945 85 0.04015755653381348
85 0 438030 85 0.040129661560058594
85 0 438115 85 0.04011416435241699
85 0 438200 85 0.04009222984313965
85 0 438285 85 0.04020547866821289
85 0 438370 85 0.04018354415893555
85 0 438455 85 0.04011654853820801
85 0 438540 85 0.04008889198303223
85 0 438625 85 0.04012775421142578
85 0 438710 85 0.04022097587585449
85 0 438795 85 0.0401763916015625
85 0 438880 85 0.04012298583984375
85 0 438965 85 0.04013800621032715
85 0 439050 85 0.0402524471282959
85 0 439135 85 0.04028439521789551
85 0 439220 85 0.04022645950317383
85 0 439305 85 0.04017353057861328
85 0 439390 85 0.04021596908569336
85 0 439475 85 0.04026389122009277
85 0 439560 85 0.040256500244140625
85 0 439645 85 0.040215492248535156
85 0 439730 85 0.04024147987365723
85 0 439815 85 0.040302276611328125
85 0 439900 85 0.04031229019165039
85 0 439985 85 0.040285348892211914
85 0 440070 85 0.04021930694580078
85 0 440155 85 0.0401763916015625
85 0 440240 85 0.040316104888916016
85 0 440325 85 0.040383100509643555
85 0 440410 85 0.04026365280151367
85 0 440495 85 0.04024219512939453
85 0 440580 85 0.040297508239746094
85 0 440665 85 0.04039144515991211
84 0 433113 84 0.03769993782043457
0 85 433113 3262 0.1186373233795166
85 0 436460 85 0.04018712043762207
85 0 436545 85 0.03896164894104004
85 0 436630 85 0.03795051574707031
85 0 436715 85 0.037900686264038086
85 0 436800 85 0.0378570556640625
85 0 436885 85 0.03788423538208008
85 0 436970 85 0.03786921501159668
85 0 437055 85 0.037876129150390625
85 0 437140 85 0.03788280487060547
84 0 428961 84 0.03867959976196289
0 85 428961 4096 0.14580559730529785
0 85 433057 1078 0.059507131576538086
85 0 434220 85 0.0404512882232666
84 0 429254 84 0.04088401794433594
84 0 429338 84 0.040659427642822266
84 0 429422 84 0.04072165489196777
84 0 429506 84 0.04074883460998535
84 0 429590 84 0.04073357582092285
84 0 429674 84 0.040746450424194336
84 0 429758 84 0.04075264930725098
84 0 429842 84 0.040608882904052734
84 0 429926 84 0.040618896484375
84 0 430010 84 0.04045915603637695
84 0 430094 84 0.04050731658935547
84 0 430178 84 0.04055285453796387
84 0 430262 84 0.04055452346801758
84 0 430346 84 0.04055953025817871
84 0 430430 84 0.04050779342651367
84 0 430514 84 0.040532588958740234
84 0 430598 84 0.04057025909423828
84 0 430682 84 0.040583133697509766
84 0 430766 84 0.04056429862976074
84 0 430850 84 0.04054856300354004
84 0 430934 84 0.040617942810058594
84 0 431018 84 0.040598392486572266
84 0 431102 84 0.040602922439575195
84 0 431186 84 0.04056882858276367
84 0 431270 84 0.040566205978393555
84 0 431354 84 0.04059791564941406
84 0 431438 84 0.04064488410949707
84 0 431522 84 0.04061245918273926
84 0 431606 84 0.04060053825378418
84 0 431690 84 0.040625572204589844
84 0 431774 84 0.04065561294555664
84 0 431858 84 0.04066038131713867
84 0 431942 84 0.04060983657836914
84 0 432026 84 0.040610551834106445
84 0 432110 84 0.040677785873413086
84 0 432194 84 0.04068803787231445
84 0 432278 84 0.04067659378051758
84 0 432362 84 0.040654659271240234
84 0 432446 84 0.040676116943359375
84 0 432530 84 0.040706634521484375
84 0 432614 84 0.040703535079956055
84 0 432698 84 0.040651798248291016
84 0 432782 84 0.04069161415100098
84 0 432866 84 0.040740013122558594
84 0 432950 84 0.040753841400146484
84 0 433034 84 0.04072308540344238
84 0 433118 84 0.04068589210510254
84 0 433202 84 0.04071927070617676
84 0 433286 84 0.04076266288757324
84 0 433370 84 0.040769100189208984
84 0 433454 84 0.04073834419250488
84 0 433538 84 0.04074525833129883
84 0 433622 84 0.04078388214111328
84 0 433706 84 0.040825843811035156
84 0 433790 84 0.0407712459564209
84 0 433874 84 0.04074835777282715
84 0 433958 84 0.04074907302856445
84 0 434042 84 0.04079627990722656
84 0 434126 84 0.040813446044921875
84 0 434210 84 0.040789127349853516
84 0 434294 84 0.04077267646789551
84 0 434378 84 0.04080700874328613
84 0 434462 84 0.04084968566894531
84 0 434546 84 0.04082202911376953
84 0 434630 84 0.04078173637390137
84 0 434714 84 0.040790557861328125
84 0 434798 84 0.040849924087524414
84 0 434882 84 0.04086756706237793
84 0 434966 84 0.040839195251464844
84 0 435050 84 0.040818214416503906
84 0 435134 84 0.04086112976074219
84 0 435218 84 0.040869712829589844
84 0 435302 84 0.04086637496948242
84 0 435386 84 0.04083538055419922
84 0 435470 84 0.0408473014831543
84 0 435554 84 0.04090452194213867
84 0 435638 84 0.04091286659240723
84 0 435722 84 0.040879011154174805
84 0 435806 84 0.04086613655090332
84 0 435890 84 0.04088401794433594
84 0 435974 84 0.04089021682739258
84 0 436058 84 0.04089975357055664
84 0 436142 84 0.04087376594543457
84 0 436226 84 0.04090285301208496
84 0 436310 84 0.04095005989074707
84 0 436394 84 0.040955305099487305
84 0 436478 84 0.04091644287109375
84 0 436562 84 0.04090595245361328
84 0 436646 84 0.04093670845031738
84 0 436730 84 0.04093623161315918
84 0 436814 84 0.04099321365356445
84 0 436898 84 0.04092764854431152
84 0 436982 84 0.04094862937927246
84 0 437066 84 0.04099440574645996
84 0 437150 84 0.04101157188415527
84 0 437234 84 0.04098176956176758
84 0 437318 84 0.04094195365905762
83 0 434771 83 0.039469242095947266
0 84 434771 4096 0.14557695388793945
0 84 438867 977 0.053499460220336914
84 0 439928 84 0.04240822792053223
84 0 440012 84 0.041271209716796875
84 0 440096 84 0.041237831115722656
84 0 440180 84 0.04124951362609863
84 0 440264 84 0.04123520851135254
84 0 440348 84 0.04124855995178223
84 0 440432 84 0.0413055419921875
84 0 440516 84 0.04126739501953125
84 0 440600 84 0.041118621826171875
84 0 440684 84 0.041132211685180664
84 0 440768 84 0.041098594665527344
84 0 440852 84 0.04107213020324707
82 0 434249 82 0.0387110710144043
0 83 434249 3876 0.13532328605651855
83 0 438208 83 0.04191327095031738
82 0 431258 82 0.04285264015197754
0 83 431258 4096 0.14545273780822754
0 84 435354 1586 0.07674193382263184
84 0 437024 84 0.043138742446899414
84 0 437108 84 0.04218149185180664
84 0 437192 84 0.04201078414916992
84 0 437276 84 0.041993141174316406
84 0 437360 84 0.04199028015136719
84 0 437444 84 0.042070627212524414
84 0 437528 84 0.04205656051635742
84 0 437612 84 0.042136430740356445
83 0 432931 83 0.04195141792297363
0 84 432931 4096 0.14554429054260254
0 84 437027 854 0.051848649978637695
84 0 437965 84 0.04271697998046875
84 0 438049 84 0.042079925537109375
84 0 438133 84 0.04213881492614746
84 0 438217 84 0.04217934608459473
84 0 438301 84 0.04227137565612793
83 0 430758 83 0.038091421127319336
0 84 430758 4096 0.1451730728149414
0 84 434854 1312 0.06619119644165039
84 0 436250 84 0.041307926177978516
84 0 436334 84 0.03817868232727051
84 0 436418 84 0.03795576095581055
84 0 436502 84 0.03794574737548828
84 0 436586 84 0.03795194625854492
84 0 436670 84 0.037866830825805664
84 0 436754 84 0.037859439849853516
84 0 436838 84 0.03791069984436035
84 0 436922 84 0.037943124771118164
84 0 437006 84 0.03778576850891113
84 0 437090 84 0.03790688514709473
83 0 430349 83 0.03892374038696289
0 84 430349 4096 0.14568066596984863
0 84 434445 2574 0.11894416809082031
84 0 437103 84 0.04056143760681152
84 0 437187 84 0.03879499435424805
84 0 437271 84 0.038561105728149414
84 0 437355 84 0.03838682174682617
84 0 437439 84 0.03839445114135742
84 0 437523 84 0.038413047790527344
84 0 437607 84 0.03842592239379883
84 0 437691 84 0.03841853141784668
84 0 437775 84 0.03843832015991211
84 0 437859 84 0.038237571716308594
84 0 437943 84 0.038239479064941406
84 0 438027 84 0.03821706771850586
84 0 438111 84 0.03826165199279785
84 0 438195 84 0.03827786445617676
84 0 438279 84 0.03826451301574707
84 0 438363 84 0.03821563720703125
84 0 438447 84 0.03821539878845215
84 0 438531 84 0.03824496269226074
84 0 438615 84 0.03824901580810547
84 0 438699 84 0.03827548027038574
84 0 438783 84 0.03824949264526367
84 0 438867 84 0.03825569152832031
84 0 438951 84 0.03827071189880371
84 0 439035 84 0.03831171989440918
84 0 439119 84 0.03830409049987793
84 0 439203 84 0.03826475143432617
84 0 439287 84 0.038251399993896484
84 0 439371 84 0.03831219673156738
84 0 439455 84 0.038332462310791016
84 0 439539 84 0.03832697868347168
84 0 439623 84 0.038321495056152344
84 0 439707 84 0.03829813003540039
84 0 439791 84 0.03836989402770996
84 0 439875 84 0.038338661193847656
83 0 433856 83 0.03790140151977539
0 84 433856 4096 0.14489412307739258
0 84 432308 4096 0.14769244194030762
0 83 432681 3574 0.14453506469726562
83 0 436338 83 0.03849911689758301
83 0 436421 83 0.03744864463806152
83 0 436504 83 0.03714299201965332
83 0 436587 83 0.03733491897583008
83 0 436670 83 0.03726458549499512
83 0 436753 83 0.037268877029418945
83 0 436836 83 0.03726649284362793
83 0 436919 83 0.0372772216796875
83 0 437002 83 0.037238359451293945
83 0 437085 83 0.03713655471801758
83 0 437168 83 0.03711867332458496
83 0 437251 83 0.037114858627319336
83 0 437334 83 0.03713631629943848
83 0 437417 83 0.03714895248413086
83 0 437500 83 0.03711724281311035
83 0 437583 83 0.03714394569396973
83 0 437666 83 0.037099599838256836
83 0 437749 83 0.03713393211364746
83 0 437832 83 0.037207603454589844
83 0 437915 83 0.03719353675842285
83 0 437998 83 0.03716397285461426
83 0 438081 83 0.03713083267211914
83 0 438164 83 0.03718233108520508
83 0 438247 83 0.037203311920166016
83 0 438330 83 0.037221431732177734
83 0 438413 83 0.037163496017456055
83 0 438496 83 0.03716278076171875
83 0 438579 83 0.03718209266662598
82 0 430068 82 0.03592348098754883
0 83 430068 4096 0.14514684677124023
0 84 434164 3685 0.1351938247680664
84 0 437933 84 0.038422346115112305
84 0 438017 84 0.03650212287902832
84 0 438101 84 0.036134958267211914
84 0 438185 84 0.03613400459289551
84 0 438269 84 0.03603696823120117
84 0 438353 84 0.036031484603881836
84 0 438437 84 0.03603863716125488
84 0 438521 84 0.03605461120605469
84 0 438605 84 0.03607654571533203
83 0 430270 83 0.03523063659667969
0 84 430270 4096 0.16915440559387207
0 85 434366 4096 0.16738414764404297
0 85 438462 1013 0.04945659637451172
85 0 439560 85 0.03941464424133301
85 0 439645 85 0.038411617279052734
84 0 431526 84 0.035485029220581055
0 85 431526 4096 0.14604902267456055
0 85 435622 1389 0.07801461219787598
85 0 437096 85 0.03793787956237793
85 0 437181 85 0.036881208419799805
85 0 437266 85 0.036490440368652344
85 0 437351 85 0.036530256271362305
85 0 437436 85 0.03653860092163086
85 0 437521 85 0.036607980728149414
85 0 437606 85 0.03660178184509277
85 0 437691 85 0.03650093078613281
85 0 437776 85 0.03653120994567871
84 0 433756 84 0.03774523735046387
84 0 433840 84 0.037792205810546875
84 0 433924 84 0.03778886795043945
84 0 434008 84 0.03777909278869629
84 0 434092 84 0.0377655029296875
84 0 434176 84 0.03774547576904297
84 0 434260 84 0.03769874572753906
84 0 434344 84 0.03769063949584961
84 0 434428 84 0.037825584411621094
83 0 427763 83 0.03727293014526367
0 84 427763 4096 0.14489030838012695
0 84 431859 3755 0.1587817668914795
84 0 435698 84 0.040274858474731445
84 0 435782 84 0.03893899917602539
84 0 435866 84 0.03868746757507324
84 0 435950 84 0.03869032859802246
84 0 436034 84 0.03867316246032715
84 0 436118 84 0.038619279861450195
84 0 436202 84 0.03859210014343262
83 0 431688 83 0.038178443908691406
0 84 431688 4096 0.1451737880706787
0 85 435784 4096 0.16142749786376953
0 85 439880 1544 0.08041954040527344
85 0 441509 85 0.04010748863220215
85 0 441594 85 0.03791522979736328
85 0 441679 85 0.03735208511352539
84 0 434613 84 0.04048752784729004
0 85 434613 3961 0.13567042350769043
85 0 438659 85 0.04404497146606445
85 0 438744 85 0.04119086265563965
85 0 438829 85 0.040435075759887695
85 0 438914 85 0.04039645195007324
85 0 438999 85 0.04048514366149902
85 0 439084 85 0.04041767120361328
84 0 431964 84 0.03859210014343262
0 87 431964 4096 0.1351461410522461
0 87 436060 2940 0.11468267440795898
87 0 439087 87 0.04034280776977539
87 0 439174 87 0.03928184509277344
87 0 439261 87 0.03866147994995117
87 0 439348 87 0.03866767883300781
87 0 439435 87 0.0387115478515625
87 0 439522 87 0.03871607780456543
87 0 439609 87 0.038712501525878906
86 0 437406 86 0.03703618049621582
86 0 437492 86 0.0370631217956543
86 0 437578 86 0.036891937255859375
86 0 437664 86 0.03690624237060547
86 0 437750 86 0.036890268325805664
86 0 437836 86 0.036896467208862305
86 0 437922 86 0.03691387176513672
86 0 438008 86 0.03685784339904785
86 0 438094 86 0.036841392517089844
86 0 438180 86 0.0368802547454834
86 0 438266 86 0.03692770004272461
86 0 438352 86 0.036913156509399414
86 0 438438 86 0.036864280700683594
86 0 438524 86 0.03687739372253418
85 0 433706 85 0.0386652946472168
0 85 424829 4095 0.13848495483398438
0 86 428924 4096 0.15018320083618164
0 86 433020 1999 0.09096169471740723
86 0 435105 86 0.03973579406738281
86 0 435191 86 0.03840804100036621
86 0 435277 86 0.038036346435546875
86 0 435363 86 0.037961483001708984
86 0 435449 86 0.0380854606628418
86 0 435535 86 0.03817605972290039
86 0 435621 86 0.03811311721801758
86 0 435707 86 0.037981510162353516
86 0 435793 86 0.037986040115356445
86 0 435879 86 0.03780841827392578
86 0 435965 86 0.03784370422363281
86 0 436051 86 0.03785371780395508
86 0 436137 86 0.03791332244873047
86 0 436223 86 0.037911415100097656
86 0 436309 86 0.037809133529663086
86 0 436395 86 0.03785371780395508
86 0 436481 86 0.037902116775512695
86 0 436567 86 0.03792762756347656
86 0 436653 86 0.03792715072631836
86 0 436739 86 0.03787803649902344
86 0 436825 86 0.03782200813293457
86 0 436911 86 0.03794503211975098
86 0 436997 86 0.03796982765197754
86 0 437083 86 0.037964820861816406
86 0 437169 86 0.03789639472961426
86 0 437255 86 0.03792834281921387
86 0 437341 86 0.03798627853393555
86 0 437427 86 0.03799843788146973
86 0 437513 86 0.037955522537231445
86 0 437599 86 0.03794527053833008
86 0 437685 86 0.03788590431213379
86 0 437771 86 0.03801894187927246
86 0 437857 86 0.037998199462890625
86 0 437943 86 0.038002729415893555
86 0 438029 86 0.03794097900390625
86 0 438115 86 0.037964820861816406
86 0 438201 86 0.0380396842956543
86 0 438287 86 0.03804969787597656
86 0 438373 86 0.03799605369567871
86 0 438459 86 0.03797602653503418
86 0 438545 86 0.03799176216125488
86 0 438631 86 0.038022756576538086
86 0 438717 86 0.038047075271606445
86 0 438803 86 0.03794574737548828
86 0 438889 86 0.037990570068359375
85 0 432142 85 0.03550362586975098
0 88 432142 4096 0.1351299285888672
0 88 436238 1277 0.05834245681762695
88 0 437603 88 0.035962581634521484
88 0 437691 88 0.035375118255615234
88 0 437779 88 0.035198211669921875
88 0 437867 88 0.035170555114746094
88 0 437955 88 0.0351712703704834
88 0 438043 88 0.03524971008300781
88 0 438131 88 0.035237789154052734
88 0 438219 88 0.03515338897705078
88 0 438307 88 0.03512167930603027
88 0 438395 88 0.03497481346130371
88 0 438483 88 0.03494977951049805
88 0 438571 88 0.03497624397277832
88 0 438659 88 0.035004377365112305
88 0 438747 88 0.035036325454711914
88 0 438835 88 0.03501629829406738
88 0 438923 88 0.03498363494873047
88 0 439011 88 0.034970760345458984
88 0 439099 88 0.03499937057495117
88 0 439187 88 0.035050392150878906
88 0 439275 88 0.035071611404418945
88 0 439363 88 0.03504490852355957
88 0 439451 88 0.03499627113342285
87 0 430339 87 0.035834550857543945
0 88 430339 4096 0.14658379554748535
0 88 434435 2023 0.09616708755493164
88 0 436546 88 0.03872084617614746
88 0 436634 88 0.0375370979309082
88 0 436722 88 0.036864519119262695
88 0 436810 88 0.03684830665588379
88 0 436898 88 0.036878108978271484
88 0 436986 88 0.036853790283203125
87 0 433582 87 0.03689765930175781
0 88 433582 4096 0.14516806602478027
0 88 437678 932 0.0525209903717041
88 0 438698 88 0.03845953941345215
88 0 438786 88 0.037184953689575195
88 0 438874 88 0.036876678466796875
88 0 438962 88 0.03690290451049805
88 0 439050 88 0.036949872970581055
88 0 439138 88 0.03696250915527344
88 0 439226 88 0.03696846961975098
88 0 439314 88 0.03696942329406738
88 0 439402 88 0.03694581985473633
88 0 439490 88 0.03680777549743652
88 0 439578 88 0.03688192367553711
88 0 439666 88 0.03679299354553223
88 0 439754 88 0.036803245544433594
88 0 439842 88 0.036786794662475586
88 0 439930 88 0.036818504333496094
88 0 440018 88 0.03682708740234375
88 0 440106 88 0.03678297996520996
88 0 440194 88 0.03674912452697754
88 0 440282 88 0.03682661056518555
87 0 436835 87 0.03711414337158203
87 0 436922 87 0.03711509704589844
87 0 437009 87 0.03704953193664551
86 0 433485 86 0.035784006118774414
0 87 433485 4096 0.14654946327209473
0 87 437581 2159 0.1041402816772461
87 0 439827 87 0.040537118911743164
87 0 439914 87 0.03855252265930176
85 0 429295 85 0.03521156311035156
0 86 429295 4096 0.1484687328338623
0 87 433391 4096 0.1506645679473877
0 87 437487 2455 0.10651111602783203
87 0 440029 87 0.039340972900390625
87 0 440116 87 0.038446664810180664
87 0 440203 87 0.038117408752441406
87 0 440290 87 0.0380396842956543
87 0 440377 87 0.03804588317871094
87 0 440464 87 0.03800082206726074
87 0 440551 87 0.03801083564758301
87 0 440638 87 0.03806948661804199
87 0 440725 87 0.03805422782897949
87 0 440812 87 0.03794431686401367
87 0 440899 87 0.037865400314331055
87 0 440986 87 0.03785228729248047
87 0 441073 87 0.037923336029052734
87 0 441160 87 0.037938594818115234
87 0 441247 87 0.037917375564575195
87 0 441334 87 0.03790712356567383
87 0 441421 87 0.03786897659301758
87 0 441508 87 0.0379786491394043
87 0 441595 87 0.03794527053833008
87 0 441682 87 0.03794097900390625
87 0 441769 87 0.03790545463562012
87 0 441856 87 0.03790545463562012
87 0 441943 87 0.03797340393066406
86 0 433196 86 0.03629469871520996
0 88 433196 4096 0.14129281044006348
0 89 437292 3996 0.13605809211730957
89 0 441377 89 0.04175901412963867
89 0 441466 89 0.040357351303100586
88 0 436180 88 0.036437273025512695
0 89 436180 4096 0.14616131782531738
0 89 437502 2160 0.09205889701843262
89 0 439751 89 0.041778564453125
89 0 439840 89 0.04032015800476074
89 0 439929 89 0.04008173942565918
89 0 440018 89 0.04003405570983887
89 0 440107 89 0.040049076080322266
89 0 440196 89 0.040042877197265625
89 0 440285 89 0.040087223052978516
89 0 440374 89 0.04011845588684082
89 0 440463 89 0.04002833366394043
89 0 440552 89 0.03995943069458008
89 0 440641 89 0.03991985321044922
89 0 440730 89 0.039864540100097656
89 0 440819 89 0.039933204650878906
89 0 440908 89 0.04005599021911621
89 0 440997 89 0.04006528854370117
89 0 441086 89 0.03986310958862305
89 0 441175 89 0.03990578651428223
89 0 441264 89 0.040023088455200195
89 0 441353 89 0.04010009765625
89 0 441442 89 0.039986610412597656
89 0 441531 89 0.03997159004211426
89 0 441620 89 0.039958953857421875
89 0 441709 89 0.04011130332946777
88 0 432729 88 0.03636813163757324
0 89 432729 2584 0.10259842872619629
89 0 435402 89 0.04098773002624512
89 0 435491 89 0.03946685791015625
89 0 435580 89 0.0389406681060791
89 0 435669 89 0.03885841369628906
89 0 435758 89 0.038918495178222656
89 0 435847 89 0.038901329040527344
89 0 435936 89 0.03889274597167969
88 0 432278 88 0.038527727127075195
0 89 432278 4096 0.1461632251739502
0 89 436374 2645 0.11904072761535645
89 0 439108 89 0.03987407684326172
88 0 431182 88 0.03877544403076172
0 89 431182 4096 0.14336633682250977
0 90 435278 3615 0.14053034782409668
90 0 438983 90 0.04254937171936035
90 0 439073 90 0.040842533111572266
90 0 439163 90 0.04040694236755371
90 0 439253 90 0.04042959213256836
90 0 439343 90 0.04044628143310547
90 0 439433 90 0.040384769439697266
90 0 439523 90 0.04038119316101074
90 0 439613 90 0.04044175148010254
90 0 439703 90 0.040369510650634766
90 0 439793 90 0.04032421112060547
90 0 439883 90 0.04027390480041504
90 0 439973 90 0.040227651596069336
90 0 440063 90 0.04017519950866699
90 0 440153 90 0.04019474983215332
90 0 440243 90 0.04029369354248047
90 0 440333 90 0.040374040603637695
90 0 440423 90 0.04027843475341797
90 0 440513 90 0.040219783782958984
90 0 440603 90 0.040392398834228516
90 0 440693 90 0.04039645195007324
90 0 440783 90 0.04027295112609863
90 0 440873 90 0.04020237922668457
90 0 440963 90 0.04029250144958496
90 0 441053 90 0.04042792320251465
90 0 441143 90 0.040383338928222656
90 0 441233 90 0.04030895233154297
90 0 441323 90 0.04024648666381836
90 0 441413 90 0.04033851623535156
90 0 441503 90 0.04044365882873535
88 0 429957 88 0.036103248596191406
0 89 429957 4096 0.14614176750183105
0 88 426412 4096 0.1666548252105713
0 88 430508 4096 0.15079045295715332
0 89 434604 3535 0.1357114315032959
89 0 438228 89 0.04170036315917969
89 0 438317 89 0.04041552543640137
89 0 438406 89 0.04010772705078125
89 0 438495 89 0.040107011795043945
89 0 438584 89 0.04031062126159668
89 0 438673 89 0.04026460647583008
89 0 438762 89 0.040213823318481445
89 0 438851 89 0.040168046951293945
89 0 438940 89 0.04003286361694336
89 0 439029 89 0.04003500938415527
89 0 439118 89 0.03999805450439453
89 0 439207 89 0.040009498596191406
89 0 439296 89 0.04003453254699707
89 0 439385 89 0.04017233848571777
89 0 439474 89 0.04015707969665527
89 0 439563 89 0.04006814956665039
88 0 436418 88 0.03725910186767578
0 89 436418 4096 0.14706969261169434
0 89 440514 128 0.030268430709838867
89 0 440731 89 0.041654109954833984
89 0 440820 89 0.040959835052490234
89 0 440909 89 0.04090547561645508
89 0 440998 89 0.04095315933227539
89 0 441087 89 0.04091286659240723
89 0 441176 89 0.04098820686340332
89 0 441265 89 0.04101157188415527
89 0 441354 89 0.04086756706237793
89 0 441443 89 0.040827274322509766
89 0 441532 89 0.040804147720336914
89 0 441621 89 0.04077601432800293
89 0 441710 89 0.04073953628540039
89 0 441799 89 0.0408477783203125
89 0 441888 89 0.04083609580993652
89 0 441977 89 0.04080963134765625
89 0 442066 89 0.04076647758483887
89 0 442155 89 0.040804386138916016
89 0 442244 89 0.04089069366455078
89 0 442333 89 0.04092144966125488
89 0 442422 89 0.0408937931060791
87 0 429714 87 0.03835463523864746
0 88 429714 4096 0.14599132537841797
0 88 433810 2254 0.10682225227355957
87 0 428322 87 0.04085993766784668
0 88 428322 4096 0.14600753784179688
0 88 425807 4096 0.16680240631103516
0 88 429903 4096 0.14994287490844727
0 89 433999 3404 0.1253507137298584
89 0 437492 89 0.04404115676879883
89 0 437581 89 0.040929317474365234
89 0 437670 89 0.040219783782958984
89 0 437759 89 0.04017829895019531
89 0 437848 89 0.040186405181884766
89 0 437937 89 0.04016232490539551
89 0 438026 89 0.04020977020263672
89 0 438115 89 0.04019522666931152
89 0 438204 89 0.04018688201904297
89 0 438293 89 0.04004335403442383
89 0 438382 89 0.04005074501037598
89 0 438471 89 0.04000997543334961
89 0 438560 89 0.03999924659729004
89 0 438649 89 0.0400238037109375
88 0 433143 88 0.038178443908691406
0 90 433143 2857 0.10865473747253418
90 0 436090 90 0.04090547561645508
90 0 436180 90 0.039216041564941406
90 0 436270 90 0.03900647163391113
90 0 436360 90 0.03890800476074219
90 0 436450 90 0.03889060020446777
90 0 436540 90 0.03889942169189453
90 0 436630 90 0.038902997970581055
90 0 436720 90 0.03893685340881348
90 0 436810 90 0.03900408744812012
90 0 436900 90 0.0388643741607666
89 0 431251 89 0.04035162925720215
0 91 431251 4096 0.14644670486450195
0 91 435347 3308 0.12020492553710938
91 0 438746 91 0.043376922607421875
91 0 438837 91 0.041788578033447266
91 0 438928 91 0.04091691970825195
91 0 439019 91 0.04063820838928223
91 0 439110 91 0.04066014289855957
91 0 439201 91 0.04066014289855957
91 0 439292 91 0.040685176849365234
91 0 439383 91 0.040639400482177734
91 0 439474 91 0.040587663650512695
91 0 439565 91 0.04051542282104492
91 0 439656 91 0.040534019470214844
91 0 439747 91 0.04048752784729004
91 0 439838 91 0.04048323631286621
91 0 439929 91 0.04049277305603027
90 0 436362 90 0.03809523582458496
90 0 436452 90 0.03814220428466797
89 0 434330 89 0.03792452812194824
0 88 425586 4094 0.14005136489868164
0 89 429680 4096 0.15794849395751953
0 88 431541 4096 0.15660715103149414
0 89 435637 4096 0.14853358268737793
0 89 439733 679 0.048102378845214844
89 0 440501 89 0.03838181495666504
89 0 440590 89 0.03782081604003906
89 0 440679 89 0.03778576850891113
89 0 440768 89 0.037859201431274414
88 0 437855 88 0.03683042526245117
88 0 437943 88 0.03686952590942383
88 0 438031 88 0.03686070442199707
88 0 438119 88 0.03687882423400879
88 0 438207 88 0.036673784255981445
88 0 438295 88 0.03660273551940918
87 0 428708 87 0.03633713722229004
0 89 428708 4096 0.1372849941253662
0 90 432804 4025 0.1381387710571289
90 0 436919 90 0.04084348678588867
90 0 437009 90 0.03968214988708496
90 0 437099 90 0.039288997650146484
90 0 437189 90 0.03925347328186035
90 0 437279 90 0.039273977279663086
90 0 437369 90 0.039261579513549805
90 0 437459 90 0.03932642936706543
90 0 437549 90 0.03932642936706543
90 0 437639 90 0.03910970687866211
90 0 437729 90 0.0391080379486084
90 0 437819 90 0.039162635803222656
90 0 437909 90 0.03916645050048828
90 0 437999 90 0.03917336463928223
90 0 438089 90 0.039106130599975586
90 0 438179 90 0.03917884826660156
90 0 438269 90 0.03909802436828613
90 0 438359 90 0.039182424545288086
90 0 438449 90 0.03921627998352051
90 0 438539 90 0.03924298286437988
90 0 438629 90 0.03919553756713867
90 0 438719 90 0.039182424545288086
90 0 438809 90 0.0391695499420166
90 0 438899 90 0.039226531982421875
90 0 438989 90 0.03927779197692871
90 0 439079 90 0.03922700881958008
90 0 439169 90 0.03922677040100098
90 0 439259 90 0.03926491737365723
90 0 439349 90 0.03929281234741211
90 0 439439 90 0.03928399085998535
90 0 439529 90 0.03920793533325195
90 0 439619 90 0.03920412063598633
90 0 439709 90 0.039305925369262695
90 0 439799 90 0.039343833923339844
89 0 429917 89 0.03989768028259277
0 90 429917 4096 0.1449906826019287
0 90 434013 2585 0.1174931526184082
90 0 436688 90 0.04132223129272461
90 0 436778 90 0.0403287410736084
90 0 436868 90 0.040117740631103516
90 0 436958 90 0.04012775421142578
90 0 437048 90 0.04010319709777832
90 0 437138 90 0.04012417793273926
90 0 437228 90 0.04012870788574219
90 0 437318 90 0.04011368751525879
90 0 437408 90 0.03987455368041992
90 0 437498 90 0.04006242752075195
89 0 430443 89 0.03812241554260254
0 90 430443 4096 0.14485573768615723
0 90 434539 3596 0.1540830135345459
90 0 438225 90 0.04149174690246582
90 0 438315 90 0.039948463439941406
90 0 438405 90 0.039679765701293945
90 0 438495 90 0.039632558822631836
90 0 438585 90 0.03962421417236328
90 0 438675 90 0.039585113525390625
90 0 438765 90 0.03961634635925293
90 0 438855 90 0.03967881202697754
90 0 438945 90 0.03971242904663086
90 0 439035 90 0.03952383995056152
90 0 439125 90 0.03951382637023926
90 0 439215 90 0.03955674171447754
90 0 439305 90 0.039536237716674805
90 0 439395 90 0.039519548416137695
90 0 439485 90 0.0394892692565918
90 0 439575 90 0.03943204879760742
90 0 439665 90 0.039537668228149414
90 0 439755 90 0.0395655632019043
89 0 436887 89 0.03912711143493652
0 90 436887 4096 0.1463639736175537
0 89 437908 1100 0.0595850944519043
89 0 439097 89 0.03932690620422363
89 0 439186 89 0.03842282295227051
89 0 439275 89 0.038236141204833984
89 0 439364 89 0.03825879096984863
89 0 439453 89 0.03827667236328125
88 0 431714 88 0.037795066833496094
0 89 431714 4096 0.1451249122619629
0 89 435810 2156 0.1040804386138916
89 0 438055 89 0.03960561752319336
89 0 438144 89 0.03795266151428223
89 0 438233 89 0.03720569610595703
89 0 438322 89 0.037210702896118164
89 0 438411 89 0.03730583190917969
89 0 438500 89 0.03727555274963379
89 0 438589 89 0.03735518455505371
89 0 438678 89 0.03726649284362793
89 0 438767 89 0.037224769592285156
89 0 438856 89 0.03702592849731445
88 0 433097 88 0.03759646415710449
0 89 433097 3010 0.11101317405700684
89 0 436196 89 0.03847622871398926
89 0 436285 89 0.03754711151123047
89 0 436374 89 0.03718376159667969
89 0 436463 89 0.037128448486328125
89 0 436552 89 0.03712749481201172
89 0 436641 89 0.0371396541595459
89 0 436730 89 0.03712201118469238
89 0 436819 89 0.037162065505981445
89 0 436908 89 0.03721976280212402
89 0 436997 89 0.03700971603393555
89 0 437086 89 0.03697657585144043
89 0 437175 89 0.03706645965576172
89 0 437264 89 0.03702712059020996
89 0 437353 89 0.036910057067871094
89 0 437442 89 0.036919593811035156
89 0 437531 89 0.03700137138366699
89 0 437620 89 0.03701448440551758
89 0 437709 89 0.03697991371154785
89 0 437798 89 0.037026166915893555
89 0 437887 89 0.03695178031921387
89 0 437976 89 0.0370488166809082
89 0 438065 89 0.037097930908203125
89 0 438154 89 0.03703880310058594
89 0 438243 89 0.036952972412109375
89 0 438332 89 0.0369725227355957
89 0 438421 89 0.03706812858581543
89 0 438510 89 0.037042856216430664
89 0 438599 89 0.037039756774902344
89 0 438688 89 0.036966562271118164
89 0 438777 89 0.036958932876586914
88 0 433766 88 0.03785538673400879
0 88 429434 4095 0.14026188850402832
0 89 433529 4096 0.15625500679016113
0 90 437625 3923 0.13843989372253418
90 0 441638 90 0.042447805404663086
90 0 441728 90 0.04068255424499512
90 0 441818 90 0.039963722229003906
90 0 441908 90 0.03992795944213867
90 0 441998 90 0.03997468948364258
90 0 442088 90 0.03998732566833496
90 0 442178 90 0.040044307708740234
90 0 442268 90 0.040086984634399414
90 0 442358 90 0.039788246154785156
90 0 442448 90 0.03980278968811035
89 0 440066 89 0.037842512130737305
89 0 440155 89 0.03789186477661133
89 0 440244 89 0.03786134719848633
88 0 438278 88 0.03905057907104492
0 89 438278 2720 0.10500383377075195
88 0 432907 88 0.040915489196777344
0 90 432907 4096 0.13868308067321777
0 91 437003 3968 0.14291858673095703
91 0 441062 91 0.04174375534057617
91 0 441153 91 0.03925299644470215
91 0 441244 91 0.03878593444824219
90 0 439304 90 0.038216352462768555
90 0 439394 90 0.038249969482421875
90 0 439484 90 0.03826451301574707
90 0 439574 90 0.03843283653259277
90 0 439664 90 0.0384671688079834
90 0 439754 90 0.03833913803100586
90 0 439844 90 0.03810572624206543
90 0 439934 90 0.03809618949890137
90 0 440024 90 0.03810262680053711
90 0 440114 90 0.038121938705444336
90 0 440204 90 0.03819608688354492
90 0 440294 90 0.03822970390319824
89 0 437029 89 0.03983664512634277
89 0 437118 89 0.03978252410888672
89 0 437207 89 0.039794921875
89 0 437296 89 0.039913177490234375
89 0 437385 89 0.03989768028259277
89 0 437474 89 0.03980731964111328
89 0 437563 89 0.039842844009399414
89 0 437652 89 0.039865970611572266
89 0 437741 89 0.03990745544433594
89 0 437830 89 0.03982710838317871
89 0 437919 89 0.03982067108154297
89 0 438008 89 0.03970909118652344
89 0 438097 89 0.0398106575012207
89 0 438186 89 0.03983044624328613
89 0 438275 89 0.03989744186401367
89 0 438364 89 0.03985404968261719
89 0 438453 89 0.03976607322692871
89 0 438542 89 0.03997349739074707
88 0 435989 88 0.03881025314331055
88 0 436077 88 0.03879714012145996
88 0 436165 88 0.03878498077392578
88 0 436253 88 0.0388333797454834
88 0 436341 88 0.03887128829956055
88 0 436429 88 0.03883934020996094
88 0 436517 88 0.03877377510070801
88 0 436605 88 0.03879380226135254
88 0 436693 88 0.038861751556396484
88 0 436781 88 0.03891396522521973
88 0 436869 88 0.038863420486450195
88 0 436957 88 0.03882408142089844
88 0 437045 88 0.03879427909851074
87 0 430451 87 0.03968477249145508
0 88 430451 4096 0.14596128463745117
0 88 434547 1338 0.06673049926757812
88 0 435973 88 0.042272329330444336
88 0 436061 88 0.040390729904174805
88 0 436149 88 0.03986859321594238
88 0 436237 88 0.03987622261047363
88 0 436325 88 0.0398867130279541
88 0 436413 88 0.03992176055908203
88 0 436501 88 0.03991389274597168
88 0 436589 88 0.039928436279296875
88 0 436677 88 0.039766788482666016
88 0 436765 88 0.039720773696899414
88 0 436853 88 0.03967475891113281
88 0 436941 88 0.03968358039855957
88 0 437029 88 0.0397186279296875
88 0 437117 88 0.03977823257446289
88 0 437205 88 0.039751291275024414
88 0 437293 88 0.039716243743896484
88 0 437381 88 0.039739131927490234
88 0 437469 88 0.03974604606628418
88 0 437557 88 0.0398097038269043
88 0 437645 88 0.03972601890563965
88 0 437733 88 0.03974604606628418
88 0 437821 88 0.03977537155151367
88 0 437909 88 0.03979897499084473
88 0 437997 88 0.0397953987121582
88 0 438085 88 0.03976178169250488
88 0 438173 88 0.03976154327392578
88 0 438261 88 0.03981947898864746
88 0 438349 88 0.03978610038757324
88 0 438437 88 0.03980302810668945
88 0 438525 88 0.03979635238647461
88 0 438613 88 0.03982090950012207
88 0 438701 88 0.0398716926574707
88 0 438789 88 0.03983712196350098
88 0 438877 88 0.03982281684875488
88 0 438965 88 0.0398104190826416
88 0 439053 88 0.03983330726623535
88 0 439141 88 0.03988242149353027
88 0 439229 88 0.039850711822509766
88 0 439317 88 0.03984642028808594
88 0 439405 88 0.0398561954498291
88 0 439493 88 0.0398869514465332
88 0 439581 88 0.039884328842163086
88 0 439669 88 0.039850473403930664
88 0 439757 88 0.039838552474975586
88 0 439845 88 0.03987622261047363
88 0 439933 88 0.03992199897766113
88 0 440021 88 0.039917945861816406
88 0 440109 88 0.03988957405090332
87 0 436847 87 0.03759121894836426
87 0 436934 87 0.03761625289916992
87 0 437021 87 0.03766584396362305
87 0 437108 87 0.03766512870788574
87 0 437195 87 0.0375981330871582
87 0 437282 87 0.037615299224853516
87 0 437369 87 0.03769683837890625
87 0 437456 87 0.03770136833190918
87 0 437543 87 0.0376887321472168
87 0 437630 87 0.03763437271118164
87 0 437717 87 0.03765058517456055
87 0 437804 87 0.037688255310058594
87 0 437891 87 0.03768634796142578
87 0 437978 87 0.0376894474029541
86 0 434905 86 0.0395352840423584
0 87 434905 4086 0.14113068580627441
87 0 439078 87 0.04269576072692871
87 0 439165 87 0.04033851623535156
87 0 439252 87 0.03977537155151367
87 0 439339 87 0.03975343704223633
87 0 439426 87 0.03976750373840332
87 0 439513 87 0.03979635238647461
87 0 439600 87 0.03978586196899414
87 0 439687 87 0.039830923080444336
87 0 439774 87 0.03973817825317383
87 0 439861 87 0.03964066505432129
87 0 439948 87 0.03962397575378418
87 0 440035 87 0.0395965576171875
87 0 440122 87 0.039582014083862305
87 0 440209 87 0.03963303565979004
87 0 440296 87 0.039646148681640625
87 0 440383 87 0.03966093063354492
87 0 440470 87 0.03963351249694824
87 0 440557 87 0.039632558822631836
87 0 440644 87 0.03966021537780762
87 0 440731 87 0.03966927528381348
87 0 440818 87 0.03965640068054199
86 0 438512 86 0.04125833511352539
86 0 438598 86 0.041269540786743164
85 0 436681 85 0.03741335868835449
85 0 436766 85 0.037421226501464844
85 0 436851 85 0.037409067153930664
85 0 436936 85 0.03736090660095215
85 0 437021 85 0.037398576736450195
85 0 437106 85 0.03742504119873047
84 0 432342 84 0.03710603713989258
0 85 432342 4096 0.14557290077209473
0 85 436438 1746 0.08746218681335449
85 0 438269 85 0.03827977180480957
85 0 438354 85 0.03771781921386719
85 0 438439 85 0.037300825119018555
85 0 438524 85 0.03724360466003418
85 0 438609 85 0.03720259666442871
85 0 438694 85 0.037226200103759766
85 0 438779 85 0.03726696968078613
85 0 438864 85 0.03734445571899414
85 0 438949 85 0.03727865219116211
85 0 439034 85 0.03706526756286621
84 0 432681 84 0.037366628646850586
0 85 432681 4096 0.14537477493286133
0 85 436777 2790 0.1232302188873291
85 0 439652 85 0.040024757385253906
85 0 439737 85 0.038323402404785156
85 0 439822 85 0.03806591033935547
85 0 439907 85 0.03806352615356445
85 0 439992 85 0.038066864013671875
85 0 440077 85 0.03809022903442383
84 0 430624 84 0.04037761688232422
0 84 425167 4095 0.13931798934936523
0 85 429262 4096 0.145402193069458
0 86 433358 4096 0.14747214317321777
0 86 437454 132 0.031092405319213867
86 0 437672 86 0.03998565673828125
86 0 437758 86 0.03885626792907715
86 0 437844 86 0.038863182067871094
86 0 437930 86 0.03890228271484375
86 0 438016 86 0.03885531425476074
86 0 438102 86 0.038861989974975586
86 0 438188 86 0.03887128829956055
86 0 438274 86 0.03884124755859375
86 0 438360 86 0.038660526275634766
86 0 438446 86 0.0386807918548584
86 0 438532 86 0.0386812686920166
86 0 438618 86 0.03868913650512695
86 0 438704 86 0.0386960506439209
86 0 438790 86 0.03873085975646973
86 0 438876 86 0.03873777389526367
86 0 438962 86 0.038727521896362305
86 0 439048 86 0.0387117862701416
86 0 439134 86 0.0386960506439209
86 0 439220 86 0.0387423038482666
86 0 439306 86 0.03878283500671387
86 0 439392 86 0.03874015808105469
86 0 439478 86 0.038750410079956055
86 0 439564 86 0.0387570858001709
86 0 439650 86 0.03876948356628418
86 0 439736 86 0.03878498077392578
85 0 434041 85 0.03908228874206543
0 86 434041 3699 0.1331772804260254
86 0 437826 86 0.0413210391998291
86 0 437912 86 0.03965020179748535
86 0 437998 86 0.03946328163146973
86 0 438084 86 0.03947257995605469
86 0 438170 86 0.039444923400878906
86 0 438256 86 0.03945636749267578
86 0 438342 86 0.03939056396484375
86 0 438428 86 0.03941774368286133
86 0 438514 86 0.039475440979003906
86 0 438600 86 0.03939628601074219
86 0 438686 86 0.039412736892700195
86 0 438772 86 0.039385080337524414
86 0 438858 86 0.03928399085998535
86 0 438944 86 0.03929901123046875
85 0 434663 85 0.039293527603149414
0 86 434663 4096 0.1458578109741211
0 86 438759 320 0.03494524955749512
86 0 439165 86 0.039870262145996094
86 0 439251 86 0.03938007354736328
85 0 431364 85 0.037378549575805664
0 86 431364 3418 0.12104415893554688
86 0 434868 86 0.03961777687072754
86 0 434954 86 0.037835121154785156
86 0 435040 86 0.03729581832885742
86 0 435126 86 0.037392377853393555
86 0 435212 86 0.037458181381225586
86 0 435298 86 0.0374150276184082
85 0 430039 85 0.03858518600463867
0 86 430039 4096 0.14571070671081543
0 86 434135 2600 0.11869168281555176
86 0 436821 86 0.03953886032104492
86 0 436907 86 0.03863048553466797
86 0 436993 86 0.03799033164978027
86 0 437079 86 0.037980079650878906
86 0 437165 86 0.0380551815032959
86 0 437251 86 0.03799128532409668
86 0 437337 86 0.03796720504760742
86 0 437423 86 0.03795266151428223
86 0 437509 86 0.037854909896850586
86 0 437595 86 0.03781318664550781
86 0 437681 86 0.037827253341674805
86 0 437767 86 0.037790536880493164
86 0 437853 86 0.037798404693603516
86 0 437939 86 0.037806034088134766
86 0 438025 86 0.037862300872802734
86 0 438111 86 0.037830352783203125
86 0 438197 86 0.03779482841491699
86 0 438283 86 0.037802696228027344
86 0 438369 86 0.03786492347717285
85 0 430342 85 0.03752732276916504
0 86 430342 4096 0.14445137977600098
0 86 434438 1278 0.06231212615966797
86 0 435802 86 0.03865647315979004
86 0 435888 86 0.037915945053100586
86 0 435974 86 0.037657737731933594
86 0 436060 86 0.03765416145324707
86 0 436146 86 0.03768157958984375
86 0 436232 86 0.03770732879638672
86 0 436318 86 0.03772687911987305
86 0 436404 86 0.0377197265625
86 0 436490 86 0.03763175010681152
86 0 436576 86 0.037537336349487305
86 0 436662 86 0.03753328323364258
86 0 436748 86 0.03754234313964844
86 0 436834 86 0.037563323974609375
86 0 436920 86 0.03754115104675293
86 0 437006 86 0.03754544258117676
86 0 437092 86 0.03760695457458496
86 0 437178 86 0.037589073181152344
86 0 437264 86 0.03757834434509277
86 0 437350 86 0.03754091262817383
86 0 437436 86 0.03755044937133789
86 0 437522 86 0.037613868713378906
86 0 437608 86 0.03762173652648926
86 0 437694 86 0.03760838508605957
86 0 437780 86 0.037586212158203125
86 0 437866 86 0.037569522857666016
86 0 437952 86 0.037631988525390625
86 0 438038 86 0.0376284122467041
86 0 438124 86 0.03759169578552246
86 0 438210 86 0.03761458396911621
86 0 438296 86 0.03762412071228027
85 0 435497 85 0.036389827728271484
0 86 435497 4096 0.14548063278198242
0 86 439593 489 0.03960275650024414
85 0 435651 85 0.036942481994628906
0 86 435651 4096 0.14554262161254883
0 85 424424 4096 0.14609456062316895
0 87 428520 4096 0.14269018173217773
0 87 432616 3157 0.1207282543182373
87 0 435860 87 0.038910627365112305
87 0 435947 87 0.0369410514831543
87 0 436034 87 0.03631448745727539
87 0 436121 87 0.03610539436340332
87 0 436208 87 0.03610563278198242
87 0 436295 87 0.0361480712890625
87 0 436382 87 0.036138296127319336
87 0 436469 87 0.036177635192871094
87 0 436556 87 0.03610873222351074
87 0 436643 87 0.03589940071105957
87 0 436730 87 0.03590965270996094
87 0 436817 87 0.035970211029052734
87 0 436904 87 0.03598284721374512
87 0 436991 87 0.03597593307495117
87 0 437078 87 0.035973310470581055
87 0 437165 87 0.03598165512084961
87 0 437252 87 0.03597140312194824
87 0 437339 87 0.0359344482421875
87 0 437426 87 0.03597831726074219
87 0 437513 87 0.03603553771972656
86 0 433686 86 0.03642916679382324
86 0 433772 86 0.03632092475891113
86 0 433858 86 0.03634285926818848
86 0 433944 86 0.03638029098510742
86 0 434030 86 0.03638577461242676
86 0 434116 86 0.03641629219055176
86 0 434202 86 0.03634357452392578
86 0 434288 86 0.0363619327545166
86 0 434374 86 0.036394357681274414
86 0 434460 86 0.03640151023864746
86 0 434546 86 0.036435604095458984
86 0 434632 86 0.03638434410095215
86 0 434718 86 0.03638744354248047
86 0 434804 86 0.036461830139160156
86 0 434890 86 0.036426544189453125
86 0 434976 86 0.036429405212402344
86 0 435062 86 0.036406755447387695
86 0 435148 86 0.03640127182006836
86 0 435234 86 0.036414146423339844
86 0 435320 86 0.036440372467041016
86 0 435406 86 0.036479949951171875
85 0 429922 85 0.03693222999572754
0 86 429922 4096 0.14527559280395508
0 86 434018 2192 0.10564398765563965
86 0 436296 86 0.03844594955444336
86 0 436382 86 0.03742170333862305
86 0 436468 86 0.03708696365356445
86 0 436554 86 0.03708195686340332
86 0 436640 86 0.03710770606994629
86 0 436726 86 0.03721117973327637
86 0 436812 86 0.03723573684692383
86 0 436898 86 0.03726482391357422
86 0 436984 86 0.03704404830932617
86 0 437070 86 0.03691577911376953
86 0 437156 86 0.03705120086669922
86 0 437242 86 0.0370023250579834
86 0 437328 86 0.03700971603393555
86 0 437414 86 0.037001848220825195
86 0 437500 86 0.03700113296508789
86 0 437586 86 0.03695368766784668
86 0 437672 86 0.0369563102722168
86 0 437758 86 0.03697633743286133
86 0 437844 86 0.03709292411804199
86 0 437930 86 0.03705143928527832
86 0 438016 86 0.036977529525756836
86 0 438102 86 0.03704237937927246
86 0 438188 86 0.03703594207763672
85 0 433638 85 0.03753185272216797
85 0 433723 85 0.037514448165893555
85 0 433808 85 0.03749227523803711
85 0 433893 85 0.03751540184020996
85 0 433978 85 0.037572383880615234
85 0 434063 85 0.03758120536804199
85 0 434148 85 0.037560224533081055
85 0 434233 85 0.037535905838012695
85 0 434318 85 0.037529706954956055
84 0 430634 84 0.03680539131164551
0 85 430634 4096 0.14594817161560059
0 85 434730 3642 0.15512561798095703
85 0 438457 85 0.03967857360839844
85 0 438542 85 0.03774833679199219
85 0 438627 85 0.036905527114868164
85 0 438712 85 0.03690361976623535
85 0 438797 85 0.03690075874328613
85 0 438882 85 0.03691911697387695
85 0 438967 85 0.037108659744262695
85 0 439052 85 0.037104129791259766
85 0 439137 85 0.03696084022521973
85 0 439222 85 0.03688693046569824
85 0 439307 85 0.0367891788482666
85 0 439392 85 0.03688192367553711
85 0 439477 85 0.036844491958618164
85 0 439562 85 0.036855459213256836
85 0 439647 85 0.03677225112915039
85 0 439732 85 0.03678417205810547
85 0 439817 85 0.03689074516296387
84 0 433635 84 0.035506486892700195
0 85 433635 3363 0.12276434898376465
84 0 431572 84 0.03898787498474121
0 85 431572 4096 0.14637351036071777
0 85 435668 2501 0.11403512954711914
85 0 438254 85 0.0396120548248291
85 0 438339 85 0.03818535804748535
85 0 438424 85 0.037532806396484375
85 0 438509 85 0.03758668899536133
84 0 428583 84 0.036309242248535156
0 84 424341 4095 0.1393299102783203
0 86 428436 4096 0.14200758934020996
0 86 432532 3516 0.13717174530029297
86 0 436134 86 0.03795433044433594
86 0 436220 86 0.03667187690734863
86 0 436306 86 0.03626418113708496
86 0 436392 86 0.03621244430541992
86 0 436478 86 0.03621721267700195
86 0 436564 86 0.036199092864990234
86 0 436650 86 0.03620791435241699
86 0 436736 86 0.036193132400512695
86 0 436822 86 0.03624534606933594
86 0 436908 86 0.03617048263549805
86 0 436994 86 0.03615236282348633
86 0 437080 86 0.036154985427856445
86 0 437166 86 0.03616952896118164
86 0 437252 86 0.036118507385253906
86 0 437338 86 0.03608846664428711
86 0 437424 86 0.03607606887817383
85 0 428360 85 0.035671234130859375
0 86 428360 4096 0.14426684379577637
0 87 432456 4096 0.14583826065063477
0 88 436552 2860 0.11094927787780762
88 0 439500 88 0.03777432441711426
88 0 439588 88 0.03627324104309082
88 0 439676 88 0.03589057922363281
88 0 439764 88 0.03580665588378906
88 0 439852 88 0.03580594062805176
88 0 439940 88 0.0358128547668457
88 0 440028 88 0.03580141067504883
88 0 440116 88 0.03582930564880371
88 0 440204 88 0.03583478927612305
88 0 440292 88 0.03573441505432129
88 0 440380 88 0.03573465347290039
88 0 440468 88 0.03570365905761719
88 0 440556 88 0.035727500915527344
88 0 440644 88 0.03575778007507324
88 0 440732 88 0.03579831123352051
88 0 440820 88 0.035819292068481445
88 0 440908 88 0.035741329193115234
88 0 440996 88 0.03571462631225586
88 0 441084 88 0.035782575607299805
88 0 441172 88 0.035836219787597656
87 0 438201 87 0.035843610763549805
0 88 430982 3998 0.13130736351013184
88 0 435068 88 0.0378565788269043
88 0 435156 88 0.0360560417175293
88 0 435244 88 0.03560161590576172
88 0 435332 88 0.03545260429382324
88 0 435420 88 0.03548121452331543
88 0 435508 88 0.03550601005554199
88 0 435596 88 0.035501956939697266
88 0 435684 88 0.03553175926208496
87 0 432494 87 0.03557896614074707
87 0 432581 87 0.03540539741516113
87 0 432668 87 0.03537154197692871
87 0 432755 87 0.03538250923156738
87 0 432842 87 0.035375356674194336
87 0 432929 87 0.03540444374084473
87 0 433016 87 0.0353701114654541
87 0 433103 87 0.03534245491027832
87 0 433190 87 0.03535890579223633
87 0 433277 87 0.035410404205322266
87 0 433364 87 0.03539252281188965
87 0 433451 87 0.03538846969604492
87 0 433538 87 0.035364627838134766
87 0 433625 87 0.03534984588623047
87 0 433712 87 0.03540945053100586
87 0 433799 87 0.03543972969055176
87 0 433886 87 0.03545951843261719
87 0 433973 87 0.03539323806762695
87 0 434060 87 0.03538680076599121
87 0 434147 87 0.03541898727416992
87 0 434234 87 0.03545784950256348
87 0 434321 87 0.03544759750366211
87 0 434408 87 0.035402536392211914
87 0 434495 87 0.03543686866760254
87 0 434582 87 0.03545713424682617
87 0 434669 87 0.03548932075500488
87 0 434756 87 0.03551363945007324
87 0 434843 87 0.03547048568725586
87 0 434930 87 0.0354466438293457
87 0 435017 87 0.035442352294921875
87 0 435104 87 0.03552842140197754
87 0 435191 87 0.03552722930908203
87 0 435278 87 0.035501718521118164
87 0 435365 87 0.03549051284790039
87 0 435452 87 0.035471439361572266
87 0 435539 87 0.03553175926208496
87 0 435626 87 0.035540103912353516
87 0 435713 87 0.0355069637298584
87 0 435800 87 0.03546738624572754
87 0 435887 87 0.035516977310180664
87 0 435974 87 0.035544633865356445
87 0 436061 87 0.03557896614074707
87 0 436148 87 0.03554391860961914
87 0 436235 87 0.03550529479980469
87 0 436322 87 0.03551530838012695
87 0 436409 87 0.035546302795410156
87 0 436496 87 0.035561323165893555
87 0 436583 87 0.03560185432434082
87 0 436670 87 0.03555774688720703
87 0 436757 87 0.03554201126098633
87 0 436844 87 0.03558802604675293
87 0 436931 87 0.035608530044555664
87 0 437018 87 0.03562164306640625
87 0 437105 87 0.03556656837463379
87 0 437192 87 0.03554940223693848
87 0 437279 87 0.03561043739318848
87 0 437366 87 0.03566169738769531
87 0 437453 87 0.03566098213195801
87 0 437540 87 0.0355830192565918
87 0 437627 87 0.0355830192565918
87 0 437714 87 0.035625457763671875
87 0 437801 87 0.03566765785217285
87 0 437888 87 0.035639286041259766
87 0 437975 87 0.03563332557678223
87 0 438062 87 0.035613059997558594
87 0 438149 87 0.0356295108795166
87 0 438236 87 0.03567981719970703
87 0 438323 87 0.035692691802978516
87 0 438410 87 0.0356597900390625
87 0 438497 87 0.035616397857666016
86 0 433993 86 0.03672528266906738
0 87 433993 4096 0.14483308792114258
0 87 438089 2953 0.1296706199645996
87 0 441129 87 0.03835439682006836
87 0 441216 87 0.036749839782714844
87 0 441303 87 0.03653144836425781
87 0 441390 87 0.036295175552368164
87 0 441477 87 0.03630185127258301
87 0 441564 87 0.036394357681274414
87 0 441651 87 0.036409616470336914
87 0 441738 87 0.03646421432495117
86 0 436167 86 0.037749528884887695
0 87 436167 3331 0.12186336517333984
87 0 439585 87 0.03964066505432129
87 0 439672 87 0.03795814514160156
87 0 439759 87 0.03784489631652832
87 0 439846 87 0.037925004959106445
87 0 439933 87 0.037813425064086914
87 0 440020 87 0.03781867027282715
87 0 440107 87 0.03782534599304199
87 0 440194 87 0.03783154487609863
86 0 438031 86 0.03703022003173828
0 87 438031 3837 0.134718656539917
86 0 433947 86 0.03884315490722656
0 87 433947 4096 0.14506745338439941
0 87 438043 2143 0.10281825065612793
87 0 440273 87 0.03835439682006836
87 0 440360 87 0.03737306594848633
87 0 440447 87 0.03711080551147461
86 0 433430 86 0.03738260269165039
0 87 433430 4096 0.14531612396240234
0 87 437526 1538 0.08330988883972168
87 0 439151 87 0.038265228271484375
87 0 439238 87 0.03780317306518555
87 0 439325 87 0.03740215301513672
86 0 433729 86 0.037871360778808594
0 87 433729 4096 0.14735198020935059
0 87 437825 3977 0.16263508796691895
86 0 437365 86 0.03931546211242676
0 87 437365 2781 0.10452103614807129
87 0 440233 87 0.03930521011352539
87 0 440320 87 0.03807210922241211
86 0 433991 86 0.03605818748474121
0 88 433991 4096 0.138594388961792
0 88 438087 3428 0.13624358177185059
88 0 441603 88 0.0380702018737793
88 0 441691 88 0.03646111488342285
88 0 441779 88 0.03595924377441406
88 0 441867 88 0.03597378730773926
88 0 441955 88 0.03595709800720215
88 0 442043 88 0.03596830368041992
88 0 442131 88 0.035924673080444336
88 0 442219 88 0.03595161437988281
88 0 442307 88 0.03596782684326172
88 0 442395 88 0.03586888313293457
88 0 442483 88 0.03584885597229004
86 0 432793 86 0.03728747367858887
86 0 432879 86 0.0372776985168457
86 0 432965 86 0.03729534149169922
86 0 433051 86 0.03731584548950195
86 0 433137 86 0.0373539924621582
86 0 433223 86 0.03730583190917969
86 0 433309 86 0.037290334701538086
86 0 433395 86 0.03734755516052246
86 0 433481 86 0.03738594055175781
86 0 433567 86 0.037380218505859375
86 0 433653 86 0.037343740463256836
86 0 433739 86 0.03734469413757324
86 0 433825 86 0.03733992576599121
86 0 433911 86 0.03738045692443848
86 0 433997 86 0.037386417388916016
86 0 434083 86 0.037381649017333984
86 0 434169 86 0.03736424446105957
86 0 434255 86 0.03740668296813965
86 0 434341 86 0.037453651428222656
86 0 434427 86 0.03742384910583496
86 0 434513 86 0.037369489669799805
86 0 434599 86 0.03737473487854004
85 0 427235 85 0.037334442138671875
0 86 427235 4096 0.14402222633361816
0 86 431331 4096 0.1712932586669922
0 87 435427 3111 0.11519718170166016
87 0 438625 87 0.0386044979095459
87 0 438712 87 0.03693389892578125
87 0 438799 87 0.03641700744628906
87 0 438886 87 0.036452293395996094
87 0 438973 87 0.03646111488342285
87 0 439060 87 0.03647780418395996
87 0 439147 87 0.03643488883972168
87 0 439234 87 0.03643441200256348
87 0 439321 87 0.03653907775878906
87 0 439408 87 0.036325931549072266
87 0 439495 87 0.03631711006164551
87 0 439582 87 0.036261558532714844
87 0 439669 87 0.03626751899719238
87 0 439756 87 0.036272525787353516
87 0 439843 87 0.03628134727478027
87 0 439930 87 0.036305904388427734
87 0 440017 87 0.03632640838623047
86 0 434681 86 0.036936044692993164
0 87 434681 3305 0.11773681640625
87 0 438073 87 0.038870811462402344
87 0 438160 87 0.037706613540649414
87 0 438247 87 0.03715991973876953
86 0 435786 86 0.0381772518157959
86 0 435872 86 0.038184165954589844
86 0 435958 86 0.038162946701049805
86 0 436044 86 0.03821516036987305
86 0 436130 86 0.03824138641357422
86 0 436216 86 0.0382075309753418
86 0 436302 86 0.03802752494812012
86 0 436388 86 0.038068532943725586
86 0 436474 86 0.038056135177612305
86 0 436560 86 0.03801846504211426
86 0 436646 86 0.03802752494812012
86 0 436732 86 0.03806328773498535
85 0 431095 85 0.03647279739379883
0 86 431095 4096 0.14539694786071777
0 86 435191 2768 0.12255167961120605
86 0 438045 86 0.0401153564453125
86 0 438131 86 0.03849053382873535
86 0 438217 86 0.0381464958190918
86 0 438303 86 0.038098812103271484
86 0 438389 86 0.038072824478149414
86 0 438475 86 0.038121938705444336
86 0 438561 86 0.03808283805847168
86 0 438647 86 0.03806281089782715
86 0 438733 86 0.038065195083618164
86 0 438819 86 0.03807425498962402
86 0 438905 86 0.03800225257873535
86 0 438991 86 0.03793597221374512
86 0 439077 86 0.0379488468170166
86 0 439163 86 0.0381016731262207
86 0 439249 86 0.038084983825683594
86 0 439335 86 0.0380096435546875
86 0 439421 86 0.03798508644104004
85 0 435887 85 0.037949562072753906
0 86 435887 1923 0.08300542831420898
86 0 437896 86 0.04051518440246582
86 0 437982 86 0.03853130340576172
86 0 438068 86 0.038187503814697266
86 0 438154 86 0.03818941116333008
86 0 438240 86 0.03817582130432129
86 0 438326 86 0.03818798065185547
86 0 438412 86 0.03816986083984375
86 0 438498 86 0.038196563720703125
86 0 438584 86 0.03813958168029785
86 0 438670 86 0.038051605224609375
86 0 438756 86 0.03806662559509277
86 0 438842 86 0.03806138038635254
86 0 438928 86 0.03805184364318848
86 0 439014 86 0.03801393508911133
86 0 439100 86 0.03804779052734375
86 0 439186 86 0.038082122802734375
86 0 439272 86 0.038111209869384766
86 0 439358 86 0.038034915924072266
86 0 439444 86 0.03806185722351074
86 0 439530 86 0.03806614875793457
85 0 433154 85 0.03744673728942871
0 86 433154 4096 0.14473462104797363
0 87 437250 3549 0.1310138702392578
87 0 440886 87 0.03885817527770996
87 0 440973 87 0.03714346885681152
87 0 441060 87 0.036837100982666016
87 0 441147 87 0.03685569763183594
87 0 441234 87 0.036832571029663086
86 0 438785 86 0.03885650634765625
86 0 438871 86 0.03900766372680664
86 0 438957 86 0.038964033126831055
86 0 439043 86 0.03881192207336426
86 0 439129 86 0.03866243362426758
86 0 439215 86 0.038664817810058594
86 0 439301 86 0.03870797157287598
86 0 439387 86 0.03870534896850586
86 0 439473 86 0.03868436813354492
86 0 439559 86 0.03870749473571777
86 0 439645 86 0.03873276710510254
86 0 439731 86 0.03874635696411133
86 0 439817 86 0.03873300552368164
86 0 439903 86 0.03871798515319824
86 0 439989 86 0.03873157501220703
85 0 432602 85 0.038313865661621094
0 86 432602 4096 0.14450359344482422
0 87 436698 3979 0.14252972602844238
87 0 440764 87 0.04111003875732422
87 0 440851 87 0.039252281188964844
87 0 440938 87 0.03849291801452637
87 0 441025 87 0.038471221923828125
87 0 441112 87 0.03849077224731445
87 0 441199 87 0.03847956657409668
86 0 434238 86 0.03909420967102051
0 87 434238 4096 0.14391326904296875
0 87 438334 2449 0.11307477951049805
87 0 440870 87 0.04007363319396973
87 0 440957 87 0.039066314697265625
87 0 441044 87 0.03873181343078613
87 0 441131 87 0.03865337371826172
87 0 441218 87 0.03861856460571289
87 0 441305 87 0.038632869720458984
87 0 441392 87 0.03867697715759277
87 0 441479 87 0.03861689567565918
87 0 441566 87 0.038632869720458984
86 0 439212 86 0.03756213188171387
0 87 439212 2583 0.10054302215576172
87 0 441882 87 0.03960728645324707
86 0 434639 86 0.0396883487701416
0 86 429112 4095 0.1400470733642578
0 87 433207 4096 0.1654987335205078
0 87 437303 810 0.048248291015625
87 0 438200 87 0.03798413276672363
87 0 438287 87 0.03772711753845215
87 0 438374 87 0.037534236907958984
87 0 438461 87 0.03760218620300293
87 0 438548 87 0.03760981559753418
87 0 438635 87 0.03756833076477051
87 0 438722 87 0.03759622573852539
87 0 438809 87 0.03760194778442383
87 0 438896 87 0.03742647171020508
87 0 438983 87 0.0374753475189209
87 0 439070 87 0.03745412826538086
87 0 439157 87 0.03747105598449707
87 0 439244 87 0.037450551986694336
87 0 439331 87 0.03740358352661133
87 0 439418 87 0.03741645812988281
87 0 439505 87 0.037477731704711914
87 0 439592 87 0.037502288818359375
87 0 439679 87 0.03748607635498047
86 0 432723 86 0.03662395477294922
0 87 432723 4096 0.14511346817016602
0 87 436819 2911 0.12716460227966309
87 0 439817 87 0.03873443603515625
87 0 439904 87 0.03747129440307617
87 0 439991 87 0.03682732582092285
87 0 440078 87 0.036843299865722656
87 0 440165 87 0.036827802658081055
86 0 434903 86 0.03684496879577637
0 87 434903 2950 0.11298251152038574
87 0 437940 87 0.039795875549316406
87 0 438027 87 0.0375523567199707
87 0 438114 87 0.036958932876586914
87 0 438201 87 0.03695940971374512
87 0 438288 87 0.03699374198913574
87 0 438375 87 0.03711700439453125
87 0 438462 87 0.03707480430603027
87 0 438549 87 0.03696727752685547
87 0 438636 87 0.036907196044921875
87 0 438723 87 0.036765336990356445
87 0 438810 87 0.03674054145812988
87 0 438897 87 0.03673505783081055
86 0 432388 86 0.03675532341003418
0 86 430510 4095 0.13941526412963867
0 86 430421 4096 0.1659412384033203
0 86 434517 4096 0.1506199836730957
0 86 438613 134 0.03070974349975586
86 0 438833 86 0.037160634994506836
86 0 438919 86 0.03683662414550781
86 0 439005 86 0.03668379783630371
86 0 439091 86 0.03671550750732422
86 0 439177 86 0.036695241928100586
86 0 439263 86 0.03670096397399902
86 0 439349 86 0.03668808937072754
86 0 439435 86 0.036681175231933594
86 0 439521 86 0.036560773849487305
86 0 439607 86 0.03655862808227539
86 0 439693 86 0.03650188446044922
86 0 439779 86 0.03655266761779785
86 0 439865 86 0.0366053581237793
86 0 439951 86 0.03658413887023926
86 0 440037 86 0.03656601905822754
86 0 440123 86 0.03655576705932617
86 0 440209 86 0.03657341003417969
86 0 440295 86 0.03660726547241211
86 0 440381 86 0.03661084175109863
86 0 440467 86 0.03657078742980957
86 0 440553 86 0.03658151626586914
86 0 440639 86 0.03665423393249512
86 0 440725 86 0.03662729263305664
86 0 440811 86 0.03662276268005371
85 0 435256 85 0.038558006286621094
0 86 435256 4096 0.14546537399291992
0 86 439352 832 0.0513153076171875
86 0 440270 86 0.03966546058654785
86 0 440356 86 0.03884577751159668
86 0 440442 86 0.03874492645263672
86 0 440528 86 0.03885006904602051
86 0 440614 86 0.038877248764038086
86 0 440700 86 0.03888225555419922
86 0 440786 86 0.038739919662475586
86 0 440872 86 0.03877592086791992
86 0 440958 86 0.03873610496520996
85 0 438891 85 0.03730416297912598
0 86 438891 2238 0.09156250953674316
86 0 441215 86 0.03919863700866699
86 0 441301 86 0.037917137145996094
86 0 441387 86 0.03747892379760742
86 0 441473 86 0.037499189376831055
86 0 441559 86 0.03748440742492676
86 0 441645 86 0.0375370979309082
86 0 441731 86 0.03754138946533203
86 0 441817 86 0.03753662109375
86 0 441903 86 0.03745603561401367
85 0 439050 85 0.03694009780883789
0 86 439050 2748 0.10422730445861816
86 0 441884 86 0.038938045501708984
86 0 441970 86 0.03739619255065918
86 0 442056 86 0.03717923164367676
86 0 442142 86 0.03716564178466797
86 0 442228 86 0.03716731071472168
86 0 442314 86 0.037122249603271484
85 0 434443 85 0.03758740425109863
0 86 434443 4096 0.14587855339050293
0 86 438539 588 0.04618239402770996
86 0 439213 86 0.03823232650756836
86 0 439299 86 0.03767681121826172
85 0 435714 85 0.03508305549621582
0 86 435714 4096 0.14533090591430664
0 86 439810 1362 0.06675958633422852
86 0 441258 86 0.037381649017333984
86 0 441344 86 0.03646135330200195
85 0 434149 85 0.03762412071228027
0 86 434149 4096 0.1446843147277832
0 86 438245 1771 0.08800339698791504
86 0 440102 86 0.038881778717041016
85 0 435477 85 0.03837943077087402
85 0 435562 85 0.03801321983337402
85 0 435647 85 0.03793907165527344
85 0 435732 85 0.037986040115356445
85 0 435817 85 0.038047075271606445
85 0 435902 85 0.03804206848144531
85 0 435987 85 0.03798389434814453
85 0 436072 85 0.03801894187927246
85 0 436157 85 0.037886857986450195
85 0 436242 85 0.037786006927490234
85 0 436327 85 0.0378117561340332
85 0 436412 85 0.03792881965637207
85 0 436497 85 0.03793621063232422
85 0 436582 85 0.037892818450927734
85 0 436667 85 0.037862539291381836
85 0 436752 85 0.03792524337768555
85 0 436837 85 0.03797268867492676
85 0 436922 85 0.03795433044433594
85 0 437007 85 0.03791308403015137
85 0 437092 85 0.0378878116607666
85 0 437177 85 0.0379638671875
85 0 437262 85 0.03799700736999512
84 0 435804 84 0.03560638427734375
84 0 435888 84 0.035491228103637695
84 0 435972 84 0.03550601005554199
84 0 436056 84 0.035565853118896484
84 0 436140 84 0.03559112548828125
84 0 436224 84 0.035569190979003906
84 0 436308 84 0.035553932189941406
84 0 436392 84 0.03551673889160156
84 0 436476 84 0.03556418418884277
84 0 436560 84 0.03557729721069336
84 0 436644 84 0.03560376167297363
84 0 436728 84 0.035547733306884766
84 0 436812 84 0.03558492660522461
84 0 436896 84 0.03553652763366699
84 0 436980 84 0.03561830520629883
84 0 437064 84 0.03561282157897949
84 0 437148 84 0.03560686111450195
84 0 437232 84 0.03561735153198242
84 0 437316 84 0.03557538986206055
84 0 437400 84 0.035688161849975586
84 0 437484 84 0.03570103645324707
84 0 437568 84 0.03560829162597656
84 0 437652 84 0.035584449768066406
84 0 437736 84 0.03564190864562988
84 0 437820 84 0.03567194938659668
84 0 437904 84 0.035665273666381836
84 0 437988 84 0.03571295738220215
84 0 438072 84 0.03563404083251953
84 0 438156 84 0.03563833236694336
84 0 438240 84 0.03566884994506836
83 0 433546 83 0.03706169128417969
0 83 425489 4095 0.14071369171142578
0 84 429584 4096 0.1598055362701416
0 84 433680 4096 0.15180253982543945
0 84 437776 2506 0.11559557914733887
84 0 440366 84 0.03913426399230957
84 0 440450 84 0.03783130645751953
84 0 440534 84 0.03733110427856445
82 0 431096 82 0.03937959671020508
0 84 431096 4096 0.14440131187438965
0 85 435192 4096 0.14335060119628906
0 85 439288 1954 0.0853111743927002
85 0 441327 85 0.040906429290771484
85 0 441412 85 0.04009723663330078
84 0 438330 84 0.0387876033782959
84 0 438414 84 0.03888225555419922
84 0 438498 84 0.03887200355529785
84 0 438582 84 0.03889822959899902
84 0 438666 84 0.03885459899902344
84 0 438750 84 0.0388491153717041
84 0 438834 84 0.038739919662475586
84 0 438918 84 0.038765907287597656
84 0 439002 84 0.03873133659362793
83 0 435277 83 0.03557562828063965
83 0 435360 83 0.035575151443481445
83 0 435443 83 0.035608768463134766
83 0 435526 83 0.03554964065551758
83 0 435609 83 0.03557562828063965
83 0 435692 83 0.03561067581176758
83 0 435775 83 0.035614728927612305
83 0 435858 83 0.03561758995056152
83 0 435941 83 0.03557848930358887
83 0 436024 83 0.0355684757232666
83 0 436107 83 0.03559589385986328
83 0 436190 83 0.03562211990356445
83 0 436273 83 0.03563714027404785
83 0 436356 83 0.03559756278991699
83 0 436439 83 0.03561043739318848
83 0 436522 83 0.035614967346191406
83 0 436605 83 0.03563332557678223
83 0 436688 83 0.03563499450683594
83 0 436771 83 0.03562808036804199
83 0 436854 83 0.03562808036804199
83 0 436937 83 0.035634517669677734
83 0 437020 83 0.03567957878112793
83 0 437103 83 0.03568625450134277
83 0 437186 83 0.03565835952758789
83 0 437269 83 0.035633087158203125
83 0 437352 83 0.03566265106201172
83 0 437435 83 0.03571128845214844
82 0 429229 82 0.03852391242980957
0 83 429229 4096 0.14543938636779785
0 84 433325 4096 0.14757394790649414
0 84 437421 2392 0.10869693756103516
84 0 439897 84 0.03977036476135254
84 0 439981 84 0.038942575454711914
84 0 440065 84 0.03869366645812988
84 0 440149 84 0.038663387298583984
84 0 440233 84 0.03870129585266113
84 0 440317 84 0.03880953788757324
84 0 440401 84 0.03878140449523926
84 0 440485 84 0.03879690170288086
84 0 440569 84 0.038604021072387695
84 0 440653 84 0.03861069679260254
83 0 431977 83 0.03636884689331055
0 84 431977 4096 0.1450035572052002
0 84 432482 2642 0.10416507720947266
84 0 435208 84 0.03754591941833496
84 0 435292 84 0.0365602970123291
84 0 435376 84 0.03634047508239746
84 0 435460 84 0.03637123107910156
84 0 435544 84 0.036482810974121094
84 0 435628 84 0.03645610809326172
84 0 435712 84 0.03645753860473633
84 0 435796 84 0.03636312484741211
84 0 435880 84 0.03635573387145996
84 0 435964 84 0.0361635684967041
84 0 436048 84 0.036193132400512695
84 0 436132 84 0.036185503005981445
84 0 436216 84 0.036266326904296875
84 0 436300 84 0.036228179931640625
84 0 436384 84 0.03621506690979004
84 0 436468 84 0.03618764877319336
84 0 436552 84 0.03622937202453613
84 0 436636 84 0.036295175552368164
84 0 436720 84 0.03627920150756836
84 0 436804 84 0.03626751899719238
84 0 436888 84 0.036220550537109375
84 0 436972 84 0.036220550537109375
84 0 437056 84 0.036270856857299805
84 0 437140 84 0.036286115646362305
84 0 437224 84 0.03633761405944824
84 0 437308 84 0.03626728057861328
84 0 437392 84 0.03625774383544922
84 0 437476 84 0.036339759826660156
84 0 437560 84 0.0363156795501709
84 0 437644 84 0.03631019592285156
84 0 437728 84 0.036287546157836914
84 0 437812 84 0.03628110885620117
84 0 437896 84 0.03633928298950195
84 0 437980 84 0.036351680755615234
84 0 438064 84 0.03638148307800293
84 0 438148 84 0.03631258010864258
84 0 438232 84 0.03630971908569336
84 0 438316 84 0.036345481872558594
84 0 438400 84 0.036379098892211914
84 0 438484 84 0.03637051582336426
84 0 438568 84 0.03636431694030762
84 0 438652 84 0.03634929656982422
84 0 438736 84 0.036383867263793945
84 0 438820 84 0.03641915321350098
84 0 438904 84 0.03641915321350098
84 0 438988 84 0.0363612174987793
84 0 439072 84 0.03636002540588379
84 0 439156 84 0.03641939163208008
84 0 439240 84 0.03643655776977539
83 0 437040 83 0.03712797164916992
0 84 437040 2074 0.08800959587097168
84 0 439198 84 0.038469552993774414
84 0 439282 84 0.03774595260620117
84 0 439366 84 0.03730320930480957
84 0 439450 84 0.037317514419555664
84 0 439534 84 0.0373234748840332
84 0 439618 84 0.037372589111328125
84 0 439702 84 0.037372589111328125
84 0 439786 84 0.0373685359954834
84 0 439870 84 0.037294626235961914
84 0 439954 84 0.03719520568847656
84 0 440038 84 0.037191152572631836
84 0 440122 84 0.0372159481048584
84 0 440206 84 0.037188053131103516
84 0 440290 84 0.03719735145568848
84 0 440374 84 0.03720283508300781
84 0 440458 84 0.037186622619628906
84 0 440542 84 0.03719377517700195
84 0 440626 84 0.03722643852233887
84 0 440710 84 0.03722214698791504
83 0 433010 83 0.035849571228027344
0 84 433010 4096 0.14482593536376953
0 85 437106 3060 0.12167119979858398
85 0 440251 85 0.038095712661743164
85 0 440336 85 0.03670644760131836
85 0 440421 85 0.036376237869262695
84 0 431702 84 0.037432193756103516
0 85 431702 4096 0.1454155445098877
0 85 435798 1844 0.09046792984008789
84 0 432549 84 0.039017677307128906
0 86 432549 3819 0.12917709350585938
86 0 436454 86 0.039414167404174805
86 0 436540 86 0.03777813911437988
86 0 436626 86 0.03751373291015625
86 0 436712 86 0.03757739067077637
86 0 436798 86 0.037587642669677734
86 0 436884 86 0.03762197494506836
86 0 436970 86 0.037636518478393555
86 0 437056 86 0.037657737731933594
86 0 437142 86 0.03757023811340332
86 0 437228 86 0.03736376762390137
86 0 437314 86 0.037431955337524414
86 0 437400 86 0.03741788864135742
86 0 437486 86 0.037468910217285156
86 0 437572 86 0.037500619888305664
86 0 437658 86 0.03753781318664551
86 0 437744 86 0.03745698928833008
86 0 437830 86 0.0374903678894043
86 0 437916 86 0.03751349449157715
86 0 438002 86 0.037546396255493164
86 0 438088 86 0.03756380081176758
86 0 438174 86 0.037459373474121094
86 0 438260 86 0.037456512451171875
86 0 438346 86 0.037523508071899414
86 0 438432 86 0.037575483322143555
86 0 438518 86 0.03759312629699707
86 0 438604 86 0.03749799728393555
86 0 438690 86 0.037496089935302734
86 0 438776 86 0.03755927085876465
86 0 438862 86 0.03761577606201172
86 0 438948 86 0.037598371505737305
86 0 439034 86 0.03751373291015625
86 0 439120 86 0.037537336349487305
86 0 439206 86 0.037590980529785156
86 0 439292 86 0.03762340545654297
86 0 439378 86 0.03764057159423828
86 0 439464 86 0.037549495697021484
86 0 439550 86 0.03755545616149902
86 0 439636 86 0.03762102127075195
86 0 439722 86 0.03762221336364746
86 0 439808 86 0.037580013275146484
86 0 439894 86 0.03760933876037598
86 0 439980 86 0.03759145736694336
86 0 440066 86 0.03767704963684082
86 0 440152 86 0.03769278526306152
85 0 434411 85 0.03703951835632324
0 86 434411 2477 0.09738969802856445
86 0 436974 86 0.03846549987792969
86 0 437060 86 0.03781485557556152
86 0 437146 86 0.0373692512512207
86 0 437232 86 0.03739738464355469
86 0 437318 86 0.037285804748535156
86 0 437404 86 0.03723883628845215
86 0 437490 86 0.03723406791687012
86 0 437576 86 0.037281036376953125
86 0 437662 86 0.03727602958679199
85 0 431194 85 0.0371401309967041
0 86 431194 4096 0.14591622352600098
0 86 435290 3743 0.15755510330200195
86 0 439119 86 0.03980612754821777
86 0 439205 86 0.038076162338256836
86 0 439291 86 0.037236690521240234
86 0 439377 86 0.03721117973327637
86 0 439463 86 0.03716921806335449
86 0 439549 86 0.03719019889831543
86 0 439635 86 0.037293434143066406
85 0 434483 85 0.037535905838012695
0 86 434483 2148 0.08927750587463379
86 0 436717 86 0.03930926322937012
86 0 436803 86 0.037859439849853516
86 0 436889 86 0.03756999969482422
86 0 436975 86 0.03751850128173828
86 0 437061 86 0.03752279281616211
86 0 437147 86 0.03756141662597656
86 0 437233 86 0.0375971794128418
86 0 437319 86 0.037612199783325195
86 0 437405 86 0.037473201751708984
86 0 437491 86 0.03733420372009277
86 0 437577 86 0.037397146224975586
86 0 437663 86 0.03742527961730957
86 0 437749 86 0.0374300479888916
86 0 437835 86 0.03739118576049805
85 0 430501 85 0.03792595863342285
0 86 430501 4096 0.14503860473632812
0 86 429095 4096 0.14696645736694336
0 85 429050 4096 0.16681814193725586
0 85 433146 977 0.05748891830444336
85 0 434208 85 0.03951120376586914
85 0 434293 85 0.03849220275878906
85 0 434378 85 0.03816556930541992
85 0 434463 85 0.03818941116333008
85 0 434548 85 0.038102149963378906
85 0 434633 85 0.03815865516662598
85 0 434718 85 0.03818559646606445
85 0 434803 85 0.038263797760009766
85 0 434888 85 0.03820633888244629
85 0 434973 85 0.038091182708740234
84 0 427527 84 0.03683185577392578
0 85 427527 4096 0.14536786079406738
0 86 431623 4096 0.16727161407470703
0 87 435719 4096 0.14133977890014648
0 86 423220 4096 0.1454927921295166
0 87 427316 4096 0.15181875228881836
0 88 431412 4096 0.14562249183654785
0 88 435508 2460 0.10938000679016113
88 0 438056 88 0.039485931396484375
88 0 438144 88 0.037966012954711914
88 0 438232 88 0.03725242614746094
88 0 438320 88 0.03705310821533203
88 0 438408 88 0.037052154541015625
88 0 438496 88 0.03707480430603027
88 0 438584 88 0.03711700439453125
88 0 438672 88 0.03713417053222656
87 0 430837 87 0.03529024124145508
0 88 430837 4096 0.14837312698364258
0 88 434933 825 0.05128812789916992
88 0 435846 88 0.03606557846069336
88 0 435934 88 0.035344600677490234
88 0 436022 88 0.03525424003601074
88 0 436110 88 0.035271644592285156
88 0 436198 88 0.03526163101196289
88 0 436286 88 0.0353543758392334
88 0 436374 88 0.03534555435180664
88 0 436462 88 0.03530716896057129
88 0 436550 88 0.03529500961303711
88 0 436638 88 0.03517031669616699
88 0 436726 88 0.03515338897705078
88 0 436814 88 0.03517293930053711
88 0 436902 88 0.035195112228393555
88 0 436990 88 0.0352168083190918
88 0 437078 88 0.03523588180541992
88 0 437166 88 0.035126686096191406
88 0 437254 88 0.03516221046447754
88 0 437342 88 0.03516554832458496
88 0 437430 88 0.03523087501525879
88 0 437518 88 0.035254478454589844
88 0 437606 88 0.03519177436828613
88 0 437694 88 0.035176753997802734
88 0 437782 88 0.035167694091796875
88 0 437870 88 0.03529977798461914
88 0 437958 88 0.03528642654418945
88 0 438046 88 0.03521323204040527
88 0 438134 88 0.0351719856262207
88 0 438222 88 0.03525686264038086
88 0 438310 88 0.03528738021850586
88 0 438398 88 0.03527522087097168
88 0 438486 88 0.035273075103759766
88 0 438574 88 0.03522634506225586
88 0 438662 88 0.03523612022399902
88 0 438750 88 0.03524899482727051
88 0 438838 88 0.03531455993652344
88 0 438926 88 0.03531384468078613
88 0 439014 88 0.03531002998352051
88 0 439102 88 0.03530454635620117
88 0 439190 88 0.03531312942504883
88 0 439278 88 0.0353093147277832
88 0 439366 88 0.035338640213012695
87 0 434153 87 0.03566408157348633
0 88 434153 1756 0.0754549503326416
88 0 435997 88 0.03716588020324707
88 0 436085 88 0.03638458251953125
88 0 436173 88 0.035864830017089844
88 0 436261 88 0.03584599494934082
88 0 436349 88 0.035856008529663086
88 0 436437 88 0.03587484359741211
88 0 436525 88 0.03588700294494629
88 0 436613 88 0.03586554527282715
88 0 436701 88 0.03591132164001465
88 0 436789 88 0.03578305244445801
88 0 436877 88 0.03578591346740723
88 0 436965 88 0.03577136993408203
88 0 437053 88 0.03574037551879883
88 0 437141 88 0.03572511672973633
88 0 437229 88 0.03575730323791504
88 0 437317 88 0.03574728965759277
88 0 437405 88 0.03577160835266113
88 0 437493 88 0.03573417663574219
88 0 437581 88 0.035732269287109375
88 0 437669 88 0.03571891784667969
88 0 437757 88 0.035775184631347656
88 0 437845 88 0.035755157470703125
88 0 437933 88 0.035771846771240234
88 0 438021 88 0.03573417663574219
88 0 438109 88 0.03577446937561035
88 0 438197 88 0.035806894302368164
88 0 438285 88 0.0358128547668457
88 0 438373 88 0.03577876091003418
88 0 438461 88 0.035797834396362305
88 0 438549 88 0.03576970100402832
88 0 438637 88 0.03581857681274414
88 0 438725 88 0.03582882881164551
87 0 432150 87 0.035729408264160156
0 88 432150 4096 0.14523649215698242
0 88 429805 4096 0.14895939826965332
0 88 433901 3970 0.1542527675628662
88 0 437959 88 0.037065982818603516
88 0 438047 88 0.03575253486633301
88 0 438135 88 0.035453081130981445
88 0 438223 88 0.035422325134277344
88 0 438311 88 0.03543543815612793
88 0 438399 88 0.03545856475830078
88 0 438487 88 0.03546476364135742
88 0 438575 88 0.03545784950256348
88 0 438663 88 0.03554081916809082
87 0 429304 87 0.03552699089050293
0 88 429304 4096 0.14546775817871094
0 89 433400 4096 0.15025973320007324
0 89 437496 3712 0.14568758010864258
89 0 441297 89 0.04121732711791992
89 0 441386 89 0.038320064544677734
88 0 437854 88 0.036020517349243164
0 89 437854 3301 0.11911487579345703
88 0 435109 88 0.041628122329711914
0 89 435109 4096 0.14556550979614258
0 89 439205 2313 0.11062216758728027
89 0 441607 89 0.04156494140625
89 0 441696 89 0.039694786071777344
89 0 441785 89 0.03945493698120117
89 0 441874 89 0.03948354721069336
89 0 441963 89 0.03950667381286621
88 0 436013 88 0.03899073600769043
0 89 436013 4096 0.14573049545288086
0 89 440109 1750 0.08815908432006836
88 0 434524 88 0.03817296028137207
0 89 434524 4096 0.14472079277038574
0 89 438620 1975 0.09521889686584473
89 0 440684 89 0.03974175453186035
89 0 440773 89 0.03834962844848633
89 0 440862 89 0.03808784484863281
89 0 440951 89 0.038046836853027344
89 0 441040 89 0.03801918029785156
89 0 441129 89 0.03804445266723633
89 0 441218 89 0.03806328773498535
88 0 434510 88 0.036736488342285156
0 89 434510 1887 0.07881522178649902
88 0 431190 88 0.03782916069030762
0 89 431190 4096 0.14527511596679688
0 89 435286 1203 0.0618441104888916
89 0 436578 89 0.03885698318481445
89 0 436667 89 0.037419795989990234
89 0 436756 89 0.0372166633605957
89 0 436845 89 0.03706097602844238
89 0 436934 89 0.03705406188964844
89 0 437023 89 0.0370478630065918
89 0 437112 89 0.037085771560668945
89 0 437201 89 0.03710579872131348
88 0 428520 88 0.036150217056274414
0 89 428520 4096 0.14511322975158691
0 90 432616 4096 0.15327191352844238
0 90 436712 4096 0.15911364555358887
0 90 440808 1099 0.06146073341369629
90 0 441997 90 0.03855776786804199
90 0 442087 90 0.03746843338012695
90 0 442177 90 0.03724265098571777
88 0 433364 88 0.037195682525634766
0 89 433364 1375 0.058236122131347656
89 0 434828 89 0.03950333595275879
89 0 434917 89 0.03789472579956055
89 0 435006 89 0.03742051124572754
89 0 435095 89 0.037140607833862305
89 0 435184 89 0.03713655471801758
89 0 435273 89 0.03718900680541992
89 0 435362 89 0.03719615936279297
89 0 435451 89 0.03721117973327637
89 0 435540 89 0.0371851921081543
89 0 435629 89 0.03705620765686035
89 0 435718 89 0.03708243370056152
89 0 435807 89 0.03705883026123047
89 0 435896 89 0.037050724029541016
89 0 435985 89 0.03707098960876465
89 0 436074 89 0.03706169128417969
89 0 436163 89 0.0370180606842041
88 0 428882 88 0.03604912757873535
0 90 428882 4096 0.13841676712036133
0 91 432978 3402 0.12124824523925781
91 0 436471 91 0.04000973701477051
91 0 436562 91 0.03786444664001465
91 0 436653 91 0.03765583038330078
91 0 436744 91 0.03740978240966797
90 0 432275 90 0.03777265548706055
0 91 432275 1232 0.05381941795349121
91 0 433598 91 0.038722991943359375
91 0 433689 91 0.037842512130737305
91 0 433780 91 0.03777575492858887
91 0 433871 91 0.03783440589904785
91 0 433962 91 0.0378727912902832
91 0 434053 91 0.03790593147277832
91 0 434144 91 0.03782343864440918
91 0 434235 91 0.03779101371765137
91 0 434326 91 0.03769278526306152
91 0 434417 91 0.03775501251220703
91 0 434508 91 0.03780007362365723
91 0 434599 91 0.03770637512207031
91 0 434690 91 0.037609100341796875
91 0 434781 91 0.03770804405212402
91 0 434872 91 0.037789106369018555
91 0 434963 91 0.03776741027832031
91 0 435054 91 0.037740468978881836
91 0 435145 91 0.037711381912231445
91 0 435236 91 0.037735700607299805
91 0 435327 91 0.03780221939086914
91 0 435418 91 0.03779172897338867
91 0 435509 91 0.03775763511657715
91 0 435600 91 0.03775167465209961
91 0 435691 91 0.037786006927490234
91 0 435782 91 0.037813663482666016
91 0 435873 91 0.037847042083740234
91 0 435964 91 0.03773951530456543
91 0 436055 91 0.03774118423461914
91 0 436146 91 0.037778377532958984
91 0 436237 91 0.03785824775695801
91 0 436328 91 0.037868499755859375
91 0 436419 91 0.03777670860290527
91 0 436510 91 0.03778886795043945
91 0 436601 91 0.037839651107788086
91 0 436692 91 0.03785562515258789
91 0 436783 91 0.03786492347717285
91 0 436874 91 0.03776407241821289
91 0 436965 91 0.037789106369018555
91 0 437056 91 0.03789067268371582
91 0 437147 91 0.03790116310119629
91 0 437238 91 0.037897586822509766
91 0 437329 91 0.037807464599609375
91 0 437420 91 0.03782844543457031
91 0 437511 91 0.03790688514709473
91 0 437602 91 0.03789973258972168
91 0 437693 91 0.037925004959106445
91 0 437784 91 0.03785848617553711
91 0 437875 91 0.037854671478271484
91 0 437966 91 0.03793954849243164
91 0 438057 91 0.037960052490234375
91 0 438148 91 0.03789663314819336
91 0 438239 91 0.03787040710449219
91 0 438330 91 0.037859201431274414
91 0 438421 91 0.037987709045410156
91 0 438512 91 0.03796648979187012
91 0 438603 91 0.037926673889160156
91 0 438694 91 0.03792309761047363
91 0 438785 91 0.03794693946838379
91 0 438876 91 0.037999868392944336
90 0 434792 90 0.03796648979187012
90 0 434882 90 0.037934303283691406
90 0 434972 90 0.03790926933288574
90 0 435062 90 0.03799629211425781
90 0 435152 90 0.0380399227142334
90 0 435242 90 0.038031816482543945
90 0 435332 90 0.037956953048706055
90 0 435422 90 0.03795194625854492
90 0 435512 90 0.03800654411315918
90 0 435602 90 0.03804516792297363
90 0 435692 90 0.038039207458496094
89 0 429917 89 0.03772592544555664
0 90 429917 4096 0.14643621444702148
0 90 434013 4096 0.17246055603027344
0 90 438109 114 0.029886484146118164
90 0 438313 90 0.03834676742553711
90 0 438403 90 0.03804731369018555
90 0 438493 90 0.03805899620056152
89 0 431832 89 0.03673672676086426
0 90 431832 4096 0.14580845832824707
0 90 435928 340 0.03567862510681152
90 0 436358 90 0.03717947006225586
90 0 436448 90 0.036818742752075195
89 0 433829 89 0.03593254089355469
89 0 433918 89 0.03595471382141113
89 0 434007 89 0.03596138954162598
89 0 434096 89 0.03597736358642578
89 0 434185 89 0.03602409362792969
89 0 434274 89 0.03612518310546875
89 0 434363 89 0.03595995903015137
89 0 434452 89 0.03593111038208008
89 0 434541 89 0.03595566749572754
88 0 429046 88 0.037209272384643555
0 89 429046 4096 0.1449432373046875
0 90 433142 4096 0.16852998733520508
0 90 437238 3330 0.12476491928100586
90 0 440658 90 0.04254961013793945
90 0 440748 90 0.040215492248535156
90 0 440838 90 0.039577484130859375
90 0 440928 90 0.039450883865356445
89 0 433305 89 0.03754091262817383
89 0 433394 89 0.03754162788391113
89 0 433483 89 0.03757834434509277
89 0 433572 89 0.037580013275146484
89 0 433661 89 0.03757667541503906
89 0 433750 89 0.03738284111022949
89 0 433839 89 0.03738212585449219
89 0 433928 89 0.037396907806396484
89 0 434017 89 0.03738546371459961
89 0 434106 89 0.03737306594848633
89 0 434195 89 0.037366628646850586
89 0 434284 89 0.03738093376159668
89 0 434373 89 0.03739142417907715
89 0 434462 89 0.03742861747741699
88 0 432266 88 0.03835773468017578
88 0 432354 88 0.03824806213378906
88 0 432442 88 0.03832387924194336
88 0 432530 88 0.03822803497314453
88 0 432618 88 0.038364410400390625
88 0 432706 88 0.03838753700256348
88 0 432794 88 0.0382533073425293
88 0 432882 88 0.038353681564331055
88 0 432970 88 0.03836488723754883
88 0 433058 88 0.038321733474731445
88 0 433146 88 0.03838849067687988
88 0 433234 88 0.038338422775268555
88 0 433322 88 0.03833961486816406
88 0 433410 88 0.03839921951293945
88 0 433498 88 0.0384213924407959
88 0 433586 88 0.0384218692779541
88 0 433674 88 0.03839468955993652
88 0 433762 88 0.03839111328125
88 0 433850 88 0.03843975067138672
88 0 433938 88 0.03842043876647949
88 0 434026 88 0.03840041160583496
88 0 434114 88 0.03838038444519043
88 0 434202 88 0.0384373664855957
88 0 434290 88 0.038388729095458984
88 0 434378 88 0.03848886489868164
88 0 434466 88 0.03844404220581055
88 0 434554 88 0.03843092918395996
88 0 434642 88 0.03835034370422363
88 0 434730 88 0.03848671913146973
88 0 434818 88 0.03847336769104004
88 0 434906 88 0.03837895393371582
88 0 434994 88 0.03846597671508789
88 0 435082 88 0.03839421272277832
88 0 435170 88 0.038428544998168945
88 0 435258 88 0.038518667221069336
88 0 435346 88 0.03838062286376953
88 0 435434 88 0.0384678840637207
88 0 435522 88 0.03851318359375
87 0 428611 87 0.03647947311401367
0 88 428611 3400 0.12233114242553711
88 0 432099 88 0.03879070281982422
88 0 432187 88 0.037276506423950195
88 0 432275 88 0.03663039207458496
88 0 432363 88 0.0366358757019043
88 0 432451 88 0.03664970397949219
88 0 432539 88 0.036667823791503906
88 0 432627 88 0.03667163848876953
88 0 432715 88 0.03663372993469238
88 0 432803 88 0.03657937049865723
88 0 432891 88 0.0364377498626709
88 0 432979 88 0.0364680290222168
88 0 433067 88 0.03648090362548828
88 0 433155 88 0.036476850509643555
88 0 433243 88 0.03661775588989258
88 0 433331 88 0.03648662567138672
88 0 433419 88 0.03646516799926758
88 0 433507 88 0.0364680290222168
88 0 433595 88 0.03658866882324219
88 0 433683 88 0.03654003143310547
88 0 433771 88 0.03654956817626953
88 0 433859 88 0.03661370277404785
88 0 433947 88 0.03650641441345215
88 0 434035 88 0.03651785850524902
88 0 434123 88 0.036542415618896484
88 0 434211 88 0.03659939765930176
88 0 434299 88 0.03653097152709961
88 0 434387 88 0.03653240203857422
88 0 434475 88 0.03665304183959961
88 0 434563 88 0.036585092544555664
88 0 434651 88 0.03661608695983887
88 0 434739 88 0.0365447998046875
88 0 434827 88 0.03662919998168945
88 0 434915 88 0.03656315803527832
88 0 435003 88 0.03661656379699707
88 0 435091 88 0.036632537841796875
88 0 435179 88 0.03656649589538574
88 0 435267 88 0.03657031059265137
88 0 435355 88 0.03659319877624512
88 0 435443 88 0.036623477935791016
88 0 435531 88 0.03674030303955078
88 0 435619 88 0.03660106658935547
88 0 435707 88 0.03658795356750488
88 0 435795 88 0.03662276268005371
88 0 435883 88 0.03667449951171875
88 0 435971 88 0.03673744201660156
88 0 436059 88 0.03662467002868652
88 0 436147 88 0.036612510681152344
88 0 436235 88 0.03662896156311035
88 0 436323 88 0.0366816520690918
88 0 436411 88 0.0367894172668457
88 0 436499 88 0.03663945198059082
88 0 436587 88 0.03664064407348633
88 0 436675 88 0.036685943603515625
88 0 436763 88 0.03670620918273926
88 0 436851 88 0.036667585372924805
88 0 436939 88 0.03664541244506836
88 0 437027 88 0.03665781021118164
88 0 437115 88 0.03667163848876953
87 0 434690 87 0.03822469711303711
0 87 431676 4095 0.139631986618042
0 87 435771 2573 0.11851644515991211
87 0 438431 87 0.03696703910827637
87 0 438518 87 0.035959482192993164
87 0 438605 87 0.035474538803100586
87 0 438692 87 0.035410404205322266
86 0 429635 86 0.03841829299926758
0 87 429635 4096 0.14506769180297852
0 88 433731 2227 0.09616851806640625
88 0 436046 88 0.04011416435241699
88 0 436134 88 0.03873324394226074
88 0 436222 88 0.03837847709655762
88 0 436310 88 0.038376808166503906
88 0 436398 88 0.0383760929107666
88 0 436486 88 0.038428306579589844
88 0 436574 88 0.03840303421020508
88 0 436662 88 0.038433074951171875
88 0 436750 88 0.038330793380737305
88 0 436838 88 0.038262128829956055
88 0 436926 88 0.038227081298828125
88 0 437014 88 0.03823137283325195
88 0 437102 88 0.03823494911193848
88 0 437190 88 0.03830313682556152
88 0 437278 88 0.03830075263977051
88 0 437366 88 0.03824925422668457
88 0 437454 88 0.03826022148132324
88 0 437542 88 0.03828763961791992
88 0 437630 88 0.03828573226928711
87 0 432110 87 0.0378565788269043
0 88 432110 4096 0.14325904846191406
0 88 436206 555 0.0432286262512207
88 0 436849 88 0.03865933418273926
88 0 436937 88 0.03821134567260742
88 0 437025 88 0.03806138038635254
88 0 437113 88 0.03799009323120117
88 0 437201 88 0.03798818588256836
88 0 437289 88 0.038027048110961914
88 0 437377 88 0.03804802894592285
88 0 437465 88 0.03803849220275879
88 0 437553 88 0.03798174858093262
88 0 437641 88 0.0378875732421875
88 0 437729 88 0.037828683853149414
88 0 437817 88 0.03781580924987793
88 0 437905 88 0.03784918785095215
88 0 437993 88 0.03778505325317383
88 0 438081 88 0.037848472595214844
88 0 438169 88 0.03788638114929199
88 0 438257 88 0.037859201431274414
88 0 438345 88 0.037812232971191406
88 0 438433 88 0.037835121154785156
88 0 438521 88 0.03787565231323242
88 0 438609 88 0.03794074058532715
88 0 438697 88 0.037914276123046875
88 0 438785 88 0.03789210319519043
86 0 426420 86 0.037876129150390625
0 87 426420 4096 0.14417648315429688
0 88 430516 3044 0.11617755889892578
88 0 433648 88 0.03967785835266113
88 0 433736 88 0.03852415084838867
87 0 430567 87 0.03710532188415527
0 89 430567 4096 0.14287257194519043
0 89 434663 1566 0.0760047435760498
89 0 436318 89 0.039139747619628906
89 0 436407 89 0.038330078125
89 0 436496 89 0.03759145736694336
89 0 436585 89 0.03762364387512207
89 0 436674 89 0.03770899772644043
89 0 436763 89 0.037721872329711914
89 0 436852 89 0.03775620460510254
89 0 436941 89 0.037714242935180664
89 0 437030 89 0.03767824172973633
89 0 437119 89 0.03764820098876953
89 0 437208 89 0.03766465187072754
89 0 437297 89 0.03763151168823242
89 0 437386 89 0.03759598731994629
89 0 437475 89 0.03759121894836426
89 0 437564 89 0.03763866424560547
89 0 437653 89 0.03761935234069824
89 0 437742 89 0.03753805160522461
89 0 437831 89 0.037511587142944336
89 0 437920 89 0.03758502006530762
89 0 438009 89 0.03763270378112793
89 0 438098 89 0.03763294219970703
89 0 438187 89 0.03758049011230469
89 0 438276 89 0.037546396255493164
89 0 438365 89 0.03761792182922363
89 0 438454 89 0.03764081001281738
89 0 438543 89 0.037677764892578125
89 0 438632 89 0.03758502006530762
89 0 438721 89 0.0375826358795166
89 0 438810 89 0.03765153884887695
89 0 438899 89 0.03768110275268555
89 0 438988 89 0.037674665451049805
89 0 439077 89 0.03760647773742676
89 0 439166 89 0.037616729736328125
89 0 439255 89 0.03769946098327637
89 0 439344 89 0.03773212432861328
89 0 439433 89 0.03769111633300781
89 0 439522 89 0.03763890266418457
89 0 439611 89 0.037651777267456055
89 0 439700 89 0.037696123123168945
89 0 439789 89 0.037740468978881836
89 0 439878 89 0.03770780563354492
89 0 439967 89 0.03764605522155762
89 0 440056 89 0.03767275810241699
89 0 440145 89 0.03777456283569336
89 0 440234 89 0.0377812385559082
89 0 440323 89 0.0377354621887207
89 0 440412 89 0.03772377967834473
89 0 440501 89 0.037656307220458984
89 0 440590 89 0.0378110408782959
89 0 440679 89 0.037783145904541016
89 0 440768 89 0.03776907920837402
89 0 440857 89 0.0377202033996582
89 0 440946 89 0.0377497673034668
89 0 441035 89 0.037834882736206055
89 0 441124 89 0.03780651092529297
89 0 441213 89 0.0377345085144043
89 0 441302 89 0.03774094581604004
89 0 441391 89 0.037760019302368164
89 0 441480 89 0.03788614273071289
89 0 441569 89 0.03785562515258789
89 0 441658 89 0.03776741027832031
88 0 433533 88 0.034815311431884766
0 89 433533 4096 0.14476919174194336
0 89 437629 665 0.04837751388549805
89 0 438383 89 0.04074597358703613
89 0 438472 89 0.03990054130554199
89 0 438561 89 0.039890289306640625
88 0 431655 88 0.03672623634338379
0 89 431655 4096 0.14744257926940918
0 89 435751 1447 0.08005356788635254
89 0 437287 89 0.039427757263183594
89 0 437376 89 0.03849649429321289
89 0 437465 89 0.03812575340270996
89 0 437554 89 0.03816390037536621
89 0 437643 89 0.03817868232727051
89 0 437732 89 0.038201332092285156
89 0 437821 89 0.03818655014038086
89 0 437910 89 0.03813886642456055
89 0 437999 89 0.03808236122131348
89 0 438088 89 0.03796529769897461
89 0 438177 89 0.0379796028137207
89 0 438266 89 0.03798174858093262
89 0 438355 89 0.037978172302246094
89 0 438444 89 0.03798484802246094
89 0 438533 89 0.03799843788146973
89 0 438622 89 0.03804373741149902
89 0 438711 89 0.03808236122131348
89 0 438800 89 0.03801751136779785
89 0 438889 89 0.03803110122680664
89 0 438978 89 0.038060665130615234
89 0 439067 89 0.03809952735900879
89 0 439156 89 0.03809380531311035
89 0 439245 89 0.038054704666137695
88 0 436282 88 0.037970781326293945
88 0 436370 88 0.038054704666137695
88 0 436458 88 0.03806948661804199
88 0 436546 88 0.03805685043334961
88 0 436634 88 0.03801465034484863
88 0 436722 88 0.03800010681152344
88 0 436810 88 0.038057565689086914
88 0 436898 88 0.03806710243225098
88 0 436986 88 0.03802204132080078
87 0 430744 87 0.03565025329589844
0 88 430744 4096 0.14528226852416992
0 89 434840 3527 0.13577556610107422
89 0 438456 89 0.04162335395812988
89 0 438545 89 0.039726972579956055
89 0 438634 89 0.039264678955078125
89 0 438723 89 0.039368629455566406
89 0 438812 89 0.03941655158996582
89 0 438901 89 0.03939628601074219
89 0 438990 89 0.03940105438232422
89 0 439079 89 0.0393824577331543
89 0 439168 89 0.039396047592163086
89 0 439257 89 0.039286136627197266
89 0 439346 89 0.0393068790435791
88 0 434752 88 0.038336753845214844
0 89 434752 4096 0.14562439918518066
0 89 438848 1316 0.06570744514465332
89 0 440253 89 0.03939628601074219
89 0 440342 89 0.03744196891784668
89 0 440431 89 0.037125587463378906
89 0 440520 89 0.0368189811706543
88 0 439069 88 0.036882877349853516
0 89 439069 2160 0.08931922912597656
89 0 441318 89 0.03860592842102051
89 0 441407 89 0.03736114501953125
89 0 441496 89 0.03703570365905762
89 0 441585 89 0.036905527114868164
89 0 441674 89 0.03692150115966797
89 0 441763 89 0.03693532943725586
89 0 441852 89 0.03695416450500488
89 0 441941 89 0.03700900077819824
89 0 442030 89 0.03695940971374512
89 0 442119 89 0.036859989166259766
89 0 442208 89 0.03677225112915039
89 0 442297 89 0.03679370880126953
89 0 442386 89 0.036783695220947266
89 0 442475 89 0.03681492805480957
88 0 435685 88 0.03643393516540527
0 89 435685 3367 0.1221919059753418
87 0 425627 87 0.03833961486816406
0 89 425627 4096 0.1392199993133545
0 90 429723 4096 0.15996575355529785
0 91 433819 4096 0.1476576328277588
0 91 437915 1851 0.08231019973754883
91 0 439857 91 0.038544654846191406
91 0 439948 91 0.03730916976928711
91 0 440039 91 0.03677487373352051
90 0 432248 90 0.036101579666137695
0 91 432248 2550 0.09586358070373535
91 0 434889 91 0.038623809814453125
91 0 434980 91 0.03657341003417969
90 0 430568 90 0.03629803657531738
0 92 430568 4096 0.13806533813476562
0 93 434664 4096 0.15029096603393555
0 93 438760 1914 0.08501958847045898
93 0 440767 93 0.03879213333129883
92 0 438151 92 0.03952431678771973
92 0 438243 92 0.0389101505279541
92 0 438335 92 0.0388178825378418
92 0 438427 92 0.03880000114440918
92 0 438519 92 0.03886771202087402
92 0 438611 92 0.03888297080993652
92 0 438703 92 0.03893446922302246
92 0 438795 92 0.03886604309082031
91 0 431086 91 0.037305593490600586
91 0 431177 91 0.03730463981628418
91 0 431268 91 0.03731536865234375
91 0 431359 91 0.03732132911682129
91 0 431450 91 0.03730416297912598
91 0 431541 91 0.037305593490600586
91 0 431632 91 0.037305355072021484
91 0 431723 91 0.03731060028076172
91 0 431814 91 0.03736233711242676
91 0 431905 91 0.03734874725341797
91 0 431996 91 0.03732609748840332
91 0 432087 91 0.03734922409057617
91 0 432178 91 0.03733563423156738
90 0 428653 90 0.03851962089538574
90 0 428743 90 0.038529157638549805
90 0 428833 90 0.03847503662109375
90 0 428923 90 0.038504838943481445
90 0 429013 90 0.03851938247680664
90 0 429103 90 0.038547515869140625
90 0 429193 90 0.038550376892089844
90 0 429283 90 0.038533926010131836
90 0 429373 90 0.0385289192199707
90 0 429463 90 0.03851461410522461
90 0 429553 90 0.03848385810852051
90 0 429643 90 0.03859424591064453
90 0 429733 90 0.0385589599609375
90 0 429823 90 0.03847861289978027
90 0 429913 90 0.03861236572265625
90 0 430003 90 0.038536787033081055
90 0 430093 90 0.0385890007019043
90 0 430183 90 0.03858232498168945
90 0 430273 90 0.03859210014343262
90 0 430363 90 0.038663625717163086
90 0 430453 90 0.0385894775390625
90 0 430543 90 0.03852128982543945
90 0 430633 90 0.038596391677856445
89 0 425284 89 0.03782081604003906
0 90 425284 4096 0.14489293098449707
0 90 429380 3255 0.13838410377502441
90 0 432725 90 0.03931593894958496
90 0 432815 90 0.03748679161071777
90 0 432905 90 0.03706192970275879
90 0 432995 90 0.03710627555847168
90 0 433085 90 0.03708386421203613
90 0 433175 90 0.03712272644042969
90 0 433265 90 0.03713059425354004
90 0 433355 90 0.03712105751037598
90 0 433445 90 0.03716540336608887
90 0 433535 90 0.036998748779296875
90 0 433625 90 0.03702425956726074
90 0 433715 90 0.036998748779296875
90 0 433805 90 0.036974191665649414
90 0 433895 90 0.036977529525756836
90 0 433985 90 0.03699803352355957
90 0 434075 90 0.03692507743835449
90 0 434165 90 0.036971092224121094
90 0 434255 90 0.03707742691040039
90 0 434345 90 0.037045955657958984
90 0 434435 90 0.03702974319458008
90 0 434525 90 0.03697371482849121
90 0 434615 90 0.036980628967285156
90 0 434705 90 0.037053823471069336
90 0 434795 90 0.03704190254211426
90 0 434885 90 0.03704190254211426
90 0 434975 90 0.037012338638305664
90 0 435065 90 0.03702044486999512
90 0 435155 90 0.03709578514099121
90 0 435245 90 0.03710532188415527
90 0 435335 90 0.03704404830932617
90 0 435425 90 0.03702998161315918
90 0 435515 90 0.03705334663391113
90 0 435605 90 0.03713107109069824
90 0 435695 90 0.03715658187866211
90 0 435785 90 0.03709530830383301
90 0 435875 90 0.03705739974975586
90 0 435965 90 0.037076473236083984
90 0 436055 90 0.037161827087402344
90 0 436145 90 0.03714275360107422
90 0 436235 90 0.037110328674316406
90 0 436325 90 0.03709268569946289
90 0 436415 90 0.03710770606994629
90 0 436505 90 0.037187814712524414
90 0 436595 90 0.03718829154968262
90 0 436685 90 0.03708481788635254
90 0 436775 90 0.03709006309509277
90 0 436865 90 0.037145376205444336
90 0 436955 90 0.0371699333190918
90 0 437045 90 0.03718209266662598
90 0 437135 90 0.03715085983276367
90 0 437225 90 0.03714632987976074
90 0 437315 90 0.037180185317993164
90 0 437405 90 0.03721427917480469
89 0 433504 89 0.0390925407409668
0 89 429050 4095 0.13985562324523926
0 90 433145 4096 0.15992188453674316
0 90 437241 2853 0.11366486549377441
90 0 440184 90 0.04174065589904785
90 0 440274 90 0.039804935455322266
90 0 440364 90 0.039417266845703125
90 0 440454 90 0.03941154479980469
90 0 440544 90 0.039458274841308594
90 0 440634 90 0.03938913345336914
90 0 440724 90 0.03938937187194824
90 0 440814 90 0.03946638107299805
89 0 436324 89 0.03809833526611328
89 0 436413 89 0.03807258605957031
89 0 436502 89 0.03809070587158203
89 0 436591 89 0.038120269775390625
89 0 436680 89 0.03807878494262695
89 0 436769 89 0.03804135322570801
89 0 436858 89 0.03802347183227539
89 0 436947 89 0.03804516792297363
89 0 437036 89 0.038106441497802734
89 0 437125 89 0.03811216354370117
89 0 437214 89 0.038085222244262695
89 0 437303 89 0.03805851936340332
89 0 437392 89 0.03809022903442383
89 0 437481 89 0.03815317153930664
89 0 437570 89 0.03813767433166504
89 0 437659 89 0.038069963455200195
89 0 437748 89 0.03807783126831055
89 0 437837 89 0.038109540939331055
89 0 437926 89 0.0381619930267334
89 0 438015 89 0.038155555725097656
89 0 438104 89 0.038110971450805664
88 0 432325 88 0.03813290596008301
0 89 432325 4096 0.14503931999206543
0 89 436421 2255 0.10618424415588379
89 0 438765 89 0.042096853256225586
89 0 438854 89 0.039650917053222656
89 0 438943 89 0.03909134864807129
89 0 439032 89 0.0390779972076416
89 0 439121 89 0.03905081748962402
88 0 432337 88 0.039464473724365234
0 89 432337 4096 0.14496994018554688
0 90 436433 4096 0.14975643157958984
0 90 440529 235 0.03206801414489746
90 0 440854 90 0.04062962532043457
90 0 440944 90 0.03990435600280762
90 0 441034 90 0.03983926773071289
90 0 441124 90 0.03992867469787598
90 0 441214 90 0.039960384368896484
90 0 441304 90 0.039868831634521484
90 0 441394 90 0.03986620903015137
90 0 441484 90 0.039731502532958984
90 0 441574 90 0.0397341251373291
90 0 441664 90 0.039687156677246094
89 0 438070 89 0.03777599334716797
89 0 438159 89 0.03777670860290527
89 0 438248 89 0.03774094581604004
89 0 438337 89 0.03770160675048828
89 0 438426 89 0.03768801689147949
89 0 438515 89 0.037796735763549805
89 0 438604 89 0.03782343864440918
89 0 438693 89 0.037784576416015625
89 0 438782 89 0.03775358200073242
89 0 438871 89 0.03772234916687012
89 0 438960 89 0.03783011436462402
89 0 439049 89 0.037817955017089844
89 0 439138 89 0.03777623176574707
88 0 435962 88 0.03782486915588379
88 0 436050 88 0.03784036636352539
88 0 436138 88 0.03788256645202637
88 0 436226 88 0.0378870964050293
88 0 436314 88 0.03781294822692871
88 0 436402 88 0.0378720760345459
88 0 436490 88 0.03787708282470703
88 0 436578 88 0.03789877891540527
88 0 436666 88 0.037877559661865234
88 0 436754 88 0.03785347938537598
88 0 436842 88 0.03786730766296387
88 0 436930 88 0.037885427474975586
88 0 437018 88 0.037943363189697266
88 0 437106 88 0.037920475006103516
88 0 437194 88 0.037863731384277344
88 0 437282 88 0.03789472579956055
88 0 437370 88 0.03792262077331543
88 0 437458 88 0.037993431091308594
88 0 437546 88 0.03797745704650879
88 0 437634 88 0.03792738914489746
88 0 437722 88 0.037928104400634766
88 0 437810 88 0.03798079490661621
88 0 437898 88 0.03799843788146973
88 0 437986 88 0.03795456886291504
88 0 438074 88 0.03791022300720215
88 0 438162 88 0.03791475296020508
88 0 438250 88 0.03801751136779785
88 0 438338 88 0.03800344467163086
88 0 438426 88 0.03795790672302246
87 0 433353 87 0.03796887397766113
87 0 433440 87 0.03798985481262207
87 0 433527 87 0.03801107406616211
87 0 433614 87 0.03801393508911133
87 0 433701 87 0.03800034523010254
87 0 433788 87 0.038001298904418945
87 0 433875 87 0.03802824020385742
87 0 433962 87 0.03806591033935547
87 0 434049 87 0.03803896903991699
87 0 434136 87 0.038030385971069336
87 0 434223 87 0.0380096435546875
87 0 434310 87 0.038048505783081055
87 0 434397 87 0.03806042671203613
87 0 434484 87 0.03809976577758789
87 0 434571 87 0.03804421424865723
87 0 434658 87 0.03804826736450195
87 0 434745 87 0.03806138038635254
87 0 434832 87 0.03811359405517578
87 0 434919 87 0.03805899620056152
87 0 435006 87 0.038034915924072266
87 0 435093 87 0.038074493408203125
87 0 435180 87 0.03810882568359375
87 0 435267 87 0.038106679916381836
87 0 435354 87 0.03810381889343262
87 0 435441 87 0.03808951377868652
87 0 435528 87 0.03809618949890137
87 0 435615 87 0.03814196586608887
87 0 435702 87 0.03814339637756348
87 0 435789 87 0.03809762001037598
87 0 435876 87 0.03813576698303223
87 0 435963 87 0.038133859634399414
87 0 436050 87 0.038179636001586914
87 0 436137 87 0.03818249702453613
87 0 436224 87 0.03813910484313965
87 0 436311 87 0.038141727447509766
87 0 436398 87 0.03812241554260254
87 0 436485 87 0.03819704055786133
87 0 436572 87 0.03822493553161621
87 0 436659 87 0.03815174102783203
87 0 436746 87 0.03815197944641113
87 0 436833 87 0.03821969032287598
87 0 436920 87 0.03820991516113281
87 0 437007 87 0.03821158409118652
87 0 437094 87 0.03816509246826172
87 0 437181 87 0.038176774978637695
86 0 435676 86 0.04019880294799805
0 87 435676 4096 0.14583706855773926
0 87 439772 1014 0.054383277893066406
87 0 440873 87 0.04297018051147461
87 0 440960 87 0.04069375991821289
87 0 441047 87 0.04034924507141113
87 0 441134 87 0.040322065353393555
87 0 441221 87 0.04042530059814453
87 0 441308 87 0.04045510292053223
87 0 441395 87 0.04052615165710449
87 0 441482 87 0.04050588607788086
87 0 441569 87 0.0401759147644043
87 0 441656 87 0.040174245834350586
87 0 441743 87 0.040218353271484375
87 0 441830 87 0.04023456573486328
87 0 441917 87 0.040238142013549805
87 0 442004 87 0.0402071475982666
87 0 442091 87 0.04021453857421875
85 0 433695 85 0.037674903869628906
0 86 433695 2037 0.08318400382995605
86 0 435818 86 0.039742231369018555
86 0 435904 86 0.03811144828796387
86 0 435990 86 0.037836313247680664
86 0 436076 86 0.03787589073181152
86 0 436162 86 0.037921905517578125
85 0 430126 85 0.039319753646850586
0 86 430126 4096 0.1454465389251709
0 86 434222 3976 0.16348743438720703
86 0 438284 86 0.04137730598449707
86 0 438370 86 0.0398557186126709
86 0 438456 86 0.03952765464782715
85 0 433026 85 0.038654327392578125
0 86 433026 4096 0.14519691467285156
0 86 437122 2218 0.10657095909118652
86 0 439426 86 0.04256582260131836
86 0 439512 86 0.03904557228088379
85 0 434123 85 0.03852987289428711
0 85 426004 4095 0.13945579528808594
0 85 430099 4096 0.17311978340148926
0 86 434195 2576 0.10270071029663086
86 0 436857 86 0.038881540298461914
85 0 432769 85 0.037958383560180664
0 86 432769 4096 0.14412617683410645
0 86 436865 1010 0.052872657775878906
85 0 431962 85 0.037967681884765625
0 86 431962 4096 0.14574766159057617
0 86 436058 2645 0.11833524703979492
86 0 438789 86 0.04298710823059082
86 0 438875 86 0.041504859924316406
86 0 438961 86 0.04076218605041504
86 0 439047 86 0.04075908660888672
86 0 439133 86 0.04067707061767578
86 0 439219 86 0.04073905944824219
86 0 439305 86 0.0407259464263916
86 0 439391 86 0.04080653190612793
86 0 439477 86 0.040537357330322266
86 0 439563 86 0.04051017761230469
86 0 439649 86 0.040531158447265625
86 0 439735 86 0.04057145118713379
86 0 439821 86 0.0405583381652832
86 0 439907 86 0.04061770439147949
86 0 439993 86 0.04054093360900879
86 0 440079 86 0.040564775466918945
85 0 431462 85 0.03854179382324219
0 87 431462 4096 0.14226818084716797
0 87 435558 4096 0.1511092185974121
0 87 439654 389 0.03949236869812012
87 0 440130 87 0.037420034408569336
87 0 440217 87 0.03705024719238281
87 0 440304 87 0.03676652908325195
87 0 440391 87 0.03676438331604004
87 0 440478 87 0.0368499755859375
87 0 440565 87 0.03686404228210449
87 0 440652 87 0.03682303428649902
87 0 440739 87 0.03681159019470215
87 0 440826 87 0.03665876388549805
87 0 440913 87 0.03663372993469238
87 0 441000 87 0.036664724349975586
87 0 441087 87 0.036665916442871094
87 0 441174 87 0.03676486015319824
87 0 441261 87 0.036762237548828125
87 0 441348 87 0.03666234016418457
87 0 441435 87 0.03667044639587402
87 0 441522 87 0.03678703308105469
86 0 435827 86 0.03882956504821777
0 86 429014 4095 0.1403820514678955
0 87 433109 4096 0.16391491889953613
0 87 437205 706 0.04572629928588867
87 0 437998 87 0.03985166549682617
87 0 438085 87 0.03918123245239258
87 0 438172 87 0.03915715217590332
87 0 438259 87 0.039183855056762695
87 0 438346 87 0.039231061935424805
87 0 438433 87 0.03920745849609375
87 0 438520 87 0.03922581672668457
87 0 438607 87 0.03925967216491699
87 0 438694 87 0.039098501205444336
87 0 438781 87 0.039121150970458984
87 0 438868 87 0.039101600646972656
87 0 438955 87 0.03913736343383789
87 0 439042 87 0.03911757469177246
87 0 439129 87 0.03903508186340332
87 0 439216 87 0.03901171684265137
87 0 439303 87 0.03911113739013672
87 0 439390 87 0.03915047645568848
87 0 439477 87 0.03917074203491211
86 0 430559 86 0.03618454933166504
0 87 430559 4096 0.14445042610168457
0 87 434655 4096 0.17174363136291504
0 87 438751 98 0.05440092086791992
86 0 430321 86 0.038382768630981445
0 88 430321 4096 0.1413130760192871
0 88 434417 4096 0.15182948112487793
0 88 438513 1742 0.08755064010620117
88 0 440343 88 0.039464473724365234
88 0 440431 88 0.038336753845214844
88 0 440519 88 0.03772258758544922
88 0 440607 88 0.03771185874938965
88 0 440695 88 0.0377042293548584
88 0 440783 88 0.037737369537353516
88 0 440871 88 0.03782033920288086
88 0 440959 88 0.03777170181274414
88 0 441047 88 0.03760576248168945
88 0 441135 88 0.037508249282836914
88 0 441223 88 0.03761792182922363
88 0 441311 88 0.03763842582702637
88 0 441399 88 0.03758573532104492
88 0 441487 88 0.037552833557128906
88 0 441575 88 0.03760981559753418
88 0 441663 88 0.03767800331115723
88 0 441751 88 0.03763604164123535
88 0 441839 88 0.037613630294799805
87 0 435170 87 0.039658308029174805
0 88 435170 3311 0.11763882637023926
88 0 438569 88 0.042551517486572266
88 0 438657 88 0.04047751426696777
88 0 438745 88 0.0399022102355957
87 0 431747 87 0.03950858116149902
0 88 431747 4096 0.14545464515686035
0 89 435843 4096 0.1483783721923828
0 89 439939 512 0.03908562660217285
89 0 440540 89 0.03855705261230469
89 0 440629 89 0.0379338264465332
89 0 440718 89 0.03782153129577637
89 0 440807 89 0.03773784637451172
89 0 440896 89 0.037737131118774414
89 0 440985 89 0.03775191307067871
89 0 441074 89 0.03776717185974121
89 0 441163 89 0.037789344787597656
89 0 441252 89 0.03763580322265625
87 0 427304 87 0.03677797317504883
0 88 427304 4096 0.14425420761108398
0 89 431400 4096 0.15064239501953125
0 90 435496 4096 0.1427936553955078
0 90 439592 575 0.043077945709228516
90 0 440257 90 0.041983604431152344
90 0 440347 90 0.04133200645446777
90 0 440437 90 0.04124188423156738
90 0 440527 90 0.04127001762390137
90 0 440617 90 0.041278839111328125
90 0 440707 90 0.04128098487854004
90 0 440797 90 0.041367530822753906
90 0 440887 90 0.04141521453857422
90 0 440977 90 0.041155338287353516
90 0 441067 90 0.04117131233215332
90 0 441157 90 0.04111814498901367
90 0 441247 90 0.04109382629394531
90 0 441337 90 0.04111790657043457
90 0 441427 90 0.04117155075073242
90 0 441517 90 0.04116058349609375
90 0 441607 90 0.04114484786987305
90 0 441697 90 0.041142940521240234
90 0 441787 90 0.04117727279663086
90 0 441877 90 0.04120898246765137
90 0 441967 90 0.04114127159118652
90 0 442057 90 0.041140079498291016
90 0 442147 90 0.04114580154418945
90 0 442237 90 0.04123687744140625
90 0 442327 90 0.04123282432556152
89 0 436397 89 0.037700653076171875
89 0 436486 89 0.03772282600402832
89 0 436575 89 0.03774380683898926
88 0 430456 88 0.036505937576293945
0 89 430456 4096 0.14476513862609863
0 89 434552 3312 0.1401681900024414
89 0 437953 89 0.04212617874145508
89 0 438042 89 0.040404319763183594
89 0 438131 89 0.040061235427856445
89 0 438220 89 0.04008078575134277
89 0 438309 89 0.04006314277648926
89 0 438398 89 0.040086984634399414
89 0 438487 89 0.04009532928466797
89 0 438576 89 0.04015707969665527
89 0 438665 89 0.039984703063964844
89 0 438754 89 0.03999137878417969
89 0 438843 89 0.03994393348693848
89 0 438932 89 0.039931297302246094
89 0 439021 89 0.03999686241149902
89 0 439110 89 0.03998255729675293
89 0 439199 89 0.0399625301361084
89 0 439288 89 0.03995370864868164
89 0 439377 89 0.040016889572143555
89 0 439466 89 0.04001784324645996
89 0 439555 89 0.040026187896728516
89 0 439644 89 0.039989471435546875
89 0 439733 89 0.03995656967163086
89 0 439822 89 0.0399928092956543
89 0 439911 89 0.04002952575683594
88 0 434683 88 0.0393671989440918
0 89 434683 4096 0.14513278007507324
0 89 438779 1069 0.058843135833740234
88 0 436773 88 0.04086875915527344
88 0 436861 88 0.03993988037109375
88 0 436949 88 0.039580583572387695
88 0 437037 88 0.03959083557128906
88 0 437125 88 0.03961467742919922
88 0 437213 88 0.039612770080566406
88 0 437301 88 0.039635658264160156
88 0 437389 88 0.03965282440185547
88 0 437477 88 0.039489030838012695
88 0 437565 88 0.039498090744018555
88 0 437653 88 0.039392948150634766
88 0 437741 88 0.0394289493560791
88 0 437829 88 0.03943777084350586
88 0 437917 88 0.0394902229309082
88 0 438005 88 0.03952932357788086
88 0 438093 88 0.039479732513427734
88 0 438181 88 0.03945446014404297
88 0 438269 88 0.03943920135498047
88 0 438357 88 0.039525747299194336
87 0 432001 87 0.03679156303405762
0 88 432001 2679 0.10226011276245117
88 0 434768 88 0.03824973106384277
88 0 434856 88 0.037186622619628906
88 0 434944 88 0.03706765174865723
88 0 435032 88 0.03695797920227051
88 0 435120 88 0.03697371482849121
88 0 435208 88 0.03703904151916504
88 0 435296 88 0.0370633602142334
88 0 435384 88 0.0370028018951416
88 0 435472 88 0.03691244125366211
88 0 435560 88 0.036791324615478516
88 0 435648 88 0.036803483963012695
88 0 435736 88 0.03680014610290527
88 0 435824 88 0.03681612014770508
88 0 435912 88 0.03685283660888672
88 0 436000 88 0.03686690330505371
88 0 436088 88 0.03686356544494629
88 0 436176 88 0.036834001541137695
88 0 436264 88 0.03687310218811035
88 0 436352 88 0.036866188049316406
88 0 436440 88 0.0368654727935791
88 0 436528 88 0.03685140609741211
88 0 436616 88 0.03686380386352539
88 0 436704 88 0.036913394927978516
88 0 436792 88 0.03689146041870117
88 0 436880 88 0.036911725997924805
88 0 436968 88 0.03690528869628906
88 0 437056 88 0.036889076232910156
88 0 437144 88 0.036923885345458984
88 0 437232 88 0.036940813064575195
88 0 437320 88 0.03691577911376953
88 0 437408 88 0.03692317008972168
88 0 437496 88 0.03691744804382324
88 0 437584 88 0.03694891929626465
88 0 437672 88 0.03696036338806152
88 0 437760 88 0.03693580627441406
87 0 433510 87 0.03643631935119629
0 88 433510 4096 0.14627790451049805
0 88 437606 1429 0.06858587265014648
88 0 439123 88 0.038162946701049805
88 0 439211 88 0.03719973564147949
88 0 439299 88 0.037093400955200195
88 0 439387 88 0.03701138496398926
88 0 439475 88 0.03704380989074707
88 0 439563 88 0.0369868278503418
88 0 439651 88 0.037018537521362305
88 0 439739 88 0.03701281547546387
88 0 439827 88 0.037117719650268555
88 0 439915 88 0.03694891929626465
88 0 440003 88 0.03685641288757324
88 0 440091 88 0.03683352470397949
88 0 440179 88 0.03681826591491699
87 0 431427 87 0.03744816780090332
0 88 431427 4096 0.14519953727722168
0 89 435523 4096 0.14760088920593262
0 89 439619 991 0.05139970779418945
89 0 440699 89 0.04204702377319336
89 0 440788 89 0.04101920127868652
89 0 440877 89 0.040616750717163086
89 0 440966 89 0.040602684020996094
89 0 441055 89 0.04059910774230957
89 0 441144 89 0.040595054626464844
89 0 441233 89 0.04062485694885254
87 0 428990 87 0.037627220153808594
0 87 421843 4095 0.13749241828918457
0 88 425938 4096 0.14600324630737305
0 90 430034 4096 0.14781570434570312
0 90 434130 3792 0.13454580307006836
90 0 438012 90 0.04408097267150879
90 0 438102 90 0.04210376739501953
90 0 438192 90 0.04175829887390137
90 0 438282 90 0.0417780876159668
90 0 438372 90 0.041802406311035156
90 0 438462 90 0.04179024696350098
90 0 438552 90 0.04179644584655762
90 0 438642 90 0.0417478084564209
89 0 435555 89 0.03899383544921875
0 90 435555 4096 0.14512324333190918
0 90 439651 1562 0.0843193531036377
90 0 441303 90 0.040708065032958984
90 0 441393 90 0.0397334098815918
90 0 441483 90 0.03928208351135254
90 0 441573 90 0.03929495811462402
90 0 441663 90 0.03927254676818848
90 0 441753 90 0.039261579513549805
90 0 441843 90 0.03931474685668945
90 0 441933 90 0.039392948150634766
89 0 439141 89 0.03926658630371094
89 0 439230 89 0.03906893730163574
89 0 439319 89 0.039034128189086914
88 0 433320 88 0.0346064567565918
0 89 433320 4096 0.1439955234527588
0 89 437416 3281 0.13893699645996094
89 0 440786 89 0.04079246520996094
89 0 440875 89 0.039571523666381836
89 0 440964 89 0.03936266899108887
89 0 441053 89 0.03934359550476074
88 0 436709 88 0.036926984786987305
88 0 436797 88 0.0369257926940918
88 0 436885 88 0.036926984786987305
88 0 436973 88 0.03696870803833008
88 0 437061 88 0.03688192367553711
87 0 429908 87 0.034728288650512695
0 88 429908 4096 0.1445300579071045
0 88 434004 1837 0.08952808380126953
88 0 435929 88 0.03668928146362305
88 0 436017 88 0.03556537628173828
88 0 436105 88 0.03533625602722168
88 0 436193 88 0.03531789779663086
88 0 436281 88 0.03534579277038574
88 0 436369 88 0.03528594970703125
88 0 436457 88 0.03536629676818848
88 0 436545 88 0.03532290458679199
88 0 436633 88 0.03538990020751953
88 0 436721 88 0.035246849060058594
88 0 436809 88 0.035202741622924805
88 0 436897 88 0.03509330749511719
88 0 436985 88 0.03514671325683594
88 0 437073 88 0.03510403633117676
88 0 437161 88 0.035173654556274414
88 0 437249 88 0.03516864776611328
88 0 437337 88 0.03514814376831055
88 0 437425 88 0.035149574279785156
88 0 437513 88 0.03518271446228027
88 0 437601 88 0.03525900840759277
88 0 437689 88 0.035186767578125
88 0 437777 88 0.03515028953552246
88 0 437865 88 0.03514575958251953
87 0 429936 87 0.035478830337524414
0 88 429936 4096 0.14378571510314941
0 89 434032 3982 0.14136052131652832
89 0 438103 89 0.039910316467285156
89 0 438192 89 0.03812551498413086
89 0 438281 89 0.03754568099975586
89 0 438370 89 0.03751039505004883
89 0 438459 89 0.03753376007080078
89 0 438548 89 0.037595510482788086
89 0 438637 89 0.03759121894836426
89 0 438726 89 0.03760671615600586
89 0 438815 89 0.037612199783325195
89 0 438904 89 0.03740382194519043
89 0 438993 89 0.037407636642456055
89 0 439082 89 0.03740549087524414
89 0 439171 89 0.03742194175720215
89 0 439260 89 0.037445783615112305
89 0 439349 89 0.037424325942993164
89 0 439438 89 0.03740239143371582
89 0 439527 89 0.0373995304107666
89 0 439616 89 0.03743696212768555
89 0 439705 89 0.037444353103637695
89 0 439794 89 0.03742074966430664
89 0 439883 89 0.03742051124572754
89 0 439972 89 0.03745698928833008
89 0 440061 89 0.03748369216918945
89 0 440150 89 0.03748464584350586
89 0 440239 89 0.03746199607849121
89 0 440328 89 0.03745007514953613
89 0 440417 89 0.03747963905334473
89 0 440506 89 0.0374753475189209
89 0 440595 89 0.03749251365661621
89 0 440684 89 0.0374910831451416
89 0 440773 89 0.03747892379760742
89 0 440862 89 0.037484169006347656
89 0 440951 89 0.03753018379211426
89 0 441040 89 0.03751778602600098
89 0 441129 89 0.03749585151672363
89 0 441218 89 0.03749728202819824
89 0 441307 89 0.03752279281616211
89 0 441396 89 0.03755307197570801
88 0 437128 88 0.03649282455444336
88 0 437216 88 0.036437034606933594
88 0 437304 88 0.03644108772277832
88 0 437392 88 0.03647160530090332
88 0 437480 88 0.036535024642944336
88 0 437568 88 0.03651285171508789
88 0 437656 88 0.036466121673583984
88 0 437744 88 0.03647971153259277
88 0 437832 88 0.03649258613586426
88 0 437920 88 0.036611318588256836
88 0 438008 88 0.03653407096862793
87 0 430770 87 0.03647184371948242
0 88 430770 4096 0.1456141471862793
0 88 434866 3620 0.15369677543640137
88 0 438574 88 0.03963804244995117
88 0 438662 88 0.037451982498168945
88 0 438750 88 0.0367739200592041
88 0 438838 88 0.036760807037353516
88 0 438926 88 0.03677225112915039
86 0 429261 86 0.03488445281982422
0 87 429261 4096 0.14443421363830566
0 87 433357 2471 0.11254572868347168
87 0 435915 87 0.037667036056518555
87 0 436002 87 0.036359310150146484
87 0 436089 87 0.036202192306518555
87 0 436176 87 0.036267757415771484
87 0 436263 87 0.0362546443939209
87 0 436350 87 0.036271095275878906
87 0 436437 87 0.03635597229003906
87 0 436524 87 0.03635716438293457
87 0 436611 87 0.03626537322998047
87 0 436698 87 0.036055564880371094
87 0 436785 87 0.036101579666137695
86 0 430174 86 0.03777122497558594
0 87 430174 4096 0.1445605754852295
0 87 434270 1337 0.06619858741760254
87 0 435694 87 0.040033578872680664
87 0 435781 87 0.0384213924407959
87 0 435868 87 0.03787684440612793
87 0 435955 87 0.037917137145996094
87 0 436042 87 0.03791332244873047
87 0 436129 87 0.037953853607177734
87 0 436216 87 0.037967681884765625
87 0 436303 87 0.03804898262023926
87 0 436390 87 0.03792738914489746
87 0 436477 87 0.03790998458862305
87 0 436564 87 0.037897586822509766
87 0 436651 87 0.03788900375366211
87 0 436738 87 0.03790140151977539
86 0 433577 86 0.036011457443237305
0 87 433577 4096 0.14487981796264648
0 87 437673 2590 0.11824250221252441
87 0 440350 87 0.038726806640625
87 0 440437 87 0.037261247634887695
87 0 440524 87 0.036574363708496094
87 0 440611 87 0.03653740882873535
87 0 440698 87 0.036617279052734375
87 0 440785 87 0.03666996955871582
87 0 440872 87 0.03673219680786133
87 0 440959 87 0.03658151626586914
87 0 441046 87 0.03656196594238281
87 0 441133 87 0.0363924503326416
87 0 441220 87 0.03633832931518555
87 0 441307 87 0.03637576103210449
87 0 441394 87 0.036455392837524414
87 0 441481 87 0.03644704818725586
87 0 441568 87 0.036427974700927734
87 0 441655 87 0.0363621711730957
87 0 441742 87 0.03642606735229492
87 0 441829 87 0.03646564483642578
87 0 441916 87 0.03650546073913574
87 0 442003 87 0.036496639251708984
87 0 442090 87 0.036438941955566406
87 0 442177 87 0.03639483451843262
87 0 442264 87 0.03653860092163086
87 0 442351 87 0.03651547431945801
86 0 435437 86 0.03752636909484863
0 87 430072 4095 0.1356513500213623
0 87 434167 2263 0.09621238708496094
87 0 436517 87 0.03993034362792969
87 0 436604 87 0.0382535457611084
87 0 436691 87 0.03784346580505371
87 0 436778 87 0.03786420822143555
87 0 436865 87 0.03790879249572754
87 0 436952 87 0.03787732124328613
87 0 437039 87 0.03788399696350098
87 0 437126 87 0.03790640830993652
87 0 437213 87 0.037912607192993164
87 0 437300 87 0.0378265380859375
87 0 437387 87 0.037750959396362305
87 0 437474 87 0.03762006759643555
87 0 437561 87 0.03764510154724121
87 0 437648 87 0.03777456283569336
87 0 437735 87 0.03776383399963379
87 0 437822 87 0.037750244140625
87 0 437909 87 0.03772854804992676
87 0 437996 87 0.03771519660949707
87 0 438083 87 0.03779125213623047
87 0 438170 87 0.0378115177154541
87 0 438257 87 0.037732601165771484
87 0 438344 87 0.037731170654296875
87 0 438431 87 0.03773951530456543
87 0 438518 87 0.0378117561340332
87 0 438605 87 0.03781414031982422
87 0 438692 87 0.037793636322021484
87 0 438779 87 0.03775906562805176
87 0 438866 87 0.03777194023132324
87 0 438953 87 0.03784918785095215
87 0 439040 87 0.037858009338378906
87 0 439127 87 0.037764787673950195
86 0 433404 86 0.03669142723083496
0 87 433404 3942 0.13535785675048828
87 0 437433 87 0.03893256187438965
87 0 437520 87 0.03781294822692871
87 0 437607 87 0.0369257926940918
86 0 434659 86 0.03846240043640137
86 0 434745 86 0.03849911689758301
86 0 434831 86 0.038487911224365234
86 0 434917 86 0.03851938247680664
86 0 435003 86 0.03852081298828125
86 0 435089 86 0.03850960731506348
86 0 435175 86 0.03834390640258789
86 0 435261 86 0.03834843635559082
86 0 435347 86 0.03836560249328613
86 0 435433 86 0.03835868835449219
86 0 435519 86 0.03834867477416992
86 0 435605 86 0.0383303165435791
86 0 435691 86 0.038318634033203125
86 0 435777 86 0.03839230537414551
85 0 431469 85 0.038402557373046875
0 86 431469 4096 0.14468884468078613
0 86 435565 2796 0.12203621864318848
86 0 438447 86 0.039746999740600586
86 0 438533 86 0.03798532485961914
86 0 438619 86 0.03775525093078613
86 0 438705 86 0.03768587112426758
86 0 438791 86 0.03764081001281738
85 0 433576 85 0.03774404525756836
0 86 433576 2884 0.10776877403259277
86 0 436546 86 0.03923439979553223
86 0 436632 86 0.03809356689453125
86 0 436718 86 0.03777623176574707
86 0 436804 86 0.03770303726196289
86 0 436890 86 0.03775954246520996
86 0 436976 86 0.03783416748046875
86 0 437062 86 0.03783226013183594
86 0 437148 86 0.037694454193115234
86 0 437234 86 0.03770613670349121
86 0 437320 86 0.0374760627746582
86 0 437406 86 0.03753471374511719
86 0 437492 86 0.03753471374511719
86 0 437578 86 0.03759264945983887
86 0 437664 86 0.037592411041259766
86 0 437750 86 0.03755474090576172
85 0 430240 85 0.037917375564575195
0 87 430240 4096 0.14317059516906738
0 87 434336 1979 0.09154391288757324
87 0 436402 87 0.03987407684326172
87 0 436489 87 0.038611650466918945
87 0 436576 87 0.0382237434387207
87 0 436663 87 0.03818249702453613
87 0 436750 87 0.03819417953491211
87 0 436837 87 0.03818964958190918
87 0 436924 87 0.03821229934692383
87 0 437011 87 0.03823351860046387
87 0 437098 87 0.03817939758300781
87 0 437185 87 0.03809404373168945
87 0 437272 87 0.03809809684753418
87 0 437359 87 0.03806185722351074
87 0 437446 87 0.03804779052734375
87 0 437533 87 0.03802037239074707
87 0 437620 87 0.03813576698303223
87 0 437707 87 0.0381011962890625
87 0 437794 87 0.038057565689086914
87 0 437881 87 0.03806281089782715
87 0 437968 87 0.03807640075683594
87 0 438055 87 0.03812289237976074
87 0 438142 87 0.038149356842041016
87 0 438229 87 0.03809309005737305
87 0 438316 87 0.03806757926940918
87 0 438403 87 0.03808903694152832
87 0 438490 87 0.03812265396118164
87 0 438577 87 0.03816652297973633
87 0 438664 87 0.03809952735900879
87 0 438751 87 0.03810405731201172
87 0 438838 87 0.03813624382019043
87 0 438925 87 0.03818845748901367
87 0 439012 87 0.038175344467163086
87 0 439099 87 0.03810381889343262
87 0 439186 87 0.03811192512512207
87 0 439273 87 0.03820323944091797
87 0 439360 87 0.03820681571960449
86 0 432164 86 0.03639936447143555
0 87 432164 2704 0.1003108024597168
87 0 434955 87 0.03814864158630371
87 0 435042 87 0.03691744804382324
87 0 435129 87 0.036631107330322266
87 0 435216 87 0.03656339645385742
87 0 435303 87 0.036649227142333984
87 0 435390 87 0.036617279052734375
87 0 435477 87 0.036621809005737305
87 0 435564 87 0.03663229942321777
87 0 435651 87 0.0365605354309082
87 0 435738 87 0.036386728286743164
87 0 435825 87 0.036418914794921875
87 0 435912 87 0.03642845153808594
87 0 435999 87 0.03647804260253906
87 0 436086 87 0.036544084548950195
87 0 436173 87 0.036473751068115234
87 0 436260 87 0.03650999069213867
87 0 436347 87 0.03650832176208496
87 0 436434 87 0.03652310371398926
86 0 429798 86 0.03566169738769531
0 87 429798 4096 0.14555644989013672
0 88 433894 4096 0.15105843544006348
0 88 437990 4029 0.15349483489990234
88 0 442107 88 0.03980517387390137
88 0 442195 88 0.03772330284118652
88 0 442283 88 0.036621809005737305
88 0 442371 88 0.03665041923522949
87 0 440197 87 0.037987470626831055
87 0 440284 87 0.03798842430114746
87 0 440371 87 0.03801536560058594
87 0 440458 87 0.038005828857421875
87 0 440545 87 0.03798508644104004
86 0 436638 86 0.037851572036743164
0 86 430058 4095 0.13964390754699707
0 86 434153 2725 0.12164878845214844
86 0 436964 86 0.039975643157958984
86 0 437050 86 0.0385434627532959
86 0 437136 86 0.03805708885192871
86 0 437222 86 0.038057565689086914
86 0 437308 86 0.03806638717651367
86 0 437394 86 0.03808188438415527
86 0 437480 86 0.03812909126281738
86 0 437566 86 0.038136959075927734
86 0 437652 86 0.03805232048034668
86 0 437738 86 0.0378415584564209
86 0 437824 86 0.03786897659301758
86 0 437910 86 0.03785252571105957
86 0 437996 86 0.03784799575805664
86 0 438082 86 0.03792285919189453
86 0 438168 86 0.03792214393615723
86 0 438254 86 0.037921905517578125
86 0 438340 86 0.03789258003234863
86 0 438426 86 0.0379030704498291
85 0 432957 85 0.038208723068237305
0 86 432957 4096 0.144822359085083
0 86 437053 2124 0.10251402854919434
86 0 439263 86 0.03984689712524414
86 0 439349 86 0.03860974311828613
85 0 433891 85 0.03802800178527832
85 0 433976 85 0.03803086280822754
85 0 434061 85 0.038039445877075195
85 0 434146 85 0.038083791732788086
84 0 429738 84 0.03806591033935547
0 85 429738 1785 0.07549548149108887
85 0 431608 85 0.04235267639160156
85 0 431693 85 0.040048837661743164
85 0 431778 85 0.03978562355041504
85 0 431863 85 0.03986930847167969
85 0 431948 85 0.03988909721374512
85 0 432033 85 0.03985786437988281
85 0 432118 85 0.03992795944213867
85 0 432203 85 0.04000592231750488
85 0 432288 85 0.03962278366088867
85 0 432373 85 0.03961348533630371
85 0 432458 85 0.03972601890563965
85 0 432543 85 0.0397639274597168
85 0 432628 85 0.039700984954833984
85 0 432713 85 0.03964877128601074
85 0 432798 85 0.03965401649475098
85 0 432883 85 0.0397028923034668
85 0 432968 85 0.03983569145202637
85 0 433053 85 0.039691925048828125
85 0 433138 85 0.03972125053405762
85 0 433223 85 0.03975367546081543
85 0 433308 85 0.03980708122253418
85 0 433393 85 0.03978681564331055
85 0 433478 85 0.039703369140625
85 0 433563 85 0.03972148895263672
85 0 433648 85 0.03977513313293457
85 0 433733 85 0.03978538513183594
85 0 433818 85 0.03977680206298828
85 0 433903 85 0.039693355560302734
85 0 433988 85 0.03972673416137695
85 0 434073 85 0.03979301452636719
85 0 434158 85 0.03983712196350098
85 0 434243 85 0.039740800857543945
85 0 434328 85 0.03977203369140625
85 0 434413 85 0.03981280326843262
85 0 434498 85 0.03987526893615723
85 0 434583 85 0.039838314056396484
85 0 434668 85 0.0397188663482666
85 0 434753 85 0.039720773696899414
85 0 434838 85 0.03986215591430664
85 0 434923 85 0.03978991508483887
85 0 435008 85 0.03984713554382324
85 0 435093 85 0.03976011276245117
85 0 435178 85 0.03981328010559082
85 0 435263 85 0.03983807563781738
85 0 435348 85 0.03989696502685547
85 0 435433 85 0.039759159088134766
85 0 435518 85 0.039798736572265625
85 0 435603 85 0.03988957405090332
85 0 435688 85 0.039948463439941406
85 0 435773 85 0.03987932205200195
85 0 435858 85 0.03987574577331543
85 0 435943 85 0.0398256778717041
85 0 436028 85 0.0399477481842041
85 0 436113 85 0.03998446464538574
85 0 436198 85 0.03989100456237793
85 0 436283 85 0.03985929489135742
85 0 436368 85 0.03986978530883789
85 0 436453 85 0.03998208045959473
85 0 436538 85 0.039994001388549805
85 0 436623 85 0.03989768028259277
85 0 436708 85 0.03988504409790039
85 0 436793 85 0.03992199897766113
85 0 436878 85 0.04001331329345703
85 0 436963 85 0.03994345664978027
85 0 437048 85 0.03993725776672363
85 0 437133 85 0.03997445106506348
85 0 437218 85 0.04006457328796387
85 0 437303 85 0.04000067710876465
85 0 437388 85 0.03992629051208496
85 0 437473 85 0.03997468948364258
85 0 437558 85 0.04000711441040039
85 0 437643 85 0.04006028175354004
85 0 437728 85 0.040021419525146484
85 0 437813 85 0.03999161720275879
85 0 437898 85 0.039948463439941406
85 0 437983 85 0.04007101058959961
85 0 438068 85 0.04008221626281738
85 0 438153 85 0.039977073669433594
85 0 438238 85 0.03998446464538574
85 0 438323 85 0.039981842041015625
85 0 438408 85 0.040169715881347656
85 0 438493 85 0.04011654853820801
85 0 438578 85 0.040029048919677734
85 0 438663 85 0.039997100830078125
85 0 438748 85 0.040106773376464844
83 0 428882 83 0.03705883026123047
0 84 428882 4096 0.14427542686462402
0 85 432978 4096 0.1630847454071045
0 85 437074 2555 0.10126948356628418
85 0 439714 85 0.03938698768615723
85 0 439799 85 0.03810000419616699
85 0 439884 85 0.03775978088378906
84 0 434441 84 0.03856492042541504
84 0 434525 84 0.038602352142333984
84 0 434609 84 0.038677215576171875
84 0 434693 84 0.03865766525268555
84 0 434777 84 0.038561344146728516
84 0 434861 84 0.03857231140136719
83 0 428603 83 0.03838706016540527
0 84 428603 4096 0.14381074905395508
0 84 432699 4096 0.17205286026000977
0 84 436795 170 0.03127169609069824
84 0 437049 84 0.0401153564453125
84 0 437133 84 0.03899717330932617
84 0 437217 84 0.039028167724609375
84 0 437301 84 0.03904867172241211
84 0 437385 84 0.039040565490722656
84 0 437469 84 0.039069175720214844
84 0 437553 84 0.0390772819519043
84 0 437637 84 0.03896737098693848
84 0 437721 84 0.03888821601867676
84 0 437805 84 0.03887629508972168
84 0 437889 84 0.03893232345581055
84 0 437973 84 0.03895831108093262
84 0 438057 84 0.03888392448425293
84 0 438141 84 0.038880348205566406
84 0 438225 84 0.03889203071594238
84 0 438309 84 0.03891491889953613
84 0 438393 84 0.03890872001647949
84 0 438477 84 0.03886818885803223
84 0 438561 84 0.038896799087524414
84 0 438645 84 0.038942575454711914
84 0 438729 84 0.038947343826293945
84 0 438813 84 0.03892874717712402
84 0 438897 84 0.038908958435058594
84 0 438981 84 0.03892254829406738
84 0 439065 84 0.03897356986999512
84 0 439149 84 0.038964271545410156
84 0 439233 84 0.038949012756347656
83 0 436663 83 0.039198875427246094
83 0 436746 83 0.03923487663269043
83 0 436829 83 0.0392756462097168
83 0 436912 83 0.03927803039550781
83 0 436995 83 0.03920459747314453
83 0 437078 83 0.03920578956604004
83 0 437161 83 0.039261817932128906
83 0 437244 83 0.03928661346435547
83 0 437327 83 0.03929400444030762
82 0 431575 82 0.03921842575073242
0 83 431575 4096 0.14514636993408203
0 83 435671 672 0.047801971435546875
83 0 436426 83 0.04050755500793457
83 0 436509 83 0.03967428207397461
83 0 436592 83 0.03946876525878906
83 0 436675 83 0.03948521614074707
83 0 436758 83 0.03949594497680664
83 0 436841 83 0.03952193260192871
83 0 436924 83 0.03954935073852539
83 0 437007 83 0.03952383995056152
83 0 437090 83 0.039345741271972656
83 0 437173 83 0.0393519401550293
83 0 437256 83 0.03934764862060547
83 0 437339 83 0.039377689361572266
83 0 437422 83 0.0393524169921875
83 0 437505 83 0.039334774017333984
83 0 437588 83 0.03933072090148926
83 0 437671 83 0.039361000061035156
83 0 437754 83 0.03937482833862305
83 0 437837 83 0.03932046890258789
83 0 437920 83 0.03935670852661133
83 0 438003 83 0.03940558433532715
83 0 438086 83 0.0394282341003418
83 0 438169 83 0.03941988945007324
83 0 438252 83 0.039362192153930664
83 0 438335 83 0.039353370666503906
83 0 438418 83 0.03940582275390625
83 0 438501 83 0.03942561149597168
83 0 438584 83 0.03939533233642578
83 0 438667 83 0.03936886787414551
83 0 438750 83 0.03941082954406738
83 0 438833 83 0.03946733474731445
83 0 438916 83 0.03945040702819824
83 0 438999 83 0.0393979549407959
83 0 439082 83 0.03939223289489746
83 0 439165 83 0.039437294006347656
83 0 439248 83 0.03946232795715332
83 0 439331 83 0.039502620697021484
83 0 439414 83 0.0394434928894043
83 0 439497 83 0.03944563865661621
83 0 439580 83 0.03948688507080078
83 0 439663 83 0.03950357437133789
83 0 439746 83 0.039482831954956055
83 0 439829 83 0.03946852684020996
83 0 439912 83 0.039479970932006836
83 0 439995 83 0.03954339027404785
83 0 440078 83 0.03953218460083008
83 0 440161 83 0.0395047664642334
83 0 440244 83 0.039505958557128906
83 0 440327 83 0.039541006088256836
83 0 440410 83 0.039539337158203125
83 0 440493 83 0.03954911231994629
83 0 440576 83 0.03952383995056152
83 0 440659 83 0.03953075408935547
83 0 440742 83 0.03960990905761719
83 0 440825 83 0.03960227966308594
83 0 440908 83 0.03957009315490723
83 0 440991 83 0.03952765464782715
83 0 441074 83 0.03954315185546875
83 0 441157 83 0.03961825370788574
83 0 441240 83 0.03963637351989746
83 0 441323 83 0.03958439826965332
83 0 441406 83 0.03956151008605957
82 0 435777 82 0.03802490234375
0 83 435777 4096 0.14465689659118652
0 83 439873 2002 0.09563112258911133
83 0 441958 83 0.03957939147949219
83 0 442041 83 0.038431644439697266
83 0 442124 83 0.03821277618408203
83 0 442207 83 0.038237810134887695
81 0 431856 81 0.039011478424072266
0 83 431856 4096 0.1390523910522461
0 83 435952 4096 0.16443157196044922
0 83 440048 1393 0.08246707916259766
83 0 441524 83 0.038037776947021484
83 0 441607 83 0.036962270736694336
83 0 441690 83 0.03681635856628418
83 0 441773 83 0.03672933578491211
83 0 441856 83 0.03674197196960449
83 0 441939 83 0.03674888610839844
83 0 442022 83 0.03673243522644043
83 0 442105 83 0.03678178787231445
82 0 439309 82 0.036496877670288086
82 0 439391 82 0.03639340400695801
82 0 439473 82 0.03628182411193848
82 0 439555 82 0.03631734848022461
82 0 439637 82 0.03631424903869629
82 0 439719 82 0.036338090896606445
82 0 439801 82 0.03632044792175293
82 0 439883 82 0.03635573387145996
81 0 431950 81 0.040773868560791016
0 82 431950 4096 0.14766287803649902
0 82 436046 3510 0.14857888221740723
82 0 439638 82 0.0401151180267334
82 0 439720 82 0.03893160820007324
82 0 439802 82 0.03836417198181152
82 0 439884 82 0.038274288177490234
82 0 439966 82 0.038271188735961914
82 0 440048 82 0.038373708724975586
81 0 432841 81 0.04099273681640625
0 83 432841 4096 0.13751745223999023
0 83 436937 531 0.04295659065246582
83 0 437551 83 0.04138803482055664
83 0 437634 83 0.04090309143066406
83 0 437717 83 0.04095864295959473
83 0 437800 83 0.04099464416503906
83 0 437883 83 0.041029930114746094
83 0 437966 83 0.04115915298461914
83 0 438049 83 0.041131019592285156
83 0 438132 83 0.04082918167114258
83 0 438215 83 0.040761709213256836
83 0 438298 83 0.04077625274658203
83 0 438381 83 0.04080009460449219
83 0 438464 83 0.04080605506896973
83 0 438547 83 0.0408635139465332
83 0 438630 83 0.04091811180114746
83 0 438713 83 0.040802955627441406
83 0 438796 83 0.04080033302307129
83 0 438879 83 0.04088091850280762
82 0 430644 82 0.03917646408081055
0 83 430644 4096 0.14472031593322754
0 83 434740 274 0.034241676330566406
83 0 435097 83 0.039806365966796875
83 0 435180 83 0.0392763614654541
83 0 435263 83 0.03928661346435547
83 0 435346 83 0.03939247131347656
83 0 435429 83 0.03940010070800781
83 0 435512 83 0.03937196731567383
83 0 435595 83 0.03941917419433594
83 0 435678 83 0.03922104835510254
83 0 435761 83 0.03912234306335449
83 0 435844 83 0.039122581481933594
83 0 435927 83 0.03922080993652344
83 0 436010 83 0.03926873207092285
83 0 436093 83 0.03919172286987305
83 0 436176 83 0.039154767990112305
83 0 436259 83 0.03921175003051758
83 0 436342 83 0.039276123046875
83 0 436425 83 0.03930091857910156
82 0 432413 82 0.03918743133544922
0 83 432413 4096 0.1441483497619629
0 83 436509 2646 0.12046051025390625
83 0 439238 83 0.0408177375793457
83 0 439321 83 0.04004669189453125
82 0 434925 82 0.037775516510009766
82 0 435007 82 0.03782367706298828
81 0 431786 81 0.03799128532409668
0 82 431786 4096 0.14566993713378906
0 82 435882 4010 0.16603708267211914
82 0 439974 82 0.04167890548706055
81 0 431953 81 0.038732290267944336
0 82 431953 4096 0.14503717422485352
0 82 436049 664 0.04752826690673828
82 0 436795 82 0.039636850357055664
82 0 436877 82 0.03859353065490723
82 0 436959 82 0.038552284240722656
82 0 437041 82 0.038583993911743164
82 0 437123 82 0.03862404823303223
82 0 437205 82 0.0385890007019043
81 0 433916 81 0.039231061935424805
0 82 433916 4096 0.1458113193511963
0 82 438012 3366 0.14322972297668457
82 0 441460 82 0.04284787178039551
82 0 441542 82 0.04026937484741211
82 0 441624 82 0.039730072021484375
82 0 441706 82 0.03979349136352539
82 0 441788 82 0.03977370262145996
82 0 441870 82 0.03985333442687988
82 0 441952 82 0.03983950614929199
82 0 442034 82 0.03983926773071289
82 0 442116 82 0.03980135917663574
82 0 442198 82 0.03978610038757324
82 0 442280 82 0.039623260498046875
81 0 439045 81 0.03647494316101074
81 0 439126 81 0.03649640083312988
81 0 439207 81 0.03654074668884277
81 0 439288 81 0.036536216735839844
81 0 439369 81 0.03652215003967285
81 0 439450 81 0.03652191162109375
81 0 439531 81 0.03653693199157715
80 0 430713 80 0.03722977638244629
0 81 430713 4096 0.1454758644104004
0 82 434809 4096 0.14704632759094238
0 82 438905 890 0.05179309844970703
82 0 439877 82 0.039800405502319336
81 0 435633 81 0.03909492492675781
81 0 435714 81 0.03873395919799805
81 0 435795 81 0.03870201110839844
81 0 435876 81 0.03873777389526367
81 0 435957 81 0.03867506980895996
80 0 432127 80 0.036408185958862305
0 81 432127 4096 0.14469361305236816
0 81 436223 2426 0.11153173446655273
81 0 438730 81 0.03935527801513672
81 0 438811 81 0.038230180740356445
81 0 438892 81 0.03792452812194824
81 0 438973 81 0.037984371185302734
81 0 439054 81 0.03794217109680176
81 0 439135 81 0.03799915313720703
81 0 439216 81 0.038059234619140625
81 0 439297 81 0.03804135322570801
81 0 439378 81 0.037848711013793945
81 0 439459 81 0.037749290466308594
81 0 439540 81 0.037816762924194336
80 0 433699 80 0.03820061683654785
0 81 433699 4096 0.14581775665283203
0 81 437795 1582 0.0834352970123291
81 0 439458 81 0.040842533111572266
81 0 439539 81 0.03988480567932129
81 0 439620 81 0.039629459381103516
81 0 439701 81 0.03960561752319336
81 0 439782 81 0.03959369659423828
81 0 439863 81 0.03960776329040527
81 0 439944 81 0.03964424133300781
81 0 440025 81 0.03969383239746094
81 0 440106 81 0.0395810604095459
81 0 440187 81 0.03937363624572754
81 0 440268 81 0.039334774017333984
81 0 440349 81 0.03936600685119629
81 0 440430 81 0.03937125205993652
80 0 435962 80 0.038275718688964844
0 81 435962 2635 0.09997081756591797
81 0 438678 81 0.04188108444213867
81 0 438759 81 0.040846824645996094
81 0 438840 81 0.0406794548034668
81 0 438921 81 0.0406804084777832
81 0 439002 81 0.04066586494445801
81 0 439083 81 0.04071497917175293
80 0 432716 80 0.03642845153808594
0 81 432716 4096 0.14344263076782227
0 81 430169 4096 0.14661788940429688
0 82 434265 3933 0.1398463249206543
82 0 438280 82 0.042290449142456055
81 0 432251 81 0.037413835525512695
0 82 432251 4096 0.14530277252197266
0 82 436347 1049 0.058692216873168945
82 0 437478 82 0.038435935974121094
82 0 437560 82 0.03718423843383789
81 0 431141 81 0.03660941123962402
0 82 431141 4096 0.14581704139709473
0 82 435237 2376 0.10937118530273438
82 0 437695 82 0.03825187683105469
82 0 437777 82 0.03694653511047363
82 0 437859 82 0.0367121696472168
82 0 437941 82 0.036767005920410156
82 0 438023 82 0.03678131103515625
82 0 438105 82 0.03678584098815918
82 0 438187 82 0.03688693046569824
82 0 438269 82 0.036872148513793945
82 0 438351 82 0.036691904067993164
82 0 438433 82 0.03651571273803711
82 0 438515 82 0.036585330963134766
82 0 438597 82 0.036629676818847656
81 0 434258 81 0.03653883934020996
0 82 434258 4096 0.1454932689666748
0 82 438354 967 0.05373501777648926
82 0 439403 82 0.03711104393005371
82 0 439485 82 0.03663325309753418
82 0 439567 82 0.03661823272705078
82 0 439649 82 0.03663778305053711
81 0 432906 81 0.037719011306762695
0 82 432906 4096 0.1451435089111328
0 83 437002 4096 0.1477220058441162
0 83 441098 744 0.04852557182312012
83 0 441925 83 0.038790225982666016
83 0 442008 83 0.0380403995513916
83 0 442091 83 0.03785371780395508
83 0 442174 83 0.03781938552856445
83 0 442257 83 0.03780865669250488
81 0 427788 81 0.036585092544555664
0 82 427788 4096 0.14531874656677246
0 82 431884 1728 0.08786869049072266
81 0 429469 81 0.04004979133605957
0 82 429469 4096 0.14572381973266602
0 82 433565 2290 0.10554742813110352
82 0 435937 82 0.04010486602783203
82 0 436019 82 0.039031267166137695
82 0 436101 82 0.03894472122192383
82 0 436183 82 0.03901171684265137
82 0 436265 82 0.039008140563964844
82 0 436347 82 0.03896808624267578
82 0 436429 82 0.03896045684814453
82 0 436511 82 0.03900766372680664
82 0 436593 82 0.03885698318481445
82 0 436675 82 0.03888368606567383
82 0 436757 82 0.038820743560791016
82 0 436839 82 0.03880786895751953
82 0 436921 82 0.038840293884277344
82 0 437003 82 0.038828134536743164
82 0 437085 82 0.03882575035095215
82 0 437167 82 0.03877067565917969
82 0 437249 82 0.038771867752075195
82 0 437331 82 0.03882861137390137
82 0 437413 82 0.03882312774658203
82 0 437495 82 0.038845062255859375
82 0 437577 82 0.03880190849304199
82 0 437659 82 0.0388338565826416
82 0 437741 82 0.038846731185913086
82 0 437823 82 0.03885054588317871
82 0 437905 82 0.03885293006896973
82 0 437987 82 0.038851261138916016
82 0 438069 82 0.038851022720336914
82 0 438151 82 0.03891158103942871
82 0 438233 82 0.03889346122741699
82 0 438315 82 0.038832664489746094
82 0 438397 82 0.03885698318481445
82 0 438479 82 0.03888225555419922
82 0 438561 82 0.03891468048095703
82 0 438643 82 0.03891348838806152
82 0 438725 82 0.03888106346130371
82 0 438807 82 0.038893938064575195
81 0 430825 81 0.039173126220703125
0 82 430825 2554 0.09674406051635742
82 0 433461 82 0.04139423370361328
82 0 433543 82 0.04021096229553223
82 0 433625 82 0.039374351501464844
82 0 433707 82 0.03937244415283203
82 0 433789 82 0.039397239685058594
82 0 433871 82 0.03941798210144043
82 0 433953 82 0.039427995681762695
82 0 434035 82 0.039432525634765625
82 0 434117 82 0.039298057556152344
82 0 434199 82 0.03928685188293457
82 0 434281 82 0.03927755355834961
82 0 434363 82 0.0392146110534668
82 0 434445 82 0.03922390937805176
82 0 434527 82 0.03926873207092285
82 0 434609 82 0.0392911434173584
82 0 434691 82 0.03926491737365723
82 0 434773 82 0.039263248443603516
82 0 434855 82 0.039279937744140625
82 0 434937 82 0.03931117057800293
82 0 435019 82 0.039307355880737305
82 0 435101 82 0.03927016258239746
82 0 435183 82 0.039235830307006836
82 0 435265 82 0.03930544853210449
82 0 435347 82 0.039308786392211914
82 0 435429 82 0.03934168815612793
82 0 435511 82 0.03930211067199707
81 0 431412 81 0.039319753646850586
81 0 431493 81 0.039386749267578125
81 0 431574 81 0.03936028480529785
81 0 431655 81 0.03934907913208008
81 0 431736 81 0.03929924964904785
81 0 431817 81 0.03930854797363281
81 0 431898 81 0.03938460350036621
81 0 431979 81 0.0393986701965332
81 0 432060 81 0.03935813903808594
81 0 432141 81 0.03933238983154297
81 0 432222 81 0.03935813903808594
81 0 432303 81 0.03938746452331543
81 0 432384 81 0.03939008712768555
81 0 432465 81 0.039339542388916016
81 0 432546 81 0.03934288024902344
81 0 432627 81 0.039388179779052734
81 0 432708 81 0.03943443298339844
81 0 432789 81 0.03944826126098633
81 0 432870 81 0.03940296173095703
81 0 432951 81 0.03938698768615723
81 0 433032 81 0.03945207595825195
81 0 433113 81 0.0394589900970459
81 0 433194 81 0.039424896240234375
81 0 433275 81 0.03940844535827637
81 0 433356 81 0.03944063186645508
81 0 433437 81 0.039475202560424805
81 0 433518 81 0.03948545455932617
81 0 433599 81 0.0394437313079834
81 0 433680 81 0.03942608833312988
81 0 433761 81 0.03946495056152344
81 0 433842 81 0.03950238227844238
81 0 433923 81 0.039482831954956055
81 0 434004 81 0.03945755958557129
81 0 434085 81 0.039463043212890625
81 0 434166 81 0.039520978927612305
81 0 434247 81 0.039534807205200195
81 0 434328 81 0.039478302001953125
81 0 434409 81 0.03948688507080078
81 0 434490 81 0.03949117660522461
81 0 434571 81 0.03953838348388672
81 0 434652 81 0.039568424224853516
81 0 434733 81 0.03951120376586914
81 0 434814 81 0.03950929641723633
81 0 434895 81 0.039531707763671875
81 0 434976 81 0.03959250450134277
81 0 435057 81 0.03957486152648926
81 0 435138 81 0.03951597213745117
81 0 435219 81 0.03953051567077637
81 0 435300 81 0.03961443901062012
81 0 435381 81 0.03962111473083496
81 0 435462 81 0.03956437110900879
81 0 435543 81 0.03956151008605957
81 0 435624 81 0.03955793380737305
81 0 435705 81 0.03961825370788574
81 0 435786 81 0.03962564468383789
80 0 429604 80 0.037659406661987305
0 80 424333 4095 0.13987326622009277
0 81 428428 4096 0.16340327262878418
0 82 432524 4096 0.14365363121032715
0 82 436620 258 0.0343477725982666
82 0 436960 82 0.03959202766418457
82 0 437042 82 0.038916826248168945
82 0 437124 82 0.03880620002746582
82 0 437206 82 0.03883719444274902
82 0 437288 82 0.03888058662414551
82 0 437370 82 0.03892230987548828
82 0 437452 82 0.038912057876586914
81 0 430930 81 0.03848671913146973
0 82 430930 4096 0.14627861976623535
0 82 435026 3231 0.13886356353759766
81 0 430026 81 0.042177438735961914
0 82 430026 4096 0.1452312469482422
0 83 434122 4096 0.15917253494262695
0 83 438218 2076 0.09458637237548828
83 0 440377 83 0.04077887535095215
83 0 440460 83 0.03908348083496094
83 0 440543 83 0.038828134536743164
83 0 440626 83 0.03885149955749512
83 0 440709 83 0.03886079788208008
83 0 440792 83 0.03887677192687988
83 0 440875 83 0.03891873359680176
83 0 440958 83 0.03900003433227539
83 0 441041 83 0.0387876033782959
83 0 441124 83 0.038654327392578125
83 0 441207 83 0.0386810302734375
83 0 441290 83 0.03869175910949707
83 0 441373 83 0.03869771957397461
82 0 438009 82 0.038385629653930664
0 83 438009 1137 0.05338907241821289
83 0 439229 83 0.03904080390930176
83 0 439312 83 0.03864908218383789
83 0 439395 83 0.0386044979095459
83 0 439478 83 0.038597822189331055
83 0 439561 83 0.03860878944396973
83 0 439644 83 0.0386958122253418
83 0 439727 83 0.03867745399475098
83 0 439810 83 0.038631439208984375
82 0 433020 82 0.03850817680358887
0 83 433020 4096 0.1473407745361328
0 84 429431 4096 0.14373421669006348
0 84 433527 4096 0.15227627754211426
0 84 437623 2882 0.12987542152404785
84 0 440589 84 0.039339542388916016
84 0 440673 84 0.03815770149230957
84 0 440757 84 0.03798675537109375
84 0 440841 84 0.03800845146179199
84 0 440925 84 0.037989139556884766
84 0 441009 84 0.03802800178527832
84 0 441093 84 0.03803420066833496
84 0 441177 84 0.03803873062133789
84 0 441261 84 0.03809499740600586
84 0 441345 84 0.03794455528259277
84 0 441429 84 0.03797745704650879
83 0 437890 83 0.037276506423950195
83 0 437973 83 0.03723311424255371
83 0 438056 83 0.03720283508300781
83 0 438139 83 0.037238359451293945
83 0 438222 83 0.03728222846984863
83 0 438305 83 0.03728771209716797
83 0 438388 83 0.03727316856384277
82 0 430168 82 0.03681588172912598
0 83 430168 4096 0.145094633102417
0 84 434264 4096 0.17256379127502441
0 84 438360 3050 0.1145329475402832
83 0 434861 83 0.041524648666381836
83 0 434944 83 0.04055452346801758
83 0 435027 83 0.03952670097351074
83 0 435110 83 0.0395207405090332
82 0 426561 82 0.03798508644104004
0 83 426561 4096 0.14586520195007324
0 83 430657 2632 0.11798262596130371
83 0 433372 83 0.03966665267944336
83 0 433455 83 0.03831839561462402
83 0 433538 83 0.03753018379211426
83 0 433621 83 0.03753066062927246
83 0 433704 83 0.03753924369812012
83 0 433787 83 0.03755998611450195
83 0 433870 83 0.03756999969482422
83 0 433953 83 0.03757977485656738
83 0 434036 83 0.03756213188171387
83 0 434119 83 0.03737759590148926
83 0 434202 83 0.037419795989990234
83 0 434285 83 0.03738594055175781
83 0 434368 83 0.037400245666503906
83 0 434451 83 0.0374302864074707
82 0 427363 82 0.03866863250732422
0 83 427363 4096 0.1443328857421875
0 83 431459 3814 0.1602191925048828
83 0 435356 83 0.039350271224975586
83 0 435439 83 0.0379335880279541
83 0 435522 83 0.03780174255371094
83 0 435605 83 0.03778886795043945
83 0 435688 83 0.03789663314819336
83 0 435771 83 0.037877798080444336
83 0 435854 83 0.037894487380981445
83 0 435937 83 0.037897586822509766
83 0 436020 83 0.03780078887939453
83 0 436103 83 0.03782057762145996
83 0 436186 83 0.03781914710998535
83 0 436269 83 0.03772687911987305
83 0 436352 83 0.03774762153625488
83 0 436435 83 0.037756919860839844
83 0 436518 83 0.0377810001373291
83 0 436601 83 0.037779808044433594
83 0 436684 83 0.03771710395812988
83 0 436767 83 0.03773331642150879
82 0 433288 82 0.03960585594177246
0 83 433288 4096 0.14463543891906738
0 83 437384 942 0.052576541900634766
83 0 438409 83 0.04069256782531738
83 0 438492 83 0.03984951972961426
83 0 438575 83 0.03984951972961426
83 0 438658 83 0.039853811264038086
83 0 438741 83 0.03988003730773926
83 0 438824 83 0.03986310958862305
83 0 438907 83 0.03988075256347656
83 0 438990 83 0.03986334800720215
83 0 439073 83 0.039687156677246094
83 0 439156 83 0.03969907760620117
83 0 439239 83 0.03971219062805176
83 0 439322 83 0.039704322814941406
83 0 439405 83 0.03969836235046387
83 0 439488 83 0.03966569900512695
83 0 439571 83 0.03966879844665527
83 0 439654 83 0.039714813232421875
83 0 439737 83 0.0397641658782959
83 0 439820 83 0.03973078727722168
83 0 439903 83 0.03972578048706055
83 0 439986 83 0.0397186279296875
83 0 440069 83 0.03973269462585449
83 0 440152 83 0.03974175453186035
82 0 436922 82 0.039725303649902344
0 83 436922 2598 0.10114026069641113
83 0 439603 83 0.04166674613952637
83 0 439686 83 0.04010581970214844
83 0 439769 83 0.039974212646484375
83 0 439852 83 0.03999066352844238
83 0 439935 83 0.039968013763427734
83 0 440018 83 0.03996896743774414
83 0 440101 83 0.0400080680847168
82 0 436687 82 0.040033578872680664
82 0 436769 82 0.03986716270446777
82 0 436851 82 0.0399169921875
82 0 436933 82 0.03982400894165039
82 0 437015 82 0.039792537689208984
82 0 437097 82 0.03980088233947754
82 0 437179 82 0.039835214614868164
82 0 437261 82 0.03983926773071289
82 0 437343 82 0.039827585220336914
82 0 437425 82 0.03981137275695801
82 0 437507 82 0.039870262145996094
82 0 437589 82 0.039882659912109375
82 0 437671 82 0.03987431526184082
82 0 437753 82 0.03984427452087402
82 0 437835 82 0.03985118865966797
82 0 437917 82 0.0398712158203125
82 0 437999 82 0.03991055488586426
82 0 438081 82 0.039890289306640625
81 0 432547 81 0.03850746154785156
0 82 432547 4096 0.14616942405700684
0 82 436643 4096 0.17270827293395996
0 82 440739 115 0.03006601333618164
82 0 440936 82 0.03907179832458496
82 0 441018 82 0.038785696029663086
82 0 441100 82 0.038846492767333984
82 0 441182 82 0.03885912895202637
82 0 441264 82 0.03890705108642578
82 0 441346 82 0.03885960578918457
82 0 441428 82 0.03893542289733887
82 0 441510 82 0.03885388374328613
82 0 441592 82 0.038697004318237305
82 0 441674 82 0.03866124153137207
81 0 434871 81 0.04178643226623535
81 0 434952 81 0.04178047180175781
81 0 435033 81 0.041808366775512695
81 0 435114 81 0.04179215431213379
81 0 435195 81 0.04188370704650879
81 0 435276 81 0.04171586036682129
81 0 435357 81 0.04169917106628418
80 0 430229 80 0.03677535057067871
0 80 423606 4095 0.14045166969299316
0 81 427701 4096 0.17255353927612305
0 81 431797 4096 0.14850640296936035
0 81 435893 582 0.04551124572753906
81 0 436556 81 0.03997611999511719
81 0 436637 81 0.03949308395385742
81 0 436718 81 0.039495229721069336
81 0 436799 81 0.039544105529785156
81 0 436880 81 0.03951072692871094
81 0 436961 81 0.03951716423034668
81 0 437042 81 0.039553165435791016
81 0 437123 81 0.03947186470031738
81 0 437204 81 0.039372920989990234
81 0 437285 81 0.03936457633972168
81 0 437366 81 0.03932452201843262
81 0 437447 81 0.03931593894958496
81 0 437528 81 0.03940153121948242
81 0 437609 81 0.039376258850097656
81 0 437690 81 0.03939938545227051
81 0 437771 81 0.039348602294921875
81 0 437852 81 0.03933525085449219
81 0 437933 81 0.03938126564025879
81 0 438014 81 0.03940725326538086
81 0 438095 81 0.039380550384521484
80 0 434752 80 0.0359950065612793
0 81 434752 4014 0.14069557189941406
81 0 438847 81 0.04111766815185547
81 0 438928 81 0.03945040702819824
81 0 439009 81 0.03907918930053711
81 0 439090 81 0.038866519927978516
81 0 439171 81 0.03888583183288574
81 0 439252 81 0.03894972801208496
81 0 439333 81 0.038999319076538086
81 0 439414 81 0.03896760940551758
81 0 439495 81 0.038838863372802734
81 0 439576 81 0.03877973556518555
81 0 439657 81 0.038767337799072266
81 0 439738 81 0.03880810737609863
80 0 434692 80 0.03787493705749512
0 81 434692 1803 0.07945680618286133
81 0 436576 81 0.04243588447570801
81 0 436657 81 0.039849042892456055
80 0 431707 80 0.03670096397399902
0 81 431707 4096 0.14501070976257324
0 82 435803 1870 0.08590269088745117
82 0 437755 82 0.04377031326293945
82 0 437837 82 0.04167795181274414
82 0 437919 82 0.040986061096191406
82 0 438001 82 0.04099130630493164
82 0 438083 82 0.041055917739868164
82 0 438165 82 0.041086435317993164
82 0 438247 82 0.041085004806518555
82 0 438329 82 0.041107892990112305
82 0 438411 82 0.040966033935546875
82 0 438493 82 0.04087233543395996
82 0 438575 82 0.04092216491699219
82 0 438657 82 0.040904998779296875
82 0 438739 82 0.04093360900878906
82 0 438821 82 0.04089236259460449
82 0 438903 82 0.04082536697387695
82 0 438985 82 0.04090595245361328
82 0 439067 82 0.040903568267822266
82 0 439149 82 0.04094338417053223
82 0 439231 82 0.04086875915527344
82 0 439313 82 0.040884971618652344
82 0 439395 82 0.04100489616394043
82 0 439477 82 0.04094505310058594
82 0 439559 82 0.04093360900878906
82 0 439641 82 0.04092049598693848
82 0 439723 82 0.04091978073120117
82 0 439805 82 0.040996551513671875
82 0 439887 82 0.040949344635009766
81 0 430185 81 0.036707162857055664
0 83 430185 4096 0.13683485984802246
0 82 429648 4096 0.16309094429016113
0 83 433744 4096 0.14779925346374512
0 83 437840 3230 0.13857603073120117
83 0 441153 83 0.04132485389709473
83 0 441236 83 0.03815293312072754
83 0 441319 83 0.03797602653503418
83 0 441402 83 0.03802490234375
83 0 441485 83 0.03809690475463867
83 0 441568 83 0.038095712661743164
83 0 441651 83 0.038019418716430664
82 0 438342 82 0.03972196578979492
0 82 431399 4095 0.14093255996704102
0 82 435494 3176 0.1359539031982422
82 0 438752 82 0.04291844367980957
82 0 438834 82 0.041199684143066406
82 0 438916 82 0.040762901306152344
82 0 438998 82 0.04075145721435547
82 0 439080 82 0.04076075553894043
82 0 439162 82 0.04080486297607422
82 0 439244 82 0.04080533981323242
82 0 439326 82 0.040848731994628906
82 0 439408 82 0.040671586990356445
82 0 439490 82 0.040677547454833984
82 0 439572 82 0.04066276550292969
82 0 439654 82 0.0406186580657959
82 0 439736 82 0.04060530662536621
82 0 439818 82 0.04064130783081055
82 0 439900 82 0.040703535079956055
82 0 439982 82 0.0406794548034668
82 0 440064 82 0.0406186580657959
82 0 440146 82 0.04064774513244629
82 0 440228 82 0.0406796932220459
82 0 440310 82 0.04073643684387207
82 0 440392 82 0.04071307182312012
82 0 440474 82 0.04062914848327637
82 0 440556 82 0.04065537452697754
82 0 440638 82 0.04072237014770508
82 0 440720 82 0.04070782661437988
82 0 440802 82 0.04071354866027832
82 0 440884 82 0.04067420959472656
82 0 440966 82 0.040654897689819336
82 0 441048 82 0.0407567024230957
82 0 441130 82 0.04076051712036133
82 0 441212 82 0.04069995880126953
82 0 441294 82 0.040679931640625
82 0 441376 82 0.0407865047454834
81 0 436998 81 0.04218792915344238
0 82 436998 3970 0.13927888870239258
82 0 441050 82 0.04466748237609863
82 0 441132 82 0.04295611381530762
81 0 436641 81 0.041333675384521484
0 81 430262 1562 0.0734710693359375
81 0 431905 81 0.04471182823181152
81 0 431986 81 0.04293489456176758
81 0 432067 81 0.04241776466369629
81 0 432148 81 0.04236102104187012
81 0 432229 81 0.04231405258178711
81 0 432310 81 0.04229426383972168
81 0 432391 81 0.04241132736206055
81 0 432472 81 0.04238700866699219
81 0 432553 81 0.04220914840698242
81 0 432634 81 0.042200326919555664
81 0 432715 81 0.04218697547912598
81 0 432796 81 0.04209327697753906
81 0 432877 81 0.04224658012390137
81 0 432958 81 0.04224443435668945
81 0 433039 81 0.042198896408081055
81 0 433120 81 0.0421748161315918
81 0 433201 81 0.04213118553161621
81 0 433282 81 0.04226946830749512
81 0 433363 81 0.04227733612060547
81 0 433444 81 0.04222416877746582
81 0 433525 81 0.04221296310424805
81 0 433606 81 0.04231834411621094
81 0 433687 81 0.04222297668457031
81 0 433768 81 0.0422213077545166
81 0 433849 81 0.042166948318481445
81 0 433930 81 0.0421595573425293
81 0 434011 81 0.04226851463317871
81 0 434092 81 0.042299747467041016
81 0 434173 81 0.042356252670288086
81 0 434254 81 0.04223966598510742
81 0 434335 81 0.04219698905944824
81 0 434416 81 0.04228401184082031
81 0 434497 81 0.0423436164855957
81 0 434578 81 0.0423431396484375
81 0 434659 81 0.04229593276977539
80 0 427919 80 0.037580251693725586
0 81 427919 4096 0.14560508728027344
0 81 432015 2059 0.10242176055908203
81 0 434155 81 0.04201030731201172
81 0 434236 81 0.040149688720703125
81 0 434317 81 0.03958463668823242
81 0 434398 81 0.03957724571228027
81 0 434479 81 0.03961968421936035
81 0 434560 81 0.03967857360839844
81 0 434641 81 0.03976321220397949
81 0 434722 81 0.03980135917663574
81 0 434803 81 0.039528846740722656
81 0 434884 81 0.03942251205444336
81 0 434965 81 0.03941822052001953
81 0 435046 81 0.03943800926208496
81 0 435127 81 0.03942680358886719
81 0 435208 81 0.039467573165893555
81 0 435289 81 0.03955197334289551
81 0 435370 81 0.039446115493774414
81 0 435451 81 0.0394744873046875
81 0 435532 81 0.039525508880615234
81 0 435613 81 0.03953218460083008
81 0 435694 81 0.039537906646728516
81 0 435775 81 0.039452314376831055
81 0 435856 81 0.03947782516479492
81 0 435937 81 0.039580345153808594
81 0 436018 81 0.03960895538330078
81 0 436099 81 0.0395200252532959
81 0 436180 81 0.0395200252532959
81 0 436261 81 0.0394740104675293
81 0 436342 81 0.0395808219909668
81 0 436423 81 0.03960776329040527
81 0 436504 81 0.03953409194946289
81 0 436585 81 0.03957080841064453
80 0 427741 80 0.03602790832519531
0 81 427741 4096 0.144944429397583
0 82 431837 4096 0.1504521369934082
0 83 435933 2764 0.10551142692565918
83 0 438780 83 0.04070639610290527
83 0 438863 83 0.03962397575378418
83 0 438946 83 0.039281368255615234
83 0 439029 83 0.03931450843811035
83 0 439112 83 0.039299964904785156
83 0 439195 83 0.039301395416259766
83 0 439278 83 0.039402008056640625
83 0 439361 83 0.03933429718017578
83 0 439444 83 0.0391535758972168
83 0 439527 83 0.039078712463378906
83 0 439610 83 0.0391077995300293
83 0 439693 83 0.039145708084106445
83 0 439776 83 0.03914976119995117
83 0 439859 83 0.039194345474243164
83 0 439942 83 0.03917837142944336
83 0 440025 83 0.03918743133544922
83 0 440108 83 0.03920722007751465
83 0 440191 83 0.03915047645568848
83 0 440274 83 0.03919339179992676
83 0 440357 83 0.039223670959472656
83 0 440440 83 0.03919863700866699
83 0 440523 83 0.03917646408081055
83 0 440606 83 0.03921961784362793
83 0 440689 83 0.0392146110534668
83 0 440772 83 0.03923201560974121
83 0 440855 83 0.039212703704833984
83 0 440938 83 0.03922748565673828
83 0 441021 83 0.03922605514526367
83 0 441104 83 0.03927254676818848
83 0 441187 83 0.03926658630371094
83 0 441270 83 0.03920626640319824
83 0 441353 83 0.03922319412231445
83 0 441436 83 0.039249420166015625
82 0 435712 82 0.039337158203125
0 83 435712 3705 0.13350439071655273
83 0 439500 83 0.042165517807006836
83 0 439583 83 0.03989887237548828
83 0 439666 83 0.039488792419433594
83 0 439749 83 0.039464473724365234
83 0 439832 83 0.039487600326538086
83 0 439915 83 0.03948068618774414
83 0 439998 83 0.03952527046203613
83 0 440081 83 0.0396122932434082
83 0 440164 83 0.039499521255493164
83 0 440247 83 0.039290666580200195
83 0 440330 83 0.03930234909057617
83 0 440413 83 0.039337873458862305
83 0 440496 83 0.03935432434082031
82 0 437646 82 0.03853249549865723
82 0 437728 82 0.03856945037841797
82 0 437810 82 0.03857302665710449
82 0 437892 82 0.03854942321777344
82 0 437974 82 0.0386354923248291
82 0 438056 82 0.038606882095336914
82 0 438138 82 0.03867983818054199
82 0 438220 82 0.03866100311279297
82 0 438302 82 0.03858613967895508
82 0 438384 82 0.03871560096740723
81 0 430491 81 0.04116964340209961
0 82 430491 4096 0.1459789276123047
0 82 430724 4096 0.15186715126037598
0 82 434820 4096 0.15968537330627441
0 82 438916 183 0.03130316734313965
82 0 439181 82 0.04258131980895996
82 0 439263 82 0.04144477844238281
82 0 439345 82 0.0414125919342041
82 0 439427 82 0.041348934173583984
82 0 439509 82 0.041368961334228516
82 0 439591 82 0.04143404960632324
82 0 439673 82 0.04146456718444824
82 0 439755 82 0.041304826736450195
82 0 439837 82 0.041231632232666016
82 0 439919 82 0.0412297248840332
82 0 440001 82 0.041190147399902344
82 0 440083 82 0.04121708869934082
82 0 440165 82 0.04128456115722656
82 0 440247 82 0.04128599166870117
82 0 440329 82 0.04124116897583008
82 0 440411 82 0.04121994972229004
82 0 440493 82 0.041269540786743164
82 0 440575 82 0.04131197929382324
82 0 440657 82 0.04126381874084473
82 0 440739 82 0.04124784469604492
82 0 440821 82 0.041277170181274414
82 0 440903 82 0.0413358211517334
82 0 440985 82 0.04134249687194824
82 0 441067 82 0.0412752628326416
82 0 441149 82 0.041278839111328125
82 0 441231 82 0.041336774826049805
82 0 441313 82 0.04135775566101074
82 0 441395 82 0.041341304779052734
82 0 441477 82 0.04131817817687988
82 0 441559 82 0.04130411148071289
82 0 441641 82 0.04138612747192383
82 0 441723 82 0.04138898849487305
81 0 436981 81 0.03804826736450195
0 82 436981 2993 0.11139106750488281
82 0 440056 82 0.04092264175415039
82 0 440138 82 0.03915977478027344
82 0 440220 82 0.03859519958496094
82 0 440302 82 0.038616180419921875
82 0 440384 82 0.03864431381225586
82 0 440466 82 0.03864336013793945
82 0 440548 82 0.03869175910949707
82 0 440630 82 0.038703203201293945
81 0 434520 81 0.03847098350524902
81 0 434601 81 0.03839612007141113
81 0 434682 81 0.03843235969543457
81 0 434763 81 0.038430213928222656
81 0 434844 81 0.03845953941345215
81 0 434925 81 0.038477420806884766
81 0 435006 81 0.03850245475769043
81 0 435087 81 0.03843235969543457
81 0 435168 81 0.038435935974121094
81 0 435249 81 0.03843569755554199
81 0 435330 81 0.038545846939086914
81 0 435411 81 0.03855085372924805
81 0 435492 81 0.03845977783203125
81 0 435573 81 0.038475751876831055
81 0 435654 81 0.03847956657409668
80 0 430584 80 0.03539228439331055
0 80 420828 4095 0.13940715789794922
0 81 424923 4096 0.17211341857910156
0 81 429019 4096 0.1474466323852539
0 81 433115 3779 0.1600487232208252
81 0 436975 81 0.04094052314758301
81 0 437056 81 0.0394587516784668
81 0 437137 81 0.0389707088470459
81 0 437218 81 0.0388948917388916
81 0 437299 81 0.03894186019897461
81 0 437380 81 0.03902029991149902
80 0 429733 80 0.03626680374145508
0 81 429733 4096 0.14632487297058105
0 81 433829 4096 0.17075443267822266
0 81 437925 174 0.03132939338684082
80 0 434956 80 0.03723907470703125
80 0 435036 80 0.03692817687988281
79 0 430695 79 0.03690338134765625
0 80 430695 4096 0.14543533325195312
0 81 434791 3010 0.12132859230041504
81 0 437882 81 0.039107322692871094
81 0 437963 81 0.03765678405761719
81 0 438044 81 0.03742480278015137
81 0 438125 81 0.03737592697143555
81 0 438206 81 0.03737235069274902
81 0 438287 81 0.03737020492553711
81 0 438368 81 0.03738236427307129
81 0 438449 81 0.03741335868835449
81 0 438530 81 0.03743124008178711
81 0 438611 81 0.03729367256164551
81 0 438692 81 0.037268638610839844
81 0 438773 81 0.03727006912231445
81 0 438854 81 0.03731703758239746
81 0 438935 81 0.03722548484802246
81 0 439016 81 0.03723311424255371
81 0 439097 81 0.037302255630493164
81 0 439178 81 0.037336111068725586
81 0 439259 81 0.03736519813537598
81 0 439340 81 0.037293195724487305
81 0 439421 81 0.037276506423950195
81 0 439502 81 0.03738045692443848
81 0 439583 81 0.03733944892883301
81 0 439664 81 0.03732156753540039
81 0 439745 81 0.03728818893432617
81 0 439826 81 0.037299394607543945
81 0 439907 81 0.037354469299316406
81 0 439988 81 0.03737616539001465
81 0 440069 81 0.03735852241516113
81 0 440150 81 0.03731393814086914
81 0 440231 81 0.03735208511352539
81 0 440312 81 0.03743886947631836
80 0 438748 80 0.03789114952087402
80 0 438828 80 0.03784298896789551
80 0 438908 80 0.03781938552856445
80 0 438988 80 0.037825822830200195
80 0 439068 80 0.03790712356567383
80 0 439148 80 0.037952423095703125
78 0 429366 78 0.03642010688781738
0 79 429366 4096 0.1448349952697754
0 79 426472 4096 0.15785861015319824
0 79 430568 4096 0.15378093719482422
0 79 434664 2955 0.1341409683227539
79 0 437698 79 0.03841257095336914
79 0 437777 79 0.03732156753540039
78 0 433526 78 0.03870081901550293
78 0 433604 78 0.03868222236633301
78 0 433682 78 0.03860187530517578
78 0 433760 78 0.03864312171936035
78 0 433838 78 0.03872418403625488
78 0 433916 78 0.03876185417175293
78 0 433994 78 0.03860926628112793
78 0 434072 78 0.03857684135437012
78 0 434150 78 0.038605451583862305
78 0 434228 78 0.03857254981994629
78 0 434306 78 0.03850364685058594
78 0 434384 78 0.03857016563415527
78 0 434462 78 0.03860592842102051
78 0 434540 78 0.03859448432922363
78 0 434618 78 0.03855490684509277
78 0 434696 78 0.03851604461669922
78 0 434774 78 0.0386044979095459
78 0 434852 78 0.0385892391204834
78 0 434930 78 0.038552284240722656
78 0 435008 78 0.03856778144836426
78 0 435086 78 0.038564443588256836
78 0 435164 78 0.03866434097290039
78 0 435242 78 0.03864574432373047
78 0 435320 78 0.038575172424316406
78 0 435398 78 0.038572072982788086
78 0 435476 78 0.03860592842102051
78 0 435554 78 0.03865456581115723
78 0 435632 78 0.0386502742767334
78 0 435710 78 0.03857111930847168
78 0 435788 78 0.038605690002441406
78 0 435866 78 0.03867673873901367
78 0 435944 78 0.03870511054992676
78 0 436022 78 0.03865385055541992
78 0 436100 78 0.03858661651611328
78 0 436178 78 0.03864431381225586
78 0 436256 78 0.0386810302734375
78 0 436334 78 0.03873085975646973
78 0 436412 78 0.03870272636413574
78 0 436490 78 0.03865385055541992
78 0 436568 78 0.03867149353027344
78 0 436646 78 0.038758039474487305
78 0 436724 78 0.0387423038482666
78 0 436802 78 0.038689613342285156
78 0 436880 78 0.03867387771606445
78 0 436958 78 0.03871488571166992
78 0 437036 78 0.0387578010559082
77 0 429028 77 0.03928065299987793
0 78 429028 4096 0.14561796188354492
0 79 433124 3530 0.13184022903442383
79 0 436733 79 0.0417482852935791
79 0 436812 79 0.03989744186401367
79 0 436891 79 0.03968238830566406
79 0 436970 79 0.03948545455932617
79 0 437049 79 0.0394749641418457
79 0 437128 79 0.03949117660522461
79 0 437207 79 0.03948712348937988
79 0 437286 79 0.03949761390686035
79 0 437365 79 0.039417266845703125
79 0 437444 79 0.039350271224975586
79 0 437523 79 0.03932023048400879
79 0 437602 79 0.039372920989990234
79 0 437681 79 0.03930854797363281
79 0 437760 79 0.039315223693847656
79 0 437839 79 0.03935980796813965
79 0 437918 79 0.03935837745666504
79 0 437997 79 0.03937101364135742
79 0 438076 79 0.03931593894958496
79 0 438155 79 0.03931903839111328
79 0 438234 79 0.03941822052001953
79 0 438313 79 0.03939008712768555
79 0 438392 79 0.03937983512878418
78 0 432992 78 0.03784990310668945
0 79 432992 4096 0.14469075202941895
0 79 437088 2710 0.11998963356018066
78 0 431452 78 0.0415496826171875
0 80 431452 4096 0.1425940990447998
0 81 435548 4096 0.14078640937805176
0 81 439644 767 0.04776811599731445
81 0 440492 81 0.03944039344787598
81 0 440573 81 0.03874087333679199
81 0 440654 81 0.038599491119384766
81 0 440735 81 0.03863191604614258
81 0 440816 81 0.03869819641113281
81 0 440897 81 0.038744211196899414
81 0 440978 81 0.03871893882751465
81 0 441059 81 0.03873395919799805
81 0 441140 81 0.038548946380615234
81 0 441221 81 0.038547515869140625
81 0 441302 81 0.03852128982543945
81 0 441383 81 0.03855133056640625
81 0 441464 81 0.03857016563415527
81 0 441545 81 0.03856015205383301
81 0 441626 81 0.038529157638549805
81 0 441707 81 0.038535118103027344
81 0 441788 81 0.03860330581665039
81 0 441869 81 0.03858828544616699
81 0 441950 81 0.03853321075439453
80 0 435005 80 0.038191795349121094
80 0 435085 80 0.038228511810302734
79 0 430301 79 0.03639674186706543
0 80 430301 4096 0.14481472969055176
0 81 434397 4096 0.17356038093566895
0 81 433490 4096 0.14172649383544922
0 81 437586 2916 0.11486530303955078
80 0 433769 80 0.04054069519042969
0 81 433769 4096 0.14521074295043945
0 82 437865 2541 0.10314178466796875
82 0 440488 82 0.04222893714904785
82 0 440570 82 0.03932929039001465
82 0 440652 82 0.0384218692779541
82 0 440734 82 0.03828024864196777
82 0 440816 82 0.03823113441467285
81 0 433389 81 0.0390322208404541
0 82 433389 4096 0.14473414421081543
0 83 437485 3479 0.12722396850585938
83 0 441047 83 0.040708303451538086
83 0 441130 83 0.03945207595825195
83 0 441213 83 0.039087772369384766
83 0 441296 83 0.03897690773010254
83 0 441379 83 0.0389404296875
83 0 441462 83 0.03899669647216797
83 0 441545 83 0.03902626037597656
82 0 436551 82 0.03901791572570801
82 0 436633 82 0.03905320167541504
82 0 436715 82 0.038840532302856445
82 0 436797 82 0.03886842727661133
82 0 436879 82 0.03884077072143555
82 0 436961 82 0.03880739212036133
82 0 437043 82 0.03880620002746582
82 0 437125 82 0.038880109786987305
82 0 437207 82 0.038893699645996094
82 0 437289 82 0.03886580467224121
82 0 437371 82 0.03884434700012207
82 0 437453 82 0.03885340690612793
81 0 431179 81 0.039642333984375
0 82 431179 4096 0.14797711372375488
0 83 435275 3818 0.14265012741088867
83 0 439176 83 0.042197227478027344
83 0 439259 83 0.04007744789123535
83 0 439342 83 0.03976845741271973
83 0 439425 83 0.03975319862365723
83 0 439508 83 0.0397491455078125
83 0 439591 83 0.03977465629577637
83 0 439674 83 0.03982996940612793
83 0 439757 83 0.03986167907714844
83 0 439840 83 0.03971385955810547
83 0 439923 83 0.03972268104553223
83 0 440006 83 0.03984379768371582
83 0 440089 83 0.03970074653625488
83 0 440172 83 0.03972172737121582
83 0 440255 83 0.0396275520324707
83 0 440338 83 0.0396122932434082
83 0 440421 83 0.03974342346191406
83 0 440504 83 0.039788007736206055
83 0 440587 83 0.03964853286743164
83 0 440670 83 0.0396573543548584
83 0 440753 83 0.039666175842285156
83 0 440836 83 0.039757490158081055
82 0 436547 82 0.03838706016540527
0 83 436547 2622 0.1018977165222168
83 0 439252 83 0.04280996322631836
82 0 436227 82 0.04035305976867676
82 0 436309 82 0.039731502532958984
82 0 436391 82 0.03970074653625488
82 0 436473 82 0.0397489070892334
82 0 436555 82 0.03978466987609863
82 0 436637 82 0.03977799415588379
82 0 436719 82 0.03977346420288086
82 0 436801 82 0.03969907760620117
82 0 436883 82 0.039595842361450195
82 0 436965 82 0.03959226608276367
81 0 430182 81 0.03961896896362305
0 82 430182 4096 0.14581990242004395
0 82 434278 3905 0.16091203689575195
81 0 436351 81 0.04369187355041504
81 0 436432 81 0.04093122482299805
81 0 436513 81 0.04066801071166992
81 0 436594 81 0.04068708419799805
81 0 436675 81 0.04070782661437988
81 0 436756 81 0.04069995880126953
81 0 436837 81 0.04070305824279785
81 0 436918 81 0.04073476791381836
81 0 436999 81 0.040662527084350586
81 0 437080 81 0.04057598114013672
81 0 437161 81 0.04054141044616699
81 0 437242 81 0.04054594039916992
81 0 437323 81 0.040566444396972656
81 0 437404 81 0.040566444396972656
81 0 437485 81 0.040535926818847656
81 0 437566 81 0.040488481521606445
80 0 433985 80 0.03672623634338379
0 81 433985 4096 0.14627814292907715
0 81 428257 4096 0.15900945663452148
0 82 432353 4096 0.14207124710083008
0 82 436449 4096 0.1641528606414795
0 82 440545 967 0.05689358711242676
82 0 441594 82 0.04253721237182617
82 0 441676 82 0.0414888858795166
82 0 441758 82 0.04116559028625488
82 0 441840 82 0.041152000427246094
82 0 441922 82 0.04120302200317383
82 0 442004 82 0.041275739669799805
82 0 442086 82 0.04127025604248047
82 0 442168 82 0.0411839485168457
82 0 442250 82 0.04096865653991699
82 0 442332 82 0.04101228713989258
81 0 434387 81 0.03915858268737793
0 81 429332 4095 0.13964486122131348
0 82 433427 4096 0.14646148681640625
0 82 437523 3297 0.13657188415527344
81 0 432743 81 0.04073476791381836
0 82 432743 4096 0.14537978172302246
0 82 436839 638 0.04471588134765625
82 0 437559 82 0.03885817527770996
82 0 437641 82 0.0383305549621582
82 0 437723 82 0.03829765319824219
82 0 437805 82 0.038352012634277344
82 0 437887 82 0.03830552101135254
82 0 437969 82 0.03835630416870117
82 0 438051 82 0.03827810287475586
82 0 438133 82 0.03824114799499512
82 0 438215 82 0.03817248344421387
81 0 430142 81 0.03653264045715332
0 82 430142 4096 0.14385724067687988
0 83 434238 2816 0.10751461982727051
83 0 437137 83 0.039624691009521484
83 0 437220 83 0.03753471374511719
83 0 437303 83 0.037337541580200195
83 0 437386 83 0.03716588020324707
83 0 437469 83 0.03716325759887695
83 0 437552 83 0.037177085876464844
83 0 437635 83 0.037188053131103516
83 0 437718 83 0.03720498085021973
83 0 437801 83 0.03723907470703125
83 0 437884 83 0.03710222244262695
83 0 437967 83 0.037085771560668945
82 0 434086 82 0.04163646697998047
0 83 434086 4096 0.14439606666564941
0 83 438182 746 0.04882979393005371
83 0 439011 83 0.042629241943359375
83 0 439094 83 0.04199504852294922
83 0 439177 83 0.04184770584106445
83 0 439260 83 0.04191398620605469
83 0 439343 83 0.04197239875793457
83 0 439426 83 0.04196643829345703
83 0 439509 83 0.04178309440612793
83 0 439592 83 0.04175257682800293
83 0 439675 83 0.04158377647399902
83 0 439758 83 0.04160356521606445
83 0 439841 83 0.0416407585144043
83 0 439924 83 0.04159212112426758
83 0 440007 83 0.04167985916137695
83 0 440090 83 0.0417177677154541
82 0 431454 82 0.03713703155517578
0 83 431454 4096 0.14420390129089355
0 84 435550 2823 0.11583089828491211
84 0 438457 84 0.040511131286621094
84 0 438541 84 0.039009809494018555
84 0 438625 84 0.03883051872253418
84 0 438709 84 0.03875470161437988
84 0 438793 84 0.038713693618774414
84 0 438877 84 0.03883004188537598
84 0 438961 84 0.038803815841674805
84 0 439045 84 0.038881778717041016
84 0 439129 84 0.038768768310546875
84 0 439213 84 0.03870558738708496
84 0 439297 84 0.03874683380126953
84 0 439381 84 0.038744211196899414
84 0 439465 84 0.038702964782714844
84 0 439549 84 0.038608551025390625
84 0 439633 84 0.03867840766906738
84 0 439717 84 0.03880786895751953
84 0 439801 84 0.03878474235534668
83 0 437545 83 0.04054546356201172
83 0 437628 83 0.04053831100463867
83 0 437711 83 0.04056525230407715
83 0 437794 83 0.0405726432800293
83 0 437877 83 0.04056835174560547
83 0 437960 83 0.04056739807128906
83 0 438043 83 0.04059457778930664
83 0 438126 83 0.04062008857727051
83 0 438209 83 0.04060840606689453
83 0 438292 83 0.0406498908996582
83 0 438375 83 0.040704965591430664
83 0 438458 83 0.0406041145324707
83 0 438541 83 0.04063749313354492
83 0 438624 83 0.04062795639038086
83 0 438707 83 0.04062628746032715
83 0 438790 83 0.04062843322753906
83 0 438873 83 0.040671586990356445
83 0 438956 83 0.040671348571777344
83 0 439039 83 0.0406494140625
83 0 439122 83 0.04062986373901367
83 0 439205 83 0.04064822196960449
82 0 433047 82 0.03811311721801758
0 83 433047 4096 0.14446496963500977
0 83 437143 836 0.05137443542480469
83 0 438062 83 0.038880109786987305
83 0 438145 83 0.03824138641357422
83 0 438228 83 0.03821992874145508
83 0 438311 83 0.038216590881347656
83 0 438394 83 0.0382080078125
83 0 438477 83 0.03823137283325195
83 0 438560 83 0.03829646110534668
83 0 438643 83 0.03828310966491699
83 0 438726 83 0.038123130798339844
83 0 438809 83 0.03817462921142578
83 0 438892 83 0.03808426856994629
83 0 438975 83 0.03801465034484863
83 0 439058 83 0.03803396224975586
83 0 439141 83 0.03812050819396973
82 0 436659 82 0.03754758834838867
82 0 436741 82 0.03747987747192383
82 0 436823 82 0.03739500045776367
82 0 436905 82 0.03741455078125
82 0 436987 82 0.03748965263366699
82 0 437069 82 0.03747153282165527
82 0 437151 82 0.037542104721069336
82 0 437233 82 0.037474870681762695
82 0 437315 82 0.03752851486206055
82 0 437397 82 0.03748273849487305
82 0 437479 82 0.03760361671447754
82 0 437561 82 0.03746318817138672
82 0 437643 82 0.0375063419342041
81 0 433166 81 0.03745603561401367
0 82 433166 4096 0.14445734024047852
0 82 437262 3452 0.14754557609558105
82 0 440796 82 0.04048466682434082
82 0 440878 82 0.0391840934753418
82 0 440960 82 0.038837432861328125
82 0 441042 82 0.038823604583740234
82 0 441124 82 0.03887438774108887
82 0 441206 82 0.03891158103942871
82 0 441288 82 0.038927316665649414
82 0 441370 82 0.038931846618652344
81 0 436944 81 0.03728318214416504
81 0 437025 81 0.037212371826171875
81 0 437106 81 0.03725004196166992
81 0 437187 81 0.03725576400756836
81 0 437268 81 0.037259817123413086
81 0 437349 81 0.037221670150756836
80 0 430924 80 0.03577399253845215
0 81 430924 4096 0.14568257331848145
0 81 435020 1460 0.0796658992767334
81 0 436561 81 0.04047536849975586
81 0 436642 81 0.039374351501464844
81 0 436723 81 0.03903841972351074
81 0 436804 81 0.03898310661315918
81 0 436885 81 0.03898286819458008
81 0 436966 81 0.038991451263427734
81 0 437047 81 0.03900432586669922
81 0 437128 81 0.03900909423828125
81 0 437209 81 0.03896141052246094
81 0 437290 81 0.03889894485473633
81 0 437371 81 0.038823843002319336
81 0 437452 81 0.03884315490722656
81 0 437533 81 0.03887343406677246
81 0 437614 81 0.038874149322509766
81 0 437695 81 0.038872718811035156
81 0 437776 81 0.038822174072265625
81 0 437857 81 0.038880348205566406
81 0 437938 81 0.038919925689697266
81 0 438019 81 0.03894996643066406
81 0 438100 81 0.03891468048095703
81 0 438181 81 0.038870811462402344
81 0 438262 81 0.03887796401977539
81 0 438343 81 0.03896164894104004
81 0 438424 81 0.03895115852355957
81 0 438505 81 0.03890681266784668
81 0 438586 81 0.038909196853637695
81 0 438667 81 0.038930654525756836
81 0 438748 81 0.03900289535522461
81 0 438829 81 0.038971662521362305
81 0 438910 81 0.03892087936401367
81 0 438991 81 0.03892993927001953
81 0 439072 81 0.038953542709350586
81 0 439153 81 0.03901338577270508
81 0 439234 81 0.03898978233337402
81 0 439315 81 0.03895235061645508
81 0 439396 81 0.0389246940612793
81 0 439477 81 0.038999319076538086
81 0 439558 81 0.038995981216430664
81 0 439639 81 0.03901386260986328
81 0 439720 81 0.038949012756347656
81 0 439801 81 0.038997650146484375
81 0 439882 81 0.03905224800109863
81 0 439963 81 0.03903770446777344
81 0 440044 81 0.03900146484375
81 0 440125 81 0.03897905349731445
81 0 440206 81 0.03900599479675293
81 0 440287 81 0.03905940055847168
81 0 440368 81 0.03907322883605957
81 0 440449 81 0.0390162467956543
81 0 440530 81 0.03902006149291992
81 0 440611 81 0.039049386978149414
81 0 440692 81 0.039069175720214844
81 0 440773 81 0.03909802436828613
81 0 440854 81 0.039046525955200195
81 0 440935 81 0.03903317451477051
81 0 441016 81 0.03908872604370117
81 0 441097 81 0.0390925407409668
81 0 441178 81 0.039101600646972656
81 0 441259 81 0.03905439376831055
81 0 441340 81 0.03904557228088379
81 0 441421 81 0.03913140296936035
81 0 441502 81 0.039167165756225586
79 0 430051 79 0.03745412826538086
0 80 430051 4096 0.14489197731018066
0 81 434147 4030 0.14941167831420898
81 0 438258 81 0.04283881187438965
81 0 438339 81 0.041436195373535156
81 0 438420 81 0.04035830497741699
81 0 438501 81 0.040487051010131836
81 0 438582 81 0.04033088684082031
81 0 438663 81 0.04030346870422363
81 0 438744 81 0.04044198989868164
81 0 438825 81 0.04044961929321289
81 0 438906 81 0.040250301361083984
81 0 438987 81 0.04025864601135254
81 0 439068 81 0.04022336006164551
80 0 433164 80 0.037444353103637695
0 81 433164 1553 0.07327008247375488
81 0 434798 81 0.04164934158325195
81 0 434879 81 0.04027700424194336
81 0 434960 81 0.040091753005981445
81 0 435041 81 0.04010128974914551
81 0 435122 81 0.04013371467590332
81 0 435203 81 0.040123939514160156
81 0 435284 81 0.04014754295349121
81 0 435365 81 0.040143489837646484
81 0 435446 81 0.03996109962463379
81 0 435527 81 0.03995466232299805
81 0 435608 81 0.03997325897216797
81 0 435689 81 0.03999447822570801
81 0 435770 81 0.03998446464538574
81 0 435851 81 0.039916038513183594
81 0 435932 81 0.03993082046508789
81 0 436013 81 0.03997468948364258
81 0 436094 81 0.039991140365600586
81 0 436175 81 0.040008544921875
81 0 436256 81 0.039940834045410156
81 0 436337 81 0.03997230529785156
81 0 436418 81 0.04006671905517578
81 0 436499 81 0.04010510444641113
81 0 436580 81 0.03996467590332031
80 0 427902 80 0.03673434257507324
0 80 424524 4095 0.13936400413513184
0 81 428619 4096 0.15945959091186523
0 82 432715 4096 0.14684534072875977
0 82 436811 3040 0.11640286445617676
82 0 439933 82 0.040967702865600586
82 0 440015 82 0.03921151161193848
82 0 440097 82 0.038910865783691406
82 0 440179 82 0.03894662857055664
82 0 440261 82 0.038968801498413086
81 0 434924 81 0.04078412055969238
0 82 434924 4096 0.14490723609924316
0 82 439020 3200 0.1356966495513916
82 0 442302 82 0.042022705078125
82 0 442384 82 0.03995537757873535
82 0 442466 82 0.03952741622924805
81 0 434750 81 0.039684295654296875
0 82 434750 4096 0.14417338371276855
0 82 430978 4096 0.15123724937438965
0 82 435074 2519 0.10631251335144043
82 0 437675 82 0.04145193099975586
82 0 437757 82 0.03967618942260742
82 0 437839 82 0.03925442695617676
82 0 437921 82 0.03924155235290527
82 0 438003 82 0.039255380630493164
82 0 438085 82 0.03925490379333496
82 0 438167 82 0.03925633430480957
82 0 438249 82 0.03932952880859375
82 0 438331 82 0.039298057556152344
81 0 431355 81 0.038698673248291016
0 82 431355 4096 0.1444694995880127
0 82 435451 3025 0.129990816116333
82 0 438558 82 0.04050469398498535
82 0 438640 82 0.03959846496582031
82 0 438722 82 0.0392756462097168
82 0 438804 82 0.03928685188293457
82 0 438886 82 0.039333343505859375
82 0 438968 82 0.039397478103637695
82 0 439050 82 0.03937840461730957
81 0 431953 81 0.03886866569519043
0 82 431953 4096 0.14586234092712402
0 83 436049 2186 0.09658122062683105
83 0 438318 83 0.040544986724853516
83 0 438401 83 0.0393528938293457
82 0 431044 82 0.03861427307128906
0 84 431044 4096 0.13720941543579102
0 84 435140 1274 0.05864310264587402
84 0 436498 84 0.042546987533569336
84 0 436582 84 0.04052424430847168
84 0 436666 84 0.04022574424743652
84 0 436750 84 0.04018259048461914
84 0 436834 84 0.040149688720703125
84 0 436918 84 0.04015302658081055
84 0 437002 84 0.04014182090759277
84 0 437086 84 0.04017233848571777
84 0 437170 84 0.04006600379943848
84 0 437254 84 0.04006004333496094
84 0 437338 84 0.03998541831970215
84 0 437422 84 0.03997468948364258
84 0 437506 84 0.03999781608581543
84 0 437590 84 0.04004693031311035
84 0 437674 84 0.040062665939331055
84 0 437758 84 0.03998088836669922
84 0 437842 84 0.03997230529785156
84 0 437926 84 0.0400698184967041
84 0 438010 84 0.04009366035461426
84 0 438094 84 0.04007530212402344
84 0 438178 84 0.04002189636230469
84 0 438262 84 0.04001045227050781
83 0 435544 83 0.04011034965515137
83 0 435627 83 0.0400853157043457
83 0 435710 83 0.040029287338256836
83 0 435793 83 0.040053367614746094
82 0 429648 82 0.040082454681396484
0 83 429648 4096 0.14500045776367188
0 83 433744 2250 0.10908937454223633
83 0 436077 83 0.04184532165527344
83 0 436160 83 0.040632009506225586
83 0 436243 83 0.04029345512390137
83 0 436326 83 0.04027605056762695
83 0 436409 83 0.0403289794921875
83 0 436492 83 0.04039573669433594
83 0 436575 83 0.040400028228759766
83 0 436658 83 0.040399789810180664
83 0 436741 83 0.040207862854003906
83 0 436824 83 0.04017210006713867
83 0 436907 83 0.04022479057312012
83 0 436990 83 0.04023599624633789
83 0 437073 83 0.040163278579711914
83 0 437156 83 0.04016470909118652
83 0 437239 83 0.040229082107543945
83 0 437322 83 0.04026317596435547
83 0 437405 83 0.04022693634033203
83 0 437488 83 0.04017901420593262
83 0 437571 83 0.040177106857299805
83 0 437654 83 0.04022479057312012
83 0 437737 83 0.04030418395996094
83 0 437820 83 0.040244102478027344
82 0 433948 82 0.03760695457458496
0 83 433948 3141 0.11552262306213379
83 0 437172 83 0.04014778137207031
83 0 437255 83 0.03873157501220703
83 0 437338 83 0.03785276412963867
83 0 437421 83 0.03779006004333496
83 0 437504 83 0.03781580924987793
83 0 437587 83 0.037943363189697266
83 0 437670 83 0.037955522537231445
83 0 437753 83 0.03796529769897461
83 0 437836 83 0.0379025936126709
83 0 437919 83 0.03776359558105469
83 0 438002 83 0.037801265716552734
83 0 438085 83 0.03776741027832031
83 0 438168 83 0.03780674934387207
83 0 438251 83 0.0378265380859375
83 0 438334 83 0.03777933120727539
83 0 438417 83 0.03772282600402832
83 0 438500 83 0.0377347469329834
83 0 438583 83 0.037822723388671875
83 0 438666 83 0.0378265380859375
83 0 438749 83 0.0377812385559082
83 0 438832 83 0.037754058837890625
83 0 438915 83 0.037770748138427734
82 0 433102 82 0.03806805610656738
0 82 430945 4061 0.14163780212402344
82 0 435088 82 0.04309892654418945
82 0 435170 82 0.04104733467102051
82 0 435252 82 0.04072737693786621
82 0 435334 82 0.04058051109313965
82 0 435416 82 0.040711402893066406
82 0 435498 82 0.040766239166259766
82 0 435580 82 0.040766000747680664
82 0 435662 82 0.0406644344329834
82 0 435744 82 0.0406339168548584
82 0 435826 82 0.04053187370300293
82 0 435908 82 0.040488481521606445
82 0 435990 82 0.040541887283325195
82 0 436072 82 0.04054093360900879
81 0 430525 81 0.040618896484375
0 82 430525 4096 0.14509844779968262
0 83 434621 2084 0.09436273574829102
83 0 436788 83 0.042778730392456055
83 0 436871 83 0.04108834266662598
83 0 436954 83 0.04061579704284668
83 0 437037 83 0.040709495544433594
83 0 437120 83 0.04071164131164551
83 0 437203 83 0.04076337814331055
83 0 437286 83 0.04082918167114258
83 0 437369 83 0.04072213172912598
83 0 437452 83 0.040639400482177734
83 0 437535 83 0.04063606262207031
83 0 437618 83 0.04057621955871582
83 0 437701 83 0.04065251350402832
83 0 437784 83 0.04056048393249512
83 0 437867 83 0.04053807258605957
83 0 437950 83 0.04062604904174805
83 0 438033 83 0.04061532020568848
83 0 438116 83 0.040628671646118164
83 0 438199 83 0.04054117202758789
83 0 438282 83 0.0406041145324707
83 0 438365 83 0.0406191349029541
83 0 438448 83 0.04074501991271973
83 0 438531 83 0.04070115089416504
83 0 438614 83 0.040643930435180664
83 0 438697 83 0.040612220764160156
83 0 438780 83 0.04066896438598633
82 0 430169 82 0.0397181510925293
0 83 430169 3103 0.11398816108703613
83 0 433355 83 0.04231095314025879
83 0 433438 83 0.0407099723815918
83 0 433521 83 0.040079593658447266
83 0 433604 83 0.03992462158203125
83 0 433687 83 0.03992724418640137
83 0 433770 83 0.03983330726623535
83 0 433853 83 0.03993654251098633
83 0 433936 83 0.03983950614929199
82 0 425613 82 0.03768277168273926
0 83 425613 4096 0.14501357078552246
0 83 429709 4096 0.17278456687927246
0 85 433805 4096 0.14035868644714355
0 85 437901 1236 0.059658050537109375
85 0 439222 85 0.043531179428100586
85 0 439307 85 0.04176163673400879
85 0 439392 85 0.041158199310302734
85 0 439477 85 0.04120635986328125
85 0 439562 85 0.04114866256713867
85 0 439647 85 0.041233062744140625
85 0 439732 85 0.041202545166015625
85 0 439817 85 0.041246652603149414
85 0 439902 85 0.04123997688293457
85 0 439987 85 0.041222333908081055
85 0 440072 85 0.040941715240478516
85 0 440157 85 0.04091286659240723
85 0 440242 85 0.04099392890930176
85 0 440327 85 0.04104304313659668
85 0 440412 85 0.04105377197265625
85 0 440497 85 0.0410313606262207
85 0 440582 85 0.0410456657409668
85 0 440667 85 0.041060686111450195
85 0 440752 85 0.04114389419555664
85 0 440837 85 0.04104161262512207
85 0 440922 85 0.041036367416381836
85 0 441007 85 0.041106462478637695
85 0 441092 85 0.04118680953979492
84 0 438139 84 0.041098833084106445
84 0 438223 84 0.04109001159667969
84 0 438307 84 0.04100608825683594
84 0 438391 84 0.041199684143066406
84 0 438475 84 0.041162729263305664
84 0 438559 84 0.0411074161529541
84 0 438643 84 0.04103589057922363
84 0 438727 84 0.04108595848083496
84 0 438811 84 0.04117417335510254
84 0 438895 84 0.04118514060974121
84 0 438979 84 0.04103255271911621
84 0 439063 84 0.041114091873168945
84 0 439147 84 0.04118514060974121
84 0 439231 84 0.04123353958129883
84 0 439315 84 0.04106020927429199
84 0 439399 84 0.041115760803222656
84 0 439483 84 0.04119253158569336
84 0 439567 84 0.04126167297363281
84 0 439651 84 0.04126262664794922
83 0 432794 83 0.03750920295715332
83 0 432877 83 0.037518978118896484
83 0 432960 83 0.03757429122924805
83 0 433043 83 0.03764843940734863
83 0 433126 83 0.03758716583251953
83 0 433209 83 0.037561893463134766
83 0 433292 83 0.037549734115600586
83 0 433375 83 0.037650108337402344
83 0 433458 83 0.03763127326965332
83 0 433541 83 0.037584781646728516
83 0 433624 83 0.037564754486083984
83 0 433707 83 0.037563323974609375
83 0 433790 83 0.03766655921936035
83 0 433873 83 0.03765678405761719
83 0 433956 83 0.03762221336364746
83 0 434039 83 0.03762483596801758
83 0 434122 83 0.037592411041259766
83 0 434205 83 0.03768348693847656
83 0 434288 83 0.037690162658691406
83 0 434371 83 0.03765869140625
83 0 434454 83 0.037624359130859375
83 0 434537 83 0.037628889083862305
83 0 434620 83 0.03767704963684082
82 0 426149 82 0.0367884635925293
0 83 426149 4096 0.14499258995056152
0 84 430245 4096 0.15448880195617676
0 84 434341 957 0.04988908767700195
84 0 435382 84 0.041030168533325195
84 0 435466 84 0.03983330726623535
84 0 435550 84 0.03962135314941406
84 0 435634 84 0.03966975212097168
84 0 435718 84 0.03967857360839844
84 0 435802 84 0.039696693420410156
84 0 435886 84 0.0396878719329834
84 0 435970 84 0.03972029685974121
84 0 436054 84 0.03963637351989746
84 0 436138 84 0.03957986831665039
84 0 436222 84 0.039588212966918945
84 0 436306 84 0.03954911231994629
84 0 436390 84 0.03948259353637695
84 0 436474 84 0.03948855400085449
84 0 436558 84 0.03955340385437012
84 0 436642 84 0.03948378562927246
84 0 436726 84 0.039522409439086914
84 0 436810 84 0.03957390785217285
84 0 436894 84 0.03952956199645996
84 0 436978 84 0.03960442543029785
84 0 437062 84 0.03944253921508789
84 0 437146 84 0.03954601287841797
84 0 437230 84 0.03962874412536621
84 0 437314 84 0.03961777687072754
84 0 437398 84 0.03961491584777832
84 0 437482 84 0.03958630561828613
84 0 437566 84 0.03959536552429199
84 0 437650 84 0.03956961631774902
84 0 437734 84 0.03965449333190918
84 0 437818 84 0.03958773612976074
84 0 437902 84 0.03951239585876465
84 0 437986 84 0.03960371017456055
84 0 438070 84 0.03964567184448242
83 0 432551 83 0.03828144073486328
83 0 432634 83 0.038243770599365234
83 0 432717 83 0.03824663162231445
83 0 432800 83 0.03833913803100586
83 0 432883 83 0.03832077980041504
83 0 432966 83 0.03832197189331055
83 0 433049 83 0.03826284408569336
83 0 433132 83 0.0382688045501709
83 0 433215 83 0.03835725784301758
83 0 433298 83 0.038361549377441406
83 0 433381 83 0.0382997989654541
83 0 433464 83 0.0382685661315918
83 0 433547 83 0.03831291198730469
83 0 433630 83 0.03835582733154297
83 0 433713 83 0.03837394714355469
83 0 433796 83 0.03833365440368652
83 0 433879 83 0.03831768035888672
83 0 433962 83 0.03835463523864746
83 0 434045 83 0.03839731216430664
83 0 434128 83 0.038407325744628906
83 0 434211 83 0.038329124450683594
82 0 427558 82 0.03766059875488281
0 83 427558 4096 0.1448822021484375
0 84 431654 4096 0.16041231155395508
0 84 435750 3259 0.12479043006896973
84 0 439093 84 0.041541337966918945
84 0 439177 84 0.03988146781921387
84 0 439261 84 0.03948831558227539
84 0 439345 84 0.039481401443481445
84 0 439429 84 0.039473533630371094
84 0 439513 84 0.0394899845123291
84 0 439597 84 0.039597272872924805
84 0 439681 84 0.03959465026855469
84 0 439765 84 0.0394740104675293
84 0 439849 84 0.0394289493560791
84 0 439933 84 0.03941535949707031
84 0 440017 84 0.039342403411865234
84 0 440101 84 0.0393373966217041
84 0 440185 84 0.03942298889160156
84 0 440269 84 0.03945469856262207
84 0 440353 84 0.03943753242492676
84 0 440437 84 0.03936648368835449
84 0 440521 84 0.039366960525512695
84 0 440605 84 0.039446115493774414
84 0 440689 84 0.039444684982299805
84 0 440773 84 0.03937983512878418
84 0 440857 84 0.03935599327087402
84 0 440941 84 0.039433956146240234
84 0 441025 84 0.0394895076751709
84 0 441109 84 0.03948044776916504
84 0 441193 84 0.03941655158996582
84 0 441277 84 0.03938937187194824
84 0 441361 84 0.03948235511779785
84 0 441445 84 0.03948783874511719
84 0 441529 84 0.03944087028503418
84 0 441613 84 0.03942513465881348
84 0 441697 84 0.03943443298339844
84 0 441781 84 0.03953146934509277
84 0 441865 84 0.03951907157897949
84 0 441949 84 0.03949785232543945
84 0 442033 84 0.03940224647521973
83 0 433455 83 0.03844261169433594
0 84 433455 4096 0.14657211303710938
0 84 437551 3509 0.14807510375976562
83 0 433870 83 0.04077601432800293
0 84 433870 2617 0.10186600685119629
84 0 436571 84 0.041109323501586914
84 0 436655 84 0.0393977165222168
84 0 436739 84 0.03915667533874512
84 0 436823 84 0.039205074310302734
84 0 436907 84 0.0391390323638916
84 0 436991 84 0.03926253318786621
84 0 437075 84 0.0392606258392334
84 0 437159 84 0.039246320724487305
84 0 437243 84 0.03905749320983887
84 0 437327 84 0.038942575454711914
83 0 431000 83 0.03918266296386719
0 84 431000 4096 0.14580821990966797
0 85 435096 2326 0.10032320022583008
85 0 437507 85 0.040442466735839844
85 0 437592 85 0.03947806358337402
85 0 437677 85 0.039351463317871094
85 0 437762 85 0.039339303970336914
85 0 437847 85 0.03941154479980469
85 0 437932 85 0.03939533233642578
85 0 438017 85 0.039382219314575195
85 0 438102 85 0.039520263671875
85 0 438187 85 0.039324045181274414
85 0 438272 85 0.0391843318939209
85 0 438357 85 0.03918576240539551
85 0 438442 85 0.03919172286987305
85 0 438527 85 0.039188385009765625
85 0 438612 85 0.03921627998352051
85 0 438697 85 0.039238929748535156
85 0 438782 85 0.039224863052368164
85 0 438867 85 0.039208173751831055
85 0 438952 85 0.03920936584472656
85 0 439037 85 0.03922867774963379
85 0 439122 85 0.03928804397583008
85 0 439207 85 0.03931593894958496
85 0 439292 85 0.03919482231140137
85 0 439377 85 0.03921031951904297
85 0 439462 85 0.03927278518676758
85 0 439547 85 0.03930783271789551
85 0 439632 85 0.03928184509277344
84 0 431853 84 0.037410736083984375
0 84 430074 4095 0.14019155502319336
0 85 425007 4096 0.14427828788757324
0 86 429103 4096 0.15462899208068848
0 85 430880 4096 0.1505274772644043
0 85 434976 952 0.05425310134887695
85 0 436013 85 0.03949236869812012
85 0 436098 85 0.03857111930847168
85 0 436183 85 0.038339853286743164
85 0 436268 85 0.03833770751953125
85 0 436353 85 0.03837704658508301
85 0 436438 85 0.038401126861572266
85 0 436523 85 0.038403987884521484
85 0 436608 85 0.03849434852600098
85 0 436693 85 0.03838491439819336
85 0 436778 85 0.03823065757751465
85 0 436863 85 0.03827500343322754
85 0 436948 85 0.0382997989654541
85 0 437033 85 0.03826093673706055
85 0 437118 85 0.03830432891845703
85 0 437203 85 0.03820610046386719
85 0 437288 85 0.03823137283325195
85 0 437373 85 0.03830862045288086
85 0 437458 85 0.03832840919494629
85 0 437543 85 0.03829789161682129
85 0 437628 85 0.03825688362121582
85 0 437713 85 0.03823566436767578
85 0 437798 85 0.0383453369140625
85 0 437883 85 0.038344383239746094
85 0 437968 85 0.03831887245178223
85 0 438053 85 0.03824877738952637
85 0 438138 85 0.03829240798950195
85 0 438223 85 0.03836512565612793
85 0 438308 85 0.038355112075805664
85 0 438393 85 0.03832435607910156
85 0 438478 85 0.0382685661315918
84 0 436297 84 0.03905820846557617
84 0 436381 84 0.03914666175842285
84 0 436465 84 0.03912806510925293
84 0 436549 84 0.03906726837158203
84 0 436633 84 0.03907370567321777
84 0 436717 84 0.03911852836608887
84 0 436801 84 0.03914999961853027
83 0 432213 83 0.03912520408630371
83 0 432296 83 0.039053916931152344
83 0 432379 83 0.03909468650817871
83 0 432462 83 0.03918170928955078
83 0 432545 83 0.0391848087310791
83 0 432628 83 0.03915286064147949
83 0 432711 83 0.03913474082946777
83 0 432794 83 0.039107561111450195
83 0 432877 83 0.039185285568237305
83 0 432960 83 0.03916168212890625
83 0 433043 83 0.039130210876464844
83 0 433126 83 0.039151906967163086
83 0 433209 83 0.03920412063598633
83 0 433292 83 0.03921365737915039
83 0 433375 83 0.03923678398132324
83 0 433458 83 0.039157867431640625
83 0 433541 83 0.03916335105895996
83 0 433624 83 0.039202213287353516
83 0 433707 83 0.039269208908081055
83 0 433790 83 0.03923916816711426
83 0 433873 83 0.03920149803161621
83 0 433956 83 0.03922224044799805
82 0 426230 82 0.037332773208618164
0 83 426230 4096 0.14956426620483398
0 83 430326 2994 0.12967395782470703
83 0 433403 83 0.040848731994628906
83 0 433486 83 0.039618730545043945
83 0 433569 83 0.03946089744567871
83 0 433652 83 0.039507150650024414
83 0 433735 83 0.0394587516784668
83 0 433818 83 0.039481401443481445
83 0 433901 83 0.03956913948059082
83 0 433984 83 0.039568185806274414
83 0 434067 83 0.03930473327636719
83 0 434150 83 0.039252281188964844
83 0 434233 83 0.03925442695617676
83 0 434316 83 0.03923535346984863
83 0 434399 83 0.03926563262939453
83 0 434482 83 0.03932976722717285
83 0 434565 83 0.039328813552856445
83 0 434648 83 0.03928995132446289
83 0 434731 83 0.03926515579223633
83 0 434814 83 0.039293527603149414
83 0 434897 83 0.03937530517578125
83 0 434980 83 0.039381980895996094
83 0 435063 83 0.03930783271789551
83 0 435146 83 0.03929424285888672
83 0 435229 83 0.039339303970336914
82 0 431266 82 0.03780817985534668
0 83 431266 4096 0.1458573341369629
0 83 435362 3268 0.14055347442626953
83 0 438713 83 0.041269540786743164
83 0 438796 83 0.03932547569274902
83 0 438879 83 0.03912687301635742
83 0 438962 83 0.039104461669921875
83 0 439045 83 0.03917288780212402
83 0 439128 83 0.03914451599121094
83 0 439211 83 0.03916811943054199
83 0 439294 83 0.039163827896118164
83 0 439377 83 0.038974761962890625
83 0 439460 83 0.03894543647766113
83 0 439543 83 0.038961172103881836
83 0 439626 83 0.03902029991149902
83 0 439709 83 0.03902411460876465
83 0 439792 83 0.03900623321533203
83 0 439875 83 0.03896450996398926
83 0 439958 83 0.03906536102294922
83 0 440041 83 0.039069175720214844
83 0 440124 83 0.0390162467956543
83 0 440207 83 0.03898310661315918
83 0 440290 83 0.03903532028198242
83 0 440373 83 0.03908348083496094
82 0 431843 82 0.04053997993469238
0 83 431843 4096 0.1453533172607422
0 83 435939 4096 0.17326045036315918
0 83 438213 3343 0.12422370910644531
83 0 441639 83 0.041895151138305664
83 0 441722 83 0.03952980041503906
83 0 441805 83 0.03920125961303711
83 0 441888 83 0.03893566131591797
83 0 441971 83 0.038958072662353516
83 0 442054 83 0.038942813873291016
83 0 442137 83 0.03901219367980957
83 0 442220 83 0.03902125358581543
83 0 442303 83 0.03884100914001465
83 0 442386 83 0.03875589370727539
83 0 442469 83 0.038820743560791016
81 0 428270 81 0.03854703903198242
0 82 428270 4096 0.14436578750610352
0 82 423684 4096 0.1454451084136963
0 83 427780 4096 0.1472492218017578
0 84 431876 4096 0.15934419631958008
0 84 435972 1419 0.07390117645263672
84 0 437475 84 0.04071402549743652
84 0 437559 84 0.039597511291503906
84 0 437643 84 0.03946995735168457
84 0 437727 84 0.03947138786315918
84 0 437811 84 0.03949904441833496
84 0 437895 84 0.039580583572387695
84 0 437979 84 0.039637088775634766
83 0 434259 83 0.04222917556762695
0 84 434259 4096 0.14580035209655762
0 84 438355 2251 0.10835742950439453
84 0 440690 84 0.04514503479003906
84 0 440774 84 0.04234814643859863
83 0 435368 83 0.0406951904296875
83 0 435451 83 0.040744781494140625
83 0 435534 83 0.0406794548034668
83 0 435617 83 0.040727853775024414
83 0 435700 83 0.040729522705078125
83 0 435783 83 0.040682077407836914
82 0 431470 82 0.041654348373413086
82 0 431552 82 0.04163527488708496
82 0 431634 82 0.0416111946105957
82 0 431716 82 0.04165291786193848
82 0 431798 82 0.0417177677154541
82 0 431880 82 0.041699886322021484
82 0 431962 82 0.041604042053222656
82 0 432044 82 0.041619300842285156
82 0 432126 82 0.0416712760925293
82 0 432208 82 0.041708946228027344
82 0 432290 82 0.041655778884887695
82 0 432372 82 0.04163956642150879
82 0 432454 82 0.04168224334716797
82 0 432536 82 0.041744232177734375
82 0 432618 82 0.0417330265045166
82 0 432700 82 0.04166746139526367
82 0 432782 82 0.041666269302368164
82 0 432864 82 0.04170846939086914
82 0 432946 82 0.04174447059631348
82 0 433028 82 0.04171109199523926
82 0 433110 82 0.04168963432312012
82 0 433192 82 0.041736602783203125
82 0 433274 82 0.0417630672454834
82 0 433356 82 0.04174304008483887
82 0 433438 82 0.04169917106628418
82 0 433520 82 0.04168415069580078
82 0 433602 82 0.041790008544921875
82 0 433684 82 0.041846275329589844
82 0 433766 82 0.041802406311035156
81 0 427849 81 0.03942155838012695
80 0 422763 80 0.0363612174987793
80 0 422843 80 0.036386728286743164
80 0 422923 80 0.0364077091217041
80 0 423003 80 0.03634333610534668
80 0 423083 80 0.03632926940917969
80 0 423163 80 0.03638124465942383
79 0 419542 79 0.03548455238342285
79 0 419621 79 0.0352938175201416
79 0 419700 79 0.03524446487426758
79 0 419779 79 0.03534531593322754
79 0 419858 79 0.03535342216491699
79 0 419937 79 0.035372018814086914
79 0 420016 79 0.03538084030151367
79 0 420095 79 0.03531956672668457
79 0 420174 79 0.0353388786315918
79 0 420253 79 0.03534984588623047
79 0 420332 79 0.035387277603149414
79 0 420411 79 0.03535771369934082
79 0 420490 79 0.03539466857910156
79 0 420569 79 0.03531789779663086
79 0 420648 79 0.035361289978027344
79 0 420727 79 0.035420894622802734
79 0 420806 79 0.03538990020751953
79 0 420885 79 0.03542947769165039
79 0 420964 79 0.03538990020751953
79 0 421043 79 0.03539013862609863
79 0 421122 79 0.03545212745666504
79 0 421201 79 0.03545856475830078
79 0 421280 79 0.03544354438781738
79 0 421359 79 0.035422563552856445
78 0 414415 78 0.03596067428588867
78 0 414493 78 0.03601431846618652
78 0 414571 78 0.03603219985961914
77 0 409976 77 0.03606820106506348
77 0 410053 77 0.03599047660827637
77 0 410130 77 0.03599882125854492
77 0 410207 77 0.036049604415893555
77 0 410284 77 0.03606271743774414
77 0 410361 77 0.03609108924865723
76 0 401207 76 0.036199331283569336
76 0 401283 76 0.036185503005981445
76 0 401359 76 0.03627490997314453
76 0 401435 76 0.0362849235534668
76 0 401511 76 0.03630518913269043
76 0 401587 76 0.03623390197753906
76 0 401663 76 0.03624129295349121
76 0 401739 76 0.036264657974243164
76 0 401815 76 0.036314964294433594
76 0 401891 76 0.036322832107543945
76 0 401967 76 0.03628396987915039
76 0 402043 76 0.03631758689880371
76 0 402119 76 0.03623557090759277
76 0 402195 76 0.036363840103149414
75 0 397471 75 0.034122467041015625
75 0 397546 75 0.03408455848693848
75 0 397621 75 0.03404998779296875
75 0 397696 75 0.03403282165527344
75 0 397771 75 0.03413558006286621
75 0 397846 75 0.034148216247558594
74 0 388322 74 0.034323930740356445
74 0 388396 74 0.03431248664855957
74 0 388470 74 0.034271955490112305
74 0 388544 74 0.03434872627258301
74 0 388618 74 0.03438067436218262
74 0 388692 74 0.03435564041137695
74 0 388766 74 0.03435659408569336
74 0 388840 74 0.03429126739501953
74 0 388914 74 0.034310340881347656
74 0 388988 74 0.034353017807006836
74 0 389062 74 0.03437185287475586
74 0 389136 74 0.034325599670410156
74 0 389210 74 0.03429555892944336
74 0 389284 74 0.034308671951293945
74 0 389358 74 0.03438568115234375
74 0 389432 74 0.03445267677307129
74 0 389506 74 0.03445911407470703
74 0 389580 74 0.03433108329772949
74 0 389654 74 0.03437519073486328
74 0 389728 74 0.03444504737854004
74 0 389802 74 0.03440523147583008
74 0 389876 74 0.03440666198730469
74 0 389950 74 0.0343778133392334
74 0 390024 74 0.03438758850097656
74 0 390098 74 0.03438615798950195
74 0 390172 74 0.034455299377441406
74 0 390246 74 0.03448033332824707
74 0 390320 74 0.034506797790527344
74 0 390394 74 0.03440093994140625
74 0 390468 74 0.034406423568725586
73 0 383817 73 0.03479480743408203
73 0 383890 73 0.03480672836303711
73 0 383963 73 0.034803152084350586
72 0 374170 72 0.031101465225219727
72 0 374242 72 0.030977487564086914
72 0 374314 72 0.031105995178222656
72 0 374386 72 0.031099796295166016
72 0 374458 72 0.03108835220336914
72 0 374530 72 0.03111553192138672
72 0 374602 72 0.031148672103881836
72 0 374674 72 0.031084775924682617
72 0 374746 72 0.031069278717041016
72 0 374818 72 0.03123307228088379
72 0 374890 72 0.031129837036132812
72 0 374962 72 0.031119346618652344
72 0 375034 72 0.031105995178222656
72 0 375106 72 0.031023263931274414
72 0 375178 72 0.031091928482055664
72 0 375250 72 0.031205415725708008
72 0 375322 72 0.03110647201538086
72 0 375394 72 0.031120777130126953
72 0 375466 72 0.031124353408813477
72 0 375538 72 0.031171560287475586
71 0 366260 71 0.030523061752319336
71 0 366331 71 0.03055095672607422
71 0 366402 71 0.030560731887817383
71 0 366473 71 0.03054642677307129
71 0 366544 71 0.03051590919494629
71 0 366615 71 0.03054642677307129
71 0 366686 71 0.030549287796020508
71 0 366757 71 0.030628204345703125
71 0 366828 71 0.030600786209106445
71 0 366899 71 0.03058457374572754
71 0 366970 71 0.03052973747253418
71 0 367041 71 0.030533313751220703
71 0 367112 71 0.030560970306396484
70 0 361750 70 0.030036211013793945
70 0 361820 70 0.029962778091430664
70 0 361890 70 0.029950380325317383
70 0 361960 70 0.02985525131225586
70 0 362030 70 0.029888629913330078
70 0 362100 70 0.029953956604003906
70 0 362170 70 0.03002762794494629
70 0 362240 70 0.029964685440063477
70 0 362310 70 0.02995133399963379
70 0 362380 70 0.029992341995239258
70 0 362450 70 0.029952287673950195
69 0 357008 69 0.030607223510742188
69 0 357077 69 0.030593395233154297
69 0 357146 69 0.030627727508544922
69 0 357215 69 0.030601978302001953
69 0 357284 69 0.030542612075805664
69 0 357353 69 0.03054976463317871
69 0 357422 69 0.03057408332824707
69 0 357491 69 0.030607223510742188
69 0 357560 69 0.030620098114013672
69 0 357629 69 0.030590534210205078
69 0 357698 69 0.03055119514465332
69 0 357767 69 0.03055286407470703
69 0 357836 69 0.030571460723876953
69 0 357905 69 0.03066539764404297
69 0 357974 69 0.030637741088867188
69 0 358043 69 0.030632972717285156
69 0 358112 69 0.030611276626586914
69 0 358181 69 0.030597209930419922
69 0 358250 69 0.030636072158813477
69 0 358319 69 0.030651569366455078
69 0 358388 69 0.030646085739135742
69 0 358457 69 0.03063797950744629
69 0 358526 69 0.03060460090637207
69 0 358595 69 0.030619382858276367
69 0 358664 69 0.030639171600341797
69 0 358733 69 0.030649900436401367
69 0 358802 69 0.030656814575195312
69 0 358871 69 0.030641794204711914
69 0 358940 69 0.030635833740234375
69 0 359009 69 0.030673742294311523
69 0 359078 69 0.030676841735839844
69 0 359147 69 0.03072381019592285
69 0 359216 69 0.030695438385009766
69 0 359285 69 0.03070211410522461
69 0 359354 69 0.030637502670288086
69 0 359423 69 0.030646562576293945
69 0 359492 69 0.030718564987182617
69 0 359561 69 0.03074479103088379
69 0 359630 69 0.030720233917236328
69 0 359699 69 0.03069591522216797
69 0 359768 69 0.030678987503051758
69 0 359837 69 0.03067612648010254
69 0 359906 69 0.03070807456970215
69 0 359975 69 0.030727863311767578
69 0 360044 69 0.03076028823852539
68 0 353065 68 0.029732942581176758
68 0 353133 68 0.029761314392089844
68 0 353201 68 0.029774904251098633
68 0 353269 68 0.02964019775390625
68 0 353337 68 0.02981734275817871
68 0 353405 68 0.029824495315551758
68 0 353473 68 0.029785871505737305
68 0 353541 68 0.029741525650024414
68 0 353609 68 0.029654741287231445
68 0 353677 68 0.029773712158203125
68 0 353745 68 0.029743194580078125
68 0 353813 68 0.02975940704345703
68 0 353881 68 0.029770851135253906
68 0 353949 68 0.029718399047851562
68 0 354017 68 0.029773950576782227
68 0 354085 68 0.029693603515625
68 0 354153 68 0.029792308807373047
68 0 354221 68 0.02986907958984375
68 0 354289 68 0.02976393699645996
68 0 354357 68 0.029839515686035156
68 0 354425 68 0.029781818389892578
68 0 354493 68 0.02974700927734375
68 0 354561 68 0.02985215187072754
68 0 354629 68 0.029881000518798828
68 0 354697 68 0.02985525131225586
68 0 354765 68 0.029795169830322266
67 0 351200 67 0.03027200698852539
67 0 351267 67 0.030265092849731445
67 0 351334 67 0.030326128005981445
67 0 351401 67 0.030312299728393555
67 0 351468 67 0.030329227447509766
67 0 351535 67 0.030265331268310547
67 0 351602 67 0.030300617218017578
67 0 351669 67 0.030310392379760742
67 0 351736 67 0.030341148376464844
66 0 348485 66 0.03017592430114746
66 0 348551 66 0.03015899658203125
66 0 348617 66 0.030155658721923828
66 0 348683 66 0.03021693229675293
66 0 348749 66 0.0301210880279541
66 0 348815 66 0.030162811279296875
66 0 348881 66 0.030178546905517578
65 0 346079 65 0.030103683471679688
65 0 346144 65 0.030052900314331055
65 0 346209 65 0.0300447940826416
65 0 346274 65 0.030046701431274414
65 0 346339 65 0.03008556365966797
65 0 346404 65 0.030094146728515625
65 0 346469 65 0.030139446258544922
65 0 346534 65 0.03007984161376953
65 0 346599 65 0.030078887939453125
65 0 346664 65 0.030089139938354492
65 0 346729 65 0.030147314071655273
65 0 346794 65 0.030158281326293945
65 0 346859 65 0.03013777732849121
65 0 346924 65 0.030125856399536133
65 0 346989 65 0.030113935470581055
64 0 339447 64 0.027920246124267578
64 0 339511 64 0.027910947799682617
64 0 339575 64 0.027944087982177734
64 0 339639 64 0.02793121337890625
64 0 339703 64 0.027907371520996094
64 0 339767 64 0.02792525291442871
64 0 339831 64 0.027909517288208008
64 0 339895 64 0.02790355682373047
64 0 339959 64 0.027952194213867188
64 0 340023 64 0.027940034866333008
64 0 340087 64 0.027966022491455078
64 0 340151 64 0.02791571617126465
64 0 340215 64 0.02790546417236328
64 0 340279 64 0.02794361114501953
64 0 340343 64 0.027985572814941406
64 0 340407 64 0.02800297737121582
64 0 340471 64 0.02800917625427246
64 0 340535 64 0.028017044067382812
64 0 340599 64 0.027944087982177734
64 0 340663 64 0.027953386306762695
64 0 340727 64 0.02795886993408203
63 0 337962 63 0.02804422378540039
63 0 338025 63 0.028063058853149414
63 0 338088 63 0.028045177459716797
63 0 338151 63 0.027987241744995117
63 0 338214 63 0.028000831604003906
63 0 338277 63 0.028009414672851562
63 0 338340 63 0.028016090393066406
63 0 338403 63 0.028060197830200195
63 0 338466 63 0.02808356285095215
63 0 338529 63 0.028071880340576172
63 0 338592 63 0.02805352210998535
63 0 338655 63 0.02804279327392578
63 0 338718 63 0.028036832809448242
63 0 338781 63 0.02809929847717285
63 0 338844 63 0.02807927131652832
63 0 338907 63 0.028093338012695312
63 0 338970 63 0.028084516525268555
63 0 339033 63 0.028073549270629883
63 0 339096 63 0.028086423873901367
63 0 339159 63 0.02811741828918457
63 0 339222 63 0.02811431884765625
63 0 339285 63 0.028132200241088867
63 0 339348 63 0.02810192108154297
63 0 339411 63 0.028078794479370117
63 0 339474 63 0.028120994567871094
63 0 339537 63 0.028109312057495117
63 0 339600 63 0.028166532516479492
63 0 339663 63 0.02817225456237793
63 0 339726 63 0.028149127960205078
63 0 339789 63 0.02810382843017578
62 0 332332 62 0.027997732162475586
62 0 332394 62 0.028000593185424805
62 0 332456 62 0.028020858764648438
62 0 332518 62 0.02804398536682129
62 0 332580 62 0.028038978576660156
62 0 332642 62 0.028034210205078125
62 0 332704 62 0.027991294860839844
62 0 332766 62 0.027982711791992188
62 0 332828 62 0.027981281280517578
62 0 332890 62 0.028066158294677734
62 0 332952 62 0.0281069278717041
62 0 333014 62 0.02811717987060547
62 0 333076 62 0.02805924415588379
61 0 325230 61 0.02797698974609375
61 0 325291 61 0.027983665466308594
61 0 325352 61 0.028026580810546875
61 0 325413 61 0.028017282485961914
61 0 325474 61 0.02801823616027832
61 0 325535 61 0.028006315231323242
61 0 325596 61 0.027986764907836914
61 0 325657 61 0.027972936630249023
61 0 325718 61 0.027965307235717773
61 0 325779 61 0.02802896499633789
61 0 325840 61 0.02804422378540039
61 0 325901 61 0.028014659881591797
61 0 325962 61 0.02798914909362793
61 0 326023 61 0.027993440628051758
61 0 326084 61 0.027982234954833984
61 0 326145 61 0.02800583839416504
61 0 326206 61 0.028087854385375977
60 0 318355 60 0.02725076675415039
60 0 318415 60 0.02722954750061035
60 0 318475 60 0.02717876434326172
60 0 318535 60 0.02718973159790039
60 0 318595 60 0.027167320251464844
60 0 318655 60 0.02725696563720703
60 0 318715 60 0.027259349822998047
60 0 318775 60 0.027294158935546875
60 0 318835 60 0.02724003791809082
60 0 318895 60 0.027219295501708984
60 0 318955 60 0.027221202850341797
60 0 319015 60 0.027243614196777344
60 0 319075 60 0.02727818489074707
59 0 311512 59 0.026905059814453125
59 0 311571 59 0.026943445205688477
59 0 311630 59 0.026874303817749023
59 0 311689 59 0.027205467224121094
59 0 311748 59 0.027080059051513672
59 0 311807 59 0.027067899703979492
59 0 311866 59 0.026974916458129883
59 0 311925 59 0.02700042724609375
59 0 311984 59 0.026975154876708984
59 0 312043 59 0.026990652084350586
59 0 312102 59 0.026992321014404297
59 0 312161 59 0.02698230743408203
59 0 312220 59 0.0270233154296875
59 0 312279 59 0.027029752731323242
59 0 312338 59 0.02702617645263672
59 0 312397 59 0.02694869041442871
59 0 312456 59 0.026838064193725586
59 0 312515 59 0.02686476707458496
58 0 307796 58 0.02698040008544922
58 0 307854 58 0.02708268165588379
58 0 307912 58 0.027078866958618164
58 0 307970 58 0.027109622955322266
58 0 308028 58 0.027034521102905273
58 0 308086 58 0.027026891708374023
58 0 308144 58 0.027027130126953125
58 0 308202 58 0.0270383358001709
58 0 308260 58 0.02709794044494629
58 0 308318 58 0.02708721160888672
58 0 308376 58 0.027088403701782227
58 0 308434 58 0.02704024314880371
58 0 308492 58 0.027033090591430664
57 0 302171 57 0.026436805725097656
57 0 302228 57 0.026505708694458008
57 0 302285 57 0.026520490646362305
57 0 302342 57 0.026516199111938477
57 0 302399 57 0.026523590087890625
57 0 302456 57 0.026491403579711914
57 0 302513 57 0.026499509811401367
57 0 302570 57 0.02649521827697754
57 0 302627 57 0.026520252227783203
57 0 302684 57 0.026572227478027344
57 0 302741 57 0.02700018882751465
57 0 302798 57 0.02673029899597168
57 0 302855 57 0.026651382446289062
57 0 302912 57 0.02666163444519043
57 0 302969 57 0.026697874069213867
57 0 303026 57 0.026899099349975586
56 0 298755 56 0.026031017303466797
56 0 298811 56 0.025959491729736328
56 0 298867 56 0.02593207359313965
55 0 296361 55 0.02585148811340332
55 0 296416 55 0.025878190994262695
55 0 296471 55 0.025930166244506836
55 0 296526 55 0.025922536849975586
55 0 296581 55 0.025923490524291992
55 0 296636 55 0.025922298431396484
55 0 296691 55 0.02598714828491211
55 0 296746 55 0.02588176727294922
55 0 296801 55 0.025887012481689453
55 0 296856 55 0.025913238525390625
55 0 296911 55 0.02585315704345703
55 0 296966 55 0.025823593139648438
55 0 297021 55 0.02583026885986328
55 0 297076 55 0.025911331176757812
55 0 297131 55 0.02593851089477539
55 0 297186 55 0.02595686912536621
55 0 297241 55 0.025957107543945312
55 0 297296 55 0.025901317596435547
55 0 297351 55 0.025893211364746094
55 0 297406 55 0.025878190994262695
55 0 297461 55 0.0258939266204834
55 0 297516 55 0.025954723358154297
55 0 297571 55 0.02596306800842285
55 0 297626 55 0.025946617126464844
55 0 297681 55 0.02589893341064453
55 0 297736 55 0.02588176727294922
55 0 297791 55 0.025879383087158203
55 0 297846 55 0.025897502899169922
55 0 297901 55 0.025943994522094727
55 0 297956 55 0.02599477767944336
55 0 298011 55 0.02598261833190918
55 0 298066 55 0.02596426010131836
55 0 298121 55 0.025927066802978516
55 0 298176 55 0.025930166244506836
55 0 298231 55 0.02592921257019043
55 0 298286 55 0.025920391082763672
55 0 298341 55 0.025922536849975586
55 0 298396 55 0.02593255043029785
55 0 298451 55 0.025928258895874023
55 0 298506 55 0.02591848373413086
54 0 291461 54 0.024733304977416992
54 0 291515 54 0.024773836135864258
54 0 291569 54 0.024858474731445312
54 0 291623 54 0.02485942840576172
54 0 291677 54 0.024857282638549805
53 0 286016 53 0.02437305450439453
53 0 286069 53 0.024399757385253906
53 0 286122 53 0.024389982223510742
53 0 286175 53 0.02440643310546875
53 0 286228 53 0.024434566497802734
53 0 286281 53 0.0244448184967041
53 0 286334 53 0.024443626403808594
53 0 286387 53 0.02444314956665039
53 0 286440 53 0.024396657943725586
53 0 286493 53 0.02438211441040039
53 0 286546 53 0.02439141273498535
53 0 286599 53 0.0243988037109375
53 0 286652 53 0.024445772171020508
53 0 286705 53 0.024454832077026367
53 0 286758 53 0.024460792541503906
53 0 286811 53 0.024413585662841797
53 0 286864 53 0.0243985652923584
53 0 286917 53 0.024428367614746094
53 0 286970 53 0.024434328079223633
53 0 287023 53 0.024482011795043945
53 0 287076 53 0.02448892593383789
53 0 287129 53 0.02449941635131836
53 0 287182 53 0.02448248863220215
53 0 287235 53 0.024453163146972656
53 0 287288 53 0.02445077896118164
53 0 287341 53 0.024431705474853516
53 0 287394 53 0.02445816993713379
53 0 287447 53 0.02448439598083496
53 0 287500 53 0.02447986602783203
53 0 287553 53 0.02447962760925293
53 0 287606 53 0.02445816993713379
53 0 287659 53 0.024441003799438477
53 0 287712 53 0.024434328079223633
53 0 287765 53 0.02448725700378418
53 0 287818 53 0.024532556533813477
53 0 287871 53 0.02453756332397461
53 0 287924 53 0.024532318115234375
52 0 284615 52 0.024352550506591797
52 0 284667 52 0.024300336837768555
52 0 284719 52 0.024302244186401367
52 0 284771 52 0.024328231811523438
52 0 284823 52 0.02434396743774414
52 0 284875 52 0.02438807487487793
52 0 284927 52 0.024412155151367188
52 0 284979 52 0.024388551712036133
52 0 285031 52 0.02436065673828125
52 0 285083 52 0.024346590042114258
52 0 285135 52 0.02443718910217285
52 0 285187 52 0.024374723434448242
52 0 285239 52 0.02440643310546875
52 0 285291 52 0.024443864822387695
52 0 285343 52 0.02444148063659668
52 0 285395 52 0.024442672729492188
52 0 285447 52 0.0244443416595459
52 0 285499 52 0.024437427520751953
52 0 285551 52 0.024443864822387695
52 0 285603 52 0.02440190315246582
51 0 277098 51 0.02398228645324707
51 0 277149 51 0.024010419845581055
51 0 277200 51 0.02405381202697754
51 0 277251 51 0.02409672737121582
51 0 277302 51 0.024084806442260742
51 0 277353 51 0.02410125732421875
51 0 277404 51 0.02408289909362793
51 0 277455 51 0.02404928207397461
51 0 277506 51 0.024051904678344727
51 0 277557 51 0.02406167984008789
51 0 277608 51 0.02408003807067871
51 0 277659 51 0.024098634719848633
51 0 277710 51 0.024094581604003906
51 0 277761 51 0.02409076690673828
51 0 277812 51 0.024053096771240234
51 0 277863 51 0.024070024490356445
51 0 277914 51 0.024043560028076172
51 0 277965 51 0.02405405044555664
51 0 278016 51 0.024126768112182617
51 0 278067 51 0.024145126342773438
51 0 278118 51 0.024132490158081055
50 0 275557 50 0.0241854190826416
50 0 275607 50 0.024103164672851562
50 0 275657 50 0.02409982681274414
50 0 275707 50 0.024105548858642578
50 0 275757 50 0.024119853973388672
50 0 275807 50 0.024158000946044922
50 0 275857 50 0.024141311645507812
50 0 275907 50 0.02414703369140625
50 0 275957 50 0.024126291275024414
50 0 276007 50 0.02411937713623047
50 0 276057 50 0.02410292625427246
50 0 276107 50 0.024106502532958984
50 0 276157 50 0.02413773536682129
50 0 276207 50 0.024209976196289062
50 0 276257 50 0.024186372756958008
50 0 276307 50 0.024180889129638672
49 0 273078 49 0.023862361907958984
49 0 273127 49 0.023854494094848633
49 0 273176 49 0.023853540420532227
48 0 264167 48 0.02258896827697754
48 0 264215 48 0.022493362426757812
48 0 264263 48 0.02249622344970703
48 0 264311 48 0.022488832473754883
48 0 264359 48 0.022504806518554688
48 0 264407 48 0.022526979446411133
48 0 264455 48 0.022553682327270508
48 0 264503 48 0.02253413200378418
48 0 264551 48 0.02254033088684082
48 0 264599 48 0.02248668670654297
48 0 264647 48 0.022484540939331055
48 0 264695 48 0.022498607635498047
48 0 264743 48 0.022493362426757812
48 0 264791 48 0.02258443832397461
48 0 264839 48 0.02258443832397461
48 0 264887 48 0.022597074508666992
48 0 264935 48 0.022578716278076172
48 0 264983 48 0.022541522979736328
48 0 265031 48 0.02253556251525879
48 0 265079 48 0.022524118423461914
48 0 265127 48 0.022533416748046875
48 0 265175 48 0.02257704734802246
48 0 265223 48 0.0225830078125
48 0 265271 48 0.022591590881347656
48 0 265319 48 0.022586345672607422
48 0 265367 48 0.022521257400512695
48 0 265415 48 0.02252030372619629
48 0 265463 48 0.02252936363220215
48 0 265511 48 0.022524118423461914
48 0 265559 48 0.022616863250732422
48 0 265607 48 0.022631406784057617
48 0 265655 48 0.022619247436523438
48 0 265703 48 0.02261066436767578
48 0 265751 48 0.022557735443115234
48 0 265799 48 0.022592782974243164
48 0 265847 48 0.022565364837646484
48 0 265895 48 0.022583484649658203
48 0 265943 48 0.02261972427368164
48 0 265991 48 0.022621631622314453
48 0 266039 48 0.022630691528320312
48 0 266087 48 0.022632837295532227
48 0 266135 48 0.02256941795349121
48 0 266183 48 0.022569656372070312
48 0 266231 48 0.022573471069335938
48 0 266279 48 0.022568464279174805
48 0 266327 48 0.022650480270385742
48 0 266375 48 0.022658348083496094
47 0 261063 47 0.022539138793945312
47 0 261110 47 0.02251291275024414
47 0 261157 47 0.02253556251525879
47 0 261204 47 0.0225217342376709
47 0 261251 47 0.02252960205078125
47 0 261298 47 0.02253270149230957
47 0 261345 47 0.022576093673706055
47 0 261392 47 0.022562265396118164
47 0 261439 47 0.022564172744750977
47 0 261486 47 0.02257251739501953
47 0 261533 47 0.02253246307373047
47 0 261580 47 0.02253103256225586
47 0 261627 47 0.022533178329467773
47 0 261674 47 0.022522449493408203
47 0 261721 47 0.022568464279174805
47 0 261768 47 0.022563695907592773
46 0 259829 46 0.022542715072631836
45 0 253799 45 0.02228236198425293
45 0 253844 45 0.022252559661865234
45 0 253889 45 0.022262096405029297
45 0 253934 45 0.022247314453125
45 0 253979 45 0.022284269332885742
45 0 254024 45 0.022335290908813477
45 0 254069 45 0.022345781326293945
44 0 246636 44 0.021834135055541992
44 0 246680 44 0.021846771240234375
44 0 246724 44 0.02180624008178711
44 0 246768 44 0.02178812026977539
44 0 246812 44 0.02180004119873047
44 0 246856 44 0.021800756454467773
44 0 246900 44 0.021825790405273438
43 0 238250 43 0.021610736846923828
43 0 238293 43 0.02162313461303711
43 0 238336 43 0.021651506423950195
43 0 238379 43 0.021635770797729492
43 0 238422 43 0.021656036376953125
43 0 238465 43 0.02163219451904297
43 0 238508 43 0.021638870239257812
43 0 238551 43 0.02164912223815918
43 0 238594 43 0.021657943725585938
43 0 238637 43 0.021645545959472656
43 0 238680 43 0.021634340286254883
43 0 238723 43 0.021635770797729492
43 0 238766 43 0.021662473678588867
43 0 238809 43 0.021654844284057617
43 0 238852 43 0.021640300750732422
43 0 238895 43 0.021637439727783203
43 0 238938 43 0.021648883819580078
43 0 238981 43 0.0216219425201416
43 0 239024 43 0.021645069122314453
43 0 239067 43 0.02164483070373535
43 0 239110 43 0.021634817123413086
43 0 239153 43 0.021620512008666992
43 0 239196 43 0.021642446517944336
43 0 239239 43 0.021626949310302734
43 0 239282 43 0.021612167358398438
43 0 239325 43 0.021625518798828125
43 0 239368 43 0.02169632911682129
43 0 239411 43 0.021686792373657227
43 0 239454 43 0.021656513214111328
43 0 239497 43 0.021691083908081055
43 0 239540 43 0.02168440818786621
43 0 239583 43 0.021665334701538086
43 0 239626 43 0.021678447723388672
43 0 239669 43 0.021672964096069336
43 0 239712 43 0.02166461944580078
43 0 239755 43 0.021664142608642578
43 0 239798 43 0.021669387817382812
43 0 239841 43 0.0216367244720459
43 0 239884 43 0.02163386344909668
43 0 239927 43 0.021634817123413086
42 0 237854 42 0.021642446517944336
42 0 237896 42 0.02168583869934082
42 0 237938 42 0.021704912185668945
41 0 232151 41 0.021518468856811523
41 0 232192 41 0.0215151309967041
41 0 232233 41 0.021502971649169922
41 0 232274 41 0.021528959274291992
41 0 232315 41 0.021510601043701172
41 0 232356 41 0.021516799926757812
41 0 232397 41 0.021515369415283203
40 0 226908 40 0.019741535186767578
40 0 226948 40 0.019676923751831055
40 0 226988 40 0.019667863845825195
40 0 227028 40 0.01967310905456543
40 0 227068 40 0.019663572311401367
40 0 227108 40 0.01970958709716797
40 0 227148 40 0.019712209701538086
40 0 227188 40 0.019716262817382812
40 0 227228 40 0.01970386505126953
40 0 227268 40 0.01965475082397461
40 0 227308 40 0.019673824310302734
40 0 227348 40 0.01968550682067871
40 0 227388 40 0.019669055938720703
40 0 227428 40 0.01969456672668457
40 0 227468 40 0.019705772399902344
40 0 227508 40 0.01969766616821289
40 0 227548 40 0.01971721649169922
40 0 227588 40 0.019726991653442383
40 0 227628 40 0.019669294357299805
40 0 227668 40 0.019675493240356445
40 0 227708 40 0.019675254821777344
39 0 219887 39 0.019459009170532227
39 0 219926 39 0.01947951316833496
39 0 219965 39 0.019514083862304688
39 0 220004 39 0.01950979232788086
39 0 220043 39 0.019505977630615234
39 0 220082 39 0.019501924514770508
39 0 220121 39 0.01950669288635254
39 0 220160 39 0.019497156143188477
39 0 220199 39 0.019521236419677734
39 0 220238 39 0.019502878189086914
39 0 220277 39 0.019509315490722656
39 0 220316 39 0.01950693130493164
39 0 220355 39 0.019517898559570312
39 0 220394 39 0.019519567489624023
39 0 220433 39 0.019516468048095703
39 0 220472 39 0.019488096237182617
39 0 220511 39 0.019474506378173828
39 0 220550 39 0.01946401596069336
39 0 220589 39 0.019489526748657227
39 0 220628 39 0.019481420516967773
39 0 220667 39 0.019550561904907227
39 0 220706 39 0.01954030990600586
39 0 220745 39 0.01955580711364746
39 0 220784 39 0.01955270767211914
39 0 220823 39 0.019545316696166992
39 0 220862 39 0.019544363021850586
39 0 220901 39 0.01956653594970703
39 0 220940 39 0.01955866813659668
39 0 220979 39 0.0195465087890625
39 0 221018 39 0.01955437660217285
39 0 221057 39 0.019556283950805664
39 0 221096 39 0.019554615020751953
39 0 221135 39 0.019544363021850586
39 0 221174 39 0.019561767578125
38 0 213252 38 0.018916845321655273
38 0 213290 38 0.01894378662109375
38 0 213328 38 0.01892828941345215
38 0 213366 38 0.018930912017822266
37 0 204137 37 0.018385648727416992
37 0 204174 37 0.018416881561279297
36 0 200832 36 0.018310546875
35 0 195957 35 0.018335819244384766
35 0 195992 35 0.01832270622253418
34 0 192036 34 0.01831984519958496
34 0 192070 34 0.018323183059692383
34 0 192104 34 0.0183260440826416
34 0 192138 34 0.01832747459411621
34 0 192172 34 0.01830458641052246
34 0 192206 34 0.0183103084564209
34 0 192240 34 0.018320322036743164
34 0 192274 34 0.018323183059692383
34 0 192308 34 0.018314838409423828
34 0 192342 34 0.01832270622253418
34 0 192376 34 0.018327713012695312
34 0 192410 34 0.01829981803894043
34 0 192444 34 0.018314599990844727
34 0 192478 34 0.018320798873901367
34 0 192512 34 0.01831841468811035
34 0 192546 34 0.01833200454711914
34 0 192580 34 0.01832437515258789
34 0 192614 34 0.018323898315429688
34 0 192648 34 0.01837325096130371
34 0 192682 34 0.01836562156677246
34 0 192716 34 0.01835346221923828
34 0 192750 34 0.018345117568969727
34 0 192784 34 0.018373966217041016
34 0 192818 34 0.01836991310119629
34 0 192852 34 0.018367290496826172
34 0 192886 34 0.018355846405029297
34 0 192920 34 0.01836991310119629
34 0 192954 34 0.018351316452026367
34 0 192988 34 0.018351316452026367
34 0 193022 34 0.01835179328918457
34 0 193056 34 0.018349885940551758
34 0 193090 34 0.018382787704467773
34 0 193124 34 0.01836562156677246
33 0 187928 33 0.018313884735107422
33 0 187961 33 0.018315553665161133
33 0 187994 33 0.018310546875
33 0 188027 33 0.018319368362426758
33 0 188060 33 0.018309354782104492
33 0 188093 33 0.018316984176635742
33 0 188126 33 0.018315553665161133
33 0 188159 33 0.01832127571105957
33 0 188192 33 0.018299102783203125
33 0 188225 33 0.01831674575805664
33 0 188258 33 0.018312454223632812
32 0 182275 32 0.01728963851928711
32 0 182307 32 0.017346620559692383
32 0 182339 32 0.017359495162963867
32 0 182371 32 0.017340421676635742
31 0 177623 31 0.01705622673034668
31 0 177654 31 0.01707768440246582
31 0 177685 31 0.01699542999267578
31 0 177716 31 0.017069101333618164
31 0 177747 31 0.017019271850585938
31 0 177778 31 0.01704239845275879
31 0 177809 31 0.01700758934020996
31 0 177840 31 0.017057180404663086
31 0 177871 31 0.01705646514892578
31 0 177902 31 0.017028331756591797
31 0 177933 31 0.017079830169677734
31 0 177964 31 0.017060279846191406
31 0 177995 31 0.017042875289916992
31 0 178026 31 0.016986370086669922
31 0 178057 31 0.016988754272460938
31 0 178088 31 0.017051219940185547
31 0 178119 31 0.01704120635986328
31 0 178150 31 0.016974210739135742
31 0 178181 31 0.017052888870239258
31 0 178212 31 0.017020225524902344
31 0 178243 31 0.017069578170776367
31 0 178274 31 0.017014503479003906
31 0 178305 31 0.017061471939086914
31 0 178336 31 0.017068147659301758
31 0 178367 31 0.017063617706298828
31 0 178398 31 0.017055273056030273
30 0 174489 30 0.01671314239501953
30 0 174519 30 0.016752958297729492
30 0 174549 30 0.016701459884643555
30 0 174579 30 0.01669025421142578
30 0 174609 30 0.016744613647460938
30 0 174639 30 0.01674175262451172
30 0 174669 30 0.016735315322875977
30 0 174699 30 0.016727447509765625
30 0 174729 30 0.01676011085510254
30 0 174759 30 0.016736507415771484
30 0 174789 30 0.016742467880249023
30 0 174819 30 0.01670980453491211
30 0 174849 30 0.016748428344726562
30 0 174879 30 0.016809940338134766
30 0 174909 30 0.016730070114135742
30 0 174939 30 0.016739368438720703
30 0 174969 30 0.016739368438720703
30 0 174999 30 0.016766786575317383
30 0 175029 30 0.016739368438720703
30 0 175059 30 0.016763925552368164
30 0 175089 30 0.0167691707611084
30 0 175119 30 0.016745805740356445
30 0 175149 30 0.016768455505371094
30 0 175179 30 0.016746044158935547
30 0 175209 30 0.016775131225585938
30 0 175239 30 0.01676177978515625
30 0 175269 30 0.016733884811401367
30 0 175299 30 0.01677703857421875
30 0 175329 30 0.016714811325073242
30 0 175359 30 0.016739368438720703
30 0 175389 30 0.016726016998291016
30 0 175419 30 0.016778945922851562
30 0 175449 30 0.01674818992614746
30 0 175479 30 0.01675248146057129
30 0 175509 30 0.016757488250732422
30 0 175539 30 0.016801834106445312
30 0 175569 30 0.01680135726928711
30 0 175599 30 0.016755104064941406
30 0 175629 30 0.01677393913269043
30 0 175659 30 0.01680898666381836
30 0 175689 30 0.016747713088989258
30 0 175719 30 0.016782283782958984
30 0 175749 30 0.01676630973815918
30 0 175779 30 0.01678609848022461
30 0 175809 30 0.016760587692260742
30 0 175839 30 0.016733884811401367
30 0 175869 30 0.016788005828857422
30 0 175899 30 0.0167386531829834
30 0 175929 30 0.016764402389526367
30 0 175959 30 0.0167238712310791
30 0 175989 30 0.016759634017944336
30 0 176019 30 0.016742229461669922
30 0 176049 30 0.016752004623413086
30 0 176079 30 0.016779184341430664
30 0 176109 30 0.01676201820373535
30 0 176139 30 0.016758441925048828
30 0 176169 30 0.01676774024963379
30 0 176199 30 0.016809463500976562
30 0 176229 30 0.01674342155456543
30 0 176259 30 0.016801834106445312
30 0 176289 30 0.01680731773376465
30 0 176319 30 0.016739606857299805
30 0 176349 30 0.016753435134887695
30 0 176379 30 0.016789674758911133
30 0 176409 30 0.016825437545776367
30 0 176439 30 0.016780376434326172
30 0 176469 30 0.01684403419494629
30 0 176499 30 0.016827821731567383
30 0 176529 30 0.01676654815673828
30 0 176559 30 0.016808748245239258
30 0 176589 30 0.016761302947998047
30 0 176619 30 0.016800642013549805
30 0 176649 30 0.016768932342529297
30 0 176679 30 0.016787290573120117
30 0 176709 30 0.016836881637573242
30 0 176739 30 0.016780614852905273
30 0 176769 30 0.016797304153442383
30 0 176799 30 0.016813039779663086
30 0 176829 30 0.016841411590576172
30 0 176859 30 0.01682567596435547
30 0 176889 30 0.01684117317199707
29 0 171295 29 0.016544818878173828
29 0 171324 29 0.01653265953063965
28 0 166030 28 0.01642012596130371
28 0 166058 28 0.01641058921813965
28 0 166086 28 0.016444683074951172
28 0 166114 28 0.01643824577331543
28 0 166142 28 0.0164487361907959
28 0 166170 28 0.016419172286987305
28 0 166198 28 0.016423940658569336
28 0 166226 28 0.01635265350341797
28 0 166254 28 0.016438722610473633
28 0 166282 28 0.016429901123046875
27 0 159905 27 0.01594233512878418
27 0 159932 27 0.015958309173583984
27 0 159959 27 0.015933752059936523
27 0 159986 27 0.015911579132080078
26 0 155879 26 0.015816211700439453
26 0 155905 26 0.01586627960205078
26 0 155931 26 0.015865802764892578
26 0 155957 26 0.01587677001953125
26 0 155983 26 0.015857934951782227
26 0 156009 26 0.015890121459960938
26 0 156035 26 0.01580953598022461
26 0 156061 26 0.015854597091674805
26 0 156087 26 0.015891551971435547
26 0 156113 26 0.015906333923339844
26 0 156139 26 0.015880823135375977
26 0 156165 26 0.01590132713317871
26 0 156191 26 0.01590871810913086
26 0 156217 26 0.015899181365966797
26 0 156243 26 0.01589822769165039
26 0 156269 26 0.01590728759765625
26 0 156295 26 0.01590728759765625
26 0 156321 26 0.015891075134277344
26 0 156347 26 0.015833616256713867
26 0 156373 26 0.015813589096069336
26 0 156399 26 0.015892505645751953
26 0 156425 26 0.0158388614654541
26 0 156451 26 0.015826940536499023
26 0 156477 26 0.015825986862182617
26 0 156503 26 0.015833139419555664
26 0 156529 26 0.015831947326660156
26 0 156555 26 0.015926599502563477
26 0 156581 26 0.01593303680419922
26 0 156607 26 0.015878915786743164
26 0 156633 26 0.015936851501464844
26 0 156659 26 0.015851736068725586
26 0 156685 26 0.015885591506958008
26 0 156711 26 0.015880823135375977
26 0 156737 26 0.01588726043701172
26 0 156763 26 0.01584482192993164
26 0 156789 26 0.015843629837036133
26 0 156815 26 0.01595282554626465
26 0 156841 26 0.015935182571411133
26 0 156867 26 0.015935182571411133
26 0 156893 26 0.015898704528808594
26 0 156919 26 0.015874147415161133
26 0 156945 26 0.01594233512878418
25 0 152645 25 0.01584649085998535
25 0 152670 25 0.015859365463256836
25 0 152695 25 0.01591801643371582
25 0 152720 25 0.01590704917907715
25 0 152745 25 0.015905380249023438
25 0 152770 25 0.015866518020629883
25 0 152795 25 0.015904903411865234
25 0 152820 25 0.015914201736450195
25 0 152845 25 0.01591634750366211
25 0 152870 25 0.01588296890258789
25 0 152895 25 0.015874147415161133
25 0 152920 25 0.015923261642456055
25 0 152945 25 0.015916109085083008
25 0 152970 25 0.015913963317871094
25 0 152995 25 0.015842199325561523
25 0 153020 25 0.01584005355834961
25 0 153045 25 0.015848159790039062
25 0 153070 25 0.01590561866760254
25 0 153095 25 0.015840530395507812
25 0 153120 25 0.015927791595458984
25 0 153145 25 0.01591205596923828
25 0 153170 25 0.015915393829345703
25 0 153195 25 0.01591205596923828
25 0 153220 25 0.015922069549560547
25 0 153245 25 0.015912294387817383
24 0 144623 24 0.014908075332641602
24 0 144647 24 0.014852523803710938
24 0 144671 24 0.014845132827758789
24 0 144695 24 0.014852523803710938
24 0 144719 24 0.014850378036499023
24 0 144743 24 0.014846563339233398
24 0 144767 24 0.014855384826660156
24 0 144791 24 0.014857292175292969
24 0 144815 24 0.014830589294433594
24 0 144839 24 0.01483154296875
24 0 144863 24 0.014847040176391602
24 0 144887 24 0.014841556549072266
23 0 142612 23 0.014765262603759766
23 0 142635 23 0.014686822891235352
23 0 142658 23 0.014696359634399414
23 0 142681 23 0.014681339263916016
23 0 142704 23 0.014731407165527344
23 0 142727 23 0.014683723449707031
23 0 142750 23 0.01468348503112793
23 0 142773 23 0.014704465866088867
23 0 142796 23 0.014745712280273438
23 0 142819 23 0.014687776565551758
23 0 142842 23 0.014714956283569336
23 0 142865 23 0.014747381210327148
23 0 142888 23 0.014688491821289062
23 0 142911 23 0.014680862426757812
23 0 142934 23 0.01468515396118164
23 0 142957 23 0.014687299728393555
23 0 142980 23 0.014676570892333984
23 0 143003 23 0.014672994613647461
23 0 143026 23 0.014734983444213867
23 0 143049 23 0.014723539352416992
23 0 143072 23 0.0147247314453125
22 0 134575 22 0.014345407485961914
22 0 134597 22 0.014348983764648438
22 0 134619 22 0.014453411102294922
22 0 134641 22 0.014387130737304688
22 0 134663 22 0.01437520980834961
22 0 134685 22 0.014374256134033203
22 0 134707 22 0.014384746551513672
22 0 134729 22 0.014426231384277344
22 0 134751 22 0.014373540878295898
22 0 134773 22 0.01435995101928711
22 0 134795 22 0.014456748962402344
21 0 132165 21 0.014286994934082031
20 0 124303 20 0.013952016830444336
20 0 124323 20 0.013948440551757812
20 0 124343 20 0.013950586318969727
20 0 124363 20 0.013949155807495117
20 0 124383 20 0.014002561569213867
20 0 124403 20 0.014009237289428711
19 0 117962 19 0.013618946075439453
19 0 117981 19 0.013589859008789062
19 0 118000 19 0.013629913330078125
19 0 118019 19 0.013586044311523438
19 0 118038 19 0.013563871383666992
19 0 118057 19 0.013637065887451172
19 0 118076 19 0.013659238815307617
19 0 118095 19 0.013583898544311523
19 0 118114 19 0.013600587844848633
18 0 108842 18 0.013158082962036133
18 0 108860 18 0.013157367706298828
18 0 108878 18 0.013162612915039062
18 0 108896 18 0.013204097747802734
18 0 108914 18 0.013160228729248047
18 0 108932 18 0.013166666030883789
18 0 108950 18 0.01315617561340332
18 0 108968 18 0.013161659240722656
18 0 108986 18 0.013209819793701172
18 0 109004 18 0.01316380500793457
18 0 109022 18 0.013187646865844727
18 0 109040 18 0.013194561004638672
18 0 109058 18 0.013169050216674805
18 0 109076 18 0.013171195983886719
17 0 101846 17 0.012877225875854492
17 0 101863 17 0.012984275817871094
17 0 101880 17 0.012916088104248047
17 0 101897 17 0.012907743453979492
17 0 101914 17 0.012968301773071289
17 0 101931 17 0.012899637222290039
16 0 98142 16 0.01228952407836914
16 0 98158 16 0.012211799621582031
16 0 98174 16 0.012188196182250977
16 0 98190 16 0.012218952178955078
16 0 98206 16 0.012133359909057617
16 0 98222 16 0.012207508087158203
16 0 98238 16 0.01213836669921875
16 0 98254 16 0.012188434600830078
16 0 98270 16 0.012210607528686523
16 0 98286 16 0.012144804000854492
16 0 98302 16 0.01220393180847168
16 0 98318 16 0.012197494506835938
15 0 90592 15 0.011788368225097656
14 0 83677 14 0.011522531509399414
13 0 76574 13 0.011176109313964844
13 0 76587 13 0.011173009872436523
13 0 76600 13 0.011178255081176758
13 0 76613 13 0.011115312576293945
13 0 76626 13 0.011169910430908203
13 0 76639 13 0.011171340942382812
13 0 76652 13 0.01117706298828125
13 0 76665 13 0.011147737503051758
13 0 76678 13 0.011169672012329102
13 0 76691 13 0.01116490364074707
13 0 76704 13 0.011141538619995117
13 0 76717 13 0.011175155639648438
12 0 68083 12 0.01073002815246582
12 0 68095 12 0.010731697082519531
12 0 68107 12 0.010759115219116211
12 0 68119 12 0.010764122009277344
12 0 68131 12 0.010807037353515625
12 0 68143 12 0.010764360427856445
12 0 68155 12 0.010770559310913086
12 0 68167 12 0.010770559310913086
12 0 68179 12 0.010778427124023438
12 0 68191 12 0.010805606842041016
12 0 68203 12 0.01075887680053711
12 0 68215 12 0.010756492614746094
12 0 68227 12 0.0107574462890625
12 0 68239 12 0.010770320892333984
12 0 68251 12 0.010760784149169922
12 0 68263 12 0.010751962661743164
12 0 68275 12 0.010758638381958008
11 0 63679 11 0.010431289672851562
11 0 63690 11 0.0104217529296875
11 0 63701 11 0.010420799255371094
11 0 63712 11 0.010422468185424805
11 0 63723 11 0.0104217529296875
11 0 63734 11 0.010412931442260742
11 0 63745 11 0.010425090789794922
11 0 63756 11 0.010434389114379883
11 0 63767 11 0.010428905487060547
11 0 63778 11 0.010433435440063477
11 0 63789 11 0.010488271713256836
11 0 63800 11 0.010425567626953125
11 0 63811 11 0.010462760925292969
11 0 63822 11 0.010534286499023438
11 0 63833 11 0.010467290878295898
11 0 63844 11 0.010458946228027344
11 0 63855 11 0.010520458221435547
11 0 63866 11 0.010474205017089844
11 0 63877 11 0.010470390319824219
11 0 63888 11 0.010468721389770508
11 0 63899 11 0.01047205924987793
11 0 63910 11 0.010473966598510742
11 0 63921 11 0.01046133041381836
11 0 63932 11 0.010468721389770508
11 0 63943 11 0.010458230972290039
11 0 63954 11 0.010457515716552734
11 0 63965 11 0.01047825813293457
11 0 63976 11 0.010460615158081055
11 0 63987 11 0.010460376739501953
11 0 63998 11 0.010460138320922852
11 0 64009 11 0.010529518127441406
11 0 64020 11 0.010471105575561523
11 0 64031 11 0.010497331619262695
11 0 64042 11 0.01046299934387207
11 0 64053 11 0.010498762130737305
11 0 64064 11 0.010465860366821289
11 0 64075 11 0.010457277297973633
11 0 64086 11 0.010460853576660156
11 0 64097 11 0.010463953018188477
11 0 64108 11 0.010463953018188477
11 0 64119 11 0.010476350784301758
11 0 64130 11 0.010474681854248047
11 0 64141 11 0.010474443435668945
11 0 64152 11 0.010469913482666016
11 0 64163 11 0.010465383529663086
11 0 64174 11 0.010457754135131836
11 0 64185 11 0.010493278503417969
11 0 64196 11 0.010466814041137695
11 0 64207 11 0.010471820831298828
11 0 64218 11 0.010475635528564453
11 0 64229 11 0.010461568832397461
11 0 64240 11 0.010468244552612305
11 0 64251 11 0.010458230972290039
11 0 64262 11 0.010462045669555664
11 0 64273 11 0.010527372360229492
11 0 64284 11 0.010495185852050781
11 0 64295 11 0.010486602783203125
11 0 64306 11 0.010463953018188477
11 0 64317 11 0.010453224182128906
10 0 59506 10 0.010259628295898438
10 0 59516 10 0.010288476943969727
10 0 59526 10 0.010271787643432617
10 0 59536 10 0.010280132293701172
10 0 59546 10 0.010280847549438477
10 0 59556 10 0.01028585433959961
10 0 59566 10 0.010290861129760742
10 0 59576 10 0.010306119918823242
10 0 59586 10 0.010288715362548828
10 0 59596 10 0.010297060012817383
10 0 59606 10 0.01027989387512207
10 0 59616 10 0.010281085968017578
10 0 59626 10 0.010278463363647461
10 0 59636 10 0.010280609130859375
10 0 59646 10 0.010280847549438477
10 0 59656 10 0.010286331176757812
10 0 59666 10 0.010314226150512695
10 0 59676 10 0.010322809219360352
10 0 59686 10 0.01032567024230957
10 0 59696 10 0.010313749313354492
10 0 59706 10 0.01031637191772461
10 0 59716 10 0.010317325592041016
10 0 59726 10 0.01033163070678711
10 0 59736 10 0.010345935821533203
10 0 59746 10 0.01031947135925293
10 0 59756 10 0.010315656661987305
10 0 59766 10 0.010327816009521484
10 0 59776 10 0.010349512100219727
10 0 59786 10 0.010322809219360352
10 0 59796 10 0.010306596755981445
10 0 59806 10 0.010305166244506836
10 0 59816 10 0.010323047637939453
10 0 59826 10 0.010315179824829102
10 0 59836 10 0.01031351089477539
10 0 59846 10 0.010311603546142578
10 0 59856 10 0.010325193405151367
10 0 59866 10 0.010320663452148438
10 0 59876 10 0.010306596755981445
10 0 59886 10 0.010324478149414062
10 0 59896 10 0.01032114028930664
10 0 59906 10 0.010344982147216797
10 0 59916 10 0.01032114028930664
10 0 59926 10 0.010317325592041016
10 0 59936 10 0.010324239730834961
10 0 59946 10 0.010339975357055664
10 0 59956 10 0.01032567024230957
10 0 59966 10 0.010317564010620117
10 0 59976 10 0.010335445404052734
10 0 59986 10 0.010322093963623047
10 0 59996 10 0.010313749313354492
10 0 60006 10 0.010311126708984375
10 0 60016 10 0.01033163070678711
10 0 60026 10 0.01032114028930664
10 0 60036 10 0.01030874252319336
10 0 60046 10 0.010303974151611328
10 0 60056 10 0.01032257080078125
10 0 60066 10 0.010319232940673828
10 0 60076 10 0.010319709777832031
10 0 60086 10 0.010320186614990234
10 0 60096 10 0.010342121124267578
10 0 60106 10 0.010309934616088867
10 0 60116 10 0.010321855545043945
10 0 60126 10 0.010315418243408203
10 0 60136 10 0.010333538055419922
10 0 60146 10 0.010375022888183594
9 0 53446 9 0.01001429557800293
9 0 53455 9 0.010051250457763672
9 0 53464 9 0.010048866271972656
9 0 53473 9 0.010052919387817383
9 0 53482 9 0.010055303573608398
9 0 53491 9 0.010055065155029297
9 0 53500 9 0.010040044784545898
9 0 53509 9 0.010048151016235352
9 0 53518 9 0.010062932968139648
9 0 53527 9 0.010040760040283203
9 0 53536 9 0.010035037994384766
9 0 53545 9 0.010047197341918945
9 0 53554 9 0.010062694549560547
9 0 53563 9 0.010048866271972656
9 0 53572 9 0.01004338264465332
9 0 53581 9 0.010045528411865234
9 0 53590 9 0.010059356689453125
9 0 53599 9 0.010044336318969727
9 0 53608 9 0.010041236877441406
9 0 53617 9 0.010038137435913086
9 0 53626 9 0.01005864143371582
9 0 53635 9 0.010055065155029297
9 0 53644 9 0.010053634643554688
9 0 53653 9 0.010042667388916016
9 0 53662 9 0.010035276412963867
9 0 53671 9 0.010048866271972656
9 0 53680 9 0.010038375854492188
9 0 53689 9 0.010046243667602539
9 0 53698 9 0.01004338264465332
9 0 53707 9 0.010053396224975586
9 0 53716 9 0.010041236877441406
9 0 53725 9 0.010039806365966797
9 0 53734 9 0.010049581527709961
9 0 53743 9 0.010070085525512695
9 0 53752 9 0.01004481315612793
8 0 45482 8 0.009521484375
8 0 45490 8 0.009443283081054688
8 0 45498 8 0.009437799453735352
8 0 45506 8 0.009429931640625
8 0 45514 8 0.009433984756469727
8 0 45522 8 0.009431838989257812
8 0 45530 8 0.009453773498535156
8 0 45538 8 0.009443283081054688
8 0 45546 8 0.009434223175048828
8 0 45554 8 0.009433269500732422
8 0 45562 8 0.009446382522583008
8 0 45570 8 0.009446144104003906
8 0 45578 8 0.00944375991821289
8 0 45586 8 0.009437322616577148
8 0 45594 8 0.009490251541137695
8 0 45602 8 0.009478569030761719
8 0 45610 8 0.009466409683227539
8 0 45618 8 0.009465932846069336
8 0 45626 8 0.009479284286499023
7 0 38971 7 0.00913548469543457
7 0 38978 7 0.009129524230957031
7 0 38985 7 0.00913095474243164
7 0 38992 7 0.0091400146484375
7 0 38999 7 0.009133100509643555
7 0 39006 7 0.00913095474243164
7 0 39013 7 0.009132146835327148
7 0 39020 7 0.00912618637084961
7 0 39027 7 0.009138822555541992
7 0 39034 7 0.009171485900878906
7 0 39041 7 0.009168148040771484
7 0 39048 7 0.00917959213256836
7 0 39055 7 0.009172201156616211
7 0 39062 7 0.00918889045715332
7 0 39069 7 0.009172916412353516
7 0 39076 7 0.009181499481201172
7 0 39083 7 0.009178400039672852
7 0 39090 7 0.009179830551147461
7 0 39097 7 0.00917816162109375
7 0 39104 7 0.00916147232055664
7 0 39111 7 0.009162425994873047
7 0 39118 7 0.009156465530395508
7 0 39125 7 0.00917959213256836
7 0 39132 7 0.009168386459350586
7 0 39139 7 0.009165763854980469
7 0 39146 7 0.00915384292602539
7 0 39153 7 0.009168386459350586
7 0 39160 7 0.00918126106262207
7 0 39167 7 0.00917959213256836
7 0 39174 7 0.009169816970825195
7 0 39181 7 0.009172677993774414
7 0 39188 7 0.00917506217956543
7 0 39195 7 0.009174585342407227
7 0 39202 7 0.009178638458251953
7 0 39209 7 0.009196043014526367
6 0 35858 6 0.009013175964355469
6 0 35864 6 0.00901174545288086
6 0 35870 6 0.00901341438293457
6 0 35876 6 0.00902700424194336
6 0 35882 6 0.009006738662719727
6 0 35888 6 0.009002685546875
6 0 35894 6 0.009009599685668945
6 0 35900 6 0.009000062942504883
6 0 35906 6 0.009021759033203125
6 0 35912 6 0.009013652801513672
6 0 35918 6 0.009014368057250977
6 0 35924 6 0.009011507034301758
6 0 35930 6 0.00900721549987793
6 0 35936 6 0.009020566940307617
6 0 35942 6 0.009006261825561523
6 0 35948 6 0.009007453918457031
6 0 35954 6 0.00900411605834961
6 0 35960 6 0.009020805358886719
6 0 35966 6 0.009019613265991211
6 0 35972 6 0.009009361267089844
6 0 35978 6 0.009008407592773438
6 0 35984 6 0.00902867317199707
6 0 35990 6 0.00901937484741211
6 0 35996 6 0.009003162384033203
6 0 36002 6 0.009014606475830078
6 0 36008 6 0.009030818939208984
6 0 36014 6 0.009026765823364258
6 0 36020 6 0.009023427963256836
6 0 36026 6 0.009016275405883789
6 0 36032 6 0.009011030197143555
6 0 36038 6 0.009026765823364258
6 0 36044 6 0.009021282196044922
6 0 36050 6 0.009023666381835938
6 0 36056 6 0.009013652801513672
6 0 36062 6 0.009032964706420898
6 0 36068 6 0.009010791778564453
6 0 36074 6 0.009013652801513672
6 0 36080 6 0.009016752243041992
6 0 36086 6 0.008996963500976562
6 0 36092 6 0.008994340896606445
6 0 36098 6 0.008981943130493164
6 0 36104 6 0.008987665176391602
6 0 36110 6 0.008990049362182617
6 0 36116 6 0.008981704711914062
6 0 36122 6 0.009001970291137695
6 0 36128 6 0.008994102478027344
6 0 36134 6 0.008985042572021484
6 0 36140 6 0.008979320526123047
6 0 36146 6 0.008995294570922852
6 0 36152 6 0.00898122787475586
6 0 36158 6 0.008971214294433594
6 0 36164 6 0.00898432731628418
6 0 36170 6 0.008980989456176758
6 0 36176 6 0.00898885726928711
6 0 36182 6 0.008995771408081055
6 0 36188 6 0.00897669792175293
6 0 36194 6 0.00897979736328125
6 0 36200 6 0.008979320526123047
6 0 36206 6 0.00899195671081543
6 0 36212 6 0.008988618850708008
6 0 36218 6 0.00899195671081543
6 0 36224 6 0.008975744247436523
6 0 36230 6 0.0090179443359375
6 0 36236 6 0.00902700424194336
6 0 36242 6 0.00902557373046875
6 0 36248 6 0.009015321731567383
6 0 36254 6 0.009007453918457031
6 0 36260 6 0.00904703140258789
6 0 36266 6 0.00903010368347168
6 0 36272 6 0.009023427963256836
6 0 36278 6 0.009025812149047852
6 0 36284 6 0.009029150009155273
6 0 36290 6 0.009027242660522461
6 0 36296 6 0.009021759033203125
6 0 36302 6 0.009006738662719727
6 0 36308 6 0.009020805358886719
6 0 36314 6 0.009064435958862305
6 0 36320 6 0.009023427963256836
6 0 36326 6 0.009017229080200195
6 0 36332 6 0.009014606475830078
6 0 36338 6 0.009031057357788086
6 0 36344 6 0.009021759033203125
6 0 36350 6 0.009009838104248047
6 0 36356 6 0.00903940200805664
6 0 36362 6 0.009027957916259766
6 0 36368 6 0.009012222290039062
6 0 36374 6 0.00903010368347168
5 0 29724 5 0.008693218231201172
5 0 29729 5 0.008702516555786133
5 0 29734 5 0.008701086044311523
5 0 29739 5 0.00870656967163086
5 0 29744 5 0.008700132369995117
5 0 29749 5 0.008697509765625
5 0 29754 5 0.008694887161254883
5 0 29759 5 0.008714914321899414
5 0 29764 5 0.008695602416992188
5 0 29769 5 0.008701086044311523
5 0 29774 5 0.008678913116455078
5 0 29779 5 0.008697271347045898
5 0 29784 5 0.008707046508789062
5 0 29789 5 0.008706331253051758
5 0 29794 5 0.008698463439941406
5 0 29799 5 0.008698701858520508
5 0 29804 5 0.008695840835571289
5 0 29809 5 0.008691787719726562
5 0 29814 5 0.008682966232299805
5 0 29819 5 0.008698225021362305
5 0 29824 5 0.008676767349243164
5 0 29829 5 0.008699417114257812
5 0 29834 5 0.008695125579833984
5 0 29839 5 0.008700847625732422
5 0 29844 5 0.00869131088256836
4 0 25302 4 0.008473396301269531
4 0 25306 4 0.008394479751586914
4 0 25310 4 0.008376598358154297
4 0 25314 4 0.0083770751953125
4 0 25318 4 0.008379459381103516
4 0 25322 4 0.008376359939575195
4 0 25326 4 0.008384227752685547
4 0 25330 4 0.008375167846679688
4 0 25334 4 0.008373260498046875
4 0 25338 4 0.008388519287109375
4 0 25342 4 0.008377790451049805
4 0 25346 4 0.00837397575378418
4 0 25350 4 0.008373737335205078
4 0 25354 4 0.008371353149414062
4 0 25358 4 0.008370399475097656
4 0 25362 4 0.008386373519897461
4 0 25366 4 0.008380651473999023
4 0 25370 4 0.00837397575378418
4 0 25374 4 0.00838613510131836
4 0 25378 4 0.008394956588745117
4 0 25382 4 0.008392333984375
4 0 25386 4 0.00837850570678711
4 0 25390 4 0.008380651473999023
4 0 25394 4 0.008391380310058594
4 0 25398 4 0.00838470458984375
4 0 25402 4 0.008379697799682617
4 0 25406 4 0.008382320404052734
4 0 25410 4 0.008383989334106445
4 0 25414 4 0.008402585983276367
4 0 25418 4 0.008386373519897461
4 0 25422 4 0.008375167846679688
4 0 25426 4 0.00841522216796875
4 0 25430 4 0.008405447006225586
4 0 25434 4 0.008421897888183594
4 0 25438 4 0.008412361145019531
4 0 25442 4 0.008415699005126953
4 0 25446 4 0.008414983749389648
4 0 25450 4 0.008413314819335938
4 0 25454 4 0.008409976959228516
4 0 25458 4 0.008446455001831055
4 0 25462 4 0.008425474166870117
4 0 25466 4 0.008421659469604492
4 0 25470 4 0.008414268493652344
4 0 25474 4 0.008404970169067383
4 0 25478 4 0.008428335189819336
4 0 25482 4 0.008418083190917969
4 0 25486 4 0.008412599563598633
4 0 25490 4 0.008420467376708984
4 0 25494 4 0.008414030075073242
4 0 25498 4 0.008422136306762695
4 0 25502 4 0.008418798446655273
4 0 25506 4 0.008418560028076172
4 0 25510 4 0.008411169052124023
4 0 25514 4 0.008409500122070312
4 0 25518 4 0.008414983749389648
4 0 25522 4 0.008431196212768555
4 0 25526 4 0.008423566818237305
4 0 25530 4 0.008418083190917969
4 0 25534 4 0.008416175842285156
4 0 25538 4 0.008431196212768555
4 0 25542 4 0.008419513702392578
4 0 25546 4 0.008416175842285156
4 0 25550 4 0.008409738540649414
4 0 25554 4 0.008418798446655273
4 0 25558 4 0.008426904678344727
4 0 25562 4 0.00841665267944336
4 0 25566 4 0.008414506912231445
4 0 25570 4 0.008418798446655273
4 0 25574 4 0.008433341979980469
4 0 25578 4 0.008424997329711914
4 0 25582 4 0.008409976959228516
4 0 25586 4 0.008420944213867188
4 0 25590 4 0.00841379165649414
4 0 25594 4 0.008426427841186523
4 0 25598 4 0.008409976959228516
4 0 25602 4 0.008402347564697266
4 0 25606 4 0.008410930633544922
4 0 25610 4 0.008424043655395508
4 0 25614 4 0.00841832160949707
4 0 25618 4 0.008415937423706055
4 0 25622 4 0.008410930633544922
4 0 25626 4 0.008423328399658203
4 0 25630 4 0.008420944213867188
4 0 25634 4 0.008418083190917969
4 0 25638 4 0.008414030075073242
4 0 25642 4 0.00841832160949707
4 0 25646 4 0.008421897888183594
4 0 25650 4 0.008411407470703125
4 0 25654 4 0.00841069221496582
4 0 25658 4 0.008406877517700195
4 0 25662 4 0.008417844772338867
4 0 25666 4 0.008510589599609375
4 0 25670 4 0.008421182632446289
4 0 25674 4 0.008411169052124023
4 0 25678 4 0.0084075927734375
4 0 25682 4 0.0084075927734375
4 0 25686 4 0.008436918258666992
4 0 25690 4 0.008421659469604492
4 0 25694 4 0.008415937423706055
4 0 25698 4 0.008417606353759766
4 0 25702 4 0.008421897888183594
4 0 25706 4 0.008416891098022461
4 0 25710 4 0.008411169052124023
4 0 25714 4 0.008408784866333008
4 0 25718 4 0.008420944213867188
4 0 25722 4 0.008421897888183594
4 0 25726 4 0.008414983749389648
4 0 25730 4 0.008426666259765625
4 0 25734 4 0.008410930633544922
4 0 25738 4 0.008410930633544922
4 0 25742 4 0.008412837982177734
4 0 25746 4 0.008414983749389648
4 0 25750 4 0.008425235748291016
4 0 25754 4 0.008432149887084961
4 0 25758 4 0.00842142105102539
4 0 25762 4 0.00841069221496582
4 0 25766 4 0.008421659469604492
4 0 25770 4 0.008419990539550781
4 0 25774 4 0.008401870727539062
4 0 25778 4 0.008417129516601562
4 0 25782 4 0.008411645889282227
4 0 25786 4 0.008430957794189453
4 0 25790 4 0.008429765701293945
4 0 25794 4 0.008420228958129883
4 0 25798 4 0.008417129516601562
4 0 25802 4 0.008417844772338867
4 0 25806 4 0.0084381103515625
4 0 25810 4 0.008425474166870117
4 0 25814 4 0.008427619934082031
4 0 25818 4 0.008421659469604492
4 0 25822 4 0.0084228515625
4 0 25826 4 0.008424043655395508
4 0 25830 4 0.008422136306762695
4 0 25834 4 0.008417606353759766
4 0 25838 4 0.008411884307861328
4 0 25842 4 0.00840449333190918
4 0 25846 4 0.00843667984008789
4 0 25850 4 0.00842428207397461
4 0 25854 4 0.008423328399658203
4 0 25858 4 0.008420228958129883
4 0 25862 4 0.008431196212768555
4 0 25866 4 0.008424520492553711
4 0 25870 4 0.008413076400756836
4 0 25874 4 0.008415460586547852
4 0 25878 4 0.0084228515625
4 0 25882 4 0.008419275283813477
4 0 25886 4 0.008417367935180664
4 0 25890 4 0.008410930633544922
4 0 25894 4 0.008417844772338867
4 0 25898 4 0.008421182632446289
4 0 25902 4 0.008423089981079102
4 0 25906 4 0.008418798446655273
4 0 25910 4 0.00841522216796875
4 0 25914 4 0.008419036865234375
4 0 25918 4 0.008417844772338867
4 0 25922 4 0.008417844772338867
4 0 25926 4 0.00841665267944336
4 0 25930 4 0.008434057235717773
4 0 25934 4 0.008425474166870117
4 0 25938 4 0.008425712585449219
4 0 25942 4 0.008429288864135742
4 0 25946 4 0.008415460586547852
4 0 25950 4 0.008426189422607422
4 0 25954 4 0.008414983749389648
4 0 25958 4 0.008417844772338867
4 0 25962 4 0.008409261703491211
4 0 25966 4 0.008418798446655273
4 0 25970 4 0.00841379165649414
4 0 25974 4 0.008413314819335938
4 0 25978 4 0.008425235748291016
4 0 25982 4 0.008428812026977539
3 0 16748 3 0.008006095886230469
3 0 16751 3 0.008010625839233398
3 0 16754 3 0.008022308349609375
3 0 16757 3 0.008017778396606445
3 0 16760 3 0.007996559143066406
3 0 16763 3 0.008008718490600586
3 0 16766 3 0.00799870491027832
3 0 16769 3 0.008005619049072266
3 0 16772 3 0.008009672164916992
3 0 16775 3 0.008004903793334961
3 0 16778 3 0.007990121841430664
3 0 16781 3 0.007988929748535156
3 0 16784 3 0.008014678955078125
3 0 16787 3 0.008002281188964844
3 0 16790 3 0.008000850677490234
3 0 16793 3 0.008022069931030273
3 0 16796 3 0.008015871047973633
3 0 16799 3 0.008016109466552734
3 0 16802 3 0.008007526397705078
3 0 16805 3 0.008000373840332031
3 0 16808 3 0.00800180435180664
3 0 16811 3 0.008027315139770508
3 0 16814 3 0.008017778396606445
3 0 16817 3 0.00799870491027832
3 0 16820 3 0.008012771606445312
3 0 16823 3 0.008018970489501953
3 0 16826 3 0.008009672164916992
3 0 16829 3 0.008008480072021484
3 0 16832 3 0.00800180435180664
3 0 16835 3 0.00803232192993164
3 0 16838 3 0.008016586303710938
3 0 16841 3 0.008009910583496094
3 0 16844 3 0.008020401000976562
3 0 16847 3 0.008008241653442383
3 0 16850 3 0.008011579513549805
3 0 16853 3 0.008004188537597656
3 0 16856 3 0.0080108642578125
3 0 16859 3 0.00800013542175293
3 0 16862 3 0.007999658584594727
3 0 16865 3 0.00800466537475586
3 0 16868 3 0.008020401000976562
3 0 16871 3 0.008010625839233398
3 0 16874 3 0.008018016815185547
3 0 16877 3 0.008009195327758789
3 0 16880 3 0.008009910583496094
3 0 16883 3 0.008016109466552734
3 0 16886 3 0.008020401000976562
3 0 16889 3 0.007996320724487305
3 0 16892 3 0.00801229476928711
3 0 16895 3 0.00799417495727539
3 0 16898 3 0.008022785186767578
3 0 16901 3 0.00800633430480957
3 0 16904 3 0.008000850677490234
3 0 16907 3 0.008005380630493164
3 0 16910 3 0.007993698120117188
3 0 16913 3 0.008025884628295898
3 0 16916 3 0.008008956909179688
3 0 16919 3 0.00801539421081543
3 0 16922 3 0.008008718490600586
3 0 16925 3 0.007997512817382812
3 0 16928 3 0.008008241653442383
3 0 16931 3 0.008016586303710938
3 0 16934 3 0.008018970489501953
3 0 16937 3 0.008008718490600586
3 0 16940 3 0.008015632629394531
3 0 16943 3 0.008013725280761719
3 0 16946 3 0.00802159309387207
3 0 16949 3 0.008025169372558594
3 0 16952 3 0.008016109466552734
3 0 16955 3 0.008014202117919922
3 0 16958 3 0.008018016815185547
3 0 16961 3 0.008016824722290039
3 0 16964 3 0.00801706314086914
3 0 16967 3 0.00800323486328125
3 0 16970 3 0.008013248443603516
3 0 16973 3 0.008014917373657227
3 0 16976 3 0.0080108642578125
3 0 16979 3 0.008013248443603516
3 0 16982 3 0.008008956909179688
3 0 16985 3 0.008001327514648438
3 0 16988 3 0.008026838302612305
3 0 16991 3 0.00801706314086914
3 0 16994 3 0.008016109466552734
3 0 16997 3 0.008012056350708008
3 0 17000 3 0.008002758026123047
3 0 17003 3 0.008021116256713867
3 0 17006 3 0.008008241653442383
3 0 17009 3 0.008016586303710938
3 0 17012 3 0.008002996444702148
3 0 17015 3 0.008029699325561523
3 0 17018 3 0.008028268814086914
3 0 17021 3 0.008019447326660156
3 0 17024 3 0.008010625839233398
3 0 17027 3 0.008011579513549805
3 0 17030 3 0.008016586303710938
3 0 17033 3 0.008005619049072266
3 0 17036 3 0.008008956909179688
3 0 17039 3 0.008024930953979492
3 0 17042 3 0.008020639419555664
3 0 17045 3 0.008001089096069336
3 0 17048 3 0.00800633430480957
3 0 17051 3 0.007997274398803711
3 0 17054 3 0.008008241653442383
3 0 17057 3 0.008014917373657227
3 0 17060 3 0.008014202117919922
3 0 17063 3 0.008005619049072266
3 0 17066 3 0.008005619049072266
3 0 17069 3 0.007994413375854492
3 0 17072 3 0.008014917373657227
3 0 17075 3 0.008003711700439453
3 0 17078 3 0.008014917373657227
3 0 17081 3 0.008016824722290039
3 0 17084 3 0.008023500442504883
3 0 17087 3 0.00801396369934082
3 0 17090 3 0.008002758026123047
3 0 17093 3 0.008012533187866211
3 0 17096 3 0.008008480072021484
3 0 17099 3 0.008017301559448242
3 0 17102 3 0.008019447326660156
3 0 17105 3 0.008016109466552734
3 0 17108 3 0.008000612258911133
3 0 17111 3 0.00801849365234375
3 0 17114 3 0.008010149002075195
3 0 17117 3 0.008044004440307617
2 0 9911 2 0.007786273956298828
2 0 9913 2 0.007756710052490234
2 0 9915 2 0.007738351821899414
2 0 9917 2 0.007732868194580078
2 0 9919 2 0.007730245590209961
2 0 9921 2 0.0077435970306396484
2 0 9923 2 0.007727622985839844
2 0 9925 2 0.007734775543212891
2 0 9927 2 0.007721424102783203
2 0 9929 2 0.0077381134033203125
2 0 9931 2 0.007742643356323242
2 0 9933 2 0.00773310661315918
2 0 9935 2 0.007727622985839844
2 0 9937 2 0.007727146148681641
2 0 9939 2 0.007733821868896484
2 0 9941 2 0.007736682891845703
2 0 9943 2 0.007726192474365234
2 0 9945 2 0.0077266693115234375
2 0 9947 2 0.007723331451416016
2 0 9949 2 0.007744312286376953
2 0 9951 2 0.007742643356323242
2 0 9953 2 0.007731437683105469
2 0 9955 2 0.007719516754150391
2 0 9957 2 0.007720232009887695
2 0 9959 2 0.007741689682006836
2 0 9961 2 0.007732391357421875
2 0 9963 2 0.007725238800048828
2 0 9965 2 0.007729768753051758
2 0 9967 2 0.007750034332275391
2 0 9969 2 0.007737636566162109
2 0 9971 2 0.007735013961791992
2 0 9973 2 0.007726430892944336
2 0 9975 2 0.007735729217529297
2 0 9977 2 0.007727384567260742
2 0 9979 2 0.007725238800048828
2 0 9981 2 0.0077419281005859375
2 0 9983 2 0.007739067077636719
2 0 9985 2 0.007742166519165039
2 0 9987 2 0.007736682891845703
2 0 9989 2 0.00774836540222168
2 0 9991 2 0.0077364444732666016
2 0 9993 2 0.007733583450317383
2 0 9995 2 0.007727384567260742
2 0 9997 2 0.007735490798950195
2 0 9999 2 0.007731437683105469
2 0 10001 2 0.00772857666015625
2 0 10003 2 0.007729768753051758
2 0 10005 2 0.007734775543212891
2 0 10007 2 0.007739067077636719
2 0 10009 2 0.00773310661315918
2 0 10011 2 0.00772404670715332
2 0 10013 2 0.007718086242675781
2 0 10015 2 0.007735490798950195
2 0 10017 2 0.007729768753051758
2 0 10019 2 0.0077190399169921875
2 0 10021 2 0.007721900939941406
2 0 10023 2 0.007732868194580078
2 0 10025 2 0.007737398147583008
2 0 10027 2 0.007736682891845703
2 0 10029 2 0.007729768753051758
2 0 10031 2 0.007730722427368164
2 0 10033 2 0.00774383544921875
2 0 10035 2 0.007733821868896484
2 0 10037 2 0.007726192474365234
2 0 10039 2 0.007727861404418945
2 0 10041 2 0.007753849029541016
2 0 10043 2 0.007734060287475586
2 0 10045 2 0.007734060287475586
2 0 10047 2 0.007723808288574219
2 0 10049 2 0.007745981216430664
2 0 10051 2 0.0077359676361083984
2 0 10053 2 0.00773310661315918
2 0 10055 2 0.007725238800048828
2 0 10057 2 0.007731914520263672
2 0 10059 2 0.007745027542114258
2 0 10061 2 0.007730007171630859
2 0 10063 2 0.0077342987060546875
2 0 10065 2 0.0077283382415771484
2 0 10067 2 0.0077321529388427734
2 0 10069 2 0.007734775543212891
2 0 10071 2 0.007731199264526367
2 0 10073 2 0.007730722427368164
2 0 10075 2 0.00772857666015625
2 0 10077 2 0.007732868194580078
2 0 10079 2 0.007733345031738281
2 0 10081 2 0.007734537124633789
2 0 10083 2 0.007730722427368164
2 0 10085 2 0.007735252380371094
2 0 10087 2 0.007727861404418945
2 0 10089 2 0.007729053497314453
2 0 10091 2 0.0077283382415771484
2 0 10093 2 0.007739067077636719
2 0 10095 2 0.007741451263427734
2 0 10097 2 0.0077304840087890625
2 0 10099 2 0.007721900939941406
2 0 10101 2 0.007739543914794922
2 0 10103 2 0.007732868194580078
2 0 10105 2 0.007724285125732422
2 0 10107 2 0.007735490798950195
2 0 10109 2 0.007741689682006836
2 0 10111 2 0.007735729217529297
2 0 10113 2 0.007723808288574219
2 0 10115 2 0.007723331451416016
2 0 10117 2 0.0077402591705322266
2 0 10119 2 0.007735729217529297
2 0 10121 2 0.007730245590209961
2 0 10123 2 0.007724761962890625
2 0 10125 2 0.007725238800048828
2 0 10127 2 0.007748603820800781
2 0 10129 2 0.0077435970306396484
2 0 10131 2 0.007731437683105469
1 0 6068 1 0.007432222366333008
1 0 6069 1 0.00739598274230957
1 0 6070 1 0.0073854923248291016
1 0 6071 1 0.007393836975097656
1 0 6072 1 0.007380008697509766
1 0 6073 1 0.0073931217193603516
1 0 6074 1 0.007395267486572266
1 0 6075 1 0.007384777069091797
1 0 6076 1 0.007382631301879883
1 0 6077 1 0.007388591766357422
1 0 6078 1 0.007389545440673828
1 0 6079 1 0.007382392883300781
1 0 6080 1 0.00737309455871582
1 0 6081 1 0.007393836975097656
1 0 6082 1 0.007383823394775391
1 0 6083 1 0.007382631301879883
1 0 6084 1 0.007389545440673828
1 0 6085 1 0.00738978385925293
1 0 6086 1 0.0073812007904052734
1 0 6087 1 0.007378816604614258
1 0 6088 1 0.007370710372924805
1 0 6089 1 0.007395744323730469
1 0 6090 1 0.0073812007904052734
1 0 6091 1 0.0073854923248291016
1 0 6092 1 0.007393360137939453
1 0 6093 1 0.0073850154876708984
1 0 6094 1 0.007379293441772461
1 0 6095 1 0.007379293441772461
1 0 6096 1 0.0073773860931396484
1 0 6097 1 0.007404804229736328
1 0 6098 1 0.007390022277832031
1 0 6099 1 0.007391452789306641
1 0 6100 1 0.007384300231933594
1 0 6101 1 0.0073931217193603516
1 0 6102 1 0.0073931217193603516
1 0 6103 1 0.007380962371826172
1 0 6104 1 0.0073816776275634766
1 0 6105 1 0.007376194000244141
1 0 6106 1 0.007375478744506836
1 0 6107 1 0.00739288330078125
1 0 6108 1 0.007389545440673828
1 0 6109 1 0.007384300231933594
1 0 6110 1 0.007381439208984375
1 0 6111 1 0.007388114929199219
1 0 6112 1 0.007388591766357422
1 0 6113 1 0.007378816604614258
1 0 6114 1 0.007381916046142578
1 0 6115 1 0.0074002742767333984
1 0 6116 1 0.0073964595794677734
1 0 6117 1 0.0073833465576171875
