0 0 0 1 1317 0.5091784000396729
1 1 1318 0 0 0.007495880126953125
1 1 1319 0 0 0.007288932800292969
1 1 1320 0 0 0.007285356521606445
1 1 1321 0 0 0.007357597351074219
1 1 1322 0 0 0.0074427127838134766
1 1 1323 0 0 0.007288694381713867
1 1 1324 0 0 0.0072820186614990234
1 1 1325 0 0 0.007291078567504883
1 1 1326 0 0 0.007261991500854492
1 1 1327 0 0 0.007256031036376953
1 1 1328 0 0 0.007242679595947266
1 1 1329 0 0 0.007243156433105469
1 1 1330 0 0 0.0072498321533203125
1 1 1331 0 0 0.00724482536315918
1 1 1332 0 0 0.007252216339111328
1 1 1333 0 0 0.007251739501953125
1 1 1334 0 0 0.007257699966430664
1 1 1335 0 0 0.007236480712890625
1 1 1336 0 0 0.007234334945678711
1 1 1337 0 0 0.0072443485260009766
1 1 1338 0 0 0.007245302200317383
1 1 1339 0 0 0.007257938385009766
1 1 1340 0 0 0.007252693176269531
1 1 1341 0 0 0.0072329044342041016
1 1 1342 0 0 0.007247209548950195
1 1 1343 0 0 0.007241487503051758
1 1 1344 0 0 0.007238626480102539
1 1 1345 0 0 0.007247447967529297
1 1 1346 0 0 0.007282733917236328
1 1 1347 0 0 0.007262468338012695
1 1 1348 0 0 0.007254123687744141
1 1 1349 0 0 0.007244586944580078
1 1 1350 0 0 0.0073969364166259766
1 1 1351 0 0 0.007290363311767578
1 1 1352 0 0 0.007263660430908203
1 1 1353 0 0 0.007249355316162109
1 1 1354 0 0 0.007242441177368164
1 1 1355 0 0 0.007229804992675781
1 1 1356 0 0 0.007238149642944336
1 1 1357 0 0 0.00726008415222168
1 1 1358 0 0 0.0072612762451171875
1 1 1359 0 0 0.007240772247314453
1 1 1360 0 0 0.007250785827636719
1 1 1361 0 0 0.007261514663696289
1 1 1362 0 0 0.007240772247314453
1 1 1363 0 0 0.007239103317260742
1 1 1364 0 0 0.007256507873535156
1 1 1365 0 0 0.007272005081176758
1 1 1366 0 0 0.0072443485260009766
1 1 1367 0 0 0.007227420806884766
1 1 1368 0 0 0.0072329044342041016
1 1 1369 0 0 0.007241964340209961
1 1 1370 0 0 0.007230043411254883
1 1 1371 0 0 0.007231950759887695
1 1 1372 0 0 0.0072214603424072266
1 1 1373 0 0 0.007229328155517578
1 1 1374 0 0 0.007252693176269531
1 1 1375 0 0 0.007247447967529297
1 1 1376 0 0 0.007227897644042969
1 1 1377 0 0 0.007214546203613281
1 1 1378 0 0 0.0072383880615234375
1 1 1379 0 0 0.007246971130371094
1 1 1380 0 0 0.007221221923828125
1 1 1381 0 0 0.007231950759887695
1 1 1382 0 0 0.007228374481201172
1 1 1383 0 0 0.007232189178466797
1 1 1384 0 0 0.007230281829833984
1 1 1385 0 0 0.007218122482299805
1 1 1386 0 0 0.007232666015625
1 1 1387 0 0 0.007223367691040039
1 1 1388 0 0 0.007226705551147461
1 1 1389 0 0 0.007219552993774414
1 1 1390 0 0 0.007308483123779297
1 1 1391 0 0 0.007245540618896484
1 1 1392 0 0 0.0072286128997802734
1 1 1393 0 0 0.007222652435302734
1 1 1394 0 0 0.007242918014526367
1 1 1395 0 0 0.007237911224365234
1 1 1396 0 0 0.007228851318359375
1 1 1397 0 0 0.007224082946777344
1 1 1398 0 0 0.007232189178466797
1 1 1399 0 0 0.00722813606262207
1 1 1400 0 0 0.0072171688079833984
1 1 1401 0 0 0.007229328155517578
1 1 1402 0 0 0.007251739501953125
1 1 1403 0 0 0.007238626480102539
1 1 1404 0 0 0.007227659225463867
1 1 1405 0 0 0.007220745086669922
1 1 1406 0 0 0.007230281829833984
1 1 1407 0 0 0.0072438716888427734
1 1 1408 0 0 0.007229328155517578
1 1 1409 0 0 0.007234096527099609
1 1 1410 0 0 0.0072174072265625
1 1 1411 0 0 0.007228374481201172
1 1 1412 0 0 0.007241010665893555
1 1 1413 0 0 0.007226228713989258
1 1 1414 0 0 0.007230520248413086
1 1 1415 0 0 0.0072422027587890625
1 1 1416 0 0 0.007246732711791992
1 1 1417 0 0 0.007230520248413086
1 1 1418 0 0 0.0072252750396728516
1 1 1419 0 0 0.0072405338287353516
1 1 1420 0 0 0.007229328155517578
1 1 1421 0 0 0.007226228713989258
1 1 1422 0 0 0.0072329044342041016
1 1 1423 0 0 0.0072400569915771484
1 1 1424 0 0 0.0072460174560546875
1 1 1425 0 0 0.007233142852783203
1 1 1426 0 0 0.0072252750396728516
1 1 1427 0 0 0.0072383880615234375
1 1 1428 0 0 0.007241964340209961
1 1 1429 0 0 0.007244586944580078
1 1 1430 0 0 0.007308006286621094
1 1 1431 0 0 0.007269144058227539
1 1 1432 0 0 0.007249116897583008
1 1 1433 0 0 0.00722956657409668
1 1 1434 0 0 0.007225990295410156
1 1 1435 0 0 0.007223844528198242
1 1 1436 0 0 0.007226705551147461
1 1 1437 0 0 0.007249116897583008
1 1 1438 0 0 0.007235527038574219
1 1 1439 0 0 0.007231950759887695
1 1 1440 0 0 0.007226228713989258
1 1 1441 0 0 0.007249355316162109
1 1 1442 0 0 0.007242679595947266
1 1 1443 0 0 0.007235050201416016
1 1 1444 0 0 0.00722956657409668
1 1 1445 0 0 0.007222414016723633
1 1 1446 0 0 0.0072209835052490234
1 1 1447 0 0 0.007242441177368164
1 1 1448 0 0 0.007222414016723633
1 1 1449 0 0 0.00722193717956543
1 1 1450 0 0 0.007219791412353516
1 1 1451 0 0 0.007231950759887695
1 1 1452 0 0 0.007233381271362305
1 1 1453 0 0 0.007218837738037109
1 1 1454 0 0 0.007241010665893555
1 1 1455 0 0 0.007259368896484375
1 1 1456 0 0 0.0072481632232666016
1 1 1457 0 0 0.0072324275970458984
1 1 1458 0 0 0.007243156433105469
1 1 1459 0 0 0.007269382476806641
1 1 1460 0 0 0.007241725921630859
1 1 1461 0 0 0.007229328155517578
1 1 1462 0 0 0.00722193717956543
1 1 1463 0 0 0.007230281829833984
1 1 1464 0 0 0.00724029541015625
1 1 1465 0 0 0.007236003875732422
1 1 1466 0 0 0.007253170013427734
1 1 1467 0 0 0.007261514663696289
1 1 1468 0 0 0.007240772247314453
1 1 1469 0 0 0.00723719596862793
1 1 1470 0 0 0.00730133056640625
1 1 1471 0 0 0.007267475128173828
1 1 1472 0 0 0.007247209548950195
1 1 1473 0 0 0.007238626480102539
1 1 1474 0 0 0.007237672805786133
1 1 1475 0 0 0.00722503662109375
1 1 1476 0 0 0.0072481632232666016
1 1 1477 0 0 0.007232189178466797
1 1 1478 0 0 0.007233858108520508
1 1 1479 0 0 0.007222414016723633
1 1 1480 0 0 0.007224082946777344
1 1 1481 0 0 0.007245302200317383
1 1 1482 0 0 0.007232666015625
1 1 1483 0 0 0.007232189178466797
1 1 1484 0 0 0.007230997085571289
1 1 1485 0 0 0.0072460174560546875
1 1 1486 0 0 0.0072438716888427734
1 1 1487 0 0 0.00723576545715332
1 1 1488 0 0 0.007239341735839844
1 1 1489 0 0 0.00725102424621582
1 1 1490 0 0 0.007234334945678711
1 1 1491 0 0 0.007231235504150391
1 1 1492 0 0 0.007230043411254883
1 1 1493 0 0 0.007239580154418945
1 1 1494 0 0 0.007231950759887695
1 1 1495 0 0 0.007218837738037109
1 1 1496 0 0 0.007248640060424805
1 1 1497 0 0 0.007234334945678711
1 1 1498 0 0 0.007225990295410156
1 1 1499 0 0 0.00722050666809082
1 1 1500 0 0 0.007224559783935547
1 1 1501 0 0 0.007239818572998047
1 1 1502 0 0 0.007230043411254883
1 1 1503 0 0 0.007225513458251953
1 1 1504 0 0 0.007220745086669922
1 1 1505 0 0 0.007222175598144531
1 1 1506 0 0 0.0072443485260009766
1 1 1507 0 0 0.007235288619995117
1 1 1508 0 0 0.007239103317260742
1 1 1509 0 0 0.007240772247314453
1 1 1510 0 0 0.007353544235229492
1 1 1511 0 0 0.007253408432006836
1 1 1512 0 0 0.007236957550048828
1 1 1513 0 0 0.007220745086669922
1 1 1514 0 0 0.007257938385009766
1 1 1515 0 0 0.007244586944580078
1 1 1516 0 0 0.0072324275970458984
1 1 1517 0 0 0.00722503662109375
1 1 1518 0 0 0.007220745086669922
1 1 1519 0 0 0.007284641265869141
1 1 1520 0 0 0.007277250289916992
1 1 1521 0 0 0.0072536468505859375
1 1 1522 0 0 0.007234334945678711
1 1 1523 0 0 0.0072634220123291016
1 1 1524 0 0 0.0072476863861083984
1 1 1525 0 0 0.007234811782836914
1 1 1526 0 0 0.007233858108520508
1 1 1527 0 0 0.007219552993774414
1 1 1528 0 0 0.007241725921630859
1 1 1529 0 0 0.0072481632232666016
1 1 1530 0 0 0.007222414016723633
1 1 1531 0 0 0.007227659225463867
1 1 1532 0 0 0.007238626480102539
1 1 1533 0 0 0.00724029541015625
1 1 1534 0 0 0.007230281829833984
1 1 1535 0 0 0.007230997085571289
1 1 1536 0 0 0.007238626480102539
1 1 1537 0 0 0.007235050201416016
1 1 1538 0 0 0.0072324275970458984
1 1 1539 0 0 0.0072269439697265625
1 1 1540 0 0 0.007221698760986328
1 1 1541 0 0 0.007245779037475586
1 1 1542 0 0 0.007243633270263672
1 1 1543 0 0 0.007230281829833984
1 1 1544 0 0 0.007227897644042969
1 1 1545 0 0 0.007236480712890625
1 1 1546 0 0 0.0072383880615234375
1 1 1547 0 0 0.0072286128997802734
1 1 1548 0 0 0.007226705551147461
1 1 1549 0 0 0.007228374481201172
1 1 1550 0 0 0.0073375701904296875
1 1 1551 0 0 0.007258176803588867
1 1 1552 0 0 0.007233142852783203
1 1 1553 0 0 0.007220029830932617
1 1 1554 0 0 0.007238626480102539
1 1 1555 0 0 0.007232189178466797
1 1 1556 0 0 0.007241725921630859
1 1 1557 0 0 0.00722956657409668
1 1 1558 0 0 0.007248878479003906
1 1 1559 0 0 0.007230997085571289
1 1 1560 0 0 0.007226467132568359
1 1 1561 0 0 0.00723576545715332
1 1 1562 0 0 0.007239103317260742
1 1 1563 0 0 0.007228851318359375
1 1 1564 0 0 0.007226705551147461
1 1 1565 0 0 0.007226228713989258
1 1 1566 0 0 0.007253885269165039
1 1 1567 0 0 0.0072438716888427734
1 1 1568 0 0 0.00723576545715332
1 1 1569 0 0 0.007239580154418945
1 1 1570 0 0 0.007257699966430664
1 1 1571 0 0 0.007266998291015625
1 1 1572 0 0 0.00722956657409668
1 1 1573 0 0 0.0072286128997802734
1 1 1574 0 0 0.007245063781738281
1 1 1575 0 0 0.007253170013427734
1 1 1576 0 0 0.0072498321533203125
1 1 1577 0 0 0.007241964340209961
1 1 1578 0 0 0.007259368896484375
1 1 1579 0 0 0.007245779037475586
1 1 1580 0 0 0.0072286128997802734
1 1 1581 0 0 0.0072405338287353516
1 1 1582 0 0 0.007246255874633789
1 1 1583 0 0 0.007236480712890625
1 1 1584 0 0 0.0072329044342041016
1 1 1585 0 0 0.007230997085571289
1 1 1586 0 0 0.007258415222167969
1 1 1587 0 0 0.0072460174560546875
1 1 1588 0 0 0.007242441177368164
1 1 1589 0 0 0.007227420806884766
1 1 1590 0 0 0.007339000701904297
1 1 1591 0 0 0.007250308990478516
1 1 1592 0 0 0.007233619689941406
1 1 1593 0 0 0.007260799407958984
1 1 1594 0 0 0.007252693176269531
1 1 1595 0 0 0.007266521453857422
1 1 1596 0 0 0.0072479248046875
1 1 1597 0 0 0.007241487503051758
1 1 1598 0 0 0.007248640060424805
1 1 1599 0 0 0.007232189178466797
1 1 1600 0 0 0.007272005081176758
1 1 1601 0 0 0.0072557926177978516
1 1 1602 0 0 0.007245063781738281
1 1 1603 0 0 0.00723576545715332
1 1 1604 0 0 0.007239818572998047
1 1 1605 0 0 0.007251739501953125
1 1 1606 0 0 0.007258176803588867
1 1 1607 0 0 0.007243156433105469
1 1 1608 0 0 0.007230520248413086
1 1 1609 0 0 0.0072481632232666016
1 1 1610 0 0 0.007248401641845703
1 1 1611 0 0 0.007247209548950195
1 1 1612 0 0 0.0072443485260009766
1 1 1613 0 0 0.0072479248046875
1 1 1614 0 0 0.00724482536315918
1 1 1615 0 0 0.007231473922729492
1 1 1616 0 0 0.007227420806884766
1 1 1617 0 0 0.007230520248413086
1 1 1618 0 0 0.007256984710693359
1 1 1619 0 0 0.007241010665893555
1 1 1620 0 0 0.007228374481201172
1 1 1621 0 0 0.007231473922729492
1 1 1622 0 0 0.0072460174560546875
1 1 1623 0 0 0.007230043411254883
1 1 1624 0 0 0.007223367691040039
1 1 1625 0 0 0.007234334945678711
1 1 1626 0 0 0.007222652435302734
1 1 1627 0 0 0.0072519779205322266
1 1 1628 0 0 0.00724482536315918
1 1 1629 0 0 0.0072324275970458984
1 1 1630 0 0 0.0073108673095703125
1 1 1631 0 0 0.007278919219970703
1 1 1632 0 0 0.0072536468505859375
1 1 1633 0 0 0.007230281829833984
1 1 1634 0 0 0.0072629451751708984
1 1 1635 0 0 0.007286787033081055
1 1 1636 0 0 0.007248878479003906
1 1 1637 0 0 0.007241010665893555
1 1 1638 0 0 0.007235288619995117
1 1 1639 0 0 0.007234334945678711
1 1 1640 0 0 0.00725102424621582
1 1 1641 0 0 0.007238864898681641
1 1 1642 0 0 0.007243156433105469
1 1 1643 0 0 0.0072290897369384766
1 1 1644 0 0 0.007253885269165039
1 1 1645 0 0 0.007245063781738281
1 1 1646 0 0 0.007240772247314453
1 1 1647 0 0 0.007232189178466797
1 1 1648 0 0 0.007239818572998047
1 1 1649 0 0 0.00724482536315918
1 1 1650 0 0 0.007284879684448242
1 1 1651 0 0 0.007412910461425781
1 1 1652 0 0 0.007231235504150391
1 1 1653 0 0 0.007253170013427734
1 1 1654 0 0 0.007250070571899414
1 1 1655 0 0 0.007240772247314453
1 1 1656 0 0 0.007234811782836914
1 1 1657 0 0 0.007228374481201172
1 1 1658 0 0 0.007247447967529297
1 1 1659 0 0 0.0072634220123291016
1 1 1660 0 0 0.0072362422943115234
1 1 1661 0 0 0.007236480712890625
1 1 1662 0 0 0.007241010665893555
1 1 1663 0 0 0.007245302200317383
1 1 1664 0 0 0.0072269439697265625
1 1 1665 0 0 0.0072324275970458984
1 1 1666 0 0 0.007233619689941406
1 1 1667 0 0 0.007247447967529297
1 1 1668 0 0 0.007236957550048828
1 1 1669 0 0 0.0072345733642578125
1 1 1670 0 0 0.007333278656005859
1 1 1671 0 0 0.007260799407958984
1 1 1672 0 0 0.007241249084472656
1 1 1673 0 0 0.0072422027587890625
1 1 1674 0 0 0.007248401641845703
1 1 1675 0 0 0.007248401641845703
1 1 1676 0 0 0.007241249084472656
1 1 1677 0 0 0.007239818572998047
1 1 1678 0 0 0.007270336151123047
1 1 1679 0 0 0.007245540618896484
1 1 1680 0 0 0.007234096527099609
1 1 1681 0 0 0.007230997085571289
1 1 1682 0 0 0.00722956657409668
1 1 1683 0 0 0.007258415222167969
1 1 1684 0 0 0.0072367191314697266
1 1 1685 0 0 0.0072400569915771484
1 1 1686 0 0 0.00725555419921875
1 1 1687 0 0 0.007237672805786133
1 1 1688 0 0 0.007235050201416016
1 1 1689 0 0 0.007222414016723633
1 1 1690 0 0 0.007246971130371094
1 1 1691 0 0 0.0072362422943115234
1 1 1692 0 0 0.007235288619995117
1 1 1693 0 0 0.007222175598144531
1 1 1694 0 0 0.007222414016723633
1 1 1695 0 0 0.007245540618896484
1 1 1696 0 0 0.007241249084472656
1 1 1697 0 0 0.007234096527099609
1 1 1698 0 0 0.007232189178466797
1 1 1699 0 0 0.0072383880615234375
1 1 1700 0 0 0.0072519779205322266
1 1 1701 0 0 0.007234334945678711
1 1 1702 0 0 0.007236480712890625
1 1 1703 0 0 0.007245063781738281
1 1 1704 0 0 0.007242918014526367
1 1 1705 0 0 0.007235527038574219
1 1 1706 0 0 0.0072231292724609375
1 1 1707 0 0 0.007229804992675781
1 1 1708 0 0 0.007243156433105469
1 1 1709 0 0 0.007227659225463867
1 1 1710 0 0 0.007299661636352539
1 1 1711 0 0 0.007280826568603516
1 1 1712 0 0 0.007270097732543945
1 1 1713 0 0 0.0072743892669677734
1 1 1714 0 0 0.007245063781738281
1 1 1715 0 0 0.007267951965332031
1 1 1716 0 0 0.007245540618896484
1 1 1717 0 0 0.00723576545715332
1 1 1718 0 0 0.007241964340209961
1 1 1719 0 0 0.007227897644042969
1 1 1720 0 0 0.0072345733642578125
1 1 1721 0 0 0.007250070571899414
1 1 1722 0 0 0.007251262664794922
1 1 1723 0 0 0.007231712341308594
1 1 1724 0 0 0.0072252750396728516
1 1 1725 0 0 0.007249593734741211
1 1 1726 0 0 0.0072422027587890625
1 1 1727 0 0 0.007238864898681641
1 1 1728 0 0 0.007239580154418945
1 1 1729 0 0 0.007236003875732422
1 1 1730 0 0 0.007256746292114258
1 1 1731 0 0 0.007241010665893555
1 1 1732 0 0 0.007230281829833984
1 1 1733 0 0 0.007244110107421875
1 1 1734 0 0 0.007242679595947266
1 1 1735 0 0 0.00724339485168457
1 1 1736 0 0 0.007235288619995117
1 1 1737 0 0 0.007899284362792969
0 0 0 1 1317 0.010126113891601562
0 0 0 5 6043 0.6132235527038574
0 0 0 7 8927 0.22902560234069824
0 0 0 7 9733 0.2129197120666504
0 0 0 7 8915 0.2091972827911377
0 0 0 9 9146 0.2125232219696045
0 0 0 11 11241 0.20940423011779785
0 0 0 6 8493 0.20863747596740723
0 0 0 8 10044 0.20944499969482422
0 0 0 10 10448 0.20980596542358398
0 0 0 7 9927 0.2093181610107422
0 0 0 10 11028 0.20784425735473633
0 0 0 7 9312 0.20785236358642578
0 0 0 7 8792 0.20945286750793457
0 0 0 9 9113 0.20821189880371094
0 0 0 6 8697 0.20998620986938477
0 0 0 8 10634 0.21219444274902344
0 0 0 7 8813 0.20935368537902832
0 0 0 7 9308 0.21641945838928223
0 0 0 9 9189 0.21081876754760742
0 0 0 7 8229 0.20911836624145508
0 0 0 7 10623 0.2149064540863037
0 0 0 7 8677 0.20968866348266602
0 0 0 8 9665 0.2107236385345459
0 0 0 7 10229 0.20852327346801758
0 0 0 10 10001 0.21126079559326172
0 0 0 7 8691 0.21068191528320312
0 0 0 10 10228 0.21060967445373535
0 0 0 5 8597 0.21222758293151855
0 0 0 9 10360 0.21067261695861816
0 0 0 7 8728 0.21086406707763672
0 0 0 10 10434 0.2111368179321289
0 0 0 7 9053 0.20804738998413086
0 0 0 8 8905 0.20836186408996582
0 0 0 9 10561 0.21030664443969727
0 0 0 10 9820 0.20737528800964355
0 0 0 9 9459 0.20870423316955566
0 0 0 9 10178 0.21582674980163574
0 0 0 8 9208 0.20767784118652344
0 0 0 9 9533 0.20779967308044434
0 0 0 8 9322 0.2094433307647705
0 0 0 3 3843 0.0838623046875
283 283 332858 0 0 0.04062509536743164
283 283 333141 0 0 0.03400278091430664
283 283 333424 0 0 0.03256058692932129
283 283 333707 0 0 0.03224921226501465
283 283 333990 0 0 0.03222298622131348
283 283 334273 0 0 0.03212761878967285
283 283 334556 0 0 0.032201528549194336
283 283 334839 0 0 0.03216433525085449
283 283 335122 0 0 0.032263755798339844
283 283 335405 0 0 0.03223872184753418
283 283 335688 0 0 0.032192230224609375
283 283 335971 0 0 0.03211069107055664
283 283 336254 0 0 0.03224825859069824
283 283 336537 0 0 0.03215479850769043
283 283 336820 0 0 0.032312870025634766
283 283 337103 0 0 0.03218221664428711
283 283 337386 0 0 0.03207540512084961
283 283 337669 0 0 0.03212404251098633
283 283 337952 0 0 0.032349348068237305
283 283 338235 0 0 0.03236722946166992
283 283 338518 0 0 0.03217196464538574
283 283 338801 0 0 0.032175302505493164
283 283 339084 0 0 0.03226065635681152
283 283 339367 0 0 0.03233647346496582
283 283 339650 0 0 0.03235983848571777
283 283 339933 0 0 0.032354116439819336
283 283 340216 0 0 0.032323598861694336
283 283 340499 0 0 0.03253173828125
283 283 340782 0 0 0.03245210647583008
283 283 341065 0 0 0.03246569633483887
283 283 341348 0 0 0.032616376876831055
283 283 341631 0 0 0.03255128860473633
283 283 341914 0 0 0.03249502182006836
283 283 342197 0 0 0.032593727111816406
283 283 342480 0 0 0.0325469970703125
283 283 342763 0 0 0.032636165618896484
283 283 343046 0 0 0.03262734413146973
283 283 343329 0 0 0.03263974189758301
283 283 343612 0 0 0.032665252685546875
283 283 343895 0 0 0.03260087966918945
283 283 344178 0 0 0.032601356506347656
283 283 344461 0 0 0.03262734413146973
283 283 344744 0 0 0.03276848793029785
283 283 345027 0 0 0.03284120559692383
283 283 345310 0 0 0.03272604942321777
283 283 345593 0 0 0.03267621994018555
283 283 345876 0 0 0.03271365165710449
283 283 346159 0 0 0.032907962799072266
283 283 346442 0 0 0.03275299072265625
283 283 346725 0 0 0.032891273498535156
283 283 347008 0 0 0.032747507095336914
283 283 347291 0 0 0.03287243843078613
283 283 347574 0 0 0.03292703628540039
283 283 347857 0 0 0.03298687934875488
283 283 348140 0 0 0.03292655944824219
283 283 348423 0 0 0.033078670501708984
283 283 348706 0 0 0.032843589782714844
283 283 348989 0 0 0.03294730186462402
283 283 349272 0 0 0.03371000289916992
283 283 349555 0 0 0.03362298011779785
283 283 349838 0 0 0.03358817100524902
283 283 350121 0 0 0.03344321250915527
283 283 350404 0 0 0.03342318534851074
283 283 350687 0 0 0.03375554084777832
283 283 350970 0 0 0.03344130516052246
283 283 351253 0 0 0.033385276794433594
283 283 351536 0 0 0.03347063064575195
283 283 351819 0 0 0.03339052200317383
283 283 352102 0 0 0.03356599807739258
283 283 352385 0 0 0.033362627029418945
283 283 352668 0 0 0.03326010704040527
283 283 352951 0 0 0.03349018096923828
283 283 353234 0 0 0.03342556953430176
283 283 353517 0 0 0.033448219299316406
283 283 353800 0 0 0.03336024284362793
283 283 354083 0 0 0.033458709716796875
283 283 354366 0 0 0.03346848487854004
283 283 354649 0 0 0.033539533615112305
283 283 354932 0 0 0.03351116180419922
283 283 355215 0 0 0.033495187759399414
283 283 355498 0 0 0.033449649810791016
283 283 355781 0 0 0.03347659111022949
283 283 356064 0 0 0.03354167938232422
283 283 356347 0 0 0.033608436584472656
283 283 356630 0 0 0.03401327133178711
283 283 356913 0 0 0.03385186195373535
283 283 357196 0 0 0.03384280204772949
283 283 357479 0 0 0.0337071418762207
283 283 357762 0 0 0.03352046012878418
283 283 358045 0 0 0.03368258476257324
283 283 358328 0 0 0.03366661071777344
283 283 358611 0 0 0.03375959396362305
283 283 358894 0 0 0.03375530242919922
283 283 359177 0 0 0.033574581146240234
283 283 359460 0 0 0.033664703369140625
283 283 359743 0 0 0.03378033638000488
283 283 360026 0 0 0.03371071815490723
283 283 360309 0 0 0.033696651458740234
283 283 360592 0 0 0.03377580642700195
283 283 360875 0 0 0.0337677001953125
283 283 361158 0 0 0.033884286880493164
283 283 361441 0 0 0.03365445137023926
283 283 361724 0 0 0.03404593467712402
283 283 362007 0 0 0.03381991386413574
283 283 362290 0 0 0.03371238708496094
283 283 362573 0 0 0.03382992744445801
283 283 362856 0 0 0.033933401107788086
283 283 363139 0 0 0.03419756889343262
283 283 363422 0 0 0.03388643264770508
283 283 363705 0 0 0.03381156921386719
283 283 363988 0 0 0.03395366668701172
283 283 364271 0 0 0.03399515151977539
283 283 364554 0 0 0.03403139114379883
283 283 364837 0 0 0.034071922302246094
283 283 365120 0 0 0.034108638763427734
283 283 365403 0 0 0.0341191291809082
283 283 365686 0 0 0.03431558609008789
283 283 365969 0 0 0.03429579734802246
283 283 366252 0 0 0.03418993949890137
283 283 366535 0 0 0.034143924713134766
283 283 366818 0 0 0.03433370590209961
283 283 367101 0 0 0.034218549728393555
283 283 367384 0 0 0.03424072265625
283 283 367667 0 0 0.03431820869445801
283 283 367950 0 0 0.03433394432067871
283 283 368233 0 0 0.034511566162109375
283 283 368516 0 0 0.03439593315124512
283 283 368799 0 0 0.03490161895751953
281 281 366058 0 0 0.03425025939941406
0 0 0 4 3963 0.09802031517028809
285 285 370306 0 0 0.037926673889160156
285 285 370591 0 0 0.03557991981506348
285 285 370876 0 0 0.0352940559387207
285 285 371161 0 0 0.03470778465270996
285 285 371446 0 0 0.03495597839355469
283 283 370471 0 0 0.034581899642944336
0 0 0 1 1824 0.047255516052246094
284 284 372579 0 0 0.03550004959106445
284 284 372863 0 0 0.0352787971496582
284 284 373147 0 0 0.034975528717041016
284 284 373431 0 0 0.03470969200134277
284 284 373715 0 0 0.034834861755371094
284 284 373999 0 0 0.03497481346130371
284 284 374283 0 0 0.03514599800109863
283 283 373053 0 0 0.03485822677612305
0 0 0 1 1972 0.05151772499084473
284 284 375309 0 0 0.0397493839263916
284 284 375593 0 0 0.0368647575378418
284 284 375877 0 0 0.03583240509033203
283 283 374248 0 0 0.03679633140563965
0 0 0 2 1912 0.04698777198791504
284 284 375068 0 0 0.03878283500671387
284 284 375352 0 0 0.03609061241149902
284 284 375636 0 0 0.0352323055267334
284 284 375920 0 0 0.035067081451416016
284 284 376204 0 0 0.03496146202087402
284 284 376488 0 0 0.03500556945800781
284 284 376772 0 0 0.03520607948303223
284 284 377056 0 0 0.03536677360534668
283 283 375446 0 0 0.03496050834655762
0 0 0 1 1754 0.04603290557861328
284 284 377484 0 0 0.03745603561401367
284 284 377768 0 0 0.03589773178100586
284 284 378052 0 0 0.03539872169494629
282 282 375776 0 0 0.03519725799560547
0 0 0 2 2944 0.07542681694030762
283 283 378254 0 0 0.03883695602416992
0 0 0 3 2347 0.05997776985168457
285 285 378767 0 0 0.03881192207336426
0 0 0 1 1777 0.04656100273132324
285 285 378881 0 0 0.037386178970336914
285 285 379166 0 0 0.03611493110656738
285 285 379451 0 0 0.035446882247924805
285 285 379736 0 0 0.03538179397583008
285 285 380021 0 0 0.03519415855407715
285 285 380306 0 0 0.0353240966796875
285 285 380591 0 0 0.03546547889709473
284 284 379317 0 0 0.035362958908081055
0 0 0 1 983 0.026297807693481445
284 284 380137 0 0 0.03544259071350098
284 284 380421 0 0 0.040883779525756836
283 283 378887 0 0 0.03584790229797363
0 0 0 3 2608 0.06565475463867188
285 285 380337 0 0 0.037611961364746094
285 285 380622 0 0 0.03659510612487793
285 285 380907 0 0 0.03566169738769531
285 285 381192 0 0 0.03577995300292969
284 284 379441 0 0 0.035320281982421875
0 0 0 1 1998 0.052039384841918945
285 285 381724 0 0 0.038507938385009766
284 284 380690 0 0 0.036988019943237305
0 0 0 1 1772 0.0460963249206543
285 285 382747 0 0 0.0371251106262207
284 284 382165 0 0 0.03616619110107422
0 0 0 2 1729 0.04378223419189453
285 285 382174 0 0 0.038088321685791016
285 285 382459 0 0 0.036461830139160156
284 284 380927 0 0 0.03582572937011719
0 0 0 2 3122 0.07746458053588867
285 285 382508 0 0 0.03945636749267578
0 0 0 1 761 0.024265527725219727
285 285 382894 0 0 0.036177635192871094
285 285 383179 0 0 0.03607177734375
284 284 381642 0 0 0.03567218780517578
0 0 0 1 1105 0.03155064582824707
284 284 382367 0 0 0.03726792335510254
284 284 382651 0 0 0.036299943923950195
284 284 382935 0 0 0.03569221496582031
284 284 383219 0 0 0.0356593132019043
283 283 382502 0 0 0.03540468215942383
283 283 382785 0 0 0.035663604736328125
283 283 383068 0 0 0.03558182716369629
283 283 383351 0 0 0.03554892539978027
283 283 383634 0 0 0.03567934036254883
282 282 383365 0 0 0.03578686714172363
0 0 0 1 1945 0.050307273864746094
282 282 384489 0 0 0.036724090576171875
282 282 384771 0 0 0.03640866279602051
282 282 385053 0 0 0.03587961196899414
282 282 385335 0 0 0.03626132011413574
281 281 384093 0 0 0.036870479583740234
0 0 0 2 2257 0.06066489219665527
282 282 385421 0 0 0.03980708122253418
282 282 385703 0 0 0.037339210510253906
282 282 385985 0 0 0.03675436973571777
282 282 386267 0 0 0.03638029098510742
282 282 386549 0 0 0.03608298301696777
282 282 386831 0 0 0.03568887710571289
282 282 387113 0 0 0.03591442108154297
281 281 386201 0 0 0.03559541702270508
0 0 0 1 1994 0.05182051658630371
282 282 388477 0 0 0.04468131065368652
282 282 388759 0 0 0.037842750549316406
282 282 389041 0 0 0.036396026611328125
282 282 389323 0 0 0.036151885986328125
282 282 389605 0 0 0.03600287437438965
282 282 389887 0 0 0.035991668701171875
282 282 390169 0 0 0.03608894348144531
282 282 390451 0 0 0.0360722541809082
282 282 390733 0 0 0.03592729568481445
282 282 391015 0 0 0.03593945503234863
282 282 391297 0 0 0.03599715232849121
282 282 391579 0 0 0.03631401062011719
281 281 391268 0 0 0.0361933708190918
281 281 391549 0 0 0.0366363525390625
281 281 391830 0 0 0.03634524345397949
281 281 392111 0 0 0.03645467758178711
281 281 392392 0 0 0.036407470703125
281 281 392673 0 0 0.03641629219055176
280 280 392404 0 0 0.03602457046508789
280 280 392684 0 0 0.03660416603088379
279 279 391482 0 0 0.03620147705078125
0 0 0 2 2616 0.06691551208496094
279 279 392424 0 0 0.03903341293334961
279 279 392703 0 0 0.036824941635131836
279 279 392982 0 0 0.03638315200805664
279 279 393261 0 0 0.03625845909118652
279 279 393540 0 0 0.03611493110656738
279 279 393819 0 0 0.036328792572021484
278 278 393473 0 0 0.03617596626281738
278 278 393751 0 0 0.036333560943603516
278 278 394029 0 0 0.03623533248901367
278 278 394307 0 0 0.036168813705444336
278 278 394585 0 0 0.03612089157104492
278 278 394863 0 0 0.03620624542236328
278 278 395141 0 0 0.03618621826171875
278 278 395419 0 0 0.03631186485290527
278 278 395697 0 0 0.036342620849609375
277 277 394667 0 0 0.036420583724975586
277 277 394944 0 0 0.03655195236206055
277 277 395221 0 0 0.03652763366699219
276 276 393613 0 0 0.03616452217102051
0 0 0 1 2003 0.05137443542480469
277 277 395893 0 0 0.03983736038208008
277 277 396170 0 0 0.03746175765991211
276 276 395031 0 0 0.03682303428649902
0 0 0 1 1983 0.05141782760620117
276 276 396567 0 0 0.038912057876586914
276 276 396843 0 0 0.037206411361694336
276 276 397119 0 0 0.0378115177154541
275 275 396124 0 0 0.037059783935546875
0 0 0 1 1488 0.03962421417236328
276 276 397888 0 0 0.0377657413482666
276 276 398164 0 0 0.03702521324157715
276 276 398440 0 0 0.03668212890625
275 275 398179 0 0 0.03659987449645996
274 274 397437 0 0 0.03689432144165039
274 274 397711 0 0 0.03713631629943848
274 274 397985 0 0 0.03668045997619629
274 274 398259 0 0 0.036690711975097656
274 274 398533 0 0 0.0375216007232666
273 273 397082 0 0 0.037734270095825195
0 0 0 1 1212 0.03321218490600586
274 274 398568 0 0 0.03985261917114258
273 273 397811 0 0 0.03785228729248047
0 0 0 1 1067 0.031804800033569336
274 274 399152 0 0 0.03918743133544922
274 274 399426 0 0 0.03767037391662598
274 274 399700 0 0 0.03681468963623047
274 274 399974 0 0 0.03671741485595703
274 274 400248 0 0 0.03738713264465332
274 274 400522 0 0 0.03728175163269043
273 273 399282 0 0 0.03710532188415527
0 0 0 1 1883 0.048557281494140625
273 273 399553 0 0 0.04037904739379883
0 0 0 3 2432 0.0613861083984375
275 275 400533 0 0 0.04013872146606445
275 275 400808 0 0 0.037740230560302734
275 275 401083 0 0 0.0370943546295166
275 275 401358 0 0 0.04107332229614258
273 273 400045 0 0 0.03715157508850098
0 0 0 1 1872 0.04819369316101074
273 273 401457 0 0 0.03970146179199219
273 273 401730 0 0 0.03734564781188965
273 273 402003 0 0 0.037010908126831055
272 272 401228 0 0 0.03671574592590332
272 272 401500 0 0 0.037154197692871094
272 272 401772 0 0 0.03725385665893555
270 270 398484 0 0 0.03695392608642578
0 0 0 2 3796 0.09769845008850098
271 271 400908 0 0 0.03922772407531738
0 0 0 1 1255 0.033480167388916016
272 272 402435 0 0 0.038417816162109375
272 272 402707 0 0 0.03742694854736328
272 272 402979 0 0 0.03683781623840332
272 272 403251 0 0 0.036834001541137695
272 272 403523 0 0 0.037088632583618164
271 271 402993 0 0 0.03698134422302246
271 271 403264 0 0 0.03725290298461914
271 271 403535 0 0 0.03690028190612793
271 271 403806 0 0 0.03750777244567871
269 269 400134 0 0 0.03668689727783203
0 0 0 2 2436 0.06426644325256348
271 271 402841 0 0 0.04012751579284668
271 271 403112 0 0 0.037480831146240234
271 271 403383 0 0 0.03702211380004883
271 271 403654 0 0 0.037290096282958984
269 269 401984 0 0 0.03677845001220703
0 0 0 1 1945 0.05133390426635742
269 269 403529 0 0 0.04001045227050781
0 0 0 1 1783 0.045798301696777344
270 270 405582 0 0 0.039380788803100586
270 270 405852 0 0 0.03755950927734375
270 270 406122 0 0 0.03721427917480469
270 270 406392 0 0 0.03710532188415527
270 270 406662 0 0 0.037322044372558594
269 269 405890 0 0 0.03745079040527344
0 0 0 3 3946 0.09827566146850586
269 269 405190 0 0 0.04224205017089844
0 0 0 1 405 0.01701188087463379
270 270 405865 0 0 0.03783273696899414
270 270 406135 0 0 0.03745746612548828
269 269 404526 0 0 0.03694581985473633
0 0 0 1 2001 0.05179190635681152
270 270 406797 0 0 0.040242910385131836
270 270 407067 0 0 0.03899669647216797
270 270 407337 0 0 0.03779339790344238
270 270 407607 0 0 0.03733396530151367
269 269 406142 0 0 0.03703927993774414
0 0 0 1 670 0.02331995964050293
270 270 407082 0 0 0.03740239143371582
270 270 407352 0 0 0.037297964096069336
269 269 406922 0 0 0.03718090057373047
269 269 407191 0 0 0.037862300872802734
269 269 407460 0 0 0.03726768493652344
269 269 407729 0 0 0.03721165657043457
269 269 407998 0 0 0.03706216812133789
269 269 408267 0 0 0.037516117095947266
269 269 408536 0 0 0.03740382194519043
269 269 408805 0 0 0.03753495216369629
269 269 409074 0 0 0.037097930908203125
269 269 409343 0 0 0.03712058067321777
269 269 409612 0 0 0.036975860595703125
269 269 409881 0 0 0.0379486083984375
268 268 408235 0 0 0.03753995895385742
0 0 0 1 1009 0.02642202377319336
269 269 409513 0 0 0.03792929649353027
269 269 409782 0 0 0.0379183292388916
267 267 406454 0 0 0.03783869743347168
0 0 0 3 4860 0.12863540649414062
269 269 409405 0 0 0.03989768028259277
0 0 0 1 1060 0.031835317611694336
269 269 409620 0 0 0.03859663009643555
0 0 0 2 2143 0.056900739669799805
270 270 409772 0 0 0.03992795944213867
269 269 408822 0 0 0.038249969482421875
269 269 409091 0 0 0.037790536880493164
269 269 409360 0 0 0.037502288818359375
269 269 409629 0 0 0.03755545616149902
268 268 408922 0 0 0.03730201721191406
0 0 0 1 1438 0.03917717933654785
269 269 410629 0 0 0.038770198822021484
269 269 410898 0 0 0.03773021697998047
269 269 411167 0 0 0.03770732879638672
269 269 411436 0 0 0.03740572929382324
269 269 411705 0 0 0.03742837905883789
269 269 411974 0 0 0.0375058650970459
269 269 412243 0 0 0.03771567344665527
268 268 411433 0 0 0.037500619888305664
0 0 0 2 1496 0.03859257698059082
269 269 411573 0 0 0.03952383995056152
269 269 411842 0 0 0.03808903694152832
269 269 412111 0 0 0.037817955017089844
268 268 410091 0 0 0.03738045692443848
0 0 0 1 1510 0.03984570503234863
269 269 411870 0 0 0.03950667381286621
269 269 412139 0 0 0.03811335563659668
269 269 412408 0 0 0.03789329528808594
268 268 411492 0 0 0.03778696060180664
0 0 0 2 2675 0.06905794143676758
268 268 411305 0 0 0.041187286376953125
0 0 0 2 1722 0.04485440254211426
269 269 411959 0 0 0.03968501091003418
269 269 412228 0 0 0.038480281829833984
269 269 412497 0 0 0.03801131248474121
269 269 412766 0 0 0.03768587112426758
269 269 413035 0 0 0.03755998611450195
269 269 413304 0 0 0.03742527961730957
269 269 413573 0 0 0.037810325622558594
269 269 413842 0 0 0.03759145736694336
268 268 412479 0 0 0.03755760192871094
0 0 0 1 1038 0.03145122528076172
268 268 412878 0 0 0.03833746910095215
0 0 0 1 1361 0.03760099411010742
269 269 414508 0 0 0.0400087833404541
269 269 414777 0 0 0.0382843017578125
269 269 415046 0 0 0.037839412689208984
268 268 413917 0 0 0.03759574890136719
0 0 0 1 721 0.02343606948852539
269 269 414907 0 0 0.038652896881103516
267 267 411374 0 0 0.03755664825439453
0 0 0 2 3115 0.07682037353515625
269 269 414758 0 0 0.04230308532714844
266 266 410862 0 0 0.039347171783447266
0 0 0 3 1914 0.04596447944641113
269 269 413045 0 0 0.04204201698303223
269 269 413314 0 0 0.0387415885925293
269 269 413583 0 0 0.03765606880187988
269 269 413852 0 0 0.03757429122924805
269 269 414121 0 0 0.03802895545959473
266 266 409620 0 0 0.037447452545166016
0 0 0 3 3839 0.0971217155456543
269 269 413728 0 0 0.0417025089263916
269 269 413997 0 0 0.03933382034301758
269 269 414266 0 0 0.03819465637207031
268 268 413010 0 0 0.038193702697753906
0 0 0 2 1378 0.036869049072265625
270 270 414658 0 0 0.04038071632385254
270 270 414928 0 0 0.03901338577270508
269 269 412816 0 0 0.03818798065185547
0 0 0 2 2128 0.057068586349487305
271 271 415215 0 0 0.040955543518066406
271 271 415486 0 0 0.03867697715759277
270 270 415244 0 0 0.037987709045410156
270 270 415514 0 0 0.03824496269226074
270 270 415784 0 0 0.03779888153076172
270 270 416054 0 0 0.038039445877075195
268 268 412641 0 0 0.03765392303466797
0 0 0 2 3507 0.0893094539642334
270 270 416418 0 0 0.04121851921081543
269 269 415099 0 0 0.03898811340332031
0 0 0 3 2579 0.06834650039672852
270 270 414917 0 0 0.04072308540344238
0 0 0 1 342 0.015445470809936523
271 271 415530 0 0 0.03842449188232422
271 271 415801 0 0 0.03802013397216797
271 271 416072 0 0 0.03782916069030762
271 271 416343 0 0 0.03791522979736328
271 271 416614 0 0 0.037850379943847656
271 271 416885 0 0 0.03826475143432617
269 269 413934 0 0 0.03770947456359863
0 0 0 2 2306 0.060059547424316406
271 271 416511 0 0 0.041722774505615234
271 271 416782 0 0 0.03925466537475586
270 270 415362 0 0 0.03790569305419922
0 0 0 2 1772 0.044873714447021484
272 272 417406 0 0 0.03968930244445801
272 272 417678 0 0 0.03821754455566406
272 272 417950 0 0 0.03849387168884277
270 270 414684 0 0 0.03804159164428711
0 0 0 2 3780 0.09898924827575684
271 271 416312 0 0 0.04128408432006836
0 0 0 1 1048 0.03189206123352051
272 272 417632 0 0 0.040126800537109375
270 270 415126 0 0 0.038285017013549805
0 0 0 1 1959 0.05129218101501465
271 271 417356 0 0 0.04235267639160156
270 270 416850 0 0 0.03875565528869629
0 0 0 1 1707 0.045346975326538086
271 271 418828 0 0 0.04087996482849121
270 270 416731 0 0 0.03860926628112793
0 0 0 1 498 0.016681671142578125
271 271 417500 0 0 0.038297176361083984
271 271 417771 0 0 0.037940025329589844
271 271 418042 0 0 0.037978410720825195
271 271 418313 0 0 0.037969112396240234
271 271 418584 0 0 0.037886857986450195
271 271 418855 0 0 0.038214921951293945
270 270 417123 0 0 0.03821253776550293
0 0 0 2 1941 0.049034833908081055
271 271 417288 0 0 0.04155254364013672
271 271 417559 0 0 0.03881216049194336
271 271 417830 0 0 0.03857779502868652
270 270 416408 0 0 0.03815007209777832
0 0 0 2 2097 0.054961442947387695
272 272 418777 0 0 0.04756975173950195
272 272 419049 0 0 0.03912353515625
272 272 419321 0 0 0.03841876983642578
271 271 418361 0 0 0.03803849220275879
271 271 418632 0 0 0.04001212120056152
270 270 417957 0 0 0.03858375549316406
0 0 0 1 1201 0.033202409744262695
271 271 419429 0 0 0.040128231048583984
271 271 419700 0 0 0.03882598876953125
271 271 419971 0 0 0.038390159606933594
271 271 420242 0 0 0.038504838943481445
270 270 418531 0 0 0.039060354232788086
0 0 0 2 2681 0.06909704208374023
271 271 419902 0 0 0.04239702224731445
271 271 420173 0 0 0.03991985321044922
271 271 420444 0 0 0.039189815521240234
271 271 420715 0 0 0.03860807418823242
271 271 420986 0 0 0.038329124450683594
271 271 421257 0 0 0.03847551345825195
271 271 421528 0 0 0.03824281692504883
271 271 421799 0 0 0.03818845748901367
271 271 422070 0 0 0.03853726387023926
270 270 421291 0 0 0.03795456886291504
270 270 421561 0 0 0.03909659385681152
268 268 418589 0 0 0.03815603256225586
0 0 0 1 1557 0.042886972427368164
269 269 420415 0 0 0.040784597396850586
269 269 420684 0 0 0.03905487060546875
268 268 419980 0 0 0.03827643394470215
0 0 0 1 1940 0.05091547966003418
269 269 422189 0 0 0.04063844680786133
269 269 422458 0 0 0.03877758979797363
269 269 422727 0 0 0.03829336166381836
269 269 422996 0 0 0.038110971450805664
269 269 423265 0 0 0.038909912109375
268 268 422124 0 0 0.03870034217834473
0 0 0 1 1570 0.04265761375427246
268 268 421875 0 0 0.04049396514892578
0 0 0 3 2389 0.06081247329711914
270 270 422582 0 0 0.041913747787475586
0 0 0 1 1384 0.0377192497253418
270 270 422745 0 0 0.0400390625
270 270 423015 0 0 0.03921008110046387
270 270 423285 0 0 0.039200544357299805
268 268 420929 0 0 0.03830409049987793
0 0 0 1 1143 0.031682491302490234
269 269 422341 0 0 0.0405428409576416
269 269 422610 0 0 0.038829803466796875
269 269 422879 0 0 0.03851604461669922
269 269 423148 0 0 0.03861856460571289
267 267 419166 0 0 0.03807520866394043
0 0 0 2 3302 0.08330821990966797
269 269 422737 0 0 0.04219961166381836
268 268 421243 0 0 0.03918337821960449
0 0 0 1 1595 0.04321479797363281
269 269 423107 0 0 0.0410609245300293
269 269 423376 0 0 0.039223670959472656
269 269 423645 0 0 0.03864645957946777
268 268 421708 0 0 0.038233280181884766
0 0 0 1 1583 0.04335212707519531
269 269 423560 0 0 0.04104328155517578
268 268 421382 0 0 0.03895878791809082
0 0 0 1 1351 0.03775286674499512
269 269 423002 0 0 0.040651559829711914
268 268 421504 0 0 0.03907942771911621
0 0 0 3 3604 0.09404325485229492
269 269 422060 0 0 0.04209423065185547
0 0 0 1 1611 0.04344820976257324
270 270 423941 0 0 0.04096174240112305
270 270 424211 0 0 0.039201974868774414
270 270 424481 0 0 0.038899898529052734
269 269 422642 0 0 0.0382993221282959
0 0 0 1 1134 0.03179025650024414
270 270 424046 0 0 0.04005837440490723
270 270 424316 0 0 0.03893327713012695
270 270 424586 0 0 0.03851747512817383
270 270 424856 0 0 0.0386202335357666
269 269 423090 0 0 0.0382838249206543
0 0 0 1 1445 0.03915524482727051
270 270 424805 0 0 0.03997349739074707
270 270 425075 0 0 0.038834333419799805
270 270 425345 0 0 0.0386965274810791
270 270 425615 0 0 0.038849592208862305
270 270 425885 0 0 0.03884387016296387
270 270 426155 0 0 0.03903913497924805
269 269 425110 0 0 0.03869438171386719
0 0 0 1 957 0.0262148380279541
270 270 426337 0 0 0.04085683822631836
270 270 426607 0 0 0.03907585144042969
270 270 426877 0 0 0.038674354553222656
270 270 427147 0 0 0.03857064247131348
270 270 427417 0 0 0.038603782653808594
270 270 427687 0 0 0.03909778594970703
268 268 423483 0 0 0.03843855857849121
0 0 0 3 2815 0.07127523422241211
271 271 426569 0 0 0.04305553436279297
270 270 425163 0 0 0.03932762145996094
0 0 0 2 2194 0.05893278121948242
272 272 427629 0 0 0.04150795936584473
272 272 427901 0 0 0.03939104080200195
272 272 428173 0 0 0.038584232330322266
272 272 428445 0 0 0.03885674476623535
271 271 426767 0 0 0.03850388526916504
0 0 0 1 926 0.02597355842590332
272 272 427965 0 0 0.03887319564819336
272 272 428237 0 0 0.03881478309631348
272 272 428509 0 0 0.0388951301574707
271 271 427154 0 0 0.038419246673583984
0 0 0 1 1816 0.04781222343444824
272 272 429242 0 0 0.04468870162963867
272 272 429514 0 0 0.04273223876953125
270 270 425410 0 0 0.03960418701171875
0 0 0 2 979 0.025887250900268555
272 272 426661 0 0 0.03932642936706543
272 272 426933 0 0 0.04533553123474121
269 269 421972 0 0 0.03902935981750488
0 0 0 2 3767 0.09818148612976074
271 271 426010 0 0 0.041892290115356445
271 271 426281 0 0 0.03916192054748535
271 271 426552 0 0 0.03917646408081055
271 271 426823 0 0 0.038779258728027344
271 271 427094 0 0 0.0389254093170166
270 270 426627 0 0 0.03860306739807129
0 0 0 1 1897 0.048648834228515625
271 271 428795 0 0 0.04211735725402832
270 270 427580 0 0 0.03994941711425781
270 270 427850 0 0 0.03933072090148926
270 270 428120 0 0 0.03895115852355957
270 270 428390 0 0 0.03892803192138672
270 270 428660 0 0 0.03935432434082031
270 270 428930 0 0 0.03927779197692871
269 269 428252 0 0 0.03871297836303711
269 269 428521 0 0 0.03919196128845215
269 269 428790 0 0 0.03857159614562988
269 269 429059 0 0 0.03849983215332031
269 269 429328 0 0 0.03880119323730469
268 268 428129 0 0 0.03900504112243652
0 0 0 1 1948 0.051239967346191406
268 268 428742 0 0 0.04232001304626465
0 0 0 2 2101 0.05543780326843262
269 269 429459 0 0 0.04199028015136719
269 269 429728 0 0 0.03981637954711914
269 269 429997 0 0 0.03951096534729004
268 268 428174 0 0 0.03875160217285156
0 0 0 1 1804 0.04772806167602539
269 269 430247 0 0 0.04176664352416992
269 269 430516 0 0 0.039508819580078125
269 269 430785 0 0 0.03965592384338379
267 267 428004 0 0 0.03902864456176758
0 0 0 1 1814 0.04745960235595703
268 268 430086 0 0 0.04206395149230957
268 268 430354 0 0 0.03989529609680176
266 266 426758 0 0 0.038954973220825195
0 0 0 3 2782 0.0700223445892334
269 269 429809 0 0 0.04298043251037598
269 269 430078 0 0 0.0400090217590332
269 269 430347 0 0 0.03977799415588379
268 268 429112 0 0 0.039214134216308594
0 0 0 1 1442 0.03944969177246094
269 269 430823 0 0 0.04104733467102051
269 269 431092 0 0 0.03952932357788086
269 269 431361 0 0 0.03917098045349121
269 269 431630 0 0 0.04003477096557617
268 268 429851 0 0 0.039964914321899414
0 0 0 1 1048 0.03183865547180176
269 269 431168 0 0 0.04192757606506348
269 269 431437 0 0 0.040112972259521484
269 269 431706 0 0 0.03992581367492676
269 269 431975 0 0 0.03988361358642578
268 268 429926 0 0 0.03925037384033203
0 0 0 2 1944 0.04941296577453613
270 270 432140 0 0 0.04287600517272949
269 269 431344 0 0 0.04012703895568848
0 0 0 1 1839 0.04836463928222656
269 269 431887 0 0 0.04231619834899902
269 269 432156 0 0 0.03984475135803223
268 268 430921 0 0 0.03940415382385254
0 0 0 1 1341 0.03763079643249512
268 268 432012 0 0 0.04117846488952637
268 268 432280 0 0 0.03973078727722168
268 268 432548 0 0 0.03910660743713379
268 268 432816 0 0 0.039114952087402344
268 268 433084 0 0 0.03941202163696289
267 267 431920 0 0 0.038992881774902344
0 0 0 1 1255 0.033147335052490234
268 268 433443 0 0 0.0408177375793457
268 268 433711 0 0 0.04025673866271973
266 266 430234 0 0 0.039160728454589844
0 0 0 2 1940 0.04906892776489258
268 268 432442 0 0 0.041623830795288086
268 268 432710 0 0 0.039952993392944336
268 268 432978 0 0 0.03955531120300293
268 268 433246 0 0 0.03913712501525879
268 268 433514 0 0 0.039180755615234375
268 268 433782 0 0 0.039438724517822266
266 266 429535 0 0 0.03908896446228027
0 0 0 4 4361 0.11404013633728027
269 269 432512 0 0 0.0421299934387207
269 269 432781 0 0 0.040216684341430664
268 268 431467 0 0 0.03932619094848633
0 0 0 1 2027 0.052663326263427734
269 269 433763 0 0 0.043157339096069336
268 268 432611 0 0 0.039815664291381836
0 0 0 2 1385 0.03720521926879883
270 270 434266 0 0 0.041742801666259766
270 270 434536 0 0 0.03977847099304199
270 270 434806 0 0 0.0391993522644043
270 270 435076 0 0 0.039557456970214844
269 269 432960 0 0 0.03914642333984375
269 269 433229 0 0 0.03952646255493164
269 269 433498 0 0 0.03926515579223633
269 269 433767 0 0 0.03901982307434082
269 269 434036 0 0 0.03949332237243652
268 268 433200 0 0 0.0389554500579834
268 268 433468 0 0 0.03965473175048828
267 267 432238 0 0 0.03921246528625488
0 0 0 2 2670 0.06730985641479492
268 268 433777 0 0 0.04313969612121582
0 0 0 2 2529 0.06457209587097168
269 269 434677 0 0 0.042881011962890625
269 269 434946 0 0 0.04021596908569336
269 269 435215 0 0 0.03969287872314453
269 269 435484 0 0 0.039627790451049805
268 268 434496 0 0 0.0396122932434082
0 0 0 1 728 0.02365851402282715
268 268 433479 0 0 0.040587425231933594
0 0 0 1 821 0.025532245635986328
269 269 434569 0 0 0.04083967208862305
269 269 434838 0 0 0.040059566497802734
269 269 435107 0 0 0.03961992263793945
269 269 435376 0 0 0.04035758972167969
268 268 434537 0 0 0.03992033004760742
268 268 434805 0 0 0.040383100509643555
267 267 432851 0 0 0.03942370414733887
0 0 0 1 757 0.023640155792236328
268 268 433876 0 0 0.039563894271850586
267 267 432844 0 0 0.039186954498291016
0 0 0 1 1624 0.043721914291381836
268 268 434736 0 0 0.04284358024597168
267 267 432584 0 0 0.04022979736328125
0 0 0 2 2008 0.050325870513916016
268 268 432791 0 0 0.044793128967285156
0 0 0 1 1848 0.048276424407958984
269 269 434908 0 0 0.04279756546020508
268 268 432740 0 0 0.041020870208740234
0 0 0 1 491 0.016831159591674805
269 269 433500 0 0 0.039788246154785156
269 269 433769 0 0 0.03942513465881348
269 269 434038 0 0 0.03926825523376465
269 269 434307 0 0 0.03921222686767578
269 269 434576 0 0 0.039795637130737305
267 267 430709 0 0 0.03891944885253906
0 0 0 2 1919 0.047165632247924805
269 269 432897 0 0 0.04348039627075195
268 268 431465 0 0 0.04008960723876953
0 0 0 2 2463 0.06446671485900879
269 269 432860 0 0 0.042615413665771484
0 0 0 1 1926 0.05152487754821777
270 270 435056 0 0 0.042405128479003906
270 270 435326 0 0 0.04025912284851074
270 270 435596 0 0 0.0453641414642334
269 269 434059 0 0 0.03960394859313965
269 269 434328 0 0 0.039653778076171875
269 269 434597 0 0 0.03950238227844238
269 269 434866 0 0 0.039714813232421875
268 268 432883 0 0 0.03921914100646973
0 0 0 2 1305 0.03658175468444824
270 270 434458 0 0 0.04123663902282715
268 268 431005 0 0 0.0396885871887207
0 0 0 3 3319 0.08257007598876953
270 270 433468 0 0 0.043030500411987305
0 0 0 1 1223 0.033736228942871094
270 270 433468 0 0 0.04022645950317383
270 270 433738 0 0 0.03988909721374512
270 270 434008 0 0 0.04019641876220703
269 269 432681 0 0 0.03979349136352539
0 0 0 1 1899 0.04840564727783203
270 270 434850 0 0 0.042566537857055664
270 270 435120 0 0 0.04079079627990723
269 269 434627 0 0 0.04088234901428223
0 0 0 1 1559 0.0431368350982666
269 269 434761 0 0 0.04199075698852539
0 0 0 2 2207 0.025218725204467773
270 270 435677 0 0 0.04004979133605957
270 270 435947 0 0 0.03984832763671875
270 270 436217 0 0 0.04011416435241699
269 269 433821 0 0 0.0396270751953125
0 0 0 2 3507 0.09013772010803223
270 270 435759 0 0 0.043462514877319336
0 0 0 3 2808 0.07026100158691406
271 271 434407 0 0 0.043326377868652344
271 271 434678 0 0 0.04018259048461914
271 271 434949 0 0 0.0396578311920166
271 271 435220 0 0 0.03957629203796387
271 271 435491 0 0 0.03954625129699707
271 271 435762 0 0 0.03951621055603027
271 271 436033 0 0 0.0395200252532959
271 271 436304 0 0 0.039977073669433594
271 271 436575 0 0 0.03997206687927246
270 270 435546 0 0 0.03940296173095703
270 270 435816 0 0 0.03971290588378906
269 269 434564 0 0 0.03941082954406738
0 0 0 1 1886 0.04802966117858887
270 270 436720 0 0 0.042755842208862305
270 270 436990 0 0 0.04075789451599121
268 268 432732 0 0 0.039531707763671875
0 0 0 2 2602 0.06884455680847168
270 270 435604 0 0 0.042928218841552734
270 270 435874 0 0 0.040207624435424805
270 270 436144 0 0 0.039618730545043945
270 270 436414 0 0 0.03958249092102051
270 270 436684 0 0 0.03939938545227051
270 270 436954 0 0 0.03941226005554199
270 270 437224 0 0 0.039835453033447266
268 268 433338 0 0 0.039304494857788086
0 0 0 2 1814 0.04631614685058594
270 270 435422 0 0 0.04244232177734375
270 270 435692 0 0 0.040622711181640625
268 268 432749 0 0 0.039433956146240234
0 0 0 1 1647 0.04370284080505371
269 269 434665 0 0 0.042893409729003906
268 268 433046 0 0 0.04013538360595703
0 0 0 3 3691 0.09598469734191895
270 270 434996 0 0 0.043032169342041016
0 0 0 1 1044 0.03190159797668457
271 271 436311 0 0 0.040445804595947266
270 270 434887 0 0 0.04000210762023926
0 0 0 3 2938 0.07397270202636719
271 271 434764 0 0 0.0430903434753418
0 0 0 2 908 0.025888919830322266
273 273 435945 0 0 0.040281057357788086
273 273 436218 0 0 0.039772748947143555
273 273 436491 0 0 0.039966583251953125
272 272 434429 0 0 0.039693355560302734
0 0 0 1 807 0.02538442611694336
273 273 435509 0 0 0.04028582572937012
272 272 434071 0 0 0.03958535194396973
0 0 0 2 1503 0.03806304931640625
273 273 434645 0 0 0.04204583168029785
0 0 0 2 2325 0.060866594314575195
274 274 434985 0 0 0.0431363582611084
274 274 435259 0 0 0.04056382179260254
274 274 435533 0 0 0.0399627685546875
273 273 433078 0 0 0.03935885429382324
0 0 0 1 1667 0.04455065727233887
274 274 435019 0 0 0.041712045669555664
274 274 435293 0 0 0.04030418395996094
274 274 435567 0 0 0.039592742919921875
274 274 435841 0 0 0.04527783393859863
272 272 432578 0 0 0.03996729850769043
0 0 0 3 2777 0.06994748115539551
274 274 434137 0 0 0.04397249221801758
0 0 0 3 4823 0.018885374069213867
277 277 439237 0 0 0.04072690010070801
277 277 439514 0 0 0.042526960372924805
276 276 438345 0 0 0.042439937591552734
0 0 0 2 2592 0.06905269622802734
277 277 438604 0 0 0.044207096099853516
277 277 438881 0 0 0.04131031036376953
276 276 436744 0 0 0.04006028175354004
0 0 0 1 1681 0.04490995407104492
277 277 438702 0 0 0.04189658164978027
277 277 438979 0 0 0.04038429260253906
277 277 439256 0 0 0.04080939292907715
277 277 439533 0 0 0.04023146629333496
277 277 439810 0 0 0.04268217086791992
276 276 438536 0 0 0.04125857353210449
0 0 0 2 2304 0.05813097953796387
277 277 438660 0 0 0.04463696479797363
0 0 0 1 1507 0.039930105209350586
278 278 440445 0 0 0.04224872589111328
278 278 440723 0 0 0.04049205780029297
278 278 441001 0 0 0.04021334648132324
278 278 441279 0 0 0.04033064842224121
276 276 437381 0 0 0.039597511291503906
0 0 0 1 1463 0.0392613410949707
277 277 439121 0 0 0.04255986213684082
276 276 437630 0 0 0.04044675827026367
0 0 0 2 1743 0.04468512535095215
278 278 439651 0 0 0.041616201400756836
278 278 439929 0 0 0.0401918888092041
278 278 440207 0 0 0.03993535041809082
278 278 440485 0 0 0.039818525314331055
277 277 439601 0 0 0.03972029685974121
277 277 439878 0 0 0.040198326110839844
277 277 440155 0 0 0.039938926696777344
276 276 438456 0 0 0.03979969024658203
0 0 0 2 1946 0.05022859573364258
277 277 439542 0 0 0.04288482666015625
0 0 0 1 978 0.026578187942504883
278 278 440798 0 0 0.04090571403503418
277 277 439322 0 0 0.03998255729675293
277 277 439599 0 0 0.04005098342895508
277 277 439876 0 0 0.04003596305847168
275 275 435686 0 0 0.03932356834411621
0 0 0 4 3202 0.07795310020446777
279 279 439167 0 0 0.0439143180847168
279 279 439446 0 0 0.04044461250305176
279 279 439725 0 0 0.04012036323547363
278 278 437686 0 0 0.039621591567993164
0 0 0 1 1729 0.045517921447753906
279 279 439694 0 0 0.04326009750366211
279 279 439973 0 0 0.040761709213256836
278 278 437525 0 0 0.03986859321594238
0 0 0 1 1636 0.0435330867767334
279 279 439440 0 0 0.04258012771606445
279 279 439719 0 0 0.040921926498413086
278 278 437724 0 0 0.03997182846069336
0 0 0 4 3700 0.09618210792541504
281 281 439590 0 0 0.04442429542541504
281 281 439871 0 0 0.04065227508544922
281 281 440152 0 0 0.040155649185180664
281 281 440433 0 0 0.039893388748168945
281 281 440714 0 0 0.0399017333984375
281 281 440995 0 0 0.039818763732910156
281 281 441276 0 0 0.040090322494506836
280 280 440236 0 0 0.03983712196350098
280 280 440516 0 0 0.04043865203857422
279 279 439489 0 0 0.03991580009460449
279 279 439768 0 0 0.04025459289550781
279 279 440047 0 0 0.04034876823425293
277 277 437630 0 0 0.04018712043762207
0 0 0 1 1973 0.05176091194152832
277 277 438109 0 0 0.04343581199645996
0 0 0 1 1837 0.04841732978820801
278 278 440224 0 0 0.04226851463317871
278 278 440502 0 0 0.04093790054321289
276 276 437862 0 0 0.039972543716430664
0 0 0 1 923 0.025940895080566406
277 277 439062 0 0 0.04061317443847656
277 277 439339 0 0 0.04004693031311035
277 277 439616 0 0 0.03986835479736328
277 277 439893 0 0 0.0398714542388916
277 277 440170 0 0 0.03993105888366699
276 276 438928 0 0 0.04082226753234863
0 0 0 3 2634 0.06861281394958496
278 278 439216 0 0 0.04428291320800781
0 0 0 1 710 0.023706674575805664
279 279 440205 0 0 0.041204214096069336
279 279 440484 0 0 0.040465354919433594
278 278 439269 0 0 0.03995704650878906
278 278 439547 0 0 0.040419578552246094
277 277 438609 0 0 0.039699554443359375
0 0 0 1 1725 0.04513859748840332
278 278 440612 0 0 0.04279136657714844
276 276 436271 0 0 0.04014873504638672
0 0 0 3 2314 0.0600433349609375
279 279 438864 0 0 0.04385852813720703
279 279 439143 0 0 0.040480613708496094
279 279 439422 0 0 0.04021143913269043
277 277 435062 0 0 0.0397801399230957
0 0 0 5 6775 0.32089781761169434
281 281 439538 0 0 0.04563450813293457
281 281 439819 0 0 0.04145550727844238
281 281 440100 0 0 0.04068589210510254
281 281 440381 0 0 0.04068899154663086
279 279 437728 0 0 0.04008364677429199
0 0 0 1 1868 0.048520565032958984
280 280 439876 0 0 0.043857574462890625
279 279 438714 0 0 0.04077553749084473
0 0 0 1 1139 0.0318303108215332
280 280 440133 0 0 0.04654884338378906
280 280 440413 0 0 0.04071450233459473
280 280 440693 0 0 0.03996539115905762
280 280 440973 0 0 0.040006160736083984
279 279 439988 0 0 0.04023241996765137
0 0 0 3 2067 0.05482292175292969
280 280 438135 0 0 0.04330635070800781
0 0 0 1 1157 0.03313302993774414
281 281 439573 0 0 0.04169273376464844
281 281 439854 0 0 0.040683746337890625
280 280 437830 0 0 0.039873361587524414
0 0 0 1 679 0.023281097412109375
281 281 438790 0 0 0.0408778190612793
280 280 436721 0 0 0.03986001014709473
0 0 0 3 4262 0.1153709888458252
282 282 439286 0 0 0.04440736770629883
0 0 0 3 3274 0.08262014389038086
283 283 438491 0 0 0.044922590255737305
0 0 0 1 1616 0.04348468780517578
283 283 439757 0 0 0.041840314865112305
283 283 440040 0 0 0.04071378707885742
283 283 440323 0 0 0.0403289794921875
282 282 438815 0 0 0.04026222229003906
0 0 0 3 3144 0.0776834487915039
283 283 437946 0 0 0.04485058784484863
0 0 0 2 3311 0.08278465270996094
284 284 438944 0 0 0.04394841194152832
284 284 439228 0 0 0.040743350982666016
284 284 439512 0 0 0.04039263725280762
283 283 437611 0 0 0.039830684661865234
0 0 0 2 2023 0.04975557327270508
285 285 439919 0 0 0.044651031494140625
285 285 440204 0 0 0.04206514358520508
281 281 434519 0 0 0.04051828384399414
0 0 0 4 3442 0.08541512489318848
285 285 438246 0 0 0.04606175422668457
284 284 438014 0 0 0.041834115982055664
0 0 0 2 802 0.02500772476196289
286 286 439102 0 0 0.04087972640991211
286 286 439388 0 0 0.040381669998168945
284 284 435417 0 0 0.03960990905761719
0 0 0 2 2748 0.07124948501586914
286 286 438451 0 0 0.04532766342163086
284 284 435406 0 0 0.040642499923706055
0 0 0 2 2197 0.05815911293029785
286 286 437889 0 0 0.04318547248840332
286 286 438175 0 0 0.040750741958618164
286 286 438461 0 0 0.040334463119506836
284 284 435892 0 0 0.03980231285095215
0 0 0 4 3653 0.09346461296081543
287 287 438129 0 0 0.04396414756774902
287 287 438416 0 0 0.0408787727355957
286 286 436809 0 0 0.04000401496887207
0 0 0 2 2225 0.05912327766418457
288 288 439322 0 0 0.043335676193237305
286 286 435936 0 0 0.040596723556518555
0 0 0 2 3121 0.07912731170654297
287 287 437569 0 0 0.044562578201293945
0 0 0 1 1897 0.04886221885681152
287 287 437807 0 0 0.04370307922363281
287 287 438094 0 0 0.04119873046875
284 284 433472 0 0 0.039748430252075195
0 0 0 4 3816 0.09638214111328125
288 288 437576 0 0 0.0429842472076416
288 288 437864 0 0 0.04033303260803223
288 288 438152 0 0 0.04015469551086426
288 288 438440 0 0 0.04039120674133301
285 285 432811 0 0 0.03941082954406738
0 0 0 3 4008 0.09961795806884766
288 288 437107 0 0 0.04390883445739746
286 286 433709 0 0 0.04042315483093262
0 0 0 3 3536 0.08977651596069336
288 288 436694 0 0 0.04386615753173828
0 0 0 2 1985 0.0506443977355957
289 289 437101 0 0 0.04774355888366699
0 0 0 1 1503 0.03995084762573242
290 290 438894 0 0 0.04213142395019531
290 290 439184 0 0 0.040953874588012695
289 289 436683 0 0 0.040318965911865234
0 0 0 5 3809 0.09542083740234375
292 292 435989 0 0 0.04379391670227051
0 0 0 2 1891 0.04619312286376953
293 293 436444 0 0 0.04320168495178223
0 0 0 1 1938 0.05125546455383301
293 293 437902 0 0 0.04404902458190918
293 293 438195 0 0 0.04124855995178223
292 292 438014 0 0 0.04002976417541504
292 292 438306 0 0 0.04032015800476074
291 291 436136 0 0 0.04002070426940918
0 0 0 3 3348 0.08449983596801758
292 292 437006 0 0 0.04406571388244629
0 0 0 1 835 0.02667713165283203
293 293 438134 0 0 0.04132580757141113
291 291 434920 0 0 0.040537118911743164
0 0 0 1 1823 0.047566890716552734
292 292 437035 0 0 0.043497562408447266
291 291 435683 0 0 0.04099297523498535
0 0 0 2 2196 0.059235572814941406
293 293 438172 0 0 0.04348111152648926
292 292 436336 0 0 0.04067206382751465
0 0 0 1 478 0.016855955123901367
293 293 437107 0 0 0.040191650390625
292 292 435709 0 0 0.0398252010345459
0 0 0 3 4170 0.10848617553710938
294 294 437847 0 0 0.04377627372741699
0 0 0 1 487 0.01699209213256836
295 295 438629 0 0 0.041321516036987305
294 294 437098 0 0 0.04135775566101074
0 0 0 2 1752 0.043665409088134766
295 295 437596 0 0 0.043721914291381836
0 0 0 1 322 0.014580488204956055
294 294 436339 0 0 0.04115915298461914
294 294 436633 0 0 0.040474653244018555
294 294 436927 0 0 0.04001116752624512
294 294 437221 0 0 0.039906978607177734
294 294 437515 0 0 0.03947615623474121
294 294 437809 0 0 0.039646148681640625
294 294 438103 0 0 0.03965401649475098
294 294 438397 0 0 0.039638519287109375
294 294 438691 0 0 0.03968334197998047
294 294 438985 0 0 0.040062904357910156
292 292 436756 0 0 0.03950691223144531
292 292 437048 0 0 0.039678096771240234
292 292 437340 0 0 0.03974199295043945
291 291 435721 0 0 0.039849042892456055
0 0 0 4 5544 0.14218688011169434
293 293 437213 0 0 0.0445864200592041
293 293 437506 0 0 0.04123497009277344
292 292 435751 0 0 0.040091514587402344
0 0 0 1 1902 0.04849743843078613
293 293 437946 0 0 0.04358983039855957
292 292 436574 0 0 0.04035472869873047
0 0 0 1 1172 0.03265643119812012
292 292 436796 0 0 0.04042363166809082
0 0 0 1 2008 0.05143284797668457
292 292 437567 0 0 0.04380059242248535
0 0 0 2 2379 0.06072664260864258
292 292 436450 0 0 0.04330778121948242
0 0 0 1 1612 0.04377579689025879
293 293 438355 0 0 0.046579599380493164
293 293 438648 0 0 0.040889739990234375
293 293 438941 0 0 0.03996849060058594
293 293 439234 0 0 0.039931535720825195
292 292 437274 0 0 0.03946518898010254
292 292 437566 0 0 0.039817094802856445
292 292 437858 0 0 0.03964352607727051
292 292 438150 0 0 0.040009260177612305
290 290 434474 0 0 0.04004621505737305
0 0 0 3 4633 0.12050962448120117
291 291 434983 0 0 0.04469943046569824
0 0 0 2 2730 0.07075762748718262
292 292 436461 0 0 0.04311513900756836
0 0 0 2 2585 0.0689232349395752
292 292 435959 0 0 0.04290652275085449
0 0 0 1 1678 0.04514741897583008
292 292 436042 0 0 0.04653453826904297
0 0 0 1 1716 0.04516410827636719
292 292 437188 0 0 0.042429208755493164
292 292 437480 0 0 0.04147648811340332
290 290 434913 0 0 0.04000353813171387
0 0 0 3 1904 0.04631495475769043
293 293 437110 0 0 0.044263362884521484
293 293 437403 0 0 0.04167294502258301
291 291 434593 0 0 0.04018831253051758
0 0 0 2 2695 0.06809782981872559
292 292 435996 0 0 0.04349708557128906
0 0 0 2 1911 0.0467529296875
292 292 436328 0 0 0.04355764389038086
292 292 436620 0 0 0.04142880439758301
291 291 435319 0 0 0.03986930847167969
0 0 0 1 1384 0.03757596015930176
292 292 436995 0 0 0.04264116287231445
291 291 434917 0 0 0.040007829666137695
0 0 0 1 528 0.01893901824951172
292 292 435737 0 0 0.03963017463684082
292 292 436029 0 0 0.03948616981506348
292 292 436321 0 0 0.039270877838134766
292 292 436613 0 0 0.03998446464538574
290 290 433829 0 0 0.0393061637878418
0 0 0 2 2450 0.0640404224395752
292 292 436571 0 0 0.04325985908508301
292 292 436863 0 0 0.04104948043823242
292 292 437155 0 0 0.04002690315246582
291 291 435765 0 0 0.03952145576477051
0 0 0 3 1976 0.04816174507141113
293 293 435426 0 0 0.04195690155029297
293 293 435719 0 0 0.04047131538391113
292 292 434120 0 0 0.03934884071350098
0 0 0 1 1597 0.04333853721618652
293 293 436010 0 0 0.043265342712402344
292 292 435020 0 0 0.04065704345703125
0 0 0 2 2006 0.04999995231628418
293 293 436341 0 0 0.043755292892456055
293 293 436634 0 0 0.04103684425354004
292 292 434129 0 0 0.039609670639038086
0 0 0 1 1993 0.05199623107910156
293 293 436415 0 0 0.044287919998168945
293 293 436708 0 0 0.041199445724487305
293 293 437001 0 0 0.03987550735473633
293 293 437294 0 0 0.03985333442687988
292 292 436096 0 0 0.03959226608276367
292 292 436388 0 0 0.039714813232421875
292 292 436680 0 0 0.03970837593078613
291 291 434529 0 0 0.03957939147949219
0 0 0 2 3150 0.07800078392028809
292 292 435913 0 0 0.04412484169006348
0 0 0 2 811 0.025983572006225586
293 293 435716 0 0 0.04066967964172363
0 0 0 2 2401 0.0608830451965332
294 294 436291 0 0 0.04310035705566406
0 0 0 2 1745 0.044879913330078125
295 295 436007 0 0 0.04185914993286133
0 0 0 3 1938 0.048151493072509766
296 296 435946 0 0 0.04692268371582031
296 296 436242 0 0 0.041018009185791016
295 295 434245 0 0 0.03967118263244629
0 0 0 1 1184 0.03291726112365723
296 296 435725 0 0 0.0410921573638916
294 294 431663 0 0 0.0397953987121582
0 0 0 3 2525 0.06273484230041504
297 297 434485 0 0 0.04319429397583008
297 297 434782 0 0 0.04046225547790527
297 297 435079 0 0 0.03952789306640625
297 297 435376 0 0 0.03949570655822754
297 297 435673 0 0 0.03954648971557617
296 296 434176 0 0 0.03919267654418945
0 0 0 2 1802 0.04667210578918457
298 298 436276 0 0 0.0428013801574707
298 298 436574 0 0 0.04123330116271973
297 297 434948 0 0 0.040027618408203125
0 0 0 1 665 0.023342609405517578
298 298 435911 0 0 0.040795326232910156
297 297 435487 0 0 0.04026675224304199
0 0 0 3 2970 0.0753629207611084
298 298 434794 0 0 0.04259443283081055
0 0 0 1 428 0.017507553100585938
299 299 435521 0 0 0.04046297073364258
299 299 435820 0 0 0.03953433036804199
298 298 433388 0 0 0.03950834274291992
0 0 0 3 4221 0.10900568962097168
299 299 434782 0 0 0.044827938079833984
0 0 0 2 1151 0.03259468078613281
299 299 434235 0 0 0.04155421257019043
0 0 0 1 1121 0.03189444541931152
300 300 435656 0 0 0.04098033905029297
300 300 435956 0 0 0.04017186164855957
299 299 433963 0 0 0.03949165344238281
0 0 0 2 2398 0.06270885467529297
300 300 435056 0 0 0.04223752021789551
0 0 0 1 1492 0.032747507095336914
301 301 436849 0 0 0.04026913642883301
301 301 437150 0 0 0.039690256118774414
301 301 437451 0 0 0.039633750915527344
300 300 435340 0 0 0.039389610290527344
0 0 0 1 1426 0.008621454238891602
301 301 437067 0 0 0.03979086875915527
301 301 437368 0 0 0.03991055488586426
300 300 435128 0 0 0.03939247131347656
0 0 0 2 2446 0.06646561622619629
302 302 437876 0 0 0.04278421401977539
300 300 433057 0 0 0.04013872146606445
0 0 0 3 2310 0.060296058654785156
303 303 435670 0 0 0.04198622703552246
302 302 433765 0 0 0.04016852378845215
0 0 0 6 4674 0.11437225341796875
307 307 436046 0 0 0.044100046157836914
0 0 0 2 2698 0.07040762901306152
308 308 436557 0 0 0.049655914306640625
308 308 436865 0 0 0.04087567329406738
307 307 435738 0 0 0.03962540626525879
0 0 0 1 1872 0.04811978340148926
308 308 437918 0 0 0.04296422004699707
307 307 436324 0 0 0.04023098945617676
0 0 0 1 908 0.0259554386138916
308 308 437540 0 0 0.04167366027832031
307 307 435618 0 0 0.04021620750427246
0 0 0 2 1405 0.03622007369995117
309 309 437332 0 0 0.042742252349853516
309 309 437641 0 0 0.0402224063873291
309 309 437950 0 0 0.03956031799316406
309 309 438259 0 0 0.039415836334228516
309 309 438568 0 0 0.0396113395690918
308 308 436704 0 0 0.03930854797363281
0 0 0 1 914 0.025885581970214844
309 309 437927 0 0 0.04006600379943848
309 309 438236 0 0 0.03956913948059082
309 309 438545 0 0 0.039427995681762695
309 309 438854 0 0 0.039746761322021484
308 308 436885 0 0 0.03953242301940918
308 308 437193 0 0 0.039983510971069336
305 305 432120 0 0 0.03908658027648926
0 0 0 4 4778 0.12679457664489746
309 309 437207 0 0 0.04366946220397949
307 307 433834 0 0 0.040703535079956055
0 0 0 3 2890 0.07442617416381836
309 309 436455 0 0 0.04324746131896973
0 0 0 3 2382 0.06081581115722656
311 311 436807 0 0 0.04387474060058594
311 311 437118 0 0 0.041420698165893555
311 311 437429 0 0 0.040378570556640625
310 310 435734 0 0 0.03951430320739746
0 0 0 1 2009 0.05194830894470215
311 311 438054 0 0 0.04206347465515137
309 309 435431 0 0 0.04064798355102539
0 0 0 2 1138 0.03126883506774902
311 311 436880 0 0 0.04204726219177246
311 311 437191 0 0 0.040093183517456055
311 311 437502 0 0 0.0395503044128418
311 311 437813 0 0 0.039626121520996094
311 311 438124 0 0 0.03956747055053711
311 311 438435 0 0 0.03981757164001465
311 311 438746 0 0 0.04018425941467285
310 310 437962 0 0 0.039721012115478516
310 310 438272 0 0 0.039576053619384766
310 310 438582 0 0 0.03960776329040527
309 309 438046 0 0 0.03957867622375488
0 0 0 1 756 0.02358222007751465
309 309 438317 0 0 0.04002046585083008
0 0 0 1 1039 0.03138375282287598
309 309 437830 0 0 0.041249752044677734
309 309 438139 0 0 0.04043936729431152
308 308 437178 0 0 0.039461612701416016
0 0 0 1 434 0.016957759857177734
309 309 437921 0 0 0.04036879539489746
308 308 435998 0 0 0.039533138275146484
308 308 436306 0 0 0.039957523345947266
306 306 434656 0 0 0.039696693420410156
0 0 0 1 1908 0.04826951026916504
306 306 435835 0 0 0.04101252555847168
0 0 0 2 2292 0.057880401611328125
307 307 435643 0 0 0.04321408271789551
0 0 0 1 798 0.008573055267333984
308 308 436749 0 0 0.04026079177856445
308 308 437057 0 0 0.03966784477233887
308 308 437365 0 0 0.03976702690124512
307 307 435474 0 0 0.03945565223693848
307 307 435781 0 0 0.039774417877197266
306 306 434314 0 0 0.03938627243041992
0 0 0 1 2020 0.052082061767578125
307 307 436641 0 0 0.04396367073059082
307 307 436948 0 0 0.04067397117614746
306 306 435336 0 0 0.03964829444885254
0 0 0 1 475 0.016779422760009766
307 307 436118 0 0 0.04001116752624512
307 307 436425 0 0 0.03957247734069824
307 307 436732 0 0 0.039464473724365234
307 307 437039 0 0 0.03978443145751953
306 306 435001 0 0 0.03964424133300781
0 0 0 2 2528 0.06413388252258301
307 307 437364 0 0 0.043111324310302734
307 307 437671 0 0 0.04061317443847656
307 307 437978 0 0 0.03989458084106445
306 306 435806 0 0 0.03939175605773926
0 0 0 1 1318 0.037528038024902344
307 307 437431 0 0 0.04114675521850586
307 307 437738 0 0 0.040058135986328125
307 307 438045 0 0 0.039681196212768555
307 307 438352 0 0 0.039785146713256836
306 306 436647 0 0 0.039774179458618164
0 0 0 3 3841 0.09900975227355957
307 307 436865 0 0 0.04270362854003906
307 307 437172 0 0 0.04038262367248535
307 307 437479 0 0 0.039968013763427734
307 307 437786 0 0 0.040151357650756836
305 305 434575 0 0 0.03941082954406738
0 0 0 1 1627 0.04363083839416504
306 306 436508 0 0 0.04262399673461914
305 305 435163 0 0 0.04004383087158203
0 0 0 2 2366 0.06142568588256836
307 307 437836 0 0 0.044156551361083984
307 307 438143 0 0 0.04088473320007324
307 307 438450 0 0 0.040239810943603516
307 307 438757 0 0 0.04042553901672363
306 306 437982 0 0 0.040030479431152344
0 0 0 1 762 0.02367258071899414
306 306 436364 0 0 0.04041147232055664
306 306 436670 0 0 0.04015088081359863
306 306 436976 0 0 0.03954505920410156
306 306 437282 0 0 0.03949117660522461
306 306 437588 0 0 0.039562225341796875
305 305 435993 0 0 0.03957509994506836
0 0 0 1 1742 0.04593944549560547
306 306 438041 0 0 0.04218888282775879
306 306 438347 0 0 0.04059481620788574
306 306 438653 0 0 0.03982853889465332
306 306 438959 0 0 0.03972959518432617
306 306 439265 0 0 0.039742469787597656
306 306 439571 0 0 0.04015660285949707
305 305 437780 0 0 0.039562225341796875
305 305 438085 0 0 0.04007291793823242
304 304 436919 0 0 0.039762258529663086
0 0 0 1 621 0.02058553695678711
305 305 437845 0 0 0.039867401123046875
305 305 438150 0 0 0.0397944450378418
305 305 438455 0 0 0.03997063636779785
304 304 437238 0 0 0.03983783721923828
0 0 0 1 1200 0.03295254707336426
304 304 437531 0 0 0.040319204330444336
0 0 0 3 3388 0.021413803100585938
305 305 438675 0 0 0.04024243354797363
0 0 0 3 4275 0.11470389366149902
306 306 438892 0 0 0.04265785217285156
0 0 0 1 1140 0.031882524490356445
307 307 440339 0 0 0.044974327087402344
307 307 440646 0 0 0.040758609771728516
307 307 440953 0 0 0.040041208267211914
306 306 440248 0 0 0.039560794830322266
306 306 440554 0 0 0.039839982986450195
306 306 440860 0 0 0.03978872299194336
305 305 440012 0 0 0.0397486686706543
0 0 0 1 1517 0.016648530960083008
305 305 440789 0 0 0.040282487869262695
0 0 0 1 1598 0.0430448055267334
306 306 442693 0 0 0.04383373260498047
306 306 442999 0 0 0.04096412658691406
306 306 443305 0 0 0.03992581367492676
306 306 443611 0 0 0.03999042510986328
305 305 443233 0 0 0.03976702690124512
305 305 443538 0 0 0.040120840072631836
305 305 443843 0 0 0.04006838798522949
304 304 443518 0 0 0.03984999656677246
304 304 443822 0 0 0.04016613960266113
304 304 444126 0 0 0.04024100303649902
304 304 444430 0 0 0.04076027870178223
303 303 442516 0 0 0.04012894630432129
302 302 441298 0 0 0.040178537368774414
0 0 0 2 1870 0.04625821113586426
303 303 441404 0 0 0.043477535247802734
0 0 0 1 669 0.023647546768188477
304 304 442377 0 0 0.04055500030517578
304 304 442681 0 0 0.04031538963317871
303 303 440653 0 0 0.03978919982910156
303 303 440956 0 0 0.040117740631103516
302 302 439829 0 0 0.03982257843017578
0 0 0 1 1676 0.04459333419799805
303 303 441808 0 0 0.04204082489013672
303 303 442111 0 0 0.04039311408996582
303 303 442414 0 0 0.03989911079406738
303 303 442717 0 0 0.039876699447631836
303 303 443020 0 0 0.03977823257446289
303 303 443323 0 0 0.03973388671875
303 303 443626 0 0 0.04001045227050781
303 303 443929 0 0 0.04050755500793457
303 303 444232 0 0 0.040613651275634766
301 301 440671 0 0 0.04100608825683594
0 0 0 5 5407 0.13437223434448242
303 303 440376 0 0 0.045497894287109375
0 0 0 1 658 0.024318933486938477
304 304 441338 0 0 0.04143691062927246
304 304 441642 0 0 0.0408172607421875
303 303 439973 0 0 0.040047645568847656
0 0 0 1 1882 0.04860949516296387
304 304 442159 0 0 0.04276680946350098
304 304 442463 0 0 0.04079103469848633
304 304 442767 0 0 0.04022693634033203
304 304 443071 0 0 0.039984703063964844
303 303 442151 0 0 0.03986835479736328
303 303 442454 0 0 0.0401606559753418
303 303 442757 0 0 0.039792537689208984
303 303 443060 0 0 0.0400080680847168
303 303 443363 0 0 0.03985595703125
303 303 443666 0 0 0.04120278358459473
303 303 443969 0 0 0.041234493255615234
302 302 443016 0 0 0.040674686431884766
302 302 443318 0 0 0.04060626029968262
302 302 443620 0 0 0.040271759033203125
302 302 443922 0 0 0.04021263122558594
300 300 440287 0 0 0.03963804244995117
0 0 0 1 847 0.025389909744262695
301 301 441435 0 0 0.04001188278198242
301 301 441736 0 0 0.03989291191101074
301 301 442037 0 0 0.039801597595214844
301 301 442338 0 0 0.039986610412597656
301 301 442639 0 0 0.040163278579711914
301 301 442940 0 0 0.04031085968017578
300 300 442474 0 0 0.04061388969421387
299 299 441943 0 0 0.041089534759521484
0 0 0 3 3438 0.08697080612182617
300 300 442121 0 0 0.04625535011291504
0 0 0 2 2506 0.06414794921875
301 301 442717 0 0 0.04343152046203613
301 301 443018 0 0 0.041327714920043945
300 300 442135 0 0 0.0401616096496582
300 300 442435 0 0 0.04079747200012207
299 299 440604 0 0 0.04008054733276367
0 0 0 2 2589 0.06838083267211914
300 300 441524 0 0 0.04288959503173828
300 300 441824 0 0 0.040793418884277344
298 298 439500 0 0 0.03988361358642578
0 0 0 2 2407 0.061118125915527344
299 299 440976 0 0 0.04297971725463867
0 0 0 1 409 0.01702713966369629
300 300 441685 0 0 0.04072451591491699
299 299 440142 0 0 0.04008150100708008
0 0 0 2 2391 0.06309199333190918
300 300 441435 0 0 0.043915510177612305
0 0 0 1 804 0.02587723731994629
301 301 442540 0 0 0.04073643684387207
300 300 440648 0 0 0.03995108604431152
0 0 0 1 706 0.02328014373779297
301 301 441655 0 0 0.04024219512939453
300 300 440271 0 0 0.040016889572143555
0 0 0 2 2729 0.0700535774230957
301 301 441320 0 0 0.043871402740478516
301 301 441621 0 0 0.04203963279724121
301 301 441922 0 0 0.04008889198303223
301 301 442223 0 0 0.04027199745178223
300 300 440981 0 0 0.04032492637634277
0 0 0 2 3039 0.07713937759399414
300 300 441343 0 0 0.043169498443603516
0 0 0 2 1216 0.03319954872131348
301 301 441668 0 0 0.041193485260009766
301 301 441969 0 0 0.04137897491455078
300 300 440262 0 0 0.040660858154296875
0 0 0 2 1894 0.04726552963256836
301 301 440516 0 0 0.0444340705871582
0 0 0 2 2020 0.05000162124633789
302 302 440130 0 0 0.04380941390991211
0 0 0 1 1784 0.04624462127685547
303 303 442217 0 0 0.04112362861633301
303 303 442520 0 0 0.04073071479797363
303 303 442823 0 0 0.04071784019470215
302 302 440940 0 0 0.04015064239501953
0 0 0 1 1367 0.03746223449707031
303 303 442610 0 0 0.04269814491271973
302 302 442157 0 0 0.04084324836730957
301 301 441801 0 0 0.04031038284301758
0 0 0 2 1644 0.04250526428222656
302 302 441483 0 0 0.04263758659362793
302 302 441785 0 0 0.040976524353027344
301 301 439145 0 0 0.04009842872619629
0 0 0 2 2507 0.06331586837768555
303 303 441955 0 0 0.04684925079345703
301 301 438601 0 0 0.04129528999328613
0 0 0 2 2967 0.07775139808654785
302 302 441231 0 0 0.04392051696777344
302 302 441533 0 0 0.04088854789733887
302 302 441835 0 0 0.03992819786071777
302 302 442137 0 0 0.03989744186401367
302 302 442439 0 0 0.03994274139404297
302 302 442741 0 0 0.0400698184967041
301 301 441072 0 0 0.040094852447509766
0 0 0 3 3877 0.09731721878051758
302 302 442169 0 0 0.044646263122558594
0 0 0 1 1950 0.0521245002746582
302 302 442894 0 0 0.04320549964904785
302 302 443196 0 0 0.04088783264160156
302 302 443498 0 0 0.04042363166809082
302 302 443800 0 0 0.03993988037109375
302 302 444102 0 0 0.04022383689880371
301 301 442776 0 0 0.039957523345947266
301 301 443077 0 0 0.04019331932067871
301 301 443378 0 0 0.04027247428894043
300 300 442113 0 0 0.03977322578430176
300 300 442413 0 0 0.039887428283691406
300 300 442713 0 0 0.03994321823120117
300 300 443013 0 0 0.0398862361907959
300 300 443313 0 0 0.04005002975463867
299 299 442106 0 0 0.039838552474975586
299 299 442405 0 0 0.03999757766723633
299 299 442704 0 0 0.04004025459289551
299 299 443003 0 0 0.04027414321899414
296 296 439287 0 0 0.039633750915527344
0 0 0 2 1728 0.043440818786621094
298 298 441313 0 0 0.0421299934387207
297 297 440334 0 0 0.040944576263427734
0 0 0 2 3394 0.08587217330932617
298 298 441895 0 0 0.044121503829956055
298 298 442193 0 0 0.0411524772644043
297 297 441310 0 0 0.040244340896606445
297 297 441607 0 0 0.04024219512939453
297 297 441904 0 0 0.04012751579284668
297 297 442201 0 0 0.040322303771972656
296 296 440248 0 0 0.04012608528137207
0 0 0 2 2173 0.0578608512878418
298 298 442719 0 0 0.043457746505737305
298 298 443017 0 0 0.040674448013305664
298 298 443315 0 0 0.04024648666381836
297 297 442279 0 0 0.0399627685546875
297 297 442576 0 0 0.04048490524291992
296 296 441137 0 0 0.03995060920715332
0 0 0 1 873 0.025504589080810547
297 297 442307 0 0 0.04148125648498535
296 296 441908 0 0 0.04065513610839844
0 0 0 1 438 0.01696634292602539
297 297 442643 0 0 0.0425264835357666
297 297 442940 0 0 0.041168928146362305
296 296 441406 0 0 0.04031538963317871
296 296 441702 0 0 0.040235042572021484
296 296 441998 0 0 0.04043936729431152
293 293 438276 0 0 0.03978252410888672
0 0 0 2 3034 0.07764625549316406
295 295 441605 0 0 0.04430580139160156
295 295 441900 0 0 0.041779279708862305
294 294 439733 0 0 0.04012131690979004
0 0 0 2 1867 0.04586005210876465
296 296 441896 0 0 0.043894052505493164
295 295 441386 0 0 0.04106593132019043
0 0 0 1 1847 0.047951698303222656
295 295 442354 0 0 0.04279494285583496
295 295 442649 0 0 0.041080474853515625
295 295 442944 0 0 0.040433406829833984
294 294 441420 0 0 0.04006171226501465
0 0 0 1 988 0.02631831169128418
295 295 442703 0 0 0.041324615478515625
294 294 442142 0 0 0.04048871994018555
0 0 0 1 1237 0.03346991539001465
294 294 442299 0 0 0.04192328453063965
294 294 442593 0 0 0.04062366485595703
294 294 442887 0 0 0.04032182693481445
293 293 441963 0 0 0.03995537757873535
0 0 0 1 1135 0.031572580337524414
294 294 443392 0 0 0.04148411750793457
294 294 443686 0 0 0.04063606262207031
294 294 443980 0 0 0.04027986526489258
293 293 442285 0 0 0.04024505615234375
0 0 0 2 2258 0.060070037841796875
294 294 443113 0 0 0.04409909248352051
294 294 443407 0 0 0.040885210037231445
294 294 443701 0 0 0.04060244560241699
293 293 443051 0 0 0.04015684127807617
293 293 443344 0 0 0.0403289794921875
292 292 441880 0 0 0.04031109809875488
0 0 0 2 3469 0.08980560302734375
292 292 442207 0 0 0.043180227279663086
0 0 0 1 695 0.023697853088378906
293 293 443195 0 0 0.04072380065917969
292 292 442298 0 0 0.03995704650878906
292 292 442590 0 0 0.03994894027709961
292 292 442882 0 0 0.03993654251098633
292 292 443174 0 0 0.0398707389831543
292 292 443466 0 0 0.04022860527038574
291 291 441821 0 0 0.03993415832519531
0 0 0 1 1106 0.031542062759399414
292 292 443219 0 0 0.041021108627319336
292 292 443511 0 0 0.04053664207458496
291 291 441772 0 0 0.039942026138305664
0 0 0 1 821 0.025344133377075195
292 292 442885 0 0 0.04205584526062012
292 292 443177 0 0 0.04103255271911621
291 291 442354 0 0 0.04038286209106445
291 291 442645 0 0 0.04068589210510254
290 290 441558 0 0 0.0400083065032959
0 0 0 1 1788 0.04578042030334473
291 291 443637 0 0 0.042771339416503906
291 291 443928 0 0 0.04123950004577637
290 290 442326 0 0 0.04116988182067871
0 0 0 3 2391 0.06041860580444336
292 292 442712 0 0 0.04483985900878906
0 0 0 1 731 0.02377939224243164
292 292 442433 0 0 0.04105687141418457
0 0 0 1 694 0.023310184478759766
292 292 442371 0 0 0.04081320762634277
0 0 0 1 780 0.02498912811279297
293 293 443444 0 0 0.040511369705200195
292 292 442872 0 0 0.04028964042663574
292 292 443164 0 0 0.0406949520111084
291 291 442426 0 0 0.040732383728027344
291 291 442717 0 0 0.040607452392578125
291 291 443008 0 0 0.0403594970703125
291 291 443299 0 0 0.04103398323059082
290 290 441454 0 0 0.04030203819274902
0 0 0 1 1223 0.03331351280212402
291 291 442968 0 0 0.040665626525878906
291 291 443259 0 0 0.040930986404418945
290 290 442007 0 0 0.04032325744628906
290 290 442297 0 0 0.04104804992675781
289 289 440545 0 0 0.04044628143310547
0 0 0 1 1686 0.0449368953704834
289 289 441831 0 0 0.042514801025390625
289 289 442120 0 0 0.04076027870178223
289 289 442409 0 0 0.04020214080810547
289 289 442698 0 0 0.04024863243103027
289 289 442987 0 0 0.04026675224304199
289 289 443276 0 0 0.040389299392700195
288 288 441100 0 0 0.039980411529541016
0 0 0 1 1703 0.044924259185791016
289 289 443092 0 0 0.04253792762756348
288 288 441137 0 0 0.04059457778930664
0 0 0 1 1659 0.04381108283996582
289 289 443085 0 0 0.04235363006591797
289 289 443374 0 0 0.04117989540100098
286 286 438746 0 0 0.040047407150268555
0 0 0 3 3474 0.08691096305847168
288 288 441429 0 0 0.044007062911987305
0 0 0 2 1519 0.0399012565612793
289 289 442345 0 0 0.04363250732421875
0 0 0 1 653 0.008530855178833008
290 290 443288 0 0 0.04177355766296387
287 287 438788 0 0 0.040450096130371094
0 0 0 3 4273 0.11373209953308105
289 289 442013 0 0 0.04279041290283203
0 0 0 1 792 0.025420188903808594
290 290 443095 0 0 0.04081153869628906
289 289 441574 0 0 0.04010462760925293
0 0 0 1 1281 0.03662681579589844
290 290 443145 0 0 0.04279351234436035
289 289 441605 0 0 0.040517330169677734
0 0 0 2 2001 0.04977226257324219
290 290 442128 0 0 0.0428767204284668
0 0 0 2 2829 0.07492899894714355
290 290 442930 0 0 0.04335975646972656
0 0 0 2 2118 0.05779838562011719
291 291 442922 0 0 0.04302787780761719
0 0 0 2 2418 0.06301736831665039
292 292 443267 0 0 0.04343557357788086
292 292 443559 0 0 0.041312217712402344
291 291 442463 0 0 0.0402379035949707
0 0 0 1 937 0.02601027488708496
292 292 443692 0 0 0.042148590087890625
290 290 440433 0 0 0.040186405181884766
0 0 0 1 1976 0.05153632164001465
291 291 442700 0 0 0.04378056526184082
290 290 440762 0 0 0.04138755798339844
0 0 0 2 3125 0.07718992233276367
291 291 442311 0 0 0.04364371299743652
0 0 0 2 1467 0.03866839408874512
292 292 441674 0 0 0.04498481750488281
0 0 0 2 1985 0.04944276809692383
293 293 441778 0 0 0.04335975646972656
0 0 0 2 1976 0.04953932762145996
294 294 442582 0 0 0.04361104965209961
294 294 442876 0 0 0.040979862213134766
294 294 443170 0 0 0.04014992713928223
294 294 443464 0 0 0.040239572525024414
293 293 441418 0 0 0.04061412811279297
0 0 0 2 2468 0.06430864334106445
294 294 441969 0 0 0.0443422794342041
294 294 442263 0 0 0.041367292404174805
294 294 442557 0 0 0.04079747200012207
294 294 442851 0 0 0.040654659271240234
293 293 440869 0 0 0.040099382400512695
0 0 0 1 1738 0.045499563217163086
294 294 442901 0 0 0.042137861251831055
294 294 443195 0 0 0.04070854187011719
293 293 441326 0 0 0.04045557975769043
0 0 0 4 6372 0.15868902206420898
294 294 441193 0 0 0.043688297271728516
0 0 0 1 1787 0.04668831825256348
295 295 443275 0 0 0.042461395263671875
294 294 441530 0 0 0.040932416915893555
0 0 0 3 2778 0.07035398483276367
295 295 441570 0 0 0.04403495788574219
0 0 0 1 429 0.017251968383789062
296 296 442295 0 0 0.040315866470336914
296 296 442591 0 0 0.04031562805175781
295 295 440991 0 0 0.03988194465637207
0 0 0 1 1850 0.04786229133605957
296 296 443137 0 0 0.043092966079711914
294 294 442001 0 0 0.041138648986816406
294 294 442295 0 0 0.04037308692932129
293 293 441689 0 0 0.039977312088012695
293 293 441982 0 0 0.03990435600280762
293 293 442275 0 0 0.03983950614929199
293 293 442568 0 0 0.0399167537689209
293 293 442861 0 0 0.04027557373046875
292 292 440913 0 0 0.040361881256103516
0 0 0 1 1657 0.043901920318603516
293 293 442863 0 0 0.0428164005279541
293 293 443156 0 0 0.0411837100982666
292 292 440819 0 0 0.040070295333862305
0 0 0 1 1829 0.0477604866027832
293 293 442941 0 0 0.04254460334777832
293 293 443234 0 0 0.04087257385253906
293 293 443527 0 0 0.0408475399017334
290 290 439647 0 0 0.0399782657623291
0 0 0 3 3983 0.10046911239624023
292 292 442342 0 0 0.04335737228393555
292 292 442634 0 0 0.04048466682434082
292 292 442926 0 0 0.04030919075012207
292 292 443218 0 0 0.04007315635681152
292 292 443510 0 0 0.040322303771972656
291 291 441920 0 0 0.04011034965515137
0 0 0 1 1925 0.05111122131347656
291 291 441632 0 0 0.043881893157958984
0 0 0 2 2152 0.057471513748168945
292 292 442408 0 0 0.04350614547729492
292 292 442700 0 0 0.040818214416503906
292 292 442992 0 0 0.04050755500793457
291 291 441844 0 0 0.04092144966125488
0 0 0 3 4017 0.10120630264282227
292 292 442039 0 0 0.04657554626464844
292 292 442331 0 0 0.042292118072509766
292 292 442623 0 0 0.04103255271911621
290 290 440052 0 0 0.040158987045288086
0 0 0 1 1506 0.0399928092956543
291 291 441849 0 0 0.042462825775146484
288 288 437882 0 0 0.04050159454345703
0 0 0 2 2755 0.07082939147949219
290 290 440927 0 0 0.04312729835510254
289 289 440482 0 0 0.04049968719482422
0 0 0 1 1074 0.03176689147949219
290 290 441846 0 0 0.04139208793640137
288 288 439055 0 0 0.04081368446350098
0 0 0 4 4026 0.09842300415039062
291 291 441010 0 0 0.044712066650390625
0 0 0 1 1306 0.0378420352935791
292 292 442608 0 0 0.042890071868896484
290 290 439039 0 0 0.04069805145263672
0 0 0 3 3216 0.08439898490905762
292 292 440150 0 0 0.043279170989990234
0 0 0 1 1540 0.04264545440673828
293 293 441983 0 0 0.042246103286743164
293 293 442276 0 0 0.04089188575744629
293 293 442569 0 0 0.04030418395996094
291 291 440018 0 0 0.03978395462036133
291 291 440309 0 0 0.03978753089904785
291 291 440600 0 0 0.039914846420288086
291 291 440891 0 0 0.03983163833618164
291 291 441182 0 0 0.0398252010345459
291 291 441473 0 0 0.04016566276550293
291 291 441764 0 0 0.03968214988708496
291 291 442055 0 0 0.03975391387939453
291 291 442346 0 0 0.039830923080444336
290 290 441151 0 0 0.039714813232421875
290 290 441441 0 0 0.039728403091430664
290 290 441731 0 0 0.039862632751464844
290 290 442021 0 0 0.04005289077758789
289 289 440739 0 0 0.03982281684875488
289 289 441028 0 0 0.03995871543884277
289 289 441317 0 0 0.04000568389892578
288 288 439310 0 0 0.03980445861816406
0 0 0 1 1850 0.048235177993774414
289 289 441449 0 0 0.04358267784118652
288 288 439716 0 0 0.0406491756439209
0 0 0 1 1923 0.05080580711364746
289 289 441928 0 0 0.04303288459777832
289 289 442217 0 0 0.041051626205444336
288 288 440118 0 0 0.0401148796081543
0 0 0 1 1978 0.05074477195739746
289 289 442385 0 0 0.04300189018249512
288 288 441588 0 0 0.041756629943847656
288 288 441876 0 0 0.04113960266113281
287 287 439989 0 0 0.04033398628234863
0 0 0 2 3214 0.08221173286437988
288 288 441146 0 0 0.04458332061767578
0 0 0 1 1597 0.04339909553527832
288 288 441698 0 0 0.04281949996948242
288 288 441986 0 0 0.04117846488952637
287 287 441523 0 0 0.040292978286743164
287 287 441810 0 0 0.040305137634277344
286 286 440886 0 0 0.040254831314086914
0 0 0 2 2652 0.0680079460144043
287 287 440953 0 0 0.04297327995300293
0 0 0 1 308 0.014447212219238281
288 288 441549 0 0 0.04074597358703613
288 288 441837 0 0 0.04011821746826172
288 288 442125 0 0 0.04013824462890625
287 287 440558 0 0 0.03984880447387695
0 0 0 1 1347 0.03768205642700195
288 288 442193 0 0 0.040630340576171875
287 287 439977 0 0 0.040552616119384766
0 0 0 3 4048 0.10078048706054688
288 288 441328 0 0 0.044211387634277344
0 0 0 3 3301 0.08334875106811523
288 288 440353 0 0 0.045417070388793945
0 0 0 1 1825 0.04834175109863281
288 288 440186 0 0 0.04288196563720703
288 288 440474 0 0 0.04112815856933594
286 286 438736 0 0 0.04016995429992676
0 0 0 1 1971 0.051748037338256836
287 287 440994 0 0 0.04575371742248535
287 287 441281 0 0 0.04149150848388672
286 286 440326 0 0 0.04119420051574707
0 0 0 1 947 0.026149272918701172
287 287 441560 0 0 0.04086422920227051
287 287 441847 0 0 0.0408780574798584
287 287 442134 0 0 0.04000520706176758
287 287 442421 0 0 0.04014897346496582
287 287 442708 0 0 0.04001116752624512
287 287 442995 0 0 0.0401608943939209
287 287 443282 0 0 0.040355682373046875
285 285 439263 0 0 0.03991866111755371
0 0 0 3 2961 0.0733938217163086
287 287 440402 0 0 0.04302620887756348
0 0 0 1 1915 0.0493321418762207
287 287 440425 0 0 0.04388117790222168
0 0 0 1 1846 0.048564910888671875
287 287 441034 0 0 0.04320073127746582
0 0 0 1 278 0.01417088508605957
288 288 441600 0 0 0.04051709175109863
288 288 441888 0 0 0.040326833724975586
287 287 440044 0 0 0.04051470756530762
287 287 440331 0 0 0.04113960266113281
287 287 440618 0 0 0.04114818572998047
287 287 440905 0 0 0.04075908660888672
287 287 441192 0 0 0.040441036224365234
287 287 441479 0 0 0.04063296318054199
287 287 441766 0 0 0.04013776779174805
287 287 442053 0 0 0.03988242149353027
287 287 442340 0 0 0.039913177490234375
287 287 442627 0 0 0.03988051414489746
287 287 442914 0 0 0.039994001388549805
286 286 442320 0 0 0.03988385200500488
286 286 442606 0 0 0.0399477481842041
286 286 442892 0 0 0.04013562202453613
285 285 440786 0 0 0.0397648811340332
285 285 441071 0 0 0.03989219665527344
285 285 441356 0 0 0.039832353591918945
285 285 441641 0 0 0.0399775505065918
285 285 441926 0 0 0.03991961479187012
285 285 442211 0 0 0.0399169921875
285 285 442496 0 0 0.040448904037475586
283 283 439040 0 0 0.03972125053405762
0 0 0 2 2003 0.05095624923706055
285 285 441328 0 0 0.04310274124145508
284 284 440251 0 0 0.040494680404663086
0 0 0 1 1051 0.03174781799316406
285 285 441587 0 0 0.04104208946228027
285 285 441872 0 0 0.040387630462646484
285 285 442157 0 0 0.03998231887817383
285 285 442442 0 0 0.040611982345581055
281 281 434427 0 0 0.03953218460083008
0 0 0 5 5191 0.1335909366607666
286 286 439904 0 0 0.044487714767456055
286 286 440190 0 0 0.04074835777282715
286 286 440476 0 0 0.04014873504638672
286 286 440762 0 0 0.03995513916015625
286 286 441048 0 0 0.039826154708862305
286 286 441334 0 0 0.04004168510437012
286 286 441620 0 0 0.040538787841796875
283 283 436686 0 0 0.039968013763427734
0 0 0 4 4198 0.10422158241271973
286 286 439029 0 0 0.044425249099731445
0 0 0 1 2003 0.052138566970825195
287 287 441319 0 0 0.04272723197937012
287 287 441606 0 0 0.04081010818481445
287 287 441893 0 0 0.04016709327697754
286 286 440057 0 0 0.03994321823120117
0 0 0 1 1832 0.048269033432006836
287 287 442176 0 0 0.043364524841308594
286 286 440924 0 0 0.041390419006347656
286 286 441210 0 0 0.04055023193359375
286 286 441496 0 0 0.041013479232788086
284 284 438360 0 0 0.041356801986694336
0 0 0 7 7373 0.18403196334838867
287 287 439114 0 0 0.04450345039367676
0 0 0 2 1419 0.03887820243835449
289 289 440822 0 0 0.04227900505065918
289 289 441111 0 0 0.04077792167663574
289 289 441400 0 0 0.04032731056213379
289 289 441689 0 0 0.04041934013366699
288 288 439946 0 0 0.04018235206604004
0 0 0 1 1127 0.0316767692565918
289 289 441362 0 0 0.04158282279968262
289 289 441651 0 0 0.040647029876708984
289 289 441940 0 0 0.040162086486816406
289 289 442229 0 0 0.04054856300354004
288 288 441073 0 0 0.040503740310668945
0 0 0 1 348 0.015074491500854492
288 288 440710 0 0 0.040358781814575195
0 0 0 1 989 0.026294708251953125
289 289 441988 0 0 0.04140830039978027
289 289 442277 0 0 0.04103589057922363
288 288 440517 0 0 0.04085373878479004
0 0 0 4 2320 0.05972409248352051
289 289 436635 0 0 0.04334378242492676
0 0 0 1 1588 0.0436861515045166
290 290 438513 0 0 0.04310417175292969
289 289 436443 0 0 0.04072856903076172
0 0 0 2 2061 0.05653786659240723
291 291 438795 0 0 0.04608941078186035
290 290 436407 0 0 0.040743112564086914
0 0 0 3 2525 0.05592489242553711
293 293 439225 0 0 0.04290199279785156
293 293 439518 0 0 0.04128766059875488
293 293 439811 0 0 0.04034066200256348
293 293 440104 0 0 0.040660858154296875
292 292 439020 0 0 0.04055619239807129
0 0 0 3 1255 0.03197169303894043
294 294 439153 0 0 0.04169583320617676
0 0 0 4 2639 0.06804490089416504
296 296 437936 0 0 0.04409480094909668
0 0 0 1 1782 0.04633975028991699
297 297 440015 0 0 0.04417586326599121
296 296 438351 0 0 0.04119563102722168
0 0 0 1 647 0.02318549156188965
297 297 439295 0 0 0.04053473472595215
296 296 438352 0 0 0.04033017158508301
0 0 0 1 397 0.0166323184967041
296 296 437772 0 0 0.04056978225708008
0 0 0 1 1935 0.05113482475280762
297 297 440004 0 0 0.04292154312133789
296 296 438380 0 0 0.041135549545288086
0 0 0 2 3002 0.07737970352172852
297 297 439996 0 0 0.04294157028198242
297 297 440293 0 0 0.04124116897583008
296 296 438874 0 0 0.04057049751281738
0 0 0 2 2237 0.05844306945800781
297 297 438846 0 0 0.04330778121948242
297 297 439143 0 0 0.041161537170410156
296 296 438254 0 0 0.040496826171875
0 0 0 2 1596 0.0414431095123291
297 297 438731 0 0 0.043292999267578125
297 297 439028 0 0 0.04131650924682617
296 296 437438 0 0 0.04046297073364258
0 0 0 3 3633 0.09624838829040527
298 298 438851 0 0 0.04355216026306152
0 0 0 1 966 0.026355743408203125
297 297 438567 0 0 0.04179883003234863
0 0 0 1 1319 0.03733515739440918
298 298 440184 0 0 0.04426932334899902
297 297 438246 0 0 0.04125475883483887
297 297 438543 0 0 0.040546417236328125
297 297 438840 0 0 0.04061293601989746
296 296 437365 0 0 0.04045391082763672
0 0 0 3 3560 0.08889269828796387
297 297 438650 0 0 0.0436246395111084
0 0 0 1 1296 0.03709816932678223
298 298 440244 0 0 0.042176246643066406
298 298 440542 0 0 0.04118633270263672
298 298 440840 0 0 0.040422916412353516
298 298 441138 0 0 0.04076409339904785
297 297 439142 0 0 0.040300846099853516
0 0 0 1 1523 0.03970742225646973
297 297 439662 0 0 0.04284858703613281
0 0 0 2 2290 0.05773353576660156
298 298 439797 0 0 0.04325413703918457
298 298 440095 0 0 0.04127645492553711
298 298 440393 0 0 0.04074263572692871
298 298 440691 0 0 0.04047989845275879
295 295 437332 0 0 0.04009246826171875
0 0 0 2 2014 0.05037379264831543
296 296 437550 0 0 0.04440736770629883
296 296 437846 0 0 0.04103875160217285
295 295 436465 0 0 0.040149688720703125
0 0 0 2 1934 0.04825186729431152
297 297 438696 0 0 0.043825387954711914
297 297 438993 0 0 0.04266071319580078
296 296 436797 0 0 0.04040861129760742
0 0 0 2 2722 0.07108855247497559
297 297 438329 0 0 0.043121337890625
297 297 438626 0 0 0.04217934608459473
297 297 438923 0 0 0.04024672508239746
297 297 439220 0 0 0.04016304016113281
297 297 439517 0 0 0.04081606864929199
295 295 436359 0 0 0.039899349212646484
0 0 0 1 1952 0.05158519744873047
296 296 438607 0 0 0.0428776741027832
296 296 438903 0 0 0.04073476791381836
296 296 439199 0 0 0.04022073745727539
296 296 439495 0 0 0.04031682014465332
296 296 439791 0 0 0.040256500244140625
296 296 440087 0 0 0.04053068161010742
295 295 437824 0 0 0.04007077217102051
0 0 0 1 474 0.016742706298828125
296 296 438594 0 0 0.04016900062561035
296 296 438890 0 0 0.0404508113861084
295 295 437376 0 0 0.04021859169006348
295 295 437671 0 0 0.04027414321899414
295 295 437966 0 0 0.040523529052734375
294 294 435726 0 0 0.04007244110107422
0 0 0 2 3175 0.07969403266906738
295 295 438059 0 0 0.045334815979003906
295 295 438354 0 0 0.04093813896179199
295 295 438649 0 0 0.04056191444396973
294 294 437799 0 0 0.04075765609741211
292 292 434634 0 0 0.04046297073364258
292 292 434926 0 0 0.040352821350097656
292 292 435218 0 0 0.0399782657623291
292 292 435510 0 0 0.040090322494506836
292 292 435802 0 0 0.04002976417541504
292 292 436094 0 0 0.04023003578186035
290 290 433102 0 0 0.03964877128601074
290 290 433392 0 0 0.039693355560302734
290 290 433682 0 0 0.04006147384643555
288 288 431540 0 0 0.04000067710876465
286 286 428426 0 0 0.039606571197509766
286 286 428712 0 0 0.039594173431396484
286 286 428998 0 0 0.03942418098449707
286 286 429284 0 0 0.039742231369018555
286 286 429570 0 0 0.039817094802856445
285 285 428809 0 0 0.040613651275634766
285 285 429094 0 0 0.04047131538391113
284 284 426744 0 0 0.03987526893615723
284 284 427028 0 0 0.040033817291259766
284 284 427312 0 0 0.04039883613586426
284 284 427596 0 0 0.04000234603881836
284 284 427880 0 0 0.040000200271606445
283 283 425763 0 0 0.03977799415588379
282 282 424882 0 0 0.040963172912597656
282 282 425164 0 0 0.04016542434692383
281 281 423531 0 0 0.039771318435668945
280 280 421192 0 0 0.039560794830322266
278 278 417562 0 0 0.038906097412109375
278 278 417840 0 0 0.03900623321533203
278 278 418118 0 0 0.03912472724914551
277 277 416211 0 0 0.03909134864807129
276 276 414936 0 0 0.03908562660217285
275 275 413444 0 0 0.03870344161987305
275 275 413719 0 0 0.03876042366027832
275 275 413994 0 0 0.03863859176635742
275 275 414269 0 0 0.03848981857299805
275 275 414544 0 0 0.03887057304382324
274 274 413303 0 0 0.038797616958618164
273 273 411638 0 0 0.03852224349975586
273 273 411911 0 0 0.03854560852050781
273 273 412184 0 0 0.03854250907897949
273 273 412457 0 0 0.03849911689758301
273 273 412730 0 0 0.03855490684509277
273 273 413003 0 0 0.038619279861450195
273 273 413276 0 0 0.038933753967285156
272 272 411158 0 0 0.03841853141784668
272 272 411430 0 0 0.03852343559265137
272 272 411702 0 0 0.03845405578613281
272 272 411974 0 0 0.03874921798706055
271 271 410821 0 0 0.0387728214263916
270 270 409765 0 0 0.03873777389526367
270 270 410035 0 0 0.03886127471923828
268 268 406172 0 0 0.03849959373474121
268 268 406440 0 0 0.0383610725402832
268 268 406708 0 0 0.03843498229980469
268 268 406976 0 0 0.03856778144836426
267 267 405229 0 0 0.03821992874145508
267 267 405496 0 0 0.03846120834350586
265 265 403342 0 0 0.038503408432006836
264 264 401139 0 0 0.03803610801696777
263 263 400566 0 0 0.03810310363769531
262 262 399649 0 0 0.03818106651306152
261 261 397760 0 0 0.03807520866394043
259 259 394684 0 0 0.03747749328613281
259 259 394943 0 0 0.0375676155090332
259 259 395202 0 0 0.03792619705200195
258 258 393882 0 0 0.0421442985534668
258 258 394140 0 0 0.037761688232421875
258 258 394398 0 0 0.03796100616455078
258 258 394656 0 0 0.03794980049133301
257 257 393550 0 0 0.03756213188171387
257 257 393807 0 0 0.037490129470825195
257 257 394064 0 0 0.03762507438659668
257 257 394321 0 0 0.03767871856689453
257 257 394578 0 0 0.037557125091552734
257 257 394835 0 0 0.03769254684448242
257 257 395092 0 0 0.03936910629272461
256 256 394065 0 0 0.03717041015625
255 255 393567 0 0 0.03664731979370117
255 255 393822 0 0 0.03663277626037598
255 255 394077 0 0 0.0362856388092041
255 255 394332 0 0 0.03641939163208008
254 254 393484 0 0 0.036263465881347656
254 254 393738 0 0 0.03602409362792969
254 254 393992 0 0 0.03612709045410156
254 254 394246 0 0 0.03637528419494629
254 254 394500 0 0 0.036078691482543945
254 254 394754 0 0 0.03601980209350586
254 254 395008 0 0 0.03615736961364746
254 254 395262 0 0 0.03639626502990723
253 253 393479 0 0 0.036485910415649414
252 252 393058 0 0 0.03618884086608887
252 252 393310 0 0 0.03617739677429199
252 252 393562 0 0 0.036412954330444336
251 251 390977 0 0 0.03597283363342285
251 251 391228 0 0 0.03604745864868164
250 250 390327 0 0 0.036895751953125
249 249 388175 0 0 0.036382198333740234
249 249 388424 0 0 0.03624224662780762
249 249 388673 0 0 0.036206960678100586
248 248 387329 0 0 0.036302804946899414
247 247 385660 0 0 0.03629803657531738
247 247 385907 0 0 0.03614044189453125
246 246 383591 0 0 0.03559255599975586
246 246 383837 0 0 0.03559446334838867
246 246 384083 0 0 0.03598189353942871
245 245 382754 0 0 0.03560352325439453
245 245 382999 0 0 0.03583693504333496
245 245 383244 0 0 0.03615546226501465
244 244 380891 0 0 0.03533792495727539
244 244 381135 0 0 0.035701751708984375
244 244 381379 0 0 0.0357668399810791
243 243 380911 0 0 0.03535652160644531
243 243 381154 0 0 0.03534579277038574
243 243 381397 0 0 0.035471439361572266
243 243 381640 0 0 0.035260677337646484
243 243 381883 0 0 0.03524947166442871
243 243 382126 0 0 0.03568553924560547
241 241 379321 0 0 0.035382747650146484
241 241 379562 0 0 0.0353856086730957
240 240 379239 0 0 0.03549647331237793
239 239 377805 0 0 0.035314321517944336
239 239 378044 0 0 0.035601139068603516
238 238 375613 0 0 0.03528451919555664
237 237 373522 0 0 0.03549957275390625
235 235 370014 0 0 0.034941911697387695
235 235 370249 0 0 0.03499436378479004
234 234 367771 0 0 0.034665584564208984
234 234 368005 0 0 0.03490471839904785
233 233 367146 0 0 0.03524327278137207
232 232 365272 0 0 0.0348973274230957
231 231 364330 0 0 0.03467583656311035
231 231 364561 0 0 0.034578561782836914
231 231 364792 0 0 0.034661054611206055
230 230 363676 0 0 0.03484749794006348
229 229 361789 0 0 0.034589290618896484
229 229 362018 0 0 0.03458523750305176
229 229 362247 0 0 0.03494381904602051
227 227 359814 0 0 0.03481793403625488
225 225 357400 0 0 0.034120798110961914
225 225 357625 0 0 0.034340620040893555
224 224 355581 0 0 0.0345613956451416
223 223 354469 0 0 0.033948659896850586
223 223 354692 0 0 0.03401756286621094
223 223 354915 0 0 0.034128427505493164
223 223 355138 0 0 0.03399467468261719
223 223 355361 0 0 0.034353017807006836
222 222 352763 0 0 0.0342867374420166
221 221 349868 0 0 0.03371691703796387
221 221 350089 0 0 0.033899784088134766
220 220 349103 0 0 0.03342270851135254
220 220 349323 0 0 0.03383660316467285
218 218 345634 0 0 0.033379316329956055
218 218 345852 0 0 0.03342127799987793
218 218 346070 0 0 0.03346967697143555
218 218 346288 0 0 0.03342437744140625
218 218 346506 0 0 0.03372597694396973
217 217 344307 0 0 0.033666133880615234
215 215 342401 0 0 0.033562660217285156
214 214 339778 0 0 0.03332233428955078
213 213 337986 0 0 0.032944679260253906
213 213 338199 0 0 0.033539772033691406
211 211 335473 0 0 0.033197641372680664
210 210 333406 0 0 0.032732486724853516
210 210 333616 0 0 0.03314471244812012
208 208 330528 0 0 0.03291654586791992
207 207 329354 0 0 0.03268599510192871
207 207 329561 0 0 0.03260946273803711
207 207 329768 0 0 0.03321576118469238
205 205 325664 0 0 0.03252768516540527
205 205 325869 0 0 0.03263545036315918
205 205 326074 0 0 0.03268790245056152
203 203 322747 0 0 0.03233838081359863
203 203 322950 0 0 0.03253173828125
201 201 317743 0 0 0.03187870979309082
200 200 315733 0 0 0.031823158264160156
200 200 315933 0 0 0.03210711479187012
199 199 314088 0 0 0.0320737361907959
199 199 314287 0 0 0.03197789192199707
198 198 313185 0 0 0.0316319465637207
198 198 313383 0 0 0.03161263465881348
198 198 313581 0 0 0.03161334991455078
198 198 313779 0 0 0.03167366981506348
198 198 313977 0 0 0.03194570541381836
197 197 312242 0 0 0.03159499168395996
197 197 312439 0 0 0.03183293342590332
196 196 311619 0 0 0.03147482872009277
196 196 311815 0 0 0.031961917877197266
195 195 310939 0 0 0.03172445297241211
195 195 311134 0 0 0.03204536437988281
194 194 309640 0 0 0.03197526931762695
193 193 307567 0 0 0.031797170639038086
192 192 305618 0 0 0.030645370483398438
192 192 305810 0 0 0.03025341033935547
192 192 306002 0 0 0.030179738998413086
192 192 306194 0 0 0.030359268188476562
191 191 304824 0 0 0.030240535736083984
191 191 305015 0 0 0.030568361282348633
190 190 303990 0 0 0.030208826065063477
190 190 304180 0 0 0.030281782150268555
190 190 304370 0 0 0.03037118911743164
190 190 304560 0 0 0.030484676361083984
189 189 302619 0 0 0.030710697174072266
185 185 295611 0 0 0.030172109603881836
184 184 293990 0 0 0.03027200698852539
182 182 290546 0 0 0.029580354690551758
182 182 290728 0 0 0.02958226203918457
182 182 290910 0 0 0.029564380645751953
182 182 291092 0 0 0.029422998428344727
182 182 291274 0 0 0.029723405838012695
182 182 291456 0 0 0.029660701751708984
182 182 291638 0 0 0.029735565185546875
181 181 290769 0 0 0.029781818389892578
181 181 290950 0 0 0.029808759689331055
180 180 288994 0 0 0.029437541961669922
180 180 289174 0 0 0.029549598693847656
179 179 287564 0 0 0.029713869094848633
177 177 282606 0 0 0.0291750431060791
176 176 281849 0 0 0.029053926467895508
175 175 279823 0 0 0.028684616088867188
175 175 279998 0 0 0.028693437576293945
175 175 280173 0 0 0.02867436408996582
175 175 280348 0 0 0.028693675994873047
175 175 280523 0 0 0.028752803802490234
175 175 280698 0 0 0.028643369674682617
175 175 280873 0 0 0.0287322998046875
175 175 281048 0 0 0.028914213180541992
174 174 278276 0 0 0.028951168060302734
174 174 278450 0 0 0.028728008270263672
174 174 278624 0 0 0.028922557830810547
173 173 277093 0 0 0.028962135314941406
172 172 275705 0 0 0.028448104858398438
172 172 275877 0 0 0.028891801834106445
170 170 271766 0 0 0.028622150421142578
168 168 269985 0 0 0.028281211853027344
168 168 270153 0 0 0.028557300567626953
167 167 267841 0 0 0.028334379196166992
166 166 266415 0 0 0.02834463119506836
165 165 264854 0 0 0.027713775634765625
165 165 265019 0 0 0.02813887596130371
164 164 264044 0 0 0.02765202522277832
164 164 264208 0 0 0.027884960174560547
164 164 264372 0 0 0.027881860733032227
164 164 264536 0 0 0.02805352210998535
163 163 262363 0 0 0.0274810791015625
163 163 262526 0 0 0.027530908584594727
163 163 262689 0 0 0.027527809143066406
163 163 262852 0 0 0.027747631072998047
162 162 260348 0 0 0.028050661087036133
161 161 257997 0 0 0.02754068374633789
161 161 258158 0 0 0.027628660202026367
161 161 258319 0 0 0.027628183364868164
161 161 258480 0 0 0.22214674949645996
161 161 258641 0 0 0.027796268463134766
161 161 258802 0 0 0.027977466583251953
160 160 257490 0 0 0.027060270309448242
160 160 257650 0 0 0.02676987648010254
160 160 257810 0 0 0.026838064193725586
160 160 257970 0 0 0.026765108108520508
160 160 258130 0 0 0.026860713958740234
160 160 258290 0 0 0.02684307098388672
160 160 258450 0 0 0.02712273597717285
159 159 257153 0 0 0.027014493942260742
158 158 255548 0 0 0.027079105377197266
157 157 254174 0 0 0.02650761604309082
157 157 254331 0 0 0.02660202980041504
157 157 254488 0 0 0.026816844940185547
157 157 254645 0 0 0.026767730712890625
156 156 254071 0 0 0.026511430740356445
156 156 254227 0 0 0.026644468307495117
156 156 254383 0 0 0.026729583740234375
155 155 252852 0 0 0.02675032615661621
154 154 250321 0 0 0.026896953582763672
153 153 248076 0 0 0.026097774505615234
153 153 248229 0 0 0.026195049285888672
153 153 248382 0 0 0.026325464248657227
152 152 247216 0 0 0.026398897171020508
152 152 247368 0 0 0.026151180267333984
152 152 247520 0 0 0.026020526885986328
152 152 247672 0 0 0.026299238204956055
152 152 247824 0 0 0.0262448787689209
152 152 247976 0 0 0.026264667510986328
152 152 248128 0 0 0.02640223503112793
151 151 246338 0 0 0.026187658309936523
150 150 243562 0 0 0.02581930160522461
150 150 243712 0 0 0.0257718563079834
150 150 243862 0 0 0.025837421417236328
150 150 244012 0 0 0.025959014892578125
149 149 241860 0 0 0.025997400283813477
149 149 242009 0 0 0.025930166244506836
149 149 242158 0 0 0.026051998138427734
149 149 242307 0 0 0.02625107765197754
148 148 239862 0 0 0.025928020477294922
148 148 240010 0 0 0.025937557220458984
148 148 240158 0 0 0.026133060455322266
147 147 239329 0 0 0.026223421096801758
146 146 236798 0 0 0.02570652961730957
146 146 236944 0 0 0.02578902244567871
146 146 237090 0 0 0.02577066421508789
146 146 237236 0 0 0.02606940269470215
144 144 234448 0 0 0.026294946670532227
144 144 234592 0 0 0.025980234146118164
144 144 234736 0 0 0.0260927677154541
143 143 233336 0 0 0.025419235229492188
143 143 233479 0 0 0.02545905113220215
143 143 233622 0 0 0.025672435760498047
141 141 230520 0 0 0.025103092193603516
141 141 230661 0 0 0.025236129760742188
141 141 230802 0 0 0.02525472640991211
141 141 230943 0 0 0.02515125274658203
141 141 231084 0 0 0.025350093841552734
140 140 229662 0 0 0.02537059783935547
140 140 229802 0 0 0.02538132667541504
140 140 229942 0 0 0.025393962860107422
140 140 230082 0 0 0.025608301162719727
139 139 228030 0 0 0.025037288665771484
139 139 228169 0 0 0.02512812614440918
139 139 228308 0 0 0.025066614151000977
139 139 228447 0 0 0.025054216384887695
139 139 228586 0 0 0.025383949279785156
139 139 228725 0 0 0.0250394344329834
139 139 228864 0 0 0.025078296661376953
139 139 229003 0 0 0.02504134178161621
139 139 229142 0 0 0.02508711814880371
139 139 229281 0 0 0.025668859481811523
138 138 228616 0 0 0.025353193283081055
137 137 227361 0 0 0.025445222854614258
137 137 227498 0 0 0.025343656539916992
136 136 226736 0 0 0.026080608367919922
136 136 226872 0 0 0.0258181095123291
135 135 225157 0 0 0.02559518814086914
135 135 225292 0 0 0.0259244441986084
134 134 223758 0 0 0.025760173797607422
133 133 222477 0 0 0.025493621826171875
133 133 222610 0 0 0.025518178939819336
133 133 222743 0 0 0.02555704116821289
133 133 222876 0 0 0.02572035789489746
132 132 220612 0 0 0.02561473846435547
132 132 220744 0 0 0.02536749839782715
132 132 220876 0 0 0.025625944137573242
132 132 221008 0 0 0.02552056312561035
132 132 221140 0 0 0.025299549102783203
132 132 221272 0 0 0.025691747665405273
131 131 220386 0 0 0.02562260627746582
129 129 216398 0 0 0.024760007858276367
128 128 213903 0 0 0.023370027542114258
128 128 214031 0 0 0.02339768409729004
127 127 212569 0 0 0.02298140525817871
127 127 212696 0 0 0.023150920867919922
127 127 212823 0 0 0.02312183380126953
127 127 212950 0 0 0.023279190063476562
126 126 211869 0 0 0.0230100154876709
126 126 211995 0 0 0.02315378189086914
126 126 212121 0 0 0.023121356964111328
126 126 212247 0 0 0.023355960845947266
124 124 209495 0 0 0.02285289764404297
124 124 209619 0 0 0.02303481101989746
123 123 207334 0 0 0.022731781005859375
123 123 207457 0 0 0.022675037384033203
123 123 207580 0 0 0.02296304702758789
121 121 204413 0 0 0.022745609283447266
120 120 202987 0 0 0.022435665130615234
120 120 203107 0 0 0.022406578063964844
120 120 203227 0 0 0.022382497787475586
120 120 203347 0 0 0.022366046905517578
120 120 203467 0 0 0.022370100021362305
120 120 203587 0 0 0.02240777015686035
120 120 203707 0 0 0.022408008575439453
120 120 203827 0 0 0.022623538970947266
119 119 202271 0 0 0.02252793312072754
118 118 200889 0 0 0.022489070892333984
118 118 201007 0 0 0.02243638038635254
118 118 201125 0 0 0.022409915924072266
118 118 201243 0 0 0.0223996639251709
118 118 201361 0 0 0.022396087646484375
118 118 201479 0 0 0.022596120834350586
117 117 200700 0 0 0.0225069522857666
117 117 200817 0 0 0.022545337677001953
117 117 200934 0 0 0.023102283477783203
114 114 194856 0 0 0.022720813751220703
114 114 194970 0 0 0.022662639617919922
114 114 195084 0 0 0.022672653198242188
114 114 195198 0 0 0.02298593521118164
113 113 192955 0 0 0.021748065948486328
113 113 193068 0 0 0.02188420295715332
112 112 190910 0 0 0.022966623306274414
111 111 190135 0 0 0.022695064544677734
111 111 190246 0 0 0.022632598876953125
111 111 190357 0 0 0.022322654724121094
111 111 190468 0 0 0.022634506225585938
111 111 190579 0 0 0.022653818130493164
111 111 190690 0 0 0.022815465927124023
110 110 189319 0 0 0.021706104278564453
110 110 189429 0 0 0.021733522415161133
110 110 189539 0 0 0.02176809310913086
110 110 189649 0 0 0.02174091339111328
110 110 189759 0 0 0.021764755249023438
110 110 189869 0 0 0.021770477294921875
110 110 189979 0 0 0.021802663803100586
110 110 190089 0 0 0.02192401885986328
110 110 190199 0 0 0.022505760192871094
110 110 190309 0 0 0.022050857543945312
109 109 187996 0 0 0.022011756896972656
108 108 187328 0 0 0.022239208221435547
108 108 187436 0 0 0.022385358810424805
107 107 186052 0 0 0.02233409881591797
106 106 184553 0 0 0.021821260452270508
106 106 184659 0 0 0.021607160568237305
105 105 183757 0 0 0.022463321685791016
103 103 179692 0 0 0.021805286407470703
103 103 179795 0 0 0.02173900604248047
103 103 179898 0 0 0.021747827529907227
103 103 180001 0 0 0.02179241180419922
103 103 180104 0 0 0.021919965744018555
102 102 178660 0 0 0.021730422973632812
102 102 178762 0 0 0.02176070213317871
102 102 178864 0 0 0.022072553634643555
100 100 175321 0 0 0.020857572555541992
100 100 175421 0 0 0.020985126495361328
100 100 175521 0 0 0.021431446075439453
99 99 173919 0 0 0.0215604305267334
99 99 174018 0 0 0.02173638343811035
98 98 172999 0 0 0.021642446517944336
98 98 173097 0 0 0.02115178108215332
98 98 173195 0 0 0.021163225173950195
98 98 173293 0 0 0.02127814292907715
98 98 173391 0 0 0.022093772888183594
98 98 173489 0 0 0.021582603454589844
98 98 173587 0 0 0.02142190933227539
98 98 173685 0 0 0.021271228790283203
98 98 173783 0 0 0.021211862564086914
98 98 173881 0 0 0.021738052368164062
98 98 173979 0 0 0.021158933639526367
98 98 174077 0 0 0.021411418914794922
97 97 171753 0 0 0.02203536033630371
96 96 170024 0 0 0.022119760513305664
96 96 170120 0 0 0.022066831588745117
96 96 170216 0 0 0.02204298973083496
96 96 170312 0 0 0.022049665451049805
96 96 170408 0 0 0.022192001342773438
96 96 170504 0 0 0.022083044052124023
96 96 170600 0 0 0.02207016944885254
96 96 170696 0 0 0.0220339298248291
96 96 170792 0 0 0.0222475528717041
95 95 168943 0 0 0.021600008010864258
95 95 169038 0 0 0.021854162216186523
93 93 166391 0 0 0.021319866180419922
93 93 166484 0 0 0.02130866050720215
93 93 166577 0 0 0.021322965621948242
93 93 166670 0 0 0.0213472843170166
93 93 166763 0 0 0.02138805389404297
93 93 166856 0 0 0.02151036262512207
92 92 165463 0 0 0.02135920524597168
92 92 165555 0 0 0.021350622177124023
92 92 165647 0 0 0.021409034729003906
92 92 165739 0 0 0.021358251571655273
92 92 165831 0 0 0.021398067474365234
92 92 165923 0 0 0.021394014358520508
92 92 166015 0 0 0.0215451717376709
91 91 164622 0 0 0.020810842514038086
91 91 164713 0 0 0.020806074142456055
91 91 164804 0 0 0.020803451538085938
91 91 164895 0 0 0.02080845832824707
91 91 164986 0 0 0.020845890045166016
91 91 165077 0 0 0.020834922790527344
91 91 165168 0 0 0.020851850509643555
91 91 165259 0 0 0.020844459533691406
91 91 165350 0 0 0.021087646484375
90 90 162813 0 0 0.021119356155395508
90 90 162903 0 0 0.021151065826416016
90 90 162993 0 0 0.021152973175048828
90 90 163083 0 0 0.021150827407836914
90 90 163173 0 0 0.021156787872314453
90 90 163263 0 0 0.021151304244995117
90 90 163353 0 0 0.0211331844329834
90 90 163443 0 0 0.02118206024169922
90 90 163533 0 0 0.021114826202392578
90 90 163623 0 0 0.021152734756469727
90 90 163713 0 0 0.021181344985961914
90 90 163803 0 0 0.021313905715942383
90 90 163893 0 0 0.021488189697265625
88 88 160653 0 0 0.02054286003112793
88 88 160741 0 0 0.02045297622680664
88 88 160829 0 0 0.020682811737060547
87 87 158288 0 0 0.020659208297729492
86 86 156152 0 0 0.02085137367248535
84 84 151385 0 0 0.019985675811767578
84 84 151469 0 0 0.019971609115600586
84 84 151553 0 0 0.020167827606201172
83 83 149623 0 0 0.020138025283813477
83 83 149706 0 0 0.02031540870666504
82 82 147405 0 0 0.020656824111938477
82 82 147487 0 0 0.020684242248535156
82 82 147569 0 0 0.020622730255126953
82 82 147651 0 0 0.020634174346923828
82 82 147733 0 0 0.020634174346923828
82 82 147815 0 0 0.020859479904174805
81 81 145450 0 0 0.020198822021484375
81 81 145531 0 0 0.02025437355041504
81 81 145612 0 0 0.02039957046508789
80 80 143956 0 0 0.019268512725830078
80 80 144036 0 0 0.019167661666870117
80 80 144116 0 0 0.019141197204589844
80 80 144196 0 0 0.01915264129638672
80 80 144276 0 0 0.01914191246032715
80 80 144356 0 0 0.01916050910949707
80 80 144436 0 0 0.019162654876708984
80 80 144516 0 0 0.019168376922607422
80 80 144596 0 0 0.019206523895263672
80 80 144676 0 0 0.019237995147705078
80 80 144756 0 0 0.019233226776123047
80 80 144836 0 0 0.0192263126373291
80 80 144916 0 0 0.019461631774902344
78 78 141831 0 0 0.01952505111694336
77 77 140214 0 0 0.019436120986938477
76 76 137911 0 0 0.01939988136291504
75 75 135912 0 0 0.0188143253326416
75 75 135987 0 0 0.018831253051757812
75 75 136062 0 0 0.01877140998840332
75 75 136137 0 0 0.018906831741333008
75 75 136212 0 0 0.018812894821166992
75 75 136287 0 0 0.0188291072845459
75 75 136362 0 0 0.01879739761352539
75 75 136437 0 0 0.018849849700927734
75 75 136512 0 0 0.01912975311279297
73 73 132738 0 0 0.018723011016845703
73 73 132811 0 0 0.018723249435424805
73 73 132884 0 0 0.01891779899597168
72 72 130454 0 0 0.018146038055419922
71 71 128891 0 0 0.01790452003479004
71 71 128962 0 0 0.017888784408569336
71 71 129033 0 0 0.017876625061035156
71 71 129104 0 0 0.01787567138671875
71 71 129175 0 0 0.01789999008178711
71 71 129246 0 0 0.017930984497070312
71 71 129317 0 0 0.017917156219482422
71 71 129388 0 0 0.01790642738342285
71 71 129459 0 0 0.01813817024230957
70 70 126523 0 0 0.018023014068603516
70 70 126593 0 0 0.018058300018310547
70 70 126663 0 0 0.018254756927490234
69 69 124089 0 0 0.0178372859954834
68 68 122235 0 0 0.017449617385864258
68 68 122303 0 0 0.017446517944335938
68 68 122371 0 0 0.017466068267822266
68 68 122439 0 0 0.017464637756347656
68 68 122507 0 0 0.01757645606994629
67 67 121273 0 0 0.01745915412902832
67 67 121340 0 0 0.017490625381469727
67 67 121407 0 0 0.017486095428466797
67 67 121474 0 0 0.017675399780273438
66 66 119143 0 0 0.017393827438354492
66 66 119209 0 0 0.017457962036132812
66 66 119275 0 0 0.017453908920288086
66 66 119341 0 0 0.017432689666748047
66 66 119407 0 0 0.017650127410888672
65 65 117751 0 0 0.017333984375
65 65 117816 0 0 0.017322063446044922
65 65 117881 0 0 0.01732158660888672
65 65 117946 0 0 0.01742863655090332
65 65 118011 0 0 0.017325878143310547
65 65 118076 0 0 0.01731133460998535
65 65 118141 0 0 0.017325401306152344
65 65 118206 0 0 0.01734447479248047
65 65 118271 0 0 0.01747417449951172
64 64 117402 0 0 0.016129493713378906
64 64 117466 0 0 0.016037464141845703
64 64 117530 0 0 0.01599431037902832
64 64 117594 0 0 0.016192913055419922
63 63 115851 0 0 0.01589679718017578
63 63 115914 0 0 0.016060352325439453
62 62 113860 0 0 0.015906333923339844
62 62 113922 0 0 0.015935897827148438
62 62 113984 0 0 0.015944957733154297
62 62 114046 0 0 0.015952587127685547
62 62 114108 0 0 0.01595163345336914
62 62 114170 0 0 0.01595163345336914
62 62 114232 0 0 0.01627373695373535
60 60 110221 0 0 0.015920162200927734
60 60 110281 0 0 0.015943288803100586
60 60 110341 0 0 0.016277074813842773
58 58 105313 0 0 0.01568293571472168
58 58 105371 0 0 0.015867233276367188
57 57 103318 0 0 0.015956878662109375
55 55 98640 0 0 0.015085220336914062
54 54 97240 0 0 0.014874935150146484
54 54 97294 0 0 0.014890909194946289
54 54 97348 0 0 0.01489114761352539
54 54 97402 0 0 0.01489114761352539
54 54 97456 0 0 0.014861583709716797
54 54 97510 0 0 0.014892101287841797
54 54 97564 0 0 0.01485300064086914
54 54 97618 0 0 0.014919757843017578
54 54 97672 0 0 0.014943122863769531
54 54 97726 0 0 0.014948129653930664
54 54 97780 0 0 0.014950990676879883
54 54 97834 0 0 0.014959335327148438
54 54 97888 0 0 0.015142440795898438
53 53 96468 0 0 0.014946222305297852
52 52 95211 0 0 0.01486659049987793
52 52 95263 0 0 0.0147247314453125
52 52 95315 0 0 0.014875650405883789
51 51 93418 0 0 0.014624595642089844
51 51 93469 0 0 0.01473689079284668
50 50 91892 0 0 0.01445913314819336
50 50 91942 0 0 0.01447439193725586
50 50 91992 0 0 0.014636754989624023
49 49 90985 0 0 0.014473438262939453
49 49 91034 0 0 0.014524459838867188
49 49 91083 0 0 0.014551401138305664
49 49 91132 0 0 0.014523983001708984
49 49 91181 0 0 0.0145263671875
49 49 91230 0 0 0.014488458633422852
49 49 91279 0 0 0.014508485794067383
49 49 91328 0 0 0.01456594467163086
49 49 91377 0 0 0.014528751373291016
49 49 91426 0 0 0.014687538146972656
48 48 90400 0 0 0.014085769653320312
48 48 90448 0 0 0.014061927795410156
48 48 90496 0 0 0.01404428482055664
48 48 90544 0 0 0.014014959335327148
48 48 90592 0 0 0.01402592658996582
48 48 90640 0 0 0.014084100723266602
48 48 90688 0 0 0.014068841934204102
48 48 90736 0 0 0.014046907424926758
48 48 90784 0 0 0.014330863952636719
47 47 88145 0 0 0.013940572738647461
47 47 88192 0 0 0.014086008071899414
46 46 86447 0 0 0.013795852661132812
46 46 86493 0 0 0.013767480850219727
46 46 86539 0 0 0.013806581497192383
46 46 86585 0 0 0.013805389404296875
46 46 86631 0 0 0.013811826705932617
46 46 86677 0 0 0.0138092041015625
46 46 86723 0 0 0.013815164566040039
46 46 86769 0 0 0.013806819915771484
46 46 86815 0 0 0.013846158981323242
46 46 86861 0 0 0.013881683349609375
46 46 86907 0 0 0.013879776000976562
46 46 86953 0 0 0.01398324966430664
46 46 86999 0 0 0.01383829116821289
46 46 87045 0 0 0.013874053955078125
46 46 87091 0 0 0.01383829116821289
46 46 87137 0 0 0.013980627059936523
45 45 85466 0 0 0.01375436782836914
45 45 85511 0 0 0.013915300369262695
44 44 84201 0 0 0.01373910903930664
44 44 84245 0 0 0.013773441314697266
44 44 84289 0 0 0.013785600662231445
44 44 84333 0 0 0.013950347900390625
43 43 81872 0 0 0.01363062858581543
43 43 81915 0 0 0.013750076293945312
42 42 79935 0 0 0.01350712776184082
42 42 79977 0 0 0.013453483581542969
42 42 80019 0 0 0.013488531112670898
42 42 80061 0 0 0.013484954833984375
42 42 80103 0 0 0.013471126556396484
42 42 80145 0 0 0.013506412506103516
42 42 80187 0 0 0.01367497444152832
41 41 77965 0 0 0.01335763931274414
41 41 78006 0 0 0.013331413269042969
41 41 78047 0 0 0.01331329345703125
41 41 78088 0 0 0.013326168060302734
41 41 78129 0 0 0.013364315032958984
41 41 78170 0 0 0.013322591781616211
41 41 78211 0 0 0.013341188430786133
41 41 78252 0 0 0.013353109359741211
41 41 78293 0 0 0.013328790664672852
41 41 78334 0 0 0.01333928108215332
41 41 78375 0 0 0.013322830200195312
41 41 78416 0 0 0.01336526870727539
41 41 78457 0 0 0.013342142105102539
41 41 78498 0 0 0.013362646102905273
41 41 78539 0 0 0.013324499130249023
41 41 78580 0 0 0.013349533081054688
41 41 78621 0 0 0.013365507125854492
41 41 78662 0 0 0.013516664505004883
40 40 77098 0 0 0.013062477111816406
40 40 77138 0 0 0.013013601303100586
40 40 77178 0 0 0.013146638870239258
40 40 77218 0 0 0.013040304183959961
40 40 77258 0 0 0.013002634048461914
40 40 77298 0 0 0.013685464859008789
40 40 77338 0 0 0.013108491897583008
40 40 77378 0 0 0.013023614883422852
40 40 77418 0 0 0.013264179229736328
39 39 74779 0 0 0.012963056564331055
39 39 74818 0 0 0.012939929962158203
39 39 74857 0 0 0.013086795806884766
38 38 72925 0 0 0.01261138916015625
38 38 72963 0 0 0.012639999389648438
38 38 73001 0 0 0.012631416320800781
38 38 73039 0 0 0.012644529342651367
38 38 73077 0 0 0.012665510177612305
38 38 73115 0 0 0.012648820877075195
38 38 73153 0 0 0.012679100036621094
38 38 73191 0 0 0.012646913528442383
38 38 73229 0 0 0.012645959854125977
38 38 73267 0 0 0.0126495361328125
38 38 73305 0 0 0.012648344039916992
38 38 73343 0 0 0.012817621231079102
37 37 72240 0 0 0.012439966201782227
37 37 72277 0 0 0.012435436248779297
37 37 72314 0 0 0.012399673461914062
37 37 72351 0 0 0.012411832809448242
37 37 72388 0 0 0.012554645538330078
36 36 71139 0 0 0.012337684631347656
36 36 71175 0 0 0.012305974960327148
36 36 71211 0 0 0.012499332427978516
35 35 68555 0 0 0.012321949005126953
35 35 68590 0 0 0.012268543243408203
35 35 68625 0 0 0.012285709381103516
35 35 68660 0 0 0.012308835983276367
35 35 68695 0 0 0.01226806640625
35 35 68730 0 0 0.012456417083740234
34 34 66257 0 0 0.012193441390991211
34 34 66291 0 0 0.012154817581176758
34 34 66325 0 0 0.012186527252197266
34 34 66359 0 0 0.012146949768066406
34 34 66393 0 0 0.012411832809448242
34 34 66427 0 0 0.01217794418334961
34 34 66461 0 0 0.012280941009521484
33 33 65228 0 0 0.012126684188842773
33 33 65261 0 0 0.012127399444580078
33 33 65294 0 0 0.012096405029296875
33 33 65327 0 0 0.01237940788269043
31 31 61313 0 0 0.01170206069946289
31 31 61344 0 0 0.011713981628417969
31 31 61375 0 0 0.01163339614868164
31 31 61406 0 0 0.011713981628417969
31 31 61437 0 0 0.011733055114746094
31 31 61468 0 0 0.011851787567138672
30 30 60165 0 0 0.011666297912597656
30 30 60195 0 0 0.011804819107055664
29 29 58771 0 0 0.01160287857055664
29 29 58800 0 0 0.011588096618652344
29 29 58829 0 0 0.011899948120117188
27 27 54299 0 0 0.011392831802368164
27 27 54326 0 0 0.011358022689819336
27 27 54353 0 0 0.011533737182617188
26 26 51818 0 0 0.011141777038574219
26 26 51844 0 0 0.011117219924926758
26 26 51870 0 0 0.011260032653808594
25 25 50541 0 0 0.011089801788330078
25 25 50566 0 0 0.011106491088867188
25 25 50591 0 0 0.011127471923828125
25 25 50616 0 0 0.011121988296508789
25 25 50641 0 0 0.011104583740234375
25 25 50666 0 0 0.011135578155517578
25 25 50691 0 0 0.011132240295410156
25 25 50716 0 0 0.011187076568603516
25 25 50741 0 0 0.011172771453857422
25 25 50766 0 0 0.011173009872436523
25 25 50791 0 0 0.011159181594848633
25 25 50816 0 0 0.011216402053833008
25 25 50841 0 0 0.01113581657409668
25 25 50866 0 0 0.011179924011230469
25 25 50891 0 0 0.011101484298706055
25 25 50916 0 0 0.011121511459350586
25 25 50941 0 0 0.011232614517211914
25 25 50966 0 0 0.011186599731445312
25 25 50991 0 0 0.01113438606262207
25 25 51016 0 0 0.011161327362060547
25 25 51041 0 0 0.011194229125976562
25 25 51066 0 0 0.011198759078979492
25 25 51091 0 0 0.011189699172973633
25 25 51116 0 0 0.011441946029663086
24 24 48270 0 0 0.010943174362182617
23 23 45257 0 0 0.010486364364624023
23 23 45280 0 0 0.010520219802856445
23 23 45303 0 0 0.010467767715454102
23 23 45326 0 0 0.010452985763549805
23 23 45349 0 0 0.010448932647705078
23 23 45372 0 0 0.010480880737304688
23 23 45395 0 0 0.010493993759155273
23 23 45418 0 0 0.010489940643310547
23 23 45441 0 0 0.010518074035644531
23 23 45464 0 0 0.010525226593017578
23 23 45487 0 0 0.010526418685913086
23 23 45510 0 0 0.010496377944946289
23 23 45533 0 0 0.010496139526367188
23 23 45556 0 0 0.01050424575805664
23 23 45579 0 0 0.010502099990844727
23 23 45602 0 0 0.010704278945922852
22 22 43514 0 0 0.010421991348266602
22 22 43536 0 0 0.010354995727539062
22 22 43558 0 0 0.010348081588745117
22 22 43580 0 0 0.01033782958984375
22 22 43602 0 0 0.01035618782043457
22 22 43624 0 0 0.010381698608398438
22 22 43646 0 0 0.010359048843383789
22 22 43668 0 0 0.010348081588745117
22 22 43690 0 0 0.010339736938476562
22 22 43712 0 0 0.010428428649902344
22 22 43734 0 0 0.010349035263061523
22 22 43756 0 0 0.010336637496948242
22 22 43778 0 0 0.010346174240112305
22 22 43800 0 0 0.010698318481445312
20 20 38766 0 0 0.010150671005249023
20 20 38786 0 0 0.010181427001953125
20 20 38806 0 0 0.01009988784790039
20 20 38826 0 0 0.010100364685058594
20 20 38846 0 0 0.010082006454467773
20 20 38866 0 0 0.010081291198730469
20 20 38886 0 0 0.010092735290527344
20 20 38906 0 0 0.010104656219482422
20 20 38926 0 0 0.010284662246704102
19 19 36710 0 0 0.010196447372436523
18 18 34678 0 0 0.009940385818481445
18 18 34696 0 0 0.009851932525634766
18 18 34714 0 0 0.009831905364990234
18 18 34732 0 0 0.010023832321166992
17 17 31857 0 0 0.009645223617553711
17 17 31874 0 0 0.009687423706054688
17 17 31891 0 0 0.009626150131225586
17 17 31908 0 0 0.009699821472167969
17 17 31925 0 0 0.009640693664550781
17 17 31942 0 0 0.00962066650390625
17 17 31959 0 0 0.00965738296508789
17 17 31976 0 0 0.009641647338867188
17 17 31993 0 0 0.009633302688598633
17 17 32010 0 0 0.009626388549804688
17 17 32027 0 0 0.009808063507080078
16 16 30122 0 0 0.009348630905151367
16 16 30138 0 0 0.009291648864746094
16 16 30154 0 0 0.009274959564208984
16 16 30170 0 0 0.009260416030883789
16 16 30186 0 0 0.009264707565307617
16 16 30202 0 0 0.009300470352172852
16 16 30218 0 0 0.009211301803588867
16 16 30234 0 0 0.009284019470214844
16 16 30250 0 0 0.009366273880004883
15 15 28437 0 0 0.009141921997070312
15 15 28452 0 0 0.009122848510742188
15 15 28467 0 0 0.009189844131469727
15 15 28482 0 0 0.009215354919433594
15 15 28497 0 0 0.009225845336914062
15 15 28512 0 0 0.009188652038574219
15 15 28527 0 0 0.009232282638549805
15 15 28542 0 0 0.009339094161987305
15 15 28557 0 0 0.009230613708496094
15 15 28572 0 0 0.009243488311767578
15 15 28587 0 0 0.009202957153320312
15 15 28602 0 0 0.009181499481201172
15 15 28617 0 0 0.009222269058227539
15 15 28632 0 0 0.009414196014404297
14 14 26787 0 0 0.009271621704101562
13 13 24922 0 0 0.008943557739257812
13 13 24935 0 0 0.009000301361083984
13 13 24948 0 0 0.008978128433227539
13 13 24961 0 0 0.008994102478027344
13 13 24974 0 0 0.008958816528320312
13 13 24987 0 0 0.008990287780761719
13 13 25000 0 0 0.009170293807983398
11 11 22402 0 0 0.008822917938232422
11 11 22413 0 0 0.008788585662841797
11 11 22424 0 0 0.00874948501586914
11 11 22435 0 0 0.008786439895629883
11 11 22446 0 0 0.008735418319702148
11 11 22457 0 0 0.008752584457397461
11 11 22468 0 0 0.008749246597290039
11 11 22479 0 0 0.0087432861328125
11 11 22490 0 0 0.008742094039916992
11 11 22501 0 0 0.008880376815795898
10 10 20435 0 0 0.008727550506591797
10 10 20445 0 0 0.00868535041809082
10 10 20455 0 0 0.008693218231201172
10 10 20465 0 0 0.008673667907714844
10 10 20475 0 0 0.00869297981262207
10 10 20485 0 0 0.008793354034423828
9 9 19081 0 0 0.008562803268432617
9 9 19090 0 0 0.008585929870605469
9 9 19099 0 0 0.008577585220336914
9 9 19108 0 0 0.008744001388549805
8 8 16628 0 0 0.008465051651000977
8 8 16636 0 0 0.008488893508911133
7 7 15293 0 0 0.008303165435791016
7 7 15300 0 0 0.008309125900268555
7 7 15307 0 0 0.008313417434692383
7 7 15314 0 0 0.008424997329711914
7 7 15321 0 0 0.008316278457641602
7 7 15328 0 0 0.008306264877319336
7 7 15335 0 0 0.008301258087158203
7 7 15342 0 0 0.008311271667480469
7 7 15349 0 0 0.008313417434692383
7 7 15356 0 0 0.008312225341796875
7 7 15363 0 0 0.008297443389892578
7 7 15370 0 0 0.008292913436889648
7 7 15377 0 0 0.008309364318847656
7 7 15384 0 0 0.008492469787597656
6 6 12506 0 0 0.008140802383422852
6 6 12512 0 0 0.008182048797607422
6 6 12518 0 0 0.008127927780151367
6 6 12524 0 0 0.008147001266479492
6 6 12530 0 0 0.008131980895996094
6 6 12536 0 0 0.00812220573425293
6 6 12542 0 0 0.008151054382324219
6 6 12548 0 0 0.008150577545166016
6 6 12554 0 0 0.008138656616210938
6 6 12560 0 0 0.008138179779052734
6 6 12566 0 0 0.008130073547363281
6 6 12572 0 0 0.008143901824951172
6 6 12578 0 0 0.008150815963745117
6 6 12584 0 0 0.008121252059936523
6 6 12590 0 0 0.00825953483581543
5 5 10981 0 0 0.008050918579101562
5 5 10986 0 0 0.00803518295288086
5 5 10991 0 0 0.008020162582397461
5 5 10996 0 0 0.008178234100341797
4 4 8832 0 0 0.007952213287353516
4 4 8836 0 0 0.007889747619628906
4 4 8840 0 0 0.007879257202148438
4 4 8844 0 0 0.007881641387939453
4 4 8848 0 0 0.007876873016357422
4 4 8852 0 0 0.00788569450378418
4 4 8856 0 0 0.007884025573730469
4 4 8860 0 0 0.007877111434936523
4 4 8864 0 0 0.007871150970458984
4 4 8868 0 0 0.007885456085205078
4 4 8872 0 0 0.00799870491027832
4 4 8876 0 0 0.008071660995483398
3 3 6128 0 0 0.0077266693115234375
3 3 6131 0 0 0.00790548324584961
1 1 2781 0 0 0.00733494758605957
1 1 2782 0 0 0.007294416427612305
1 1 2783 0 0 0.007290840148925781
1 1 2784 0 0 0.0072956085205078125
1 1 2785 0 0 0.007294178009033203
1 1 2786 0 0 0.007288694381713867
1 1 2787 0 0 0.007292032241821289
1 1 2788 0 0 0.007296085357666016
1 1 2789 0 0 0.0072820186614990234
1 1 2790 0 0 0.007277011871337891
1 1 2791 0 0 0.0072803497314453125
1 1 2792 0 0 0.0073015689849853516
1 1 2793 0 0 0.007294416427612305
1 1 2794 0 0 0.007275819778442383
1 1 2795 0 0 0.007271528244018555
1 1 2796 0 0 0.007277250289916992
1 1 2797 0 0 0.007286548614501953
1 1 2798 0 0 0.007466793060302734
