0 1 0 6181 0.3153653144836426
1 0 6182 1 0.007966995239257812
1 0 6183 1 0.007758140563964844
1 0 6184 1 0.007625102996826172
1 0 6185 1 0.007611989974975586
1 0 6186 1 0.007591724395751953
1 0 6187 1 0.0075893402099609375
1 0 6188 1 0.0075550079345703125
1 0 6189 1 0.007537364959716797
1 0 6190 1 0.0075299739837646484
1 0 6191 1 0.007514476776123047
1 0 6192 1 0.007513761520385742
1 0 6193 1 0.007536172866821289
1 0 6194 1 0.007498502731323242
1 0 6195 1 0.007504701614379883
1 0 6196 1 0.0074939727783203125
1 0 6197 1 0.00751185417175293
1 0 6198 1 0.007498502731323242
1 0 6199 1 0.0074956417083740234
1 0 6200 1 0.007503986358642578
1 0 6201 1 0.007557868957519531
1 0 6202 1 0.0075109004974365234
1 0 6203 1 0.007496356964111328
1 0 6204 1 0.007512092590332031
1 0 6205 1 0.007493257522583008
1 0 6206 1 0.007508039474487305
1 0 6207 1 0.007508277893066406
1 0 6208 1 0.007520437240600586
1 0 6209 1 0.007555961608886719
1 0 6210 1 0.007512569427490234
1 0 6211 1 0.007512569427490234
1 0 6212 1 0.007517337799072266
1 0 6213 1 0.007505893707275391
1 0 6214 1 0.007638216018676758
1 0 6215 1 0.0075109004974365234
1 0 6216 1 0.007504940032958984
1 0 6217 1 0.00751948356628418
1 0 6218 1 0.007518768310546875
1 0 6219 1 0.00749516487121582
1 0 6220 1 0.007505178451538086
1 0 6221 1 0.007523298263549805
1 0 6222 1 0.007516622543334961
1 0 6223 1 0.007502317428588867
1 0 6224 1 0.007503986358642578
1 0 6225 1 0.007513284683227539
1 0 6226 1 0.0075528621673583984
1 0 6227 1 0.007508993148803711
1 0 6228 1 0.007496356964111328
1 0 6229 1 0.007483482360839844
1 0 6230 1 0.007502555847167969
1 0 6231 1 0.007482290267944336
1 0 6232 1 0.007486581802368164
1 0 6233 1 0.00751042366027832
1 0 6234 1 0.007528543472290039
1 0 6235 1 0.007478237152099609
1 0 6236 1 0.007482290267944336
1 0 6237 1 0.007479429244995117
1 0 6238 1 0.007498502731323242
1 0 6239 1 0.007499217987060547
1 0 6240 1 0.007490873336791992
1 0 6241 1 0.008096456527709961
1 0 6242 1 0.007604122161865234
1 0 6243 1 0.007521390914916992
1 0 6244 1 0.007508277893066406
1 0 6245 1 0.007518291473388672
1 0 6246 1 0.007505178451538086
1 0 6247 1 0.0074977874755859375
1 0 6248 1 0.007498264312744141
1 0 6249 1 0.007494926452636719
1 0 6250 1 0.007513523101806641
1 0 6251 1 0.0075359344482421875
1 0 6252 1 0.007482051849365234
1 0 6253 1 0.007474422454833984
1 0 6254 1 0.00766301155090332
1 0 6255 1 0.00751805305480957
1 0 6256 1 0.007488250732421875
1 0 6257 1 0.007492542266845703
1 0 6258 1 0.00750732421875
1 0 6259 1 0.007543802261352539
1 0 6260 1 0.007498502731323242
1 0 6261 1 0.007491350173950195
1 0 6262 1 0.007500886917114258
1 0 6263 1 0.007485628128051758
1 0 6264 1 0.007503509521484375
1 0 6265 1 0.007486104965209961
1 0 6266 1 0.00749659538269043
1 0 6267 1 0.007524251937866211
1 0 6268 1 0.007498979568481445
1 0 6269 1 0.007514238357543945
1 0 6270 1 0.0074880123138427734
1 0 6271 1 0.007494926452636719
1 0 6272 1 0.007500648498535156
1 0 6273 1 0.007497549057006836
1 0 6274 1 0.0075185298919677734
1 0 6275 1 0.007521629333496094
1 0 6276 1 0.0074961185455322266
1 0 6277 1 0.007498025894165039
1 0 6278 1 0.007497310638427734
1 0 6279 1 0.007478237152099609
1 0 6280 1 0.007493019104003906
1 0 6281 1 0.007497072219848633
1 0 6282 1 0.007504940032958984
1 0 6283 1 0.0074999332427978516
1 0 6284 1 0.0074918270111083984
1 0 6285 1 0.0074841976165771484
1 0 6286 1 0.0075130462646484375
1 0 6287 1 0.007503032684326172
1 0 6288 1 0.007488727569580078
1 0 6289 1 0.007498025894165039
1 0 6290 1 0.00749969482421875
1 0 6291 1 0.0075190067291259766
1 0 6292 1 0.007543802261352539
1 0 6293 1 0.0075054168701171875
1 0 6294 1 0.007622480392456055
1 0 6295 1 0.007505178451538086
1 0 6296 1 0.007493734359741211
1 0 6297 1 0.0074977874755859375
1 0 6298 1 0.00749969482421875
1 0 6299 1 0.0075092315673828125
1 0 6300 1 0.00753474235534668
1 0 6301 1 0.007497549057006836
1 0 6302 1 0.007505655288696289
1 0 6303 1 0.0074884891510009766
1 0 6304 1 0.0074939727783203125
1 0 6305 1 0.007497072219848633
1 0 6306 1 0.007504463195800781
1 0 6307 1 0.007504463195800781
1 0 6308 1 0.00754237174987793
1 0 6309 1 0.007526397705078125
1 0 6310 1 0.007504463195800781
1 0 6311 1 0.007504940032958984
1 0 6312 1 0.007504701614379883
1 0 6313 1 0.0074863433837890625
1 0 6314 1 0.007498979568481445
1 0 6315 1 0.007509469985961914
1 0 6316 1 0.0075342655181884766
1 0 6317 1 0.0074977874755859375
1 0 6318 1 0.007501363754272461
1 0 6319 1 0.0074939727783203125
1 0 6320 1 0.0074920654296875
1 0 6321 1 0.007508754730224609
1 0 6322 1 0.007503509521484375
1 0 6323 1 0.007538795471191406
1 0 6324 1 0.0075397491455078125
1 0 6325 1 0.007498741149902344
1 0 6326 1 0.007497549057006836
1 0 6327 1 0.0074920654296875
1 0 6328 1 0.007508277893066406
1 0 6329 1 0.007503032684326172
1 0 6330 1 0.007494449615478516
1 0 6331 1 0.007509946823120117
1 0 6332 1 0.007550239562988281
1 0 6333 1 0.007524728775024414
1 0 6334 1 0.0076258182525634766
1 0 6335 1 0.007536649703979492
1 0 6336 1 0.007515430450439453
1 0 6337 1 0.0075113773345947266
1 0 6338 1 0.0074956417083740234
1 0 6339 1 0.007505893707275391
1 0 6340 1 0.00754094123840332
1 0 6341 1 0.007537841796875
1 0 6342 1 0.007494449615478516
1 0 6343 1 0.0074918270111083984
1 0 6344 1 0.007494211196899414
1 0 6345 1 0.007502555847167969
1 0 6346 1 0.007513999938964844
1 0 6347 1 0.007489442825317383
1 0 6348 1 0.007503509521484375
1 0 6349 1 0.007562398910522461
1 0 6350 1 0.007503986358642578
1 0 6351 1 0.007492542266845703
1 0 6352 1 0.0074880123138427734
1 0 6353 1 0.007477521896362305
1 0 6354 1 0.007481575012207031
1 0 6355 1 0.0074994564056396484
1 0 6356 1 0.0074956417083740234
1 0 6357 1 0.007500648498535156
1 0 6358 1 0.007493495941162109
1 0 6359 1 0.00748133659362793
1 0 6360 1 0.007492542266845703
1 0 6361 1 0.007489204406738281
1 0 6362 1 0.007474660873413086
1 0 6363 1 0.007482767105102539
1 0 6364 1 0.00751948356628418
1 0 6365 1 0.0074961185455322266
1 0 6366 1 0.007528781890869141
1 0 6367 1 0.007490396499633789
1 0 6368 1 0.007500886917114258
1 0 6369 1 0.00750279426574707
1 0 6370 1 0.007491111755371094
1 0 6371 1 0.007493734359741211
1 0 6372 1 0.007502555847167969
1 0 6373 1 0.007504701614379883
1 0 6374 1 0.0076122283935546875
1 0 6375 1 0.007509708404541016
1 0 6376 1 0.0074901580810546875
1 0 6377 1 0.0075168609619140625
1 0 6378 1 0.007513284683227539
1 0 6379 1 0.007494926452636719
1 0 6380 1 0.007501363754272461
1 0 6381 1 0.007501363754272461
1 0 6382 1 0.007516622543334961
1 0 6383 1 0.007537841796875
1 0 6384 1 0.007491350173950195
1 0 6385 1 0.007494449615478516
1 0 6386 1 0.007501363754272461
1 0 6387 1 0.007492542266845703
1 0 6388 1 0.007490396499633789
1 0 6389 1 0.0074920654296875
1 0 6390 1 0.0075397491455078125
1 0 6391 1 0.007540225982666016
1 0 6392 1 0.007489919662475586
1 0 6393 1 0.007497549057006836
1 0 6394 1 0.007485389709472656
1 0 6395 1 0.007516384124755859
1 0 6396 1 0.007503032684326172
1 0 6397 1 0.007500410079956055
1 0 6398 1 0.007504701614379883
1 0 6399 1 0.007509708404541016
1 0 6400 1 0.00751185417175293
1 0 6401 1 0.007503509521484375
1 0 6402 1 0.007498741149902344
1 0 6403 1 0.0074901580810546875
1 0 6404 1 0.007513999938964844
1 0 6405 1 0.007505655288696289
1 0 6406 1 0.007504701614379883
1 0 6407 1 0.007502079010009766
1 0 6408 1 0.007539510726928711
1 0 6409 1 0.0075054168701171875
1 0 6410 1 0.007503509521484375
1 0 6411 1 0.00749659538269043
1 0 6412 1 0.007490396499633789
1 0 6413 1 0.00751042366027832
1 0 6414 1 0.00763392448425293
1 0 6415 1 0.0075299739837646484
1 0 6416 1 0.007526874542236328
1 0 6417 1 0.0075113773345947266
1 0 6418 1 0.007502079010009766
1 0 6419 1 0.007504701614379883
1 0 6420 1 0.007484912872314453
1 0 6421 1 0.007482767105102539
1 0 6422 1 0.007494449615478516
1 0 6423 1 0.007504701614379883
1 0 6424 1 0.00750279426574707
1 0 6425 1 0.0075185298919677734
1 0 6426 1 0.007498979568481445
1 0 6427 1 0.007490873336791992
1 0 6428 1 0.0074808597564697266
1 0 6429 1 0.007496833801269531
1 0 6430 1 0.007510662078857422
1 0 6431 1 0.007511138916015625
1 0 6432 1 0.007500886917114258
1 0 6433 1 0.007528781890869141
1 0 6434 1 0.00751495361328125
1 0 6435 1 0.007512092590332031
1 0 6436 1 0.007512569427490234
1 0 6437 1 0.0075037479400634766
1 0 6438 1 0.007505178451538086
1 0 6439 1 0.007517576217651367
1 0 6440 1 0.007511138916015625
1 0 6441 1 0.0075418949127197266
1 0 6442 1 0.007502079010009766
1 0 6443 1 0.0075075626373291016
1 0 6444 1 0.007502317428588867
1 0 6445 1 0.007496833801269531
1 0 6446 1 0.00749969482421875
1 0 6447 1 0.007500410079956055
1 0 6448 1 0.007506608963012695
1 0 6449 1 0.007523298263549805
1 0 6450 1 0.007543802261352539
1 0 6451 1 0.007500410079956055
1 0 6452 1 0.007503032684326172
1 0 6453 1 0.007512092590332031
1 0 6454 1 0.007628202438354492
1 0 6455 1 0.00750279426574707
1 0 6456 1 0.0074956417083740234
1 0 6457 1 0.007505178451538086
1 0 6458 1 0.007556915283203125
1 0 6459 1 0.007503032684326172
1 0 6460 1 0.007513761520385742
1 0 6461 1 0.007498025894165039
1 0 6462 1 0.007517337799072266
1 0 6463 1 0.007506370544433594
1 0 6464 1 0.007512569427490234
1 0 6465 1 0.007494449615478516
1 0 6466 1 0.007517337799072266
1 0 6467 1 0.007521629333496094
1 0 6468 1 0.007494211196899414
1 0 6469 1 0.007501840591430664
1 0 6470 1 0.0074939727783203125
1 0 6471 1 0.007504701614379883
1 0 6472 1 0.0074994564056396484
1 0 6473 1 0.0074939727783203125
1 0 6474 1 0.007516145706176758
1 0 6475 1 0.0075566768646240234
1 0 6476 1 0.0075151920318603516
1 0 6477 1 0.0075054168701171875
1 0 6478 1 0.007493495941162109
1 0 6479 1 0.0074961185455322266
1 0 6480 1 0.007512092590332031
1 0 6481 1 0.0075070858001708984
1 0 6482 1 0.007523775100708008
1 0 6483 1 0.0075359344482421875
1 0 6484 1 0.007502079010009766
1 0 6485 1 0.007503509521484375
1 0 6486 1 0.007505178451538086
1 0 6487 1 0.007491350173950195
1 0 6488 1 0.007501125335693359
1 0 6489 1 0.007509469985961914
1 0 6490 1 0.007502079010009766
1 0 6491 1 0.007506370544433594
1 0 6492 1 0.007496833801269531
1 0 6493 1 0.007485866546630859
1 0 6494 1 0.007622957229614258
1 0 6495 1 0.007521867752075195
1 0 6496 1 0.007492780685424805
1 0 6497 1 0.007495880126953125
1 0 6498 1 0.007498502731323242
1 0 6499 1 0.007534980773925781
1 0 6500 1 0.007536888122558594
1 0 6501 1 0.007505178451538086
1 0 6502 1 0.007492542266845703
1 0 6503 1 0.007498025894165039
1 0 6504 1 0.0074901580810546875
1 0 6505 1 0.00748896598815918
1 0 6506 1 0.007495403289794922
1 0 6507 1 0.00749659538269043
1 0 6508 1 0.007541656494140625
1 0 6509 1 0.007496356964111328
1 0 6510 1 0.007495880126953125
1 0 6511 1 0.0074846744537353516
1 0 6512 1 0.00751495361328125
1 0 6513 1 0.007493495941162109
1 0 6514 1 0.007500410079956055
1 0 6515 1 0.007542610168457031
1 0 6516 1 0.00755620002746582
1 0 6517 1 0.00750279426574707
1 0 6518 1 0.0075075626373291016
1 0 6519 1 0.007490396499633789
1 0 6520 1 0.007506132125854492
1 0 6521 1 0.007513523101806641
1 0 6522 1 0.007487773895263672
1 0 6523 1 0.007501125335693359
1 0 6524 1 0.007501840591430664
1 0 6525 1 0.007512807846069336
1 0 6526 1 0.007495880126953125
1 0 6527 1 0.0074920654296875
1 0 6528 1 0.007483720779418945
1 0 6529 1 0.007489681243896484
1 0 6530 1 0.007503509521484375
1 0 6531 1 0.0074920654296875
1 0 6532 1 0.007514238357543945
1 0 6533 1 0.00753331184387207
1 0 6534 1 0.007637739181518555
1 0 6535 1 0.007508039474487305
1 0 6536 1 0.0074920654296875
1 0 6537 1 0.007486104965209961
1 0 6538 1 0.007487058639526367
1 0 6539 1 0.007505178451538086
1 0 6540 1 0.0075147151947021484
1 0 6541 1 0.00752711296081543
1 0 6542 1 0.0074901580810546875
1 0 6543 1 0.0074923038482666016
1 0 6544 1 0.007508754730224609
1 0 6545 1 0.007493257522583008
1 0 6546 1 0.007486820220947266
1 0 6547 1 0.007491588592529297
1 0 6548 1 0.007513761520385742
1 0 6549 1 0.007504463195800781
1 0 6550 1 0.007498025894165039
1 0 6551 1 0.0074787139892578125
1 0 6552 1 0.007496833801269531
1 0 6553 1 0.007498502731323242
1 0 6554 1 0.0074901580810546875
1 0 6555 1 0.0074923038482666016
1 0 6556 1 0.007497072219848633
1 0 6557 1 0.007512569427490234
1 0 6558 1 0.007538795471191406
1 0 6559 1 0.007489919662475586
1 0 6560 1 0.007501363754272461
1 0 6561 1 0.007503986358642578
1 0 6562 1 0.007489919662475586
1 0 6563 1 0.007489681243896484
1 0 6564 1 0.007507801055908203
1 0 6565 1 0.007524728775024414
1 0 6566 1 0.007524967193603516
1 0 6567 1 0.0075168609619140625
1 0 6568 1 0.007504701614379883
1 0 6569 1 0.007494688034057617
1 0 6570 1 0.007494688034057617
1 0 6571 1 0.007493019104003906
1 0 6572 1 0.007508277893066406
1 0 6573 1 0.0075092315673828125
1 0 6574 1 0.007615804672241211
1 0 6575 1 0.007540702819824219
1 0 6576 1 0.00755620002746582
1 0 6577 1 0.007513523101806641
1 0 6578 1 0.007495880126953125
1 0 6579 1 0.007508277893066406
1 0 6580 1 0.007494211196899414
1 0 6581 1 0.0075016021728515625
1 0 6582 1 0.0075037479400634766
1 0 6583 1 0.007547140121459961
1 0 6584 1 0.0075016021728515625
1 0 6585 1 0.007493495941162109
1 0 6586 1 0.0074920654296875
1 0 6587 1 0.00749659538269043
1 0 6588 1 0.007501363754272461
1 0 6589 1 0.007492542266845703
1 0 6590 1 0.0075032711029052734
1 0 6591 1 0.007523536682128906
1 0 6592 1 0.0075168609619140625
1 0 6593 1 0.007502079010009766
1 0 6594 1 0.007501125335693359
1 0 6595 1 0.007498741149902344
1 0 6596 1 0.0075147151947021484
1 0 6597 1 0.007483959197998047
1 0 6598 1 0.0074999332427978516
1 0 6599 1 0.007521867752075195
1 0 6600 1 0.007494688034057617
1 0 6601 1 0.007489919662475586
1 0 6602 1 0.0075070858001708984
1 0 6603 1 0.0075414180755615234
1 0 6604 1 0.007508277893066406
1 0 6605 1 0.007512331008911133
1 0 6606 1 0.007517337799072266
1 0 6607 1 0.007549285888671875
1 0 6608 1 0.007548332214355469
1 0 6609 1 0.007493734359741211
1 0 6610 1 0.007492542266845703
1 0 6611 1 0.007517814636230469
1 0 6612 1 0.007508993148803711
1 0 6613 1 0.007498979568481445
1 0 6614 1 0.007638692855834961
1 0 6615 1 0.007529735565185547
1 0 6616 1 0.00754094123840332
1 0 6617 1 0.007492780685424805
1 0 6618 1 0.007507801055908203
1 0 6619 1 0.007512807846069336
1 0 6620 1 0.007502555847167969
1 0 6621 1 0.00751185417175293
1 0 6622 1 0.00750422477722168
1 0 6623 1 0.007498979568481445
1 0 6624 1 0.007498502731323242
1 0 6625 1 0.007506370544433594
1 0 6626 1 0.00749516487121582
1 0 6627 1 0.007517814636230469
1 0 6628 1 0.007503509521484375
1 0 6629 1 0.00749969482421875
1 0 6630 1 0.007509469985961914
1 0 6631 1 0.007531166076660156
1 0 6632 1 0.007530689239501953
1 0 6633 1 0.00752711296081543
1 0 6634 1 0.007509469985961914
1 0 6635 1 0.007509469985961914
1 0 6636 1 0.007520914077758789
1 0 6637 1 0.00749659538269043
1 0 6638 1 0.0074994564056396484
1 0 6639 1 0.00750732421875
1 0 6640 1 0.007532596588134766
1 0 6641 1 0.007532358169555664
1 0 6642 1 0.007495403289794922
1 0 6643 1 0.007479667663574219
1 0 6644 1 0.007517576217651367
1 0 6645 1 0.007509946823120117
1 0 6646 1 0.0074846744537353516
1 0 6647 1 0.007485389709472656
1 0 6648 1 0.007519721984863281
1 0 6649 1 0.007532358169555664
1 0 6650 1 0.0074770450592041016
1 0 6651 1 0.00748753547668457
1 0 6652 1 0.00749969482421875
1 0 6653 1 0.007489204406738281
1 0 6654 1 0.007607936859130859
1 0 6655 1 0.007509708404541016
1 0 6656 1 0.007504463195800781
1 0 6657 1 0.007532596588134766
1 0 6658 1 0.007494688034057617
1 0 6659 1 0.007491588592529297
1 0 6660 1 0.007489204406738281
1 0 6661 1 0.007497310638427734
1 0 6662 1 0.007517814636230469
1 0 6663 1 0.00755000114440918
1 0 6664 1 0.007513761520385742
1 0 6665 1 0.0075342655181884766
1 0 6666 1 0.007523059844970703
1 0 6667 1 0.00751042366027832
1 0 6668 1 0.007501363754272461
1 0 6669 1 0.00749659538269043
1 0 6670 1 0.007518291473388672
1 0 6671 1 0.00749969482421875
1 0 6672 1 0.007497310638427734
1 0 6673 1 0.0075016021728515625
1 0 6674 1 0.007503509521484375
1 0 6675 1 0.0075070858001708984
1 0 6676 1 0.007498502731323242
1 0 6677 1 0.007499217987060547
1 0 6678 1 0.007490396499633789
1 0 6679 1 0.0074961185455322266
1 0 6680 1 0.007504463195800781
1 0 6681 1 0.00750422477722168
1 0 6682 1 0.00753021240234375
1 0 6683 1 0.0074880123138427734
1 0 6684 1 0.007504940032958984
1 0 6685 1 0.007501125335693359
1 0 6686 1 0.007500410079956055
1 0 6687 1 0.007523298263549805
1 0 6688 1 0.0075092315673828125
1 0 6689 1 0.0075185298919677734
1 0 6690 1 0.007539272308349609
1 0 6691 1 0.0074920654296875
1 0 6692 1 0.00751805305480957
1 0 6693 1 0.0075075626373291016
1 0 6694 1 0.007620811462402344
1 0 6695 1 0.007542133331298828
1 0 6696 1 0.007524251937866211
1 0 6697 1 0.007516384124755859
1 0 6698 1 0.0075511932373046875
1 0 6699 1 0.007506847381591797
1 0 6700 1 0.00751805305480957
1 0 6701 1 0.007512569427490234
1 0 6702 1 0.007489919662475586
1 0 6703 1 0.0074884891510009766
1 0 6704 1 0.007477760314941406
1 0 6705 1 0.00749659538269043
1 0 6706 1 0.007517099380493164
1 0 6707 1 0.007489919662475586
1 0 6708 1 0.007491588592529297
1 0 6709 1 0.00751185417175293
1 0 6710 1 0.007492542266845703
1 0 6711 1 0.007488727569580078
1 0 6712 1 0.0074863433837890625
1 0 6713 1 0.007493495941162109
1 0 6714 1 0.0075244903564453125
1 0 6715 1 0.007536888122558594
1 0 6716 1 0.007502555847167969
1 0 6717 1 0.0074863433837890625
1 0 6718 1 0.0074977874755859375
1 0 6719 1 0.007519245147705078
1 0 6720 1 0.007489919662475586
1 0 6721 1 0.007503986358642578
1 0 6722 1 0.007508039474487305
1 0 6723 1 0.0075452327728271484
1 0 6724 1 0.007506847381591797
1 0 6725 1 0.007489442825317383
1 0 6726 1 0.007490873336791992
1 0 6727 1 0.007508277893066406
1 0 6728 1 0.007489919662475586
1 0 6729 1 0.0074841976165771484
1 0 6730 1 0.007503032684326172
1 0 6731 1 0.007543087005615234
1 0 6732 1 0.007496356964111328
1 0 6733 1 0.0074956417083740234
1 0 6734 1 0.007626533508300781
1 0 6735 1 0.007516145706176758
1 0 6736 1 0.0074977874755859375
1 0 6737 1 0.007490873336791992
1 0 6738 1 0.00751805305480957
1 0 6739 1 0.00753474235534668
1 0 6740 1 0.007507801055908203
1 0 6741 1 0.0074901580810546875
1 0 6742 1 0.007494926452636719
1 0 6743 1 0.0075223445892333984
1 0 6744 1 0.007500886917114258
1 0 6745 1 0.00748896598815918
1 0 6746 1 0.007504463195800781
1 0 6747 1 0.007518291473388672
1 0 6748 1 0.007504701614379883
1 0 6749 1 0.007504701614379883
1 0 6750 1 0.007493019104003906
1 0 6751 1 0.0075092315673828125
1 0 6752 1 0.007496833801269531
1 0 6753 1 0.007493734359741211
1 0 6754 1 0.007491588592529297
1 0 6755 1 0.007521867752075195
1 0 6756 1 0.007546901702880859
1 0 6757 1 0.007506370544433594
1 0 6758 1 0.007494211196899414
1 0 6759 1 0.007526397705078125
1 0 6760 1 0.007496833801269531
1 0 6761 1 0.007494449615478516
1 0 6762 1 0.0074939727783203125
1 0 6763 1 0.007522106170654297
1 0 6764 1 0.007527351379394531
1 0 6765 1 0.007487773895263672
1 0 6766 1 0.00749516487121582
1 0 6767 1 0.007510185241699219
1 0 6768 1 0.007506608963012695
1 0 6769 1 0.0074923038482666016
1 0 6770 1 0.007492780685424805
1 0 6771 1 0.0074961185455322266
1 0 6772 1 0.007550477981567383
1 0 6773 1 0.007503032684326172
1 0 6774 1 0.0076220035552978516
1 0 6775 1 0.0075092315673828125
1 0 6776 1 0.007510662078857422
1 0 6777 1 0.007508039474487305
1 0 6778 1 0.0075075626373291016
1 0 6779 1 0.007494211196899414
1 0 6780 1 0.007506608963012695
1 0 6781 1 0.007530689239501953
1 0 6782 1 0.0075016021728515625
1 0 6783 1 0.007492542266845703
1 0 6784 1 0.007508754730224609
1 0 6785 1 0.007498264312744141
1 0 6786 1 0.007494926452636719
1 0 6787 1 0.007494688034057617
1 0 6788 1 0.007513284683227539
1 0 6789 1 0.00754547119140625
1 0 6790 1 0.0075016021728515625
1 0 6791 1 0.007501840591430664
1 0 6792 1 0.007498502731323242
1 0 6793 1 0.007482051849365234
1 0 6794 1 0.007513523101806641
1 0 6795 1 0.007497549057006836
1 0 6796 1 0.007511138916015625
1 0 6797 1 0.0075490474700927734
1 0 6798 1 0.007490873336791992
1 0 6799 1 0.007492780685424805
1 0 6800 1 0.007496833801269531
1 0 6801 1 0.007506370544433594
1 0 6802 1 0.007503986358642578
1 0 6803 1 0.007502555847167969
1 0 6804 1 0.007537364959716797
1 0 6805 1 0.0075531005859375
1 0 6806 1 0.007492780685424805
1 0 6807 1 0.007492542266845703
1 0 6808 1 0.007491350173950195
1 0 6809 1 0.007491111755371094
1 0 6810 1 0.007508277893066406
1 0 6811 1 0.007503032684326172
1 0 6812 1 0.007514238357543945
1 0 6813 1 0.00751948356628418
1 0 6814 1 0.007631540298461914
1 0 6815 1 0.007515907287597656
1 0 6816 1 0.007517576217651367
1 0 6817 1 0.0075037479400634766
1 0 6818 1 0.007512331008911133
1 0 6819 1 0.007497310638427734
1 0 6820 1 0.00752568244934082
1 0 6821 1 0.007517337799072266
1 0 6822 1 0.007537126541137695
1 0 6823 1 0.007508754730224609
1 0 6824 1 0.007506132125854492
1 0 6825 1 0.007499217987060547
1 0 6826 1 0.0075092315673828125
1 0 6827 1 0.007498502731323242
1 0 6828 1 0.007525920867919922
1 0 6829 1 0.007528066635131836
1 0 6830 1 0.00754094123840332
1 0 6831 1 0.007495403289794922
1 0 6832 1 0.007489681243896484
1 0 6833 1 0.007508516311645508
1 0 6834 1 0.007497549057006836
1 0 6835 1 0.007490634918212891
1 0 6836 1 0.007489681243896484
1 0 6837 1 0.007506608963012695
1 0 6838 1 0.007513523101806641
1 0 6839 1 0.00750732421875
1 0 6840 1 0.0074884891510009766
1 0 6841 1 0.007488250732421875
1 0 6842 1 0.007505655288696289
1 0 6843 1 0.007498264312744141
1 0 6844 1 0.007498502731323242
1 0 6845 1 0.007504463195800781
1 0 6846 1 0.007527828216552734
1 0 6847 1 0.007512569427490234
1 0 6848 1 0.0075075626373291016
1 0 6849 1 0.0074884891510009766
1 0 6850 1 0.007491350173950195
1 0 6851 1 0.007504463195800781
1 0 6852 1 0.007496356964111328
1 0 6853 1 0.007496833801269531
1 0 6854 1 0.007620573043823242
1 0 6855 1 0.0075418949127197266
1 0 6856 1 0.007522106170654297
1 0 6857 1 0.007493495941162109
1 0 6858 1 0.007502317428588867
1 0 6859 1 0.0074884891510009766
1 0 6860 1 0.007498741149902344
1 0 6861 1 0.007494211196899414
1 0 6862 1 0.00748753547668457
1 0 6863 1 0.007476806640625
1 0 6864 1 0.007479190826416016
1 0 6865 1 0.007514238357543945
1 0 6866 1 0.0075054168701171875
1 0 6867 1 0.00749659538269043
1 0 6868 1 0.007491350173950195
1 0 6869 1 0.007479190826416016
1 0 6870 1 0.00749659538269043
1 0 6871 1 0.007510185241699219
1 0 6872 1 0.007503509521484375
1 0 6873 1 0.007507801055908203
1 0 6874 1 0.007522106170654297
1 0 6875 1 0.007506370544433594
1 0 6876 1 0.007508277893066406
1 0 6877 1 0.007505655288696289
1 0 6878 1 0.007517337799072266
1 0 6879 1 0.007496356964111328
1 0 6880 1 0.007497072219848633
1 0 6881 1 0.007493495941162109
1 0 6882 1 0.007518768310546875
1 0 6883 1 0.007498979568481445
1 0 6884 1 0.0074977874755859375
1 0 6885 1 0.007516622543334961
1 0 6886 1 0.007518291473388672
1 0 6887 1 0.0075337886810302734
1 0 6888 1 0.007528781890869141
1 0 6889 1 0.007519960403442383
1 0 6890 1 0.007502555847167969
1 0 6891 1 0.007529497146606445
1 0 6892 1 0.0075228214263916016
1 0 6893 1 0.007504940032958984
1 0 6894 1 0.007617950439453125
1 0 6895 1 0.007535457611083984
1 0 6896 1 0.007529497146606445
1 0 6897 1 0.007498502731323242
1 0 6898 1 0.007500410079956055
1 0 6899 1 0.007537126541137695
1 0 6900 1 0.0075130462646484375
1 0 6901 1 0.007505655288696289
1 0 6902 1 0.0075075626373291016
1 0 6903 1 0.00751948356628418
1 0 6904 1 0.007528543472290039
1 0 6905 1 0.007512092590332031
1 0 6906 1 0.007498979568481445
1 0 6907 1 0.007485866546630859
1 0 6908 1 0.0075223445892333984
1 0 6909 1 0.007503986358642578
1 0 6910 1 0.007494211196899414
1 0 6911 1 0.007493734359741211
1 0 6912 1 0.007511138916015625
1 0 6913 1 0.0074977874755859375
1 0 6914 1 0.0075016021728515625
1 0 6915 1 0.00750732421875
1 0 6916 1 0.007511615753173828
1 0 6917 1 0.007506847381591797
1 0 6918 1 0.007519721984863281
1 0 6919 1 0.007521390914916992
1 0 6920 1 0.007517576217651367
1 0 6921 1 0.007538318634033203
1 0 6922 1 0.007505178451538086
1 0 6923 1 0.007496833801269531
1 0 6924 1 0.007524251937866211
1 0 6925 1 0.007501840591430664
1 0 6926 1 0.007500410079956055
1 0 6927 1 0.007505893707275391
1 0 6928 1 0.0075337886810302734
1 0 6929 1 0.007505655288696289
1 0 6930 1 0.00750279426574707
1 0 6931 1 0.007512569427490234
1 0 6932 1 0.007502555847167969
1 0 6933 1 0.007502317428588867
1 0 6934 1 0.007636070251464844
1 0 6935 1 0.007505893707275391
1 0 6936 1 0.007513284683227539
1 0 6937 1 0.007519245147705078
1 0 6938 1 0.007524728775024414
1 0 6939 1 0.0075075626373291016
1 0 6940 1 0.007505178451538086
1 0 6941 1 0.00751805305480957
1 0 6942 1 0.0075054168701171875
1 0 6943 1 0.0074999332427978516
1 0 6944 1 0.007508993148803711
1 0 6945 1 0.007515668869018555
1 0 6946 1 0.0075190067291259766
1 0 6947 1 0.007516384124755859
1 0 6948 1 0.007513284683227539
1 0 6949 1 0.00749516487121582
1 0 6950 1 0.00749516487121582
1 0 6951 1 0.007523536682128906
1 0 6952 1 0.007513761520385742
1 0 6953 1 0.007498025894165039
1 0 6954 1 0.007496833801269531
1 0 6955 1 0.007492542266845703
1 0 6956 1 0.007516384124755859
1 0 6957 1 0.0075109004974365234
1 0 6958 1 0.007523536682128906
1 0 6959 1 0.0075266361236572266
1 0 6960 1 0.007537364959716797
1 0 6961 1 0.007515430450439453
1 0 6962 1 0.007511615753173828
1 0 6963 1 0.007526397705078125
1 0 6964 1 0.007508993148803711
1 0 6965 1 0.007498741149902344
1 0 6966 1 0.007512807846069336
1 0 6967 1 0.007509708404541016
1 0 6968 1 0.00748896598815918
1 0 6969 1 0.007503032684326172
1 0 6970 1 0.007515907287597656
1 0 6971 1 0.007508993148803711
1 0 6972 1 0.007498025894165039
1 0 6973 1 0.007503509521484375
1 0 6974 1 0.007662057876586914
1 0 6975 1 0.007524967193603516
1 0 6976 1 0.0075225830078125
1 0 6977 1 0.007517814636230469
1 0 6978 1 0.007523059844970703
1 0 6979 1 0.007513523101806641
1 0 6980 1 0.0075092315673828125
1 0 6981 1 0.007503986358642578
1 0 6982 1 0.0075225830078125
1 0 6983 1 0.007513761520385742
1 0 6984 1 0.007519245147705078
1 0 6985 1 0.007541656494140625
1 0 6986 1 0.007536649703979492
1 0 6987 1 0.0075075626373291016
1 0 6988 1 0.007500171661376953
1 0 6989 1 0.007501840591430664
1 0 6990 1 0.00756525993347168
1 0 6991 1 0.007632017135620117
1 0 6992 1 0.007569551467895508
1 0 6993 1 0.00751948356628418
1 0 6994 1 0.007519721984863281
1 0 6995 1 0.007531404495239258
1 0 6996 1 0.007518768310546875
1 0 6997 1 0.007540225982666016
1 0 6998 1 0.0075228214263916016
1 0 6999 1 0.0075185298919677734
1 0 7000 1 0.007514476776123047
1 0 7001 1 0.007527828216552734
1 0 7002 1 0.007520198822021484
1 0 7003 1 0.007500648498535156
1 0 7004 1 0.007519960403442383
1 0 7005 1 0.007525920867919922
1 0 7006 1 0.007511615753173828
1 0 7007 1 0.0075185298919677734
1 0 7008 1 0.007505655288696289
1 0 7009 1 0.0075032711029052734
1 0 7010 1 0.007523298263549805
1 0 7011 1 0.007503032684326172
1 0 7012 1 0.00751042366027832
1 0 7013 1 0.00750422477722168
1 0 7014 1 0.007642984390258789
1 0 7015 1 0.007535219192504883
1 0 7016 1 0.007512569427490234
1 0 7017 1 0.007512807846069336
1 0 7018 1 0.007505893707275391
1 0 7019 1 0.007535457611083984
1 0 7020 1 0.0075070858001708984
1 0 7021 1 0.007517576217651367
1 0 7022 1 0.0075130462646484375
1 0 7023 1 0.007517814636230469
1 0 7024 1 0.007513284683227539
1 0 7025 1 0.007513761520385742
1 0 7026 1 0.007506847381591797
1 0 7027 1 0.0074994564056396484
1 0 7028 1 0.007521867752075195
1 0 7029 1 0.00749969482421875
1 0 7030 1 0.007524728775024414
1 0 7031 1 0.007521867752075195
1 0 7032 1 0.007527351379394531
1 0 7033 1 0.007518291473388672
1 0 7034 1 0.007503986358642578
1 0 7035 1 0.00750732421875
1 0 7036 1 0.007498025894165039
1 0 7037 1 0.007519960403442383
1 0 7038 1 0.007519245147705078
1 0 7039 1 0.0075223445892333984
1 0 7040 1 0.00751948356628418
1 0 7041 1 0.007512092590332031
1 0 7042 1 0.007519721984863281
1 0 7043 1 0.007514238357543945
1 0 7044 1 0.007516145706176758
1 0 7045 1 0.007517099380493164
1 0 7046 1 0.007517099380493164
1 0 7047 1 0.007511615753173828
1 0 7048 1 0.007494211196899414
1 0 7049 1 0.007503509521484375
1 0 7050 1 0.007521152496337891
1 0 7051 1 0.007520437240600586
1 0 7052 1 0.007518291473388672
1 0 7053 1 0.007524013519287109
1 0 7054 1 0.007638216018676758
1 0 7055 1 0.007517099380493164
1 0 7056 1 0.0075130462646484375
1 0 7057 1 0.007534027099609375
1 0 7058 1 0.007524013519287109
1 0 7059 1 0.0075070858001708984
1 0 7060 1 0.007500886917114258
1 0 7061 1 0.007498264312744141
1 0 7062 1 0.007513523101806641
1 0 7063 1 0.007511615753173828
1 0 7064 1 0.007515668869018555
1 0 7065 1 0.0075075626373291016
1 0 7066 1 0.007530927658081055
1 0 7067 1 0.007517099380493164
1 0 7068 1 0.007513999938964844
1 0 7069 1 0.007510662078857422
1 0 7070 1 0.007538318634033203
1 0 7071 1 0.007524251937866211
1 0 7072 1 0.007502079010009766
1 0 7073 1 0.0075321197509765625
1 0 7074 1 0.007512092590332031
1 0 7075 1 0.00751042366027832
1 0 7076 1 0.00751805305480957
1 0 7077 1 0.0075206756591796875
1 0 7078 1 0.007506608963012695
1 0 7079 1 0.007511138916015625
1 0 7080 1 0.0075037479400634766
1 0 7081 1 0.007511615753173828
1 0 7082 1 0.007513761520385742
1 0 7083 1 0.0075495243072509766
1 0 7084 1 0.007550954818725586
1 0 7085 1 0.007504701614379883
1 0 7086 1 0.0075185298919677734
1 0 7087 1 0.007511138916015625
1 0 7088 1 0.007512807846069336
1 0 7089 1 0.00751042366027832
1 0 7090 1 0.0075113773345947266
1 0 7091 1 0.007530689239501953
1 0 7092 1 0.007524251937866211
1 0 7093 1 0.0075130462646484375
1 0 7094 1 0.007628917694091797
1 0 7095 1 0.007542133331298828
1 0 7096 1 0.0075359344482421875
1 0 7097 1 0.007537364959716797
1 0 7098 1 0.007520914077758789
1 0 7099 1 0.007516622543334961
1 0 7100 1 0.007534980773925781
1 0 7101 1 0.007520914077758789
1 0 7102 1 0.007509946823120117
1 0 7103 1 0.007510662078857422
1 0 7104 1 0.007504463195800781
1 0 7105 1 0.0075223445892333984
1 0 7106 1 0.0075304508209228516
1 0 7107 1 0.007531404495239258
1 0 7108 1 0.007519721984863281
1 0 7109 1 0.007508516311645508
1 0 7110 1 0.007533550262451172
1 0 7111 1 0.007515430450439453
1 0 7112 1 0.0075206756591796875
1 0 7113 1 0.0075225830078125
1 0 7114 1 0.0075054168701171875
1 0 7115 1 0.0075261592864990234
1 0 7116 1 0.007518768310546875
1 0 7117 1 0.007529020309448242
1 0 7118 1 0.007508993148803711
1 0 7119 1 0.008423089981079102
0 1 0 6181 0.010384559631347656
1 2 6181 6264 0.47736191749572754
3 3 12450 8192 0.23259401321411133
5 3 20644 8192 0.23750853538513184
7 3 28842 8192 0.25308728218078613
9 3 37036 8192 0.24728775024414062
11 2 45230 8192 0.2613978385925293
12 2 53424 8192 0.24604249000549316
13 3 61620 8192 0.2413802146911621
15 3 69814 8192 0.24718189239501953
17 3 78008 8192 0.2507307529449463
19 2 86202 8192 0.24292588233947754
20 3 94397 8192 0.24291443824768066
22 3 102593 8192 0.242478609085083
24 5 110789 8192 0.4348127841949463
28 2 118984 8192 0.26297450065612793
29 3 127180 8192 0.24869203567504883
31 3 135376 8192 0.23438096046447754
33 2 143570 8192 0.2591986656188965
34 3 156791 8192 0.2664797306060791
36 5 164991 8192 0.2406923770904541
40 3 173186 8192 0.2374100685119629
42 4 181381 8192 0.24042487144470215
45 2 189575 8192 0.2485804557800293
46 3 197769 8192 0.2608070373535156
48 3 205963 8192 0.24441218376159668
50 4 214158 8192 0.24880290031433105
53 2 222351 8192 0.24762582778930664
54 3 230545 8192 0.25492072105407715
56 3 238739 8192 0.25000953674316406
58 3 246933 8192 0.2654995918273926
60 2 255126 8192 0.25432682037353516
61 5 263322 8192 0.25247693061828613
65 2 271515 8192 0.2530708312988281
66 3 279707 8192 0.25978899002075195
68 3 287900 8192 0.2508399486541748
70 4 296092 8192 0.2566494941711426
73 2 304292 8192 0.25567078590393066
74 3 312500 8192 0.2567451000213623
76 2 320700 8192 0.2740311622619629
77 3 328908 8192 0.26393771171569824
79 3 337103 8192 0.26682519912719727
81 4 345301 8192 0.24591803550720215
84 2 353495 8192 0.27484750747680664
85 4 361690 8192 0.2539362907409668
88 4 369888 8192 0.25510573387145996
91 2 378093 8192 0.27799510955810547
92 2 386289 8192 0.2771151065826416
93 3 394487 8192 0.2599360942840576
95 1 402679 1149 0.06297564506530762
96 0 403924 96 0.04517674446105957
96 0 404020 96 0.04384446144104004
96 0 404116 96 0.04300713539123535
96 0 404212 96 0.04285717010498047
96 0 404308 96 0.04288220405578613
96 0 404404 96 0.04283308982849121
96 0 404500 96 0.042958736419677734
96 0 404596 96 0.042943477630615234
96 0 404692 96 0.042870521545410156
96 0 404788 96 0.04253387451171875
96 0 404884 96 0.042678117752075195
96 0 404980 96 0.04284238815307617
96 0 405076 96 0.04273557662963867
96 0 405172 96 0.04275631904602051
96 0 405268 96 0.04285740852355957
96 0 405364 96 0.04278850555419922
96 0 405460 96 0.042766571044921875
96 0 405556 96 0.0427398681640625
96 0 405652 96 0.04272747039794922
96 0 405748 96 0.042783260345458984
96 0 405844 96 0.04282879829406738
96 0 405940 96 0.04284334182739258
96 0 406036 96 0.042737722396850586
96 0 406132 96 0.04274296760559082
96 0 406228 96 0.04285311698913574
96 0 406324 96 0.042836904525756836
96 0 406420 96 0.042903900146484375
96 0 406516 96 0.042873382568359375
96 0 406612 96 0.042879581451416016
96 0 406708 96 0.04288458824157715
96 0 406804 96 0.04284262657165527
96 0 406900 96 0.042836666107177734
96 0 406996 96 0.04288983345031738
96 0 407092 96 0.04282522201538086
96 0 407188 96 0.04295992851257324
96 0 407284 96 0.043027639389038086
96 0 407380 96 0.042951345443725586
96 0 407476 96 0.042975664138793945
96 0 407572 96 0.0429987907409668
96 0 407668 96 0.042951107025146484
96 0 407764 96 0.043061017990112305
96 0 407860 96 0.04297828674316406
96 0 407956 96 0.04294753074645996
96 0 408052 96 0.043053388595581055
96 0 408148 96 0.04297900199890137
96 0 408244 96 0.042966365814208984
96 0 408340 96 0.04303288459777832
96 0 408436 96 0.04300093650817871
96 0 408532 96 0.04306650161743164
96 0 408628 96 0.04307270050048828
96 0 408724 96 0.04303884506225586
96 0 408820 96 0.0430448055267334
96 0 408916 96 0.04308462142944336
96 0 409012 96 0.04302859306335449
96 0 409108 96 0.04320955276489258
96 0 409204 96 0.04314613342285156
96 0 409300 96 0.043108463287353516
96 0 409396 96 0.04306483268737793
96 0 409492 96 0.04308271408081055
96 0 409588 96 0.043138742446899414
96 0 409684 96 0.043035268783569336
96 0 409780 96 0.04315543174743652
96 0 409876 96 0.04321861267089844
96 0 409972 96 0.043184518814086914
96 0 410068 96 0.04315662384033203
96 0 410164 96 0.0431210994720459
96 0 410260 96 0.043112993240356445
96 0 410356 96 0.04314374923706055
96 0 410452 96 0.043192386627197266
96 0 410548 96 0.043172597885131836
96 0 410644 96 0.043134212493896484
96 0 410740 96 0.043231964111328125
96 0 410836 96 0.04326629638671875
96 0 410932 96 0.04322314262390137
96 0 411028 96 0.04323577880859375
96 0 411124 96 0.0432276725769043
96 0 411220 96 0.04320883750915527
96 0 411316 96 0.04332113265991211
96 0 411412 96 0.04323744773864746
96 0 411508 96 0.043712615966796875
95 0 406471 95 0.0433347225189209
95 2 406475 8192 0.26779699325561523
96 1 414667 3675 0.14373207092285156
97 0 418439 97 0.04349923133850098
97 0 418536 97 0.04146432876586914
96 0 416176 96 0.04371142387390137
96 0 416272 96 0.043866872787475586
96 0 416368 96 0.043727874755859375
96 0 416464 96 0.043591976165771484
96 0 416560 96 0.043540000915527344
96 0 416656 96 0.04343128204345703
96 0 416752 96 0.043317556381225586
96 0 416848 96 0.04340982437133789
96 0 416944 96 0.043402910232543945
96 0 417040 96 0.043402671813964844
96 0 417136 96 0.04347825050354004
96 0 417232 96 0.043561458587646484
96 0 417328 96 0.04356122016906738
96 0 417424 96 0.04352259635925293
96 0 417520 96 0.04350590705871582
96 0 417616 96 0.04353213310241699
96 0 417712 96 0.04351019859313965
96 0 417808 96 0.04352116584777832
96 0 417904 96 0.043546199798583984
96 0 418000 96 0.043512582778930664
96 0 418096 96 0.04354381561279297
96 0 418192 96 0.04357290267944336
96 0 418288 96 0.04352879524230957
96 0 418384 96 0.04352521896362305
96 0 418480 96 0.043640851974487305
96 0 418576 96 0.04365372657775879
96 0 418672 96 0.04359269142150879
96 0 418768 96 0.04367971420288086
96 0 418864 96 0.04368782043457031
96 0 418960 96 0.043732404708862305
96 0 419056 96 0.0437159538269043
96 0 419152 96 0.04368853569030762
96 0 419248 96 0.0435791015625
96 0 419344 96 0.04369044303894043
96 0 419440 96 0.044028282165527344
95 0 416868 95 0.043700218200683594
95 1 416870 4962 0.17911696434020996
96 0 421928 96 0.04604983329772949
96 0 422024 96 0.04468226432800293
95 0 414335 95 0.04401278495788574
95 1 414337 1794 0.07986783981323242
96 0 416227 96 0.04546499252319336
96 0 416323 96 0.0441281795501709
96 0 416419 96 0.04396867752075195
96 0 416515 96 0.0440363883972168
96 0 416611 96 0.044005632400512695
96 0 416707 96 0.04399871826171875
96 0 416803 96 0.04404878616333008
96 0 416899 96 0.04387927055358887
96 0 416995 96 0.04379010200500488
96 0 417091 96 0.04381442070007324
96 0 417187 96 0.043672800064086914
96 0 417283 96 0.044051408767700195
95 0 415939 95 0.03989243507385254
95 1 415943 1277 0.05741071701049805
96 0 417316 96 0.04182791709899902
96 0 417412 96 0.040273189544677734
96 0 417508 96 0.0398709774017334
96 0 417604 96 0.03981518745422363
96 0 417700 96 0.03978991508483887
96 0 417796 96 0.03988242149353027
96 0 417892 96 0.03998136520385742
96 0 417988 96 0.0399937629699707
96 0 418084 96 0.039891719818115234
96 0 418180 96 0.03971147537231445
96 0 418276 96 0.0396730899810791
96 0 418372 96 0.03976893424987793
96 0 418468 96 0.039752960205078125
96 0 418564 96 0.03983879089355469
96 0 418660 96 0.03983640670776367
96 0 418756 96 0.03983783721923828
96 0 418852 96 0.0399014949798584
96 0 418948 96 0.03978776931762695
96 0 419044 96 0.040087223052978516
95 0 417195 95 0.039887189865112305
95 1 417197 7595 0.2671549320220947
96 0 424888 96 0.04390311241149902
96 0 424984 96 0.042489051818847656
96 0 425080 96 0.04226851463317871
96 0 425176 96 0.04223012924194336
96 0 425272 96 0.04214906692504883
96 0 425368 96 0.042211294174194336
96 0 425464 96 0.042238712310791016
96 0 425560 96 0.04214215278625488
96 0 425656 96 0.04192805290222168
96 0 425752 96 0.041980743408203125
96 0 425848 96 0.042643070220947266
95 0 417718 95 0.04051661491394043
95 1 417722 4220 0.15206217765808105
96 0 422038 96 0.042531490325927734
96 0 422134 96 0.041292428970336914
96 0 422230 96 0.0408480167388916
96 0 422326 96 0.04071378707885742
96 0 422422 96 0.04068613052368164
96 0 422518 96 0.04229903221130371
96 0 422614 96 0.04107332229614258
96 0 422710 96 0.04106450080871582
96 0 422806 96 0.04063844680786133
96 0 422902 96 0.04056596755981445
96 0 422998 96 0.04061293601989746
96 0 423094 96 0.04062080383300781
96 0 423190 96 0.04063820838928223
96 0 423286 96 0.040578603744506836
96 0 423382 96 0.040663719177246094
96 0 423478 96 0.04077625274658203
96 0 423574 96 0.040686607360839844
96 0 423670 96 0.040610551834106445
96 0 423766 96 0.040665626525878906
96 0 423862 96 0.040611982345581055
96 0 423958 96 0.04070281982421875
96 0 424054 96 0.040854692459106445
96 0 424150 96 0.0406951904296875
96 0 424246 96 0.04074549674987793
96 0 424342 96 0.040932655334472656
95 0 422957 95 0.0406494140625
95 0 423052 95 0.04079747200012207
95 0 423147 95 0.04067420959472656
95 0 423242 95 0.040639638900756836
95 0 423337 95 0.04061007499694824
95 0 423432 95 0.040618896484375
95 0 423527 95 0.04070115089416504
95 0 423622 95 0.040628671646118164
95 0 423717 95 0.04054069519042969
95 0 423812 95 0.04058432579040527
95 0 423907 95 0.04058527946472168
95 0 424002 95 0.04069781303405762
95 0 424097 95 0.04069089889526367
95 0 424192 95 0.04064154624938965
95 0 424287 95 0.04070591926574707
95 0 424382 95 0.04071855545043945
95 0 424477 95 0.04074668884277344
95 0 424572 95 0.0416104793548584
93 0 412799 93 0.03716230392456055
93 2 412804 8192 0.26724958419799805
94 2 420998 4370 0.15929198265075684
96 0 425464 96 0.040936946868896484
96 0 425560 96 0.0394899845123291
96 0 425656 96 0.03955364227294922
95 0 422797 95 0.03986048698425293
95 1 422798 6097 0.2136855125427246
95 0 426218 95 0.03955197334289551
95 0 426313 95 0.03791642189025879
95 0 426408 95 0.03778481483459473
95 0 426503 95 0.03780937194824219
95 0 426598 95 0.037806034088134766
95 0 426693 95 0.03784823417663574
95 0 426788 95 0.03781747817993164
95 0 426883 95 0.03780007362365723
95 0 426978 95 0.03757119178771973
95 0 427073 95 0.03752470016479492
95 0 427168 95 0.03755640983581543
95 0 427263 95 0.0382843017578125
94 0 420223 94 0.04078388214111328
94 1 420226 7779 0.27245140075683594
95 0 428100 95 0.04030132293701172
95 0 428195 95 0.03899645805358887
95 0 428290 95 0.038611650466918945
95 0 428385 95 0.03852438926696777
95 0 428480 95 0.03853940963745117
95 0 428575 95 0.03848767280578613
95 0 428670 95 0.03858232498168945
95 0 428765 95 0.038603782653808594
95 0 428860 95 0.038686275482177734
95 0 428955 95 0.03859972953796387
95 0 429050 95 0.038437604904174805
95 0 429145 95 0.03875303268432617
94 0 427441 94 0.04213547706604004
94 1 427444 1573 0.07666897773742676
95 0 429112 95 0.04415082931518555
95 0 429207 95 0.04340839385986328
94 0 423345 94 0.04099225997924805
93 2 419526 8191 0.28044986724853516
94 1 427717 1992 0.08866095542907715
95 0 429804 95 0.04453110694885254
95 0 429899 95 0.043297529220581055
95 0 429994 95 0.04224085807800293
95 0 430089 95 0.04229235649108887
95 0 430184 95 0.04228520393371582
95 0 430279 95 0.04273867607116699
94 0 426095 94 0.041075706481933594
94 1 426096 3916 0.13919568061828613
95 0 430107 95 0.04292654991149902
95 0 430202 95 0.04165816307067871
95 0 430297 95 0.041372060775756836
95 0 430392 95 0.041341304779052734
95 0 430487 95 0.04114365577697754
95 0 430582 95 0.04131937026977539
94 0 428959 94 0.042031049728393555
93 1 422035 2440 0.10000205039978027
94 0 424569 94 0.04107165336608887
94 0 424663 94 0.0395350456237793
94 0 424757 94 0.0390009880065918
94 0 424851 94 0.03907299041748047
94 0 424945 94 0.03897666931152344
94 0 425039 94 0.039009809494018555
94 0 425133 94 0.039038658142089844
94 0 425227 94 0.039238929748535156
94 0 425321 94 0.03916525840759277
94 0 425415 94 0.03883194923400879
94 0 425509 94 0.03891396522521973
94 0 425603 94 0.038925886154174805
94 0 425697 94 0.038871049880981445
94 0 425791 94 0.03916287422180176
94 0 425885 94 0.04012584686279297
92 0 411195 92 0.038349151611328125
92 2 411209 8192 0.27611875534057617
93 2 419408 8192 0.27062296867370605
94 1 427600 2183 0.1029970645904541
94 0 425784 94 0.042168378829956055
94 1 425791 3955 0.13915657997131348
95 0 429841 95 0.043047428131103516
95 0 429936 95 0.04144549369812012
95 0 430031 95 0.04181957244873047
95 0 430126 95 0.04082751274108887
95 0 430221 95 0.040886640548706055
95 0 430316 95 0.0417325496673584
95 0 430411 95 0.04095625877380371
95 0 430506 95 0.04099607467651367
95 0 430601 95 0.04162478446960449
95 0 430696 95 0.04092097282409668
95 0 430791 95 0.04073929786682129
95 0 430886 95 0.04111289978027344
95 0 430981 95 0.04082298278808594
95 0 431076 95 0.041298627853393555
94 0 425716 94 0.04161977767944336
94 1 425723 2782 0.10669589042663574
95 0 428600 95 0.046170949935913086
95 0 428695 95 0.04245281219482422
95 0 428790 95 0.04195666313171387
95 0 428885 95 0.042124032974243164
95 0 428980 95 0.041994571685791016
95 0 429075 95 0.04196524620056152
95 0 429170 95 0.04200482368469238
95 0 429265 95 0.04198741912841797
95 0 429360 95 0.04216814041137695
95 0 429455 95 0.04172348976135254
95 0 429550 95 0.04179120063781738
95 0 429645 95 0.04182720184326172
95 0 429740 95 0.041744232177734375
95 0 429835 95 0.042072296142578125
95 0 429930 95 0.04202723503112793
95 0 430025 95 0.04187726974487305
95 0 430120 95 0.042289018630981445
94 0 426035 94 0.03998303413391113
94 1 426042 6646 0.23371243476867676
95 0 432783 95 0.044936418533325195
95 0 432878 95 0.04284071922302246
95 0 432973 95 0.04227852821350098
95 0 433068 95 0.042389631271362305
94 0 428551 94 0.04174494743347168
94 0 428645 94 0.04268693923950195
94 0 428739 94 0.04204821586608887
94 0 428833 94 0.0418243408203125
94 0 428927 94 0.04246044158935547
94 0 429021 94 0.04161858558654785
94 0 429115 94 0.04160118103027344
94 0 429209 94 0.04216289520263672
94 0 429303 94 0.04153561592102051
94 0 429397 94 0.04151153564453125
94 0 429491 94 0.04224395751953125
94 0 429585 94 0.04146432876586914
94 0 429679 94 0.041619062423706055
94 0 429773 94 0.04223012924194336
94 0 429867 94 0.0415036678314209
94 0 429961 94 0.04145169258117676
94 0 430055 94 0.04187345504760742
94 0 430149 94 0.04167509078979492
94 0 430243 94 0.04167914390563965
94 0 430337 94 0.04196286201477051
94 0 430431 94 0.04146242141723633
94 0 430525 94 0.0415654182434082
94 0 430619 94 0.04180002212524414
94 0 430713 94 0.04163837432861328
94 0 430807 94 0.04160356521606445
94 0 430901 94 0.0417020320892334
94 0 430995 94 0.041820526123046875
94 0 431089 94 0.04184412956237793
94 0 431183 94 0.041693925857543945
94 0 431277 94 0.04160046577453613
94 0 431371 94 0.04162454605102539
94 0 431465 94 0.042128562927246094
93 0 427431 93 0.03973793983459473
93 1 427437 6467 0.22697210311889648
94 0 433998 94 0.046421051025390625
94 0 434092 94 0.043992042541503906
94 0 434186 94 0.043607234954833984
94 0 434280 94 0.04338431358337402
94 0 434374 94 0.04336738586425781
94 0 434468 94 0.04330921173095703
94 0 434562 94 0.04343771934509277
94 0 434656 94 0.04349398612976074
94 0 434750 94 0.04392814636230469
93 0 429525 93 0.038605690002441406
93 1 429530 6469 0.22995734214782715
94 0 436093 94 0.042612314224243164
94 0 436187 94 0.040613412857055664
94 0 436281 94 0.040686607360839844
94 0 436375 94 0.03995323181152344
94 0 436469 94 0.03994154930114746
94 0 436563 94 0.03989243507385254
94 0 436657 94 0.03987383842468262
94 0 436751 94 0.039812564849853516
94 0 436845 94 0.03972983360290527
94 0 436939 94 0.03978419303894043
94 0 437033 94 0.04027605056762695
94 0 437127 94 0.0397031307220459
94 0 437221 94 0.03972434997558594
94 0 437315 94 0.03963065147399902
94 0 437409 94 0.03970146179199219
94 0 437503 94 0.03976130485534668
94 0 437597 94 0.039602041244506836
94 0 437691 94 0.03998160362243652
93 0 433367 93 0.038535118103027344
93 0 433460 93 0.03914642333984375
93 0 433553 93 0.038826942443847656
93 0 433646 93 0.03875112533569336
93 0 433739 93 0.03896284103393555
92 0 428991 92 0.03901171684265137
92 1 428995 7598 0.2674579620361328
93 0 436686 93 0.04478907585144043
92 0 432829 92 0.04232907295227051
91 3 424632 8191 0.25612640380859375
91 2 427642 7933 0.27537083625793457
93 0 435668 93 0.04406404495239258
93 0 435761 93 0.041670799255371094
93 0 435854 93 0.04161357879638672
92 0 432669 92 0.04277324676513672
92 0 432761 92 0.04309892654418945
92 0 432853 92 0.043004751205444336
92 0 432945 92 0.04287242889404297
92 0 433037 92 0.04266691207885742
92 0 433129 92 0.04271888732910156
92 0 433221 92 0.04270792007446289
92 0 433313 92 0.04265022277832031
92 0 433405 92 0.04285907745361328
92 0 433497 92 0.043176889419555664
91 0 428361 91 0.04185128211975098
91 1 428367 7258 0.25544309616088867
92 0 435717 92 0.04608440399169922
92 0 435809 92 0.0449528694152832
91 0 430190 91 0.04228997230529785
91 1 430195 8081 0.28704380989074707
92 0 438368 92 0.04534649848937988
92 0 438460 92 0.04416370391845703
92 0 438552 92 0.044432878494262695
92 0 438644 92 0.043611764907836914
92 0 438736 92 0.043657779693603516
92 0 438828 92 0.04375600814819336
92 0 438920 92 0.0436558723449707
92 0 439012 92 0.04380345344543457
92 0 439104 92 0.04349350929260254
92 0 439196 92 0.04348349571228027
92 0 439288 92 0.04361724853515625
92 0 439380 92 0.043604373931884766
92 0 439472 92 0.04420328140258789
92 0 439564 92 0.043663978576660156
91 0 438168 91 0.04407191276550293
91 0 438259 91 0.04450058937072754
91 0 438350 91 0.04443812370300293
91 0 438441 91 0.04438281059265137
91 0 438532 91 0.044220685958862305
91 0 438623 91 0.044132232666015625
91 0 438714 91 0.04414200782775879
91 0 438805 91 0.0448613166809082
91 0 438896 91 0.04445385932922363
91 0 438987 91 0.0442814826965332
91 0 439078 91 0.04481673240661621
90 0 433455 90 0.04162859916687012
90 1 433462 1833 0.08189630508422852
91 0 435386 91 0.046678781509399414
91 0 435477 91 0.045081138610839844
91 0 435568 91 0.04446268081665039
91 0 435659 91 0.04498863220214844
90 0 429113 90 0.04416942596435547
90 2 429122 6304 0.2057657241821289
92 0 435518 92 0.04620051383972168
92 0 435610 92 0.04470467567443848
92 0 435702 92 0.0443120002746582
92 0 435794 92 0.04498791694641113
90 0 425860 90 0.04223752021789551
90 2 425868 8192 0.28456783294677734
91 1 434060 2503 0.10220217704772949
92 0 436655 92 0.04400777816772461
92 0 436747 92 0.04295611381530762
92 0 436839 92 0.04269123077392578
92 0 436931 92 0.04265093803405762
92 0 437023 92 0.042530059814453125
92 0 437115 92 0.04263877868652344
92 0 437207 92 0.042684078216552734
92 0 437299 92 0.04263782501220703
92 0 437391 92 0.04315042495727539
92 0 437483 92 0.04264712333679199
92 0 437575 92 0.042554616928100586
92 0 437667 92 0.04393315315246582
91 0 430215 91 0.04251456260681152
91 1 430221 6703 0.2370145320892334
92 0 437016 92 0.045105934143066406
92 0 437108 92 0.04349780082702637
92 0 437200 92 0.043592214584350586
91 0 435273 91 0.041536569595336914
91 1 435278 4671 0.168654203414917
92 0 440041 92 0.042833566665649414
91 0 437702 91 0.046362876892089844
90 1 432469 7194 0.2555553913116455
91 0 439754 91 0.04816913604736328
90 0 436970 90 0.044733285903930664
90 0 437060 90 0.04424023628234863
90 0 437150 90 0.04429006576538086
90 0 437240 90 0.044181108474731445
90 0 437330 90 0.04488873481750488
90 0 437420 90 0.044339656829833984
89 0 434359 89 0.042642831802368164
89 0 434448 89 0.04275989532470703
89 0 434537 89 0.042680978775024414
89 0 434626 89 0.04262423515319824
89 0 434715 89 0.042619943618774414
89 0 434804 89 0.0425112247467041
89 0 434893 89 0.04263782501220703
89 0 434982 89 0.04247403144836426
89 0 435071 89 0.04240536689758301
89 0 435160 89 0.04312396049499512
89 0 435249 89 0.04254436492919922
89 0 435338 89 0.04265952110290527
89 0 435427 89 0.04298591613769531
89 0 435516 89 0.04253435134887695
89 0 435605 89 0.04254317283630371
89 0 435694 89 0.042922019958496094
88 0 433348 88 0.04127764701843262
88 1 433349 7097 0.24768829345703125
89 0 440535 89 0.04483294486999512
88 0 433069 88 0.042999267578125
87 3 426119 8191 0.2549102306365967
89 2 434313 5189 0.19228053092956543
91 0 439593 91 0.04423069953918457
91 0 439684 91 0.04241657257080078
91 0 439775 91 0.04172921180725098
91 0 439866 91 0.041638851165771484
91 0 439957 91 0.04160284996032715
91 0 440048 91 0.04228830337524414
91 0 440139 91 0.04173684120178223
91 0 440230 91 0.041796207427978516
91 0 440321 91 0.04244542121887207
91 0 440412 91 0.0414280891418457
91 0 440503 91 0.041365861892700195
91 0 440594 91 0.04200291633605957
91 0 440685 91 0.041492462158203125
91 0 440776 91 0.04240131378173828
89 0 429330 89 0.042003631591796875
89 2 429335 6302 0.20748305320739746
91 0 435728 91 0.044089555740356445
91 0 435819 91 0.04206061363220215
91 0 435910 91 0.04169964790344238
91 0 436001 91 0.04144906997680664
91 0 436092 91 0.04137849807739258
91 0 436183 91 0.04147052764892578
91 0 436274 91 0.04145359992980957
91 0 436365 91 0.041588544845581055
91 0 436456 91 0.04150867462158203
91 0 436547 91 0.04131770133972168
91 0 436638 91 0.041170358657836914
91 0 436729 91 0.041188955307006836
91 0 436820 91 0.04120159149169922
91 0 436911 91 0.041268110275268555
91 0 437002 91 0.04128003120422363
91 0 437093 91 0.04129958152770996
91 0 437184 91 0.04174971580505371
90 0 434348 90 0.043192386627197266
90 1 434354 4656 0.16986417770385742
91 0 439101 91 0.04828619956970215
91 0 439192 91 0.043982744216918945
91 0 439283 91 0.04362630844116211
91 0 439374 91 0.04405570030212402
90 0 432809 90 0.0422062873840332
90 1 432811 6280 0.22315740585327148
91 0 439182 91 0.044152259826660156
91 0 439273 91 0.04330110549926758
91 0 439364 91 0.042410850524902344
91 0 439455 91 0.04236745834350586
91 0 439546 91 0.043022871017456055
91 0 439637 91 0.042270660400390625
91 0 439728 91 0.042268991470336914
91 0 439819 91 0.04304218292236328
91 0 439910 91 0.04191923141479492
91 0 440001 91 0.0420072078704834
91 0 440092 91 0.04270362854003906
91 0 440183 91 0.04215407371520996
91 0 440274 91 0.04229307174682617
91 0 440365 91 0.042478322982788086
91 0 440456 91 0.04227256774902344
90 0 437238 90 0.04161357879638672
89 2 431751 8191 0.26311349868774414
90 1 439942 1866 0.09223556518554688
91 0 441899 91 0.04768013954162598
91 0 441990 91 0.04558873176574707
91 0 442081 91 0.04501175880432129
91 0 442172 91 0.04576563835144043
91 0 442263 91 0.045202016830444336
91 0 442354 91 0.045243024826049805
91 0 442445 91 0.045368194580078125
91 0 442536 91 0.04531550407409668
91 0 442627 91 0.04490327835083008
91 0 442718 91 0.04506659507751465
91 0 442809 91 0.045889854431152344
91 0 442900 91 0.04517793655395508
90 0 439477 90 0.042200326919555664
90 0 439567 90 0.04251503944396973
90 0 439657 90 0.042388916015625
90 0 439747 90 0.04238271713256836
90 0 439837 90 0.042801618576049805
89 0 437286 89 0.04189491271972656
89 1 437288 5093 0.18521952629089355
90 0 442471 90 0.04610753059387207
90 0 442561 90 0.04282116889953613
90 0 442651 90 0.04218912124633789
90 0 442741 90 0.04218244552612305
90 0 442831 90 0.04316258430480957
88 0 430488 88 0.04308915138244629
88 1 430490 8187 0.29088377952575684
89 0 438766 89 0.04388856887817383
89 0 438855 89 0.042528629302978516
89 0 438944 89 0.042731523513793945
89 0 439033 89 0.04191017150878906
89 0 439122 89 0.04187297821044922
89 0 439211 89 0.04199337959289551
89 0 439300 89 0.04208731651306152
89 0 439389 89 0.04201149940490723
89 0 439478 89 0.0419769287109375
89 0 439567 89 0.04175543785095215
89 0 439656 89 0.04184317588806152
89 0 439745 89 0.041818857192993164
89 0 439834 89 0.041701555252075195
89 0 439923 89 0.04172492027282715
89 0 440012 89 0.04194235801696777
89 0 440101 89 0.04199934005737305
89 0 440190 89 0.041764020919799805
89 0 440279 89 0.041991233825683594
89 0 440368 89 0.04212522506713867
88 0 435881 88 0.0413365364074707
88 1 435883 7530 0.26462411880493164
89 0 443502 89 0.04976058006286621
89 0 443591 89 0.044722557067871094
89 0 443680 89 0.044206857681274414
89 0 443769 89 0.044417619705200195
88 0 441708 88 0.043642282485961914
86 1 436394 8041 0.2846841812133789
87 0 444522 87 0.04270434379577637
86 0 440405 86 0.043361663818359375
86 1 440409 2637 0.10609841346740723
87 0 443133 87 0.047122955322265625
87 0 443220 87 0.04541015625
87 0 443307 87 0.04469108581542969
87 0 443394 87 0.04446744918823242
87 0 443481 87 0.044597625732421875
87 0 443568 87 0.04557228088378906
87 0 443655 87 0.04476118087768555
87 0 443742 87 0.044542551040649414
87 0 443829 87 0.044512271881103516
87 0 443916 87 0.044441938400268555
87 0 444003 87 0.044402122497558594
87 0 444090 87 0.04445981979370117
87 0 444177 87 0.04530954360961914
87 0 444264 87 0.044568538665771484
87 0 444351 87 0.04512739181518555
86 0 435903 86 0.04472517967224121
85 2 430585 8191 0.2785525321960449
86 1 438776 4938 0.18998146057128906
87 0 443801 87 0.044918060302734375
86 0 441660 86 0.045070648193359375
85 2 435999 8191 0.26391029357910156
86 1 444190 3020 0.13168740272521973
87 0 447297 87 0.045539140701293945
87 0 447384 87 0.04345989227294922
87 0 447471 87 0.0425870418548584
87 0 447558 87 0.042467594146728516
87 0 447645 87 0.04280424118041992
87 0 447732 87 0.04254508018493652
87 0 447819 87 0.04255962371826172
87 0 447906 87 0.04268646240234375
86 0 445422 86 0.04343461990356445
85 2 437406 8191 0.28612542152404785
86 1 445597 4292 0.1625816822052002
87 0 449976 87 0.04375028610229492
87 0 450063 87 0.04239606857299805
87 0 450150 87 0.04206061363220215
87 0 450237 87 0.042299747467041016
87 0 450324 87 0.042235374450683594
87 0 450411 87 0.04222297668457031
87 0 450498 87 0.04211759567260742
87 0 450585 87 0.04225444793701172
87 0 450672 87 0.04244422912597656
86 0 448656 86 0.041751861572265625
86 0 448742 86 0.041419029235839844
86 0 448828 86 0.04132533073425293
86 0 448914 86 0.041213274002075195
86 0 449000 86 0.041251182556152344
86 0 449086 86 0.04140877723693848
86 0 449172 86 0.0413053035736084
86 0 449258 86 0.04123830795288086
86 0 449344 86 0.041199684143066406
86 0 449430 86 0.041246652603149414
86 0 449516 86 0.04125261306762695
86 0 449602 86 0.041294097900390625
86 0 449688 86 0.04133129119873047
86 0 449774 86 0.041316986083984375
86 0 449860 86 0.0412900447845459
86 0 449946 86 0.041290283203125
86 0 450032 86 0.04141378402709961
86 0 450118 86 0.04197192192077637
85 0 442867 85 0.043074607849121094
85 1 442868 4967 0.18156790733337402
86 0 447921 86 0.04540610313415527
86 0 448007 86 0.04416298866271973
86 0 448093 86 0.04387497901916504
86 0 448179 86 0.04404306411743164
85 0 440195 85 0.04315018653869629
85 2 440198 7373 0.24168157577514648
87 0 447658 87 0.04503631591796875
87 0 447745 87 0.04367709159851074
87 0 447832 87 0.04318428039550781
87 0 447919 87 0.0432431697845459
87 0 448006 87 0.0431513786315918
87 0 448093 87 0.0451047420501709
87 0 448180 87 0.0441584587097168
85 0 436737 85 0.04127073287963867
85 4 436741 8192 0.24811482429504395
88 1 444933 411 0.04369235038757324
89 0 445433 89 0.04662489891052246
89 0 445522 89 0.046044111251831055
89 0 445611 89 0.04638504981994629
89 0 445700 89 0.04607796669006348
89 0 445789 89 0.04706931114196777
89 0 445878 89 0.04619312286376953
89 0 445967 89 0.04595351219177246
89 0 446056 89 0.045900583267211914
89 0 446145 89 0.04582977294921875
89 0 446234 89 0.04639434814453125
88 0 439301 88 0.041435956954956055
88 3 439304 8192 0.26722121238708496
90 1 447496 1727 0.08396315574645996
90 0 445106 90 0.044043779373168945
90 0 445196 90 0.04297804832458496
89 0 442546 89 0.042522430419921875
89 2 442549 7697 0.2581338882446289
91 0 450337 91 0.04671049118041992
91 0 450428 91 0.04432392120361328
91 0 450519 91 0.043463945388793945
91 0 450610 91 0.04340839385986328
91 0 450701 91 0.04332995414733887
91 0 450792 91 0.044100046157836914
91 0 450883 91 0.04334735870361328
91 0 450974 91 0.04331851005554199
91 0 451065 91 0.04371333122253418
91 0 451156 91 0.04326224327087402
90 0 448087 90 0.043566226959228516
89 1 442287 2502 0.10248923301696777
89 0 438922 89 0.045728445053100586
89 0 439011 89 0.04374432563781738
89 0 439100 89 0.04363107681274414
89 0 439189 89 0.04358649253845215
89 0 439278 89 0.04359030723571777
89 0 439367 89 0.04367876052856445
89 0 439456 89 0.044493913650512695
89 0 439545 89 0.04406929016113281
88 0 431316 88 0.04098367691040039
88 1 431317 8119 0.2863442897796631
89 0 439525 89 0.04549407958984375
89 0 439614 89 0.04423022270202637
89 0 439703 89 0.04442405700683594
88 0 435085 88 0.044928789138793945
88 1 435086 6601 0.23059606552124023
89 0 441776 89 0.04948878288269043
89 0 441865 89 0.04844951629638672
89 0 441954 89 0.04716825485229492
89 0 442043 89 0.047286033630371094
89 0 442132 89 0.04730558395385742
89 0 442221 89 0.04731893539428711
89 0 442310 89 0.04775857925415039
88 0 434200 88 0.043878793716430664
87 2 431298 8191 0.2600233554840088
88 1 439489 3456 0.14980387687683105
89 0 443034 89 0.049788713455200195
89 0 443123 89 0.04772448539733887
89 0 443212 89 0.04742026329040527
89 0 443301 89 0.04735112190246582
89 0 443390 89 0.04740762710571289
89 0 443479 89 0.04745292663574219
89 0 443568 89 0.047460079193115234
89 0 443657 89 0.04741692543029785
89 0 443746 89 0.04775500297546387
87 0 436280 87 0.042755126953125
87 1 436283 6811 0.24591708183288574
88 0 443182 88 0.04541277885437012
88 0 443270 88 0.04391956329345703
88 0 443358 88 0.043060302734375
88 0 443446 88 0.043428897857666016
87 0 439446 87 0.04603123664855957
87 1 439448 2323 0.09888529777526855
88 0 441859 88 0.04773855209350586
88 0 441947 88 0.04615616798400879
88 0 442035 88 0.04614686965942383
87 0 439989 87 0.04276919364929199
87 1 439991 4698 0.1711275577545166
88 0 444777 88 0.04544425010681152
87 0 442769 87 0.04326510429382324
87 1 442770 1537 0.07753610610961914
87 0 435850 87 0.04254722595214844
86 3 427739 8191 0.2524542808532715
88 3 435933 4929 0.17004632949829102
90 0 437314 90 0.04374098777770996
90 2 437320 7511 0.24225950241088867
92 0 444923 92 0.04664802551269531
92 0 445015 92 0.04456925392150879
92 0 445107 92 0.04404258728027344
92 0 445199 92 0.04398536682128906
92 0 445291 92 0.04395031929016113
92 0 445383 92 0.044036865234375
92 0 445475 92 0.0446171760559082
91 0 438752 91 0.042946577072143555
90 1 436770 7988 0.2844672203063965
90 0 438048 90 0.047027587890625
90 1 438050 6779 0.24054265022277832
91 0 444920 91 0.047713518142700195
91 0 445011 91 0.046869754791259766
90 0 438574 90 0.0460662841796875
90 0 438664 90 0.0461728572845459
90 0 438754 90 0.046128034591674805
90 0 438844 90 0.045926809310913086
90 0 438934 90 0.045844078063964844
90 0 439024 90 0.04570126533508301
90 0 439114 90 0.045686960220336914
90 0 439204 90 0.04578590393066406
90 0 439294 90 0.04598569869995117
89 0 436693 89 0.04646015167236328
88 2 429996 8191 0.2891099452972412
89 2 438190 5766 0.19483256340026855
91 0 444047 91 0.04891061782836914
91 0 444138 91 0.04649996757507324
91 0 444229 91 0.044838666915893555
91 0 444320 91 0.04457807540893555
91 0 444411 91 0.04454851150512695
91 0 444502 91 0.044443368911743164
91 0 444593 91 0.0443415641784668
91 0 444684 91 0.04436635971069336
91 0 444775 91 0.04503035545349121
91 0 444866 91 0.04420900344848633
91 0 444957 91 0.044860124588012695
90 0 438438 90 0.0423276424407959
90 1 438442 4121 0.15348172187805176
91 0 442654 91 0.044512033462524414
91 0 442745 91 0.04298543930053711
91 0 442836 91 0.042919158935546875
90 0 438407 90 0.04340672492980957
89 2 436345 7632 0.2504096031188965
91 0 444068 91 0.046732425689697266
91 0 444159 91 0.0448307991027832
91 0 444250 91 0.04453420639038086
91 0 444341 91 0.0444490909576416
91 0 444432 91 0.04432392120361328
91 0 444523 91 0.04519939422607422
90 0 442550 90 0.04319190979003906
90 0 442640 90 0.043175458908081055
90 0 442730 90 0.043193817138671875
90 0 442820 90 0.04316425323486328
90 0 442910 90 0.043637752532958984
90 0 443000 90 0.04316282272338867
90 0 443090 90 0.04347491264343262
89 0 438335 89 0.04417109489440918
89 2 438339 4896 0.1720738410949707
91 0 443326 91 0.0464482307434082
91 0 443417 91 0.04474782943725586
91 0 443508 91 0.04469799995422363
91 0 443599 91 0.04454755783081055
91 0 443690 91 0.04438519477844238
91 0 443781 91 0.04451584815979004
91 0 443872 91 0.04469156265258789
91 0 443963 91 0.045031070709228516
91 0 444054 91 0.0445101261138916
91 0 444145 91 0.04428720474243164
91 0 444236 91 0.0442507266998291
91 0 444327 91 0.044350385665893555
91 0 444418 91 0.044539690017700195
91 0 444509 91 0.044542789459228516
91 0 444600 91 0.04448056221008301
91 0 444691 91 0.04476571083068848
90 0 441747 90 0.04319190979003906
90 0 441837 90 0.04320168495178223
90 0 441927 90 0.043164730072021484
90 0 442017 90 0.0431978702545166
90 0 442107 90 0.04330635070800781
90 0 442197 90 0.04335641860961914
90 0 442287 90 0.04319357872009277
90 0 442377 90 0.043689727783203125
89 0 437179 89 0.04204893112182617
89 1 437180 6363 0.22543811798095703
90 0 443633 90 0.04502296447753906
90 0 443723 90 0.0436551570892334
90 0 443813 90 0.0433042049407959
90 0 443903 90 0.04315829277038574
90 0 443993 90 0.043325185775756836
90 0 444083 90 0.04346299171447754
90 0 444173 90 0.04342794418334961
90 0 444263 90 0.04330039024353027
90 0 444353 90 0.04322934150695801
90 0 444443 90 0.04379463195800781
89 0 437413 89 0.04123425483703613
89 1 437414 4305 0.15960216522216797
90 0 441809 90 0.04234766960144043
90 0 441899 90 0.04203224182128906
88 0 433106 88 0.04021000862121582
88 2 433107 8192 0.26778292655944824
89 1 441299 2502 0.10994482040405273
90 0 443891 90 0.04541134834289551
89 0 435515 89 0.043570518493652344
89 1 435519 5123 0.1847975254058838
90 0 440732 90 0.046434879302978516
90 0 440822 90 0.04401230812072754
90 0 440912 90 0.043215274810791016
90 0 441002 90 0.04361391067504883
89 0 438892 89 0.04210615158081055
89 1 438895 5793 0.20617890357971191
89 0 437122 89 0.04528069496154785
89 1 437124 1740 0.08109903335571289
90 0 438954 90 0.044913291931152344
90 0 439044 90 0.04359030723571777
90 0 439134 90 0.043618202209472656
88 0 431912 88 0.04178142547607422
88 2 431916 8192 0.2703099250793457
89 1 440108 2868 0.12067627906799316
90 0 443066 90 0.04297614097595215
90 0 443156 90 0.04152059555053711
90 0 443246 90 0.04146099090576172
89 0 441478 89 0.04261469841003418
89 1 441481 1582 0.07788372039794922
90 0 443153 90 0.043384552001953125
90 0 443243 90 0.04280567169189453
90 0 443333 90 0.04254746437072754
90 0 443423 90 0.042594194412231445
90 0 443513 90 0.042578935623168945
90 0 443603 90 0.0434725284576416
88 0 432125 88 0.040833234786987305
87 2 429645 8191 0.26231932640075684
88 1 437836 1239 0.06712150573730469
89 0 439164 89 0.045389652252197266
88 0 437663 88 0.040682315826416016
88 1 437665 7611 0.2689094543457031
89 0 445365 89 0.04740548133850098
89 0 445454 89 0.045001983642578125
89 0 445543 89 0.044690608978271484
89 0 445632 89 0.044692277908325195
89 0 445721 89 0.04463815689086914
89 0 445810 89 0.04488086700439453
89 0 445899 89 0.04490232467651367
89 0 445988 89 0.044736623764038086
89 0 446077 89 0.04455375671386719
89 0 446166 89 0.04471707344055176
89 0 446255 89 0.04462170600891113
89 0 446344 89 0.044645071029663086
89 0 446433 89 0.04510378837585449
88 0 438319 88 0.04132270812988281
88 0 438407 88 0.04144001007080078
88 0 438495 88 0.042023420333862305
87 0 431407 87 0.03926539421081543
87 2 431413 8192 0.2777581214904785
88 2 439605 2909 0.11219263076782227
90 0 442604 90 0.04577183723449707
89 0 439298 89 0.04361248016357422
88 1 435156 6797 0.24124455451965332
89 0 442042 89 0.04563641548156738
88 0 433611 88 0.040868282318115234
88 1 433611 6508 0.22677278518676758
89 0 440208 89 0.04303908348083496
89 0 440297 89 0.042012929916381836
89 0 440386 89 0.041975975036621094
88 0 434607 88 0.0406949520111084
88 1 434607 6486 0.22581768035888672
89 0 441182 89 0.045949697494506836
89 0 441271 89 0.04295682907104492
89 0 441360 89 0.0422215461730957
89 0 441449 89 0.042140960693359375
89 0 441538 89 0.04218888282775879
89 0 441627 89 0.04216885566711426
89 0 441716 89 0.04215383529663086
89 0 441805 89 0.0427095890045166
88 0 435554 88 0.04201650619506836
88 2 435554 8192 0.26369261741638184
89 1 443746 1240 0.06313896179199219
90 0 445076 90 0.04398965835571289
90 0 445166 90 0.043009281158447266
89 0 437067 89 0.04262948036193848
89 1 437069 5873 0.20793557167053223
90 0 443032 90 0.04466056823730469
90 0 443122 90 0.04320979118347168
90 0 443212 90 0.04269886016845703
90 0 443302 90 0.042632102966308594
90 0 443392 90 0.04261445999145508
90 0 443482 90 0.042952537536621094
89 0 440670 89 0.04309678077697754
88 2 435593 8191 0.26591968536376953
89 1 443784 1149 0.0614774227142334
90 0 445023 90 0.045300960540771484
90 0 445113 90 0.04423689842224121
90 0 445203 90 0.04402947425842285
90 0 445293 90 0.04438924789428711
90 0 445383 90 0.0443720817565918
89 0 443216 89 0.041370391845703125
89 0 443305 89 0.041432857513427734
89 0 443394 89 0.04143548011779785
89 0 443483 89 0.04125022888183594
89 0 443572 89 0.04118704795837402
89 0 443661 89 0.04122638702392578
89 0 443750 89 0.04115104675292969
89 0 443839 89 0.04119110107421875
89 0 443928 89 0.042017221450805664
88 0 436010 88 0.040717124938964844
88 1 436012 5353 0.19219303131103516
89 0 441454 89 0.04444527626037598
89 0 441543 89 0.04316449165344238
88 0 434990 88 0.04089808464050293
88 1 434992 6054 0.21397781372070312
89 0 441135 89 0.044245004653930664
89 0 441224 89 0.04273390769958496
89 0 441313 89 0.042196035385131836
89 0 441402 89 0.04225420951843262
89 0 441491 89 0.042221784591674805
89 0 441580 89 0.042244672775268555
89 0 441669 89 0.04231524467468262
89 0 441758 89 0.04225945472717285
89 0 441847 89 0.04215431213378906
89 0 441936 89 0.04208493232727051
89 0 442025 89 0.04207873344421387
89 0 442114 89 0.04212760925292969
89 0 442203 89 0.04226183891296387
89 0 442292 89 0.04221534729003906
89 0 442381 89 0.04218292236328125
89 0 442470 89 0.042110443115234375
89 0 442559 89 0.04213595390319824
89 0 442648 89 0.04220080375671387
89 0 442737 89 0.04224562644958496
89 0 442826 89 0.04261207580566406
88 0 438384 88 0.041686058044433594
88 1 438385 4673 0.17097234725952148
89 0 443147 89 0.04514908790588379
89 0 443236 89 0.042052507400512695
89 0 443325 89 0.04166698455810547
89 0 443414 89 0.04169940948486328
89 0 443503 89 0.04160165786743164
89 0 443592 89 0.04204535484313965
88 0 437252 88 0.043173789978027344
88 1 437254 1716 0.0801994800567627
89 0 439059 89 0.04484438896179199
89 0 439148 89 0.04254603385925293
89 0 439237 89 0.04233431816101074
89 0 439326 89 0.04224801063537598
89 0 439415 89 0.04268932342529297
88 0 432705 88 0.04048585891723633
88 2 434338 8192 0.29108285903930664
89 1 442530 262 0.03949141502380371
89 0 438116 89 0.041777610778808594
89 1 438117 5524 0.19604730606079102
90 0 443731 90 0.04341721534729004
90 0 443821 90 0.04237484931945801
89 0 440094 89 0.04453253746032715
89 1 440096 2483 0.1015021800994873
90 0 442669 90 0.04635763168334961
90 0 442759 90 0.044782161712646484
90 0 442849 90 0.044593095779418945
90 0 442939 90 0.04442858695983887
90 0 443029 90 0.04445290565490723
90 0 443119 90 0.0446016788482666
90 0 443209 90 0.0446171760559082
90 0 443299 90 0.044683218002319336
90 0 443389 90 0.044431447982788086
90 0 443479 90 0.04437065124511719
90 0 443569 90 0.044403076171875
90 0 443659 90 0.04443955421447754
90 0 443749 90 0.044373273849487305
90 0 443839 90 0.04497098922729492
89 0 438008 89 0.04317212104797363
89 2 438012 6638 0.21586084365844727
91 0 444741 91 0.04597330093383789
90 0 441921 90 0.04285001754760742
90 1 441922 3893 0.14198899269104004
91 0 445906 91 0.04661107063293457
91 0 445997 91 0.0427250862121582
91 0 446088 91 0.04241466522216797
91 0 446179 91 0.04289746284484863
90 0 438702 90 0.04279279708862305
90 1 438704 7527 0.26540374755859375
91 0 446322 91 0.04414510726928711
91 0 446413 91 0.04260563850402832
91 0 446504 91 0.042273759841918945
91 0 446595 91 0.042310476303100586
91 0 446686 91 0.04268622398376465
91 0 446777 91 0.042867422103881836
90 0 444632 90 0.04275965690612793
90 0 444722 90 0.042697906494140625
90 0 444812 90 0.04290461540222168
89 0 438145 89 0.04350614547729492
89 1 438146 7220 0.2571556568145752
89 0 441914 89 0.04552721977233887
89 0 442003 89 0.043135643005371094
89 0 442092 89 0.04411172866821289
88 0 438094 88 0.043022871017456055
88 1 438095 4961 0.18141460418701172
89 0 443145 89 0.045145273208618164
89 0 443234 89 0.04323101043701172
89 0 443323 89 0.0430445671081543
89 0 443412 89 0.04279947280883789
89 0 443501 89 0.04284334182739258
89 0 443590 89 0.042878150939941406
89 0 443679 89 0.04284858703613281
89 0 443768 89 0.04285550117492676
89 0 443857 89 0.0428614616394043
89 0 443946 89 0.04368948936462402
88 0 436705 88 0.03919625282287598
88 1 436706 6135 0.21550655364990234
89 0 442930 89 0.04407048225402832
89 0 443019 89 0.0431978702545166
88 0 436119 88 0.04099249839782715
88 1 436120 5194 0.18633747100830078
89 0 441403 89 0.04342508316040039
89 0 441492 89 0.04259657859802246
89 0 441581 89 0.04272127151489258
89 0 441670 89 0.04195451736450195
89 0 441759 89 0.041944026947021484
89 0 441848 89 0.04262423515319824
89 0 441937 89 0.041880130767822266
89 0 442026 89 0.04191708564758301
89 0 442115 89 0.042278289794921875
89 0 442204 89 0.04172182083129883
89 0 442293 89 0.041693687438964844
89 0 442382 89 0.04199624061584473
88 0 440084 88 0.04186058044433594
88 0 440172 88 0.04199981689453125
88 0 440260 88 0.04199719429016113
88 0 440348 88 0.041851043701171875
88 0 440436 88 0.04194307327270508
88 0 440524 88 0.04191875457763672
88 0 440612 88 0.041951656341552734
88 0 440700 88 0.04191160202026367
88 0 440788 88 0.04190659523010254
88 0 440876 88 0.04186391830444336
88 0 440964 88 0.04189348220825195
88 0 441052 88 0.04190826416015625
88 0 441140 88 0.041989803314208984
88 0 441228 88 0.04187822341918945
88 0 441316 88 0.04190659523010254
88 0 441404 88 0.04244422912597656
87 0 435944 87 0.04094195365905762
87 1 435944 8192 0.2875988483428955
86 4 435506 8192 0.2578127384185791
89 1 443698 1216 0.062453269958496094
90 0 445004 90 0.04497647285461426
90 0 445094 90 0.043425798416137695
90 0 445184 90 0.04297924041748047
90 0 445274 90 0.043019771575927734
90 0 445364 90 0.04286670684814453
90 0 445454 90 0.04309535026550293
90 0 445544 90 0.043763160705566406
90 0 445634 90 0.04303693771362305
90 0 445724 90 0.04287576675415039
90 0 445814 90 0.04317975044250488
90 0 445904 90 0.042850494384765625
90 0 445994 90 0.0428614616394043
90 0 446084 90 0.042788028717041016
90 0 446174 90 0.04268789291381836
90 0 446264 90 0.042792320251464844
90 0 446354 90 0.04280996322631836
90 0 446444 90 0.04278564453125
90 0 446534 90 0.04292654991149902
90 0 446624 90 0.0433354377746582
89 0 441731 89 0.043786048889160156
89 0 441820 89 0.04419970512390137
89 0 441909 89 0.04377293586730957
89 0 441998 89 0.04375338554382324
89 0 442087 89 0.04376363754272461
89 0 442176 89 0.04375123977661133
89 0 442265 89 0.043740272521972656
89 0 442354 89 0.04375791549682617
89 0 442443 89 0.04468703269958496
89 0 442532 89 0.04429197311401367
88 0 437499 88 0.042139530181884766
88 1 437502 8192 0.29231882095336914
87 2 438648 2163 0.09534978866577148
89 0 440900 89 0.04324030876159668
89 0 440989 89 0.04263734817504883
89 0 441078 89 0.04284501075744629
87 0 429312 87 0.039153337478637695
86 2 424415 8191 0.26598668098449707
87 2 432606 8192 0.27492642402648926
88 1 440798 1703 0.09084701538085938
89 0 442590 89 0.04464077949523926
89 0 442679 89 0.043699026107788086
89 0 442768 89 0.04344940185546875
89 0 442857 89 0.04346513748168945
89 0 442946 89 0.043686866760253906
89 0 443035 89 0.04384589195251465
89 0 443124 89 0.04371523857116699
89 0 443213 89 0.043561697006225586
89 0 443302 89 0.04353642463684082
89 0 443391 89 0.044058799743652344
89 0 443480 89 0.043879032135009766
88 0 440162 88 0.039502620697021484
88 1 440165 6326 0.22316670417785645
89 0 446580 89 0.04336881637573242
89 0 446669 89 0.04129934310913086
89 0 446758 89 0.04101824760437012
89 0 446847 89 0.041272878646850586
89 0 446936 89 0.04081869125366211
89 0 447025 89 0.04136037826538086
88 0 440622 88 0.04001617431640625
88 1 440625 1469 0.07548260688781738
88 0 433536 88 0.04149889945983887
88 2 433540 8192 0.26052141189575195
89 1 441732 951 0.05722451210021973
89 0 439146 89 0.04570889472961426
89 2 439151 6547 0.21499323844909668
91 0 445789 91 0.04700040817260742
91 0 445880 91 0.045455217361450195
90 0 439574 90 0.04137086868286133
90 0 439664 90 0.041974782943725586
89 0 433773 89 0.04296135902404785
88 2 425752 8191 0.2887117862701416
89 2 433945 7495 0.24284648895263672
91 0 441531 91 0.04496955871582031
91 0 441622 91 0.042963504791259766
91 0 441713 91 0.042484283447265625
91 0 441804 91 0.04252171516418457
91 0 441895 91 0.04301762580871582
89 0 434994 89 0.04027271270751953
89 1 434996 7649 0.26943230628967285
90 0 442735 90 0.04639911651611328
88 0 427840 88 0.04274463653564453
88 2 427844 8055 0.25690627098083496
90 0 435989 90 0.042532920837402344
90 0 436079 90 0.041057586669921875
90 0 436169 90 0.04074907302856445
90 0 436259 90 0.040473222732543945
90 0 436349 90 0.040500640869140625
90 0 436439 90 0.04056406021118164
90 0 436529 90 0.041107177734375
90 0 436619 90 0.0406041145324707
90 0 436709 90 0.04048514366149902
90 0 436799 90 0.04064321517944336
90 0 436889 90 0.04048013687133789
90 0 436979 90 0.04056143760681152
90 0 437069 90 0.040554046630859375
90 0 437159 90 0.04052162170410156
90 0 437249 90 0.04048585891723633
90 0 437339 90 0.04085111618041992
89 0 433624 89 0.04032492637634277
89 1 433626 3571 0.12899398803710938
90 0 437287 90 0.042528629302978516
90 0 437377 90 0.04127216339111328
89 0 431013 89 0.042557477951049805
89 1 431015 7454 0.26363515853881836
90 0 438559 90 0.04483461380004883
90 0 438649 90 0.04268765449523926
90 0 438739 90 0.0424191951751709
90 0 438829 90 0.042374610900878906
90 0 438919 90 0.04244661331176758
90 0 439009 90 0.0424039363861084
90 0 439099 90 0.04242730140686035
90 0 439189 90 0.042325735092163086
90 0 439279 90 0.04205799102783203
90 0 439369 90 0.041985273361206055
90 0 439459 90 0.04211711883544922
90 0 439549 90 0.04286980628967285
89 0 433737 89 0.04213523864746094
89 2 433743 5505 0.18692374229431152
91 0 439339 91 0.047016143798828125
91 0 439430 91 0.0446019172668457
91 0 439521 91 0.043813467025756836
91 0 439612 91 0.04419898986816406
90 0 434886 90 0.043788909912109375
90 1 434888 4234 0.15949368476867676
91 0 439213 91 0.04522585868835449
91 0 439304 91 0.04401659965515137
91 0 439395 91 0.04373764991760254
91 0 439486 91 0.04368019104003906
91 0 439577 91 0.04359745979309082
91 0 439668 91 0.04384040832519531
91 0 439759 91 0.04389214515686035
91 0 439850 91 0.04453897476196289
90 0 433926 90 0.040520668029785156
90 1 433927 4249 0.15969419479370117
91 0 438267 91 0.04372906684875488
91 0 438358 91 0.041597843170166016
90 0 432519 90 0.0424346923828125
90 1 432521 3598 0.13329410552978516
90 0 430667 90 0.04266953468322754
90 2 430667 8192 0.2808234691619873
91 1 438859 1093 0.05887293815612793
92 0 440044 92 0.04543590545654297
92 0 440136 92 0.04448366165161133
92 0 440228 92 0.0440669059753418
91 0 433405 91 0.04058957099914551
91 1 433408 6090 0.21478676795959473
92 0 439590 92 0.04309225082397461
91 0 435950 91 0.0455935001373291
90 2 427563 8191 0.2691917419433594
91 2 435756 2533 0.10558795928955078
93 0 438382 93 0.0459749698638916
93 0 438475 93 0.044730186462402344
93 0 438568 93 0.04397010803222656
93 0 438661 93 0.044016122817993164
93 0 438754 93 0.04432415962219238
92 0 437019 92 0.04268789291381836
92 0 437111 92 0.042955636978149414
92 0 437203 92 0.04264330863952637
92 0 437295 92 0.042593955993652344
92 0 437387 92 0.04310488700866699
92 0 437479 92 0.042549848556518555
92 0 437571 92 0.04267263412475586
92 0 437663 92 0.04354715347290039
92 0 437755 92 0.0427088737487793
92 0 437847 92 0.042546987533569336
92 0 437939 92 0.04346108436584473
91 0 430361 91 0.04206562042236328
91 1 430363 5371 0.19104814529418945
92 0 435826 92 0.04583621025085449
92 0 435918 92 0.04370737075805664
92 0 436010 92 0.043586015701293945
91 0 433780 91 0.04210853576660156
91 1 433784 3108 0.1173715591430664
92 0 436984 92 0.044236183166503906
92 0 437076 92 0.042405128479003906
92 0 437168 92 0.042186737060546875
92 0 437260 92 0.042815446853637695
92 0 437352 92 0.042119503021240234
92 0 437444 92 0.04213857650756836
92 0 437536 92 0.04292654991149902
92 0 437628 92 0.04215741157531738
92 0 437720 92 0.04206657409667969
92 0 437812 92 0.042705535888671875
92 0 437904 92 0.04199481010437012
92 0 437996 92 0.04205036163330078
92 0 438088 92 0.04271245002746582
92 0 438180 92 0.04213094711303711
92 0 438272 92 0.04207634925842285
92 0 438364 92 0.04254150390625
92 0 438456 92 0.04200887680053711
92 0 438548 92 0.04254651069641113
91 0 431850 91 0.04257941246032715
91 2 431854 6344 0.21294689178466797
93 0 438291 93 0.04508566856384277
93 0 438384 93 0.04307723045349121
93 0 438477 93 0.04336833953857422
93 0 438570 93 0.04252028465270996
93 0 438663 93 0.04296422004699707
92 0 433816 92 0.04161882400512695
92 1 433819 6484 0.2280597686767578
93 0 440396 93 0.04468345642089844
93 0 440489 93 0.04204440116882324
93 0 440582 93 0.04177427291870117
93 0 440675 93 0.04175090789794922
93 0 440768 93 0.04156899452209473
93 0 440861 93 0.04171109199523926
93 0 440954 93 0.04175543785095215
93 0 441047 93 0.04168987274169922
93 0 441140 93 0.041625022888183594
93 0 441233 93 0.04232048988342285
92 0 433088 92 0.04378819465637207
92 1 433090 6644 0.23333358764648438
93 0 439827 93 0.046172380447387695
93 0 439920 93 0.044866085052490234
93 0 440013 93 0.04426002502441406
93 0 440106 93 0.04416632652282715
93 0 440199 93 0.044492483139038086
93 0 440292 93 0.04433393478393555
93 0 440385 93 0.04419231414794922
93 0 440478 93 0.044431447982788086
93 0 440571 93 0.04397273063659668
93 0 440664 93 0.044111013412475586
93 0 440757 93 0.04414176940917969
93 0 440850 93 0.04403567314147949
93 0 440943 93 0.04402780532836914
93 0 441036 93 0.043978214263916016
93 0 441129 93 0.04475760459899902
93 0 441222 93 0.04477357864379883
92 0 433354 92 0.04369616508483887
92 1 433356 1928 0.08656430244445801
93 0 435377 93 0.046152353286743164
93 0 435470 93 0.04398012161254883
93 0 435563 93 0.04381418228149414
93 0 435656 93 0.043854475021362305
93 0 435749 93 0.043860673904418945
93 0 435842 93 0.0443120002746582
92 0 430908 92 0.041931867599487305
92 1 430910 7759 0.27533793449401855
93 0 438762 93 0.043938398361206055
93 0 438855 93 0.04242968559265137
93 0 438948 93 0.04238772392272949
92 0 436279 92 0.040407419204711914
92 1 436281 2836 0.11152076721191406
93 0 439210 93 0.04256582260131836
93 0 439303 93 0.04106545448303223
93 0 439396 93 0.04078269004821777
92 0 434779 92 0.04026651382446289
92 1 434781 4874 0.1794140338897705
92 0 435248 92 0.045378923416137695
92 1 435250 3381 0.1269969940185547
93 0 438724 93 0.04517078399658203
93 0 438817 93 0.043419599533081055
93 0 438910 93 0.04292798042297363
93 0 439003 93 0.042798757553100586
93 0 439096 93 0.0428159236907959
93 0 439189 93 0.043150901794433594
92 0 435966 92 0.042908668518066406
92 0 436058 92 0.043755531311035156
92 0 436150 92 0.04275703430175781
92 0 436242 92 0.04273223876953125
92 0 436334 92 0.04265856742858887
92 0 436426 92 0.0425875186920166
92 0 436518 92 0.04262900352478027
92 0 436610 92 0.04277610778808594
92 0 436702 92 0.04273200035095215
92 0 436794 92 0.04307699203491211
91 0 433930 91 0.04104161262512207
91 1 433932 5108 0.18319082260131836
91 0 431380 91 0.04338788986206055
91 1 431382 4335 0.16138601303100586
92 0 435809 92 0.04447150230407715
91 0 427875 91 0.04432177543640137
91 2 427879 8192 0.26032090187072754
92 1 436071 3714 0.161834716796875
93 0 439878 93 0.042832374572753906
93 0 439971 93 0.04141378402709961
92 0 436466 92 0.04130125045776367
92 1 436468 2587 0.10567307472229004
93 0 439148 93 0.04320359230041504
93 0 439241 93 0.04161500930786133
93 0 439334 93 0.04119396209716797
93 0 439427 93 0.0416257381439209
93 0 439520 93 0.04125213623046875
93 0 439613 93 0.04181265830993652
92 0 435864 92 0.04196476936340332
92 0 435956 92 0.04133939743041992
92 0 436048 92 0.04113960266113281
92 0 436140 92 0.041090965270996094
92 0 436232 92 0.0415651798248291
91 0 433992 91 0.04154014587402344
90 2 429173 8191 0.2635922431945801
91 1 437364 2219 0.10769271850585938
91 0 430963 91 0.042238473892211914
91 1 430965 1778 0.08098268508911133
91 0 427330 91 0.041730403900146484
91 2 427334 8192 0.28731369972229004
92 1 435526 4108 0.15544819831848145
93 0 439727 93 0.045232534408569336
93 0 439820 93 0.043688297271728516
93 0 439913 93 0.04274797439575195
93 0 440006 93 0.0426945686340332
93 0 440099 93 0.04261922836303711
93 0 440192 93 0.042601823806762695
93 0 440285 93 0.04266762733459473
93 0 440378 93 0.0430908203125
93 0 440471 93 0.042574167251586914
93 0 440564 93 0.042278289794921875
93 0 440657 93 0.04308819770812988
93 0 440750 93 0.04256248474121094
93 0 440843 93 0.04250836372375488
93 0 440936 93 0.04320955276489258
93 0 441029 93 0.04245567321777344
93 0 441122 93 0.04246234893798828
93 0 441215 93 0.04322075843811035
93 0 441308 93 0.04299330711364746
92 0 435971 92 0.04072070121765137
92 1 435972 2004 0.08763694763183594
93 0 438069 93 0.04365825653076172
93 0 438162 93 0.041330814361572266
93 0 438255 93 0.04086637496948242
93 0 438348 93 0.04108119010925293
93 0 438441 93 0.04098033905029297
93 0 438534 93 0.04092240333557129
93 0 438627 93 0.040819406509399414
93 0 438720 93 0.04088950157165527
93 0 438813 93 0.04111528396606445
93 0 438906 93 0.040813446044921875
93 0 438999 93 0.04080700874328613
93 0 439092 93 0.04071831703186035
93 0 439185 93 0.040775299072265625
93 0 439278 93 0.0415949821472168
93 0 439371 93 0.04083847999572754
93 0 439464 93 0.04077744483947754
93 0 439557 93 0.04117465019226074
92 0 436504 92 0.04190874099731445
92 1 436506 2641 0.10662388801574707
93 0 439240 93 0.044606924057006836
93 0 439333 93 0.042677879333496094
93 0 439426 93 0.0422825813293457
93 0 439519 93 0.0422520637512207
93 0 439612 93 0.04222583770751953
93 0 439705 93 0.042061567306518555
93 0 439798 93 0.04278302192687988
92 0 433608 92 0.042321205139160156
91 1 430863 6694 0.237166166305542
92 0 437649 92 0.04433917999267578
92 0 437741 92 0.04266691207885742
92 0 437833 92 0.042104244232177734
92 0 437925 92 0.042192935943603516
92 0 438017 92 0.04201006889343262
92 0 438109 92 0.04204702377319336
92 0 438201 92 0.04208660125732422
92 0 438293 92 0.041951656341552734
92 0 438385 92 0.041903018951416016
92 0 438477 92 0.04206657409667969
92 0 438569 92 0.04198431968688965
92 0 438661 92 0.04194974899291992
92 0 438753 92 0.04199671745300293
92 0 438845 92 0.04200577735900879
92 0 438937 92 0.041934967041015625
92 0 439029 92 0.042015790939331055
92 0 439121 92 0.04195857048034668
92 0 439213 92 0.042877197265625
90 0 430792 90 0.04078984260559082
90 2 430796 8172 0.25909972190856934
92 0 439060 92 0.043141841888427734
92 0 439152 92 0.04153180122375488
92 0 439244 92 0.04095005989074707
92 0 439336 92 0.041121721267700195
92 0 439428 92 0.04101419448852539
92 0 439520 92 0.04087376594543457
92 0 439612 92 0.04100680351257324
92 0 439704 92 0.040991783142089844
92 0 439796 92 0.04102969169616699
92 0 439888 92 0.04105639457702637
92 0 439980 92 0.041017770767211914
92 0 440072 92 0.04087400436401367
92 0 440164 92 0.04153633117675781
92 0 440256 92 0.04078197479248047
92 0 440348 92 0.0408625602722168
92 0 440440 92 0.041459083557128906
90 0 433616 90 0.042054176330566406
90 1 433617 1289 0.06315898895263672
91 0 434997 91 0.04366636276245117
91 0 435088 91 0.042235612869262695
91 0 435179 91 0.042603492736816406
91 0 435270 91 0.0421600341796875
91 0 435361 91 0.04220128059387207
91 0 435452 91 0.04277372360229492
91 0 435543 91 0.04250192642211914
90 0 433149 90 0.04227948188781738
90 0 433239 90 0.042386531829833984
90 0 433329 90 0.04215645790100098
90 0 433419 90 0.04236030578613281
89 0 431666 89 0.04136037826538086
89 0 431755 89 0.04147195816040039
89 0 431844 89 0.04149627685546875
89 0 431933 89 0.041404008865356445
89 0 432022 89 0.04135537147521973
89 0 432111 89 0.042029380798339844
89 0 432200 89 0.04140472412109375
89 0 432289 89 0.04136490821838379
89 0 432378 89 0.0420076847076416
89 0 432467 89 0.04133892059326172
89 0 432556 89 0.04142260551452637
89 0 432645 89 0.041587114334106445
89 0 432734 89 0.04206562042236328
88 0 426073 88 0.04142141342163086
88 1 426076 8045 0.285128116607666
89 0 434210 89 0.04765057563781738
89 0 434299 89 0.04558110237121582
89 0 434388 89 0.044882774353027344
89 0 434477 89 0.045151710510253906
89 0 434566 89 0.04485821723937988
89 0 434655 89 0.044805049896240234
89 0 434744 89 0.044870615005493164
89 0 434833 89 0.044879913330078125
89 0 434922 89 0.04528999328613281
88 0 427166 88 0.041059017181396484
88 2 427168 8192 0.27133631706237793
89 2 435362 1208 0.06138420104980469
91 0 436661 91 0.04800987243652344
90 0 430473 90 0.04295063018798828
90 2 430473 6714 0.22136640548706055
92 0 437279 92 0.04416990280151367
92 0 437371 92 0.04262518882751465
92 0 437463 92 0.042327880859375
92 0 437555 92 0.042083024978637695
92 0 437647 92 0.04207420349121094
92 0 437739 92 0.04215097427368164
92 0 437831 92 0.04222273826599121
92 0 437923 92 0.04343390464782715
91 0 431634 91 0.04286074638366699
91 2 431639 6557 0.21316981315612793
93 0 438289 93 0.04556727409362793
93 0 438382 93 0.04362750053405762
93 0 438475 93 0.04304099082946777
93 0 438568 93 0.04291987419128418
93 0 438661 93 0.04390311241149902
92 0 436842 92 0.043311119079589844
92 1 436843 2452 0.10223269462585449
93 0 439388 93 0.04575705528259277
92 0 431617 92 0.04222846031188965
92 1 431619 3041 0.11506533622741699
93 0 434753 93 0.04499626159667969
93 0 434846 93 0.04270815849304199
92 0 430974 92 0.04198861122131348
92 2 430976 7409 0.24583840370178223
94 0 438479 94 0.04492807388305664
93 0 435620 93 0.04254317283630371
93 1 435623 1925 0.08707427978515625
94 0 437642 94 0.04389357566833496
94 0 437736 94 0.04189133644104004
94 0 437830 94 0.04146695137023926
94 0 437924 94 0.04179096221923828
93 0 435779 93 0.04154562950134277
93 1 435782 1951 0.08518862724304199
94 0 437827 94 0.042774200439453125
94 0 437921 94 0.042230844497680664
94 0 438015 94 0.04214668273925781
94 0 438109 94 0.04152703285217285
94 0 438203 94 0.04148983955383301
94 0 438297 94 0.041666507720947266
94 0 438391 94 0.04144883155822754
94 0 438485 94 0.041663408279418945
94 0 438579 94 0.042038917541503906
94 0 438673 94 0.04138374328613281
94 0 438767 94 0.04204511642456055
93 0 431488 93 0.04193854331970215
92 2 423761 8191 0.27401137351989746
93 2 431954 6508 0.22142291069030762
95 0 438557 95 0.045416831970214844
95 0 438652 95 0.04268169403076172
95 0 438747 95 0.041849374771118164
95 0 438842 95 0.04219698905944824
94 0 431859 94 0.04158520698547363
93 3 424206 8191 0.2555580139160156
95 1 432397 1915 0.09345340728759766
96 0 434408 96 0.043296098709106445
96 0 434504 96 0.04182028770446777
96 0 434600 96 0.04105806350708008
96 0 434696 96 0.04095339775085449
96 0 434792 96 0.040930747985839844
96 0 434888 96 0.04108238220214844
96 0 434984 96 0.04109525680541992
96 0 435080 96 0.04124331474304199
96 0 435176 96 0.04106783866882324
96 0 435272 96 0.040918588638305664
96 0 435368 96 0.04135489463806152
95 0 430784 95 0.04092764854431152
95 2 430787 8192 0.26385998725891113
96 1 438979 239 0.03743886947631836
97 0 439315 97 0.041959285736083984
97 0 439412 97 0.04169511795043945
97 0 439509 97 0.041765689849853516
97 0 439606 97 0.041929006576538086
96 0 437610 96 0.040518760681152344
96 0 437706 96 0.04053831100463867
96 0 437802 96 0.040373802185058594
96 0 437898 96 0.04033827781677246
96 0 437994 96 0.0406949520111084
95 0 432407 95 0.040266990661621094
95 1 432408 3692 0.13707304000854492
96 0 436196 96 0.04265093803405762
96 0 436292 96 0.04091501235961914
96 0 436388 96 0.04033994674682617
96 0 436484 96 0.04035782814025879
96 0 436580 96 0.04048633575439453
96 0 436676 96 0.040392160415649414
96 0 436772 96 0.040598154067993164
96 0 436868 96 0.04103899002075195
95 0 431714 95 0.04068326950073242
95 1 431715 5719 0.2029736042022705
96 0 437530 96 0.043012380599975586
95 0 428414 95 0.042031288146972656
95 2 428419 8192 0.2635164260864258
96 1 436611 643 0.053006649017333984
97 0 437351 97 0.039810895919799805
97 0 437448 97 0.04117584228515625
97 0 437545 97 0.040042877197265625
95 0 431869 95 0.04167628288269043
95 1 431870 4010 0.1448683738708496
96 0 435976 96 0.04361987113952637
96 0 436072 96 0.0422062873840332
96 0 436168 96 0.04156827926635742
96 0 436264 96 0.041626930236816406
96 0 436360 96 0.04196524620056152
95 0 431231 95 0.03958773612976074
94 2 426526 8191 0.259537935256958
95 1 434717 702 0.052866220474243164
96 0 435515 96 0.04180741310119629
96 0 435611 96 0.041468143463134766
96 0 435707 96 0.041658878326416016
95 0 433050 95 0.041693925857543945
95 1 433051 3983 0.1445636749267578
96 0 437130 96 0.04451942443847656
96 0 437226 96 0.04238462448120117
96 0 437322 96 0.04234814643859863
95 0 430157 95 0.040856361389160156
95 2 430157 7561 0.24184012413024902
97 0 437815 97 0.04630136489868164
97 0 437912 97 0.04531383514404297
96 0 430378 96 0.0404353141784668
96 2 430380 6918 0.22988152503967285
98 0 437396 98 0.044924259185791016
98 0 437494 98 0.04313850402832031
98 0 437592 98 0.04266762733459473
98 0 437690 98 0.043091535568237305
97 0 433458 97 0.04313778877258301
97 1 433459 2714 0.10859870910644531
98 0 436271 98 0.04515790939331055
98 0 436369 98 0.04352211952209473
98 0 436467 98 0.04351615905761719
97 0 433786 97 0.039544105529785156
97 0 433883 97 0.039778709411621094
97 0 433980 97 0.04137611389160156
97 0 434077 97 0.0398859977722168
97 0 434174 97 0.04146385192871094
97 0 434271 97 0.04134964942932129
97 0 434368 97 0.04129910469055176
97 0 434465 97 0.03949165344238281
97 0 434562 97 0.03959155082702637
97 0 434659 97 0.03937816619873047
97 0 434756 97 0.039365530014038086
97 0 434853 97 0.0394437313079834
97 0 434950 97 0.041274309158325195
97 0 435047 97 0.041234731674194336
97 0 435144 97 0.03935098648071289
97 0 435241 97 0.04120922088623047
97 0 435338 97 0.0412294864654541
97 0 435435 97 0.039587974548339844
97 0 435532 97 0.039516448974609375
97 0 435629 97 0.04135465621948242
97 0 435726 97 0.041291236877441406
97 0 435823 97 0.04142022132873535
97 0 435920 97 0.04136085510253906
97 0 436017 97 0.03964519500732422
97 0 436114 97 0.04128241539001465
97 0 436211 97 0.041289567947387695
97 0 436308 97 0.03957557678222656
97 0 436405 97 0.04145932197570801
97 0 436502 97 0.041465044021606445
97 0 436599 97 0.04137277603149414
97 0 436696 97 0.04142332077026367
97 0 436793 97 0.041341543197631836
97 0 436890 97 0.03954458236694336
97 0 436987 97 0.04134416580200195
97 0 437084 97 0.03952741622924805
97 0 437181 97 0.0414423942565918
97 0 437278 97 0.04169201850891113
97 0 437375 97 0.04157423973083496
97 0 437472 97 0.0414886474609375
97 0 437569 97 0.03968620300292969
97 0 437666 97 0.04147005081176758
97 0 437763 97 0.04150056838989258
97 0 437860 97 0.03966331481933594
97 0 437957 97 0.04162263870239258
97 0 438054 97 0.04150891304016113
97 0 438151 97 0.04001474380493164
97 0 438248 97 0.039869070053100586
97 0 438345 97 0.041548967361450195
97 0 438442 97 0.04155230522155762
97 0 438539 97 0.04149937629699707
97 0 438636 97 0.04180598258972168
96 0 436375 96 0.03939175605773926
96 0 436471 96 0.039487600326538086
96 0 436567 96 0.03937172889709473
96 0 436663 96 0.03930020332336426
96 0 436759 96 0.03937864303588867
96 0 436855 96 0.0394284725189209
96 0 436951 96 0.03944540023803711
96 0 437047 96 0.0395357608795166
96 0 437143 96 0.039354562759399414
96 0 437239 96 0.039624929428100586
95 0 434127 95 0.03931450843811035
95 0 434222 95 0.03960442543029785
95 0 434317 95 0.03957247734069824
95 0 434412 95 0.03951287269592285
95 0 434507 95 0.03943300247192383
95 0 434602 95 0.03947305679321289
95 0 434697 95 0.039520978927612305
95 0 434792 95 0.039467573165893555
95 0 434887 95 0.039449453353881836
95 0 434982 95 0.039476633071899414
95 0 435077 95 0.03943586349487305
95 0 435172 95 0.03939700126647949
95 0 435267 95 0.039489030838012695
95 0 435362 95 0.039847612380981445
94 0 430802 94 0.03901529312133789
94 1 430802 7403 0.2598392963409424
95 0 438300 95 0.04298853874206543
95 0 438395 95 0.04146409034729004
95 0 438490 95 0.04135441780090332
94 0 433057 94 0.04050731658935547
94 1 433061 4100 0.15288162231445312
95 0 437256 95 0.042936086654663086
94 0 430139 94 0.04302811622619629
94 1 430140 5176 0.1871187686920166
94 0 429243 94 0.04593968391418457
94 2 429243 8192 0.27623939514160156
95 1 437435 1163 0.06076312065124512
96 0 438694 96 0.04178667068481445
96 0 438790 96 0.04145526885986328
96 0 438886 96 0.04133319854736328
96 0 438982 96 0.04129481315612793
96 0 439078 96 0.041347503662109375
96 0 439174 96 0.041625022888183594
95 0 436681 95 0.04195046424865723
93 2 430756 3335 0.12210607528686523
95 0 434186 95 0.045076847076416016
95 0 434281 95 0.04379844665527344
94 0 429008 94 0.042258262634277344
94 1 429010 5813 0.20799827575683594
95 0 434918 95 0.044472694396972656
94 0 430980 94 0.04086804389953613
94 1 430982 5903 0.2118527889251709
94 0 434440 94 0.04613018035888672
93 1 429445 7950 0.2829914093017578
94 0 437489 94 0.0442965030670166
94 0 437583 94 0.04223203659057617
94 0 437677 94 0.04186654090881348
94 0 437771 94 0.04177045822143555
94 0 437865 94 0.04173994064331055
94 0 437959 94 0.041834354400634766
94 0 438053 94 0.04185748100280762
94 0 438147 94 0.0424799919128418
92 0 432151 92 0.044457197189331055
92 1 432152 3313 0.1231393814086914
93 0 435558 93 0.0459287166595459
93 0 435651 93 0.04496955871582031
92 0 432933 92 0.0444636344909668
92 1 432934 6121 0.21796798706054688
93 0 439148 93 0.04769754409790039
93 0 439241 93 0.04483222961425781
93 0 439334 93 0.04491996765136719
92 0 432562 92 0.040892839431762695
92 1 432566 4208 0.15543365478515625
93 0 436867 93 0.04412341117858887
92 0 428048 92 0.04148149490356445
92 1 428052 7990 0.28242921829223633
93 0 436135 93 0.04464077949523926
93 0 436228 93 0.04121851921081543
93 0 436321 93 0.040868520736694336
93 0 436414 93 0.04104137420654297
93 0 436507 93 0.040943145751953125
93 0 436600 93 0.040947914123535156
93 0 436693 93 0.04103589057922363
93 0 436786 93 0.04092097282409668
93 0 436879 93 0.04097723960876465
93 0 436972 93 0.04106545448303223
93 0 437065 93 0.04064202308654785
93 0 437158 93 0.040674686431884766
93 0 437251 93 0.04073500633239746
93 0 437344 93 0.04093432426452637
93 0 437437 93 0.04089832305908203
93 0 437530 93 0.04082846641540527
93 0 437623 93 0.041261911392211914
92 0 433047 92 0.04062652587890625
92 1 433049 5103 0.18667840957641602
93 0 438245 93 0.04609799385070801
92 0 431352 92 0.04068303108215332
92 1 431354 7595 0.2683589458465576
93 0 439042 93 0.044829368591308594
92 0 433680 92 0.0410611629486084
92 1 433682 3369 0.1260976791381836
93 0 437144 93 0.04280972480773926
93 0 437237 93 0.04101681709289551
93 0 437330 93 0.040685176849365234
93 0 437423 93 0.04060196876525879
93 0 437516 93 0.040702104568481445
93 0 437609 93 0.04062461853027344
93 0 437702 93 0.04056739807128906
93 0 437795 93 0.04061555862426758
93 0 437888 93 0.04049801826477051
93 0 437981 93 0.04048609733581543
93 0 438074 93 0.04050493240356445
93 0 438167 93 0.040892601013183594
92 0 433662 92 0.041647911071777344
92 1 433664 3190 0.11990737915039062
93 0 436947 93 0.04532575607299805
93 0 437040 93 0.043060302734375
91 0 429168 91 0.04177737236022949
91 2 429172 6826 0.22160577774047852
93 0 436091 93 0.044649600982666016
93 0 436184 93 0.042266130447387695
93 0 436277 93 0.0420994758605957
92 0 434525 92 0.04342532157897949
92 1 434526 3845 0.1390855312347412
93 0 438464 93 0.046604156494140625
93 0 438557 93 0.044014930725097656
93 0 438650 93 0.044419050216674805
91 0 429409 91 0.04304862022399902
91 1 429411 2133 0.09395933151245117
91 0 426069 91 0.04407191276550293
90 2 421953 8191 0.28722596168518066
91 2 430146 3678 0.13207530975341797
93 0 433917 93 0.043813467025756836
92 0 430787 92 0.04436683654785156
90 2 418769 8190 0.2816290855407715
91 2 426960 7789 0.26550984382629395
93 0 434842 93 0.04547119140625
93 0 434935 93 0.04317426681518555
93 0 435028 93 0.04249715805053711
93 0 435121 93 0.04244494438171387
93 0 435214 93 0.04257059097290039
93 0 435307 93 0.04264402389526367
93 0 435400 93 0.042855262756347656
93 0 435493 93 0.04279923439025879
93 0 435586 93 0.04285407066345215
93 0 435679 93 0.04268026351928711
93 0 435772 93 0.04313850402832031
92 0 429837 92 0.04284524917602539
92 1 429838 7726 0.27528882026672363
93 0 437657 93 0.04627585411071777
93 0 437750 93 0.043610334396362305
93 0 437843 93 0.04275321960449219
93 0 437936 93 0.042980194091796875
93 0 438029 93 0.042844533920288086
93 0 438122 93 0.04285430908203125
93 0 438215 93 0.04292893409729004
93 0 438308 93 0.04280519485473633
93 0 438401 93 0.042868852615356445
93 0 438494 93 0.042757272720336914
93 0 438587 93 0.042693138122558594
93 0 438680 93 0.04260540008544922
93 0 438773 93 0.04269671440124512
93 0 438866 93 0.04277610778808594
93 0 438959 93 0.042703866958618164
93 0 439052 93 0.04270052909851074
93 0 439145 93 0.04269695281982422
93 0 439238 93 0.042760372161865234
93 0 439331 93 0.04271721839904785
93 0 439424 93 0.04273819923400879
93 0 439517 93 0.04310894012451172
92 0 434775 92 0.0425257682800293
92 1 434776 4945 0.18049860000610352
93 0 439814 93 0.045531272888183594
93 0 439907 93 0.04390263557434082
93 0 440000 93 0.042966604232788086
93 0 440093 93 0.04294300079345703
93 0 440186 93 0.04327869415283203
92 0 438410 92 0.04360532760620117
92 0 438502 92 0.04382133483886719
92 0 438594 92 0.04364180564880371
92 0 438686 92 0.04333019256591797
92 0 438778 92 0.04331231117248535
92 0 438870 92 0.043274879455566406
92 0 438962 92 0.043152570724487305
92 0 439054 92 0.043241262435913086
92 0 439146 92 0.0439608097076416
91 0 433292 91 0.04108572006225586
91 1 433293 6032 0.2137448787689209
92 0 439417 92 0.043084144592285156
92 0 439509 92 0.04169654846191406
92 0 439601 92 0.0411524772644043
92 0 439693 92 0.04128718376159668
92 0 439785 92 0.04120492935180664
92 0 439877 92 0.04111814498901367
92 0 439969 92 0.04166984558105469
92 0 440061 92 0.0415196418762207
92 0 440153 92 0.04114508628845215
92 0 440245 92 0.04104042053222656
92 0 440337 92 0.041239261627197266
92 0 440429 92 0.04112553596496582
92 0 440521 92 0.041131019592285156
92 0 440613 92 0.0411686897277832
92 0 440705 92 0.04100465774536133
92 0 440797 92 0.04102611541748047
92 0 440889 92 0.04155445098876953
91 0 438438 91 0.0411531925201416
91 0 438529 91 0.04137825965881348
91 0 438620 91 0.041213035583496094
91 0 438711 91 0.041677236557006836
90 0 431887 90 0.041512250900268555
90 1 431888 5349 0.19234752655029297
90 0 430317 90 0.043761253356933594
90 2 430319 7130 0.23394489288330078
91 0 432116 91 0.04361677169799805
91 1 432117 7791 0.27649617195129395
92 0 440000 92 0.04514575004577637
92 0 440092 92 0.04320788383483887
92 0 440184 92 0.04295611381530762
91 0 436492 91 0.0417788028717041
91 0 436583 91 0.04184365272521973
91 0 436674 91 0.0416107177734375
91 0 436765 91 0.0417478084564209
91 0 436856 91 0.04200029373168945
91 0 436947 91 0.041699886322021484
91 0 437038 91 0.0416874885559082
91 0 437129 91 0.041673898696899414
91 0 437220 91 0.041586875915527344
91 0 437311 91 0.04168820381164551
91 0 437402 91 0.041655540466308594
91 0 437493 91 0.042035579681396484
90 0 429453 90 0.04082036018371582
90 1 429454 6787 0.24219036102294922
90 0 434088 90 0.04316425323486328
90 1 434089 5078 0.18513083457946777
91 0 439258 91 0.044167280197143555
91 0 439349 91 0.04162764549255371
91 0 439440 91 0.04168391227722168
90 0 432010 90 0.042592763900756836
88 2 418972 8190 0.2858724594116211
89 1 427162 7041 0.2512094974517822
90 0 434293 90 0.04314851760864258
90 0 434383 90 0.04187655448913574
90 0 434473 90 0.04151558876037598
90 0 434563 90 0.04147076606750488
90 0 434653 90 0.04145002365112305
90 0 434743 90 0.04155707359313965
90 0 434833 90 0.04151153564453125
90 0 434923 90 0.04144692420959473
90 0 435013 90 0.04154515266418457
90 0 435103 90 0.04147458076477051
90 0 435193 90 0.04143691062927246
90 0 435283 90 0.04144096374511719
90 0 435373 90 0.041484832763671875
90 0 435463 90 0.04207944869995117
89 0 427143 89 0.041753530502319336
89 2 427144 8192 0.2762753963470459
90 1 435336 4188 0.16637802124023438
91 0 439615 91 0.0460970401763916
90 0 437519 90 0.045133352279663086
89 1 432785 2933 0.11290097236633301
90 0 435808 90 0.04499053955078125
90 0 435898 90 0.04405355453491211
90 0 435988 90 0.04352402687072754
90 0 436078 90 0.04356265068054199
89 0 433511 89 0.04513359069824219
89 0 433600 89 0.045458316802978516
89 0 433689 89 0.04518723487854004
89 0 433778 89 0.04507875442504883
89 0 433867 89 0.0449984073638916
89 0 433956 89 0.04501008987426758
89 0 434045 89 0.044829607009887695
89 0 434134 89 0.04497480392456055
89 0 434223 89 0.045126914978027344
89 0 434312 89 0.04502463340759277
89 0 434401 89 0.04550361633300781
87 0 427720 87 0.04093170166015625
87 1 427723 7769 0.2735569477081299
88 0 435580 88 0.04418158531188965
88 0 435668 88 0.04202675819396973
88 0 435756 88 0.0413823127746582
88 0 435844 88 0.04104971885681152
88 0 435932 88 0.04099583625793457
88 0 436020 88 0.04102683067321777
88 0 436108 88 0.041020870208740234
88 0 436196 88 0.04091000556945801
88 0 436284 88 0.04085659980773926
88 0 436372 88 0.0407562255859375
88 0 436460 88 0.04066920280456543
88 0 436548 88 0.040901899337768555
88 0 436636 88 0.041335344314575195
87 0 429723 87 0.04080510139465332
87 1 429728 5065 0.18422603607177734
88 0 434881 88 0.04381442070007324
88 0 434969 88 0.04151511192321777
88 0 435057 88 0.04135012626647949
88 0 435145 88 0.04099535942077637
88 0 435233 88 0.04106545448303223
88 0 435321 88 0.04127025604248047
88 0 435409 88 0.04113054275512695
88 0 435497 88 0.041117191314697266
88 0 435585 88 0.041127920150756836
88 0 435673 88 0.04094886779785156
88 0 435761 88 0.040910959243774414
88 0 435849 88 0.04103350639343262
88 0 435937 88 0.04082441329956055
88 0 436025 88 0.04192996025085449
86 0 423511 86 0.042183637619018555
86 4 423520 8192 0.25867652893066406
89 2 431713 5834 0.199812650680542
91 0 437638 91 0.0422825813293457
91 0 437729 91 0.04125690460205078
91 0 437820 91 0.04052567481994629
91 0 437911 91 0.04049873352050781
91 0 438002 91 0.04074597358703613
91 0 438093 91 0.04105043411254883
90 0 432125 90 0.040628910064697266
90 1 432126 7199 0.25560617446899414
91 0 439416 91 0.04473519325256348
91 0 439507 91 0.04285025596618652
91 0 439598 91 0.04223346710205078
91 0 439689 91 0.04231524467468262
91 0 439780 91 0.04219484329223633
91 0 439871 91 0.04220986366271973
91 0 439962 91 0.04269075393676758
90 0 435752 90 0.04308772087097168
88 2 422429 8190 0.26236701011657715
89 2 430621 6065 0.21141505241394043
91 0 436777 91 0.04492688179016113
91 0 436868 91 0.04325604438781738
91 0 436959 91 0.042818546295166016
91 0 437050 91 0.04300546646118164
90 0 433839 90 0.04266691207885742
90 1 433840 3318 0.12267804145812988
91 0 437249 91 0.04551124572753906
91 0 437340 91 0.042890071868896484
91 0 437431 91 0.04316115379333496
90 0 430497 90 0.04336261749267578
90 1 430498 6399 0.2259829044342041
91 0 436988 91 0.0458984375
91 0 437079 91 0.04477047920227051
90 0 428222 90 0.041124582290649414
90 2 428222 7557 0.24196696281433105
92 0 435871 92 0.04397463798522949
92 0 435963 92 0.041845083236694336
92 0 436055 92 0.04122567176818848
92 0 436147 92 0.0412290096282959
92 0 436239 92 0.041399240493774414
92 0 436331 92 0.04230999946594238
90 0 421295 90 0.04068708419799805
90 2 421301 8192 0.27292609214782715
91 3 429499 7853 0.2654306888580322
93 0 435818 93 0.04681587219238281
93 0 435911 93 0.04244852066040039
93 0 436004 93 0.04193305969238281
93 0 436097 93 0.04183554649353027
93 0 436190 93 0.041797637939453125
93 0 436283 93 0.04178738594055176
93 0 436376 93 0.04177713394165039
93 0 436469 93 0.0418853759765625
93 0 436562 93 0.04173684120178223
93 0 436655 93 0.041738271713256836
93 0 436748 93 0.04258322715759277
92 0 428443 92 0.0420231819152832
92 1 428446 5880 0.20650076866149902
93 0 434419 93 0.044861555099487305
93 0 434512 93 0.04343390464782715
93 0 434605 93 0.042641401290893555
93 0 434698 93 0.042322397232055664
93 0 434791 93 0.0422208309173584
93 0 434884 93 0.04215574264526367
93 0 434977 93 0.04225564002990723
93 0 435070 93 0.04268670082092285
92 0 431506 92 0.041231393814086914
92 1 431508 6478 0.2288353443145752
93 0 438079 93 0.043985843658447266
92 0 435272 92 0.041671037673950195
92 1 435276 3854 0.14186334609985352
92 0 431019 92 0.04399514198303223
92 2 431023 7109 0.2402193546295166
93 0 436425 93 0.04323458671569824
93 0 436518 93 0.0421137809753418
93 0 436611 93 0.04164457321166992
93 0 436704 93 0.04151797294616699
93 0 436797 93 0.041730403900146484
93 0 436890 93 0.041683197021484375
93 0 436983 93 0.04155325889587402
93 0 437076 93 0.0416867733001709
93 0 437169 93 0.041460275650024414
93 0 437262 93 0.04134559631347656
93 0 437355 93 0.041480302810668945
93 0 437448 93 0.041683197021484375
93 0 437541 93 0.04170656204223633
93 0 437634 93 0.042157888412475586
92 0 430980 92 0.039800405502319336
92 1 430982 3403 0.12588787078857422
92 0 429502 92 0.0425717830657959
91 2 422030 8191 0.26193904876708984
92 2 430222 2841 0.11437106132507324
94 0 433157 94 0.04381990432739258
94 0 433251 94 0.0422062873840332
94 0 433345 94 0.04128742218017578
94 0 433439 94 0.041281938552856445
94 0 433533 94 0.04116964340209961
94 0 433627 94 0.04167056083679199
94 0 433721 94 0.04163336753845215
94 0 433815 94 0.041554927825927734
94 0 433909 94 0.04120683670043945
94 0 434003 94 0.041220664978027344
94 0 434097 94 0.041290998458862305
94 0 434191 94 0.04102373123168945
94 0 434285 94 0.04111599922180176
94 0 434379 94 0.04102659225463867
94 0 434473 94 0.04128408432006836
93 0 431929 93 0.0411219596862793
93 1 431932 2808 0.10799813270568848
93 0 433385 93 0.043935537338256836
91 2 423539 8190 0.26496028900146484
92 1 431729 4698 0.1909167766571045
92 0 430712 92 0.045450687408447266
92 1 430714 7836 0.27724146842956543
93 0 438643 93 0.04518866539001465
93 0 438736 93 0.042925357818603516
93 0 438829 93 0.04299759864807129
92 0 431012 92 0.039816856384277344
91 2 426613 7707 0.2514498233795166
93 0 434413 93 0.043203115463256836
93 0 434506 93 0.041002750396728516
93 0 434599 93 0.04067707061767578
92 0 432069 92 0.04152107238769531
92 0 432161 92 0.04183793067932129
92 0 432253 92 0.04180407524108887
92 0 432345 92 0.04184532165527344
92 0 432437 92 0.04196953773498535
92 0 432529 92 0.04198431968688965
92 0 432621 92 0.04181814193725586
92 0 432713 92 0.04161572456359863
92 0 432805 92 0.041396141052246094
92 0 432897 92 0.041913509368896484
91 0 427368 91 0.03935050964355469
90 2 423756 8191 0.2842719554901123
91 1 431947 1760 0.08156871795654297
92 0 433799 92 0.0436403751373291
92 0 433891 92 0.042582035064697266
91 0 429581 91 0.04290962219238281
91 1 429582 8172 0.28797149658203125
92 0 437846 92 0.04360198974609375
91 0 434904 91 0.04107356071472168
91 0 434995 91 0.04011726379394531
91 0 435086 91 0.03975844383239746
91 0 435177 91 0.039949893951416016
91 0 435268 91 0.04000735282897949
91 0 435359 91 0.03989815711975098
91 0 435450 91 0.040122270584106445
91 0 435541 91 0.03996872901916504
91 0 435632 91 0.03990435600280762
91 0 435723 91 0.0400996208190918
91 0 435814 91 0.04006004333496094
91 0 435905 91 0.03987932205200195
91 0 435996 91 0.039886474609375
91 0 436087 91 0.04034018516540527
90 0 430448 90 0.03983020782470703
90 1 430451 7583 0.2665846347808838
91 0 438125 91 0.045816898345947266
91 0 438216 91 0.044675588607788086
91 0 438307 91 0.04379677772521973
91 0 438398 91 0.04391622543334961
91 0 438489 91 0.043788909912109375
91 0 438580 91 0.04377865791320801
91 0 438671 91 0.0437319278717041
91 0 438762 91 0.04359149932861328
91 0 438853 91 0.04401540756225586
90 0 434474 90 0.044400930404663086
89 1 431500 6780 0.24076366424560547
90 0 438370 90 0.045011281967163086
90 0 438460 90 0.04371976852416992
90 0 438550 90 0.04327583312988281
90 0 438640 90 0.043569087982177734
89 0 434506 89 0.043514251708984375
88 1 431061 5058 0.1813490390777588
89 0 436208 89 0.04736042022705078
89 0 436297 89 0.047274112701416016
87 0 420646 87 0.04303550720214844
87 2 420650 8192 0.2673170566558838
88 3 428848 6984 0.2241353988647461
91 0 435923 91 0.04359912872314453
91 0 436014 91 0.04202723503112793
91 0 436105 91 0.040949344635009766
91 0 436196 91 0.04099416732788086
91 0 436287 91 0.04099440574645996
91 0 436378 91 0.041016578674316406
91 0 436469 91 0.04137277603149414
90 0 430641 90 0.0431981086730957
90 1 430644 5864 0.20670199394226074
91 0 436599 91 0.047713279724121094
90 0 432655 90 0.04314541816711426
90 1 432658 6163 0.22063589096069336
91 0 438912 91 0.04596090316772461
90 0 433823 90 0.04084587097167969
90 2 433828 3197 0.11393475532531738
92 0 437117 92 0.04443645477294922
92 0 437209 92 0.04203987121582031
91 0 430333 91 0.04323744773864746
91 1 430336 3253 0.1220395565032959
92 0 433681 92 0.04724907875061035
91 0 428241 91 0.04331231117248535
91 1 428244 6264 0.221588134765625
92 0 434600 92 0.0460202693939209
91 0 431215 91 0.04465222358703613
90 1 428348 7473 0.2617323398590088
91 0 435912 91 0.044857025146484375
91 0 436003 91 0.043025970458984375
91 0 436094 91 0.042667388916015625
91 0 436185 91 0.04274773597717285
91 0 436276 91 0.04278731346130371
91 0 436367 91 0.042862892150878906
91 0 436458 91 0.04275774955749512
91 0 436549 91 0.04287123680114746
91 0 436640 91 0.04258084297180176
91 0 436731 91 0.04247546195983887
91 0 436822 91 0.04245734214782715
91 0 436913 91 0.04255509376525879
91 0 437004 91 0.04253530502319336
91 0 437095 91 0.04265785217285156
91 0 437186 91 0.04323935508728027
90 0 429887 90 0.04117536544799805
90 2 429889 7131 0.22777438163757324
92 0 437112 92 0.043473243713378906
92 0 437204 92 0.04262351989746094
92 0 437296 92 0.04150962829589844
92 0 437388 92 0.04141044616699219
92 0 437480 92 0.04125690460205078
92 0 437572 92 0.041271209716796875
92 0 437664 92 0.04122614860534668
92 0 437756 92 0.041222333908081055
92 0 437848 92 0.04126310348510742
92 0 437940 92 0.041329145431518555
92 0 438032 92 0.04193472862243652
91 0 431990 91 0.04303550720214844
91 1 431991 3251 0.12092065811157227
92 0 435334 92 0.04683566093444824
90 0 422697 90 0.041333675384521484
90 2 422697 8192 0.27477455139160156
91 1 430889 6406 0.2387557029724121
91 0 434978 91 0.04461550712585449
91 1 434984 3573 0.12950348854064941
92 0 438649 92 0.04661846160888672
91 0 433706 91 0.043309926986694336
91 1 433710 4564 0.167222261428833
92 0 438366 92 0.0445406436920166
92 0 438458 92 0.04341912269592285
92 0 438550 92 0.0427861213684082
92 0 438642 92 0.04276013374328613
92 0 438734 92 0.04304766654968262
91 0 435945 91 0.04126739501953125
91 0 436036 91 0.04131722450256348
91 0 436127 91 0.041062355041503906
91 0 436218 91 0.04109692573547363
91 0 436309 91 0.04167056083679199
90 0 430258 90 0.03968238830566406
90 2 430266 8192 0.2599527835845947
91 1 438458 164 0.035485029220581055
92 0 438714 92 0.04052162170410156
92 0 438806 92 0.040229082107543945
92 0 438898 92 0.040169715881347656
92 0 438990 92 0.040206193923950195
92 0 439082 92 0.040196895599365234
92 0 439174 92 0.04021620750427246
92 0 439266 92 0.040096282958984375
92 0 439358 92 0.04010367393493652
92 0 439450 92 0.03994631767272949
92 0 439542 92 0.040001869201660156
92 0 439634 92 0.04043102264404297
92 0 439726 92 0.040114402770996094
92 0 439818 92 0.040078163146972656
92 0 439910 92 0.04006195068359375
92 0 440002 92 0.04012584686279297
92 0 440094 92 0.04051685333251953
90 0 432906 90 0.04200625419616699
90 2 432912 2748 0.10561776161193848
92 0 435752 92 0.044649600982666016
92 0 435844 92 0.04266691207885742
92 0 435936 92 0.04250049591064453
92 0 436028 92 0.042563438415527344
92 0 436120 92 0.043051958084106445
90 0 429435 90 0.04053640365600586
90 2 430619 8192 0.28909826278686523
91 1 438811 1314 0.06639790534973145
92 0 440217 92 0.045996904373168945
92 0 440309 92 0.04493904113769531
92 0 440401 92 0.04481101036071777
92 0 440493 92 0.044893503189086914
92 0 440585 92 0.0448911190032959
92 0 440677 92 0.04477667808532715
92 0 440769 92 0.04469656944274902
92 0 440861 92 0.044450998306274414
92 0 440953 92 0.044565439224243164
92 0 441045 92 0.04451251029968262
92 0 441137 92 0.04462432861328125
92 0 441229 92 0.04508066177368164
91 0 438722 91 0.044533491134643555
91 0 438813 91 0.04510354995727539
90 0 434255 90 0.04141950607299805
90 0 434345 90 0.04162716865539551
90 0 434435 90 0.04129910469055176
90 0 434525 90 0.04142165184020996
90 0 434615 90 0.041612863540649414
90 0 434705 90 0.041626930236816406
90 0 434795 90 0.041910648345947266
89 0 431380 89 0.04125165939331055
89 1 431385 8166 0.2890794277191162
90 0 439641 90 0.04783225059509277
89 0 433147 89 0.04513406753540039
88 2 425576 8191 0.27115488052368164
89 1 433767 1798 0.08872652053833008
90 0 435655 90 0.0451047420501709
90 0 435745 90 0.04317307472229004
90 0 435835 90 0.04300951957702637
90 0 435925 90 0.04289102554321289
90 0 436015 90 0.04292869567871094
90 0 436105 90 0.04295635223388672
90 0 436195 90 0.04307842254638672
90 0 436285 90 0.04304075241088867
90 0 436375 90 0.04286456108093262
90 0 436465 90 0.042849063873291016
90 0 436555 90 0.04290890693664551
90 0 436645 90 0.04323458671569824
89 0 433346 89 0.043726205825805664
89 1 433348 6206 0.21993184089660645
90 0 439644 90 0.04628705978393555
90 0 439734 90 0.044602394104003906
90 0 439824 90 0.04405689239501953
90 0 439914 90 0.044138431549072266
90 0 440004 90 0.044115543365478516
90 0 440094 90 0.04473376274108887
89 0 434009 89 0.04265284538269043
89 2 434013 6206 0.20524120330810547
91 0 440310 91 0.04494428634643555
91 0 440401 91 0.0431210994720459
91 0 440492 91 0.04262542724609375
91 0 440583 91 0.04271841049194336
91 0 440674 91 0.04272127151489258
91 0 440765 91 0.042527198791503906
91 0 440856 91 0.04225778579711914
91 0 440947 91 0.042494773864746094
91 0 441038 91 0.04235029220581055
91 0 441129 91 0.04273486137390137
90 0 438565 90 0.04274153709411621
90 0 438655 90 0.043229103088378906
89 0 434254 89 0.04239821434020996
89 0 434343 89 0.0424351692199707
89 0 434432 89 0.04221367835998535
89 0 434521 89 0.04230213165283203
89 0 434610 89 0.04256296157836914
89 0 434699 89 0.042611122131347656
89 0 434788 89 0.04227924346923828
89 0 434877 89 0.04271221160888672
88 0 432321 88 0.04125356674194336
88 1 432323 6808 0.24242615699768066
89 0 439220 89 0.04580521583557129
89 0 439309 89 0.04326939582824707
89 0 439398 89 0.042734384536743164
89 0 439487 89 0.04272198677062988
89 0 439576 89 0.043190717697143555
88 0 433329 88 0.04302215576171875
88 1 433332 1782 0.08080053329467773
89 0 435203 89 0.046976327896118164
89 0 435292 89 0.04546546936035156
89 0 435381 89 0.04581785202026367
88 0 428165 88 0.042057037353515625
88 2 428167 8192 0.28468847274780273
89 1 436359 3471 0.13161015510559082
90 0 439920 90 0.04691267013549805
89 0 438469 89 0.043105363845825195
89 0 438558 89 0.04330945014953613
88 0 435054 88 0.041913509368896484
88 1 435065 5394 0.1958599090576172
88 0 436886 88 0.04386615753173828
88 0 436974 88 0.042465925216674805
88 0 437062 88 0.04204440116882324
88 0 437150 88 0.0416414737701416
88 0 437238 88 0.041727304458618164
88 0 437326 88 0.041748762130737305
88 0 437414 88 0.042206525802612305
87 0 435585 87 0.041785478591918945
87 0 435672 87 0.04191923141479492
87 0 435759 87 0.041768550872802734
87 0 435846 87 0.04176807403564453
87 0 435933 87 0.04245638847351074
86 0 428898 86 0.04114580154418945
86 2 428908 8192 0.2704176902770996
86 1 435511 1413 0.06781768798828125
87 0 437011 87 0.04349231719970703
87 0 437098 87 0.042172908782958984
87 0 437185 87 0.04143118858337402
87 0 437272 87 0.041529178619384766
87 0 437359 87 0.04148602485656738
87 0 437446 87 0.041420936584472656
87 0 437533 87 0.04173755645751953
87 0 437620 87 0.041727304458618164
87 0 437707 87 0.04210019111633301
86 0 429289 86 0.04166698455810547
86 1 429294 3879 0.13814353942871094
87 0 433260 87 0.04614901542663574
86 0 425157 86 0.04154253005981445
86 2 425166 8192 0.28455543518066406
87 1 433358 4159 0.15644598007202148
88 0 437605 88 0.04496908187866211
88 0 437693 88 0.04279923439025879
88 0 437781 88 0.04248380661010742
88 0 437869 88 0.04257559776306152
88 0 437957 88 0.04258394241333008
88 0 438045 88 0.04254889488220215
88 0 438133 88 0.042762041091918945
88 0 438221 88 0.042366981506347656
88 0 438309 88 0.04205322265625
88 0 438397 88 0.04199481010437012
88 0 438485 88 0.04279351234436035
87 0 432571 87 0.04043889045715332
87 1 432576 7868 0.2779724597930908
88 0 440532 88 0.046463966369628906
88 0 440620 88 0.04465985298156738
87 0 436691 87 0.04035449028015137
87 0 436778 87 0.040212154388427734
87 0 436865 87 0.040169477462768555
86 0 434305 86 0.04159402847290039
86 0 434391 86 0.041773080825805664
86 0 434477 86 0.04139971733093262
86 0 434563 86 0.041228294372558594
86 0 434649 86 0.04118680953979492
86 0 434735 86 0.04109668731689453
86 0 434821 86 0.041390419006347656
86 0 434907 86 0.04137682914733887
86 0 434993 86 0.04132437705993652
86 0 435079 86 0.0414886474609375
86 0 435165 86 0.04172110557556152
86 0 435251 86 0.041342973709106445
86 0 435337 86 0.04142594337463379
86 0 435423 86 0.04146075248718262
86 0 435509 86 0.041561126708984375
86 0 435595 86 0.04162168502807617
86 0 435681 86 0.04144597053527832
86 0 435767 86 0.041689395904541016
86 0 435853 86 0.041715145111083984
86 0 435939 86 0.0415644645690918
86 0 436025 86 0.04133200645446777
86 0 436111 86 0.041211605072021484
86 0 436197 86 0.04165506362915039
85 0 433932 85 0.042104244232177734
84 1 428788 7459 0.26505374908447266
85 0 436332 85 0.04208087921142578
85 0 436417 85 0.040495872497558594
84 0 433088 84 0.042655229568481445
83 1 429555 6352 0.2246716022491455
83 0 430400 83 0.04455161094665527
83 1 430405 5778 0.20574307441711426
84 0 436267 84 0.04422259330749512
83 0 428268 83 0.041069746017456055
83 1 428273 6178 0.21951031684875488
84 0 434535 84 0.0419459342956543
84 0 434619 84 0.04061484336853027
84 0 434703 84 0.04001259803771973
84 0 434787 84 0.0401768684387207
84 0 434871 84 0.04025411605834961
84 0 434955 84 0.040749311447143555
84 0 435039 84 0.04083585739135742
84 0 435123 84 0.04042506217956543
84 0 435207 84 0.040040016174316406
84 0 435291 84 0.039977312088012695
84 0 435375 84 0.0399167537689209
84 0 435459 84 0.0399322509765625
84 0 435543 84 0.04050612449645996
83 0 432526 83 0.040491580963134766
83 1 432531 8101 0.2855954170227051
84 0 440716 84 0.04484152793884277
84 0 440800 84 0.04343128204345703
84 0 440884 84 0.04304790496826172
84 0 440968 84 0.042814016342163086
84 0 441052 84 0.043035030364990234
84 0 441136 84 0.04290175437927246
84 0 441220 84 0.04295682907104492
84 0 441304 84 0.04272127151489258
84 0 441388 84 0.04256749153137207
84 0 441472 84 0.04258370399475098
84 0 441556 84 0.04298996925354004
84 0 441640 84 0.04272007942199707
84 0 441724 84 0.04269003868103027
84 0 441808 84 0.042630672454833984
84 0 441892 84 0.042664289474487305
84 0 441976 84 0.04265403747558594
84 0 442060 84 0.042665958404541016
84 0 442144 84 0.04261064529418945
84 0 442228 84 0.04271364212036133
84 0 442312 84 0.04288434982299805
84 0 442396 84 0.04282879829406738
84 0 442480 84 0.042752742767333984
84 0 442564 84 0.04278898239135742
84 0 442648 84 0.04261326789855957
84 0 442732 84 0.04272127151489258
84 0 442816 84 0.043253183364868164
83 0 437409 83 0.04001426696777344
83 0 437492 83 0.04037284851074219
83 0 437575 83 0.04068112373352051
82 0 432961 82 0.04454851150512695
82 2 432969 6672 0.21669578552246094
84 0 439725 84 0.049269676208496094
84 0 439809 84 0.044954538345336914
84 0 439893 84 0.044818878173828125
84 0 439977 84 0.04463458061218262
84 0 440061 84 0.04432177543640137
84 0 440145 84 0.04419732093811035
84 0 440229 84 0.04423356056213379
84 0 440313 84 0.044225454330444336
84 0 440397 84 0.044106483459472656
84 0 440481 84 0.043977975845336914
84 0 440565 84 0.04418182373046875
84 0 440649 84 0.0444951057434082
84 0 440733 84 0.04452323913574219
84 0 440817 84 0.04482078552246094
83 0 437107 83 0.04241466522216797
83 0 437190 83 0.04282212257385254
83 0 437273 83 0.04271101951599121
83 0 437356 83 0.042940378189086914
82 0 430900 82 0.04328608512878418
82 1 430906 6245 0.21971464157104492
83 0 437234 83 0.04721665382385254
83 0 437317 83 0.043744802474975586
83 0 437400 83 0.043493032455444336
83 0 437483 83 0.04310464859008789
83 0 437566 83 0.04291868209838867
83 0 437649 83 0.04301714897155762
83 0 437732 83 0.04299807548522949
83 0 437815 83 0.043526649475097656
83 0 437898 83 0.043195486068725586
83 0 437981 83 0.04316973686218262
83 0 438064 83 0.043031930923461914
83 0 438147 83 0.043033599853515625
83 0 438230 83 0.04291343688964844
83 0 438313 83 0.043088436126708984
83 0 438396 83 0.04367566108703613
82 0 430770 82 0.04001784324645996
82 1 430776 6562 0.2320704460144043
83 0 437421 83 0.0434727668762207
83 0 437504 83 0.04183030128479004
83 0 437587 83 0.04101061820983887
82 0 433126 82 0.04060983657836914
82 0 433208 82 0.04069375991821289
82 0 433290 82 0.04054117202758789
82 0 433372 82 0.040548086166381836
82 0 433454 82 0.040601491928100586
82 0 433536 82 0.04019451141357422
82 0 433618 82 0.04035639762878418
82 0 433700 82 0.04027223587036133
82 0 433782 82 0.04019784927368164
82 0 433864 82 0.04046273231506348
81 0 431584 81 0.041013479232788086
79 1 417661 8190 0.2897152900695801
79 3 425866 8134 0.2604072093963623
82 0 434082 82 0.0432744026184082
82 0 434164 82 0.04129171371459961
82 0 434246 82 0.040735483169555664
82 0 434328 82 0.04106020927429199
81 0 429133 81 0.04246020317077637
81 1 429140 6724 0.2392575740814209
81 0 427791 81 0.041956186294555664
81 1 427797 8052 0.28440165519714355
82 0 435931 82 0.04552459716796875
81 0 429566 81 0.0423433780670166
81 2 429578 7748 0.2581348419189453
83 0 437409 83 0.04451179504394531
83 0 437492 83 0.041826725006103516
83 0 437575 83 0.04146575927734375
83 0 437658 83 0.04164838790893555
83 0 437741 83 0.041496992111206055
83 0 437824 83 0.04148745536804199
83 0 437907 83 0.041728973388671875
83 0 437990 83 0.04156136512756348
83 0 438073 83 0.041532039642333984
83 0 438156 83 0.04140448570251465
83 0 438239 83 0.04157900810241699
83 0 438322 83 0.04149889945983887
83 0 438405 83 0.041524648666381836
83 0 438488 83 0.04148697853088379
83 0 438571 83 0.0416569709777832
83 0 438654 83 0.04149055480957031
83 0 438737 83 0.04203200340270996
82 0 431972 82 0.04259324073791504
81 1 427934 7275 0.25723695755004883
80 0 429669 80 0.04378771781921387
80 2 429677 8192 0.2751505374908447
81 1 437869 534 0.0463871955871582
82 0 438485 82 0.041787147521972656
82 0 438567 82 0.04150843620300293
82 0 438649 82 0.04116010665893555
82 0 438731 82 0.041257381439208984
82 0 438813 82 0.04170942306518555
82 0 438895 82 0.04124617576599121
82 0 438977 82 0.04132890701293945
82 0 439059 82 0.04170680046081543
82 0 439141 82 0.04159402847290039
81 0 433381 81 0.042775630950927734
81 1 433386 3908 0.14118742942810059
82 0 437376 82 0.04545927047729492
82 0 437458 82 0.04378199577331543
82 0 437540 82 0.0428617000579834
82 0 437622 82 0.042670249938964844
82 0 437704 82 0.04293990135192871
82 0 437786 82 0.04288125038146973
82 0 437868 82 0.04299783706665039
82 0 437950 82 0.04302573204040527
82 0 438032 82 0.04390835762023926
80 0 427204 80 0.041039228439331055
80 2 427213 8192 0.2603156566619873
80 4 427628 8192 0.27933239936828613
83 1 435820 2848 0.11465597152709961
84 0 438752 84 0.044342041015625
84 0 438836 84 0.042250633239746094
84 0 438920 84 0.04208731651306152
83 0 437350 83 0.04396176338195801
82 2 429034 4497 0.1576700210571289
84 0 433615 84 0.045888662338256836
84 0 433699 84 0.04348278045654297
84 0 433783 84 0.04309368133544922
84 0 433867 84 0.04379701614379883
84 0 433951 84 0.0431063175201416
84 0 434035 84 0.043303728103637695
84 0 434119 84 0.04329228401184082
84 0 434203 84 0.04298520088195801
84 0 434287 84 0.04350447654724121
83 0 428393 83 0.04288005828857422
83 2 428400 8192 0.27974987030029297
84 1 436592 1924 0.08955216407775879
85 0 438601 85 0.046945810317993164
84 0 432245 84 0.04237627983093262
84 1 432249 5906 0.21098756790161133
85 0 438240 85 0.044039011001586914
85 0 438325 85 0.041921138763427734
85 0 438410 85 0.04160642623901367
85 0 438495 85 0.04168891906738281
85 0 438580 85 0.04161381721496582
85 0 438665 85 0.041594743728637695
85 0 438750 85 0.04146385192871094
85 0 438835 85 0.04159426689147949
85 0 438920 85 0.041563987731933594
85 0 439005 85 0.04128003120422363
85 0 439090 85 0.04154086112976074
84 0 436766 84 0.04151773452758789
84 0 436850 84 0.041716814041137695
84 0 436934 84 0.04127049446105957
84 0 437018 84 0.041318655014038086
84 0 437102 84 0.04141116142272949
84 0 437186 84 0.0412442684173584
84 0 437270 84 0.04137086868286133
84 0 437354 84 0.041765689849853516
84 0 437438 84 0.04149603843688965
84 0 437522 84 0.04161548614501953
84 0 437606 84 0.042226314544677734
83 0 431265 83 0.04162454605102539
83 2 431275 8053 0.27127504348754883
85 0 439413 85 0.04434370994567871
85 0 439498 85 0.042273759841918945
85 0 439583 85 0.04175448417663574
85 0 439668 85 0.0415496826171875
85 0 439753 85 0.04151654243469238
85 0 439838 85 0.04203963279724121
84 0 434128 84 0.042326927185058594
84 1 434132 5379 0.1955726146697998
85 0 439596 85 0.044684648513793945
85 0 439681 85 0.04286646842956543
85 0 439766 85 0.04208683967590332
85 0 439851 85 0.042272090911865234
85 0 439936 85 0.04287552833557129
84 0 431924 84 0.04217672348022461
84 2 431930 5685 0.18944048881530762
84 0 430031 84 0.04761695861816406
84 2 430037 7192 0.23984718322753906
86 0 437315 86 0.04723381996154785
86 0 437401 86 0.04505515098571777
86 0 437487 86 0.04478001594543457
86 0 437573 86 0.04445767402648926
86 0 437659 86 0.04430031776428223
86 0 437745 86 0.04455757141113281
86 0 437831 86 0.044527292251586914
86 0 437917 86 0.04465365409851074
86 0 438003 86 0.04439187049865723
86 0 438089 86 0.044281959533691406
86 0 438175 86 0.0444493293762207
86 0 438261 86 0.044303178787231445
86 0 438347 86 0.04430866241455078
86 0 438433 86 0.04946255683898926
86 0 438519 86 0.04534292221069336
86 0 438605 86 0.04485750198364258
85 0 435595 85 0.04401278495788574
85 0 435680 85 0.044904470443725586
84 0 427978 84 0.04006004333496094
84 2 427982 8192 0.2765970230102539
85 1 436174 3514 0.14002132415771484
86 0 439774 86 0.04607582092285156
86 0 439860 86 0.04432368278503418
86 0 439946 86 0.04356646537780762
86 0 440032 86 0.04367375373840332
86 0 440118 86 0.043732643127441406
86 0 440204 86 0.043686628341674805
86 0 440290 86 0.043782711029052734
86 0 440376 86 0.04410195350646973
86 0 440462 86 0.045201778411865234
85 0 434493 85 0.044030189514160156
84 3 427902 8191 0.25395798683166504
86 1 436093 2358 0.1137552261352539
87 0 438538 87 0.04409623146057129
87 0 438625 87 0.04291939735412598
86 0 434143 86 0.04097938537597656
86 1 434145 5290 0.19253063201904297
87 0 439522 87 0.04557156562805176
87 0 439609 87 0.04353022575378418
87 0 439696 87 0.04260659217834473
87 0 439783 87 0.0424962043762207
87 0 439870 87 0.04315900802612305
86 0 431467 86 0.04146933555603027
86 2 431469 4695 0.16245079040527344
88 0 436252 88 0.04485893249511719
88 0 436340 88 0.04226994514465332
88 0 436428 88 0.04210948944091797
87 0 432871 87 0.04060649871826172
87 1 432871 4744 0.17564129829406738
88 0 437703 88 0.0452275276184082
88 0 437791 88 0.0424802303314209
88 0 437879 88 0.0415494441986084
88 0 437967 88 0.04148054122924805
88 0 438055 88 0.04158329963684082
88 0 438143 88 0.04154777526855469
88 0 438231 88 0.041706085205078125
88 0 438319 88 0.04157233238220215
88 0 438407 88 0.04155611991882324
88 0 438495 88 0.0417938232421875
87 0 434159 87 0.04237961769104004
86 2 429589 8191 0.27022671699523926
87 1 437780 2039 0.10669255256652832
88 0 439907 88 0.04396867752075195
88 0 439995 88 0.04267716407775879
88 0 440083 88 0.04259920120239258
88 0 440171 88 0.04189276695251465
88 0 440259 88 0.042340993881225586
88 0 440347 88 0.042914628982543945
87 0 434636 87 0.04342031478881836
87 4 449118 1184 0.06093883514404297
91 0 450393 91 0.04470992088317871
91 0 450484 91 0.04366922378540039
91 0 450575 91 0.04352092742919922
91 0 450666 91 0.04384636878967285
91 0 450757 91 0.043504953384399414
91 0 450848 91 0.04358935356140137
91 0 450939 91 0.04364943504333496
91 0 451030 91 0.043642282485961914
91 0 451121 91 0.04341268539428711
91 0 451212 91 0.04341864585876465
91 0 451303 91 0.04411911964416504
91 0 451394 91 0.04337739944458008
91 0 451485 91 0.04340386390686035
91 0 451576 91 0.04330897331237793
91 0 451667 91 0.04331254959106445
91 0 451758 91 0.04337120056152344
91 0 451849 91 0.04348158836364746
91 0 451940 91 0.043431758880615234
91 0 452031 91 0.043164730072021484
91 0 452122 91 0.04335522651672363
91 0 452213 91 0.04352688789367676
91 0 452304 91 0.04415011405944824
91 0 452395 91 0.04333806037902832
91 0 452486 91 0.043474435806274414
91 0 452577 91 0.04345059394836426
91 0 452668 91 0.043365478515625
91 0 452759 91 0.04346060752868652
91 0 452850 91 0.043487548828125
91 0 452941 91 0.043704986572265625
90 0 450042 90 0.043622732162475586
90 1 450042 3954 0.1413426399230957
91 0 454087 91 0.046691179275512695
91 0 454178 91 0.04485654830932617
91 0 454269 91 0.04448580741882324
91 0 454360 91 0.04397106170654297
91 0 454451 91 0.04390311241149902
91 0 454542 91 0.044747114181518555
91 0 454633 91 0.0440211296081543
91 0 454724 91 0.0440678596496582
91 0 454815 91 0.04402613639831543
91 0 454906 91 0.0440220832824707
91 0 454997 91 0.043924570083618164
91 0 455088 91 0.04402470588684082
91 0 455179 91 0.04370236396789551
91 0 455270 91 0.0435788631439209
91 0 455361 91 0.04355049133300781
91 0 455452 91 0.044046640396118164
90 0 451519 90 0.043732404708862305
89 1 446714 4474 0.1658480167388916
90 0 451278 90 0.04531359672546387
90 0 451368 90 0.043554067611694336
90 0 451458 90 0.04311323165893555
90 0 451548 90 0.04343819618225098
90 0 451638 90 0.042636871337890625
90 0 451728 90 0.042681217193603516
90 0 451818 90 0.04313969612121582
89 0 449982 89 0.0409541130065918
89 0 450071 89 0.04133343696594238
89 0 450160 89 0.040961503982543945
89 0 450249 89 0.04080486297607422
89 0 450338 89 0.040625810623168945
89 0 450427 89 0.04100942611694336
88 0 445778 88 0.042908430099487305
88 2 445784 7983 0.26996374130249023
89 0 450873 89 0.05077219009399414
89 1 450875 3518 0.13257217407226562
90 0 454483 90 0.050328969955444336
89 0 448966 89 0.046578407287597656
89 1 448968 6676 0.24004912376403809
90 0 455734 90 0.04825544357299805
90 0 455824 90 0.04625391960144043
90 0 455914 90 0.04609823226928711
90 0 456004 90 0.046726226806640625
90 0 456094 90 0.04592394828796387
90 0 456184 90 0.04593038558959961
90 0 456274 90 0.04597878456115723
90 0 456364 90 0.04669618606567383
90 0 456454 90 0.04571270942687988
90 0 456544 90 0.04583001136779785
90 0 456634 90 0.04571247100830078
90 0 456724 90 0.046480655670166016
90 0 456814 90 0.04602980613708496
90 0 456904 90 0.046190500259399414
90 0 456994 90 0.04613494873046875
90 0 457084 90 0.04664802551269531
90 0 457174 90 0.04576897621154785
90 0 457264 90 0.046861886978149414
88 0 440037 88 0.039357662200927734
88 2 440041 8192 0.274233341217041
89 1 448233 3941 0.15140223503112793
90 0 452264 90 0.04655718803405762
90 0 452354 90 0.04480910301208496
89 0 446912 89 0.04522204399108887
88 2 440025 8191 0.2687203884124756
89 1 448216 1397 0.0751042366027832
90 0 449703 90 0.04737544059753418
90 0 449793 90 0.0461430549621582
90 0 449883 90 0.04570913314819336
89 0 442608 89 0.0464329719543457
89 1 442609 6703 0.24038338661193848
90 0 449402 90 0.04999279975891113
90 0 449492 90 0.0473790168762207
90 0 449582 90 0.046648502349853516
90 0 449672 90 0.04638409614562988
90 0 449762 90 0.0463864803314209
90 0 449852 90 0.04645800590515137
90 0 449942 90 0.04640769958496094
90 0 450032 90 0.04633450508117676
90 0 450122 90 0.04676055908203125
89 0 441349 89 0.04285931587219238
89 1 441352 6841 0.24327492713928223
90 0 448283 90 0.047826290130615234
90 0 448373 90 0.0461122989654541
90 0 448463 90 0.04555368423461914
90 0 448553 90 0.0460352897644043
89 0 443813 89 0.0442807674407959
89 1 443816 6657 0.2371525764465332
90 0 450563 90 0.04773259162902832
90 0 450653 90 0.04523015022277832
90 0 450743 90 0.04466843605041504
90 0 450833 90 0.044060707092285156
90 0 450923 90 0.044010162353515625
90 0 451013 90 0.04405498504638672
90 0 451103 90 0.04397869110107422
90 0 451193 90 0.04394888877868652
90 0 451283 90 0.043794870376586914
90 0 451373 90 0.04381728172302246
90 0 451463 90 0.043767690658569336
90 0 451553 90 0.04375314712524414
90 0 451643 90 0.043738603591918945
90 0 451733 90 0.044586181640625
90 0 451823 90 0.04427385330200195
90 0 451913 90 0.04473114013671875
90 0 452003 90 0.04467582702636719
90 0 452093 90 0.04532790184020996
90 0 452183 90 0.04447603225708008
90 0 452273 90 0.04456806182861328
90 0 452363 90 0.04462885856628418
90 0 452453 90 0.044997215270996094
90 0 452543 90 0.04493284225463867
90 0 452633 90 0.044667720794677734
90 0 452723 90 0.04452872276306152
90 0 452813 90 0.04457354545593262
90 0 452903 90 0.04441404342651367
90 0 452993 90 0.044368743896484375
90 0 453083 90 0.044332027435302734
90 0 453173 90 0.04472637176513672
89 0 448669 89 0.04668140411376953
89 1 448672 4854 0.1799001693725586
89 0 446495 89 0.04672074317932129
89 2 446499 5972 0.1981980800628662
91 0 452562 91 0.04778480529785156
91 0 452653 91 0.04557442665100098
91 0 452744 91 0.044619083404541016
91 0 452835 91 0.044564008712768555
91 0 452926 91 0.04525947570800781
90 0 446870 90 0.04352736473083496
90 1 446872 2366 0.10039258003234863
91 0 449329 91 0.04614615440368652
91 0 449420 91 0.04353213310241699
91 0 449511 91 0.042438507080078125
91 0 449602 91 0.04227638244628906
91 0 449693 91 0.042412757873535156
90 0 447543 90 0.04314446449279785
90 1 447544 5522 0.19923615455627441
91 0 453157 91 0.04557490348815918
91 0 453248 91 0.04347348213195801
91 0 453339 91 0.0438232421875
91 0 453430 91 0.04302215576171875
91 0 453521 91 0.0432734489440918
90 0 451601 90 0.04267692565917969
90 0 451691 90 0.04353475570678711
90 0 451781 90 0.04357647895812988
89 0 444865 89 0.04285573959350586
89 2 444869 7987 0.2599179744720459
91 0 452947 91 0.046898603439331055
91 0 453038 91 0.04509091377258301
89 0 440628 89 0.04429340362548828
89 2 440634 8192 0.2645406723022461
89 3 440354 8192 0.2778928279876709
91 1 448546 3502 0.13718581199645996
92 0 452140 92 0.0453031063079834
91 0 443970 91 0.045562744140625
90 2 438979 8191 0.2608170509338379
91 1 447170 1654 0.0898740291595459
92 0 448916 92 0.04387855529785156
91 0 444533 91 0.042804718017578125
90 2 438881 8191 0.26451563835144043
91 1 447072 3930 0.15746140480041504
92 0 451094 92 0.044209957122802734
92 0 451186 92 0.04209399223327637
92 0 451278 92 0.04226875305175781
91 0 443634 91 0.044101715087890625
91 2 443637 8032 0.2693023681640625
93 0 451762 93 0.04651784896850586
93 0 451855 93 0.044952392578125
93 0 451948 93 0.04427027702331543
93 0 452041 93 0.04470992088317871
93 0 452134 93 0.04423975944519043
93 0 452227 93 0.044176578521728516
93 0 452320 93 0.04428243637084961
93 0 452413 93 0.04509592056274414
92 0 446139 92 0.04380440711975098
92 0 446231 92 0.0444793701171875
92 0 446323 92 0.04405021667480469
92 0 446415 92 0.04421806335449219
92 0 446507 92 0.043811798095703125
92 0 446599 92 0.04380679130554199
92 0 446691 92 0.043833017349243164
92 0 446783 92 0.04373455047607422
92 0 446875 92 0.0437779426574707
92 0 446967 92 0.04396533966064453
92 0 447059 92 0.04454326629638672
91 0 438958 91 0.04145550727844238
91 2 438960 8192 0.2891712188720703
91 2 442813 8192 0.26408839225769043
91 1 447115 2313 0.11408424377441406
92 0 449520 92 0.044423580169677734
92 0 449612 92 0.043602943420410156
91 0 446136 91 0.042786598205566406
91 1 446137 6593 0.23424386978149414
92 0 452822 92 0.04569530487060547
92 0 452914 92 0.04326224327087402
92 0 453006 92 0.04284405708312988
92 0 453098 92 0.04373908042907715
91 0 446128 91 0.04281020164489746
91 1 446129 4037 0.1444077491760254
92 0 450258 92 0.04315781593322754
92 0 450350 92 0.04168248176574707
92 0 450442 92 0.04085516929626465
92 0 450534 92 0.040895700454711914
92 0 450626 92 0.04092574119567871
92 0 450718 92 0.04086899757385254
92 0 450810 92 0.04145646095275879
91 0 443991 91 0.04222416877746582
91 2 443992 7973 0.26847076416015625
93 0 452058 93 0.046004295349121094
93 0 452151 93 0.0433046817779541
93 0 452244 93 0.04305148124694824
93 0 452337 93 0.04288840293884277
92 0 446503 92 0.04215264320373535
92 2 446503 5344 0.1794896125793457
94 0 451941 94 0.04547119140625
94 0 452035 94 0.04337191581726074
94 0 452129 94 0.042951345443725586
94 0 452223 94 0.04313063621520996
93 0 445355 93 0.04212379455566406
93 2 445355 7923 0.2540011405944824
95 0 453373 95 0.04478573799133301
95 0 453468 95 0.042849063873291016
95 0 453563 95 0.04238176345825195
95 0 453658 95 0.04220461845397949
95 0 453753 95 0.042215585708618164
95 0 453848 95 0.042176008224487305
95 0 453943 95 0.04224824905395508
95 0 454038 95 0.04244732856750488
94 0 451828 94 0.04334306716918945
94 0 451922 94 0.04393768310546875
94 0 452016 94 0.043537139892578125
94 0 452110 94 0.04335284233093262
94 0 452204 94 0.04330563545227051
94 0 452298 94 0.04336047172546387
94 0 452392 94 0.04395270347595215
94 0 452486 94 0.043170928955078125
94 0 452580 94 0.043355464935302734
94 0 452674 94 0.04334211349487305
94 0 452768 94 0.04316449165344238
94 0 452862 94 0.04323697090148926
94 0 452956 94 0.043356895446777344
94 0 453050 94 0.0438382625579834
94 0 453144 94 0.04328012466430664
94 0 453238 94 0.043308258056640625
94 0 453332 94 0.04340815544128418
94 0 453426 94 0.043256282806396484
94 0 453520 94 0.04360151290893555
93 0 451378 93 0.043788909912109375
93 0 451471 93 0.04400134086608887
93 0 451564 93 0.04355955123901367
93 0 451657 93 0.0435788631439209
93 0 451750 93 0.04401206970214844
92 0 445720 92 0.04185128211975098
90 2 431180 8190 0.261843204498291
91 3 439374 8192 0.26326584815979004
92 1 444187 3710 0.15834355354309082
93 0 447990 93 0.04549002647399902
93 0 448083 93 0.044097185134887695
93 0 448176 93 0.04278230667114258
93 0 448269 93 0.04306769371032715
92 0 444708 92 0.044646501541137695
91 1 437856 6970 0.24617385864257812
91 0 436552 91 0.0437319278717041
91 2 436556 8192 0.2664463520050049
92 1 444748 4493 0.1872110366821289
93 0 449334 93 0.04360318183898926
93 0 449427 93 0.04184222221374512
93 0 449520 93 0.04148221015930176
93 0 449613 93 0.04206347465515137
93 0 449706 93 0.041455745697021484
93 0 449799 93 0.04143500328063965
93 0 449892 93 0.04150748252868652
93 0 449985 93 0.04171013832092285
92 0 447516 92 0.04276323318481445
92 0 447608 92 0.04377293586730957
92 0 447700 92 0.04319882392883301
92 0 447792 92 0.042984724044799805
92 0 447884 92 0.04291558265686035
92 0 447976 92 0.04345965385437012
91 0 441218 91 0.04040050506591797
91 1 441220 6221 0.22196245193481445
92 0 447533 92 0.04402303695678711
91 0 443247 91 0.04394078254699707
91 1 443250 3839 0.14179635047912598
91 0 439081 91 0.04860281944274902
91 1 439083 5942 0.21296143531799316
92 0 445117 92 0.04953622817993164
92 0 445209 92 0.04706597328186035
91 0 440306 91 0.04099535942077637
91 1 440308 6172 0.21925663948059082
92 0 446572 92 0.04415249824523926
92 0 446664 92 0.042043447494506836
91 0 439425 91 0.04203367233276367
91 2 439429 8192 0.26077866554260254
92 1 447621 1393 0.07044124603271484
93 0 449107 93 0.045409440994262695
93 0 449200 93 0.043112754821777344
92 0 446245 92 0.0424649715423584
92 1 446246 2589 0.10386037826538086
93 0 448928 93 0.04442143440246582
93 0 449021 93 0.04263901710510254
93 0 449114 93 0.04216909408569336
93 0 449207 93 0.0419766902923584
93 0 449300 93 0.04207205772399902
93 0 449393 93 0.04279637336730957
91 0 438736 91 0.04335737228393555
91 3 438736 8192 0.25060343742370605
93 2 446929 2970 0.11732053756713867
95 0 449994 95 0.04628729820251465
95 0 450089 95 0.04483366012573242
94 0 444606 94 0.04310131072998047
94 1 444609 1739 0.07965922355651855
95 0 446443 95 0.0454106330871582
95 0 446538 95 0.0443873405456543
95 0 446633 95 0.0437159538269043
94 0 439848 94 0.03992748260498047
94 2 439852 8192 0.27409815788269043
95 1 448044 1832 0.08848190307617188
96 0 449972 96 0.042180776596069336
96 0 450068 96 0.04088926315307617
96 0 450164 96 0.03982186317443848
96 0 450260 96 0.040003299713134766
95 0 446867 95 0.040813446044921875
95 1 446871 1792 0.08148407936096191
95 0 443254 95 0.043122291564941406
95 1 443258 5418 0.1968855857849121
96 0 448772 96 0.04268932342529297
96 0 448868 96 0.04137754440307617
96 0 448964 96 0.04082989692687988
95 0 443728 95 0.0403292179107666
95 2 443731 6030 0.20281100273132324
97 0 449858 97 0.04652690887451172
97 0 449955 97 0.04521298408508301
97 0 450052 97 0.04440593719482422
97 0 450149 97 0.044658660888671875
97 0 450246 97 0.04459857940673828
97 0 450343 97 0.04434537887573242
97 0 450440 97 0.04419398307800293
97 0 450537 97 0.04421854019165039
97 0 450634 97 0.04376721382141113
97 0 450731 97 0.0429081916809082
97 0 450828 97 0.0411219596862793
97 0 450925 97 0.04417109489440918
97 0 451022 97 0.04396390914916992
97 0 451119 97 0.04163217544555664
97 0 451216 97 0.04412412643432617
97 0 451313 97 0.04386115074157715
97 0 451410 97 0.044191837310791016
97 0 451507 97 0.044472455978393555
97 0 451604 97 0.0446317195892334
97 0 451701 97 0.04465293884277344
96 0 445028 96 0.04130125045776367
96 0 445124 96 0.042130470275878906
95 0 438318 95 0.04268980026245117
95 1 438319 7540 0.26531291007995605
96 0 445955 96 0.044927358627319336
96 0 446051 96 0.04303431510925293
96 0 446147 96 0.041823387145996094
96 0 446243 96 0.04181623458862305
96 0 446339 96 0.042017221450805664
96 0 446435 96 0.04157280921936035
95 0 440644 95 0.041150569915771484
94 2 436454 8191 0.289287805557251
95 1 444645 5060 0.18431353569030762
96 0 449801 96 0.04247570037841797
96 0 449897 96 0.040907859802246094
96 0 449993 96 0.040882110595703125
96 0 450089 96 0.04035449028015137
96 0 450185 96 0.04030179977416992
96 0 450281 96 0.04084181785583496
96 0 450377 96 0.040352582931518555
96 0 450473 96 0.04025149345397949
96 0 450569 96 0.04114270210266113
95 0 442384 95 0.041518211364746094
95 1 442385 7543 0.26427149772644043
96 0 450024 96 0.04314732551574707
96 0 450120 96 0.04186105728149414
95 0 441487 95 0.04174661636352539
95 1 441489 6743 0.24068522453308105
96 0 448328 96 0.0445551872253418
96 0 448424 96 0.04249262809753418
96 0 448520 96 0.042165517807006836
96 0 448616 96 0.04188418388366699
95 0 447213 95 0.04097270965576172
95 1 447214 2953 0.11385154724121094
96 0 450263 96 0.04398036003112793
96 0 450359 96 0.041749000549316406
96 0 450455 96 0.04094529151916504
96 0 450551 96 0.04089951515197754
96 0 450647 96 0.04114794731140137
96 0 450743 96 0.040845632553100586
96 0 450839 96 0.04097604751586914
96 0 450935 96 0.041271209716796875
95 0 448803 95 0.041939735412597656
95 0 448898 95 0.04285788536071777
95 0 448993 95 0.042246341705322266
95 0 449088 95 0.04187178611755371
95 0 449183 95 0.04184985160827637
95 0 449278 95 0.041690826416015625
95 0 449373 95 0.04191112518310547
95 0 449468 95 0.041777610778808594
95 0 449563 95 0.04180026054382324
95 0 449658 95 0.04173016548156738
95 0 449753 95 0.04291248321533203
94 0 442476 94 0.04044055938720703
93 2 439901 8191 0.2645266056060791
94 1 448092 2683 0.11771869659423828
95 0 450870 95 0.04197955131530762
95 0 450965 95 0.040253639221191406
95 0 451060 95 0.03958940505981445
95 0 451155 95 0.039617061614990234
95 0 451250 95 0.03975319862365723
95 0 451345 95 0.03967690467834473
95 0 451440 95 0.03964400291442871
95 0 451535 95 0.039899349212646484
95 0 451630 95 0.03965950012207031
95 0 451725 95 0.039513349533081055
95 0 451820 95 0.03993725776672363
95 0 451915 95 0.03954744338989258
95 0 452010 95 0.040143489837646484
94 0 443980 94 0.04315686225891113
93 2 441177 6481 0.22059106826782227
95 0 447753 95 0.04572868347167969
95 0 447848 95 0.042908668518066406
95 0 447943 95 0.04321932792663574
94 0 444648 94 0.04389810562133789
94 1 444649 4771 0.1782996654510498
94 0 445620 94 0.04383659362792969
94 2 445621 3992 0.13764429092407227
96 0 449709 96 0.04378175735473633
96 0 449805 96 0.04237222671508789
96 0 449901 96 0.04121804237365723
95 0 448289 95 0.04377102851867676
95 0 448384 95 0.04454827308654785
95 0 448479 95 0.044075965881347656
95 0 448574 95 0.043965816497802734
95 0 448669 95 0.04395270347595215
95 0 448764 95 0.04365420341491699
95 0 448859 95 0.043471336364746094
95 0 448954 95 0.043451786041259766
95 0 449049 95 0.04351305961608887
95 0 449144 95 0.0436100959777832
95 0 449239 95 0.04406547546386719
95 0 449334 95 0.04405331611633301
94 0 445030 94 0.0423433780670166
94 1 445030 3741 0.13997173309326172
95 0 448866 95 0.04477572441101074
95 0 448961 95 0.04281497001647949
95 0 449056 95 0.042932987213134766
94 0 442850 94 0.042433977127075195
93 3 435014 8191 0.25482630729675293
95 2 443209 4391 0.16497564315795898
97 0 447697 97 0.044415950775146484
97 0 447794 97 0.043016672134399414
97 0 447891 97 0.04127669334411621
97 0 447988 97 0.0426480770111084
97 0 448085 97 0.041457414627075195
97 0 448182 97 0.04315519332885742
96 0 441444 96 0.0409238338470459
96 3 441458 7770 0.24562454223632812
99 0 449327 99 0.04501080513000488
99 0 449426 99 0.04192805290222168
99 0 449525 99 0.042006731033325195
98 0 447487 98 0.041249752044677734
98 0 447585 98 0.0418241024017334
98 0 447683 98 0.04132199287414551
98 0 447781 98 0.04114985466003418
98 0 447879 98 0.04105663299560547
98 0 447977 98 0.04101157188415527
98 0 448075 98 0.041616201400756836
98 0 448173 98 0.0409543514251709
98 0 448271 98 0.04095292091369629
98 0 448369 98 0.04090142250061035
98 0 448467 98 0.040847063064575195
98 0 448565 98 0.04076361656188965
98 0 448663 98 0.040792226791381836
98 0 448761 98 0.04118657112121582
98 0 448859 98 0.04083967208862305
98 0 448957 98 0.04091811180114746
98 0 449055 98 0.04084205627441406
98 0 449153 98 0.041192054748535156
98 0 449251 98 0.04085946083068848
98 0 449349 98 0.040865421295166016
98 0 449447 98 0.040940284729003906
98 0 449545 98 0.04089236259460449
98 0 449643 98 0.04089069366455078
98 0 449741 98 0.041141510009765625
98 0 449839 98 0.041695356369018555
97 0 446542 97 0.04231691360473633
97 1 446545 4540 0.1693563461303711
97 0 444727 97 0.04382967948913574
96 1 437584 6897 0.24489927291870117
96 0 441915 96 0.047165870666503906
96 1 441919 6248 0.2224414348602295
97 0 448264 97 0.04354667663574219
96 0 445479 96 0.04525279998779297
96 1 445481 4913 0.18139219284057617
97 0 450491 97 0.04304933547973633
97 0 450588 97 0.0432589054107666
97 0 450685 97 0.04262399673461914
97 0 450782 97 0.043048858642578125
97 0 450879 97 0.04010438919067383
97 0 450976 97 0.04311728477478027
96 0 443912 96 0.042699575424194336
95 1 441061 6700 0.23783016204833984
96 0 447857 96 0.046141862869262695
96 0 447953 96 0.04255414009094238
96 0 448049 96 0.041466712951660156
96 0 448145 96 0.0413823127746582
96 0 448241 96 0.041967153549194336
94 0 442054 94 0.04144906997680664
94 2 442059 5457 0.18082785606384277
96 0 447612 96 0.0455167293548584
95 0 439917 95 0.042313575744628906
95 2 439919 6086 0.20451903343200684
97 0 446102 97 0.041330814361572266
97 0 446199 97 0.0409393310546875
97 0 446296 97 0.03953123092651367
97 0 446393 97 0.03971052169799805
96 0 444593 96 0.04357743263244629
95 2 438786 8191 0.2629680633544922
96 1 446977 1889 0.09978127479553223
97 0 448963 97 0.04390454292297363
95 0 442314 95 0.04292654991149902
95 2 442318 7134 0.229109525680542
96 0 447044 96 0.045058250427246094
95 1 441518 6429 0.22828292846679688
95 0 440972 95 0.044168710708618164
95 1 440973 6590 0.23047804832458496
96 0 447659 96 0.04478621482849121
96 0 447755 96 0.04199552536010742
96 0 447851 96 0.04126548767089844
96 0 447947 96 0.042001962661743164
95 0 439793 95 0.04051852226257324
95 1 439794 5853 0.20886850357055664
96 0 445743 96 0.043782711029052734
96 0 445839 96 0.04047131538391113
96 0 445935 96 0.04002666473388672
96 0 446031 96 0.03997492790222168
96 0 446127 96 0.03997993469238281
96 0 446223 96 0.04000353813171387
96 0 446319 96 0.04017519950866699
96 0 446415 96 0.04001975059509277
96 0 446511 96 0.040125131607055664
96 0 446607 96 0.03995537757873535
96 0 446703 96 0.039847612380981445
96 0 446799 96 0.03988146781921387
96 0 446895 96 0.03988456726074219
96 0 446991 96 0.03987312316894531
96 0 447087 96 0.04065537452697754
94 0 438104 94 0.03981494903564453
94 1 438105 8192 0.29077863693237305
94 1 446297 108 0.034090280532836914
95 0 446500 95 0.04409623146057129
95 0 446595 95 0.04342174530029297
95 0 446690 95 0.04340076446533203
95 0 446785 95 0.04350757598876953
95 0 446880 95 0.043405771255493164
95 0 446975 95 0.04347729682922363
95 0 447070 95 0.04348349571228027
95 0 447165 95 0.043602943420410156
95 0 447260 95 0.04335474967956543
95 0 447355 95 0.04373645782470703
94 0 442717 94 0.04335618019104004
94 1 442717 5157 0.186356782913208
95 0 447969 95 0.045714616775512695
95 0 448064 95 0.044493675231933594
95 0 448159 95 0.04423046112060547
94 0 441217 94 0.04247117042541504
94 1 441217 6122 0.21446657180786133
95 0 447434 95 0.04495382308959961
95 0 447529 95 0.04242372512817383
95 0 447624 95 0.042150020599365234
95 0 447719 95 0.0424351692199707
94 0 443001 94 0.040558815002441406
94 0 443095 94 0.04155755043029785
94 0 443189 94 0.04104757308959961
94 0 443283 94 0.040960073471069336
94 0 443377 94 0.04061007499694824
94 0 443471 94 0.04050183296203613
94 0 443565 94 0.04050016403198242
94 0 443659 94 0.04047107696533203
94 0 443753 94 0.04045724868774414
94 0 443847 94 0.04050731658935547
94 0 443941 94 0.04041242599487305
94 0 444035 94 0.04054594039916992
94 0 444129 94 0.04053235054016113
94 0 444223 94 0.04052233695983887
94 0 444317 94 0.04054522514343262
94 0 444411 94 0.040453195571899414
94 0 444505 94 0.04046297073364258
94 0 444599 94 0.0405576229095459
94 0 444693 94 0.040606021881103516
94 0 444787 94 0.04056119918823242
94 0 444881 94 0.0404813289642334
94 0 444975 94 0.04050040245056152
94 0 445069 94 0.04051327705383301
94 0 445163 94 0.04055905342102051
94 0 445257 94 0.04060816764831543
94 0 445351 94 0.04415249824523926
94 0 445445 94 0.0406954288482666
94 0 445539 94 0.0406193733215332
94 0 445633 94 0.04102611541748047
94 0 445727 94 0.041092872619628906
93 0 442152 93 0.0424039363861084
92 1 434972 8191 0.28983330726623535
92 2 443165 5926 0.21057915687561035
94 0 449185 94 0.046066999435424805
94 0 449279 94 0.04276323318481445
93 0 444518 93 0.04370856285095215
93 1 444522 3698 0.13587307929992676
94 0 448314 94 0.046777963638305664
93 0 445831 93 0.04191279411315918
93 0 445924 93 0.0429377555847168
92 0 442665 92 0.04282021522521973
92 1 442669 6033 0.21558523178100586
93 0 448795 93 0.046079158782958984
93 0 448888 93 0.04304957389831543
93 0 448981 93 0.043102264404296875
93 0 449074 93 0.04263877868652344
93 0 449167 93 0.04260826110839844
93 0 449260 93 0.04260730743408203
93 0 449353 93 0.042655229568481445
93 0 449446 93 0.042700767517089844
93 0 449539 93 0.04252743721008301
93 0 449632 93 0.04236769676208496
93 0 449725 93 0.04237103462219238
93 0 449818 93 0.04280900955200195
92 0 444697 92 0.045409202575683594
92 1 444699 5297 0.1903998851776123
93 0 450089 93 0.04901695251464844
93 0 450182 93 0.04662585258483887
93 0 450275 93 0.04603457450866699
93 0 450368 93 0.04614686965942383
93 0 450461 93 0.04639792442321777
92 0 443200 92 0.04378485679626465
92 1 443202 6629 0.23435473442077637
92 0 447925 92 0.04755830764770508
90 2 438686 7422 0.23969388008117676
91 0 439993 91 0.04587984085083008
91 1 439996 5484 0.1959676742553711
92 0 445572 92 0.04230666160583496
92 0 445664 92 0.04019308090209961
92 0 445756 92 0.03972601890563965
92 0 445848 92 0.03989386558532715
92 0 445940 92 0.03969717025756836
92 0 446032 92 0.03961634635925293
92 0 446124 92 0.039833784103393555
91 0 443213 91 0.041120052337646484
91 1 443215 6227 0.22082877159118652
92 0 449534 92 0.04377245903015137
92 0 449626 92 0.04150962829589844
92 0 449718 92 0.04118061065673828
92 0 449810 92 0.042038679122924805
90 0 441683 90 0.04123854637145996
90 1 441686 2960 0.11530804634094238
91 0 444737 91 0.04301953315734863
91 0 444828 91 0.0415806770324707
91 0 444919 91 0.041196346282958984
91 0 445010 91 0.041231393814086914
91 0 445101 91 0.04120969772338867
91 0 445192 91 0.04128885269165039
91 0 445283 91 0.0413973331451416
91 0 445374 91 0.04123520851135254
91 0 445465 91 0.04105734825134277
91 0 445556 91 0.04100370407104492
91 0 445647 91 0.041452646255493164
91 0 445738 91 0.04113411903381348
91 0 445829 91 0.04106783866882324
91 0 445920 91 0.04149270057678223
91 0 446011 91 0.04101443290710449
91 0 446102 91 0.04128623008728027
90 0 444068 90 0.04109978675842285
90 1 444070 6484 0.2283172607421875
91 0 450645 91 0.044559478759765625
91 0 450736 91 0.04279470443725586
90 0 444342 90 0.042923688888549805
90 1 444343 3245 0.11927366256713867
91 0 447679 91 0.04301857948303223
90 0 443823 90 0.042220115661621094
90 1 443823 6536 0.2299187183380127
90 0 446486 90 0.046825408935546875
90 0 446576 90 0.04444122314453125
90 0 446666 90 0.043958425521850586
90 0 446756 90 0.04370546340942383
90 0 446846 90 0.04358625411987305
90 0 446936 90 0.043593645095825195
90 0 447026 90 0.04370617866516113
90 0 447116 90 0.04351043701171875
90 0 447206 90 0.0432431697845459
90 0 447296 90 0.04357194900512695
89 0 444931 89 0.039361000061035156
89 0 445020 89 0.04036974906921387
89 0 445109 89 0.03954267501831055
89 0 445198 89 0.039725542068481445
88 0 440767 88 0.039716482162475586
88 2 440767 5800 0.19052886962890625
90 0 446657 90 0.043877601623535156
90 0 446747 90 0.04200029373168945
90 0 446837 90 0.04095816612243652
90 0 446927 90 0.04096174240112305
90 0 447017 90 0.04209017753601074
89 0 440998 89 0.04182124137878418
88 2 437126 8191 0.2606813907623291
89 1 445317 2336 0.11396408081054688
90 0 447743 90 0.04377007484436035
90 0 447833 90 0.04173636436462402
90 0 447923 90 0.041353464126586914
90 0 448013 90 0.04137158393859863
90 0 448103 90 0.041637420654296875
89 0 445548 89 0.03978276252746582
89 0 445637 89 0.040551185607910156
89 0 445726 89 0.04012727737426758
89 0 445815 89 0.03981637954711914
89 0 445904 89 0.03971982002258301
89 0 445993 89 0.03969311714172363
89 0 446082 89 0.03983783721923828
89 0 446171 89 0.039694786071777344
89 0 446260 89 0.04001355171203613
88 0 442844 88 0.042545318603515625
88 0 442932 88 0.04348039627075195
88 0 443020 88 0.04307961463928223
88 0 443108 88 0.04271245002746582
88 0 443196 88 0.042582035064697266
88 0 443284 88 0.04259157180786133
88 0 443372 88 0.04259443283081055
88 0 443460 88 0.042960166931152344
88 0 443548 88 0.0425715446472168
88 0 443636 88 0.04259538650512695
88 0 443724 88 0.0425264835357666
88 0 443812 88 0.04294848442077637
87 0 440412 87 0.042710065841674805
87 0 440499 87 0.044155120849609375
86 0 433227 86 0.0381777286529541
86 2 433232 8192 0.28608226776123047
87 1 441424 5196 0.18850159645080566
88 0 446708 88 0.04470944404602051
88 0 446796 88 0.042485952377319336
88 0 446884 88 0.04145383834838867
88 0 446972 88 0.04121828079223633
88 0 447060 88 0.0412602424621582
88 0 447148 88 0.04159045219421387
87 0 442727 87 0.03957819938659668
86 2 434895 6856 0.23051834106445312
88 0 441839 88 0.04364299774169922
88 0 441927 88 0.041013479232788086
88 0 442015 88 0.040343523025512695
88 0 442103 88 0.04006242752075195
88 0 442191 88 0.040047407150268555
88 0 442279 88 0.04004406929016113
88 0 442367 88 0.04077935218811035
87 0 433533 87 0.03779196739196777
87 0 433620 87 0.038576602935791016
87 0 433707 87 0.038076162338256836
87 0 433794 87 0.037833213806152344
87 0 433881 87 0.038172006607055664
87 0 433968 87 0.0375823974609375
87 0 434055 87 0.037634849548339844
87 0 434142 87 0.03757905960083008
87 0 434229 87 0.037635087966918945
87 0 434316 87 0.03766894340515137
87 0 434403 87 0.03753829002380371
87 0 434490 87 0.037569284439086914
87 0 434577 87 0.03815054893493652
86 0 427227 86 0.04165983200073242
85 2 421256 8191 0.41867756843566895
86 2 429448 8192 0.26823878288269043
87 1 437640 153 0.03502249717712402
88 0 437881 88 0.04251599311828613
88 0 437969 88 0.04220271110534668
88 0 438057 88 0.04275155067443848
86 0 429765 86 0.04022407531738281
86 1 429768 8122 0.2874786853790283
86 0 429035 86 0.04250788688659668
86 1 429038 4289 0.1608257293701172
87 0 433414 87 0.042172908782958984
87 0 433501 87 0.0406956672668457
87 0 433588 87 0.04034590721130371
87 0 433675 87 0.040174245834350586
87 0 433762 87 0.040047407150268555
87 0 433849 87 0.03996777534484863
87 0 433936 87 0.039855003356933594
87 0 434023 87 0.03984665870666504
87 0 434110 87 0.04085803031921387
87 0 434197 87 0.04017496109008789
87 0 434284 87 0.03993701934814453
87 0 434371 87 0.03989911079406738
87 0 434458 87 0.039949655532836914
87 0 434545 87 0.040111541748046875
86 0 432699 86 0.038697004318237305
86 0 432785 86 0.03914213180541992
86 0 432871 86 0.039086341857910156
85 0 429116 85 0.03947925567626953
85 1 429116 7402 0.26061367988586426
86 0 436604 86 0.04219961166381836
86 0 436690 86 0.03993511199951172
86 0 436776 86 0.03886914253234863
86 0 436862 86 0.03864002227783203
86 0 436948 86 0.038562774658203125
86 0 437034 86 0.03853559494018555
86 0 437120 86 0.03860902786254883
86 0 437206 86 0.03861212730407715
86 0 437292 86 0.03861546516418457
86 0 437378 86 0.03835105895996094
86 0 437464 86 0.03828787803649902
86 0 437550 86 0.03830671310424805
86 0 437636 86 0.038724660873413086
86 0 437722 86 0.038707733154296875
86 0 437808 86 0.03845787048339844
86 0 437894 86 0.0383450984954834
86 0 437980 86 0.03854823112487793
86 0 438066 86 0.03856182098388672
86 0 438152 86 0.039020538330078125
85 0 431270 85 0.04052472114562988
84 2 428257 8191 0.2772352695465088
85 1 436448 2995 0.11994814872741699
86 0 439529 86 0.04298233985900879
86 0 439615 86 0.04114389419555664
86 0 439701 86 0.04121994972229004
85 0 432630 85 0.04025888442993164
85 1 432676 6998 0.246870756149292
86 0 439760 86 0.04645204544067383
86 0 439846 86 0.043990373611450195
86 0 439932 86 0.04376363754272461
85 0 435237 85 0.03997540473937988
85 0 435322 85 0.04021596908569336
85 0 435407 85 0.040433645248413086
84 0 428182 84 0.04069828987121582
84 2 428182 8192 0.26689887046813965
85 2 436378 1912 0.08382296562194824
87 0 438377 87 0.0458216667175293
85 0 424558 85 0.04238414764404297
84 2 417432 8191 0.2602667808532715
85 3 425625 8192 0.2847731113433838
87 1 433817 4230 0.16245698928833008
88 0 438135 88 0.04244089126586914
88 0 438223 88 0.04080605506896973
88 0 438311 88 0.04046130180358887
88 0 438399 88 0.04055523872375488
88 0 438487 88 0.04083847999572754
87 0 436508 87 0.04122328758239746
87 1 436510 2037 0.08796477317810059
88 0 438635 88 0.042474985122680664
88 0 438723 88 0.041304826736450195
87 0 434717 87 0.03896641731262207
87 1 434719 3144 0.11707949638366699
88 0 437951 88 0.04226946830749512
88 0 438039 88 0.03968000411987305
88 0 438127 88 0.039795637130737305
88 0 438215 88 0.04017281532287598
88 0 438303 88 0.03936123847961426
88 0 438391 88 0.03930091857910156
88 0 438479 88 0.039791107177734375
87 0 433066 87 0.03935384750366211
87 0 433153 87 0.0394291877746582
87 0 433240 87 0.039166927337646484
87 0 433327 87 0.039017438888549805
87 0 433414 87 0.03968667984008789
87 0 433501 87 0.03980541229248047
87 0 433588 87 0.03913760185241699
87 0 433675 87 0.03977799415588379
87 0 433762 87 0.03950023651123047
87 0 433849 87 0.039400339126586914
87 0 433936 87 0.03964829444885254
87 0 434023 87 0.03960442543029785
87 0 434110 87 0.03969764709472656
87 0 434197 87 0.03990030288696289
87 0 434284 87 0.04065346717834473
85 0 425007 85 0.03938889503479004
85 2 425009 8192 0.2835867404937744
86 2 433202 3090 0.11654400825500488
88 0 436380 88 0.0431828498840332
88 0 436468 88 0.041658878326416016
88 0 436556 88 0.040520668029785156
88 0 436644 88 0.040579795837402344
88 0 436732 88 0.04032111167907715
88 0 436820 88 0.04025006294250488
88 0 436908 88 0.04073357582092285
87 0 431209 87 0.04134321212768555
87 2 431213 5587 0.1843721866607666
89 0 436889 89 0.043477535247802734
89 0 436978 89 0.041619300842285156
89 0 437067 89 0.04104876518249512
89 0 437156 89 0.04110360145568848
89 0 437245 89 0.04083561897277832
89 0 437334 89 0.04084205627441406
89 0 437423 89 0.04115176200866699
89 0 437512 89 0.041396379470825195
89 0 437601 89 0.04140806198120117
89 0 437690 89 0.041468143463134766
88 0 435022 88 0.04165935516357422
87 1 428440 6963 0.24512434005737305
88 0 435491 88 0.04386186599731445
88 0 435579 88 0.041997432708740234
88 0 435667 88 0.041408538818359375
88 0 435755 88 0.04179120063781738
88 0 435843 88 0.04081845283508301
88 0 435931 88 0.040589094161987305
88 0 436019 88 0.04107046127319336
88 0 436107 88 0.04047870635986328
88 0 436195 88 0.040633201599121094
88 0 436283 88 0.04101729393005371
88 0 436371 88 0.04004192352294922
88 0 436459 88 0.03989148139953613
88 0 436547 88 0.040429115295410156
88 0 436635 88 0.040683746337890625
88 0 436723 88 0.04082083702087402
88 0 436811 88 0.041558265686035156
88 0 436899 88 0.04069709777832031
88 0 436987 88 0.040634870529174805
88 0 437075 88 0.04217386245727539
87 0 431909 87 0.039995431900024414
87 1 431910 5858 0.20907902717590332
88 0 437856 88 0.04386329650878906
88 0 437944 88 0.04184436798095703
87 0 436154 87 0.04160594940185547
87 1 436155 2149 0.0933680534362793
88 0 438392 88 0.043183088302612305
88 0 438480 88 0.04151177406311035
88 0 438568 88 0.04114818572998047
88 0 438656 88 0.04105520248413086
88 0 438744 88 0.041077375411987305
88 0 438832 88 0.041182518005371094
88 0 438920 88 0.041159629821777344
88 0 439008 88 0.0410311222076416
88 0 439096 88 0.040753841400146484
88 0 439184 88 0.04104161262512207
87 0 433589 87 0.03982424736022949
87 1 433590 4870 0.17942023277282715
88 0 438548 88 0.043382883071899414
88 0 438636 88 0.04124879837036133
88 0 438724 88 0.04029512405395508
88 0 438812 88 0.04015994071960449
88 0 438900 88 0.04009079933166504
88 0 438988 88 0.04008984565734863
88 0 439076 88 0.04008030891418457
88 0 439164 88 0.04007911682128906
88 0 439252 88 0.040056705474853516
88 0 439340 88 0.0399172306060791
88 0 439428 88 0.03995037078857422
88 0 439516 88 0.039965152740478516
88 0 439604 88 0.04005098342895508
88 0 439692 88 0.040082693099975586
88 0 439780 88 0.0404818058013916
87 0 435062 87 0.04011893272399902
87 0 435149 87 0.04068303108215332
87 0 435236 87 0.04055666923522949
87 0 435323 87 0.04046511650085449
87 0 435410 87 0.040581703186035156
87 0 435497 87 0.04081892967224121
87 0 435584 87 0.04060006141662598
87 0 435671 87 0.04052543640136719
87 0 435758 87 0.04129981994628906
86 0 432769 86 0.03890633583068848
85 2 424741 8191 0.2681891918182373
86 1 432932 5801 0.22577738761901855
87 0 438820 87 0.040512800216674805
87 0 438907 87 0.03902769088745117
87 0 438994 87 0.03828144073486328
87 0 439081 87 0.03863382339477539
87 0 439168 87 0.03861832618713379
87 0 439255 87 0.03923749923706055
87 0 439342 87 0.03985714912414551
87 0 439429 87 0.03901052474975586
87 0 439516 87 0.0390782356262207
87 0 439603 87 0.03915214538574219
87 0 439690 87 0.03981947898864746
85 0 430721 85 0.04236912727355957
85 1 430722 1379 0.06299400329589844
85 0 425926 85 0.043408870697021484
85 1 425926 7532 0.26413440704345703
86 0 433544 86 0.04447770118713379
86 0 433630 86 0.04235720634460449
86 0 433716 86 0.0424494743347168
86 0 433802 86 0.04141068458557129
86 0 433888 86 0.04161500930786133
86 0 433974 86 0.04166984558105469
86 0 434060 86 0.04174327850341797
86 0 434146 86 0.042021989822387695
86 0 434232 86 0.04191112518310547
86 0 434318 86 0.04177284240722656
86 0 434404 86 0.04237675666809082
85 0 428886 85 0.04024767875671387
85 3 428893 8192 0.2574596405029297
87 1 437085 1245 0.06810927391052246
88 0 438418 88 0.04223775863647461
88 0 438506 88 0.04184079170227051
87 0 432223 87 0.04258561134338379
87 1 432224 2879 0.11416339874267578
87 0 431523 87 0.043640851974487305
87 0 431610 87 0.0422818660736084
87 0 431697 87 0.0419769287109375
87 0 431784 87 0.04185938835144043
87 0 431871 87 0.04190349578857422
86 0 430299 86 0.04226040840148926
86 1 430299 8068 0.2843477725982666
87 0 438454 87 0.04518747329711914
87 0 438541 87 0.04360556602478027
87 0 438628 87 0.04362034797668457
86 0 435061 86 0.04190635681152344
86 1 435061 2843 0.11253595352172852
87 0 437991 87 0.0452728271484375
87 0 438078 87 0.04196643829345703
87 0 438165 87 0.041326045989990234
87 0 438252 87 0.041146278381347656
87 0 438339 87 0.041090965270996094
87 0 438426 87 0.0415346622467041
87 0 438513 87 0.04152679443359375
87 0 438600 87 0.04171586036682129
87 0 438687 87 0.04189157485961914
87 0 438774 87 0.041710615158081055
87 0 438861 87 0.041676998138427734
87 0 438948 87 0.041683197021484375
87 0 439035 87 0.041510581970214844
87 0 439122 87 0.0415189266204834
87 0 439209 87 0.04157876968383789
87 0 439296 87 0.0414125919342041
87 0 439383 87 0.041417598724365234
87 0 439470 87 0.04169797897338867
86 0 436652 86 0.04320025444030762
86 1 436653 2717 0.10735750198364258
87 0 439457 87 0.04539012908935547
87 0 439544 87 0.043679237365722656
87 0 439631 87 0.043440818786621094
87 0 439718 87 0.04321575164794922
87 0 439805 87 0.04384326934814453
86 0 432435 86 0.044198036193847656
86 1 432435 5875 0.2074282169342041
87 0 438397 87 0.046613216400146484
87 0 438484 87 0.04542064666748047
86 0 432718 86 0.043222665786743164
86 1 432720 6986 0.2469921112060547
87 0 439793 87 0.04546642303466797
87 0 439880 87 0.04249262809753418
87 0 439967 87 0.04275226593017578
85 0 425401 85 0.04362082481384277
85 2 425404 7857 0.255321741104126
87 0 433348 87 0.04700326919555664
87 0 433435 87 0.04441332817077637
87 0 433522 87 0.04376411437988281
87 0 433609 87 0.04388618469238281
87 0 433696 87 0.04366183280944824
87 0 433783 87 0.04424786567687988
87 0 433870 87 0.044059038162231445
86 0 430699 86 0.04068636894226074
86 1 430701 6854 0.2373790740966797
86 0 436219 86 0.044562578201293945
86 0 436305 86 0.043784379959106445
85 0 429241 85 0.04199862480163574
84 2 425717 8191 0.26131129264831543
84 3 427636 7889 0.2681913375854492
87 0 435612 87 0.045513153076171875
87 0 435699 87 0.043088436126708984
87 0 435786 87 0.04232645034790039
87 0 435873 87 0.04218745231628418
86 0 431906 86 0.043538808822631836
86 1 431906 6071 0.21468162536621094
87 0 438064 87 0.045588016510009766
87 0 438151 87 0.04420280456542969
87 0 438238 87 0.04391741752624512
87 0 438325 87 0.044945478439331055
86 0 432459 86 0.04403281211853027
86 2 432459 6052 0.19959616661071777
88 0 438599 88 0.046349287033081055
88 0 438687 88 0.04490828514099121
88 0 438775 88 0.044036149978637695
88 0 438863 88 0.043924570083618164
88 0 438951 88 0.043725013732910156
88 0 439039 88 0.043785810470581055
88 0 439127 88 0.04385209083557129
88 0 439215 88 0.04376697540283203
88 0 439303 88 0.04363083839416504
88 0 439391 88 0.044109344482421875
88 0 439479 88 0.04363536834716797
88 0 439567 88 0.04371309280395508
88 0 439655 88 0.04401063919067383
87 0 433670 87 0.043378591537475586
87 1 433670 5473 0.19419598579406738
88 0 439231 88 0.045583248138427734
88 0 439319 88 0.04410243034362793
88 0 439407 88 0.04379153251647949
88 0 439495 88 0.04493975639343262
87 0 432778 87 0.043380022048950195
86 1 431071 7094 0.246171236038208
87 0 438252 87 0.042743682861328125
87 0 438339 87 0.04134249687194824
87 0 438426 87 0.041362762451171875
87 0 438513 87 0.04114389419555664
87 0 438600 87 0.04099774360656738
87 0 438687 87 0.04092741012573242
87 0 438774 87 0.04099893569946289
87 0 438861 87 0.04105067253112793
87 0 438948 87 0.04116940498352051
86 0 436720 86 0.042146921157836914
86 2 439725 88 0.03526711463928223
87 0 437659 87 0.0412747859954834
87 2 437659 4336 0.15521717071533203
89 0 442084 89 0.04503202438354492
88 0 437367 88 0.04180026054382324
88 1 437369 2695 0.10892105102539062
89 0 440153 89 0.04600691795349121
89 0 440242 89 0.043433189392089844
89 0 440331 89 0.04294180870056152
89 0 440420 89 0.04275774955749512
89 0 440509 89 0.04260969161987305
89 0 440598 89 0.04256772994995117
89 0 440687 89 0.04283428192138672
89 0 440776 89 0.043331146240234375
89 0 440865 89 0.04276776313781738
89 0 440954 89 0.043447017669677734
88 0 435009 88 0.041062116622924805
88 2 435013 6064 0.19953417778015137
90 0 441167 90 0.046922922134399414
89 0 432375 89 0.04387712478637695
89 1 432377 6320 0.22371983528137207
90 0 438787 90 0.04385495185852051
90 0 438877 90 0.04288482666015625
89 0 431882 89 0.04175615310668945
89 2 431884 8192 0.2621948719024658
90 1 440076 966 0.056848764419555664
91 0 441133 91 0.04340362548828125
91 0 441224 91 0.042125701904296875
91 0 441315 91 0.04155993461608887
91 0 441406 91 0.041440486907958984
91 0 441497 91 0.04195737838745117
91 0 441588 91 0.042505741119384766
91 0 441679 91 0.04217672348022461
90 0 437441 90 0.039757490158081055
90 1 437443 4674 0.1724529266357422
91 0 442208 91 0.044695138931274414
90 0 438212 90 0.04319572448730469
90 0 438302 90 0.04278087615966797
90 0 438392 90 0.042403459548950195
90 0 438482 90 0.043176889419555664
89 0 432579 89 0.04312300682067871
87 1 424889 8190 0.290130615234375
87 3 433083 7318 0.25254273414611816
89 0 435605 89 0.047237396240234375
89 1 435607 5421 0.19385910034179688
89 0 435232 89 0.04856514930725098
89 1 435234 5755 0.20407581329345703
90 0 441079 90 0.049619197845458984
89 0 433406 89 0.04450798034667969
89 2 433409 6729 0.22530841827392578
91 0 440229 91 0.04642844200134277
91 0 440320 91 0.045291900634765625
91 0 440411 91 0.04384803771972656
91 0 440502 91 0.04385495185852051
91 0 440593 91 0.04351353645324707
91 0 440684 91 0.043660879135131836
91 0 440775 91 0.04390883445739746
91 0 440866 91 0.043921709060668945
91 0 440957 91 0.04354143142700195
91 0 441048 91 0.043184518814086914
91 0 441139 91 0.04355025291442871
91 0 441230 91 0.04369497299194336
91 0 441321 91 0.04377460479736328
91 0 441412 91 0.043151140213012695
91 0 441503 91 0.04311370849609375
91 0 441594 91 0.04361391067504883
91 0 441685 91 0.044440507888793945
91 0 441776 91 0.04347848892211914
91 0 441867 91 0.04349708557128906
91 0 441958 91 0.04394268989562988
91 0 442049 91 0.04423260688781738
90 0 436660 90 0.04371356964111328
90 0 436750 90 0.043660640716552734
90 0 436840 90 0.04349780082702637
90 0 436930 90 0.04442191123962402
90 0 437020 90 0.04362344741821289
90 0 437110 90 0.04335474967956543
90 0 437200 90 0.043175697326660156
90 0 437290 90 0.04415392875671387
90 0 437380 90 0.043610334396362305
90 0 437470 90 0.043871164321899414
89 0 432848 89 0.04226326942443848
89 1 432848 6634 0.23320627212524414
90 0 439572 90 0.04604601860046387
90 0 439662 90 0.04325556755065918
90 0 439752 90 0.043627023696899414
89 0 431431 89 0.043660640716552734
89 1 431431 7887 0.2795259952545166
90 0 439408 90 0.04781532287597656
90 0 439498 90 0.044792890548706055
90 0 439588 90 0.04440641403198242
90 0 439678 90 0.044111013412475586
90 0 439768 90 0.04477429389953613
90 0 439858 90 0.04472756385803223
89 0 431493 89 0.0407412052154541
89 1 431494 6925 0.24566316604614258
90 0 438509 90 0.044576406478881836
90 0 438599 90 0.04321765899658203
89 0 435730 89 0.04390883445739746
89 1 435731 5865 0.20976853370666504
90 0 441686 90 0.04682493209838867
89 0 434815 89 0.042186737060546875
89 2 434817 6554 0.21439766883850098
91 0 441462 91 0.044381141662597656
91 0 441553 91 0.04234504699707031
91 0 441644 91 0.04177355766296387
91 0 441735 91 0.04186725616455078
91 0 441826 91 0.04190850257873535
91 0 441917 91 0.04175996780395508
91 0 442008 91 0.0421600341796875
91 0 442099 91 0.04169917106628418
91 0 442190 91 0.041893720626831055
91 0 442281 91 0.041543006896972656
91 0 442372 91 0.04135847091674805
91 0 442463 91 0.04127311706542969
91 0 442554 91 0.04128670692443848
91 0 442645 91 0.04123806953430176
91 0 442736 91 0.04159688949584961
90 0 437306 90 0.044832706451416016
90 0 437396 90 0.04431915283203125
89 0 431949 89 0.04169178009033203
89 1 431949 7742 0.27518224716186523
90 0 439781 90 0.048090457916259766
89 0 432515 89 0.042291879653930664
89 3 432516 8192 0.2533726692199707
90 2 433765 7945 0.2790384292602539
92 0 441802 92 0.045665740966796875
92 0 441894 92 0.04377245903015137
91 0 440462 91 0.043091773986816406
91 0 440553 91 0.04316544532775879
91 0 440644 91 0.042574167251586914
91 0 440735 91 0.04226493835449219
91 0 440826 91 0.042062997817993164
91 0 440917 91 0.042646169662475586
90 0 433855 90 0.04416251182556152
90 2 433855 6173 0.20950865745544434
92 0 440120 92 0.04740500450134277
92 0 440212 92 0.04529595375061035
91 0 433583 91 0.044278860092163086
91 2 433583 4747 0.1657257080078125
93 0 438423 93 0.04612851142883301
93 0 438516 93 0.0445706844329834
93 0 438609 93 0.04423332214355469
93 0 438702 93 0.04432082176208496
93 0 438795 93 0.04457879066467285
93 0 438888 93 0.044332027435302734
93 0 438981 93 0.044618844985961914
93 0 439074 93 0.044504404067993164
93 0 439167 93 0.04420042037963867
93 0 439260 93 0.04445767402648926
92 0 435891 92 0.04383969306945801
92 1 435893 4539 0.16879534721374512
93 0 440525 93 0.04657101631164551
93 0 440618 93 0.04588890075683594
93 0 440711 93 0.04536700248718262
93 0 440804 93 0.045442819595336914
93 0 440897 93 0.04505753517150879
93 0 440990 93 0.0449986457824707
93 0 441083 93 0.044768333435058594
93 0 441176 93 0.04493379592895508
92 0 434221 92 0.04409146308898926
92 1 434222 4606 0.16959905624389648
93 0 438921 93 0.0475621223449707
93 0 439014 93 0.044651031494140625
93 0 439107 93 0.04434680938720703
93 0 439200 93 0.04428267478942871
93 0 439293 93 0.04461479187011719
93 0 439386 93 0.04415464401245117
93 0 439479 93 0.04410815238952637
93 0 439572 93 0.044222116470336914
93 0 439665 93 0.04442095756530762
93 0 439758 93 0.04442405700683594
92 0 436110 92 0.04402780532836914
92 1 436112 4070 0.14354586601257324
93 0 440275 93 0.04650306701660156
93 0 440368 93 0.04491472244262695
93 0 440461 93 0.04433417320251465
93 0 440554 93 0.04427528381347656
93 0 440647 93 0.0443572998046875
93 0 440740 93 0.044568777084350586
93 0 440833 93 0.04435896873474121
93 0 440926 93 0.044492244720458984
92 0 438116 92 0.0410614013671875
92 0 438208 92 0.04180455207824707
92 0 438300 92 0.04207324981689453
91 0 430708 91 0.03885030746459961
91 2 430708 5854 0.1909031867980957
93 0 436655 93 0.04211306571960449
93 0 436748 93 0.04024100303649902
93 0 436841 93 0.03941798210144043
93 0 436934 93 0.03929853439331055
93 0 437027 93 0.039113759994506836
93 0 437120 93 0.03898763656616211
93 0 437213 93 0.03902029991149902
93 0 437306 93 0.03901791572570801
93 0 437399 93 0.03897738456726074
93 0 437492 93 0.0386967658996582
93 0 437585 93 0.038626670837402344
93 0 437678 93 0.03869152069091797
93 0 437771 93 0.03872513771057129
93 0 437864 93 0.038797616958618164
93 0 437957 93 0.038680315017700195
93 0 438050 93 0.03878045082092285
93 0 438143 93 0.03890228271484375
93 0 438236 93 0.03891324996948242
93 0 438329 93 0.03944277763366699
92 0 431663 92 0.0395963191986084
92 1 431663 7459 0.26352953910827637
93 0 439215 93 0.041016340255737305
93 0 439308 93 0.039080142974853516
93 0 439401 93 0.038649559020996094
93 0 439494 93 0.03877615928649902
93 0 439587 93 0.03842663764953613
93 0 439680 93 0.03904151916503906
92 0 433525 92 0.038983821868896484
92 2 434602 5038 0.18442916870117188
93 0 436622 93 0.04600691795349121
92 1 432071 3383 0.12598395347595215
93 0 435547 93 0.04452371597290039
93 0 435640 93 0.042218923568725586
93 0 435733 93 0.04159426689147949
93 0 435826 93 0.04154324531555176
93 0 435919 93 0.04182147979736328
92 0 430167 92 0.04309582710266113
92 1 430167 6698 0.23748373985290527
93 0 436958 93 0.04706835746765137
93 0 437051 93 0.0435636043548584
92 0 434712 92 0.04185318946838379
92 1 434712 6793 0.23694515228271484
93 0 441598 93 0.0437619686126709
93 0 441691 93 0.042371273040771484
93 0 441784 93 0.04216885566711426
92 0 438418 92 0.042139530181884766
91 0 435846 91 0.042270660400390625
91 0 435937 91 0.042935848236083984
91 0 436028 91 0.04199075698852539
91 0 436119 91 0.041852712631225586
91 0 436210 91 0.042088985443115234
90 0 432024 90 0.04115700721740723
90 1 432025 7990 0.28397440910339355
91 0 440106 91 0.04509139060974121
90 0 437149 90 0.04126238822937012
90 0 437239 90 0.04068422317504883
90 0 437329 90 0.04081010818481445
89 0 431503 89 0.040567636489868164
89 1 431503 5865 0.20763301849365234
90 0 437458 90 0.0449223518371582
89 0 433790 89 0.0439000129699707
89 1 433791 3965 0.14124798774719238
90 0 437846 90 0.04456806182861328
90 0 437936 90 0.042363882064819336
90 0 438026 90 0.041635990142822266
90 0 438116 90 0.04170107841491699
89 0 436233 89 0.042204856872558594
89 0 436322 89 0.04257082939147949
89 0 436411 89 0.04231095314025879
89 0 436500 89 0.04221320152282715
89 0 436589 89 0.04203987121582031
89 0 436678 89 0.04194784164428711
89 0 436767 89 0.04196357727050781
89 0 436856 89 0.04202747344970703
89 0 436945 89 0.04245352745056152
89 0 437034 89 0.04198503494262695
89 0 437123 89 0.04199790954589844
89 0 437212 89 0.04230761528015137
88 0 435281 88 0.040566444396972656
88 0 435369 88 0.041105031967163086
88 0 435457 88 0.04085040092468262
88 0 435545 88 0.04107403755187988
88 0 435633 88 0.04116415977478027
87 0 427740 87 0.03983259201049805
87 1 427741 6921 0.24509429931640625
88 0 434750 88 0.042491912841796875
88 0 434838 88 0.04092764854431152
88 0 434926 88 0.04043722152709961
88 0 435014 88 0.040381669998168945
88 0 435102 88 0.04031801223754883
88 0 435190 88 0.04030656814575195
88 0 435278 88 0.04056286811828613
87 0 434034 87 0.040463924407958984
86 2 425913 8191 0.27905726432800293
86 3 430929 8192 0.26992011070251465
88 1 439121 284 0.03817248344421387
89 0 439494 89 0.04275226593017578
89 0 439583 89 0.04167985916137695
89 0 439672 89 0.04208564758300781
88 0 433803 88 0.03957557678222656
88 1 433804 2435 0.10109305381774902
89 0 436328 89 0.04502081871032715
88 0 428252 88 0.04055428504943848
88 1 428252 5659 0.20002985000610352
89 0 434000 89 0.043354034423828125
89 0 434089 89 0.041301727294921875
89 0 434178 89 0.04089069366455078
89 0 434267 89 0.04078102111816406
89 0 434356 89 0.04121112823486328
88 0 428632 88 0.04036688804626465
88 2 428634 8192 0.27223992347717285
89 4 448823 1280 0.07337403297424316
92 0 445943 92 0.042737722396850586
92 1 445944 4711 0.17181062698364258
93 0 450748 93 0.04422283172607422
93 0 450841 93 0.0426783561706543
93 0 450934 93 0.04226183891296387
93 0 451027 93 0.04209280014038086
92 0 448109 92 0.042366743087768555
92 0 448201 92 0.04266095161437988
92 0 448293 92 0.043480634689331055
91 0 441320 91 0.042176008224487305
91 1 441321 5570 0.1972334384918213
91 0 444924 91 0.04417300224304199
91 1 444924 7624 0.26790308952331543
91 0 447650 91 0.04558086395263672
91 0 447741 91 0.04335904121398926
91 0 447832 91 0.04258155822753906
91 0 447923 91 0.04259014129638672
91 0 448014 91 0.04268217086791992
91 0 448105 91 0.04295635223388672
91 0 448196 91 0.04245424270629883
91 0 448287 91 0.0429384708404541
90 0 444512 90 0.040650367736816406
90 1 444512 5623 0.1968214511871338
91 0 450226 91 0.04335331916809082
91 0 450317 91 0.04152989387512207
91 0 450408 91 0.041382789611816406
90 0 444770 90 0.04081439971923828
90 2 449527 5261 0.18699002265930176
92 0 454880 92 0.04156208038330078
92 0 454972 92 0.04051375389099121
92 0 455064 92 0.04030656814575195
92 0 455156 92 0.04028177261352539
92 0 455248 92 0.040236711502075195
92 0 455340 92 0.04027891159057617
92 0 455432 92 0.04026985168457031
92 0 455524 92 0.04030323028564453
92 0 455616 92 0.04032492637634277
92 0 455708 92 0.040215492248535156
92 0 455800 92 0.040171146392822266
92 0 455892 92 0.040061235427856445
92 0 455984 92 0.04007577896118164
92 0 456076 92 0.040041208267211914
92 0 456168 92 0.04039263725280762
91 0 452925 91 0.0401310920715332
91 1 452925 1958 0.08684110641479492
90 0 440693 90 0.0433042049407959
90 2 440693 8192 0.2679407596588135
91 1 448885 5703 0.21983981132507324
91 0 452712 91 0.04655814170837402
91 1 452713 3514 0.12920069694519043
92 0 456319 92 0.0452420711517334
92 0 456411 92 0.04407978057861328
92 0 456503 92 0.044423580169677734
91 0 449246 91 0.043549299240112305
91 2 449246 5082 0.17580819129943848
93 0 454421 93 0.04713177680969238
93 0 454514 93 0.04434990882873535
93 0 454607 93 0.044286251068115234
93 0 454700 93 0.04462385177612305
92 0 452932 92 0.0436711311340332
92 0 453024 92 0.04369759559631348
92 0 453116 92 0.04337477684020996
92 0 453208 92 0.0434262752532959
92 0 453300 92 0.04345893859863281
92 0 453392 92 0.04327058792114258
92 0 453484 92 0.04314470291137695
92 0 453576 92 0.043009042739868164
92 0 453668 92 0.04266095161437988
92 0 453760 92 0.042493343353271484
92 0 453852 92 0.042464494705200195
92 0 453944 92 0.04283475875854492
92 0 454036 92 0.042519569396972656
92 0 454128 92 0.04240131378173828
92 0 454220 92 0.042464256286621094
92 0 454312 92 0.04248762130737305
92 0 454404 92 0.042424917221069336
92 0 454496 92 0.04258155822753906
92 0 454588 92 0.04324007034301758
91 0 451561 91 0.04305553436279297
91 0 451652 91 0.04387831687927246
90 0 448513 90 0.042360782623291016
90 1 448513 6370 0.22348332405090332
91 0 454974 91 0.045099496841430664
90 0 449152 90 0.043198585510253906
90 1 449152 6830 0.24087285995483398
91 0 456073 91 0.045694828033447266
91 0 456164 91 0.04361605644226074
91 0 456255 91 0.043121337890625
91 0 456346 91 0.04345583915710449
91 0 456437 91 0.042984962463378906
91 0 456528 91 0.04307436943054199
91 0 456619 91 0.043077945709228516
91 0 456710 91 0.04297137260437012
91 0 456801 91 0.04276752471923828
91 0 456892 91 0.0427708625793457
91 0 456983 91 0.04296684265136719
91 0 457074 91 0.04286956787109375
91 0 457165 91 0.04280805587768555
91 0 457256 91 0.0428926944732666
91 0 457347 91 0.04281306266784668
91 0 457438 91 0.042765140533447266
91 0 457529 91 0.0428013801574707
91 0 457620 91 0.04330611228942871
90 0 456015 90 0.04410433769226074
90 1 456015 1544 0.07699394226074219
91 0 457650 91 0.04616141319274902
91 0 457741 91 0.044934749603271484
91 0 457832 91 0.04436516761779785
91 0 457923 91 0.04436302185058594
91 0 458014 91 0.04451560974121094
91 0 458105 91 0.04459881782531738
91 0 458196 91 0.04444146156311035
91 0 458287 91 0.04445219039916992
91 0 458378 91 0.044182777404785156
91 0 458469 91 0.04426264762878418
91 0 458560 91 0.044258832931518555
91 0 458651 91 0.04466128349304199
90 0 456812 90 0.044667959213256836
90 0 456902 90 0.04524731636047363
90 0 456992 90 0.04518914222717285
89 0 453158 89 0.041954994201660156
89 1 453159 2702 0.10759878158569336
90 0 455951 90 0.044739723205566406
89 0 448654 89 0.04395127296447754
89 1 448654 6413 0.22827577590942383
88 0 443938 88 0.045752763748168945
88 2 443938 6389 0.2108449935913086
90 0 450417 90 0.04549431800842285
90 0 450507 90 0.04358673095703125
90 0 450597 90 0.0429997444152832
90 0 450687 90 0.042934417724609375
90 0 450777 90 0.04291820526123047
90 0 450867 90 0.04297184944152832
90 0 450957 90 0.043398141860961914
90 0 451047 90 0.04334592819213867
90 0 451137 90 0.043138742446899414
90 0 451227 90 0.04300189018249512
90 0 451317 90 0.0428621768951416
90 0 451407 90 0.0435333251953125
89 0 442404 89 0.041643381118774414
89 2 442404 8192 0.26893162727355957
89 3 447098 8192 0.26224565505981445
91 1 455290 312 0.03899955749511719
92 0 455694 92 0.04313826560974121
91 0 452410 91 0.04149198532104492
91 1 452411 1128 0.05675935745239258
92 0 453631 92 0.041604042053222656
92 0 453723 92 0.04150795936584473
92 0 453815 92 0.041544198989868164
92 0 453907 92 0.04192018508911133
91 0 446808 91 0.04456496238708496
90 2 441833 8191 0.2759850025177002
90 2 445277 8192 0.26859092712402344
91 1 453469 2470 0.1206960678100586
92 0 456031 92 0.04540371894836426
92 0 456123 92 0.04435276985168457
91 0 449904 91 0.0419306755065918
91 1 449905 2997 0.11606287956237793
92 0 452994 92 0.04395437240600586
92 0 453086 92 0.042427778244018555
90 0 445058 90 0.04509735107421875
90 1 445058 7424 0.2614319324493408
90 0 443985 90 0.047208547592163086
90 2 443985 8192 0.26504945755004883
90 2 446125 7124 0.2516179084777832
92 0 453341 92 0.04588913917541504
92 0 453433 92 0.044350385665893555
91 0 444446 91 0.04464602470397949
91 1 444448 6228 0.22256064414978027
92 0 450768 92 0.0466463565826416
92 0 450860 92 0.04542064666748047
92 0 450952 92 0.04522418975830078
92 0 451044 92 0.045760154724121094
92 0 451136 92 0.04523277282714844
92 0 451228 92 0.045052528381347656
92 0 451320 92 0.04476785659790039
92 0 451412 92 0.04446077346801758
92 0 451504 92 0.04400062561035156
92 0 451596 92 0.04391360282897949
92 0 451688 92 0.04431009292602539
91 0 446011 91 0.04267692565917969
91 1 446014 6614 0.23334527015686035
92 0 452720 92 0.04611492156982422
92 0 452812 92 0.04327678680419922
92 0 452904 92 0.04288172721862793
92 0 452996 92 0.0428924560546875
92 0 453088 92 0.04291725158691406
92 0 453180 92 0.04293251037597656
92 0 453272 92 0.043218135833740234
92 0 453364 92 0.04296469688415527
92 0 453456 92 0.042955875396728516
92 0 453548 92 0.04327273368835449
91 0 444882 91 0.04251909255981445
91 1 444885 6655 0.23680520057678223
92 0 451632 92 0.04607725143432617
92 0 451724 92 0.043546199798583984
92 0 451816 92 0.04297661781311035
92 0 451908 92 0.04290294647216797
92 0 452000 92 0.04291081428527832
92 0 452092 92 0.043247222900390625
91 0 448697 91 0.04146862030029297
91 1 448699 5422 0.19632244110107422
92 0 454213 92 0.04490160942077637
92 0 454305 92 0.042118072509765625
92 0 454397 92 0.0419163703918457
91 0 447561 91 0.041681528091430664
91 1 447562 6889 0.24423503875732422
92 0 454543 92 0.04709959030151367
92 0 454635 92 0.04468846321105957
92 0 454727 92 0.04448294639587402
91 0 451087 91 0.04378914833068848
90 1 447691 2874 0.11098599433898926
91 0 450656 91 0.046174049377441406
91 0 450747 91 0.04512357711791992
89 0 435256 89 0.0438077449798584
89 2 435257 8192 0.274860143661499
90 3 443455 8192 0.26770591735839844
92 1 451647 3199 0.12300896644592285
93 0 454939 93 0.04661250114440918
93 0 455032 93 0.04512810707092285
93 0 455125 93 0.044775962829589844
92 0 450146 92 0.045282602310180664
92 1 450148 4566 0.16840052604675293
93 0 454807 93 0.04784417152404785
93 0 454900 93 0.045857906341552734
93 0 454993 93 0.04530191421508789
93 0 455086 93 0.045655250549316406
92 0 449975 92 0.04244089126586914
92 1 449975 4688 0.16849493980407715
92 0 451805 92 0.04600691795349121
92 0 451897 92 0.0442965030670166
92 0 451989 92 0.04394865036010742
92 0 452081 92 0.04423260688781738
91 0 450780 91 0.04447126388549805
91 0 450871 91 0.04442238807678223
91 0 450962 91 0.04423069953918457
91 0 451053 91 0.04474353790283203
90 0 449321 90 0.04432177543640137
90 0 449411 90 0.04437565803527832
90 0 449501 90 0.04425787925720215
90 0 449591 90 0.0443115234375
90 0 449681 90 0.044170379638671875
90 0 449771 90 0.04370236396789551
90 0 449861 90 0.04424166679382324
89 0 443601 89 0.04204297065734863
89 2 443603 8192 0.2684288024902344
89 1 449830 3224 0.13311338424682617
90 0 453144 90 0.04695534706115723
90 0 453234 90 0.04564857482910156
90 0 453324 90 0.045668601989746094
90 0 453414 90 0.04560065269470215
90 0 453504 90 0.0455317497253418
90 0 453594 90 0.04527139663696289
90 0 453684 90 0.044974565505981445
90 0 453774 90 0.04468894004821777
90 0 453864 90 0.04503273963928223
89 0 445867 89 0.041769981384277344
89 1 445868 4692 0.16945600509643555
90 0 450650 90 0.04462790489196777
90 0 450740 90 0.04184913635253906
90 0 450830 90 0.041042327880859375
90 0 450920 90 0.040937185287475586
90 0 451010 90 0.0408785343170166
90 0 451100 90 0.040912628173828125
90 0 451190 90 0.041228532791137695
90 0 451280 90 0.04157757759094238
90 0 451370 90 0.04114270210266113
90 0 451460 90 0.04085969924926758
90 0 451550 90 0.04120016098022461
90 0 451640 90 0.04081296920776367
90 0 451730 90 0.04082369804382324
90 0 451820 90 0.040940284729003906
90 0 451910 90 0.040738582611083984
90 0 452000 90 0.04100298881530762
89 0 450466 89 0.04472661018371582
89 0 450555 89 0.045690059661865234
89 0 450644 89 0.04553484916687012
88 0 444479 88 0.03975510597229004
88 2 444479 8192 0.27773475646972656
89 1 452671 1567 0.08151030540466309
90 0 454328 90 0.04663991928100586
90 0 454418 90 0.04485344886779785
89 0 446103 89 0.043745994567871094
89 1 446103 2300 0.09608864784240723
90 0 448493 90 0.04565882682800293
90 0 448583 90 0.0436248779296875
90 0 448673 90 0.04331398010253906
90 0 448763 90 0.043279170989990234
90 0 448853 90 0.0433042049407959
90 0 448943 90 0.043418169021606445
90 0 449033 90 0.04328036308288574
90 0 449123 90 0.04330611228942871
90 0 449213 90 0.043219566345214844
90 0 449303 90 0.04364824295043945
89 0 442846 89 0.04099464416503906
88 2 437905 8191 0.29107022285461426
89 2 446098 5846 0.1942915916442871
91 0 452035 91 0.04610610008239746
91 0 452126 91 0.04315948486328125
91 0 452217 91 0.042482852935791016
91 0 452308 91 0.04208660125732422
91 0 452399 91 0.04210638999938965
91 0 452490 91 0.042472124099731445
90 0 449637 90 0.04293680191040039
89 1 444715 6901 0.24094772338867188
90 0 451706 90 0.04585886001586914
90 0 451796 90 0.04392671585083008
90 0 451886 90 0.04309558868408203
90 0 451976 90 0.04308509826660156
90 0 452066 90 0.043128252029418945
90 0 452156 90 0.04387021064758301
89 0 449000 89 0.04339480400085449
89 0 449089 89 0.043884992599487305
89 0 449178 89 0.04352736473083496
89 0 449267 89 0.04336190223693848
89 0 449356 89 0.043369293212890625
89 0 449445 89 0.04341316223144531
89 0 449534 89 0.04334235191345215
89 0 449623 89 0.04328775405883789
89 0 449712 89 0.043209075927734375
89 0 449801 89 0.043273210525512695
89 0 449890 89 0.04330301284790039
89 0 449979 89 0.043442726135253906
89 0 450068 89 0.04318594932556152
89 0 450157 89 0.04326486587524414
89 0 450246 89 0.04331636428833008
89 0 450335 89 0.04369187355041504
89 0 450424 89 0.04324674606323242
89 0 450513 89 0.04327058792114258
89 0 450602 89 0.043311357498168945
89 0 450691 89 0.043746232986450195
89 0 450780 89 0.043344736099243164
89 0 450869 89 0.04333233833312988
89 0 450958 89 0.0433199405670166
89 0 451047 89 0.04338645935058594
89 0 451136 89 0.04335951805114746
89 0 451225 89 0.04335188865661621
89 0 451314 89 0.04336977005004883
89 0 451403 89 0.0433499813079834
89 0 451492 89 0.0434417724609375
89 0 451581 89 0.04350161552429199
89 0 451670 89 0.04344463348388672
89 0 451759 89 0.04339003562927246
89 0 451848 89 0.04340863227844238
89 0 451937 89 0.04358959197998047
89 0 452026 89 0.043463945388793945
89 0 452115 89 0.04339003562927246
89 0 452204 89 0.04342985153198242
89 0 452293 89 0.04353141784667969
89 0 452382 89 0.04349064826965332
89 0 452471 89 0.04342007637023926
89 0 452560 89 0.04347729682922363
89 0 452649 89 0.04350161552429199
89 0 452738 89 0.04432535171508789
88 0 444512 88 0.04060840606689453
87 2 440338 8191 0.27386903762817383
88 1 448529 2895 0.11926603317260742
89 0 451513 89 0.0436701774597168
89 0 451602 89 0.04185986518859863
89 0 451691 89 0.04168987274169922
88 0 449454 88 0.0390164852142334
88 0 449542 88 0.03974461555480957
87 0 445278 87 0.04283261299133301
87 1 445278 7351 0.26041293144226074
88 0 452717 88 0.045723915100097656
88 0 452805 88 0.04337024688720703
88 0 452893 88 0.042940378189086914
88 0 452981 88 0.043142080307006836
87 0 447558 87 0.0411992073059082
86 3 439275 8191 0.2554357051849365
88 1 447466 2981 0.13324213027954102
89 0 450536 89 0.04222249984741211
89 0 450625 89 0.04021739959716797
88 0 448601 88 0.04294943809509277
88 0 448689 88 0.043271541595458984
88 0 448777 88 0.043262481689453125
88 0 448865 88 0.04304337501525879
88 0 448953 88 0.0429840087890625
88 0 449041 88 0.04296517372131348
88 0 449129 88 0.04281044006347656
88 0 449217 88 0.04281282424926758
88 0 449305 88 0.04284501075744629
88 0 449393 88 0.043242692947387695
88 0 449481 88 0.04283404350280762
88 0 449569 88 0.04285931587219238
88 0 449657 88 0.04278922080993652
88 0 449745 88 0.0428164005279541
88 0 449833 88 0.042952537536621094
88 0 449921 88 0.04288363456726074
88 0 450009 88 0.04296684265136719
88 0 450097 88 0.042780160903930664
88 0 450185 88 0.04286479949951172
88 0 450273 88 0.04292631149291992
88 0 450361 88 0.043473243713378906
87 0 443293 87 0.04340028762817383
85 2 435892 8190 0.2880852222442627
86 2 444082 8192 0.28059935569763184
87 1 452274 2284 0.10117125511169434
88 0 454646 88 0.0457758903503418
88 0 454734 88 0.04333829879760742
88 0 454822 88 0.04256272315979004
88 0 454910 88 0.04223752021789551
88 0 454998 88 0.042236328125
88 0 455086 88 0.042285919189453125
88 0 455174 88 0.042238473892211914
88 0 455262 88 0.04227924346923828
88 0 455350 88 0.04234790802001953
88 0 455438 88 0.04212236404418945
88 0 455526 88 0.04214143753051758
88 0 455614 88 0.04214024543762207
88 0 455702 88 0.042580604553222656
88 0 455790 88 0.04211759567260742
88 0 455878 88 0.042120933532714844
88 0 455966 88 0.042139530181884766
88 0 456054 88 0.04212355613708496
88 0 456142 88 0.0421299934387207
88 0 456230 88 0.042133331298828125
88 0 456318 88 0.042127132415771484
88 0 456406 88 0.0422053337097168
88 0 456494 88 0.042211055755615234
88 0 456582 88 0.04238009452819824
88 0 456670 88 0.04215121269226074
88 0 456758 88 0.04220271110534668
88 0 456846 88 0.042214393615722656
88 0 456934 88 0.042227983474731445
88 0 457022 88 0.042215824127197266
88 0 457110 88 0.04225587844848633
88 0 457198 88 0.043393850326538086
87 0 449444 87 0.042587995529174805
87 1 449444 5113 0.18541240692138672
88 0 454645 88 0.04636096954345703
88 0 454733 88 0.04376626014709473
88 0 454821 88 0.04300498962402344
88 0 454909 88 0.04292440414428711
88 0 454997 88 0.043253421783447266
87 0 451484 87 0.04237055778503418
87 1 451484 4453 0.1626725196838379
88 0 456025 88 0.04422283172607422
88 0 456113 88 0.04276895523071289
88 0 456201 88 0.04240846633911133
88 0 456289 88 0.042298316955566406
88 0 456377 88 0.04227304458618164
88 0 456465 88 0.04233074188232422
88 0 456553 88 0.04236793518066406
88 0 456641 88 0.04233360290527344
88 0 456729 88 0.04211997985839844
88 0 456817 88 0.04211783409118652
88 0 456905 88 0.04280662536621094
88 0 456993 88 0.04222822189331055
88 0 457081 88 0.04219651222229004
88 0 457169 88 0.042214393615722656
88 0 457257 88 0.04210042953491211
88 0 457345 88 0.04217386245727539
88 0 457433 88 0.04219222068786621
88 0 457521 88 0.042244911193847656
88 0 457609 88 0.04225778579711914
88 0 457697 88 0.04217886924743652
88 0 457785 88 0.04234719276428223
88 0 457873 88 0.04224085807800293
88 0 457961 88 0.042279958724975586
88 0 458049 88 0.04226541519165039
88 0 458137 88 0.04222393035888672
88 0 458225 88 0.0422215461730957
88 0 458313 88 0.04226994514465332
88 0 458401 88 0.04245471954345703
88 0 458489 88 0.04252433776855469
87 0 453380 87 0.0444180965423584
87 0 453467 87 0.04480886459350586
87 0 453554 87 0.04455876350402832
87 0 453641 87 0.04449105262756348
87 0 453728 87 0.04448747634887695
87 0 453815 87 0.044502973556518555
87 0 453902 87 0.04446911811828613
87 0 453989 87 0.04470086097717285
86 0 451409 86 0.04415106773376465
85 1 444965 6227 0.22217607498168945
86 0 451278 86 0.04340958595275879
86 0 451364 86 0.041558027267456055
86 0 451450 86 0.04112386703491211
86 0 451536 86 0.041150808334350586
86 0 451622 86 0.041136980056762695
86 0 451708 86 0.04118156433105469
86 0 451794 86 0.04127860069274902
86 0 451880 86 0.0411989688873291
86 0 451966 86 0.041062116622924805
86 0 452052 86 0.04088020324707031
86 0 452138 86 0.041419029235839844
86 0 452224 86 0.04098844528198242
86 0 452310 86 0.04100394248962402
86 0 452396 86 0.04257488250732422
85 0 445480 85 0.04201769828796387
84 2 439132 8191 0.27178359031677246
84 2 441585 8192 0.2694694995880127
85 1 449777 747 0.05377030372619629
86 0 450610 86 0.0443873405456543
86 0 450696 86 0.04331707954406738
86 0 450782 86 0.04362893104553223
85 0 444860 85 0.04330611228942871
85 0 444945 85 0.04311871528625488
85 0 445030 85 0.04296302795410156
85 0 445115 85 0.04287838935852051
85 0 445200 85 0.04326486587524414
85 0 445285 85 0.043001651763916016
84 0 442939 84 0.04158902168273926
84 1 442939 7692 0.2716035842895508
85 0 450716 85 0.04347348213195801
85 0 450801 85 0.04141879081726074
85 0 450886 85 0.04119229316711426
85 0 450971 85 0.041097402572631836
85 0 451056 85 0.0412144660949707
85 0 451141 85 0.04111170768737793
85 0 451226 85 0.041265010833740234
85 0 451311 85 0.0417780876159668
84 0 442503 84 0.04338216781616211
84 1 442503 5792 0.20394659042358398
85 0 448380 85 0.0449984073638916
85 0 448465 85 0.043253421783447266
83 0 438278 83 0.04001426696777344
83 1 438278 8173 0.28621697425842285
84 0 446535 84 0.04394721984863281
84 0 446619 84 0.04267525672912598
84 0 446703 84 0.04260087013244629
84 0 446787 84 0.04244828224182129
84 0 446871 84 0.0424342155456543
84 0 446955 84 0.042440176010131836
84 0 447039 84 0.04247570037841797
84 0 447123 84 0.04240012168884277
84 0 447207 84 0.042266845703125
84 0 447291 84 0.04230546951293945
84 0 447375 84 0.04283738136291504
83 0 445475 83 0.04360628128051758
83 1 445475 5920 0.20720314979553223
84 0 451479 84 0.04775214195251465
83 0 446064 83 0.042324066162109375
83 1 446064 4577 0.16571426391601562
84 0 450725 84 0.04428291320800781
84 0 450809 84 0.04355669021606445
83 0 444887 83 0.0417943000793457
82 2 437177 8191 0.26172876358032227
82 2 438308 6354 0.22114968299865723
84 0 444746 84 0.04651832580566406
84 0 444830 84 0.04436898231506348
84 0 444914 84 0.04395318031311035
84 0 444998 84 0.043936729431152344
84 0 445082 84 0.04395890235900879
84 0 445166 84 0.043949127197265625
84 0 445250 84 0.0439910888671875
84 0 445334 84 0.04402661323547363
84 0 445418 84 0.043779611587524414
84 0 445502 84 0.04385089874267578
84 0 445586 84 0.04385852813720703
84 0 445670 84 0.04430723190307617
84 0 445754 84 0.04385185241699219
84 0 445838 84 0.04378008842468262
84 0 445922 84 0.043817996978759766
84 0 446006 84 0.04382061958312988
84 0 446090 84 0.0438685417175293
84 0 446174 84 0.043848514556884766
84 0 446258 84 0.04380965232849121
84 0 446342 84 0.04380512237548828
84 0 446426 84 0.043936967849731445
84 0 446510 84 0.04398632049560547
84 0 446594 84 0.04435539245605469
84 0 446678 84 0.043875694274902344
84 0 446762 84 0.04394221305847168
84 0 446846 84 0.044116973876953125
84 0 446930 84 0.043941497802734375
84 0 447014 84 0.04445385932922363
83 0 438932 83 0.04152512550354004
83 1 438932 6977 0.2432398796081543
84 0 445993 84 0.0494532585144043
84 0 446077 84 0.044611215591430664
84 0 446161 84 0.04403257369995117
84 0 446245 84 0.04397463798522949
84 0 446329 84 0.04444456100463867
83 0 439182 83 0.042481422424316406
83 2 439182 8192 0.2764880657196045
84 1 447374 3177 0.12587642669677734
85 0 450636 85 0.04622459411621094
85 0 450721 85 0.043121337890625
84 0 448473 84 0.0422368049621582
83 0 446737 83 0.043158531188964844
83 0 446820 83 0.043677330017089844
83 0 446903 83 0.04302382469177246
83 0 446986 83 0.0428621768951416
83 0 447069 83 0.04296422004699707
83 0 447152 83 0.04264640808105469
83 0 447235 83 0.0426785945892334
83 0 447318 83 0.04329490661621094
82 0 440613 82 0.0436711311340332
82 2 440613 8192 0.2659797668457031
83 1 448805 1756 0.08864951133728027
84 0 450645 84 0.046330928802490234
84 0 450729 84 0.043852806091308594
84 0 450813 84 0.04385638236999512
84 0 450897 84 0.04369783401489258
84 0 450981 84 0.044022321701049805
83 0 443560 83 0.04356074333190918
83 1 443560 6687 0.235673189163208
84 0 450331 84 0.04649496078491211
83 0 443043 83 0.04343438148498535
83 2 443043 6262 0.20642971992492676
85 0 449390 85 0.04603767395019531
84 0 443743 84 0.04269146919250488
84 1 443744 6053 0.21486759185791016
85 0 449882 85 0.043692827224731445
85 0 449967 85 0.04198455810546875
85 0 450052 85 0.04217410087585449
85 0 450137 85 0.04148745536804199
85 0 450222 85 0.04159069061279297
85 0 450307 85 0.04169034957885742
85 0 450392 85 0.04167652130126953
85 0 450477 85 0.04158663749694824
85 0 450562 85 0.0415651798248291
85 0 450647 85 0.041393280029296875
85 0 450732 85 0.041779279708862305
84 0 447085 84 0.04085969924926758
84 0 447169 84 0.04176759719848633
84 0 447253 84 0.04098629951477051
84 0 447337 84 0.04090476036071777
84 0 447421 84 0.04089999198913574
84 0 447505 84 0.04082894325256348
84 0 447589 84 0.040885210037231445
84 0 447673 84 0.04092526435852051
84 0 447757 84 0.04079031944274902
84 0 447841 84 0.040804147720336914
84 0 447925 84 0.0408320426940918
84 0 448009 84 0.04112410545349121
83 0 445817 83 0.04090261459350586
83 1 445818 5482 0.19255661964416504
84 0 451384 84 0.04360342025756836
83 0 446628 83 0.04177117347717285
83 0 446711 83 0.04164910316467285
83 0 446794 83 0.041346073150634766
83 0 446877 83 0.041265010833740234
83 0 446960 83 0.04129385948181152
83 0 447043 83 0.04140162467956543
83 0 447126 83 0.04134082794189453
83 0 447209 83 0.04130434989929199
83 0 447292 83 0.0414586067199707
82 0 444919 82 0.04039716720581055
82 1 444920 2541 0.10136103630065918
83 0 447544 83 0.043898582458496094
83 0 447627 83 0.04174089431762695
83 0 447710 83 0.041235923767089844
83 0 447793 83 0.04070901870727539
83 0 447876 83 0.04409146308898926
83 0 447959 83 0.040723562240600586
83 0 448042 83 0.04066324234008789
83 0 448125 83 0.040694236755371094
83 0 448208 83 0.04071950912475586
83 0 448291 83 0.041184186935424805
82 0 440263 82 0.039884328842163086
81 2 435951 5740 0.18650007247924805
83 0 441774 83 0.04208016395568848
83 0 441857 83 0.04099273681640625
82 0 434691 82 0.04296064376831055
82 2 434691 8192 0.2610630989074707
83 2 444619 744 0.051888227462768555
85 0 445448 85 0.04369044303894043
85 0 445533 85 0.043038368225097656
85 0 445618 85 0.04277849197387695
85 0 445703 85 0.04305315017700195
84 0 444232 84 0.03978276252746582
84 0 444316 84 0.04005312919616699
84 0 444400 84 0.03989362716674805
84 0 444484 84 0.03975486755371094
84 0 444568 84 0.03996920585632324
83 0 440675 83 0.0399937629699707
83 1 440676 7911 0.2780599594116211
84 0 448671 84 0.04629325866699219
84 0 448755 84 0.04406452178955078
84 0 448839 84 0.04358363151550293
84 0 448923 84 0.0432281494140625
84 0 449007 84 0.043843984603881836
84 0 449091 84 0.04374289512634277
84 0 449175 84 0.04349470138549805
84 0 449259 84 0.043621063232421875
83 0 445762 83 0.04319000244140625
83 0 445845 83 0.04330039024353027
83 0 445928 83 0.04308509826660156
83 0 446011 83 0.04299020767211914
83 0 446094 83 0.04333019256591797
83 0 446177 83 0.0435633659362793
83 0 446260 83 0.0431668758392334
83 0 446343 83 0.04310131072998047
83 0 446426 83 0.043039560317993164
83 0 446509 83 0.043466806411743164
82 0 441944 82 0.0428309440612793
81 3 438509 8191 0.2663459777832031
83 1 446700 1263 0.05901670455932617
84 0 448047 84 0.04341936111450195
84 0 448131 84 0.04242086410522461
84 0 448215 84 0.041875600814819336
84 0 448299 84 0.04215574264526367
84 0 448383 84 0.042043209075927734
84 0 448467 84 0.041938066482543945
84 0 448551 84 0.041929006576538086
84 0 448635 84 0.04233956336975098
84 0 448719 84 0.04175305366516113
84 0 448803 84 0.042075395584106445
83 0 443097 83 0.041883230209350586
83 2 443097 4844 0.16825509071350098
85 0 448026 85 0.04382753372192383
85 0 448111 85 0.0421755313873291
85 0 448196 85 0.041997432708740234
85 0 448281 85 0.04189133644104004
85 0 448366 85 0.0419461727142334
85 0 448451 85 0.04237937927246094
84 0 442635 84 0.040909528732299805
84 2 442635 5062 0.17217326164245605
86 0 447783 86 0.044168949127197266
85 0 445934 85 0.0458219051361084
85 1 445934 1426 0.07329106330871582
86 0 447446 86 0.046138763427734375
86 0 447532 86 0.044667959213256836
86 0 447618 86 0.04411029815673828
86 0 447704 86 0.04410672187805176
86 0 447790 86 0.04407095909118652
86 0 447876 86 0.04457831382751465
86 0 447962 86 0.044123172760009766
86 0 448048 86 0.04413294792175293
86 0 448134 86 0.04398298263549805
86 0 448220 86 0.04389834403991699
86 0 448306 86 0.04390883445739746
86 0 448392 86 0.043930768966674805
86 0 448478 86 0.04447126388549805
86 0 448564 86 0.04414939880371094
86 0 448650 86 0.04394960403442383
86 0 448736 86 0.04410886764526367
86 0 448822 86 0.04456353187561035
86 0 448908 86 0.0441279411315918
86 0 448994 86 0.0440669059753418
86 0 449080 86 0.04405975341796875
86 0 449166 86 0.044332027435302734
86 0 449252 86 0.044226646423339844
86 0 449338 86 0.04468250274658203
85 0 446864 85 0.04141831398010254
85 0 446949 85 0.04087686538696289
85 0 447034 85 0.040821075439453125
85 0 447119 85 0.04072928428649902
85 0 447204 85 0.0405879020690918
85 0 447289 85 0.040879249572753906
84 0 445488 84 0.04233551025390625
84 0 445572 84 0.043149709701538086
84 0 445656 84 0.04284954071044922
83 0 440647 83 0.04245591163635254
83 1 440647 2572 0.10490775108337402
84 0 443303 84 0.045752525329589844
84 0 443387 84 0.04323101043701172
84 0 443471 84 0.04271054267883301
84 0 443555 84 0.0427095890045166
84 0 443639 84 0.04269862174987793
84 0 443723 84 0.04269814491271973
84 0 443807 84 0.04275178909301758
84 0 443891 84 0.042757272720336914
84 0 443975 84 0.04268074035644531
84 0 444059 84 0.04264092445373535
84 0 444143 84 0.042739152908325195
84 0 444227 84 0.042890071868896484
83 0 440278 83 0.04272890090942383
83 2 440280 6618 0.2200775146484375
84 0 444460 84 0.044118642807006836
84 1 444460 1213 0.05863618850708008
85 0 445758 85 0.041375160217285156
85 0 445843 85 0.04059267044067383
85 0 445928 85 0.04054093360900879
85 0 446013 85 0.04052567481994629
85 0 446098 85 0.04051351547241211
85 0 446183 85 0.04044485092163086
85 0 446268 85 0.04049968719482422
85 0 446353 85 0.04049801826477051
85 0 446438 85 0.040320634841918945
85 0 446523 85 0.04026055335998535
85 0 446608 85 0.04067587852478027
84 0 441100 84 0.04056119918823242
84 1 441100 6353 0.2235126495361328
85 0 447538 85 0.04361724853515625
85 0 447623 85 0.04179525375366211
85 0 447708 85 0.0412752628326416
85 0 447793 85 0.04099774360656738
85 0 447878 85 0.04099273681640625
85 0 447963 85 0.041062116622924805
85 0 448048 85 0.04100346565246582
85 0 448133 85 0.041159629821777344
85 0 448218 85 0.04112052917480469
85 0 448303 85 0.04078197479248047
85 0 448388 85 0.040836334228515625
85 0 448473 85 0.0414276123046875
84 0 442189 84 0.04373574256896973
84 1 442189 4605 0.1682300567626953
85 0 446879 85 0.045267343521118164
85 0 446964 85 0.0439600944519043
85 0 447049 85 0.04375410079956055
85 0 447134 85 0.04450345039367676
84 0 442056 84 0.0438694953918457
84 0 442140 84 0.04455065727233887
83 0 436233 83 0.04114937782287598
83 1 436235 6459 0.22712349891662598
84 0 442778 84 0.04415631294250488
84 0 442862 84 0.04167366027832031
84 0 442946 84 0.04125785827636719
84 0 443030 84 0.041857242584228516
83 0 440492 83 0.042291879653930664
83 1 440492 5973 0.21013259887695312
84 0 446549 84 0.04584980010986328
84 0 446633 84 0.043079376220703125
84 0 446717 84 0.0426177978515625
84 0 446801 84 0.042276859283447266
84 0 446885 84 0.042299509048461914
84 0 446969 84 0.042357683181762695
84 0 447053 84 0.042533159255981445
83 0 444636 83 0.0426180362701416
82 0 442827 82 0.042295217514038086
82 0 442909 82 0.042236328125
82 0 442991 82 0.04199647903442383
82 0 443073 82 0.04280710220336914
81 0 434594 81 0.04181528091430664
81 2 434594 8192 0.259793758392334
81 3 434455 8192 0.2861363887786865
80 2 424571 8192 0.2693214416503906
81 3 432764 8192 0.27866244316101074
82 1 436760 2345 0.11453557014465332
83 0 439188 83 0.0445256233215332
83 0 439271 83 0.0428164005279541
83 0 439354 83 0.0422520637512207
83 0 439437 83 0.04213380813598633
83 0 439520 83 0.042610883712768555
83 0 439603 83 0.04204416275024414
83 0 439686 83 0.042139530181884766
83 0 439769 83 0.042197227478027344
83 0 439852 83 0.04202866554260254
83 0 439935 83 0.041927337646484375
83 0 440018 83 0.042587995529174805
82 0 432443 82 0.04029393196105957
82 2 432443 8192 0.2874424457550049
82 1 434769 2661 0.10680437088012695
82 0 430025 82 0.04258537292480469
82 1 430031 8098 0.2871432304382324
83 0 438212 83 0.04217958450317383
83 0 438295 83 0.04036450386047363
83 0 438378 83 0.040116310119628906
83 0 438461 83 0.04028463363647461
82 0 437073 82 0.0427241325378418
82 0 437155 82 0.043027400970458984
82 0 437237 82 0.0428316593170166
82 0 437319 82 0.042855262756347656
82 0 437401 82 0.04276418685913086
82 0 437483 82 0.04259943962097168
82 0 437565 82 0.04268002510070801
82 0 437647 82 0.04308271408081055
82 0 437729 82 0.042696475982666016
82 0 437811 82 0.042601823806762695
82 0 437893 82 0.0427248477935791
82 0 437975 82 0.04255366325378418
82 0 438057 82 0.04269599914550781
82 0 438139 82 0.04273724555969238
82 0 438221 82 0.04314398765563965
82 0 438303 82 0.042617082595825195
82 0 438385 82 0.042734384536743164
82 0 438467 82 0.04275798797607422
82 0 438549 82 0.042799949645996094
82 0 438631 82 0.0428314208984375
82 0 438713 82 0.04271388053894043
82 0 438795 82 0.042912960052490234
82 0 438877 82 0.04267525672912598
82 0 438959 82 0.042894601821899414
82 0 439041 82 0.04287910461425781
82 0 439123 82 0.04279375076293945
82 0 439205 82 0.04291987419128418
82 0 439287 82 0.04295206069946289
82 0 439369 82 0.04343008995056152
81 0 435206 81 0.0427398681640625
81 0 435287 81 0.0429227352142334
81 0 435368 81 0.04346179962158203
80 0 427414 80 0.03931236267089844
79 2 420194 8191 0.2604053020477295
80 2 428385 8023 0.2723047733306885
82 0 436490 82 0.04479384422302246
82 0 436572 82 0.041555166244506836
82 0 436654 82 0.04079246520996094
82 0 436736 82 0.0412907600402832
82 0 436818 82 0.04078388214111328
82 0 436900 82 0.040718793869018555
82 0 436982 82 0.04114341735839844
82 0 437064 82 0.0408022403717041
82 0 437146 82 0.04081106185913086
82 0 437228 82 0.040615081787109375
82 0 437310 82 0.04044961929321289
82 0 437392 82 0.04053163528442383
82 0 437474 82 0.041272640228271484
81 0 428607 81 0.03944253921508789
81 1 428608 6644 0.2319033145904541
82 0 435334 82 0.04390430450439453
82 0 435416 82 0.04195141792297363
82 0 435498 82 0.0411381721496582
82 0 435580 82 0.040975093841552734
82 0 435662 82 0.04127621650695801
81 0 431973 81 0.04099917411804199
81 1 431973 7737 0.2725985050201416
81 0 433481 81 0.04265093803405762
81 0 433562 81 0.042180776596069336
80 0 425169 80 0.04117941856384277
80 2 425169 8192 0.2670750617980957
81 3 433362 5147 0.1741633415222168
84 0 438593 84 0.04539012908935547
84 0 438677 84 0.042662858963012695
84 0 438761 84 0.04190254211425781
84 0 438845 84 0.041821956634521484
84 0 438929 84 0.041761159896850586
84 0 439013 84 0.041831016540527344
84 0 439097 84 0.041837215423583984
84 0 439181 84 0.041823625564575195
84 0 439265 84 0.04172992706298828
84 0 439349 84 0.042081594467163086
83 0 433851 83 0.040682315826416016
83 0 433934 83 0.04094862937927246
83 0 434017 83 0.04077267646789551
83 0 434100 83 0.04107260704040527
82 0 432970 82 0.040671586990356445
81 1 428571 7938 0.2788252830505371
82 0 436591 82 0.04501771926879883
82 0 436673 82 0.04184317588806152
82 0 436755 82 0.04134654998779297
82 0 436837 82 0.04128551483154297
82 0 436919 82 0.04154205322265625
82 0 437001 82 0.0415952205657959
82 0 437083 82 0.04196023941040039
81 0 429556 81 0.03960776329040527
81 1 429556 4096 0.1484694480895996
82 0 433734 82 0.04193305969238281
82 0 433816 82 0.040563344955444336
82 0 433898 82 0.0407404899597168
81 0 429117 81 0.041234731674194336
80 2 426955 8191 0.27436041831970215
80 2 428906 8192 0.26638293266296387
81 1 437098 1493 0.08526039123535156
82 0 438673 82 0.04372358322143555
82 0 438755 82 0.04217076301574707
82 0 438837 82 0.041602373123168945
82 0 438919 82 0.04166698455810547
82 0 439001 82 0.04153251647949219
82 0 439083 82 0.04160666465759277
82 0 439165 82 0.041617393493652344
82 0 439247 82 0.04158186912536621
82 0 439329 82 0.04143476486206055
82 0 439411 82 0.041445255279541016
82 0 439493 82 0.041867971420288086
82 0 439575 82 0.04144001007080078
82 0 439657 82 0.04146838188171387
82 0 439739 82 0.0414884090423584
82 0 439821 82 0.04135608673095703
82 0 439903 82 0.0413661003112793
82 0 439985 82 0.04184842109680176
81 0 433620 81 0.03980255126953125
81 0 433701 81 0.041047096252441406
79 0 417823 79 0.03897833824157715
79 2 417824 8192 0.28133368492126465
80 3 426019 8192 0.25388145446777344
82 1 434211 2039 0.09896373748779297
83 0 436333 83 0.04466819763183594
83 0 436416 83 0.04229378700256348
83 0 436499 83 0.042432546615600586
83 0 436582 83 0.04185152053833008
83 0 436665 83 0.04241132736206055
82 0 430697 82 0.03969860076904297
82 2 430697 6091 0.2015056610107422
84 0 436872 84 0.04207181930541992
84 0 436956 84 0.041228532791137695
84 0 437040 84 0.0401606559753418
84 0 437124 84 0.039867401123046875
84 0 437208 84 0.04031682014465332
84 0 437292 84 0.03958582878112793
84 0 437376 84 0.03965449333190918
84 0 437460 84 0.040236473083496094
84 0 437544 84 0.03943443298339844
84 0 437628 84 0.03923797607421875
84 0 437712 84 0.039385080337524414
84 0 437796 84 0.03924870491027832
84 0 437880 84 0.0397496223449707
83 0 433936 83 0.04025101661682129
83 1 433937 1277 0.05965137481689453
84 0 435298 84 0.0419614315032959
84 0 435382 84 0.04100227355957031
83 0 428814 83 0.042810916900634766
81 3 415137 8190 0.25130414962768555
83 2 423327 8192 0.2804751396179199
84 1 431519 4398 0.17976737022399902
85 0 436002 85 0.04278850555419922
85 0 436087 85 0.04103446006774902
85 0 436172 85 0.04064345359802246
85 0 436257 85 0.04065847396850586
85 0 436342 85 0.04062056541442871
85 0 436427 85 0.040551185607910156
85 0 436512 85 0.040425777435302734
85 0 436597 85 0.04090380668640137
84 0 430057 84 0.04218268394470215
84 1 430057 7702 0.2713789939880371
85 0 437844 85 0.043624162673950195
84 0 430335 84 0.041797637939453125
84 1 430335 5702 0.19999361038208008
85 0 436122 85 0.0439915657043457
85 0 436207 85 0.04120302200317383
85 0 436292 85 0.04069781303405762
85 0 436377 85 0.04109978675842285
85 0 436462 85 0.04067373275756836
85 0 436547 85 0.040824174880981445
85 0 436632 85 0.04103732109069824
85 0 436717 85 0.04081296920776367
84 0 435017 84 0.041265010833740234
84 0 435101 84 0.041245222091674805
84 0 435185 84 0.04165291786193848
83 0 427932 83 0.03841423988342285
83 1 427932 7043 0.24791765213012695
83 0 429348 83 0.042456865310668945
83 2 429348 7764 0.2612192630767822
85 0 437197 85 0.04497671127319336
85 0 437282 85 0.042388200759887695
85 0 437367 85 0.04219174385070801
85 0 437452 85 0.04191422462463379
85 0 437537 85 0.04180407524108887
85 0 437622 85 0.04180026054382324
85 0 437707 85 0.04270172119140625
85 0 437792 85 0.04271245002746582
85 0 437877 85 0.042682647705078125
85 0 437962 85 0.04298210144042969
85 0 438047 85 0.04209542274475098
85 0 438132 85 0.042598724365234375
85 0 438217 85 0.04195284843444824
85 0 438302 85 0.04186892509460449
85 0 438387 85 0.04191088676452637
85 0 438472 85 0.04182839393615723
85 0 438557 85 0.04184222221374512
85 0 438642 85 0.041808128356933594
85 0 438727 85 0.04301142692565918
85 0 438812 85 0.04269099235534668
85 0 438897 85 0.04284381866455078
84 0 436278 84 0.0418858528137207
84 1 436278 1994 0.08306407928466797
85 0 438357 85 0.04496169090270996
85 0 438442 85 0.043209075927734375
85 0 438527 85 0.04187750816345215
85 0 438612 85 0.041649818420410156
85 0 438697 85 0.04159855842590332
85 0 438782 85 0.041565656661987305
85 0 438867 85 0.04172062873840332
85 0 438952 85 0.041970014572143555
85 0 439037 85 0.042231082916259766
85 0 439122 85 0.04133868217468262
85 0 439207 85 0.041289329528808594
85 0 439292 85 0.04132556915283203
85 0 439377 85 0.041590213775634766
84 0 434554 84 0.04139065742492676
84 0 434638 84 0.04163169860839844
84 0 434722 84 0.04199504852294922
84 0 434806 84 0.041931867599487305
83 0 427077 83 0.03722119331359863
83 1 427077 5870 0.2061293125152588
84 0 433031 84 0.04155683517456055
84 0 433115 84 0.03995180130004883
84 0 433199 84 0.04010200500488281
84 0 433283 84 0.03950929641723633
84 0 433367 84 0.03944897651672363
84 0 433451 84 0.03963303565979004
84 0 433535 84 0.039591073989868164
84 0 433619 84 0.03957509994506836
84 0 433703 84 0.039728641510009766
84 0 433787 84 0.03957653045654297
84 0 433871 84 0.0400853157043457
84 0 433955 84 0.0402522087097168
84 0 434039 84 0.03977513313293457
84 0 434123 84 0.039725303649902344
84 0 434207 84 0.0401613712310791
84 0 434291 84 0.03949856758117676
84 0 434375 84 0.03947162628173828
84 0 434459 84 0.0393824577331543
84 0 434543 84 0.03936767578125
84 0 434627 84 0.0393984317779541
84 0 434711 84 0.039483070373535156
84 0 434795 84 0.0396580696105957
84 0 434879 84 0.04003143310546875
84 0 434963 84 0.03943443298339844
84 0 435047 84 0.039366960525512695
84 0 435131 84 0.04071450233459473
84 0 435215 84 0.03993558883666992
84 0 435299 84 0.04000496864318848
84 0 435383 84 0.0402369499206543
84 0 435467 84 0.03979325294494629
84 0 435551 84 0.04033970832824707
84 0 435635 84 0.04074382781982422
84 0 435719 84 0.04098200798034668
83 0 431328 83 0.03994631767272949
82 1 428308 5558 0.19907498359680176
83 0 433949 83 0.04713845252990723
83 0 434032 83 0.043421030044555664
82 0 426820 82 0.0397794246673584
82 2 426820 8192 0.3599410057067871
83 1 435012 2340 0.10915207862854004
84 0 437436 84 0.04291796684265137
84 0 437520 84 0.04084658622741699
84 0 437604 84 0.039977073669433594
84 0 437688 84 0.03961658477783203
84 0 437772 84 0.0399782657623291
84 0 437856 84 0.0399165153503418
84 0 437940 84 0.03991818428039551
84 0 438024 84 0.040328025817871094
84 0 438108 84 0.040129899978637695
84 0 438192 84 0.039777517318725586
84 0 438276 84 0.03952670097351074
84 0 438360 84 0.03977632522583008
84 0 438444 84 0.0394437313079834
84 0 438528 84 0.039438724517822266
84 0 438612 84 0.03999495506286621
84 0 438696 84 0.03941750526428223
84 0 438780 84 0.03935384750366211
84 0 438864 84 0.03937029838562012
84 0 438948 84 0.04005169868469238
84 0 439032 84 0.03970909118652344
84 0 439116 84 0.039403438568115234
84 0 439200 84 0.03964066505432129
83 0 431612 83 0.03798341751098633
83 2 431617 4702 0.1615738868713379
85 0 436404 85 0.04337286949157715
84 0 429583 84 0.03903079032897949
84 1 429583 2995 0.11449623107910156
85 0 432663 85 0.04350471496582031
85 0 432748 85 0.04133152961730957
85 0 432833 85 0.04084157943725586
85 0 432918 85 0.041478633880615234
85 0 433003 85 0.040785789489746094
85 0 433088 85 0.04073309898376465
85 0 433173 85 0.042027950286865234
84 0 426898 84 0.041351318359375
84 2 426898 8192 0.2711310386657715
85 1 435090 2088 0.09848785400390625
86 0 437264 86 0.04110574722290039
86 0 437350 86 0.03953981399536133
86 0 437436 86 0.039058685302734375
86 0 437522 86 0.038858652114868164
86 0 437608 86 0.03876972198486328
86 0 437694 86 0.03880596160888672
86 0 437780 86 0.03879952430725098
86 0 437866 86 0.03879046440124512
86 0 437952 86 0.03865456581115723
86 0 438038 86 0.03847026824951172
86 0 438124 86 0.03897833824157715
86 0 438210 86 0.03853869438171387
86 0 438296 86 0.03850889205932617
86 0 438382 86 0.03853344917297363
86 0 438468 86 0.03853774070739746
86 0 438554 86 0.03855538368225098
86 0 438640 86 0.0386660099029541
86 0 438726 86 0.03877735137939453
85 0 437293 85 0.0399165153503418
84 1 431868 7075 0.24794626235961914
85 0 439028 85 0.04468059539794922
85 0 439113 85 0.04113459587097168
85 0 439198 85 0.04057002067565918
85 0 439283 85 0.04083752632141113
85 0 439368 85 0.040447235107421875
85 0 439453 85 0.04104208946228027
84 0 431281 84 0.04126596450805664
84 2 431281 6646 0.2181086540222168
86 0 438013 86 0.04358792304992676
85 0 435966 85 0.041820526123046875
85 0 436051 85 0.04144477844238281
85 0 436136 85 0.041158437728881836
85 0 436221 85 0.04137897491455078
84 0 434639 84 0.03971099853515625
84 0 434723 84 0.03919053077697754
84 0 434807 84 0.03920316696166992
84 0 434891 84 0.03971529006958008
84 0 434975 84 0.0389704704284668
84 0 435059 84 0.039551734924316406
82 0 423577 82 0.04060482978820801
82 1 423579 8192 0.2891700267791748
82 2 431771 7135 0.2505176067352295
84 0 438990 84 0.04322171211242676
84 0 439074 84 0.041744232177734375
84 0 439158 84 0.041380882263183594
84 0 439242 84 0.041742801666259766
84 0 439326 84 0.04160022735595703
84 0 439410 84 0.04172849655151367
84 0 439494 84 0.04224061965942383
84 0 439578 84 0.04150056838989258
84 0 439662 84 0.04116702079772949
84 0 439746 84 0.041855573654174805
84 0 439830 84 0.04127240180969238
84 0 439914 84 0.041172027587890625
84 0 439998 84 0.041719675064086914
84 0 440082 84 0.04107403755187988
84 0 440166 84 0.040976524353027344
84 0 440250 84 0.041224002838134766
84 0 440334 84 0.04082751274108887
84 0 440418 84 0.04088926315307617
84 0 440502 84 0.041528940200805664
83 0 435406 83 0.041950225830078125
83 0 435489 83 0.042026519775390625
83 0 435572 83 0.04200935363769531
83 0 435655 83 0.0419316291809082
83 0 435738 83 0.0419158935546875
83 0 435821 83 0.04193758964538574
83 0 435904 83 0.0430910587310791
82 0 431179 82 0.04237771034240723
82 1 431182 5749 0.2027573585510254
83 0 437014 83 0.045763254165649414
83 0 437097 83 0.044164419174194336
83 0 437180 83 0.042699575424194336
83 0 437263 83 0.04311203956604004
82 0 429763 82 0.04072737693786621
82 2 429767 4919 0.17177224159240723
84 0 434770 84 0.04346132278442383
84 0 434854 84 0.041678428649902344
83 0 432850 83 0.04190850257873535
83 1 432850 4209 0.154280424118042
83 0 430562 83 0.044286489486694336
83 2 430562 4854 0.16517210006713867
85 0 435501 85 0.0438382625579834
85 0 435586 85 0.042285919189453125
85 0 435671 85 0.0418851375579834
85 0 435756 85 0.04232192039489746
85 0 435841 85 0.042008399963378906
85 0 435926 85 0.04208970069885254
85 0 436011 85 0.04249739646911621
85 0 436096 85 0.04242396354675293
85 0 436181 85 0.042697906494140625
85 0 436266 85 0.042272090911865234
85 0 436351 85 0.04253411293029785
85 0 436436 85 0.0418243408203125
85 0 436521 85 0.04171562194824219
85 0 436606 85 0.042183876037597656
84 0 428559 84 0.039969682693481445
84 1 428564 4528 0.16740727424621582
85 0 433177 85 0.04254603385925293
85 0 433262 85 0.04131364822387695
85 0 433347 85 0.040911197662353516
85 0 433432 85 0.04063248634338379
85 0 433517 85 0.04038238525390625
85 0 433602 85 0.04131627082824707
85 0 433687 85 0.04059195518493652
85 0 433772 85 0.040700435638427734
85 0 433857 85 0.040459632873535156
85 0 433942 85 0.04053974151611328
84 0 428309 84 0.04227423667907715
84 2 428309 7619 0.25125718116760254
85 0 430172 85 0.04568648338317871
85 2 430172 7055 0.22793030738830566
87 0 437314 87 0.044501304626464844
87 0 437401 87 0.04343104362487793
87 0 437488 87 0.04265999794006348
87 0 437575 87 0.04257655143737793
87 0 437662 87 0.042754411697387695
86 0 431726 86 0.0410311222076416
86 1 431726 6626 0.23320317268371582
87 0 438439 87 0.04477047920227051
87 0 438526 87 0.04326438903808594
87 0 438613 87 0.04270625114440918
87 0 438700 87 0.04234647750854492
87 0 438787 87 0.042294979095458984
87 0 438874 87 0.04216814041137695
87 0 438961 87 0.042040348052978516
87 0 439048 87 0.04245448112487793
87 0 439135 87 0.042359113693237305
87 0 439222 87 0.0425262451171875
87 0 439309 87 0.04180312156677246
87 0 439396 87 0.04233598709106445
87 0 439483 87 0.04234743118286133
87 0 439570 87 0.04211854934692383
87 0 439657 87 0.04192042350769043
87 0 439744 87 0.04190206527709961
87 0 439831 87 0.04224085807800293
87 0 439918 87 0.04223370552062988
87 0 440005 87 0.04223918914794922
87 0 440092 87 0.04199576377868652
87 0 440179 87 0.0418238639831543
87 0 440266 87 0.04234004020690918
87 0 440353 87 0.04243755340576172
87 0 440440 87 0.042551279067993164
87 0 440527 87 0.04241514205932617
86 0 435779 86 0.042192935943603516
86 1 435779 4086 0.14526963233947754
86 0 432255 86 0.043425559997558594
85 1 430582 5759 0.2021942138671875
86 0 436427 86 0.04495429992675781
86 0 436513 86 0.042090654373168945
86 0 436599 86 0.04155588150024414
86 0 436685 86 0.04162430763244629
86 0 436771 86 0.04152846336364746
86 0 436857 86 0.042244911193847656
84 0 426348 84 0.04080486297607422
84 3 426348 8192 0.2528862953186035
86 1 434540 3350 0.13386225700378418
87 0 437977 87 0.045294761657714844
87 0 438064 87 0.04183387756347656
87 0 438151 87 0.041600704193115234
86 0 433456 86 0.04156136512756348
86 1 433457 4843 0.17683839797973633
87 0 438387 87 0.04422259330749512
86 0 432122 86 0.04157757759094238
85 2 427404 7353 0.24834322929382324
87 0 434844 87 0.044023752212524414
87 0 434931 87 0.04115653038024902
87 0 435018 87 0.04275321960449219
87 0 435105 87 0.040868282318115234
87 0 435192 87 0.04069328308105469
87 0 435279 87 0.040615081787109375
87 0 435366 87 0.0405278205871582
87 0 435453 87 0.04067540168762207
87 0 435540 87 0.04185628890991211
85 0 419475 85 0.041474103927612305
84 2 416243 8191 0.27022576332092285
85 2 424434 8192 0.2730278968811035
86 2 432626 5595 0.200958251953125
87 0 430896 87 0.04368472099304199
87 1 430896 2129 0.0946040153503418
88 0 433113 88 0.04645562171936035
88 0 433201 88 0.040914058685302734
88 0 433289 88 0.04054903984069824
88 0 433377 88 0.04048299789428711
88 0 433465 88 0.04048299789428711
88 0 433553 88 0.04024839401245117
88 0 433641 88 0.04092216491699219
87 0 425899 87 0.04033350944519043
87 2 425899 8192 0.27921056747436523
88 1 434091 3976 0.14826226234436035
89 0 438156 89 0.04248452186584473
89 0 438245 89 0.040196895599365234
89 0 438334 89 0.039742231369018555
89 0 438423 89 0.03976035118103027
89 0 438512 89 0.040024757385253906
88 0 432268 88 0.03980445861816406
88 1 432268 2212 0.09423947334289551
89 0 434569 89 0.04242968559265137
88 0 426832 88 0.03829383850097656
88 1 426832 6040 0.21105146408081055
89 0 432961 89 0.044560909271240234
89 0 433050 89 0.04322648048400879
89 0 433139 89 0.04368400573730469
88 0 428448 88 0.0400848388671875
88 2 428448 8192 0.2820425033569336
89 1 436640 1453 0.06610107421875
90 0 438183 90 0.045737266540527344
90 0 438273 90 0.042679786682128906
90 0 438363 90 0.04201483726501465
90 0 438453 90 0.04192495346069336
90 0 438543 90 0.042035818099975586
90 0 438633 90 0.04245352745056152
89 0 434290 89 0.04012560844421387
89 0 434379 89 0.040099382400512695
89 0 434468 89 0.04025149345397949
88 0 430409 88 0.041547536849975586
88 1 430409 7844 0.2755899429321289
88 0 434160 88 0.045075416564941406
88 1 434160 3589 0.13565731048583984
89 0 437838 89 0.043347835540771484
89 0 437927 89 0.0420684814453125
88 0 430988 88 0.039974212646484375
88 2 430988 6239 0.20831966400146484
90 0 437317 90 0.0418088436126709
90 0 437407 90 0.0399172306060791
90 0 437497 90 0.0391995906829834
90 0 437587 90 0.03936958312988281
90 0 437677 90 0.039196014404296875
90 0 437767 90 0.03914308547973633
90 0 437857 90 0.039208412170410156
90 0 437947 90 0.03995490074157715
90 0 438037 90 0.03965020179748535
90 0 438127 90 0.039223432540893555
90 0 438217 90 0.03917360305786133
90 0 438307 90 0.039155006408691406
90 0 438397 90 0.03926992416381836
90 0 438487 90 0.03920340538024902
90 0 438577 90 0.03911566734313965
90 0 438667 90 0.03924107551574707
90 0 438757 90 0.03924894332885742
90 0 438847 90 0.0392611026763916
90 0 438937 90 0.03924369812011719
90 0 439027 90 0.0391845703125
90 0 439117 90 0.03916001319885254
90 0 439207 90 0.039139747619628906
90 0 439297 90 0.039362430572509766
90 0 439387 90 0.03946089744567871
89 0 436203 89 0.040982723236083984
89 0 436292 89 0.04117870330810547
89 0 436381 89 0.04101443290710449
89 0 436470 89 0.041069746017456055
89 0 436559 89 0.0416254997253418
88 0 428351 88 0.04047751426696777
88 2 428351 8192 0.2574491500854492
89 1 436543 1829 0.09410381317138672
89 0 431597 89 0.04441976547241211
89 2 431597 6594 0.21969366073608398
90 0 434555 90 0.04334855079650879
90 1 434555 3460 0.12769699096679688
91 0 438106 91 0.044286251068115234
90 0 433254 90 0.041089534759521484
90 0 433344 90 0.040697336196899414
90 0 433434 90 0.04072904586791992
90 0 433524 90 0.04060649871826172
90 0 433614 90 0.04063582420349121
90 0 433704 90 0.044040679931640625
90 0 433794 90 0.04084420204162598
90 0 433884 90 0.04057645797729492
90 0 433974 90 0.04045295715332031
90 0 434064 90 0.04042768478393555
90 0 434154 90 0.04046297073364258
90 0 434244 90 0.04052543640136719
90 0 434334 90 0.040448904037475586
90 0 434424 90 0.04075980186462402
90 0 434514 90 0.04065704345703125
90 0 434604 90 0.040654897689819336
90 0 434694 90 0.0406339168548584
90 0 434784 90 0.040556907653808594
90 0 434874 90 0.04049229621887207
90 0 434964 90 0.0405583381652832
90 0 435054 90 0.04054665565490723
90 0 435144 90 0.04071497917175293
90 0 435234 90 0.04053473472595215
90 0 435324 90 0.04056882858276367
90 0 435414 90 0.040724754333496094
90 0 435504 90 0.04075479507446289
90 0 435594 90 0.04071640968322754
90 0 435684 90 0.04061126708984375
90 0 435774 90 0.040670156478881836
90 0 435864 90 0.041080474853515625
90 0 435954 90 0.04099249839782715
90 0 436044 90 0.04095315933227539
90 0 436134 90 0.040851593017578125
90 0 436224 90 0.04082036018371582
90 0 436314 90 0.040781259536743164
90 0 436404 90 0.040677785873413086
90 0 436494 90 0.04062485694885254
90 0 436584 90 0.040648460388183594
90 0 436674 90 0.04062342643737793
90 0 436764 90 0.04071235656738281
90 0 436854 90 0.040755271911621094
90 0 436944 90 0.04065513610839844
90 0 437034 90 0.04066109657287598
90 0 437124 90 0.04064321517944336
90 0 437214 90 0.040650367736816406
90 0 437304 90 0.040721893310546875
90 0 437394 90 0.04072976112365723
90 0 437484 90 0.040692806243896484
90 0 437574 90 0.04074501991271973
90 0 437664 90 0.04082894325256348
90 0 437754 90 0.040704965591430664
90 0 437844 90 0.04073190689086914
90 0 437934 90 0.04076790809631348
90 0 438024 90 0.04082345962524414
90 0 438114 90 0.04084944725036621
90 0 438204 90 0.040880441665649414
90 0 438294 90 0.040859222412109375
90 0 438384 90 0.040784358978271484
90 0 438474 90 0.04081010818481445
90 0 438564 90 0.04085397720336914
90 0 438654 90 0.04100346565246582
90 0 438744 90 0.04111790657043457
90 0 438834 90 0.040967464447021484
90 0 438924 90 0.0408782958984375
90 0 439014 90 0.04093813896179199
90 0 439104 90 0.0410006046295166
90 0 439194 90 0.040892601013183594
90 0 439284 90 0.04143333435058594
89 0 433831 89 0.043701171875
89 0 433920 89 0.04379677772521973
89 0 434009 89 0.043616294860839844
89 0 434098 89 0.04401230812072754
88 0 430753 88 0.0409243106842041
88 1 430753 6935 0.24230122566223145
89 0 437777 89 0.046611785888671875
89 0 437866 89 0.04472661018371582
88 0 433892 88 0.042942047119140625
88 0 433980 88 0.04340505599975586
88 0 434068 88 0.04395484924316406
87 0 428064 87 0.04333615303039551
87 2 428064 8192 0.2670567035675049
88 1 436256 1134 0.061962127685546875
89 0 437479 89 0.045790910720825195
88 0 431076 88 0.0406649112701416
88 1 431081 8192 0.28963327407836914
88 1 439273 120 0.034316301345825195
89 0 439482 89 0.04003477096557617
89 0 439571 89 0.03962397575378418
89 0 439660 89 0.040628671646118164
87 0 426244 87 0.038510799407958984
87 2 426244 8192 0.2615354061126709
88 1 434436 357 0.039626359939575195
89 0 434882 89 0.04326367378234863
89 0 434971 89 0.04252266883850098
89 0 435060 89 0.042458534240722656
89 0 435149 89 0.0430300235748291
88 0 426734 88 0.04018354415893555
87 2 423501 8191 0.2766072750091553
88 2 433999 2579 0.11068463325500488
90 0 436668 90 0.04565572738647461
90 0 436758 90 0.04429197311401367
90 0 436848 90 0.044011831283569336
90 0 436938 90 0.043935537338256836
90 0 437028 90 0.043906211853027344
90 0 437118 90 0.04410600662231445
90 0 437208 90 0.04416990280151367
90 0 437298 90 0.04387474060058594
90 0 437388 90 0.04365372657775879
90 0 437478 90 0.04366445541381836
90 0 437568 90 0.04365992546081543
90 0 437658 90 0.04368996620178223
90 0 437748 90 0.0437469482421875
90 0 437838 90 0.04398036003112793
90 0 437928 90 0.04399394989013672
90 0 438018 90 0.043840885162353516
90 0 438108 90 0.04451346397399902
88 0 426450 88 0.040979623794555664
88 2 426450 8192 0.2591381072998047
89 2 434642 6954 0.24744033813476562
91 0 441687 91 0.04413270950317383
90 0 436532 90 0.04284358024597168
88 2 426941 8190 0.2803668975830078
89 1 435131 4790 0.18372249603271484
89 0 433491 89 0.04349040985107422
88 3 427154 8191 0.2563207149505615
89 3 426578 8192 0.2838706970214844
91 2 434770 5554 0.19275593757629395
93 0 440417 93 0.04714798927307129
92 0 434369 92 0.04275870323181152
92 1 434369 3028 0.11586833000183105
93 0 437490 93 0.0440983772277832
93 0 437583 93 0.042105674743652344
93 0 437676 93 0.04171919822692871
93 0 437769 93 0.04214596748352051
92 0 429712 92 0.041104793548583984
92 1 429712 7392 0.25872802734375
93 0 437197 93 0.044176340103149414
93 0 437290 93 0.04297208786010742
93 0 437383 93 0.041759490966796875
93 0 437476 93 0.04156351089477539
93 0 437569 93 0.041481971740722656
93 0 437662 93 0.04176473617553711
93 0 437755 93 0.042424678802490234
92 0 431780 92 0.04065990447998047
92 1 431780 5610 0.1993248462677002
93 0 437483 93 0.042899370193481445
93 0 437576 93 0.04187798500061035
92 0 429190 92 0.043036460876464844
92 2 429190 8192 0.2593214511871338
93 1 437382 396 0.041869401931762695
94 0 437872 94 0.042336463928222656
94 0 437966 94 0.04183220863342285
94 0 438060 94 0.041478872299194336
94 0 438154 94 0.041469573974609375
94 0 438248 94 0.04154658317565918
94 0 438342 94 0.04147601127624512
94 0 438436 94 0.04151010513305664
94 0 438530 94 0.041548728942871094
94 0 438624 94 0.0413515567779541
94 0 438718 94 0.041345834732055664
94 0 438812 94 0.04170846939086914
94 0 438906 94 0.041535139083862305
94 0 439000 94 0.04150843620300293
94 0 439094 94 0.04174304008483887
94 0 439188 94 0.04155135154724121
94 0 439282 94 0.04220318794250488
93 0 431978 93 0.04249691963195801
93 1 431978 5755 0.20139336585998535
94 0 437827 94 0.04610943794250488
94 0 437921 94 0.044516801834106445
93 0 432950 93 0.04146099090576172
93 1 432950 6317 0.22243595123291016
94 0 439361 94 0.042363882064819336
94 0 439455 94 0.040723323822021484
93 0 437014 93 0.04085493087768555
92 2 434573 5786 0.19170212745666504
94 0 440453 94 0.04452323913574219
94 0 440547 94 0.04234004020690918
93 0 435979 93 0.042568206787109375
93 0 436072 93 0.04237627983093262
93 0 436165 93 0.0426180362701416
93 0 436258 93 0.042668819427490234
93 0 436351 93 0.042604923248291016
93 0 436444 93 0.04250669479370117
93 0 436537 93 0.04238104820251465
93 0 436630 93 0.042752742767333984
92 0 430023 92 0.040517330169677734
92 1 430023 6479 0.2269916534423828
92 0 434219 92 0.04348564147949219
92 1 434219 7122 0.247941255569458
93 0 441434 93 0.04335498809814453
93 0 441527 93 0.04190826416015625
92 0 439851 92 0.04115939140319824
92 0 439943 92 0.04125618934631348
92 0 440035 92 0.041319847106933594
92 0 440127 92 0.04124617576599121
92 0 440219 92 0.041443586349487305
92 0 440311 92 0.04144716262817383
92 0 440403 92 0.04164457321166992
90 0 436878 90 0.04021954536437988
89 1 431822 6084 0.21452617645263672
90 0 437996 90 0.04347515106201172
90 0 438086 90 0.041245222091674805
90 0 438176 90 0.04036569595336914
90 0 438266 90 0.040926456451416016
88 0 426314 88 0.039162635803222656
88 3 426314 8192 0.2515842914581299
89 1 427779 5850 0.2270679473876953
90 0 433719 90 0.045827388763427734
90 0 433809 90 0.04304146766662598
90 0 433899 90 0.0418703556060791
90 0 433989 90 0.04172039031982422
90 0 434079 90 0.041993141174316406
89 0 431622 89 0.04171872138977051
89 1 431622 8192 0.2822840213775635
89 1 439814 112 0.03425884246826172
90 0 440016 90 0.04313015937805176
90 0 440106 90 0.04264998435974121
89 0 435781 89 0.040442705154418945
89 1 435781 3598 0.1338818073272705
90 0 439469 90 0.04202842712402344
90 0 439559 90 0.04098224639892578
90 0 439649 90 0.041254520416259766
90 0 439739 90 0.041170358657836914
90 0 439829 90 0.040705204010009766
90 0 439919 90 0.04076838493347168
90 0 440009 90 0.040729522705078125
90 0 440099 90 0.040540456771850586
90 0 440189 90 0.04042673110961914
90 0 440279 90 0.040285587310791016
90 0 440369 90 0.04031872749328613
90 0 440459 90 0.04030752182006836
90 0 440549 90 0.04029679298400879
90 0 440639 90 0.040270090103149414
90 0 440729 90 0.04077291488647461
90 0 440819 90 0.040819406509399414
90 0 440909 90 0.04067564010620117
90 0 440999 90 0.04041600227355957
90 0 441089 90 0.04083132743835449
90 0 441179 90 0.040636301040649414
90 0 441269 90 0.04055380821228027
90 0 441359 90 0.04096412658691406
89 0 434321 89 0.03961014747619629
89 0 434410 89 0.03955364227294922
89 0 434499 89 0.03958582878112793
89 0 434588 89 0.0396418571472168
89 0 434677 89 0.03961586952209473
89 0 434766 89 0.03957796096801758
89 0 434855 89 0.039642333984375
89 0 434944 89 0.0400850772857666
88 0 430423 88 0.04264497756958008
87 2 423898 8191 0.28600621223449707
88 2 432089 4307 0.15430474281311035
89 0 435057 89 0.04540657997131348
89 0 435146 89 0.04394102096557617
89 0 435235 89 0.04337167739868164
89 0 435324 89 0.043329477310180664
89 0 435413 89 0.043291568756103516
89 0 435502 89 0.04324817657470703
89 0 435591 89 0.04328632354736328
89 0 435680 89 0.04449629783630371
86 0 417333 86 0.04037141799926758
86 2 417333 8192 0.28177714347839355
87 3 425525 8192 0.2552962303161621
89 1 433717 1375 0.06933236122131348
90 0 435182 90 0.04151558876037598
90 0 435272 90 0.040140628814697266
90 0 435362 90 0.03966379165649414
90 0 435452 90 0.039762020111083984
90 0 435542 90 0.03962373733520508
90 0 435632 90 0.03968954086303711
90 0 435722 90 0.039659738540649414
90 0 435812 90 0.039644479751586914
90 0 435902 90 0.03993034362792969
89 0 434445 89 0.04143571853637695
89 1 434445 6271 0.21872448921203613
90 0 440806 90 0.04555106163024902
89 0 434758 89 0.040282249450683594
89 1 434758 5065 0.18075990676879883
90 0 439913 90 0.0415804386138916
90 0 440003 90 0.04048633575439453
90 0 440093 90 0.039876461029052734
89 0 432101 89 0.040775299072265625
88 3 424673 7880 0.24765467643737793
90 0 428641 90 0.04288363456726074
90 0 428731 90 0.04114103317260742
90 0 428821 90 0.039832353591918945
90 0 428911 90 0.03995156288146973
90 0 429001 90 0.0406184196472168
89 0 427565 89 0.04021453857421875
89 0 427654 89 0.039803266525268555
89 0 427743 89 0.03944253921508789
89 0 427832 89 0.03941535949707031
89 0 427921 89 0.03907632827758789
89 0 428010 89 0.03900885581970215
89 0 428099 89 0.039385318756103516
88 0 425085 88 0.039960622787475586
88 0 425173 88 0.03988790512084961
88 0 425261 88 0.03990578651428223
88 0 425349 88 0.040511369705200195
87 0 420608 87 0.04024505615234375
86 0 417295 86 0.039810895919799805
86 0 417381 86 0.03975534439086914
86 0 417467 86 0.03970456123352051
86 0 417553 86 0.039702653884887695
86 0 417639 86 0.03980135917663574
86 0 417725 86 0.03984808921813965
86 0 417811 86 0.03984189033508301
86 0 417897 86 0.04062461853027344
86 0 417983 86 0.040190935134887695
86 0 418069 86 0.04041600227355957
85 0 411719 85 0.040048837661743164
85 0 411804 85 0.03969740867614746
85 0 411889 85 0.0397791862487793
84 0 410117 84 0.039278507232666016
84 0 410201 84 0.03928780555725098
84 0 410285 84 0.03936886787414551
84 0 410369 84 0.03934788703918457
84 0 410453 84 0.03934621810913086
84 0 410537 84 0.0396418571472168
83 0 407136 83 0.04018688201904297
82 0 399376 82 0.038590192794799805
82 0 399458 82 0.03839921951293945
82 0 399540 82 0.03836989402770996
82 0 399622 82 0.03827524185180664
82 0 399704 82 0.03853201866149902
82 0 399786 82 0.03903913497924805
81 0 395063 81 0.03895258903503418
81 0 395144 81 0.038926124572753906
81 0 395225 81 0.03879809379577637
81 0 395306 81 0.03872394561767578
81 0 395387 81 0.038756370544433594
81 0 395468 81 0.03876781463623047
81 0 395549 81 0.0386812686920166
81 0 395630 81 0.03891324996948242
81 0 395711 81 0.038770437240600586
81 0 395792 81 0.03880429267883301
81 0 395873 81 0.03879046440124512
81 0 395954 81 0.03862905502319336
81 0 396035 81 0.03863978385925293
81 0 396116 81 0.038680315017700195
81 0 396197 81 0.03865861892700195
81 0 396278 81 0.03875231742858887
81 0 396359 81 0.03867173194885254
81 0 396440 81 0.0385890007019043
81 0 396521 81 0.03866004943847656
81 0 396602 81 0.03874349594116211
81 0 396683 81 0.03871726989746094
81 0 396764 81 0.03923511505126953
80 0 389075 80 0.038368940353393555
80 0 389155 80 0.03829383850097656
80 0 389235 80 0.038666486740112305
80 0 389315 80 0.03844618797302246
80 0 389395 80 0.03885841369628906
79 0 382714 79 0.038298606872558594
79 0 382793 79 0.03817462921142578
79 0 382872 79 0.03854632377624512
78 0 377980 78 0.03703022003173828
78 0 378058 78 0.03691744804382324
78 0 378136 78 0.03688406944274902
78 0 378214 78 0.036902427673339844
78 0 378292 78 0.03689765930175781
78 0 378370 78 0.03697538375854492
78 0 378448 78 0.036983489990234375
78 0 378526 78 0.03702402114868164
78 0 378604 78 0.03701305389404297
78 0 378682 78 0.0368952751159668
78 0 378760 78 0.03769826889038086
77 0 372375 77 0.03552365303039551
77 0 372452 77 0.03585982322692871
77 0 372529 77 0.03554654121398926
77 0 372606 77 0.03541445732116699
77 0 372683 77 0.035459041595458984
77 0 372760 77 0.035466909408569336
77 0 372837 77 0.03549337387084961
77 0 372914 77 0.03543853759765625
77 0 372991 77 0.03535628318786621
77 0 373068 77 0.03543853759765625
77 0 373145 77 0.03542828559875488
77 0 373222 77 0.03543281555175781
77 0 373299 77 0.03548312187194824
77 0 373376 77 0.03541827201843262
77 0 373453 77 0.035413503646850586
77 0 373530 77 0.035428524017333984
77 0 373607 77 0.03548407554626465
77 0 373684 77 0.03554248809814453
77 0 373761 77 0.035494089126586914
77 0 373838 77 0.03545784950256348
77 0 373915 77 0.03546714782714844
77 0 373992 77 0.03549909591674805
77 0 374069 77 0.03551149368286133
77 0 374146 77 0.0356907844543457
77 0 374223 77 0.03573250770568848
77 0 374300 77 0.03570413589477539
77 0 374377 77 0.03561902046203613
77 0 374454 77 0.03562569618225098
77 0 374531 77 0.035531044006347656
77 0 374608 77 0.035614967346191406
77 0 374685 77 0.03562355041503906
77 0 374762 77 0.03606534004211426
77 0 374839 77 0.03602433204650879
77 0 374916 77 0.036202192306518555
77 0 374993 77 0.03667402267456055
77 0 375070 77 0.03652191162109375
77 0 375147 77 0.037201642990112305
76 0 369780 76 0.036478281021118164
76 0 369856 76 0.0366060733795166
76 0 369932 76 0.03708386421203613
75 0 364540 75 0.03468155860900879
75 0 364615 75 0.03459429740905762
75 0 364690 75 0.03448629379272461
75 0 364765 75 0.03473377227783203
75 0 364840 75 0.03505849838256836
75 0 364915 75 0.034912109375
75 0 364990 75 0.03499197959899902
75 0 365065 75 0.035073041915893555
75 0 365140 75 0.03507494926452637
75 0 365215 75 0.035150766372680664
74 0 362531 74 0.036416053771972656
73 0 353902 73 0.03408694267272949
73 0 353975 73 0.033986568450927734
73 0 354048 73 0.034117937088012695
73 0 354121 73 0.03438878059387207
72 0 347853 72 0.03200817108154297
72 0 347925 72 0.03168892860412598
72 0 347997 72 0.03165888786315918
72 0 348069 72 0.03145575523376465
72 0 348141 72 0.03129839897155762
72 0 348213 72 0.03116583824157715
72 0 348285 72 0.031209468841552734
72 0 348357 72 0.03219318389892578
72 0 348429 72 0.03183865547180176
72 0 348501 72 0.031731367111206055
72 0 348573 72 0.03186202049255371
72 0 348645 72 0.03171348571777344
72 0 348717 72 0.03161931037902832
72 0 348789 72 0.03153085708618164
72 0 348861 72 0.031308889389038086
72 0 348933 72 0.03153872489929199
72 0 349005 72 0.031078338623046875
72 0 349077 72 0.03105330467224121
72 0 349149 72 0.031032800674438477
72 0 349221 72 0.031131982803344727
72 0 349293 72 0.031064987182617188
72 0 349365 72 0.031052112579345703
72 0 349437 72 0.03098893165588379
72 0 349509 72 0.031070947647094727
72 0 349581 72 0.03102278709411621
72 0 349653 72 0.03132033348083496
71 0 347834 71 0.030952930450439453
71 0 347905 71 0.031321048736572266
71 0 347976 71 0.031182527542114258
71 0 348047 71 0.030893325805664062
71 0 348118 71 0.03086233139038086
71 0 348189 71 0.030945539474487305
71 0 348260 71 0.030967235565185547
71 0 348331 71 0.030961275100708008
71 0 348402 71 0.030968427658081055
71 0 348473 71 0.03085494041442871
71 0 348544 71 0.030806779861450195
71 0 348615 71 0.030802488327026367
71 0 348686 71 0.031340837478637695
70 0 342962 70 0.0316617488861084
69 0 335486 69 0.03096604347229004
68 0 329952 68 0.030590534210205078
68 0 330020 68 0.030596017837524414
68 0 330088 68 0.03058934211730957
68 0 330156 68 0.03064560890197754
68 0 330224 68 0.030700206756591797
68 0 330292 68 0.030900955200195312
68 0 330360 68 0.030794620513916016
68 0 330428 68 0.030813217163085938
68 0 330496 68 0.03064703941345215
68 0 330564 68 0.030668258666992188
68 0 330632 68 0.030693531036376953
68 0 330700 68 0.03068995475769043
68 0 330768 68 0.030704259872436523
68 0 330836 68 0.03074359893798828
68 0 330904 68 0.03107929229736328
67 0 328020 67 0.03068995475769043
67 0 328087 67 0.030740976333618164
67 0 328154 67 0.030807018280029297
67 0 328221 67 0.030869245529174805
67 0 328288 67 0.03090381622314453
67 0 328355 67 0.030968427658081055
67 0 328422 67 0.03087449073791504
67 0 328489 67 0.030759334564208984
67 0 328556 67 0.030750036239624023
67 0 328623 67 0.030823707580566406
67 0 328690 67 0.030802488327026367
67 0 328757 67 0.03139519691467285
66 0 322133 66 0.02957892417907715
66 0 322199 66 0.02958083152770996
66 0 322265 66 0.029602766036987305
66 0 322331 66 0.029611825942993164
66 0 322397 66 0.029606342315673828
66 0 322463 66 0.02956557273864746
66 0 322529 66 0.02956557273864746
66 0 322595 66 0.029649972915649414
66 0 322661 66 0.02964925765991211
66 0 322727 66 0.029687166213989258
66 0 322793 66 0.029636621475219727
66 0 322859 66 0.02967071533203125
66 0 322925 66 0.029578447341918945
66 0 322991 66 0.029651403427124023
66 0 323057 66 0.02965235710144043
66 0 323123 66 0.030230998992919922
64 0 315020 64 0.028461933135986328
64 0 315084 64 0.028903484344482422
64 0 315148 64 0.028691768646240234
64 0 315212 64 0.028591632843017578
64 0 315276 64 0.02870774269104004
64 0 315340 64 0.028582334518432617
64 0 315404 64 0.028472185134887695
64 0 315468 64 0.028484106063842773
64 0 315532 64 0.028490781784057617
64 0 315596 64 0.028493881225585938
64 0 315660 64 0.02902531623840332
63 0 308432 63 0.028310298919677734
63 0 308495 63 0.02829718589782715
63 0 308558 63 0.0282745361328125
63 0 308621 63 0.02826404571533203
63 0 308684 63 0.028244972229003906
63 0 308747 63 0.028288602828979492
63 0 308810 63 0.028306961059570312
63 0 308873 63 0.028362035751342773
63 0 308936 63 0.028339862823486328
63 0 308999 63 0.028255939483642578
63 0 309062 63 0.0282595157623291
63 0 309125 63 0.02822399139404297
63 0 309188 63 0.02862381935119629
62 0 304237 62 0.028472900390625
61 0 300872 61 0.02903604507446289
61 0 300933 61 0.02906966209411621
61 0 300994 61 0.029274702072143555
60 0 297280 60 0.02884078025817871
60 0 297340 60 0.028733253479003906
60 0 297400 60 0.02918076515197754
60 0 297460 60 0.0289306640625
60 0 297520 60 0.02876758575439453
60 0 297580 60 0.028755664825439453
60 0 297640 60 0.029323101043701172
59 0 292159 59 0.028585433959960938
59 0 292218 59 0.028560161590576172
59 0 292277 59 0.029001474380493164
58 0 285531 58 0.02756953239440918
58 0 285589 58 0.02760481834411621
58 0 285647 58 0.027617216110229492
58 0 285705 58 0.028310298919677734
58 0 285763 58 0.028104305267333984
57 0 281249 57 0.027620315551757812
56 0 275016 56 0.025866031646728516
56 0 275072 56 0.025761842727661133
56 0 275128 56 0.02572321891784668
56 0 275184 56 0.02565145492553711
56 0 275240 56 0.025675058364868164
56 0 275296 56 0.02565169334411621
56 0 275352 56 0.025610923767089844
56 0 275408 56 0.025676250457763672
56 0 275464 56 0.025679349899291992
56 0 275520 56 0.026030778884887695
55 0 273406 55 0.02628350257873535
54 0 266058 54 0.02509284019470215
54 0 266112 54 0.025034189224243164
54 0 266166 54 0.02496933937072754
54 0 266220 54 0.02495551109313965
54 0 266274 54 0.024968385696411133
54 0 266328 54 0.024993181228637695
54 0 266382 54 0.025020122528076172
54 0 266436 54 0.025010108947753906
54 0 266490 54 0.024986982345581055
54 0 266544 54 0.025214672088623047
53 0 264471 53 0.02501678466796875
53 0 264524 53 0.025007247924804688
53 0 264577 53 0.025026559829711914
53 0 264630 53 0.025049686431884766
53 0 264683 53 0.025007247924804688
53 0 264736 53 0.025279760360717773
52 0 261536 52 0.024835824966430664
52 0 261588 52 0.024843931198120117
52 0 261640 52 0.024863243103027344
52 0 261692 52 0.02490687370300293
52 0 261744 52 0.02485203742980957
52 0 261796 52 0.024865388870239258
52 0 261848 52 0.02535533905029297
50 0 253928 50 0.02448558807373047
50 0 253978 50 0.02442002296447754
50 0 254028 50 0.02489447593688965
49 0 246476 49 0.024116039276123047
49 0 246525 49 0.024134159088134766
49 0 246574 49 0.024135351181030273
49 0 246623 49 0.024239301681518555
49 0 246672 49 0.024575471878051758
48 0 238786 48 0.02355647087097168
47 0 233392 47 0.02343463897705078
46 0 226791 46 0.022706031799316406
45 0 223238 45 0.022256851196289062
45 0 223283 45 0.022271394729614258
45 0 223328 45 0.022261381149291992
45 0 223373 45 0.022268056869506836
45 0 223418 45 0.022267580032348633
45 0 223463 45 0.022263526916503906
45 0 223508 45 0.022289037704467773
45 0 223553 45 0.022284269332885742
45 0 223598 45 0.02230691909790039
45 0 223643 45 0.022311925888061523
45 0 223688 45 0.022290468215942383
45 0 223733 45 0.022281646728515625
45 0 223778 45 0.02231597900390625
45 0 223823 45 0.022325992584228516
45 0 223868 45 0.022297143936157227
45 0 223913 45 0.02229905128479004
45 0 223958 45 0.02231431007385254
45 0 224003 45 0.02234673500061035
45 0 224048 45 0.022339344024658203
45 0 224093 45 0.02234935760498047
45 0 224138 45 0.02273845672607422
44 0 217787 44 0.021539926528930664
44 0 217831 44 0.021545886993408203
44 0 217875 44 0.021782875061035156
43 0 214593 43 0.02102351188659668
43 0 214636 43 0.021027088165283203
43 0 214679 43 0.020993471145629883
43 0 214722 43 0.02099919319152832
43 0 214765 43 0.02139449119567871
42 0 208638 42 0.02014613151550293
42 0 208680 42 0.02018427848815918
42 0 208722 42 0.020134449005126953
42 0 208764 42 0.020439624786376953
42 0 208806 42 0.020412683486938477
42 0 208848 42 0.020251750946044922
42 0 208890 42 0.0203397274017334
42 0 208932 42 0.020229578018188477
42 0 208974 42 0.020221471786499023
42 0 209016 42 0.020201921463012695
42 0 209058 42 0.020219802856445312
42 0 209100 42 0.020216941833496094
42 0 209142 42 0.020256757736206055
42 0 209184 42 0.02126598358154297
41 0 204991 41 0.02042865753173828
41 0 205032 41 0.020256519317626953
41 0 205073 41 0.020235538482666016
41 0 205114 41 0.02021932601928711
41 0 205155 41 0.0202176570892334
41 0 205196 41 0.02022838592529297
41 0 205237 41 0.020219802856445312
41 0 205278 41 0.020181655883789062
41 0 205319 41 0.02025151252746582
41 0 205360 41 0.02022242546081543
41 0 205401 41 0.02022242546081543
41 0 205442 41 0.0202484130859375
41 0 205483 41 0.0202178955078125
41 0 205524 41 0.020289897918701172
41 0 205565 41 0.020235300064086914
41 0 205606 41 0.020244836807250977
41 0 205647 41 0.020252227783203125
41 0 205688 41 0.020241737365722656
41 0 205729 41 0.02020716667175293
41 0 205770 41 0.020238876342773438
41 0 205811 41 0.020249605178833008
41 0 205852 41 0.020218372344970703
41 0 205893 41 0.0202176570892334
41 0 205934 41 0.02025294303894043
41 0 205975 41 0.020243406295776367
41 0 206016 41 0.02028679847717285
41 0 206057 41 0.020256519317626953
41 0 206098 41 0.020259380340576172
41 0 206139 41 0.020480632781982422
40 0 203999 40 0.019822120666503906
40 0 204039 40 0.01973557472229004
40 0 204079 40 0.01975083351135254
40 0 204119 40 0.0198519229888916
40 0 204159 40 0.019769668579101562
40 0 204199 40 0.019736528396606445
40 0 204239 40 0.01976466178894043
40 0 204279 40 0.020014047622680664
39 0 201189 39 0.01970839500427246
39 0 201228 39 0.01971888542175293
39 0 201267 39 0.019722461700439453
39 0 201306 39 0.019704103469848633
39 0 201345 39 0.019999265670776367
38 0 197450 38 0.01949453353881836
38 0 197488 38 0.019479990005493164
38 0 197526 38 0.019529104232788086
38 0 197564 38 0.019524097442626953
38 0 197602 38 0.019822120666503906
37 0 192647 37 0.01941847801208496
37 0 192684 37 0.01942753791809082
37 0 192721 37 0.01967787742614746
36 0 189490 36 0.019784212112426758
35 0 182154 35 0.01913738250732422
35 0 182189 35 0.019117355346679688
35 0 182224 35 0.019155263900756836
35 0 182259 35 0.019126415252685547
35 0 182294 35 0.019109249114990234
35 0 182329 35 0.019159555435180664
35 0 182364 35 0.019145965576171875
35 0 182399 35 0.01912713050842285
35 0 182434 35 0.019130706787109375
35 0 182469 35 0.01913928985595703
35 0 182504 35 0.019205808639526367
35 0 182539 35 0.019173383712768555
35 0 182574 35 0.019167661666870117
35 0 182609 35 0.019175291061401367
35 0 182644 35 0.019186735153198242
35 0 182679 35 0.019191265106201172
35 0 182714 35 0.0191802978515625
35 0 182749 35 0.01918935775756836
35 0 182784 35 0.019178390502929688
35 0 182819 35 0.019362449645996094
34 0 180934 34 0.019182682037353516
34 0 180968 34 0.019281625747680664
34 0 181002 34 0.01915121078491211
34 0 181036 34 0.019170522689819336
34 0 181070 34 0.019129037857055664
34 0 181104 34 0.01915597915649414
34 0 181138 34 0.01915764808654785
34 0 181172 34 0.01915431022644043
34 0 181206 34 0.019163846969604492
34 0 181240 34 0.019164562225341797
34 0 181274 34 0.019144296646118164
34 0 181308 34 0.019170284271240234
34 0 181342 34 0.01917552947998047
34 0 181376 34 0.019225358963012695
34 0 181410 34 0.019212007522583008
34 0 181444 34 0.019231081008911133
34 0 181478 34 0.01920318603515625
34 0 181512 34 0.019217491149902344
34 0 181546 34 0.01920461654663086
34 0 181580 34 0.019242286682128906
34 0 181614 34 0.019474506378173828
33 0 178707 33 0.019217729568481445
33 0 178740 33 0.019173860549926758
33 0 178773 33 0.019197463989257812
33 0 178806 33 0.019222736358642578
33 0 178839 33 0.01919269561767578
33 0 178872 33 0.01923060417175293
33 0 178905 33 0.019417285919189453
32 0 176647 32 0.017827749252319336
32 0 176679 32 0.01775360107421875
32 0 176711 32 0.01775050163269043
32 0 176743 32 0.017673015594482422
32 0 176775 32 0.017724990844726562
32 0 176807 32 0.01810002326965332
31 0 170722 31 0.017473459243774414
31 0 170753 31 0.017493486404418945
31 0 170784 31 0.017513513565063477
31 0 170815 31 0.017471790313720703
31 0 170846 31 0.017477035522460938
31 0 170877 31 0.017478466033935547
31 0 170908 31 0.01786971092224121
30 0 165576 30 0.017473220825195312
30 0 165606 30 0.017275094985961914
30 0 165636 30 0.01726984977722168
30 0 165666 30 0.017256498336791992
30 0 165696 30 0.017278671264648438
30 0 165726 30 0.017542362213134766
29 0 161627 29 0.01708674430847168
29 0 161656 29 0.01706981658935547
29 0 161685 29 0.01712322235107422
29 0 161714 29 0.017125844955444336
29 0 161743 29 0.0170745849609375
29 0 161772 29 0.017112016677856445
29 0 161801 29 0.017128705978393555
29 0 161830 29 0.01712822914123535
29 0 161859 29 0.017096281051635742
29 0 161888 29 0.017157793045043945
29 0 161917 29 0.017116308212280273
29 0 161946 29 0.017177343368530273
29 0 161975 29 0.01717972755432129
29 0 162004 29 0.017155885696411133
29 0 162033 29 0.01770329475402832
28 0 153771 28 0.016710519790649414
28 0 153799 28 0.016660451889038086
28 0 153827 28 0.016730785369873047
28 0 153855 28 0.016712665557861328
28 0 153883 28 0.016702651977539062
28 0 153911 28 0.016728878021240234
28 0 153939 28 0.017069101333618164
27 0 147948 27 0.01647019386291504
27 0 147975 27 0.0165557861328125
27 0 148002 27 0.016477346420288086
27 0 148029 27 0.016464948654174805
27 0 148056 27 0.016520977020263672
27 0 148083 27 0.016797304153442383
26 0 143657 26 0.016225337982177734
26 0 143683 26 0.016161441802978516
26 0 143709 26 0.01619863510131836
26 0 143735 26 0.016156911849975586
26 0 143761 26 0.016144990921020508
26 0 143787 26 0.016135454177856445
26 0 143813 26 0.016252756118774414
26 0 143839 26 0.016202211380004883
26 0 143865 26 0.01616191864013672
26 0 143891 26 0.016144990921020508
26 0 143917 26 0.01618218421936035
26 0 143943 26 0.01615118980407715
26 0 143969 26 0.016150951385498047
26 0 143995 26 0.016206741333007812
26 0 144021 26 0.016168594360351562
26 0 144047 26 0.016145944595336914
26 0 144073 26 0.016127347946166992
26 0 144099 26 0.016156673431396484
26 0 144125 26 0.016182899475097656
26 0 144151 26 0.01614975929260254
26 0 144177 26 0.016147375106811523
26 0 144203 26 0.016155004501342773
26 0 144229 26 0.016142845153808594
26 0 144255 26 0.01616215705871582
26 0 144281 26 0.016185998916625977
26 0 144307 26 0.016182661056518555
26 0 144333 26 0.01616978645324707
26 0 144359 26 0.016160011291503906
26 0 144385 26 0.016164779663085938
26 0 144411 26 0.01617264747619629
26 0 144437 26 0.016147851943969727
26 0 144463 26 0.01619243621826172
26 0 144489 26 0.016152620315551758
26 0 144515 26 0.016576290130615234
25 0 138671 25 0.016042232513427734
25 0 138696 25 0.016010284423828125
25 0 138721 25 0.016042470932006836
25 0 138746 25 0.015977859497070312
25 0 138771 25 0.016069889068603516
25 0 138796 25 0.016061782836914062
25 0 138821 25 0.016034603118896484
25 0 138846 25 0.01645207405090332
24 0 132549 24 0.015357017517089844
24 0 132573 24 0.015269994735717773
24 0 132597 24 0.015280723571777344
24 0 132621 24 0.01524972915649414
24 0 132645 24 0.015401840209960938
24 0 132669 24 0.015333175659179688
24 0 132693 24 0.015275716781616211
24 0 132717 24 0.015259265899658203
24 0 132741 24 0.0152740478515625
24 0 132765 24 0.015245676040649414
24 0 132789 24 0.015243053436279297
24 0 132813 24 0.01527857780456543
24 0 132837 24 0.015281438827514648
24 0 132861 24 0.015247821807861328
24 0 132885 24 0.015269994735717773
24 0 132909 24 0.01582503318786621
23 0 124365 23 0.014764785766601562
23 0 124388 23 0.014770030975341797
23 0 124411 23 0.01474761962890625
23 0 124434 23 0.014742851257324219
23 0 124457 23 0.014775753021240234
23 0 124480 23 0.014783859252929688
23 0 124503 23 0.015159130096435547
22 0 118302 22 0.014202117919921875
22 0 118324 22 0.014203310012817383
22 0 118346 22 0.014168024063110352
22 0 118368 22 0.014160394668579102
22 0 118390 22 0.014168500900268555
22 0 118412 22 0.014565229415893555
22 0 118434 22 0.014225482940673828
22 0 118456 22 0.014245033264160156
22 0 118478 22 0.014179468154907227
22 0 118500 22 0.014182090759277344
22 0 118522 22 0.014612197875976562
21 0 111888 21 0.013994693756103516
21 0 111909 21 0.01400136947631836
21 0 111930 21 0.014008045196533203
21 0 111951 21 0.01422882080078125
20 0 108984 20 0.013854503631591797
20 0 109004 20 0.014134645462036133
19 0 104719 19 0.013615131378173828
19 0 104738 19 0.013647317886352539
19 0 104757 19 0.013674259185791016
19 0 104776 19 0.013688325881958008
19 0 104795 19 0.013781309127807617
19 0 104814 19 0.0136871337890625
19 0 104833 19 0.013641595840454102
19 0 104852 19 0.01366114616394043
19 0 104871 19 0.013668060302734375
19 0 104890 19 0.013646841049194336
19 0 104909 19 0.01363515853881836
19 0 104928 19 0.013633251190185547
19 0 104947 19 0.013649225234985352
19 0 104966 19 0.013656139373779297
19 0 104985 19 0.014055252075195312
18 0 98335 18 0.013235092163085938
18 0 98353 18 0.013275623321533203
18 0 98371 18 0.013267755508422852
18 0 98389 18 0.013248443603515625
18 0 98407 18 0.013283252716064453
18 0 98425 18 0.013289928436279297
18 0 98443 18 0.013281106948852539
18 0 98461 18 0.01325678825378418
18 0 98479 18 0.013279914855957031
18 0 98497 18 0.013273239135742188
18 0 98515 18 0.013316631317138672
18 0 98533 18 0.013262033462524414
18 0 98551 18 0.013259410858154297
18 0 98569 18 0.01328897476196289
18 0 98587 18 0.013279914855957031
18 0 98605 18 0.013257503509521484
18 0 98623 18 0.013269186019897461
18 0 98641 18 0.013262510299682617
18 0 98659 18 0.01327657699584961
18 0 98677 18 0.013270139694213867
18 0 98695 18 0.013298749923706055
18 0 98713 18 0.013248682022094727
18 0 98731 18 0.013254165649414062
18 0 98749 18 0.01327824592590332
18 0 98767 18 0.013289928436279297
18 0 98785 18 0.013586759567260742
17 0 94352 17 0.013143062591552734
17 0 94369 17 0.013155937194824219
17 0 94386 17 0.013153076171875
17 0 94403 17 0.013312816619873047
17 0 94420 17 0.013149499893188477
17 0 94437 17 0.013170003890991211
17 0 94454 17 0.013153791427612305
17 0 94471 17 0.013129711151123047
17 0 94488 17 0.013170242309570312
17 0 94505 17 0.013148307800292969
17 0 94522 17 0.01313924789428711
17 0 94539 17 0.013144969940185547
17 0 94556 17 0.013163328170776367
17 0 94573 17 0.013519763946533203
16 0 90647 16 0.012472152709960938
16 0 90663 16 0.012364625930786133
16 0 90679 16 0.012417316436767578
16 0 90695 16 0.012403011322021484
16 0 90711 16 0.012319087982177734
16 0 90727 16 0.012388229370117188
16 0 90743 16 0.012433528900146484
16 0 90759 16 0.012937784194946289
15 0 81789 15 0.011990785598754883
15 0 81804 15 0.011944770812988281
15 0 81819 15 0.0119476318359375
15 0 81834 15 0.01198124885559082
15 0 81849 15 0.011989116668701172
15 0 81864 15 0.012004852294921875
15 0 81879 15 0.01198434829711914
15 0 81894 15 0.011955499649047852
15 0 81909 15 0.012014389038085938
15 0 81924 15 0.011969566345214844
15 0 81939 15 0.012014627456665039
15 0 81954 15 0.011993885040283203
15 0 81969 15 0.011939287185668945
15 0 81984 15 0.011990070343017578
15 0 81999 15 0.011949539184570312
15 0 82014 15 0.011954069137573242
15 0 82029 15 0.011986970901489258
15 0 82044 15 0.011945009231567383
15 0 82059 15 0.011990070343017578
15 0 82074 15 0.011954784393310547
15 0 82089 15 0.011996269226074219
15 0 82104 15 0.01212310791015625
15 0 82119 15 0.011949539184570312
15 0 82134 15 0.011977672576904297
15 0 82149 15 0.011942625045776367
15 0 82164 15 0.011919021606445312
15 0 82179 15 0.012014150619506836
15 0 82194 15 0.012000560760498047
15 0 82209 15 0.011928081512451172
15 0 82224 15 0.01198720932006836
15 0 82239 15 0.012016534805297852
15 0 82254 15 0.012035131454467773
15 0 82269 15 0.012042760848999023
15 0 82284 15 0.012034416198730469
15 0 82299 15 0.012026548385620117
15 0 82314 15 0.011983394622802734
15 0 82329 15 0.012036800384521484
15 0 82344 15 0.0119781494140625
15 0 82359 15 0.012037992477416992
15 0 82374 15 0.011998891830444336
15 0 82389 15 0.012039899826049805
15 0 82404 15 0.012031793594360352
15 0 82419 15 0.01202702522277832
15 0 82434 15 0.012006044387817383
15 0 82449 15 0.011977434158325195
15 0 82464 15 0.012055635452270508
15 0 82479 15 0.01198124885559082
15 0 82494 15 0.012037038803100586
15 0 82509 15 0.01205587387084961
15 0 82524 15 0.011976480484008789
15 0 82539 15 0.011994123458862305
15 0 82554 15 0.012049674987792969
15 0 82569 15 0.012052536010742188
15 0 82584 15 0.012044906616210938
15 0 82599 15 0.012027740478515625
15 0 82614 15 0.012047529220581055
15 0 82629 15 0.012044906616210938
15 0 82644 15 0.012042760848999023
15 0 82659 15 0.012038707733154297
15 0 82674 15 0.012044191360473633
15 0 82689 15 0.01199483871459961
15 0 82704 15 0.012161731719970703
15 0 82719 15 0.01198577880859375
15 0 82734 15 0.012050390243530273
15 0 82749 15 0.012060165405273438
15 0 82764 15 0.011997461318969727
15 0 82779 15 0.011965036392211914
15 0 82794 15 0.012049436569213867
15 0 82809 15 0.012056112289428711
15 0 82824 15 0.01205301284790039
15 0 82839 15 0.012044668197631836
15 0 82854 15 0.012071609497070312
15 0 82869 15 0.012072086334228516
15 0 82884 15 0.012058496475219727
15 0 82899 15 0.012059211730957031
15 0 82914 15 0.012055397033691406
15 0 82929 15 0.01207113265991211
15 0 82944 15 0.012051820755004883
15 0 82959 15 0.011984586715698242
15 0 82974 15 0.012089014053344727
15 0 82989 15 0.012082099914550781
15 0 83004 15 0.012019634246826172
15 0 83019 15 0.012064695358276367
15 0 83034 15 0.011987924575805664
15 0 83049 15 0.012054681777954102
15 0 83064 15 0.012058734893798828
15 0 83079 15 0.012060880661010742
15 0 83094 15 0.012052774429321289
15 0 83109 15 0.012040853500366211
15 0 83124 15 0.012044906616210938
15 0 83139 15 0.012077569961547852
15 0 83154 15 0.01206064224243164
15 0 83169 15 0.012062311172485352
15 0 83184 15 0.012344598770141602
14 0 78885 14 0.011796951293945312
14 0 78899 14 0.011783123016357422
14 0 78913 14 0.011735200881958008
14 0 78927 14 0.011776924133300781
14 0 78941 14 0.011686563491821289
14 0 78955 14 0.011759281158447266
14 0 78969 14 0.012254953384399414
13 0 70185 13 0.011430740356445312
13 0 70198 13 0.011304616928100586
13 0 70211 13 0.011297225952148438
13 0 70224 13 0.01127934455871582
13 0 70237 13 0.01133275032043457
13 0 70250 13 0.01129007339477539
13 0 70263 13 0.011294364929199219
13 0 70276 13 0.011330842971801758
13 0 70289 13 0.011298179626464844
13 0 70302 13 0.011307716369628906
13 0 70315 13 0.011291265487670898
13 0 70328 13 0.01128387451171875
13 0 70341 13 0.01129603385925293
13 0 70354 13 0.011310577392578125
13 0 70367 13 0.011294841766357422
13 0 70380 13 0.011299848556518555
13 0 70393 13 0.01130056381225586
13 0 70406 13 0.011290311813354492
13 0 70419 13 0.011277437210083008
13 0 70432 13 0.011286735534667969
13 0 70445 13 0.011282682418823242
13 0 70458 13 0.011291980743408203
13 0 70471 13 0.01168060302734375
12 0 65368 12 0.011103153228759766
12 0 65380 12 0.011078596115112305
12 0 65392 12 0.011076211929321289
12 0 65404 12 0.011086463928222656
12 0 65416 12 0.011096954345703125
12 0 65428 12 0.011152267456054688
12 0 65440 12 0.011093378067016602
12 0 65452 12 0.011082649230957031
12 0 65464 12 0.01109766960144043
12 0 65476 12 0.011557340621948242
11 0 58517 11 0.01066446304321289
11 0 58528 11 0.010732173919677734
11 0 58539 11 0.010681629180908203
11 0 58550 11 0.010706663131713867
11 0 58561 11 0.011007308959960938
10 0 52805 10 0.010388374328613281
10 0 52815 10 0.010361194610595703
10 0 52825 10 0.010488271713256836
10 0 52835 10 0.010361433029174805
10 0 52845 10 0.010815858840942383
9 0 44204 9 0.009908676147460938
9 0 44213 9 0.009923696517944336
9 0 44222 9 0.009906291961669922
9 0 44231 9 0.009891271591186523
9 0 44240 9 0.009929180145263672
9 0 44249 9 0.009918689727783203
9 0 44258 9 0.009910106658935547
9 0 44267 9 0.00989079475402832
9 0 44276 9 0.009922981262207031
9 0 44285 9 0.00991368293762207
9 0 44294 9 0.010302066802978516
8 0 37293 8 0.00944972038269043
8 0 37301 8 0.009656667709350586
7 0 32877 7 0.00913858413696289
7 0 32884 7 0.009169816970825195
7 0 32891 7 0.009161949157714844
7 0 32898 7 0.00914454460144043
7 0 32905 7 0.009136676788330078
7 0 32912 7 0.009152650833129883
7 0 32919 7 0.00917959213256836
7 0 32926 7 0.009155511856079102
7 0 32933 7 0.00915670394897461
7 0 32940 7 0.009162425994873047
7 0 32947 7 0.009142398834228516
7 0 32954 7 0.00915837287902832
7 0 32961 7 0.009161949157714844
7 0 32968 7 0.009181499481201172
7 0 32975 7 0.009214401245117188
7 0 32982 7 0.009217023849487305
7 0 32989 7 0.00922250747680664
7 0 32996 7 0.009213447570800781
7 0 33003 7 0.009205818176269531
7 0 33010 7 0.009203672409057617
7 0 33017 7 0.00919961929321289
7 0 33024 7 0.009201765060424805
7 0 33031 7 0.009637117385864258
6 0 24763 6 0.008787870407104492
6 0 24769 6 0.008875608444213867
6 0 24775 6 0.008766412734985352
6 0 24781 6 0.008761882781982422
6 0 24787 6 0.008762598037719727
6 0 24793 6 0.008768320083618164
6 0 24799 6 0.00875997543334961
6 0 24805 6 0.008748292922973633
6 0 24811 6 0.00875234603881836
6 0 24817 6 0.008770465850830078
6 0 24823 6 0.008753538131713867
6 0 24829 6 0.008915185928344727
5 0 22752 5 0.008671045303344727
5 0 22757 5 0.008651018142700195
5 0 22762 5 0.008643150329589844
5 0 22767 5 0.008643388748168945
5 0 22772 5 0.008643388748168945
5 0 22777 5 0.008640289306640625
5 0 22782 5 0.008659839630126953
5 0 22787 5 0.008656501770019531
5 0 22792 5 0.008641719818115234
5 0 22797 5 0.008647680282592773
5 0 22802 5 0.008650779724121094
5 0 22807 5 0.00864553451538086
5 0 22812 5 0.008653402328491211
5 0 22817 5 0.008652210235595703
5 0 22822 5 0.008651971817016602
5 0 22827 5 0.008630037307739258
5 0 22832 5 0.008650541305541992
5 0 22837 5 0.008650779724121094
5 0 22842 5 0.008648395538330078
5 0 22847 5 0.008630752563476562
5 0 22852 5 0.00867462158203125
5 0 22857 5 0.009158849716186523
4 0 13807 4 0.008167266845703125
4 0 13811 4 0.00809931755065918
4 0 13815 4 0.008081197738647461
4 0 13819 4 0.008073091506958008
4 0 13823 4 0.008067131042480469
4 0 13827 4 0.008074283599853516
4 0 13831 4 0.008087158203125
4 0 13835 4 0.00819087028503418
4 0 13839 4 0.00807952880859375
4 0 13843 4 0.00806427001953125
4 0 13847 4 0.008068323135375977
4 0 13851 4 0.008085250854492188
4 0 13855 4 0.008077383041381836
4 0 13859 4 0.008077144622802734
4 0 13863 4 0.00807499885559082
4 0 13867 4 0.008066415786743164
4 0 13871 4 0.008078575134277344
4 0 13875 4 0.008076906204223633
4 0 13879 4 0.008069753646850586
4 0 13883 4 0.008065462112426758
4 0 13887 4 0.008076906204223633
4 0 13891 4 0.008088111877441406
4 0 13895 4 0.008095979690551758
4 0 13899 4 0.008078336715698242
4 0 13903 4 0.008080005645751953
4 0 13907 4 0.008095979690551758
4 0 13911 4 0.00808572769165039
4 0 13915 4 0.008082151412963867
4 0 13919 4 0.008069992065429688
4 0 13923 4 0.00809168815612793
4 0 13927 4 0.008073091506958008
4 0 13931 4 0.0080718994140625
4 0 13935 4 0.008067607879638672
4 0 13939 4 0.008078336715698242
4 0 13943 4 0.008084774017333984
4 0 13947 4 0.008074045181274414
4 0 13951 4 0.008081436157226562
4 0 13955 4 0.008078336715698242
4 0 13959 4 0.008090734481811523
4 0 13963 4 0.008081674575805664
4 0 13967 4 0.008076667785644531
4 0 13971 4 0.008081674575805664
4 0 13975 4 0.008407831192016602
3 0 8859 3 0.007877588272094727
3 0 8862 3 0.007869958877563477
3 0 8865 3 0.007846832275390625
3 0 8868 3 0.00800466537475586
2 0 6921 2 0.007886409759521484
2 0 6923 2 0.007740974426269531
2 0 6925 2 0.007710933685302734
2 0 6927 2 0.007683277130126953
2 0 6929 2 0.00769495964050293
2 0 6931 2 0.0076885223388671875
2 0 6933 2 0.007709503173828125
2 0 6935 2 0.007694721221923828
2 0 6937 2 0.007685661315917969
2 0 6939 2 0.0076904296875
2 0 6941 2 0.00770258903503418
2 0 6943 2 0.0076906681060791016
2 0 6945 2 0.007690906524658203
2 0 6947 2 0.007715940475463867
2 0 6949 2 0.00772547721862793
2 0 6951 2 0.0076999664306640625
2 0 6953 2 0.007699251174926758
2 0 6955 2 0.007699728012084961
2 0 6957 2 0.007702350616455078
2 0 6959 2 0.007702827453613281
2 0 6961 2 0.007704973220825195
2 0 6963 2 0.0076978206634521484
2 0 6965 2 0.007682323455810547
2 0 6967 2 0.007685422897338867
2 0 6969 2 0.007716178894042969
2 0 6971 2 0.00770878791809082
2 0 6973 2 0.007728099822998047
2 0 6975 2 0.007735013961791992
2 0 6977 2 0.007712841033935547
2 0 6979 2 0.0076999664306640625
2 0 6981 2 0.007702827453613281
2 0 6983 2 0.007694244384765625
2 0 6985 2 0.007694721221923828
2 0 6987 2 0.0076978206634521484
2 0 6989 2 0.007694244384765625
2 0 6991 2 0.007688760757446289
2 0 6993 2 0.007693290710449219
2 0 6995 2 0.007689237594604492
2 0 6997 2 0.00769805908203125
2 0 6999 2 0.0076808929443359375
2 0 7001 2 0.007765531539916992
2 0 7003 2 0.007918596267700195
1 0 3484 1 0.00741124153137207
1 0 3485 1 0.007382392883300781
1 0 3486 1 0.0073626041412353516
1 0 3487 1 0.007369518280029297
1 0 3488 1 0.007363319396972656
1 0 3489 1 0.0073702335357666016
1 0 3490 1 0.0073699951171875
1 0 3491 1 0.007355213165283203
1 0 3492 1 0.007358074188232422
1 0 3493 1 0.007359981536865234
1 0 3494 1 0.007371425628662109
1 0 3495 1 0.007361650466918945
1 0 3496 1 0.007369041442871094
1 0 3497 1 0.007360219955444336
1 0 3498 1 0.007353305816650391
1 0 3499 1 0.007365226745605469
1 0 3500 1 0.0073626041412353516
1 0 3501 1 0.007357597351074219
1 0 3502 1 0.0073549747467041016
1 0 3503 1 0.007365703582763672
1 0 3504 1 0.007364511489868164
1 0 3505 1 0.007350444793701172
1 0 3506 1 0.00735020637512207
1 0 3507 1 0.0073511600494384766
1 0 3508 1 0.007372379302978516
1 0 3509 1 0.007353782653808594
1 0 3510 1 0.007354021072387695
1 0 3511 1 0.007338285446166992
1 0 3512 1 0.007363796234130859
1 0 3513 1 0.0073549747467041016
1 0 3514 1 0.007349967956542969
1 0 3515 1 0.007348775863647461
1 0 3516 1 0.007355928421020508
1 0 3517 1 0.007360219955444336
1 0 3518 1 0.007355451583862305
1 0 3519 1 0.007355690002441406
1 0 3520 1 0.007348775863647461
1 0 3521 1 0.007368326187133789
1 0 3522 1 0.007442951202392578
1 0 3523 1 0.00738525390625
1 0 3524 1 0.007369279861450195
1 0 3525 1 0.007372140884399414
1 0 3526 1 0.007351875305175781
1 0 3527 1 0.007379770278930664
1 0 3528 1 0.0073871612548828125
1 0 3529 1 0.007384777069091797
1 0 3530 1 0.0073544979095458984
1 0 3531 1 0.00737452507019043
1 0 3532 1 0.007356405258178711
1 0 3533 1 0.007355928421020508
1 0 3534 1 0.00735020637512207
1 0 3535 1 0.007374286651611328
1 0 3536 1 0.007363557815551758
1 0 3537 1 0.007356166839599609
1 0 3538 1 0.0073549747467041016
1 0 3539 1 0.007363319396972656
1 0 3540 1 0.007364749908447266
1 0 3541 1 0.007363557815551758
1 0 3542 1 0.007371425628662109
1 0 3543 1 0.00736546516418457
1 0 3544 1 0.007360935211181641
1 0 3545 1 0.007356166839599609
1 0 3546 1 0.0073702335357666016
1 0 3547 1 0.00736689567565918
1 0 3548 1 0.007368326187133789
1 0 3549 1 0.007356882095336914
1 0 3550 1 0.007372379302978516
1 0 3551 1 0.007364034652709961
1 0 3552 1 0.007361173629760742
1 0 3553 1 0.007577180862426758
0 1 0 6 0.02754497528076172
1 0 7 1 0.0072062015533447266
1 0 8 1 0.007059812545776367
1 0 9 1 0.007004261016845703
1 0 10 1 0.00698399543762207
1 0 11 1 0.006968021392822266
1 0 12 1 0.006966114044189453
1 0 13 1 0.007828712463378906
