0 1 0 6 0.01590132713317871
1 0 7 1 0.007134437561035156
1 0 8 1 0.0069696903228759766
1 0 9 1 0.006949901580810547
1 0 10 1 0.006930351257324219
1 0 11 1 0.006917715072631836
1 0 12 1 0.006913185119628906
1 0 13 1 0.0069122314453125
0 1 0 2048 0.05440998077392578
0 1 2048 2048 0.06299352645874023
0 1 4096 2048 0.06906962394714355
0 1 6144 37 0.009971857070922852
1 0 6182 1 0.007703065872192383
1 0 6183 1 0.007509708404541016
1 0 6184 1 0.007457733154296875
1 0 6185 1 0.007444858551025391
1 0 6186 1 0.00743556022644043
1 0 6187 1 0.007448434829711914
1 0 6188 1 0.00743865966796875
1 0 6189 1 0.0074350833892822266
1 0 6190 1 0.007397174835205078
1 0 6191 1 0.007390260696411133
1 0 6192 1 0.007393836975097656
1 0 6193 1 0.0074002742767333984
1 0 6194 1 0.007405519485473633
1 0 6195 1 0.007394075393676758
1 0 6196 1 0.007390260696411133
1 0 6197 1 0.007415294647216797
1 0 6198 1 0.007405281066894531
1 0 6199 1 0.007399797439575195
1 0 6200 1 0.007398843765258789
1 0 6201 1 0.0074100494384765625
1 0 6202 1 0.007396221160888672
1 0 6203 1 0.0074002742767333984
1 0 6204 1 0.007389545440673828
1 0 6205 1 0.007389068603515625
1 0 6206 1 0.0074176788330078125
1 0 6207 1 0.007416486740112305
1 0 6208 1 0.007408857345581055
1 0 6209 1 0.007399320602416992
1 0 6210 1 0.007398843765258789
1 0 6211 1 0.007415771484375
1 0 6212 1 0.007411479949951172
0 1 0 1259 0.03323554992675781
0 2 1259 2048 0.05134272575378418
0 2 3307 2048 0.06259751319885254
0 3 5355 2048 0.057941436767578125
0 3 7403 2048 0.05926108360290527
0 3 9451 2048 0.06481719017028809
0 4 11499 2048 0.0627589225769043
0 5 13547 2048 0.057639122009277344
0 5 15595 2048 0.06067252159118652
0 6 17643 2048 0.05915570259094238
0 6 19691 2048 0.06228041648864746
0 7 21739 2048 0.06128954887390137
0 7 23787 2048 0.06278133392333984
0 7 25835 2048 0.06869220733642578
0 9 27883 2048 0.0607151985168457
0 9 29931 2048 0.061669349670410156
0 9 31979 2048 0.06717443466186523
0 10 34027 2048 0.06188321113586426
0 10 36075 2048 0.06563663482666016
0 11 38123 2048 0.060004472732543945
0 11 40171 2048 0.06514930725097656
0 11 42219 2048 0.07078075408935547
0 12 44267 2048 0.07596015930175781
0 12 46315 2048 0.06137800216674805
0 12 48363 2048 0.06694674491882324
0 13 50411 2048 0.06110119819641113
0 14 52459 2048 0.06149029731750488
0 14 54507 2048 0.06599020957946777
0 14 56555 2048 0.07169008255004883
0 15 58603 2048 0.06610798835754395
0 15 60651 2048 0.0655510425567627
0 15 62699 2048 0.07036972045898438
0 16 64747 2048 0.06772494316101074
0 16 66795 2048 0.06493973731994629
0 16 68843 2048 0.07093620300292969
0 17 70891 2048 0.06587600708007812
0 17 72939 2048 0.06637763977050781
0 18 74987 2048 0.06428742408752441
0 18 77035 2048 0.06651091575622559
0 19 79083 2048 0.06233811378479004
0 19 81131 2048 0.06841301918029785
0 19 83179 2048 0.07458281517028809
0 19 85227 2048 0.08117151260375977
0 21 87275 2048 0.07042574882507324
0 21 89323 2048 0.06547331809997559
0 21 91371 2048 0.07369828224182129
0 22 93419 2048 0.06553006172180176
0 22 95467 2048 0.06885528564453125
0 22 97515 2048 0.07430911064147949
0 23 99563 2048 0.06488537788391113
0 23 101611 2048 0.07006072998046875
0 23 103659 2048 0.07639479637145996
0 24 105707 2048 0.0777747631072998
0 25 107755 2048 0.06446623802185059
0 25 109803 2048 0.06826376914978027
0 26 111851 2048 0.06693053245544434
0 26 113899 2048 0.06955766677856445
0 27 115947 2048 0.06786966323852539
0 28 117995 2048 0.0659329891204834
0 29 120043 2048 0.06744670867919922
0 29 122091 2048 0.06851506233215332
0 30 124139 2048 0.07213568687438965
0 30 126187 2048 0.06802749633789062
0 31 128235 2048 0.06597065925598145
0 32 130283 2048 0.08658528327941895
0 32 132331 2048 0.07102608680725098
0 32 134379 2048 0.07676959037780762
0 33 136427 2048 0.08116436004638672
0 33 138475 2048 0.06756377220153809
0 33 140523 2048 0.07330679893493652
0 33 142571 2048 0.08013701438903809
0 34 144619 2048 0.07267642021179199
0 35 146667 2048 0.06688475608825684
0 35 148715 2048 0.07061004638671875
0 35 150763 2048 0.07580184936523438
0 36 152811 2048 0.06804752349853516
0 36 154859 2048 0.0726327896118164
0 37 156907 2048 0.06804299354553223
0 37 158955 2048 0.0737464427947998
0 38 161003 2048 0.07783770561218262
0 38 163051 2048 0.0688469409942627
0 39 165099 2048 0.06852364540100098
0 40 167147 2048 0.07352399826049805
0 40 169195 2048 0.06940388679504395
0 40 171243 2048 0.07575702667236328
0 40 173291 2048 0.0812225341796875
0 41 175339 2048 0.07474446296691895
0 41 177387 2048 0.07262778282165527
0 41 179435 2048 0.07779979705810547
0 42 181483 2048 0.07059502601623535
0 42 183531 2048 0.0751194953918457
0 42 185579 2048 0.08108401298522949
0 43 187627 2048 0.08289790153503418
0 43 189675 2048 0.07031536102294922
0 43 191723 2048 0.07760858535766602
0 44 193771 2048 0.08206582069396973
0 45 195819 2048 0.06960463523864746
0 45 197867 2048 0.0702519416809082
0 45 199915 2048 0.07797598838806152
0 45 201963 2048 0.08547210693359375
0 46 204011 2048 0.08382725715637207
0 47 206059 2048 0.07029867172241211
0 47 208107 2048 0.07490348815917969
0 47 210155 2048 0.08090543746948242
0 48 212203 2048 0.07160377502441406
0 48 214251 2048 0.07902073860168457
0 49 216299 2048 0.0831913948059082
0 49 218347 2048 0.07249569892883301
0 49 220395 2048 0.0806117057800293
0 49 222443 2048 0.08573317527770996
0 50 224491 2048 0.0829775333404541
0 51 226539 2048 0.07092046737670898
0 52 228587 2048 0.0717318058013916
0 52 230635 2048 0.07489657402038574
0 52 232683 2048 0.08108973503112793
0 53 234731 2048 0.08269691467285156
0 53 236779 2048 0.07549333572387695
0 54 238827 2048 0.07401585578918457
0 54 240875 2048 0.0784296989440918
0 55 242923 2048 0.07599782943725586
0 56 244971 2048 0.0738530158996582
0 56 247019 2048 0.07610321044921875
0 56 249067 2048 0.08192276954650879
0 57 251115 2048 0.0773003101348877
0 57 253163 2048 0.07737207412719727
0 57 255211 2048 0.0848538875579834
0 57 257259 2048 0.08840584754943848
0 58 259307 2048 0.08223581314086914
0 58 261355 2048 0.0829935073852539
0 59 263403 2048 0.07646322250366211
0 60 265451 2048 0.07348895072937012
0 61 267499 2048 0.07613658905029297
0 61 269547 2048 0.07797455787658691
0 62 271595 2048 0.0785064697265625
0 62 273643 2048 0.07722043991088867
0 63 275691 2048 0.07376480102539062
0 64 277739 2048 0.07442355155944824
0 64 279787 2048 0.08094429969787598
0 65 281835 2048 0.0746152400970459
0 65 283883 2048 0.07934331893920898
0 65 285931 2048 0.08462905883789062
0 66 287979 2048 0.07684659957885742
0 66 290027 2048 0.0814054012298584
0 66 292075 2048 0.08611607551574707
0 67 294123 2048 0.08129644393920898
0 67 296171 2048 0.08204293251037598
0 68 298219 2048 0.08258175849914551
0 69 300267 2048 0.07675862312316895
0 69 302315 2048 0.08064627647399902
0 70 304363 2048 0.07843828201293945
0 71 306411 2048 0.08335638046264648
0 71 308459 2048 0.08042645454406738
0 71 310507 2048 0.08541250228881836
0 72 312555 2048 0.08173608779907227
0 72 314603 2048 0.08098244667053223
0 73 316651 2048 0.08239054679870605
0 73 318699 2048 0.07821536064147949
0 73 320747 2048 0.08454346656799316
0 73 322795 2048 0.0899200439453125
0 74 324843 2048 0.08053708076477051
0 75 326891 2048 0.07969164848327637
0 76 328939 2048 0.08027148246765137
0 76 330987 2048 0.08183789253234863
0 77 333035 2048 0.08067131042480469
0 78 335083 2048 0.0778496265411377
0 78 337131 2048 0.08402514457702637
0 78 339179 2048 0.08952116966247559
0 79 341227 2048 0.08781671524047852
0 79 343275 2048 0.08229970932006836
0 80 345323 2048 0.08359718322753906
0 81 347371 2048 0.07935118675231934
0 81 349419 2048 0.07841014862060547
0 82 351467 2048 0.07803678512573242
0 82 353515 2048 0.08412551879882812
0 83 355563 2048 0.08091282844543457
0 83 357611 2048 0.08409452438354492
0 84 359659 2048 0.0826406478881836
0 85 361707 2048 0.07840824127197266
0 85 363755 2048 0.08419179916381836
0 85 365803 2048 0.08928918838500977
0 85 367851 2048 0.0953068733215332
0 86 369899 2048 0.0863039493560791
0 86 371947 2048 0.08704948425292969
0 86 373995 2048 0.09212970733642578
0 87 376043 2048 0.08176112174987793
0 88 378091 2048 0.08478951454162598
0 88 380139 2048 0.08197784423828125
0 88 382187 2048 0.0873417854309082
0 89 384235 1958 0.08143353462219238
89 0 386282 89 0.03855156898498535
89 0 386371 89 0.035798072814941406
89 0 386460 89 0.03520488739013672
89 0 386549 89 0.03509235382080078
89 0 386638 89 0.035089969635009766
89 0 386727 89 0.03506112098693848
89 0 386816 89 0.035042524337768555
89 0 386905 89 0.03504633903503418
89 0 386994 89 0.0350794792175293
89 0 387083 89 0.035108089447021484
89 0 387172 89 0.03498053550720215
89 0 387261 89 0.03487849235534668
89 0 387350 89 0.03485822677612305
89 0 387439 89 0.03495001792907715
89 0 387528 89 0.03499245643615723
89 0 387617 89 0.03497672080993652
89 0 387706 89 0.03492569923400879
89 0 387795 89 0.034921884536743164
89 0 387884 89 0.034945011138916016
89 0 387973 89 0.03501129150390625
89 0 388062 89 0.0350186824798584
89 0 388151 89 0.03498506546020508
89 0 388240 89 0.034949302673339844
89 0 388329 89 0.034967899322509766
89 0 388418 89 0.034992218017578125
89 0 388507 89 0.03505373001098633
89 0 388596 89 0.0351712703704834
89 0 388685 89 0.034978389739990234
89 0 388774 89 0.0349733829498291
89 0 388863 89 0.035016775131225586
89 0 388952 89 0.03505134582519531
89 0 389041 89 0.03508257865905762
89 0 389130 89 0.03500771522521973
89 0 389219 89 0.03500843048095703
89 0 389308 89 0.03499746322631836
89 0 389397 89 0.03506350517272949
89 0 389486 89 0.03508734703063965
89 0 389575 89 0.035074710845947266
89 0 389664 89 0.0350031852722168
89 0 389753 89 0.035031795501708984
89 0 389842 89 0.03506064414978027
89 0 389931 89 0.03511977195739746
89 0 390020 89 0.03512454032897949
89 0 390109 89 0.035062313079833984
89 0 390198 89 0.035042524337768555
89 0 390287 89 0.03507518768310547
89 0 390376 89 0.0351412296295166
89 0 390465 89 0.03511834144592285
89 0 390554 89 0.03508329391479492
89 0 390643 89 0.0350956916809082
89 0 390732 89 0.03506946563720703
89 0 390821 89 0.035143375396728516
89 0 390910 89 0.0351560115814209
89 0 390999 89 0.03515434265136719
89 0 391088 89 0.03512454032897949
89 0 391177 89 0.03509807586669922
89 0 391266 89 0.035127878189086914
89 0 391355 89 0.03518867492675781
89 0 391444 89 0.03517866134643555
89 0 391533 89 0.03514981269836426
89 0 391622 89 0.035140275955200195
89 0 391711 89 0.03512930870056152
89 0 391800 89 0.03515958786010742
89 0 391889 89 0.035212039947509766
89 0 391978 89 0.03517580032348633
89 0 392067 89 0.03513908386230469
89 0 392156 89 0.03517794609069824
89 0 392245 89 0.03522443771362305
89 0 392334 89 0.03524136543273926
89 0 392423 89 0.03525066375732422
89 0 392512 89 0.0351717472076416
89 0 392601 89 0.035184383392333984
89 0 392690 89 0.03520393371582031
89 0 392779 89 0.03524136543273926
89 0 392868 89 0.035247087478637695
89 0 392957 89 0.03523540496826172
89 0 393046 89 0.03522086143493652
89 0 393135 89 0.035222768783569336
89 0 393224 89 0.035251617431640625
89 0 393313 89 0.03527498245239258
89 0 393402 89 0.03525257110595703
89 0 393491 89 0.03522896766662598
89 0 393580 89 0.03522849082946777
89 0 393669 89 0.0352931022644043
89 0 393758 89 0.03531002998352051
89 0 393847 89 0.03533124923706055
89 0 393936 89 0.035268306732177734
89 0 394025 89 0.03524971008300781
89 0 394114 89 0.0352780818939209
89 0 394203 89 0.03531694412231445
89 0 394292 89 0.03530550003051758
89 0 394381 89 0.035283803939819336
89 0 394470 89 0.03529191017150879
89 0 394559 89 0.03528332710266113
89 0 394648 89 0.035362958908081055
89 0 394737 89 0.03535103797912598
89 0 394826 89 0.03530597686767578
89 0 394915 89 0.03530406951904297
89 0 395004 89 0.0352933406829834
89 0 395093 89 0.03536820411682129
89 0 395182 89 0.03537940979003906
89 0 395271 89 0.03538846969604492
89 0 395360 89 0.035370826721191406
89 0 395449 89 0.03533053398132324
89 0 395538 89 0.035387277603149414
89 0 395627 89 0.035581111907958984
89 0 395716 89 0.035408735275268555
89 0 395805 89 0.03538823127746582
89 0 395894 89 0.0353541374206543
89 0 395983 89 0.035360097885131836
89 0 396072 89 0.03543901443481445
89 0 396161 89 0.03544735908508301
89 0 396250 89 0.03538918495178223
89 0 396339 89 0.03538060188293457
89 0 396428 89 0.035390377044677734
89 0 396517 89 0.03545784950256348
89 0 396606 89 0.035445213317871094
89 0 396695 89 0.03547072410583496
89 0 396784 89 0.03540825843811035
89 0 396873 89 0.03538250923156738
89 0 396962 89 0.035445451736450195
89 0 397051 89 0.03545951843261719
89 0 397140 89 0.035491943359375
89 0 397229 89 0.0354156494140625
89 0 397318 89 0.03541827201843262
89 0 397407 89 0.03546643257141113
89 0 397496 89 0.03553271293640137
89 0 397585 89 0.03553175926208496
89 0 397674 89 0.035478830337524414
89 0 397763 89 0.035454750061035156
89 0 397852 89 0.03547549247741699
89 0 397941 89 0.03552579879760742
89 0 398030 89 0.03555774688720703
89 0 398119 89 0.035524845123291016
89 0 398208 89 0.03550100326538086
89 0 398297 89 0.03550982475280762
89 0 398386 89 0.035533905029296875
89 0 398475 89 0.035544633865356445
89 0 398564 89 0.035559892654418945
89 0 398653 89 0.0355379581451416
89 0 398742 89 0.03552389144897461
89 0 398831 89 0.035568952560424805
89 0 398920 89 0.035605430603027344
89 0 399009 89 0.03559160232543945
89 0 399098 89 0.0355679988861084
89 0 399187 89 0.03554034233093262
89 0 399276 89 0.03557419776916504
89 0 399365 89 0.035631656646728516
89 0 399454 89 0.035627126693725586
89 0 399543 89 0.03562021255493164
89 0 399632 89 0.03555464744567871
89 0 399721 89 0.035561561584472656
89 0 399810 89 0.035634517669677734
89 0 399899 89 0.03564143180847168
89 0 399988 89 0.035611867904663086
89 0 400077 89 0.03558635711669922
89 0 400166 89 0.035594940185546875
89 0 400255 89 0.03565192222595215
89 0 400344 89 0.03566455841064453
89 0 400433 89 0.03565192222595215
89 0 400522 89 0.035611629486083984
89 0 400611 89 0.035610198974609375
89 0 400700 89 0.035651445388793945
89 0 400789 89 0.03570246696472168
89 0 400878 89 0.03569507598876953
89 0 400967 89 0.0356447696685791
89 0 401056 89 0.03565406799316406
89 0 401145 89 0.03565621376037598
89 0 401234 89 0.03571653366088867
88 0 397160 88 0.0365297794342041
0 89 397160 2048 0.07841086387634277
0 90 399208 2048 0.08253931999206543
0 90 401256 2048 0.08780670166015625
0 91 403304 2048 0.08750319480895996
0 91 405352 2048 0.0840916633605957
0 92 407400 2048 0.0829925537109375
0 92 409448 2048 0.08816933631896973
0 93 411496 2048 0.08179903030395508
0 93 413544 2048 0.0883035659790039
0 94 415592 2048 0.09247922897338867
0 95 417640 2048 0.08536863327026367
0 96 419688 2048 0.08462047576904297
0 96 421736 2048 0.0878896713256836
0 96 423784 2048 0.09264254570007324
0 96 425832 2048 0.0968027114868164
0 97 427880 2048 0.08988356590270996
0 98 429928 2048 0.08357024192810059
0 98 431976 2048 0.08617115020751953
0 98 434024 2048 0.09112048149108887
0 98 436072 1422 0.07046914100646973
97 0 432673 97 0.04309439659118652
0 98 432673 2048 0.08370566368103027
0 98 434721 2048 0.08973836898803711
0 98 436769 2048 0.0945749282836914
0 98 438817 1116 0.06136178970336914
98 0 440031 98 0.04349088668823242
98 0 440129 98 0.04067349433898926
98 0 440227 98 0.04066729545593262
98 0 440325 98 0.04058337211608887
98 0 440423 98 0.03992629051208496
98 0 440521 98 0.03991985321044922
98 0 440619 98 0.040566444396972656
98 0 440717 98 0.04000282287597656
98 0 440815 98 0.03992795944213867
98 0 440913 98 0.040360212326049805
98 0 441011 98 0.039681196212768555
98 0 441109 98 0.03971076011657715
98 0 441207 98 0.040358543395996094
98 0 441305 98 0.03974294662475586
98 0 441403 98 0.040780067443847656
98 0 441501 98 0.04082345962524414
98 0 441599 98 0.03975510597229004
98 0 441697 98 0.04039955139160156
98 0 441795 98 0.03981375694274902
98 0 441893 98 0.04047846794128418
97 0 440102 97 0.03967618942260742
97 0 440199 97 0.03962874412536621
97 0 440296 97 0.039586544036865234
96 0 432744 96 0.03951239585876465
0 97 432744 2048 0.08317399024963379
0 97 434792 2048 0.0897986888885498
0 97 436840 2048 0.09505867958068848
0 97 438888 515 0.04333996772766113
97 0 439500 97 0.040953636169433594
97 0 439597 97 0.04039597511291504
97 0 439694 97 0.0402226448059082
97 0 439791 97 0.04017233848571777
97 0 439888 97 0.04012703895568848
97 0 439985 97 0.04017329216003418
97 0 440082 97 0.04019474983215332
97 0 440179 97 0.04020285606384277
97 0 440276 97 0.04001808166503906
96 0 437454 96 0.03744149208068848
96 0 437550 96 0.03744077682495117
96 0 437646 96 0.03744220733642578
96 0 437742 96 0.03741765022277832
96 0 437838 96 0.03736519813537598
96 0 437934 96 0.03737902641296387
96 0 438030 96 0.03743290901184082
96 0 438126 96 0.03751325607299805
96 0 438222 96 0.037477970123291016
96 0 438318 96 0.03740215301513672
96 0 438414 96 0.03742623329162598
96 0 438510 96 0.03745746612548828
96 0 438606 96 0.03747105598449707
96 0 438702 96 0.03748059272766113
96 0 438798 96 0.03743147850036621
96 0 438894 96 0.03744387626647949
96 0 438990 96 0.03754758834838867
96 0 439086 96 0.03750920295715332
96 0 439182 96 0.03750276565551758
96 0 439278 96 0.0374600887298584
96 0 439374 96 0.0374448299407959
96 0 439470 96 0.03750777244567871
96 0 439566 96 0.037520647048950195
96 0 439662 96 0.03757309913635254
96 0 439758 96 0.037496089935302734
95 0 435513 95 0.03753852844238281
95 0 435608 95 0.03756380081176758
95 0 435703 95 0.03754830360412598
95 0 435798 95 0.03757309913635254
95 0 435893 95 0.037500858306884766
95 0 435988 95 0.037505388259887695
95 0 436083 95 0.03757476806640625
95 0 436178 95 0.037577152252197266
95 0 436273 95 0.03755664825439453
95 0 436368 95 0.03754782676696777
95 0 436463 95 0.03753495216369629
95 0 436558 95 0.037574052810668945
95 0 436653 95 0.03762507438659668
94 0 428775 94 0.03566455841064453
0 95 428775 2048 0.07971954345703125
0 95 430823 2048 0.08923029899597168
0 96 432871 2048 0.09447693824768066
0 96 434919 2048 0.08433055877685547
0 96 436967 444 0.03967404365539551
95 0 433093 95 0.03707575798034668
95 0 433188 95 0.03668785095214844
95 0 433283 95 0.03669881820678711
95 0 433378 95 0.03668498992919922
95 0 433473 95 0.03670048713684082
95 0 433568 95 0.03669381141662598
95 0 433663 95 0.036711931228637695
95 0 433758 95 0.03668332099914551
95 0 433853 95 0.03651070594787598
95 0 433948 95 0.036505699157714844
95 0 434043 95 0.03650617599487305
95 0 434138 95 0.03652000427246094
95 0 434233 95 0.03651571273803711
95 0 434328 95 0.03652215003967285
95 0 434423 95 0.03656601905822754
95 0 434518 95 0.036602020263671875
95 0 434613 95 0.03660130500793457
95 0 434708 95 0.03655195236206055
95 0 434803 95 0.036544084548950195
95 0 434898 95 0.036566972732543945
95 0 434993 95 0.036598920822143555
95 0 435088 95 0.03660106658935547
95 0 435183 95 0.03659248352050781
95 0 435278 95 0.03658294677734375
95 0 435373 95 0.036605119705200195
95 0 435468 95 0.036646127700805664
95 0 435563 95 0.03664088249206543
95 0 435658 95 0.03659510612487793
95 0 435753 95 0.036600589752197266
95 0 435848 95 0.036607980728149414
95 0 435943 95 0.03665566444396973
95 0 436038 95 0.03665900230407715
94 0 431731 94 0.03799700736999512
0 95 431731 2048 0.08399844169616699
0 95 433779 2048 0.09016871452331543
0 95 435827 2048 0.09497499465942383
0 95 437875 678 0.04899096488952637
94 0 434411 94 0.03743147850036621
94 0 434505 94 0.036808013916015625
94 0 434599 94 0.036780595779418945
94 0 434693 94 0.03671908378601074
94 0 434787 94 0.03672671318054199
94 0 434881 94 0.03675556182861328
94 0 434975 94 0.036832571029663086
94 0 435069 94 0.036855220794677734
94 0 435163 94 0.03684401512145996
94 0 435257 94 0.03656744956970215
94 0 435351 94 0.036550283432006836
93 0 429285 93 0.03825116157531738
93 0 429378 93 0.03828907012939453
93 0 429471 93 0.03822922706604004
93 0 429564 93 0.038178205490112305
93 0 429657 93 0.038220882415771484
93 0 429750 93 0.038277387619018555
93 0 429843 93 0.038327932357788086
93 0 429936 93 0.03824925422668457
93 0 430029 93 0.038243770599365234
93 0 430122 93 0.03827548027038574
93 0 430215 93 0.0383000373840332
93 0 430308 93 0.038313865661621094
93 0 430401 93 0.03827214241027832
93 0 430494 93 0.03824949264526367
93 0 430587 93 0.03830981254577637
93 0 430680 93 0.0383753776550293
93 0 430773 93 0.03835582733154297
93 0 430866 93 0.03829145431518555
93 0 430959 93 0.0383148193359375
93 0 431052 93 0.03833937644958496
93 0 431145 93 0.0383756160736084
93 0 431238 93 0.03831768035888672
93 0 431331 93 0.03833127021789551
93 0 431424 93 0.038332223892211914
93 0 431517 93 0.03837180137634277
93 0 431610 93 0.038382768630981445
93 0 431703 93 0.03837871551513672
93 0 431796 93 0.038335323333740234
93 0 431889 93 0.03828883171081543
93 0 431982 93 0.038403987884521484
93 0 432075 93 0.038454532623291016
93 0 432168 93 0.0384058952331543
93 0 432261 93 0.03835558891296387
93 0 432354 93 0.03835749626159668
93 0 432447 93 0.038469791412353516
93 0 432540 93 0.038434743881225586
93 0 432633 93 0.03840970993041992
93 0 432726 93 0.03839421272277832
93 0 432819 93 0.038407087326049805
93 0 432912 93 0.03848552703857422
93 0 433005 93 0.03847694396972656
93 0 433098 93 0.03843975067138672
93 0 433191 93 0.03843379020690918
93 0 433284 93 0.03845834732055664
93 0 433377 93 0.03852438926696777
93 0 433470 93 0.038552045822143555
93 0 433563 93 0.03849387168884277
93 0 433656 93 0.0384831428527832
93 0 433749 93 0.03854084014892578
93 0 433842 93 0.038568973541259766
93 0 433935 93 0.038538217544555664
93 0 434028 93 0.03844332695007324
93 0 434121 93 0.03852558135986328
93 0 434214 93 0.038598060607910156
93 0 434307 93 0.03862905502319336
93 0 434400 93 0.03857231140136719
93 0 434493 93 0.03854084014892578
93 0 434586 93 0.03855323791503906
93 0 434679 93 0.0385894775390625
93 0 434772 93 0.038603782653808594
93 0 434865 93 0.038539886474609375
93 0 434958 93 0.03854036331176758
93 0 435051 93 0.03861665725708008
93 0 435144 93 0.03866434097290039
93 0 435237 93 0.03857016563415527
93 0 435330 93 0.038587331771850586
93 0 435423 93 0.0385441780090332
93 0 435516 93 0.03857684135437012
93 0 435609 93 0.03865933418273926
93 0 435702 93 0.03859877586364746
93 0 435795 93 0.0385594367980957
92 0 433849 92 0.04004788398742676
92 0 433941 92 0.04007291793823242
92 0 434033 92 0.04008126258850098
92 0 434125 92 0.04006767272949219
92 0 434217 92 0.04004549980163574
92 0 434309 92 0.0400843620300293
92 0 434401 92 0.040099382400512695
92 0 434493 92 0.04010343551635742
92 0 434585 92 0.04009866714477539
92 0 434677 92 0.04011368751525879
92 0 434769 92 0.04015779495239258
92 0 434861 92 0.040166378021240234
92 0 434953 92 0.040132761001586914
92 0 435045 92 0.04012441635131836
92 0 435137 92 0.04014086723327637
92 0 435229 92 0.0401766300201416
92 0 435321 92 0.040239572525024414
92 0 435413 92 0.0401759147644043
92 0 435505 92 0.04019761085510254
92 0 435597 92 0.04023098945617676
92 0 435689 92 0.040235042572021484
92 0 435781 92 0.04020237922668457
92 0 435873 92 0.04018878936767578
92 0 435965 92 0.04021167755126953
92 0 436057 92 0.04025387763977051
92 0 436149 92 0.04025459289550781
92 0 436241 92 0.04021883010864258
92 0 436333 92 0.0402071475982666
92 0 436425 92 0.04026031494140625
92 0 436517 92 0.04026079177856445
92 0 436609 92 0.04022622108459473
92 0 436701 92 0.04024147987365723
92 0 436793 92 0.04025745391845703
92 0 436885 92 0.040277957916259766
92 0 436977 92 0.04027128219604492
92 0 437069 92 0.040207624435424805
92 0 437161 92 0.04024767875671387
92 0 437253 92 0.040265560150146484
92 0 437345 92 0.040258169174194336
92 0 437437 92 0.0402374267578125
92 0 437529 92 0.04026341438293457
92 0 437621 92 0.040270090103149414
92 0 437713 92 0.04030251502990723
92 0 437805 92 0.04032444953918457
92 0 437897 92 0.04027962684631348
92 0 437989 92 0.04028034210205078
92 0 438081 92 0.04030179977416992
92 0 438173 92 0.04031252861022949
92 0 438265 92 0.0402987003326416
92 0 438357 92 0.040291786193847656
91 0 435909 91 0.03978133201599121
91 0 436000 91 0.03989076614379883
91 0 436091 91 0.03991365432739258
91 0 436182 91 0.03977084159851074
91 0 436273 91 0.0398101806640625
90 0 431947 90 0.03981828689575195
0 91 431947 2048 0.0816655158996582
0 92 433995 2048 0.0855250358581543
0 92 436043 1887 0.08287596702575684
92 0 438022 92 0.041506290435791016
92 0 438114 92 0.04073143005371094
92 0 438206 92 0.04001331329345703
92 0 438298 92 0.040010929107666016
92 0 438390 92 0.04005575180053711
92 0 438482 92 0.04014277458190918
92 0 438574 92 0.04014778137207031
92 0 438666 92 0.040029048919677734
92 0 438758 92 0.03996562957763672
92 0 438850 92 0.039826393127441406
92 0 438942 92 0.03987312316894531
92 0 439034 92 0.03994941711425781
92 0 439126 92 0.04001331329345703
92 0 439218 92 0.04004311561584473
92 0 439310 92 0.03990459442138672
92 0 439402 92 0.03988528251647949
92 0 439494 92 0.04000973701477051
92 0 439586 92 0.040041446685791016
92 0 439678 92 0.0399632453918457
92 0 439770 92 0.0399022102355957
92 0 439862 92 0.039932966232299805
92 0 439954 92 0.040083885192871094
92 0 440046 92 0.04003334045410156
92 0 440138 92 0.0399775505065918
92 0 440230 92 0.039928436279296875
92 0 440322 92 0.0399625301361084
92 0 440414 92 0.040016889572143555
92 0 440506 92 0.04005622863769531
92 0 440598 92 0.03995990753173828
92 0 440690 92 0.03997302055358887
92 0 440782 92 0.04005265235900879
92 0 440874 92 0.04008841514587402
92 0 440966 92 0.04007267951965332
92 0 441058 92 0.04001307487487793
92 0 441150 92 0.04008030891418457
92 0 441242 92 0.04032707214355469
92 0 441334 92 0.040174007415771484
91 0 433992 91 0.039658308029174805
0 92 433992 2048 0.08479142189025879
0 92 436040 2048 0.08961677551269531
0 92 438088 130 0.030590534210205078
92 0 438310 92 0.040907859802246094
92 0 438402 92 0.03992295265197754
92 0 438494 92 0.03991436958312988
91 0 436666 91 0.040445566177368164
91 0 436757 91 0.040506839752197266
91 0 436848 91 0.04053759574890137
90 0 429858 90 0.03624153137207031
0 91 429858 2048 0.07984280586242676
0 91 431906 2048 0.0915379524230957
0 91 433954 2048 0.09557318687438965
0 92 436002 2048 0.08700823783874512
0 92 438050 141 0.030788421630859375
92 0 438283 92 0.03985285758972168
92 0 438375 92 0.03834724426269531
92 0 438467 92 0.038378238677978516
92 0 438559 92 0.038390159606933594
92 0 438651 92 0.038422346115112305
92 0 438743 92 0.03830718994140625
92 0 438835 92 0.03831887245178223
92 0 438927 92 0.03830766677856445
92 0 439019 92 0.03825688362121582
92 0 439111 92 0.038336992263793945
92 0 439203 92 0.038192033767700195
92 0 439295 92 0.03825879096984863
92 0 439387 92 0.0382237434387207
92 0 439479 92 0.038317203521728516
92 0 439571 92 0.038262128829956055
92 0 439663 92 0.038211822509765625
92 0 439755 92 0.03820228576660156
92 0 439847 92 0.03829646110534668
92 0 439939 92 0.03830409049987793
92 0 440031 92 0.03832840919494629
92 0 440123 92 0.03823709487915039
92 0 440215 92 0.038199663162231445
92 0 440307 92 0.038335323333740234
92 0 440399 92 0.03841400146484375
92 0 440491 92 0.03830838203430176
92 0 440583 92 0.03833365440368652
92 0 440675 92 0.03834223747253418
92 0 440767 92 0.03832244873046875
92 0 440859 92 0.03835797309875488
92 0 440951 92 0.03829002380371094
92 0 441043 92 0.03832888603210449
92 0 441135 92 0.03827786445617676
92 0 441227 92 0.0384218692779541
92 0 441319 92 0.03839731216430664
92 0 441411 92 0.03831982612609863
92 0 441503 92 0.03830766677856445
92 0 441595 92 0.038329124450683594
91 0 438950 91 0.038860321044921875
91 0 439041 91 0.03889775276184082
91 0 439132 91 0.038818359375
91 0 439223 91 0.03882718086242676
91 0 439314 91 0.038887739181518555
91 0 439405 91 0.038918495178222656
91 0 439496 91 0.03891134262084961
91 0 439587 91 0.03885984420776367
91 0 439678 91 0.03884482383728027
91 0 439769 91 0.03888511657714844
91 0 439860 91 0.03889107704162598
90 0 436416 90 0.03846335411071777
90 0 436506 90 0.038481712341308594
90 0 436596 90 0.038483381271362305
90 0 436686 90 0.03855752944946289
89 0 433748 89 0.03939032554626465
0 90 433748 2048 0.08209371566772461
0 90 435796 952 0.05088520050048828
90 0 436838 90 0.040618896484375
90 0 436928 90 0.039562225341796875
90 0 437018 90 0.03952765464782715
90 0 437108 90 0.03958916664123535
90 0 437198 90 0.03956294059753418
90 0 437288 90 0.03957939147949219
90 0 437378 90 0.03956127166748047
90 0 437468 90 0.0395655632019043
90 0 437558 90 0.03944087028503418
90 0 437648 90 0.03940939903259277
90 0 437738 90 0.03940129280090332
90 0 437828 90 0.039407968521118164
90 0 437918 90 0.03943037986755371
90 0 438008 90 0.039360761642456055
90 0 438098 90 0.03936028480529785
90 0 438188 90 0.03936338424682617
90 0 438278 90 0.03943014144897461
90 0 438368 90 0.03936648368835449
90 0 438458 90 0.03941011428833008
90 0 438548 90 0.03936648368835449
90 0 438638 90 0.03937935829162598
90 0 438728 90 0.03946518898010254
90 0 438818 90 0.03941059112548828
90 0 438908 90 0.039380788803100586
90 0 438998 90 0.03940701484680176
90 0 439088 90 0.039437294006347656
90 0 439178 90 0.03949403762817383
90 0 439268 90 0.03946375846862793
90 0 439358 90 0.039450883865356445
90 0 439448 90 0.03941774368286133
90 0 439538 90 0.03950619697570801
90 0 439628 90 0.03952503204345703
90 0 439718 90 0.03943228721618652
90 0 439808 90 0.03944277763366699
90 0 439898 90 0.0395205020904541
90 0 439988 90 0.03951621055603027
90 0 440078 90 0.03956484794616699
90 0 440168 90 0.039472341537475586
90 0 440258 90 0.03950858116149902
90 0 440348 90 0.03953409194946289
90 0 440438 90 0.03956317901611328
90 0 440528 90 0.0395197868347168
90 0 440618 90 0.039520978927612305
90 0 440708 90 0.0395200252532959
90 0 440798 90 0.03956937789916992
90 0 440888 90 0.03959202766418457
90 0 440978 90 0.039507389068603516
90 0 441068 90 0.03953051567077637
90 0 441158 90 0.03956341743469238
90 0 441248 90 0.0395503044128418
90 0 441338 90 0.03957867622375488
90 0 441428 90 0.03952741622924805
90 0 441518 90 0.03954887390136719
90 0 441608 90 0.03960275650024414
89 0 435913 89 0.042189598083496094
0 90 435913 2048 0.0840296745300293
0 90 437961 2048 0.09055161476135254
0 90 440009 1850 0.09064149856567383
90 0 441949 90 0.0442197322845459
90 0 442039 90 0.04259490966796875
90 0 442129 90 0.04240012168884277
89 0 435341 89 0.039000511169433594
0 90 435341 2048 0.08334779739379883
0 90 437389 2048 0.09023857116699219
0 90 439437 1760 0.08738541603088379
89 0 434732 89 0.03984951972961426
0 90 434732 2048 0.08321642875671387
0 90 429597 2048 0.0852658748626709
0 90 431645 2048 0.08820915222167969
0 90 433693 2048 0.0937807559967041
0 90 435741 1369 0.0687105655670166
90 0 437200 90 0.04210805892944336
90 0 437290 90 0.03988313674926758
90 0 437380 90 0.0393671989440918
90 0 437470 90 0.03931856155395508
90 0 437560 90 0.039316654205322266
90 0 437650 90 0.03930473327636719
90 0 437740 90 0.039311885833740234
90 0 437830 90 0.03937196731567383
90 0 437920 90 0.039340972900390625
90 0 438010 90 0.03921055793762207
90 0 438100 90 0.039247989654541016
90 0 438190 90 0.03918313980102539
89 0 435452 89 0.037354230880737305
89 0 435541 89 0.03735494613647461
89 0 435630 89 0.03740191459655762
89 0 435719 89 0.0373988151550293
89 0 435808 89 0.037370920181274414
89 0 435897 89 0.03736996650695801
89 0 435986 89 0.03737783432006836
89 0 436075 89 0.03738546371459961
89 0 436164 89 0.03743863105773926
89 0 436253 89 0.03740191459655762
89 0 436342 89 0.03738760948181152
89 0 436431 89 0.037360429763793945
89 0 436520 89 0.037416934967041016
89 0 436609 89 0.03742718696594238
89 0 436698 89 0.037427663803100586
89 0 436787 89 0.037428855895996094
89 0 436876 89 0.03751254081726074
89 0 436965 89 0.03747820854187012
89 0 437054 89 0.03745269775390625
89 0 437143 89 0.037406206130981445
88 0 431386 88 0.03927421569824219
0 89 431386 2048 0.08159399032592773
0 89 433434 2048 0.09006690979003906
0 89 435482 2048 0.09576916694641113
0 89 437530 940 0.05503702163696289
89 0 438559 89 0.039345502853393555
89 0 438648 89 0.03885340690612793
89 0 438737 89 0.03867673873901367
89 0 438826 89 0.038646697998046875
89 0 438915 89 0.03861713409423828
89 0 439004 89 0.03858590126037598
89 0 439093 89 0.03861212730407715
89 0 439182 89 0.03863787651062012
89 0 439271 89 0.03843855857849121
89 0 439360 89 0.038419485092163086
89 0 439449 89 0.0384213924407959
89 0 439538 89 0.03844594955444336
89 0 439627 89 0.03846931457519531
89 0 439716 89 0.03841900825500488
88 0 435377 88 0.03731560707092285
88 0 435465 88 0.037368059158325195
88 0 435553 88 0.037355661392211914
88 0 435641 88 0.03737354278564453
88 0 435729 88 0.0373382568359375
88 0 435817 88 0.0373387336730957
88 0 435905 88 0.0373835563659668
88 0 435993 88 0.0374140739440918
88 0 436081 88 0.037436723709106445
88 0 436169 88 0.03737783432006836
87 0 433219 87 0.040311336517333984
87 0 433306 87 0.040410518646240234
87 0 433393 87 0.04037117958068848
87 0 433480 87 0.04034304618835449
87 0 433567 87 0.04031872749328613
87 0 433654 87 0.04034900665283203
87 0 433741 87 0.040433645248413086
87 0 433828 87 0.040404319763183594
87 0 433915 87 0.04033470153808594
87 0 434002 87 0.04033613204956055
87 0 434089 87 0.0404202938079834
87 0 434176 87 0.04045414924621582
87 0 434263 87 0.04040932655334473
87 0 434350 87 0.04039168357849121
87 0 434437 87 0.04039645195007324
87 0 434524 87 0.04045248031616211
87 0 434611 87 0.040431976318359375
87 0 434698 87 0.040384531021118164
87 0 434785 87 0.04035377502441406
87 0 434872 87 0.04042387008666992
87 0 434959 87 0.04045510292053223
87 0 435046 87 0.04052233695983887
87 0 435133 87 0.04043221473693848
87 0 435220 87 0.04044365882873535
87 0 435307 87 0.040529489517211914
87 0 435394 87 0.040529727935791016
87 0 435481 87 0.040441036224365234
86 0 427704 86 0.03788566589355469
0 87 427704 2048 0.08198690414428711
0 87 429752 2048 0.09013032913208008
0 87 431800 1245 0.06175589561462402
87 0 433132 87 0.039400339126586914
87 0 433219 87 0.03834056854248047
87 0 433306 87 0.03808450698852539
87 0 433393 87 0.038055419921875
87 0 433480 87 0.038160085678100586
87 0 433567 87 0.03818702697753906
87 0 433654 87 0.03817868232727051
87 0 433741 87 0.038088083267211914
87 0 433828 87 0.038018226623535156
87 0 433915 87 0.03791522979736328
87 0 434002 87 0.03794550895690918
87 0 434089 87 0.03797173500061035
87 0 434176 87 0.03808164596557617
87 0 434263 87 0.0380702018737793
87 0 434350 87 0.03800845146179199
87 0 434437 87 0.03796505928039551
87 0 434524 87 0.03801846504211426
87 0 434611 87 0.03806591033935547
87 0 434698 87 0.0380549430847168
87 0 434785 87 0.03798484802246094
87 0 434872 87 0.038015127182006836
87 0 434959 87 0.03806471824645996
87 0 435046 87 0.03811073303222656
87 0 435133 87 0.03809499740600586
87 0 435220 87 0.03802490234375
87 0 435307 87 0.03804326057434082
87 0 435394 87 0.03807973861694336
87 0 435481 87 0.038117408752441406
87 0 435568 87 0.0381159782409668
87 0 435655 87 0.038069725036621094
87 0 435742 87 0.038062334060668945
87 0 435829 87 0.038146018981933594
87 0 435916 87 0.038134098052978516
87 0 436003 87 0.03809309005737305
86 0 433116 86 0.03850293159484863
0 86 426821 2047 0.0811777114868164
0 86 428868 2048 0.09251093864440918
0 86 430916 2048 0.0954134464263916
0 85 425300 2048 0.0948793888092041
0 86 427348 2048 0.08281898498535156
0 86 429396 2048 0.08555054664611816
0 86 431444 2048 0.09260439872741699
0 86 433492 2048 0.09765934944152832
0 86 435540 848 0.05441784858703613
86 0 436474 86 0.04101443290710449
85 0 434117 85 0.039269208908081055
0 86 434117 2048 0.08215451240539551
0 86 436165 2048 0.09086227416992188
0 85 432020 2048 0.09596872329711914
0 86 434068 2048 0.09466385841369629
0 85 428876 2048 0.08643722534179688
0 86 430924 2048 0.08703947067260742
0 86 432972 2048 0.08649826049804688
0 86 435020 2048 0.0926518440246582
0 86 431100 2048 0.09561944007873535
0 87 433148 2048 0.08785247802734375
0 87 435196 2048 0.08648443222045898
0 87 437244 2048 0.0922391414642334
0 87 439292 1447 0.08131217956542969
87 0 440826 87 0.03932785987854004
87 0 440913 87 0.03866171836853027
87 0 441000 87 0.03826165199279785
87 0 441087 87 0.03823280334472656
86 0 434517 86 0.03853201866149902
0 87 434517 2048 0.08102273941040039
0 87 436565 720 0.04683947563171387
87 0 437372 87 0.03929591178894043
87 0 437459 87 0.038785457611083984
87 0 437546 87 0.03850150108337402
87 0 437633 87 0.03850817680358887
87 0 437720 87 0.03851819038391113
87 0 437807 87 0.03853249549865723
87 0 437894 87 0.03852987289428711
87 0 437981 87 0.038529157638549805
87 0 438068 87 0.03839564323425293
87 0 438155 87 0.03838229179382324
87 0 438242 87 0.03834819793701172
87 0 438329 87 0.03829383850097656
87 0 438416 87 0.03837871551513672
87 0 438503 87 0.0383763313293457
87 0 438590 87 0.038392066955566406
86 0 434220 86 0.03783702850341797
0 87 434220 2048 0.08339238166809082
0 87 436268 2048 0.09064579010009766
0 87 438316 2048 0.0956411361694336
0 87 440364 191 0.055954933166503906
87 0 440642 87 0.03672909736633301
87 0 440729 87 0.03660154342651367
87 0 440816 87 0.036607980728149414
87 0 440903 87 0.036649227142333984
87 0 440990 87 0.03663992881774902
87 0 441077 87 0.0366513729095459
87 0 441164 87 0.03664708137512207
87 0 441251 87 0.036507606506347656
87 0 441338 87 0.036495208740234375
87 0 441425 87 0.03646397590637207
87 0 441512 87 0.0364837646484375
87 0 441599 87 0.036504507064819336
87 0 441686 87 0.03647303581237793
86 0 433127 86 0.03745865821838379
0 87 433127 2048 0.08175039291381836
0 87 435175 937 0.049980878829956055
87 0 436199 87 0.038437843322753906
87 0 436286 87 0.03778862953186035
87 0 436373 87 0.037653446197509766
87 0 436460 87 0.03763437271118164
87 0 436547 87 0.0376284122467041
87 0 436634 87 0.037656307220458984
87 0 436721 87 0.037644147872924805
87 0 436808 87 0.037711381912231445
87 0 436895 87 0.03778219223022461
87 0 436982 87 0.03757023811340332
86 0 432542 86 0.036988258361816406
0 87 432542 2048 0.0806877613067627
0 87 434590 2048 0.09019970893859863
0 87 436638 1067 0.0588381290435791
87 0 437792 87 0.03819584846496582
87 0 437879 87 0.03739452362060547
87 0 437966 87 0.03723788261413574
87 0 438053 87 0.03724861145019531
87 0 438140 87 0.03722333908081055
87 0 438227 87 0.03724861145019531
87 0 438314 87 0.037224531173706055
87 0 438401 87 0.03725028038024902
87 0 438488 87 0.03725910186767578
87 0 438575 87 0.03706812858581543
87 0 438662 87 0.03708028793334961
87 0 438749 87 0.03709530830383301
87 0 438836 87 0.03708767890930176
87 0 438923 87 0.03706979751586914
87 0 439010 87 0.03707718849182129
87 0 439097 87 0.03711867332458496
87 0 439184 87 0.03711438179016113
85 0 430998 85 0.03743553161621094
0 86 430998 2048 0.08065605163574219
0 86 433046 2048 0.0897822380065918
0 86 435094 2048 0.09670376777648926
0 86 437142 280 0.03416013717651367
86 0 437508 86 0.038661956787109375
86 0 437594 86 0.03838658332824707
86 0 437680 86 0.03832125663757324
85 0 435000 85 0.03828740119934082
85 0 435085 85 0.03842449188232422
85 0 435170 85 0.03840899467468262
85 0 435255 85 0.038303375244140625
85 0 435340 85 0.03817391395568848
85 0 435425 85 0.03813600540161133
85 0 435510 85 0.038159847259521484
85 0 435595 85 0.03816843032836914
85 0 435680 85 0.0381777286529541
85 0 435765 85 0.03822135925292969
85 0 435850 85 0.03819727897644043
84 0 431287 84 0.038175344467163086
84 0 431371 84 0.03820300102233887
84 0 431455 84 0.03821873664855957
84 0 431539 84 0.03823590278625488
84 0 431623 84 0.0381927490234375
84 0 431707 84 0.0381464958190918
84 0 431791 84 0.03821992874145508
84 0 431875 84 0.03826618194580078
84 0 431959 84 0.03827524185180664
84 0 432043 84 0.038223981857299805
84 0 432127 84 0.038216352462768555
84 0 432211 84 0.038228511810302734
84 0 432295 84 0.03826594352722168
84 0 432379 84 0.038237810134887695
84 0 432463 84 0.03823494911193848
84 0 432547 84 0.038257598876953125
84 0 432631 84 0.03823256492614746
84 0 432715 84 0.03827404975891113
84 0 432799 84 0.038275957107543945
84 0 432883 84 0.038260459899902344
84 0 432967 84 0.03826093673706055
84 0 433051 84 0.03830146789550781
84 0 433135 84 0.0383450984954834
84 0 433219 84 0.038292646408081055
84 0 433303 84 0.038247108459472656
84 0 433387 84 0.03831124305725098
84 0 433471 84 0.038311004638671875
84 0 433555 84 0.038350582122802734
84 0 433639 84 0.03831291198730469
84 0 433723 84 0.03825497627258301
84 0 433807 84 0.03832674026489258
84 0 433891 84 0.03838515281677246
84 0 433975 84 0.038346290588378906
84 0 434059 84 0.0383303165435791
84 0 434143 84 0.038346052169799805
84 0 434227 84 0.038372039794921875
84 0 434311 84 0.03837943077087402
84 0 434395 84 0.03835105895996094
84 0 434479 84 0.03835725784301758
84 0 434563 84 0.038359880447387695
84 0 434647 84 0.03837084770202637
84 0 434731 84 0.038428306579589844
84 0 434815 84 0.03838968276977539
84 0 434899 84 0.03835654258728027
84 0 434983 84 0.03835797309875488
84 0 435067 84 0.03840899467468262
84 0 435151 84 0.03847956657409668
84 0 435235 84 0.038443565368652344
84 0 435319 84 0.038399696350097656
84 0 435403 84 0.03839588165283203
84 0 435487 84 0.03846597671508789
84 0 435571 84 0.03844189643859863
84 0 435655 84 0.0384521484375
84 0 435739 84 0.03839516639709473
84 0 435823 84 0.03843426704406738
84 0 435907 84 0.03851914405822754
84 0 435991 84 0.03851437568664551
84 0 436075 84 0.03848147392272949
83 0 427750 83 0.03938150405883789
0 84 427750 2048 0.08014464378356934
0 84 429798 2048 0.09004449844360352
0 84 431846 2048 0.0959625244140625
0 84 433894 1925 0.09920835494995117
84 0 435903 84 0.04189658164978027
84 0 435987 84 0.04049062728881836
84 0 436071 84 0.04037189483642578
84 0 436155 84 0.04037284851074219
84 0 436239 84 0.04035496711730957
84 0 436323 84 0.04040408134460449
84 0 436407 84 0.04040718078613281
84 0 436491 84 0.04044699668884277
84 0 436575 84 0.04010820388793945
84 0 436659 84 0.04008960723876953
84 0 436743 84 0.040213584899902344
84 0 436827 84 0.040230751037597656
84 0 436911 84 0.040209293365478516
84 0 436995 84 0.04018068313598633
84 0 437079 84 0.040199995040893555
83 0 430074 83 0.039856672286987305
0 84 430074 2048 0.0838315486907959
0 84 432122 2048 0.08979153633117676
0 84 434170 1001 0.05398201942443848
84 0 435255 84 0.04096627235412598
84 0 435339 84 0.04026055335998535
84 0 435423 84 0.04004502296447754
84 0 435507 84 0.04005694389343262
84 0 435591 84 0.04005837440490723
84 0 435675 84 0.04003167152404785
84 0 435759 84 0.040041208267211914
84 0 435843 84 0.04012632369995117
84 0 435927 84 0.039937734603881836
84 0 436011 84 0.03995466232299805
84 0 436095 84 0.039966583251953125
84 0 436179 84 0.03992509841918945
84 0 436263 84 0.03986811637878418
84 0 436347 84 0.03988981246948242
84 0 436431 84 0.03998756408691406
84 0 436515 84 0.03999018669128418
84 0 436599 84 0.03987598419189453
84 0 436683 84 0.03991222381591797
84 0 436767 84 0.03995013236999512
84 0 436851 84 0.04000425338745117
83 0 429311 83 0.03938436508178711
0 84 429311 2048 0.08223748207092285
0 84 431359 2048 0.09026503562927246
0 84 433407 2048 0.0956869125366211
0 85 435455 2048 0.09280824661254883
0 86 437503 1747 0.07724690437316895
86 0 439336 86 0.04187417030334473
86 0 439422 86 0.04044508934020996
86 0 439508 86 0.04034090042114258
86 0 439594 86 0.04043316841125488
86 0 439680 86 0.04041314125061035
86 0 439766 86 0.04035520553588867
86 0 439852 86 0.04033493995666504
86 0 439938 86 0.04036903381347656
86 0 440024 86 0.040154457092285156
85 0 434415 85 0.04007101058959961
0 86 434415 2048 0.08155989646911621
0 86 436463 2048 0.09097814559936523
0 86 438511 265 0.03390645980834961
86 0 438862 86 0.04056262969970703
86 0 438948 86 0.040230512619018555
86 0 439034 86 0.040251970291137695
86 0 439120 86 0.04033327102661133
86 0 439206 86 0.04038190841674805
86 0 439292 86 0.04032087326049805
84 0 430221 84 0.03836512565612793
0 85 430221 2048 0.0853431224822998
0 85 432269 2048 0.09071874618530273
0 85 434317 2048 0.09571409225463867
0 85 436365 1639 0.0890657901763916
85 0 438089 85 0.038477182388305664
85 0 438174 85 0.03748202323913574
85 0 438259 85 0.03734469413757324
85 0 438344 85 0.03735804557800293
85 0 438429 85 0.037464141845703125
85 0 438514 85 0.0374906063079834
85 0 438599 85 0.037403106689453125
85 0 438684 85 0.0373377799987793
85 0 438769 85 0.037236690521240234
85 0 438854 85 0.03721165657043457
85 0 438939 85 0.03720664978027344
85 0 439024 85 0.037247419357299805
85 0 439109 85 0.037302494049072266
85 0 439194 85 0.037317752838134766
85 0 439279 85 0.03725290298461914
84 0 431786 84 0.03762626647949219
0 85 431786 2048 0.0828409194946289
0 85 433834 2048 0.09024620056152344
0 85 435882 2048 0.09699749946594238
0 85 437930 2048 0.10150885581970215
0 85 439978 210 0.032737016677856445
85 0 440273 85 0.038300514221191406
85 0 440358 85 0.03789639472961426
85 0 440443 85 0.03803873062133789
85 0 440528 85 0.03802013397216797
85 0 440613 85 0.037909507751464844
85 0 440698 85 0.03786897659301758
85 0 440783 85 0.03791379928588867
85 0 440868 85 0.03790640830993652
85 0 440953 85 0.037795305252075195
85 0 441038 85 0.0377199649810791
85 0 441123 85 0.03780627250671387
85 0 441208 85 0.03780770301818848
85 0 441293 85 0.03787064552307129
84 0 439076 84 0.03812360763549805
84 0 439160 84 0.038097381591796875
83 0 436147 83 0.03959250450134277
0 84 436147 2048 0.08388948440551758
0 85 438195 2048 0.08610010147094727
0 85 440243 1018 0.050393104553222656
85 0 441346 85 0.039327144622802734
85 0 441431 85 0.03887343406677246
85 0 441516 85 0.03878593444824219
85 0 441601 85 0.03879737854003906
85 0 441686 85 0.038858890533447266
84 0 438643 84 0.03690767288208008
0 85 438643 1258 0.054763078689575195
85 0 439986 85 0.03840827941894531
85 0 440071 85 0.037230491638183594
85 0 440156 85 0.03685426712036133
85 0 440241 85 0.03685569763183594
85 0 440326 85 0.036861419677734375
85 0 440411 85 0.03688693046569824
85 0 440496 85 0.036855220794677734
85 0 440581 85 0.036881446838378906
85 0 440666 85 0.03683805465698242
84 0 434959 84 0.03832054138183594
0 85 434959 2048 0.08266139030456543
0 85 437007 877 0.050940513610839844
85 0 437969 85 0.03937196731567383
85 0 438054 85 0.03875994682312012
85 0 438139 85 0.038631439208984375
85 0 438224 85 0.03851962089538574
85 0 438309 85 0.03852272033691406
85 0 438394 85 0.0385434627532959
84 0 436214 84 0.03859972953796387
0 85 436214 2048 0.08275485038757324
0 85 438262 1608 0.08187174797058105
85 0 439955 85 0.03977179527282715
85 0 440040 85 0.03869748115539551
85 0 440125 85 0.03863072395324707
85 0 440210 85 0.038665771484375
85 0 440295 85 0.038561105728149414
85 0 440380 85 0.03858375549316406
85 0 440465 85 0.03870201110839844
85 0 440550 85 0.03871035575866699
85 0 440635 85 0.038504600524902344
85 0 440720 85 0.0385434627532959
85 0 440805 85 0.038480520248413086
85 0 440890 85 0.038481712341308594
85 0 440975 85 0.0384669303894043
85 0 441060 85 0.03853201866149902
85 0 441145 85 0.03849315643310547
85 0 441230 85 0.03848695755004883
85 0 441315 85 0.03847146034240723
85 0 441400 85 0.03846335411071777
85 0 441485 85 0.03854179382324219
85 0 441570 85 0.03861212730407715
85 0 441655 85 0.03851461410522461
84 0 434174 84 0.037831783294677734
0 85 434174 2048 0.08343362808227539
0 85 436222 2048 0.09150552749633789
0 86 438270 2014 0.08475065231323242
86 0 440370 86 0.04068350791931152
86 0 440456 86 0.03845977783203125
86 0 440542 86 0.038179874420166016
86 0 440628 86 0.03809189796447754
86 0 440714 86 0.0380709171295166
85 0 436999 85 0.03965616226196289
0 86 436999 1593 0.0734720230102539
86 0 438678 86 0.04127097129821777
86 0 438764 86 0.04005146026611328
86 0 438850 86 0.039698123931884766
86 0 438936 86 0.039690494537353516
86 0 439022 86 0.039696455001831055
86 0 439108 86 0.039737701416015625
86 0 439194 86 0.03978729248046875
86 0 439280 86 0.03971505165100098
86 0 439366 86 0.03957962989807129
86 0 439452 86 0.039502859115600586
86 0 439538 86 0.03953242301940918
86 0 439624 86 0.039550065994262695
86 0 439710 86 0.03960108757019043
86 0 439796 86 0.03960394859313965
86 0 439882 86 0.03971123695373535
86 0 439968 86 0.03955245018005371
86 0 440054 86 0.03959083557128906
85 0 434814 85 0.03712153434753418
0 86 434814 1261 0.054622650146484375
86 0 436161 86 0.03802084922790527
86 0 436247 86 0.03738713264465332
86 0 436333 86 0.03726768493652344
86 0 436419 86 0.03730034828186035
86 0 436505 86 0.03734540939331055
86 0 436591 86 0.03735780715942383
86 0 436677 86 0.03733563423156738
85 0 434543 85 0.03865861892700195
85 0 434628 85 0.038459062576293945
85 0 434713 85 0.03845405578613281
85 0 434798 85 0.038465261459350586
85 0 434883 85 0.03852105140686035
85 0 434968 85 0.03853964805603027
85 0 435053 85 0.038561105728149414
84 0 429391 84 0.03958892822265625
0 85 429391 2048 0.08230137825012207
0 85 431439 2048 0.09034466743469238
0 85 433487 602 0.044718265533447266
85 0 434174 85 0.040076255798339844
85 0 434259 85 0.03986978530883789
85 0 434344 85 0.03987765312194824
85 0 434429 85 0.03991413116455078
85 0 434514 85 0.039887428283691406
85 0 434599 85 0.03988456726074219
85 0 434684 85 0.03987431526184082
85 0 434769 85 0.0397496223449707
85 0 434854 85 0.03963637351989746
85 0 434939 85 0.03969287872314453
85 0 435024 85 0.03972983360290527
85 0 435109 85 0.039689064025878906
85 0 435194 85 0.03969144821166992
85 0 435279 85 0.039690494537353516
85 0 435364 85 0.03971576690673828
85 0 435449 85 0.03970909118652344
85 0 435534 85 0.03969383239746094
85 0 435619 85 0.03971600532531738
85 0 435704 85 0.03972744941711426
85 0 435789 85 0.039752960205078125
85 0 435874 85 0.03976774215698242
85 0 435959 85 0.03975415229797363
85 0 436044 85 0.03973865509033203
85 0 436129 85 0.03973984718322754
85 0 436214 85 0.039766788482666016
85 0 436299 85 0.03978729248046875
85 0 436384 85 0.03977632522583008
85 0 436469 85 0.03977155685424805
85 0 436554 85 0.03978157043457031
85 0 436639 85 0.039815425872802734
85 0 436724 85 0.03979349136352539
85 0 436809 85 0.039788007736206055
85 0 436894 85 0.03978681564331055
85 0 436979 85 0.0398259162902832
85 0 437064 85 0.03983330726623535
85 0 437149 85 0.039823055267333984
85 0 437234 85 0.039841413497924805
85 0 437319 85 0.0398404598236084
85 0 437404 85 0.039847612380981445
85 0 437489 85 0.039830923080444336
85 0 437574 85 0.03982210159301758
85 0 437659 85 0.03985762596130371
85 0 437744 85 0.03986954689025879
85 0 437829 85 0.0398716926574707
85 0 437914 85 0.03986048698425293
85 0 437999 85 0.039870262145996094
85 0 438084 85 0.039864301681518555
85 0 438169 85 0.03987717628479004
85 0 438254 85 0.03990507125854492
85 0 438339 85 0.0399022102355957
85 0 438424 85 0.03987741470336914
85 0 438509 85 0.039919376373291016
85 0 438594 85 0.039923667907714844
85 0 438679 85 0.04075980186462402
85 0 438764 85 0.03971362113952637
85 0 438849 85 0.03970146179199219
84 0 429848 84 0.040221214294433594
0 85 429848 2048 0.08610749244689941
0 85 431896 2048 0.09142470359802246
0 86 433944 2048 0.09540843963623047
0 86 435992 2048 0.0851132869720459
0 86 438040 2048 0.09061241149902344
0 86 440088 2041 0.0969839096069336
86 0 442215 86 0.04239153861999512
86 0 442301 86 0.040771484375
86 0 442387 86 0.040419816970825195
86 0 442473 86 0.04043984413146973
85 0 438772 85 0.03798794746398926
0 86 438772 2048 0.0836493968963623
0 86 440820 1313 0.06416606903076172
85 0 436315 85 0.04079914093017578
0 86 436315 2048 0.08336281776428223
0 86 438363 897 0.051319122314453125
86 0 439346 86 0.03895902633666992
85 0 432659 85 0.037734270095825195
85 0 432744 85 0.03775763511657715
85 0 432829 85 0.037819862365722656
85 0 432914 85 0.037731170654296875
85 0 432999 85 0.03769183158874512
85 0 433084 85 0.037719011306762695
85 0 433169 85 0.03781437873840332
85 0 433254 85 0.0376131534576416
85 0 433339 85 0.03765463829040527
85 0 433424 85 0.03764176368713379
85 0 433509 85 0.03759431838989258
84 0 430198 84 0.03787493705749512
0 85 430198 2048 0.08405065536499023
0 85 432246 2048 0.09160828590393066
0 85 434294 2048 0.0968475341796875
0 85 436342 1938 0.09990310668945312
85 0 438365 85 0.039800405502319336
85 0 438450 85 0.038330078125
85 0 438535 85 0.037932634353637695
85 0 438620 85 0.037999868392944336
85 0 438705 85 0.038060665130615234
85 0 438790 85 0.03803515434265137
85 0 438875 85 0.038033485412597656
85 0 438960 85 0.03802323341369629
85 0 439045 85 0.037921905517578125
85 0 439130 85 0.03786015510559082
85 0 439215 85 0.03790783882141113
85 0 439300 85 0.03788185119628906
85 0 439385 85 0.037871360778808594
85 0 439470 85 0.03789162635803223
85 0 439555 85 0.037880897521972656
84 0 432326 84 0.037811279296875
0 85 432326 2048 0.08335590362548828
0 85 434374 2048 0.09133172035217285
0 85 436422 2048 0.09615755081176758
0 85 438470 1202 0.06459665298461914
85 0 439757 85 0.04064655303955078
85 0 439842 85 0.03911256790161133
85 0 439927 85 0.03890347480773926
85 0 440012 85 0.03882241249084473
85 0 440097 85 0.03880500793457031
85 0 440182 85 0.03889274597167969
85 0 440267 85 0.03890228271484375
85 0 440352 85 0.0389103889465332
85 0 440437 85 0.03892707824707031
85 0 440522 85 0.03866767883300781
85 0 440607 85 0.038652896881103516
85 0 440692 85 0.03868913650512695
85 0 440777 85 0.03863096237182617
85 0 440862 85 0.03864479064941406
85 0 440947 85 0.0386958122253418
84 0 430919 84 0.03676462173461914
0 85 430919 2048 0.08290266990661621
0 85 432967 2048 0.09173846244812012
0 85 435015 1542 0.08331894874572754
85 0 436642 85 0.03843855857849121
84 0 429468 84 0.037713050842285156
0 85 429468 2048 0.08103418350219727
0 85 431516 2048 0.08868813514709473
0 85 433564 2048 0.09459829330444336
0 85 435612 1200 0.06348514556884766
85 0 436897 85 0.04012417793273926
85 0 436982 85 0.03908348083496094
84 0 428215 84 0.03648877143859863
0 85 428215 2048 0.08286499977111816
0 85 430263 2048 0.0920705795288086
0 85 432311 2048 0.09541153907775879
0 86 434359 2048 0.09664225578308105
0 86 436407 2048 0.08489131927490234
0 86 438455 674 0.04717683792114258
86 0 439215 86 0.03968524932861328
86 0 439301 86 0.03881692886352539
86 0 439387 86 0.038674116134643555
86 0 439473 86 0.03857922554016113
86 0 439559 86 0.03857755661010742
86 0 439645 86 0.03864121437072754
86 0 439731 86 0.03867053985595703
86 0 439817 86 0.03866839408874512
86 0 439903 86 0.03832650184631348
86 0 439989 86 0.03832077980041504
85 0 433891 85 0.036656856536865234
0 86 433891 2048 0.08255529403686523
0 86 435939 1627 0.08143973350524902
86 0 437652 86 0.03844141960144043
86 0 437738 86 0.03722691535949707
86 0 437824 86 0.03677511215209961
86 0 437910 86 0.036818742752075195
86 0 437996 86 0.03674435615539551
86 0 438082 86 0.036750078201293945
86 0 438168 86 0.036773681640625
86 0 438254 86 0.036882638931274414
86 0 438340 86 0.036875009536743164
86 0 438426 86 0.03663897514343262
86 0 438512 86 0.03674817085266113
86 0 438598 86 0.036665916442871094
86 0 438684 86 0.036583900451660156
86 0 438770 86 0.0365908145904541
86 0 438856 86 0.036681413650512695
86 0 438942 86 0.03668928146362305
86 0 439028 86 0.03665280342102051
86 0 439114 86 0.0366053581237793
86 0 439200 86 0.03666329383850098
86 0 439286 86 0.036672353744506836
86 0 439372 86 0.036774635314941406
86 0 439458 86 0.03662443161010742
86 0 439544 86 0.03663039207458496
86 0 439630 86 0.036672115325927734
86 0 439716 86 0.03679180145263672
85 0 436935 85 0.037618398666381836
0 86 436935 2048 0.08111763000488281
0 86 438983 2048 0.09089517593383789
0 86 441031 249 0.03240060806274414
86 0 441366 86 0.03810405731201172
86 0 441452 86 0.037813425064086914
86 0 441538 86 0.037652015686035156
85 0 436084 85 0.03803229331970215
85 0 436169 85 0.03800225257873535
85 0 436254 85 0.03802061080932617
85 0 436339 85 0.038068294525146484
85 0 436424 85 0.0379793643951416
85 0 436509 85 0.037708282470703125
85 0 436594 85 0.037772178649902344
85 0 436679 85 0.03791046142578125
85 0 436764 85 0.0378262996673584
84 0 431040 84 0.036658525466918945
0 85 431040 2048 0.08298039436340332
0 85 433088 2048 0.09021949768066406
0 85 435136 2048 0.0958244800567627
0 85 437184 2048 0.10193562507629395
0 86 439232 1437 0.07106971740722656
86 0 440755 86 0.039206743240356445
86 0 440841 86 0.03820681571960449
86 0 440927 86 0.03802013397216797
86 0 441013 86 0.0380251407623291
86 0 441099 86 0.03801846504211426
86 0 441185 86 0.038088321685791016
86 0 441271 86 0.03802824020385742
86 0 441357 86 0.03801989555358887
86 0 441443 86 0.03782010078430176
86 0 441529 86 0.037816762924194336
86 0 441615 86 0.037792205810546875
85 0 438479 85 0.040476083755493164
0 86 438479 2048 0.0820302963256836
0 86 440527 1344 0.06281685829162598
86 0 441957 86 0.04298567771911621
86 0 442043 86 0.041109323501586914
86 0 442129 86 0.040758609771728516
86 0 442215 86 0.04074978828430176
85 0 439127 85 0.03725886344909668
85 0 439212 85 0.037256717681884766
84 0 435399 84 0.03725242614746094
84 0 435483 84 0.03725099563598633
84 0 435567 84 0.037157297134399414
84 0 435651 84 0.037105560302734375
84 0 435735 84 0.03707432746887207
84 0 435819 84 0.03714561462402344
84 0 435903 84 0.03720211982727051
83 0 431688 83 0.03734898567199707
0 84 431688 2048 0.0848534107208252
0 84 433736 2048 0.09008622169494629
0 84 435784 2048 0.0957493782043457
0 84 437832 898 0.05338883399963379
84 0 438814 84 0.0396573543548584
84 0 438898 84 0.03869295120239258
84 0 438982 84 0.03860211372375488
84 0 439066 84 0.038588762283325195
84 0 439150 84 0.038567543029785156
84 0 439234 84 0.038606882095336914
84 0 439318 84 0.03865218162536621
84 0 439402 84 0.03873038291931152
84 0 439486 84 0.03844642639160156
84 0 439570 84 0.038338422775268555
84 0 439654 84 0.03842449188232422
84 0 439738 84 0.038428306579589844
84 0 439822 84 0.038414716720581055
83 0 431275 83 0.03739142417907715
0 84 431275 2048 0.08353090286254883
0 84 433323 2048 0.09047818183898926
0 84 435371 2048 0.0964515209197998
0 84 437419 2048 0.10343241691589355
0 84 439467 123 0.030881166458129883
84 0 439674 84 0.03955698013305664
83 0 435915 83 0.03860640525817871
83 0 435998 83 0.03863215446472168
83 0 436081 83 0.03858590126037598
83 0 436164 83 0.03859877586364746
83 0 436247 83 0.03861689567565918
83 0 436330 83 0.03859400749206543
83 0 436413 83 0.03863048553466797
83 0 436496 83 0.03846240043640137
83 0 436579 83 0.03844857215881348
83 0 436662 83 0.038494110107421875
83 0 436745 83 0.03846597671508789
83 0 436828 83 0.038434505462646484
83 0 436911 83 0.0384061336517334
83 0 436994 83 0.03845977783203125
82 0 429082 82 0.03667807579040527
0 83 429082 2048 0.08477306365966797
0 83 431130 2048 0.09067583084106445
0 83 433178 2048 0.0962221622467041
0 84 435226 2048 0.08875799179077148
0 85 437274 2048 0.08871316909790039
0 85 439322 1068 0.05405282974243164
85 0 440475 85 0.0373842716217041
85 0 440560 85 0.037232160568237305
85 0 440645 85 0.0372319221496582
85 0 440730 85 0.0372161865234375
85 0 440815 85 0.03726625442504883
85 0 440900 85 0.0372774600982666
85 0 440985 85 0.037262916564941406
85 0 441070 85 0.037095069885253906
85 0 441155 85 0.03702092170715332
85 0 441240 85 0.037082672119140625
85 0 441325 85 0.037079811096191406
85 0 441410 85 0.037093400955200195
85 0 441495 85 0.0370943546295166
85 0 441580 85 0.03708362579345703
85 0 441665 85 0.037096500396728516
85 0 441750 85 0.03710007667541504
85 0 441835 85 0.037079572677612305
85 0 441920 85 0.037065982818603516
84 0 434511 84 0.0389404296875
0 85 434511 2048 0.08459711074829102
0 85 436559 2048 0.09050178527832031
0 85 438607 2048 0.0955972671508789
0 85 440655 1990 0.0994412899017334
84 0 437638 84 0.0393061637878418
0 84 432205 2047 0.08297896385192871
0 84 434252 1111 0.05612301826477051
84 0 435447 84 0.038630008697509766
84 0 435531 84 0.038207292556762695
84 0 435615 84 0.03777360916137695
84 0 435699 84 0.0377657413482666
84 0 435783 84 0.037766456604003906
84 0 435867 84 0.037811994552612305
84 0 435951 84 0.03781938552856445
84 0 436035 84 0.0377497673034668
84 0 436119 84 0.037581682205200195
84 0 436203 84 0.037567853927612305
84 0 436287 84 0.03756427764892578
84 0 436371 84 0.03760194778442383
84 0 436455 84 0.037621498107910156
84 0 436539 84 0.03758955001831055
84 0 436623 84 0.03763437271118164
84 0 436707 84 0.03766226768493652
84 0 436791 84 0.03765416145324707
84 0 436875 84 0.03760647773742676
84 0 436959 84 0.03761482238769531
84 0 437043 84 0.03765058517456055
84 0 437127 84 0.037673234939575195
84 0 437211 84 0.037667036056518555
84 0 437295 84 0.03766059875488281
84 0 437379 84 0.03769803047180176
84 0 437463 84 0.03774738311767578
84 0 437547 84 0.0376887321472168
84 0 437631 84 0.03768348693847656
84 0 437715 84 0.037653446197509766
84 0 437799 84 0.03767848014831543
84 0 437883 84 0.03773975372314453
84 0 437967 84 0.03773093223571777
84 0 438051 84 0.0376887321472168
84 0 438135 84 0.03766179084777832
84 0 438219 84 0.03770327568054199
83 0 435848 83 0.042025089263916016
83 0 435931 83 0.042172908782958984
83 0 436014 83 0.04208874702453613
83 0 436097 83 0.04209399223327637
83 0 436180 83 0.042111873626708984
83 0 436263 83 0.04211854934692383
83 0 436346 83 0.04210853576660156
83 0 436429 83 0.04210638999938965
83 0 436512 83 0.04210233688354492
83 0 436595 83 0.04213309288024902
83 0 436678 83 0.04211544990539551
83 0 436761 83 0.042122840881347656
82 0 428551 82 0.036438703536987305
0 83 428551 2048 0.08175134658813477
0 83 430599 2048 0.09012126922607422
0 83 432647 2048 0.09584951400756836
0 83 434695 1630 0.08845877647399902
82 0 428230 82 0.03968071937561035
0 83 428230 2048 0.08353948593139648
0 83 430278 2048 0.09036970138549805
0 83 432326 2048 0.09495306015014648
0 84 434374 2048 0.09824705123901367
0 84 436422 2048 0.0851278305053711
0 84 438470 2048 0.09099912643432617
0 84 440518 947 0.052596330642700195
84 0 441549 84 0.042990684509277344
83 0 434691 83 0.04134964942932129
0 84 434691 2048 0.08185601234436035
0 84 436739 1175 0.05774354934692383
84 0 437998 84 0.04321122169494629
84 0 438082 84 0.04154825210571289
84 0 438166 84 0.04132962226867676
84 0 438250 84 0.04131054878234863
84 0 438334 84 0.04139089584350586
84 0 438418 84 0.04141688346862793
83 0 430502 83 0.03610849380493164
0 84 430502 2048 0.08151531219482422
0 85 432550 2048 0.0922234058380127
0 85 434598 1480 0.07196593284606934
85 0 436163 85 0.03983616828918457
85 0 436248 85 0.03913378715515137
85 0 436333 85 0.038774728775024414
85 0 436418 85 0.03881525993347168
85 0 436503 85 0.03868246078491211
85 0 436588 85 0.0386652946472168
85 0 436673 85 0.03868746757507324
85 0 436758 85 0.03876376152038574
84 0 432958 84 0.03757309913635254
0 84 425990 2047 0.0832815170288086
0 84 428037 2048 0.0912933349609375
0 84 430085 2048 0.09610819816589355
0 85 432133 2048 0.09037399291992188
0 86 434181 2048 0.08709239959716797
0 86 436229 2048 0.08458161354064941
0 86 438277 2048 0.09080958366394043
0 86 440325 179 0.030862808227539062
86 0 440590 86 0.039278268814086914
86 0 440676 86 0.038802385330200195
86 0 440762 86 0.03880810737609863
86 0 440848 86 0.03883671760559082
86 0 440934 86 0.03881669044494629
86 0 441020 86 0.03883814811706543
85 0 431884 85 0.037301063537597656
0 87 431884 2048 0.08101367950439453
0 87 433932 2048 0.08660721778869629
0 87 435980 2048 0.09275531768798828
0 87 438028 2048 0.09850192070007324
0 87 440076 896 0.055243730545043945
87 0 441059 87 0.039772987365722656
87 0 441146 87 0.037938594818115234
87 0 441233 87 0.03770613670349121
87 0 441320 87 0.03765153884887695
86 0 435787 86 0.037539005279541016
0 87 435787 2048 0.08235597610473633
0 87 437835 2048 0.09066128730773926
0 87 439883 816 0.05072832107543945
87 0 440786 87 0.03907299041748047
87 0 440873 87 0.038091182708740234
87 0 440960 87 0.03762674331665039
87 0 441047 87 0.03761172294616699
87 0 441134 87 0.037537574768066406
86 0 439128 86 0.03939342498779297
0 87 439128 1515 0.07062721252441406
87 0 440730 87 0.041459083557128906
87 0 440817 87 0.03974771499633789
87 0 440904 87 0.039374351501464844
86 0 436390 86 0.03939938545227051
0 87 436390 2048 0.0814967155456543
0 86 432229 2048 0.0903010368347168
0 87 434277 2016 0.08390974998474121
87 0 436380 87 0.04118824005126953
86 0 430653 86 0.03741049766540527
0 87 430653 2048 0.08324718475341797
0 87 432701 2048 0.09011292457580566
0 87 434749 2048 0.09610676765441895
0 87 436797 369 0.0399477481842041
87 0 437253 87 0.03746533393859863
87 0 437340 87 0.037268877029418945
87 0 437427 87 0.03729391098022461
87 0 437514 87 0.03725862503051758
87 0 437601 87 0.03719043731689453
86 0 430562 86 0.03766441345214844
0 87 430562 2048 0.08609580993652344
0 87 432610 2048 0.0911562442779541
0 87 434658 2048 0.09562802314758301
0 87 436706 806 0.05385160446166992
87 0 437599 87 0.039673566818237305
87 0 437686 87 0.03838944435119629
87 0 437773 87 0.03820228576660156
87 0 437860 87 0.03825974464416504
87 0 437947 87 0.03827953338623047
86 0 433313 86 0.039067983627319336
0 87 433313 2048 0.08401083946228027
0 86 428706 2048 0.09009885787963867
0 86 430754 2048 0.09615945816040039
0 87 432802 2048 0.08497405052185059
0 88 434850 2048 0.08685827255249023
0 88 436898 2048 0.08712100982666016
0 88 438946 1591 0.08320784568786621
88 0 440625 88 0.03990912437438965
88 0 440713 88 0.03862762451171875
88 0 440801 88 0.038286685943603516
88 0 440889 88 0.03828692436218262
88 0 440977 88 0.038355350494384766
88 0 441065 88 0.0383152961730957
87 0 436238 87 0.038823843002319336
0 88 436238 1922 0.08147501945495605
88 0 438248 88 0.04066634178161621
88 0 438336 88 0.03905200958251953
88 0 438424 88 0.03879737854003906
87 0 430848 87 0.03775811195373535
0 88 430848 2048 0.08101105690002441
0 88 432896 2048 0.08969950675964355
0 88 429217 2048 0.08666658401489258
0 89 431265 2048 0.08610129356384277
0 90 433313 2048 0.08300018310546875
0 90 435361 2048 0.08597183227539062
0 90 437409 550 0.04277443885803223
90 0 438049 90 0.04143023490905762
90 0 438139 90 0.04108285903930664
90 0 438229 90 0.04111766815185547
90 0 438319 90 0.04110431671142578
90 0 438409 90 0.04105734825134277
90 0 438499 90 0.041060447692871094
90 0 438589 90 0.04108238220214844
90 0 438679 90 0.04085397720336914
90 0 438769 90 0.0409090518951416
90 0 438859 90 0.04091763496398926
90 0 438949 90 0.0408778190612793
90 0 439039 90 0.04087471961975098
90 0 439129 90 0.04087710380554199
90 0 439219 90 0.040868520736694336
90 0 439309 90 0.04089617729187012
90 0 439399 90 0.040938377380371094
88 0 430270 88 0.03976011276245117
0 89 430270 2048 0.08344745635986328
0 89 432318 2048 0.09139561653137207
0 89 434366 2048 0.09581613540649414
0 89 436414 2048 0.10108733177185059
0 89 438462 327 0.03650665283203125
89 0 438878 89 0.03987574577331543
89 0 438967 89 0.039469242095947266
89 0 439056 89 0.03953218460083008
89 0 439145 89 0.03953385353088379
89 0 439234 89 0.03952646255493164
88 0 437673 88 0.03799796104431152
88 0 437761 88 0.0378420352935791
88 0 437849 88 0.03766632080078125
88 0 437937 88 0.03773951530456543
88 0 438025 88 0.03767538070678711
88 0 438113 88 0.03768563270568848
87 0 435568 87 0.037630558013916016
87 0 435655 87 0.03765678405761719
86 0 433967 86 0.03744959831237793
86 0 434053 86 0.037496328353881836
86 0 434139 86 0.037468910217285156
86 0 434225 86 0.03736162185668945
86 0 434311 86 0.03742551803588867
86 0 434397 86 0.03750467300415039
86 0 434483 86 0.03755807876586914
86 0 434569 86 0.03743934631347656
86 0 434655 86 0.03739476203918457
86 0 434741 86 0.03741765022277832
86 0 434827 86 0.03742837905883789
86 0 434913 86 0.037415266036987305
86 0 434999 86 0.037526607513427734
86 0 435085 86 0.037549734115600586
86 0 435171 86 0.03751230239868164
86 0 435257 86 0.03742098808288574
86 0 435343 86 0.03748440742492676
85 0 428979 85 0.04005575180053711
0 86 428979 2048 0.08626818656921387
0 86 431027 2048 0.09037303924560547
0 86 433075 2048 0.09604740142822266
0 86 435123 876 0.05390644073486328
86 0 436085 86 0.03899955749511719
86 0 436171 86 0.038851022720336914
86 0 436257 86 0.03888964653015137
86 0 436343 86 0.03887438774108887
86 0 436429 86 0.03889012336730957
86 0 436515 86 0.038834333419799805
86 0 436601 86 0.038825035095214844
86 0 436687 86 0.03868913650512695
86 0 436773 86 0.03865385055541992
86 0 436859 86 0.03871488571166992
86 0 436945 86 0.038724422454833984
86 0 437031 86 0.0386965274810791
86 0 437117 86 0.03865504264831543
86 0 437203 86 0.03864860534667969
85 0 430268 85 0.04007768630981445
0 86 430268 2048 0.08339667320251465
0 86 432316 2048 0.09068131446838379
0 86 434364 2048 0.09557342529296875
0 87 436412 1809 0.08006000518798828
86 0 436475 86 0.04177975654602051
86 0 436561 86 0.04104971885681152
85 0 433605 85 0.04097414016723633
0 86 433605 2048 0.08211445808410645
0 86 435653 2048 0.0900428295135498
0 86 437701 2048 0.09579777717590332
0 86 439749 1563 0.08794593811035156
86 0 441398 86 0.040393829345703125
86 0 441484 86 0.03923821449279785
86 0 441570 86 0.03904438018798828
85 0 437838 85 0.03902125358581543
85 0 437923 85 0.03907465934753418
85 0 438008 85 0.0390629768371582
85 0 438093 85 0.03900480270385742
85 0 438178 85 0.0390172004699707
85 0 438263 85 0.038834571838378906
84 0 430196 84 0.03829836845397949
0 84 428174 2047 0.08202743530273438
0 84 430221 2048 0.09069252014160156
0 85 432269 2048 0.0890645980834961
0 85 434317 2048 0.08807778358459473
0 86 436365 2048 0.08450150489807129
0 86 438413 504 0.038892507553100586
86 0 439003 86 0.03991889953613281
86 0 439089 86 0.03941988945007324
86 0 439175 86 0.03924965858459473
86 0 439261 86 0.03935647010803223
86 0 439347 86 0.03935718536376953
86 0 439433 86 0.03925037384033203
86 0 439519 86 0.03922224044799805
86 0 439605 86 0.03921198844909668
86 0 439691 86 0.0390629768371582
86 0 439777 86 0.03905653953552246
85 0 432294 85 0.03992199897766113
0 86 432294 2048 0.08337068557739258
0 86 434342 1954 0.08971571922302246
86 0 436382 86 0.042572021484375
86 0 436468 86 0.04109764099121094
86 0 436554 86 0.040094614028930664
86 0 436640 86 0.04005694389343262
86 0 436726 86 0.04010939598083496
86 0 436812 86 0.04012489318847656
86 0 436898 86 0.04003620147705078
86 0 436984 86 0.04003405570983887
86 0 437070 86 0.04002261161804199
86 0 437156 86 0.03994584083557129
86 0 437242 86 0.03994607925415039
86 0 437328 86 0.039850711822509766
86 0 437414 86 0.03986763954162598
86 0 437500 86 0.03995990753173828
86 0 437586 86 0.039995670318603516
86 0 437672 86 0.0399167537689209
86 0 437758 86 0.03989863395690918
86 0 437844 86 0.039905548095703125
85 0 427985 85 0.03875565528869629
0 86 427985 2048 0.08098316192626953
0 86 430033 2048 0.08965015411376953
0 86 432081 2048 0.09519433975219727
0 87 434129 2048 0.09316134452819824
0 87 436177 2048 0.08600091934204102
0 87 438225 1831 0.08777236938476562
86 0 437985 86 0.04075765609741211
86 0 438071 86 0.03977346420288086
86 0 438157 86 0.039182186126708984
86 0 438243 86 0.039086103439331055
86 0 438329 86 0.039014577865600586
86 0 438415 86 0.038994550704956055
86 0 438501 86 0.039041757583618164
86 0 438587 86 0.039119720458984375
86 0 438673 86 0.03910708427429199
86 0 438759 86 0.03884530067443848
86 0 438845 86 0.03878641128540039
86 0 438931 86 0.03891730308532715
86 0 439017 86 0.0389401912689209
86 0 439103 86 0.038933515548706055
86 0 439189 86 0.03885507583618164
86 0 439275 86 0.03888225555419922
86 0 439361 86 0.03896164894104004
86 0 439447 86 0.038927316665649414
86 0 439533 86 0.03888440132141113
86 0 439619 86 0.03886270523071289
86 0 439705 86 0.03896665573120117
86 0 439791 86 0.03898262977600098
86 0 439877 86 0.03901982307434082
86 0 439963 86 0.03892111778259277
86 0 440049 86 0.038898468017578125
86 0 440135 86 0.0389859676361084
85 0 436000 85 0.038985490798950195
85 0 436085 85 0.038993120193481445
85 0 436170 85 0.038933515548706055
85 0 436255 85 0.038953542709350586
85 0 436340 85 0.038999319076538086
85 0 436425 85 0.039040327072143555
85 0 436510 85 0.03902077674865723
85 0 436595 85 0.038968563079833984
85 0 436680 85 0.03896450996398926
85 0 436765 85 0.039044857025146484
85 0 436850 85 0.039122819900512695
85 0 436935 85 0.03900885581970215
84 0 432965 84 0.0390012264251709
0 85 432965 2048 0.0854191780090332
0 85 435013 2048 0.09139657020568848
0 86 437061 2048 0.08993148803710938
0 86 439109 2048 0.08694911003112793
0 86 441157 633 0.04473876953125
86 0 441876 86 0.03978443145751953
86 0 441962 86 0.039305925369262695
86 0 442048 86 0.039276123046875
86 0 442134 86 0.039286136627197266
85 0 438834 85 0.03929471969604492
85 0 438919 85 0.03933310508728027
85 0 439004 85 0.039337873458862305
84 0 435736 84 0.036894798278808594
0 85 435736 2048 0.08342933654785156
0 85 437784 1874 0.08647680282592773
85 0 439743 85 0.03914451599121094
85 0 439828 85 0.037206411361694336
85 0 439913 85 0.03707480430603027
85 0 439998 85 0.03708171844482422
85 0 440083 85 0.03705286979675293
85 0 440168 85 0.03704667091369629
85 0 440253 85 0.037113189697265625
85 0 440338 85 0.03711891174316406
85 0 440423 85 0.03701210021972656
84 0 434328 84 0.036939144134521484
0 85 434328 2048 0.08539319038391113
0 85 436376 1561 0.08103203773498535
85 0 438022 85 0.03798079490661621
85 0 438107 85 0.037113189697265625
85 0 438192 85 0.03706479072570801
85 0 438277 85 0.037071943283081055
85 0 438362 85 0.03710150718688965
85 0 438447 85 0.03711843490600586
85 0 438532 85 0.0370936393737793
85 0 438617 85 0.03704071044921875
84 0 428780 84 0.03806018829345703
0 85 428780 2048 0.08006978034973145
0 85 430828 2048 0.09045624732971191
0 85 432876 2048 0.09493494033813477
0 86 434924 2048 0.08657717704772949
0 86 436972 1118 0.05544233322143555
86 0 438176 86 0.04005074501037598
86 0 438262 86 0.038631439208984375
86 0 438348 86 0.03835129737854004
86 0 438434 86 0.038338661193847656
86 0 438520 86 0.03837108612060547
86 0 438606 86 0.038362741470336914
85 0 430956 85 0.03739356994628906
0 86 430956 2048 0.0822596549987793
0 86 433004 2048 0.08985400199890137
0 86 435052 2048 0.09483194351196289
0 86 437100 802 0.052449941635131836
86 0 437988 86 0.038542985916137695
86 0 438074 86 0.03796553611755371
86 0 438160 86 0.03773307800292969
86 0 438246 86 0.037702083587646484
86 0 438332 86 0.037668466567993164
86 0 438418 86 0.03774094581604004
86 0 438504 86 0.03774666786193848
86 0 438590 86 0.03771638870239258
86 0 438676 86 0.037484169006347656
86 0 438762 86 0.03749346733093262
86 0 438848 86 0.03755593299865723
86 0 438934 86 0.037554264068603516
86 0 439020 86 0.037539005279541016
85 0 434878 85 0.03739595413208008
0 85 426793 2047 0.0829627513885498
0 85 428840 2048 0.0900874137878418
0 85 430888 2048 0.09510946273803711
0 86 432936 2048 0.08882808685302734
0 86 434984 1817 0.08283400535583496
86 0 436887 86 0.03743624687194824
85 0 435482 85 0.035691022872924805
85 0 435567 85 0.03547072410583496
85 0 435652 85 0.03542304039001465
85 0 435737 85 0.035477399826049805
85 0 435822 85 0.0355074405670166
85 0 435907 85 0.03545331954956055
85 0 435992 85 0.03558158874511719
85 0 436077 85 0.035509347915649414
85 0 436162 85 0.035404205322265625
85 0 436247 85 0.03541445732116699
85 0 436332 85 0.03539752960205078
85 0 436417 85 0.03531837463378906
85 0 436502 85 0.0352780818939209
85 0 436587 85 0.03531336784362793
85 0 436672 85 0.03537702560424805
85 0 436757 85 0.035390377044677734
85 0 436842 85 0.03537297248840332
85 0 436927 85 0.0352783203125
85 0 437012 85 0.03534698486328125
85 0 437097 85 0.035382986068725586
85 0 437182 85 0.03540468215942383
85 0 437267 85 0.03535056114196777
85 0 437352 85 0.03535294532775879
84 0 433380 84 0.03540778160095215
0 84 429068 2047 0.08074426651000977
0 84 431115 2048 0.0893099308013916
0 85 433163 2048 0.09598517417907715
0 85 435211 2048 0.08326578140258789
0 85 437259 2048 0.09118151664733887
0 85 439307 1051 0.05877804756164551
85 0 440443 85 0.03993964195251465
85 0 440528 85 0.03827500343322754
84 0 436736 84 0.039121389389038086
84 0 436820 84 0.039254188537597656
84 0 436904 84 0.039144039154052734
84 0 436988 84 0.039154767990112305
84 0 437072 84 0.03910017013549805
84 0 437156 84 0.039099931716918945
84 0 437240 84 0.038953304290771484
84 0 437324 84 0.03892779350280762
84 0 437408 84 0.03892230987548828
84 0 437492 84 0.038968563079833984
84 0 437576 84 0.03897595405578613
84 0 437660 84 0.03894662857055664
84 0 437744 84 0.03896498680114746
84 0 437828 84 0.03898477554321289
83 0 433819 83 0.0400395393371582
0 84 433819 2048 0.08075284957885742
0 84 435867 2048 0.09006214141845703
0 84 437915 2048 0.09513711929321289
0 84 439963 276 0.03416609764099121
84 0 440323 84 0.04054141044616699
84 0 440407 84 0.040299415588378906
84 0 440491 84 0.04027676582336426
84 0 440575 84 0.040309906005859375
84 0 440659 84 0.04029440879821777
84 0 440743 84 0.040289878845214844
83 0 434404 83 0.04024362564086914
0 84 434404 2048 0.08050942420959473
0 84 436452 2048 0.08989310264587402
0 85 438500 2048 0.09241461753845215
0 85 440548 1668 0.07846355438232422
85 0 442301 85 0.0420842170715332
84 0 439373 84 0.040619850158691406
84 0 439457 84 0.04031062126159668
84 0 439541 84 0.040376901626586914
83 0 433998 83 0.04038691520690918
0 84 433998 2048 0.08444523811340332
0 84 436046 2048 0.09029841423034668
0 84 438094 571 0.04345965385437012
84 0 438749 84 0.041056156158447266
84 0 438833 84 0.040491580963134766
84 0 438917 84 0.040343523025512695
84 0 439001 84 0.04042410850524902
84 0 439085 84 0.04038667678833008
84 0 439169 84 0.040401458740234375
84 0 439253 84 0.04044365882873535
84 0 439337 84 0.04044175148010254
83 0 435601 83 0.03683328628540039
83 0 435684 83 0.036806583404541016
83 0 435767 83 0.036748409271240234
83 0 435850 83 0.0368037223815918
83 0 435933 83 0.0368497371673584
83 0 436016 83 0.03684425354003906
83 0 436099 83 0.03677058219909668
83 0 436182 83 0.036812543869018555
83 0 436265 83 0.03686046600341797
83 0 436348 83 0.036852121353149414
83 0 436431 83 0.0369868278503418
83 0 436514 83 0.036829471588134766
83 0 436597 83 0.036786794662475586
82 0 434494 82 0.03810429573059082
82 0 434576 82 0.038169145584106445
82 0 434658 82 0.03819680213928223
82 0 434740 82 0.03816533088684082
82 0 434822 82 0.03811931610107422
82 0 434904 82 0.03818845748901367
82 0 434986 82 0.03816056251525879
82 0 435068 82 0.038214683532714844
81 0 427960 81 0.03733682632446289
0 82 427960 2048 0.0841834545135498
0 82 430008 2048 0.09015917778015137
0 82 432056 2048 0.0955500602722168
0 82 434104 2048 0.10096859931945801
0 83 436152 2048 0.08507513999938965
0 83 438200 2048 0.0888214111328125
0 83 440248 821 0.051171302795410156
83 0 441152 83 0.04036402702331543
83 0 441235 83 0.03934049606323242
83 0 441318 83 0.03908348083496094
83 0 441401 83 0.0391080379486084
83 0 441484 83 0.03906583786010742
83 0 441567 83 0.039086341857910156
82 0 436467 82 0.03833818435668945
82 0 436549 82 0.038356781005859375
82 0 436631 82 0.03823733329772949
82 0 436713 82 0.03821682929992676
82 0 436795 82 0.03814983367919922
82 0 436877 82 0.038146018981933594
81 0 434869 81 0.04007267951965332
81 0 434950 81 0.03999590873718262
81 0 435031 81 0.04006242752075195
81 0 435112 81 0.04003787040710449
80 0 428709 80 0.03532862663269043
0 81 428709 2048 0.08384990692138672
0 81 430757 2048 0.08997035026550293
0 81 432805 2048 0.09448480606079102
0 81 434853 1709 0.09156656265258789
80 0 432546 80 0.0366058349609375
0 81 432546 2048 0.08461904525756836
0 81 434594 2048 0.09038424491882324
0 81 436642 1677 0.08437776565551758
81 0 438400 81 0.039151906967163086
81 0 438481 81 0.03851723670959473
81 0 438562 81 0.03854560852050781
81 0 438643 81 0.03859066963195801
81 0 438724 81 0.03862714767456055
81 0 438805 81 0.03867149353027344
81 0 438886 81 0.038677215576171875
81 0 438967 81 0.038529157638549805
81 0 439048 81 0.03837466239929199
81 0 439129 81 0.038381099700927734
81 0 439210 81 0.0384061336517334
80 0 435375 80 0.03588509559631348
0 81 435375 2048 0.08299541473388672
0 81 437423 2048 0.09000754356384277
0 81 439471 1314 0.0669093132019043
81 0 440866 81 0.039021968841552734
81 0 440947 81 0.03738284111022949
81 0 441028 81 0.03679823875427246
81 0 441109 81 0.036843061447143555
81 0 441190 81 0.036839962005615234
81 0 441271 81 0.03681612014770508
81 0 441352 81 0.03677964210510254
81 0 441433 81 0.036798715591430664
80 0 437503 80 0.03609514236450195
0 81 437503 1947 0.08143424987792969
81 0 439531 81 0.040813446044921875
81 0 439612 81 0.03947186470031738
81 0 439693 81 0.03911948204040527
81 0 439774 81 0.03915762901306152
81 0 439855 81 0.03913712501525879
81 0 439936 81 0.03920793533325195
81 0 440017 81 0.03919649124145508
81 0 440098 81 0.03911399841308594
80 0 438491 80 0.036699771881103516
80 0 438571 80 0.03652143478393555
80 0 438651 80 0.0365142822265625
80 0 438731 80 0.0364995002746582
80 0 438811 80 0.03650951385498047
80 0 438891 80 0.03654837608337402
80 0 438971 80 0.0365753173828125
80 0 439051 80 0.03658246994018555
79 0 432126 79 0.03658699989318848
79 0 432205 79 0.03653597831726074
79 0 432284 79 0.036540985107421875
79 0 432363 79 0.03657960891723633
79 0 432442 79 0.0366213321685791
79 0 432521 79 0.03659510612487793
79 0 432600 79 0.03653120994567871
79 0 432679 79 0.03655576705932617
79 0 432758 79 0.03658580780029297
79 0 432837 79 0.036623477935791016
79 0 432916 79 0.036605119705200195
79 0 432995 79 0.03661489486694336
79 0 433074 79 0.036557674407958984
79 0 433153 79 0.03660774230957031
79 0 433232 79 0.03666806221008301
79 0 433311 79 0.03666543960571289
79 0 433390 79 0.03661775588989258
79 0 433469 79 0.03659367561340332
79 0 433548 79 0.03659343719482422
79 0 433627 79 0.03671884536743164
79 0 433706 79 0.03671908378601074
79 0 433785 79 0.03665518760681152
79 0 433864 79 0.03666281700134277
79 0 433943 79 0.036664485931396484
79 0 434022 79 0.03673887252807617
79 0 434101 79 0.03672981262207031
79 0 434180 79 0.03670454025268555
79 0 434259 79 0.036707401275634766
79 0 434338 79 0.036707401275634766
79 0 434417 79 0.03679537773132324
79 0 434496 79 0.036776065826416016
79 0 434575 79 0.03667593002319336
79 0 434654 79 0.03668808937072754
79 0 434733 79 0.036704301834106445
79 0 434812 79 0.03679084777832031
79 0 434891 79 0.03681182861328125
79 0 434970 79 0.03672480583190918
79 0 435049 79 0.03675723075866699
79 0 435128 79 0.036775827407836914
79 0 435207 79 0.0368039608001709
79 0 435286 79 0.03682518005371094
79 0 435365 79 0.036726951599121094
79 0 435444 79 0.036782026290893555
79 0 435523 79 0.036824941635131836
79 0 435602 79 0.03682374954223633
78 0 430598 78 0.03685784339904785
0 79 430598 2048 0.08420467376708984
0 79 432646 2048 0.0894460678100586
0 79 434694 2048 0.09513211250305176
0 79 436742 859 0.05348658561706543
79 0 437680 79 0.03833723068237305
79 0 437759 79 0.03691601753234863
79 0 437838 79 0.036678314208984375
79 0 437917 79 0.03664684295654297
79 0 437996 79 0.036652565002441406
79 0 438075 79 0.036638498306274414
79 0 438154 79 0.036641836166381836
79 0 438233 79 0.03665971755981445
79 0 438312 79 0.03661322593688965
78 0 434431 78 0.03684091567993164
78 0 434509 78 0.03693652153015137
78 0 434587 78 0.03687143325805664
78 0 434665 78 0.03688621520996094
78 0 434743 78 0.03690934181213379
78 0 434821 78 0.03693842887878418
78 0 434899 78 0.03689861297607422
77 0 428437 77 0.033937692642211914
0 78 428437 2048 0.08118152618408203
0 78 430485 2048 0.09008526802062988
0 78 432533 2048 0.09523606300354004
0 78 434581 233 0.03191256523132324
78 0 434892 78 0.03705167770385742
78 0 434970 78 0.03641819953918457
78 0 435048 78 0.0363616943359375
78 0 435126 78 0.03640627861022949
78 0 435204 78 0.036424875259399414
78 0 435282 78 0.03643012046813965
78 0 435360 78 0.03634500503540039
78 0 435438 78 0.036344289779663086
78 0 435516 78 0.03624391555786133
78 0 435594 78 0.036261558532714844
78 0 435672 78 0.03629326820373535
78 0 435750 78 0.036240577697753906
78 0 435828 78 0.036199331283569336
78 0 435906 78 0.036208152770996094
78 0 435984 78 0.0363621711730957
78 0 436062 78 0.03636336326599121
78 0 436140 78 0.03624272346496582
78 0 436218 78 0.03624391555786133
78 0 436296 78 0.036251068115234375
77 0 427594 77 0.036760568618774414
0 78 427594 2048 0.08316421508789062
0 78 429642 2048 0.08958101272583008
0 78 431690 2048 0.0948028564453125
0 78 433738 1809 0.09445428848266602
78 0 435625 78 0.03827023506164551
78 0 435703 78 0.03673863410949707
78 0 435781 78 0.03645443916320801
78 0 435859 78 0.03645658493041992
78 0 435937 78 0.03657197952270508
78 0 436015 78 0.03658437728881836
78 0 436093 78 0.03651261329650879
78 0 436171 78 0.03645610809326172
78 0 436249 78 0.03642582893371582
78 0 436327 78 0.03638029098510742
78 0 436405 78 0.036398887634277344
78 0 436483 78 0.03634238243103027
78 0 436561 78 0.03631138801574707
78 0 436639 78 0.03630423545837402
78 0 436717 78 0.03641843795776367
78 0 436795 78 0.036423683166503906
78 0 436873 78 0.03640437126159668
78 0 436951 78 0.03633761405944824
78 0 437029 78 0.036346435546875
77 0 431825 77 0.03681802749633789
77 0 431902 77 0.0368039608001709
77 0 431979 77 0.036803483963012695
77 0 432056 77 0.03676247596740723
77 0 432133 77 0.03676748275756836
77 0 432210 77 0.03682541847229004
77 0 432287 77 0.03681635856628418
77 0 432364 77 0.036824941635131836
77 0 432441 77 0.03679847717285156
77 0 432518 77 0.036876678466796875
76 0 425885 76 0.03693747520446777
0 77 425885 2048 0.08091592788696289
0 77 427933 2048 0.09019088745117188
0 78 429981 2048 0.09257364273071289
0 78 432029 2048 0.084136962890625
0 78 434077 1569 0.07951903343200684
78 0 435724 78 0.03793644905090332
78 0 435802 78 0.03730487823486328
78 0 435880 78 0.037186384201049805
78 0 435958 78 0.03708148002624512
78 0 436036 78 0.03704547882080078
78 0 436114 78 0.03715348243713379
78 0 436192 78 0.037171125411987305
78 0 436270 78 0.03711533546447754
78 0 436348 78 0.03694748878479004
78 0 436426 78 0.03687143325805664
78 0 436504 78 0.03698563575744629
78 0 436582 78 0.03703784942626953
78 0 436660 78 0.037024736404418945
78 0 436738 78 0.03690314292907715
78 0 436816 78 0.0369415283203125
78 0 436894 78 0.03697967529296875
78 0 436972 78 0.037014007568359375
78 0 437050 78 0.037052154541015625
78 0 437128 78 0.036928415298461914
78 0 437206 78 0.036958932876586914
78 0 437284 78 0.03704404830932617
78 0 437362 78 0.037070512771606445
78 0 437440 78 0.03702044486999512
78 0 437518 78 0.03695416450500488
78 0 437596 78 0.03698539733886719
78 0 437674 78 0.03707456588745117
78 0 437752 78 0.03714275360107422
78 0 437830 78 0.03709602355957031
78 0 437908 78 0.037021636962890625
78 0 437986 78 0.037001609802246094
78 0 438064 78 0.03710532188415527
78 0 438142 78 0.03711128234863281
78 0 438220 78 0.0371096134185791
78 0 438298 78 0.03703927993774414
78 0 438376 78 0.03703022003173828
78 0 438454 78 0.03712630271911621
78 0 438532 78 0.037155866622924805
78 0 438610 78 0.03708529472351074
78 0 438688 78 0.03704118728637695
78 0 438766 78 0.03705167770385742
78 0 438844 78 0.03724217414855957
78 0 438922 78 0.03716850280761719
78 0 439000 78 0.03712797164916992
78 0 439078 78 0.0370631217956543
78 0 439156 78 0.037075042724609375
78 0 439234 78 0.037184715270996094
78 0 439312 78 0.03721189498901367
78 0 439390 78 0.03710293769836426
78 0 439468 78 0.03714299201965332
78 0 439546 78 0.03713083267211914
78 0 439624 78 0.037216901779174805
78 0 439702 78 0.03721928596496582
78 0 439780 78 0.03714108467102051
78 0 439858 78 0.03712129592895508
78 0 439936 78 0.03712916374206543
78 0 440014 78 0.037201642990112305
78 0 440092 78 0.037293434143066406
78 0 440170 78 0.03717994689941406
78 0 440248 78 0.037169456481933594
78 0 440326 78 0.03719043731689453
78 0 440404 78 0.03725123405456543
78 0 440482 78 0.03729605674743652
78 0 440560 78 0.03717970848083496
78 0 440638 78 0.03716897964477539
78 0 440716 78 0.03727579116821289
78 0 440794 78 0.03728914260864258
78 0 440872 78 0.03732109069824219
78 0 440950 78 0.037203073501586914
78 0 441028 78 0.03720426559448242
77 0 432394 77 0.03710532188415527
0 78 432394 2048 0.0830082893371582
0 78 434442 2048 0.09233593940734863
0 78 436490 2048 0.09566068649291992
0 78 438538 776 0.05293703079223633
78 0 439392 78 0.038530588150024414
78 0 439470 78 0.037580013275146484
78 0 439548 78 0.03748464584350586
78 0 439626 78 0.037576913833618164
77 0 432273 77 0.037401437759399414
0 78 432273 2048 0.08177590370178223
0 78 434321 2048 0.09093570709228516
0 78 436369 2048 0.09592437744140625
0 78 438417 891 0.05470728874206543
78 0 439386 78 0.040097713470458984
78 0 439464 78 0.038089752197265625
78 0 439542 78 0.037532806396484375
78 0 439620 78 0.03752923011779785
78 0 439698 78 0.037507057189941406
78 0 439776 78 0.03756904602050781
78 0 439854 78 0.03754901885986328
78 0 439932 78 0.03759169578552246
77 0 432444 77 0.03676033020019531
0 78 432444 2048 0.08385300636291504
0 77 426473 2048 0.08990740776062012
0 75 417462 2048 0.09483456611633301
0 77 419510 2048 0.0835728645324707
0 78 421558 2048 0.0836796760559082
0 78 423606 2048 0.0865015983581543
0 78 425654 2048 0.09240484237670898
0 78 427702 2048 0.0975489616394043
0 79 429750 2048 0.0881645679473877
0 79 431798 2048 0.08962249755859375
0 79 433846 2048 0.09510993957519531
0 79 435894 2048 0.1004495620727539
0 80 437942 2048 0.08948445320129395
0 80 434181 2048 0.08600187301635742
0 80 436229 989 0.04969167709350586
80 0 437298 80 0.03782248497009277
80 0 437378 80 0.0369877815246582
79 0 432916 79 0.036925315856933594
0 80 432916 2048 0.08218765258789062
0 80 434964 2048 0.09070801734924316
0 80 437012 1423 0.07903528213500977
80 0 438515 80 0.03908944129943848
80 0 438595 80 0.036696434020996094
80 0 438675 80 0.03626275062561035
80 0 438755 80 0.036203622817993164
80 0 438835 80 0.03618001937866211
80 0 438915 80 0.03624677658081055
80 0 438995 80 0.036330461502075195
80 0 439075 80 0.03626728057861328
79 0 435843 79 0.0363926887512207
79 0 435922 79 0.03620004653930664
79 0 436001 79 0.03621220588684082
79 0 436080 79 0.03620290756225586
79 0 436159 79 0.03623199462890625
78 0 429071 78 0.0379488468170166
0 79 429071 2048 0.08217573165893555
0 79 431119 2048 0.10131382942199707
0 79 433167 2048 0.09483861923217773
0 80 435215 1579 0.07693052291870117
80 0 436874 80 0.038568735122680664
80 0 436954 80 0.03697705268859863
80 0 437034 80 0.03644585609436035
80 0 437114 80 0.03641200065612793
80 0 437194 80 0.03638434410095215
80 0 437274 80 0.036408424377441406
80 0 437354 80 0.03640937805175781
80 0 437434 80 0.03641247749328613
80 0 437514 80 0.03646445274353027
80 0 437594 80 0.03627634048461914
80 0 437674 80 0.03627371788024902
80 0 437754 80 0.03624463081359863
80 0 437834 80 0.03621196746826172
80 0 437914 80 0.036224365234375
79 0 430919 79 0.03788900375366211
0 80 430919 2048 0.08118414878845215
0 80 432967 2048 0.09042048454284668
0 80 435015 2048 0.09546971321105957
0 80 437063 927 0.05489206314086914
80 0 438070 80 0.03817415237426758
80 0 438150 80 0.0369105339050293
80 0 438230 80 0.036400556564331055
80 0 438310 80 0.036399126052856445
80 0 438390 80 0.03642439842224121
80 0 438470 80 0.03648257255554199
80 0 438550 80 0.03651905059814453
80 0 438630 80 0.036518096923828125
80 0 438710 80 0.03641653060913086
80 0 438790 80 0.03618359565734863
80 0 438870 80 0.03623390197753906
80 0 438950 80 0.036355018615722656
80 0 439030 80 0.03636956214904785
79 0 434363 79 0.0359499454498291
0 80 434363 2048 0.08272242546081543
0 80 436411 2048 0.09005236625671387
0 80 438459 757 0.048963069915771484
79 0 432788 79 0.0361180305480957
0 80 432788 2048 0.08142709732055664
0 80 434836 2048 0.09079647064208984
0 80 436884 2048 0.09592986106872559
0 80 438932 912 0.054451942443847656
80 0 439924 80 0.039331912994384766
80 0 440004 80 0.037322044372558594
80 0 440084 80 0.03669452667236328
80 0 440164 80 0.036710500717163086
80 0 440244 80 0.036710500717163086
80 0 440324 80 0.03669261932373047
80 0 440404 80 0.0367276668548584
80 0 440484 80 0.036751747131347656
80 0 440564 80 0.03668642044067383
80 0 440644 80 0.03649783134460449
80 0 440724 80 0.036508798599243164
80 0 440804 80 0.036600351333618164
80 0 440884 80 0.036618947982788086
80 0 440964 80 0.036581993103027344
79 0 433149 79 0.035947561264038086
0 80 433149 2048 0.08338046073913574
0 80 435197 2048 0.09079694747924805
0 79 427932 2048 0.0949711799621582
0 79 429980 2048 0.10146641731262207
0 80 432028 2048 0.08566617965698242
0 80 434076 2048 0.0903928279876709
0 80 436124 2048 0.09499287605285645
0 81 438172 1554 0.0751338005065918
81 0 439807 81 0.04041647911071777
81 0 439888 81 0.0393223762512207
81 0 439969 81 0.03878355026245117
81 0 440050 81 0.038881540298461914
81 0 440131 81 0.03882312774658203
81 0 440212 81 0.038832902908325195
81 0 440293 81 0.03883767127990723
81 0 440374 81 0.038835763931274414
80 0 436390 80 0.036299705505371094
0 81 436390 1936 0.0796823501586914
81 0 438407 81 0.04518914222717285
81 0 438488 81 0.043054819107055664
81 0 438569 81 0.04271054267883301
81 0 438650 81 0.04267168045043945
80 0 433870 80 0.03641653060913086
0 81 433870 2048 0.0810847282409668
0 80 430777 2048 0.09058594703674316
0 80 432825 2048 0.09547853469848633
0 81 434873 2048 0.08832359313964844
0 81 436921 1625 0.07933235168457031
81 0 438627 81 0.03999638557434082
80 0 432363 80 0.036223649978637695
0 81 432363 2048 0.08301591873168945
0 82 434411 2048 0.08464789390563965
0 82 436459 2048 0.08956766128540039
0 82 438507 403 0.03909921646118164
82 0 438992 82 0.04050636291503906
82 0 439074 82 0.04027199745178223
82 0 439156 82 0.04027986526489258
82 0 439238 82 0.04033684730529785
82 0 439320 82 0.04032182693481445
82 0 439402 82 0.040287017822265625
82 0 439484 82 0.04029273986816406
82 0 439566 82 0.04015088081359863
82 0 439648 82 0.04011058807373047
82 0 439730 82 0.040146827697753906
82 0 439812 82 0.04008841514587402
82 0 439894 82 0.04010128974914551
82 0 439976 82 0.04015302658081055
82 0 440058 82 0.040158748626708984
82 0 440140 82 0.04012012481689453
82 0 440222 82 0.040086984634399414
82 0 440304 82 0.04010367393493652
82 0 440386 82 0.04019331932067871
82 0 440468 82 0.04018521308898926
82 0 440550 82 0.04014110565185547
82 0 440632 82 0.04012894630432129
82 0 440714 82 0.04018449783325195
82 0 440796 82 0.04022526741027832
82 0 440878 82 0.04019927978515625
82 0 440960 82 0.04014110565185547
82 0 441042 82 0.040158987045288086
82 0 441124 82 0.040244102478027344
82 0 441206 82 0.04025912284851074
82 0 441288 82 0.04020333290100098
82 0 441370 82 0.04018425941467285
82 0 441452 82 0.0401761531829834
82 0 441534 82 0.04017519950866699
82 0 441616 82 0.040186166763305664
82 0 441698 82 0.04030418395996094
82 0 441780 82 0.04031515121459961
82 0 441862 82 0.04023241996765137
82 0 441944 82 0.04026937484741211
82 0 442026 82 0.04023909568786621
82 0 442108 82 0.040251731872558594
82 0 442190 82 0.04027605056762695
82 0 442272 82 0.04033994674682617
82 0 442354 82 0.04038524627685547
81 0 435410 81 0.03770804405212402
81 0 435491 81 0.03772854804992676
81 0 435572 81 0.037717342376708984
80 0 427088 80 0.035614013671875
0 81 427088 2048 0.08361387252807617
0 81 429136 2048 0.09074187278747559
0 81 431184 2048 0.09540414810180664
0 81 433232 2048 0.10071849822998047
0 81 435280 164 0.030508756637573242
81 0 435525 81 0.038655996322631836
81 0 435606 81 0.03815293312072754
81 0 435687 81 0.038121700286865234
81 0 435768 81 0.03814220428466797
81 0 435849 81 0.03817439079284668
81 0 435930 81 0.038181304931640625
81 0 436011 81 0.03817439079284668
81 0 436092 81 0.03805065155029297
81 0 436173 81 0.037970542907714844
81 0 436254 81 0.03796863555908203
81 0 436335 81 0.037981510162353516
81 0 436416 81 0.0379788875579834
81 0 436497 81 0.03793597221374512
81 0 436578 81 0.037946462631225586
81 0 436659 81 0.03799915313720703
81 0 436740 81 0.03797721862792969
81 0 436821 81 0.03797435760498047
81 0 436902 81 0.03791952133178711
81 0 436983 81 0.03796577453613281
81 0 437064 81 0.03804826736450195
81 0 437145 81 0.038019657135009766
81 0 437226 81 0.037982940673828125
81 0 437307 81 0.0379786491394043
81 0 437388 81 0.038008928298950195
81 0 437469 81 0.03805041313171387
81 0 437550 81 0.038027048110961914
81 0 437631 81 0.03799295425415039
81 0 437712 81 0.03801321983337402
81 0 437793 81 0.03806114196777344
80 0 432881 80 0.03792095184326172
0 81 432881 2048 0.08319330215454102
0 81 434929 1065 0.05679750442504883
81 0 436075 81 0.040964603424072266
81 0 436156 81 0.03971076011657715
81 0 436237 81 0.03958892822265625
81 0 436318 81 0.03957319259643555
81 0 436399 81 0.03951382637023926
81 0 436480 81 0.0394747257232666
81 0 436561 81 0.039498329162597656
81 0 436642 81 0.03959202766418457
81 0 436723 81 0.03946948051452637
81 0 436804 81 0.039398193359375
81 0 436885 81 0.0393679141998291
81 0 436966 81 0.03932690620422363
81 0 437047 81 0.03932666778564453
81 0 437128 81 0.03938126564025879
81 0 437209 81 0.039433956146240234
81 0 437290 81 0.03939485549926758
81 0 437371 81 0.039316415786743164
81 0 437452 81 0.03933572769165039
81 0 437533 81 0.03939700126647949
81 0 437614 81 0.03945493698120117
81 0 437695 81 0.03941988945007324
81 0 437776 81 0.03936648368835449
81 0 437857 81 0.03936958312988281
81 0 437938 81 0.03946805000305176
81 0 438019 81 0.03946208953857422
81 0 438100 81 0.039397478103637695
81 0 438181 81 0.0393674373626709
81 0 438262 81 0.039430856704711914
81 0 438343 81 0.039461612701416016
80 0 434362 80 0.037994384765625
0 81 434362 2048 0.083648681640625
0 82 436410 2048 0.08525371551513672
0 82 438458 1182 0.05814957618713379
82 0 439722 82 0.038992881774902344
82 0 439804 82 0.03776884078979492
82 0 439886 82 0.03770256042480469
82 0 439968 82 0.037702322006225586
82 0 440050 82 0.03775477409362793
82 0 440132 82 0.03774619102478027
82 0 440214 82 0.03765988349914551
82 0 440296 82 0.03765749931335449
82 0 440378 82 0.03757882118225098
82 0 440460 82 0.03756594657897949
82 0 440542 82 0.03757762908935547
82 0 440624 82 0.03750944137573242
82 0 440706 82 0.0375216007232666
82 0 440788 82 0.03754711151123047
82 0 440870 82 0.0375974178314209
82 0 440952 82 0.03765368461608887
82 0 441034 82 0.03753209114074707
82 0 441116 82 0.037537574768066406
82 0 441198 82 0.03760170936584473
82 0 441280 82 0.0376431941986084
82 0 441362 82 0.03763556480407715
82 0 441444 82 0.03757166862487793
82 0 441526 82 0.03756427764892578
81 0 432565 81 0.038782358169555664
0 83 432565 2048 0.08022499084472656
0 83 434613 2048 0.08556032180786133
0 83 436661 1630 0.08196353912353516
83 0 438374 83 0.04142189025878906
83 0 438457 83 0.03926706314086914
83 0 438540 83 0.03904891014099121
83 0 438623 83 0.0390164852142334
83 0 438706 83 0.03903794288635254
83 0 438789 83 0.03906536102294922
83 0 438872 83 0.03906607627868652
83 0 438955 83 0.03908038139343262
83 0 439038 83 0.03901076316833496
83 0 439121 83 0.03889012336730957
83 0 439204 83 0.0388340950012207
82 0 433625 82 0.03706622123718262
82 0 433707 82 0.03705167770385742
82 0 433789 82 0.03704071044921875
82 0 433871 82 0.03711390495300293
82 0 433953 82 0.03713369369506836
82 0 434035 82 0.03713393211364746
82 0 434117 82 0.03710746765136719
82 0 434199 82 0.03707742691040039
82 0 434281 82 0.03713870048522949
82 0 434363 82 0.037164926528930664
82 0 434445 82 0.03716897964477539
82 0 434527 82 0.037107229232788086
82 0 434609 82 0.037104129791259766
82 0 434691 82 0.03720521926879883
82 0 434773 82 0.03722119331359863
82 0 434855 82 0.03721475601196289
82 0 434937 82 0.037113189697265625
82 0 435019 82 0.03711104393005371
82 0 435101 82 0.03721737861633301
82 0 435183 82 0.03724074363708496
82 0 435265 82 0.037207603454589844
82 0 435347 82 0.037183523178100586
82 0 435429 82 0.03715324401855469
82 0 435511 82 0.03729557991027832
82 0 435593 82 0.03725910186767578
82 0 435675 82 0.03722810745239258
82 0 435757 82 0.037154436111450195
81 0 427651 81 0.03803706169128418
0 82 427651 2048 0.08093404769897461
0 82 429699 2048 0.08996725082397461
0 82 431747 2048 0.09516239166259766
0 82 433795 813 0.05276846885681152
82 0 434690 82 0.03954005241394043
82 0 434772 82 0.03851461410522461
82 0 434854 82 0.03789567947387695
82 0 434936 82 0.03791332244873047
82 0 435018 82 0.0379030704498291
82 0 435100 82 0.03792858123779297
82 0 435182 82 0.03796815872192383
82 0 435264 82 0.037954092025756836
82 0 435346 82 0.03791022300720215
82 0 435428 82 0.03765678405761719
82 0 435510 82 0.03764605522155762
82 0 435592 82 0.03782033920288086
82 0 435674 82 0.037876129150390625
82 0 435756 82 0.037793874740600586
82 0 435838 82 0.03771829605102539
82 0 435920 82 0.03773951530456543
82 0 436002 82 0.037839412689208984
82 0 436084 82 0.03786134719848633
82 0 436166 82 0.03776860237121582
82 0 436248 82 0.03776192665100098
82 0 436330 82 0.03780007362365723
82 0 436412 82 0.0378413200378418
82 0 436494 82 0.03787803649902344
82 0 436576 82 0.0377962589263916
82 0 436658 82 0.037761688232421875
82 0 436740 82 0.03781294822692871
82 0 436822 82 0.03788137435913086
82 0 436904 82 0.037905216217041016
82 0 436986 82 0.037789106369018555
82 0 437068 82 0.037798166275024414
82 0 437150 82 0.03784537315368652
82 0 437232 82 0.03791642189025879
82 0 437314 82 0.037923336029052734
82 0 437396 82 0.0378110408782959
82 0 437478 82 0.03780221939086914
82 0 437560 82 0.037896156311035156
82 0 437642 82 0.037947654724121094
82 0 437724 82 0.03793692588806152
81 0 432080 81 0.0378422737121582
0 82 432080 2048 0.08410120010375977
0 82 434128 2048 0.08991289138793945
0 82 436176 2048 0.09801268577575684
0 82 438224 559 0.0436398983001709
82 0 438865 82 0.03879833221435547
82 0 438947 82 0.03818178176879883
82 0 439029 82 0.03812098503112793
82 0 439111 82 0.038147687911987305
82 0 439193 82 0.03813886642456055
82 0 439275 82 0.03827190399169922
82 0 439357 82 0.038219451904296875
82 0 439439 82 0.03813910484313965
81 0 432307 81 0.037793874740600586
0 82 432307 2048 0.08172440528869629
0 83 434355 2048 0.09014892578125
0 83 436403 2048 0.08544397354125977
0 83 438451 1215 0.058886051177978516
83 0 439749 83 0.03923654556274414
83 0 439832 83 0.03821301460266113
83 0 439915 83 0.038083553314208984
83 0 439998 83 0.03805732727050781
83 0 440081 83 0.038028717041015625
83 0 440164 83 0.03803205490112305
83 0 440247 83 0.0380401611328125
83 0 440330 83 0.0380856990814209
82 0 433792 82 0.03918814659118652
82 0 433874 82 0.03917551040649414
82 0 433956 82 0.03919076919555664
82 0 434038 82 0.03916478157043457
82 0 434120 82 0.03913235664367676
82 0 434202 82 0.039140939712524414
82 0 434284 82 0.039202213287353516
82 0 434366 82 0.03921914100646973
82 0 434448 82 0.03914475440979004
82 0 434530 82 0.03913569450378418
82 0 434612 82 0.03914523124694824
82 0 434694 82 0.039216041564941406
82 0 434776 82 0.0392301082611084
82 0 434858 82 0.0391690731048584
82 0 434940 82 0.03911328315734863
82 0 435022 82 0.03920292854309082
82 0 435104 82 0.039272308349609375
82 0 435186 82 0.03923296928405762
82 0 435268 82 0.03915262222290039
82 0 435350 82 0.03918647766113281
82 0 435432 82 0.03925943374633789
82 0 435514 82 0.03926539421081543
82 0 435596 82 0.039252519607543945
81 0 426843 81 0.037181854248046875
0 82 426843 2048 0.08406543731689453
0 82 428891 2048 0.09056782722473145
0 83 430939 2048 0.08982729911804199
0 83 432987 797 0.04836583137512207
83 0 433867 83 0.0377652645111084
83 0 433950 83 0.037483930587768555
83 0 434033 83 0.03751945495605469
83 0 434116 83 0.037488698959350586
83 0 434199 83 0.03748917579650879
83 0 434282 83 0.037415266036987305
83 0 434365 83 0.037425994873046875
83 0 434448 83 0.03738856315612793
83 0 434531 83 0.037353515625
83 0 434614 83 0.03732013702392578
83 0 434697 83 0.03725552558898926
83 0 434780 83 0.037268877029418945
83 0 434863 83 0.03730463981628418
83 0 434946 83 0.03734731674194336
83 0 435029 83 0.037317752838134766
83 0 435112 83 0.037270545959472656
83 0 435195 83 0.03727316856384277
83 0 435278 83 0.03732895851135254
83 0 435361 83 0.03734469413757324
83 0 435444 83 0.03733968734741211
83 0 435527 83 0.03731060028076172
83 0 435610 83 0.03728961944580078
83 0 435693 83 0.03735780715942383
83 0 435776 83 0.037384033203125
83 0 435859 83 0.03734898567199707
83 0 435942 83 0.03734230995178223
83 0 436025 83 0.037378787994384766
83 0 436108 83 0.03739619255065918
83 0 436191 83 0.03739809989929199
83 0 436274 83 0.03736996650695801
83 0 436357 83 0.0373377799987793
83 0 436440 83 0.0373532772064209
83 0 436523 83 0.03741884231567383
83 0 436606 83 0.0374453067779541
83 0 436689 83 0.037526607513427734
83 0 436772 83 0.037436485290527344
83 0 436855 83 0.037381649017333984
83 0 436938 83 0.03745555877685547
83 0 437021 83 0.037464141845703125
83 0 437104 83 0.03740692138671875
82 0 431721 82 0.03818821907043457
82 0 431803 82 0.038248538970947266
82 0 431885 82 0.038275718688964844
82 0 431967 82 0.03828883171081543
82 0 432049 82 0.03822588920593262
82 0 432131 82 0.03822159767150879
82 0 432213 82 0.03825831413269043
82 0 432295 82 0.038288116455078125
82 0 432377 82 0.03828930854797363
82 0 432459 82 0.0382542610168457
82 0 432541 82 0.0382685661315918
82 0 432623 82 0.038305044174194336
82 0 432705 82 0.038323163986206055
82 0 432787 82 0.03831148147583008
82 0 432869 82 0.03827691078186035
82 0 432951 82 0.038295745849609375
82 0 433033 82 0.03836417198181152
82 0 433115 82 0.03839921951293945
82 0 433197 82 0.03834056854248047
82 0 433279 82 0.03830528259277344
82 0 433361 82 0.038331031799316406
82 0 433443 82 0.03837013244628906
82 0 433525 82 0.03840303421020508
82 0 433607 82 0.03833127021789551
82 0 433689 82 0.038335323333740234
82 0 433771 82 0.03834795951843262
82 0 433853 82 0.03834056854248047
82 0 433935 82 0.03837990760803223
82 0 434017 82 0.03840827941894531
82 0 434099 82 0.038434743881225586
82 0 434181 82 0.038369178771972656
82 0 434263 82 0.038382768630981445
82 0 434345 82 0.0383608341217041
82 0 434427 82 0.03839755058288574
82 0 434509 82 0.03843951225280762
82 0 434591 82 0.03845977783203125
82 0 434673 82 0.03848886489868164
82 0 434755 82 0.038408756256103516
82 0 434837 82 0.03843498229980469
82 0 434919 82 0.03847026824951172
82 0 435001 82 0.038491249084472656
82 0 435083 82 0.038504838943481445
82 0 435165 82 0.038428544998168945
82 0 435247 82 0.03842639923095703
82 0 435329 82 0.03850436210632324
82 0 435411 82 0.03849005699157715
82 0 435493 82 0.03843998908996582
82 0 435575 82 0.03843522071838379
81 0 427895 81 0.03952980041503906
0 82 427895 2048 0.08155441284179688
0 82 429943 2048 0.08954524993896484
0 82 431991 2048 0.09573960304260254
0 82 434039 2048 0.10129785537719727
0 83 436087 2048 0.08483600616455078
0 84 438135 2048 0.08516097068786621
0 84 433051 2048 0.08493876457214355
0 84 435099 2048 0.08896470069885254
0 84 437147 285 0.03382730484008789
84 0 437516 84 0.03977394104003906
84 0 437600 84 0.0394136905670166
84 0 437684 84 0.039292097091674805
84 0 437768 84 0.039292097091674805
84 0 437852 84 0.039298295974731445
84 0 437936 84 0.03930854797363281
84 0 438020 84 0.03938007354736328
84 0 438104 84 0.039372920989990234
84 0 438188 84 0.03920412063598633
84 0 438272 84 0.03922748565673828
84 0 438356 84 0.039270877838134766
84 0 438440 84 0.03922247886657715
84 0 438524 84 0.039260149002075195
84 0 438608 84 0.03924059867858887
84 0 438692 84 0.03916478157043457
84 0 438776 84 0.03913283348083496
84 0 438860 84 0.03925514221191406
84 0 438944 84 0.03928494453430176
83 0 432351 83 0.03887581825256348
0 84 432351 2048 0.08290290832519531
0 84 434399 2048 0.08948493003845215
0 84 433816 2048 0.0879514217376709
0 84 435864 2048 0.08751225471496582
0 84 437912 2048 0.09420967102050781
0 84 439960 455 0.04017448425292969
84 0 440499 84 0.039873600006103516
84 0 440583 84 0.03939247131347656
84 0 440667 84 0.0392909049987793
84 0 440751 84 0.039282798767089844
84 0 440835 84 0.039304256439208984
84 0 440919 84 0.03931760787963867
84 0 441003 84 0.03935527801513672
84 0 441087 84 0.03928828239440918
84 0 441171 84 0.03918910026550293
84 0 441255 84 0.03921771049499512
84 0 441339 84 0.03917121887207031
83 0 435122 83 0.040355682373046875
0 84 435122 2048 0.0837717056274414
0 84 437170 2048 0.09253859519958496
0 84 431968 2048 0.09051132202148438
0 84 434016 2048 0.08642864227294922
0 84 436064 1241 0.05988001823425293
84 0 437389 84 0.03854990005493164
83 0 434890 83 0.03761029243469238
83 0 434973 83 0.03753399848937988
83 0 435056 83 0.037468910217285156
83 0 435139 83 0.03745293617248535
83 0 435222 83 0.03727412223815918
83 0 435305 83 0.0373079776763916
83 0 435388 83 0.03741049766540527
83 0 435471 83 0.03740739822387695
83 0 435554 83 0.03727388381958008
83 0 435637 83 0.0372922420501709
83 0 435720 83 0.03731989860534668
83 0 435803 83 0.037285804748535156
83 0 435886 83 0.03724217414855957
83 0 435969 83 0.037239789962768555
83 0 436052 83 0.03732466697692871
83 0 436135 83 0.037328243255615234
83 0 436218 83 0.03728294372558594
83 0 436301 83 0.0372614860534668
83 0 436384 83 0.03723573684692383
83 0 436467 83 0.037377357482910156
83 0 436550 83 0.03729248046875
83 0 436633 83 0.03724503517150879
83 0 436716 83 0.03725385665893555
83 0 436799 83 0.03730344772338867
83 0 436882 83 0.0373990535736084
83 0 436965 83 0.03731226921081543
82 0 430909 82 0.03483438491821289
0 83 430909 2048 0.08360481262207031
0 83 432957 963 0.05108475685119629
83 0 434003 83 0.03603649139404297
83 0 434086 83 0.03517937660217285
83 0 434169 83 0.034929513931274414
83 0 434252 83 0.03501486778259277
83 0 434335 83 0.03497958183288574
83 0 434418 83 0.03501129150390625
83 0 434501 83 0.03497433662414551
83 0 434584 83 0.035068511962890625
83 0 434667 83 0.0349726676940918
83 0 434750 83 0.034842729568481445
83 0 434833 83 0.03481650352478027
83 0 434916 83 0.034886837005615234
83 0 434999 83 0.034886837005615234
83 0 435082 83 0.03493213653564453
83 0 435165 83 0.034838199615478516
83 0 435248 83 0.03487086296081543
83 0 435331 83 0.034911394119262695
83 0 435414 83 0.03493237495422363
83 0 435497 83 0.03494572639465332
83 0 435580 83 0.03488731384277344
83 0 435663 83 0.0348658561706543
83 0 435746 83 0.03488898277282715
83 0 435829 83 0.03495144844055176
83 0 435912 83 0.03493976593017578
83 0 435995 83 0.03488612174987793
83 0 436078 83 0.03490638732910156
83 0 436161 83 0.03492450714111328
83 0 436244 83 0.03498077392578125
83 0 436327 83 0.035073280334472656
83 0 436410 83 0.03493618965148926
83 0 436493 83 0.0349273681640625
83 0 436576 83 0.03502845764160156
83 0 436659 83 0.03499197959899902
83 0 436742 83 0.03499126434326172
83 0 436825 83 0.03500175476074219
83 0 436908 83 0.03502821922302246
82 0 428386 82 0.03730368614196777
0 83 428386 2048 0.08158302307128906
0 83 430434 2048 0.09135627746582031
0 83 432482 2048 0.09529376029968262
0 84 434530 2048 0.0918130874633789
0 84 436578 2048 0.08712887763977051
0 84 438626 824 0.0506138801574707
84 0 439534 84 0.036170244216918945
84 0 439618 84 0.03537607192993164
84 0 439702 84 0.03523612022399902
84 0 439786 84 0.03524041175842285
84 0 439870 84 0.03523111343383789
84 0 439954 84 0.035247087478637695
84 0 440038 84 0.03526163101196289
84 0 440122 84 0.03543400764465332
83 0 435642 83 0.03855562210083008
83 0 435725 83 0.03830862045288086
83 0 435808 83 0.03821563720703125
83 0 435891 83 0.0382390022277832
83 0 435974 83 0.03824019432067871
83 0 436057 83 0.03822922706604004
83 0 436140 83 0.03830409049987793
83 0 436223 83 0.03831958770751953
83 0 436306 83 0.038300514221191406
83 0 436389 83 0.03823256492614746
83 0 436472 83 0.03825950622558594
83 0 436555 83 0.03834724426269531
83 0 436638 83 0.03831815719604492
83 0 436721 83 0.03832292556762695
83 0 436804 83 0.038272857666015625
83 0 436887 83 0.038309574127197266
83 0 436970 83 0.03835415840148926
83 0 437053 83 0.038365840911865234
83 0 437136 83 0.038318634033203125
81 0 425901 81 0.03723931312561035
0 81 416490 2047 0.08224773406982422
0 81 418537 2048 0.09079837799072266
0 81 420585 2048 0.09606289863586426
0 81 422633 2048 0.10100626945495605
0 82 424681 2048 0.0846562385559082
0 82 426729 2048 0.09019851684570312
0 83 428777 2048 0.08833169937133789
0 83 430825 2048 0.08775520324707031
0 83 432873 423 0.03992033004760742
83 0 433379 83 0.03792428970336914
83 0 433462 83 0.037522077560424805
83 0 433545 83 0.0375370979309082
83 0 433628 83 0.037551164627075195
83 0 433711 83 0.037575721740722656
83 0 433794 83 0.037489891052246094
83 0 433877 83 0.03749799728393555
83 0 433960 83 0.03754997253417969
83 0 434043 83 0.03740096092224121
83 0 434126 83 0.03739309310913086
83 0 434209 83 0.037326812744140625
83 0 434292 83 0.03733181953430176
83 0 434375 83 0.03740644454956055
83 0 434458 83 0.03743410110473633
83 0 434541 83 0.037423133850097656
83 0 434624 83 0.037355661392211914
83 0 434707 83 0.037364959716796875
83 0 434790 83 0.037448883056640625
83 0 434873 83 0.03743171691894531
83 0 434956 83 0.03741049766540527
83 0 435039 83 0.03741192817687988
83 0 435122 83 0.03740859031677246
83 0 435205 83 0.037485599517822266
83 0 435288 83 0.03746914863586426
83 0 435371 83 0.03746318817138672
83 0 435454 83 0.0373988151550293
83 0 435537 83 0.037427663803100586
83 0 435620 83 0.03748798370361328
82 0 426605 82 0.037738800048828125
0 83 426605 2048 0.0812985897064209
0 83 428653 2048 0.0897982120513916
0 83 430701 2048 0.09513497352600098
0 84 432749 2048 0.08936381340026855
0 84 434797 2048 0.08733534812927246
0 84 436845 2048 0.0958108901977539
0 84 438893 2048 0.09837102890014648
0 84 440941 363 0.03963351249694824
84 0 441388 84 0.04120039939880371
84 0 441472 84 0.0407865047454834
84 0 441556 84 0.04072880744934082
82 0 429450 82 0.0403742790222168
0 83 429450 2048 0.08402252197265625
0 83 431498 2048 0.09033370018005371
0 83 433546 1927 0.0932626724243164
83 0 435556 83 0.04204201698303223
83 0 435639 83 0.04082489013671875
83 0 435722 83 0.0404512882232666
83 0 435805 83 0.040497541427612305
83 0 435888 83 0.04049086570739746
83 0 435971 83 0.040489912033081055
83 0 436054 83 0.04047584533691406
83 0 436137 83 0.04047107696533203
83 0 436220 83 0.04041743278503418
83 0 436303 83 0.040266990661621094
83 0 436386 83 0.04026603698730469
83 0 436469 83 0.04025626182556152
82 0 433618 82 0.03657197952270508
0 83 433618 2048 0.08362674713134766
0 83 435666 2048 0.0909726619720459
0 83 437714 2048 0.09647226333618164
0 83 439762 205 0.032222747802734375
83 0 440050 83 0.03717923164367676
83 0 440133 83 0.03682279586791992
83 0 440216 83 0.03677868843078613
83 0 440299 83 0.0367732048034668
83 0 440382 83 0.03676414489746094
83 0 440465 83 0.036767005920410156
83 0 440548 83 0.03677773475646973
83 0 440631 83 0.036786556243896484
83 0 440714 83 0.036649465560913086
83 0 440797 83 0.03662419319152832
83 0 440880 83 0.03656625747680664
83 0 440963 83 0.03660464286804199
83 0 441046 83 0.036649465560913086
83 0 441129 83 0.03666806221008301
83 0 441212 83 0.03661203384399414
83 0 441295 83 0.03661012649536133
83 0 441378 83 0.036598920822143555
83 0 441461 83 0.03665971755981445
83 0 441544 83 0.03667044639587402
83 0 441627 83 0.036628007888793945
83 0 441710 83 0.03661608695983887
83 0 441793 83 0.03661704063415527
83 0 441876 83 0.0366671085357666
82 0 433007 82 0.03808736801147461
0 83 433007 2048 0.08432865142822266
0 83 430246 2048 0.08603644371032715
0 84 432294 2048 0.08418393135070801
0 84 434342 2048 0.08682441711425781
0 84 436390 988 0.05306291580200195
84 0 437462 84 0.04089832305908203
84 0 437546 84 0.03900265693664551
84 0 437630 84 0.03845858573913574
83 0 435612 83 0.03825688362121582
0 84 435612 2048 0.08462381362915039
0 84 437660 976 0.05241799354553223
84 0 438720 84 0.04021477699279785
84 0 438804 84 0.03861212730407715
84 0 438888 84 0.03831768035888672
84 0 438972 84 0.03830575942993164
84 0 439056 84 0.0383145809173584
84 0 439140 84 0.03833317756652832
84 0 439224 84 0.038274526596069336
84 0 439308 84 0.038299560546875
84 0 439392 84 0.03823971748352051
84 0 439476 84 0.0381777286529541
84 0 439560 84 0.038138389587402344
84 0 439644 84 0.03811502456665039
84 0 439728 84 0.03811073303222656
84 0 439812 84 0.03814244270324707
84 0 439896 84 0.038159847259521484
84 0 439980 84 0.03817105293273926
84 0 440064 84 0.03813457489013672
84 0 440148 84 0.03814244270324707
84 0 440232 84 0.03818249702453613
84 0 440316 84 0.03818941116333008
84 0 440400 84 0.03812980651855469
84 0 440484 84 0.038137197494506836
84 0 440568 84 0.038167476654052734
84 0 440652 84 0.03821420669555664
84 0 440736 84 0.038234710693359375
84 0 440820 84 0.03817915916442871
84 0 440904 84 0.03817558288574219
84 0 440988 84 0.03818869590759277
84 0 441072 84 0.038217782974243164
84 0 441156 84 0.03819775581359863
84 0 441240 84 0.038155555725097656
84 0 441324 84 0.038223981857299805
84 0 441408 84 0.03824496269226074
83 0 438598 83 0.03791379928588867
0 83 434002 2047 0.08447623252868652
0 83 436049 2048 0.09027671813964844
0 83 438097 1847 0.09077310562133789
83 0 440027 83 0.038336992263793945
83 0 440110 83 0.03669619560241699
83 0 440193 83 0.03638315200805664
83 0 440276 83 0.03645825386047363
83 0 440359 83 0.03647756576538086
83 0 440442 83 0.03654217720031738
83 0 440525 83 0.036562442779541016
83 0 440608 83 0.03658151626586914
83 0 440691 83 0.03639483451843262
83 0 440774 83 0.036188364028930664
82 0 433320 82 0.03768491744995117
82 0 433402 82 0.0377349853515625
82 0 433484 82 0.037734031677246094
82 0 433566 82 0.03766274452209473
82 0 433648 82 0.03767275810241699
82 0 433730 82 0.037721872329711914
82 0 433812 82 0.0377504825592041
82 0 433894 82 0.03774094581604004
82 0 433976 82 0.03768301010131836
82 0 434058 82 0.03769683837890625
82 0 434140 82 0.03775453567504883
82 0 434222 82 0.03775644302368164
82 0 434304 82 0.03773188591003418
82 0 434386 82 0.03768587112426758
82 0 434468 82 0.03772759437561035
82 0 434550 82 0.037798404693603516
82 0 434632 82 0.037819862365722656
82 0 434714 82 0.03774213790893555
82 0 434796 82 0.03772425651550293
82 0 434878 82 0.037760257720947266
82 0 434960 82 0.03783583641052246
82 0 435042 82 0.03782343864440918
82 0 435124 82 0.037740468978881836
82 0 435206 82 0.03774857521057129
81 0 430591 81 0.03781390190124512
0 82 430591 2048 0.08351731300354004
0 82 432639 2048 0.09079408645629883
0 82 434687 1973 0.09494686126708984
82 0 436742 82 0.03952622413635254
82 0 436824 82 0.038248538970947266
82 0 436906 82 0.037979841232299805
82 0 436988 82 0.037988901138305664
82 0 437070 82 0.03798174858093262
82 0 437152 82 0.03795957565307617
82 0 437234 82 0.0379948616027832
82 0 437316 82 0.0380551815032959
82 0 437398 82 0.03801608085632324
82 0 437480 82 0.03786516189575195
82 0 437562 82 0.03790998458862305
82 0 437644 82 0.037919044494628906
82 0 437726 82 0.03781723976135254
82 0 437808 82 0.03783750534057617
82 0 437890 82 0.037924766540527344
82 0 437972 82 0.037952423095703125
82 0 438054 82 0.037900686264038086
82 0 438136 82 0.03784942626953125
82 0 438218 82 0.037874460220336914
82 0 438300 82 0.03796887397766113
81 0 428761 81 0.03761434555053711
0 82 428761 2048 0.08473587036132812
0 81 426313 2048 0.09065699577331543
0 82 428361 2048 0.08872437477111816
0 83 430409 2048 0.0870819091796875
0 83 432457 2048 0.08482861518859863
0 83 434505 2048 0.09179139137268066
0 83 436553 654 0.048274993896484375
83 0 437290 83 0.0384519100189209
83 0 437373 83 0.03801727294921875
83 0 437456 83 0.03796887397766113
83 0 437539 83 0.03794980049133301
83 0 437622 83 0.03799009323120117
83 0 437705 83 0.03805804252624512
83 0 437788 83 0.038048505783081055
83 0 437871 83 0.03797721862792969
83 0 437954 83 0.03781294822692871
83 0 438037 83 0.03783464431762695
83 0 438120 83 0.03794288635253906
83 0 438203 83 0.03791189193725586
83 0 438286 83 0.03793978691101074
83 0 438369 83 0.03792715072631836
83 0 438452 83 0.037863731384277344
83 0 438535 83 0.037818193435668945
83 0 438618 83 0.03786039352416992
83 0 438701 83 0.037918806076049805
82 0 430212 82 0.037772178649902344
82 0 430294 82 0.03775167465209961
82 0 430376 82 0.0377049446105957
82 0 430458 82 0.03772759437561035
82 0 430540 82 0.037812232971191406
82 0 430622 82 0.037845611572265625
82 0 430704 82 0.037734031677246094
82 0 430786 82 0.03773808479309082
82 0 430868 82 0.03776907920837402
82 0 430950 82 0.03787088394165039
82 0 431032 82 0.03785228729248047
82 0 431114 82 0.03772401809692383
82 0 431196 82 0.03774595260620117
82 0 431278 82 0.037802934646606445
82 0 431360 82 0.03786921501159668
82 0 431442 82 0.03789234161376953
82 0 431524 82 0.03776979446411133
82 0 431606 82 0.037757158279418945
82 0 431688 82 0.03786277770996094
82 0 431770 82 0.037878990173339844
82 0 431852 82 0.03787088394165039
82 0 431934 82 0.03778362274169922
82 0 432016 82 0.03779029846191406
82 0 432098 82 0.03787946701049805
82 0 432180 82 0.0379328727722168
82 0 432262 82 0.03792738914489746
82 0 432344 82 0.03781533241271973
82 0 432426 82 0.03781533241271973
82 0 432508 82 0.037941694259643555
82 0 432590 82 0.03794741630554199
82 0 432672 82 0.03789091110229492
82 0 432754 82 0.03784990310668945
82 0 432836 82 0.03786659240722656
81 0 427134 81 0.037958621978759766
0 82 427134 2048 0.08194422721862793
0 82 429182 2048 0.09066224098205566
0 82 431230 2048 0.09562945365905762
0 82 433278 1868 0.0954287052154541
82 0 435228 82 0.03905129432678223
82 0 435310 82 0.03779196739196777
82 0 435392 82 0.03759431838989258
82 0 435474 82 0.037592411041259766
82 0 435556 82 0.03748035430908203
82 0 435638 82 0.03748011589050293
82 0 435720 82 0.037528038024902344
82 0 435802 82 0.03756093978881836
82 0 435884 82 0.0375981330871582
82 0 435966 82 0.037309885025024414
82 0 436048 82 0.0373077392578125
82 0 436130 82 0.03739333152770996
82 0 436212 82 0.037490129470825195
82 0 436294 82 0.03745532035827637
82 0 436376 82 0.03738141059875488
82 0 436458 82 0.03740286827087402
82 0 436540 82 0.03748774528503418
82 0 436622 82 0.03752303123474121
82 0 436704 82 0.03747892379760742
82 0 436786 82 0.03740954399108887
82 0 436868 82 0.037395477294921875
82 0 436950 82 0.0375065803527832
82 0 437032 82 0.037500858306884766
81 0 430273 81 0.03789472579956055
0 82 430273 2048 0.08369827270507812
0 82 432321 2048 0.09053230285644531
0 82 434369 1591 0.08385419845581055
82 0 436042 82 0.03922724723815918
82 0 436124 82 0.03855609893798828
82 0 436206 82 0.03812432289123535
82 0 436288 82 0.03814578056335449
82 0 436370 82 0.03812360763549805
82 0 436452 82 0.03819108009338379
82 0 436534 82 0.03818154335021973
82 0 436616 82 0.03812217712402344
82 0 436698 82 0.037984371185302734
82 0 436780 82 0.03794550895690918
82 0 436862 82 0.03796720504760742
82 0 436944 82 0.037941694259643555
82 0 437026 82 0.03794527053833008
82 0 437108 82 0.03796982765197754
82 0 437190 82 0.03804492950439453
82 0 437272 82 0.03803110122680664
82 0 437354 82 0.038045644760131836
82 0 437436 82 0.03801369667053223
82 0 437518 82 0.037995338439941406
82 0 437600 82 0.038028717041015625
82 0 437682 82 0.038086891174316406
82 0 437764 82 0.038060903549194336
82 0 437846 82 0.03800225257873535
82 0 437928 82 0.0380253791809082
82 0 438010 82 0.03809499740600586
82 0 438092 82 0.038135528564453125
82 0 438174 82 0.03807711601257324
82 0 438256 82 0.03801918029785156
81 0 433742 81 0.03782391548156738
81 0 433823 81 0.037906646728515625
81 0 433904 81 0.03792119026184082
81 0 433985 81 0.03789472579956055
81 0 434066 81 0.03787541389465332
81 0 434147 81 0.03788161277770996
81 0 434228 81 0.037941694259643555
81 0 434309 81 0.03793835639953613
81 0 434390 81 0.03789162635803223
81 0 434471 81 0.03787684440612793
81 0 434552 81 0.03795647621154785
81 0 434633 81 0.03798031806945801
80 0 430377 80 0.03569483757019043
0 81 430377 2048 0.08259844779968262
0 81 432425 2048 0.09074687957763672
0 81 434473 2048 0.09617161750793457
0 81 436521 2048 0.1018524169921875
0 81 438569 208 0.03253984451293945
80 0 434081 80 0.03655362129211426
0 81 434081 2048 0.08203673362731934
0 81 436129 2048 0.09110522270202637
0 80 435062 739 0.048868417739868164
80 0 435881 80 0.03708481788635254
80 0 435961 80 0.03621935844421387
80 0 436041 80 0.03608083724975586
80 0 436121 80 0.03614234924316406
80 0 436201 80 0.03610849380493164
80 0 436281 80 0.03613924980163574
80 0 436361 80 0.036141157150268555
79 0 429683 79 0.0377349853515625
0 80 429683 2048 0.08086895942687988
0 80 431731 2048 0.09002423286437988
0 80 433779 2048 0.09652829170227051
0 81 435827 2048 0.0954744815826416
0 82 437875 2048 0.08296036720275879
0 82 439923 984 0.05087089538574219
82 0 440989 82 0.03851962089538574
82 0 441071 82 0.03758430480957031
82 0 441153 82 0.0375521183013916
82 0 441235 82 0.0375666618347168
82 0 441317 82 0.03758096694946289
82 0 441399 82 0.037575721740722656
82 0 441481 82 0.03755760192871094
82 0 441563 82 0.03756833076477051
82 0 441645 82 0.03737306594848633
82 0 441727 82 0.03736281394958496
81 0 436329 81 0.03737902641296387
0 82 436329 2048 0.08526229858398438
0 82 438377 325 0.03466653823852539
82 0 438784 82 0.037856101989746094
82 0 438866 82 0.037634849548339844
82 0 438948 82 0.03763008117675781
82 0 439030 82 0.037644147872924805
81 0 434381 81 0.03808450698852539
0 82 434381 2048 0.08342766761779785
0 81 430146 2048 0.09017276763916016
0 81 432194 1730 0.08740735054016113
81 0 434005 81 0.03746747970581055
81 0 434086 81 0.03658580780029297
81 0 434167 81 0.036003828048706055
81 0 434248 81 0.0360112190246582
81 0 434329 81 0.03595542907714844
81 0 434410 81 0.03600764274597168
81 0 434491 81 0.03599691390991211
81 0 434572 81 0.03610420227050781
81 0 434653 81 0.036051273345947266
81 0 434734 81 0.03597617149353027
80 0 428951 80 0.03737926483154297
0 81 428951 2048 0.08285760879516602
0 81 430999 2048 0.09082436561584473
0 81 433047 2048 0.09597444534301758
0 81 435095 988 0.05605602264404297
81 0 436164 81 0.041573286056518555
81 0 436245 81 0.04019665718078613
81 0 436326 81 0.03966188430786133
81 0 436407 81 0.03963351249694824
81 0 436488 81 0.03957819938659668
81 0 436569 81 0.03963446617126465
81 0 436650 81 0.03968071937561035
81 0 436731 81 0.03970456123352051
81 0 436812 81 0.039580345153808594
81 0 436893 81 0.03939938545227051
81 0 436974 81 0.03941941261291504
81 0 437055 81 0.03944826126098633
81 0 437136 81 0.03940701484680176
81 0 437217 81 0.03948354721069336
81 0 437298 81 0.039568185806274414
81 0 437379 81 0.03955698013305664
81 0 437460 81 0.039496660232543945
81 0 437541 81 0.03947901725769043
81 0 437622 81 0.039546966552734375
81 0 437703 81 0.03957319259643555
81 0 437784 81 0.03954339027404785
81 0 437865 81 0.03951120376586914
81 0 437946 81 0.03947639465332031
81 0 438027 81 0.039598941802978516
81 0 438108 81 0.03965115547180176
81 0 438189 81 0.039571285247802734
81 0 438270 81 0.03960227966308594
81 0 438351 81 0.039585113525390625
81 0 438432 81 0.03957796096801758
81 0 438513 81 0.039571285247802734
81 0 438594 81 0.03968477249145508
81 0 438675 81 0.03972458839416504
81 0 438756 81 0.039617300033569336
81 0 438837 81 0.03960561752319336
81 0 438918 81 0.039652347564697266
80 0 430518 80 0.0369265079498291
0 81 430518 2048 0.08462023735046387
0 81 432566 2048 0.0906679630279541
0 81 434614 2048 0.09624981880187988
0 81 433214 2048 0.09029078483581543
0 81 435262 2048 0.08786678314208984
0 81 437310 2048 0.09378290176391602
0 81 439358 2027 0.0982818603515625
81 0 441466 81 0.040441274642944336
81 0 441547 81 0.03870344161987305
81 0 441628 81 0.03823590278625488
81 0 441709 81 0.03822135925292969
81 0 441790 81 0.038221120834350586
81 0 441871 81 0.03818941116333008
81 0 441952 81 0.03836226463317871
81 0 442033 81 0.038347721099853516
81 0 442114 81 0.03842735290527344
81 0 442195 81 0.03819680213928223
81 0 442276 81 0.038146018981933594
81 0 442357 81 0.03818631172180176
80 0 435141 80 0.037320852279663086
0 81 435141 2048 0.08068966865539551
0 81 437189 2048 0.0906686782836914
0 81 439237 105 0.029734134674072266
80 0 432906 80 0.03669142723083496
80 0 432986 80 0.03640270233154297
80 0 433066 80 0.0362703800201416
80 0 433146 80 0.03627276420593262
80 0 433226 80 0.03626728057861328
80 0 433306 80 0.03628659248352051
80 0 433386 80 0.03626823425292969
80 0 433466 80 0.036252498626708984
80 0 433546 80 0.03621816635131836
80 0 433626 80 0.03609752655029297
80 0 433706 80 0.03608250617980957
80 0 433786 80 0.036093711853027344
80 0 433866 80 0.03608393669128418
80 0 433946 80 0.03608345985412598
80 0 434026 80 0.036096811294555664
80 0 434106 80 0.03614068031311035
80 0 434186 80 0.03615307807922363
80 0 434266 80 0.03613734245300293
80 0 434346 80 0.03609943389892578
80 0 434426 80 0.03612518310546875
80 0 434506 80 0.036150217056274414
80 0 434586 80 0.036153316497802734
80 0 434666 80 0.036147356033325195
79 0 426761 79 0.035628557205200195
0 80 426761 2048 0.0833127498626709
0 80 428809 2048 0.09019875526428223
0 80 430857 2048 0.09571719169616699
0 80 432905 1798 0.09413814544677734
80 0 434783 80 0.03840303421020508
80 0 434863 80 0.03750944137573242
80 0 434943 80 0.0373845100402832
80 0 435023 80 0.03744220733642578
80 0 435103 80 0.03745555877685547
79 0 426279 79 0.03518414497375488
0 80 426279 2048 0.08322954177856445
0 80 428327 2048 0.09052157402038574
0 80 430375 2048 0.09625673294067383
0 81 432423 2048 0.09741735458374023
0 81 434471 1835 0.08151412010192871
81 0 436387 81 0.039252281188964844
81 0 436468 81 0.038012027740478516
81 0 436549 81 0.03704357147216797
81 0 436630 81 0.03696703910827637
81 0 436711 81 0.03704333305358887
81 0 436792 81 0.03703641891479492
81 0 436873 81 0.03705644607543945
80 0 432003 80 0.03745126724243164
0 81 432003 2048 0.08388090133666992
0 81 434051 2048 0.09170937538146973
0 81 436099 2048 0.0964057445526123
0 81 438147 985 0.05671834945678711
80 0 433401 80 0.03704404830932617
0 81 433401 2048 0.08313846588134766
0 81 435449 2048 0.09052920341491699
0 82 437497 2048 0.08659768104553223
0 82 429776 2048 0.08735132217407227
0 82 431824 2048 0.0841221809387207
0 82 433872 2048 0.09109258651733398
0 82 435920 2048 0.09649991989135742
0 83 437968 1852 0.08288431167602539
83 0 439903 83 0.04079866409301758
83 0 439986 83 0.038701772689819336
83 0 440069 83 0.03818488121032715
83 0 440152 83 0.03823661804199219
83 0 440235 83 0.03821301460266113
83 0 440318 83 0.038194894790649414
83 0 440401 83 0.0381770133972168
83 0 440484 83 0.038132429122924805
83 0 440567 83 0.03809618949890137
83 0 440650 83 0.03799748420715332
82 0 435683 82 0.03798222541809082
82 0 435765 82 0.037930965423583984
82 0 435847 82 0.03802490234375
82 0 435929 82 0.03797721862792969
81 0 433151 81 0.03800082206726074
0 82 433151 2048 0.08249139785766602
0 82 435199 2048 0.09066176414489746
0 82 437247 2048 0.09568405151367188
0 82 439295 1273 0.06576037406921387
82 0 440650 82 0.040993690490722656
82 0 440732 82 0.04030203819274902
82 0 440814 82 0.040101051330566406
82 0 440896 82 0.04010319709777832
82 0 440978 82 0.040071725845336914
82 0 441060 82 0.04006075859069824
82 0 441142 82 0.040056467056274414
82 0 441224 82 0.04007458686828613
82 0 441306 82 0.039901018142700195
82 0 441388 82 0.039873600006103516
82 0 441470 82 0.03988194465637207
82 0 441552 82 0.03983044624328613
82 0 441634 82 0.039823055267333984
82 0 441716 82 0.03987765312194824
82 0 441798 82 0.03986001014709473
82 0 441880 82 0.03986525535583496
82 0 441962 82 0.039832115173339844
82 0 442044 82 0.039852142333984375
82 0 442126 82 0.03985142707824707
82 0 442208 82 0.03984713554382324
82 0 442290 82 0.03991270065307617
82 0 442372 82 0.03990459442138672
82 0 442454 82 0.03984999656677246
81 0 438400 81 0.03877401351928711
0 81 432293 2047 0.08158659934997559
0 82 434340 2048 0.0851597785949707
0 83 436388 2048 0.08391237258911133
0 83 432432 2048 0.0869441032409668
0 83 434480 2048 0.08683156967163086
0 83 436528 2048 0.09215688705444336
0 83 438576 2006 0.09667730331420898
83 0 440665 83 0.03936266899108887
83 0 440748 83 0.03790855407714844
83 0 440831 83 0.03777956962585449
83 0 440914 83 0.03774237632751465
83 0 440997 83 0.03771376609802246
83 0 441080 83 0.03770256042480469
83 0 441163 83 0.0377347469329834
83 0 441246 83 0.03769874572753906
83 0 441329 83 0.037584543228149414
83 0 441412 83 0.037544965744018555
83 0 441495 83 0.037523746490478516
83 0 441578 83 0.03760242462158203
83 0 441661 83 0.037590980529785156
82 0 434334 82 0.037297725677490234
0 82 431037 2047 0.0853567123413086
0 83 433084 2048 0.08433771133422852
0 83 435132 2048 0.0890343189239502
0 83 437180 590 0.04471778869628906
82 0 432462 82 0.03859591484069824
0 83 432462 2048 0.08227229118347168
0 83 434510 2048 0.09132027626037598
0 83 436558 2048 0.09645390510559082
0 83 438606 1105 0.06264281272888184
83 0 439794 83 0.041832685470581055
83 0 439877 83 0.04066205024719238
83 0 439960 83 0.04048657417297363
83 0 440043 83 0.04033517837524414
82 0 436453 82 0.038585662841796875
82 0 436535 82 0.038648366928100586
82 0 436617 82 0.03869938850402832
82 0 436699 82 0.03871607780456543
82 0 436781 82 0.038570404052734375
82 0 436863 82 0.0385439395904541
82 0 436945 82 0.038475990295410156
82 0 437027 82 0.038516998291015625
82 0 437109 82 0.03855466842651367
81 0 431115 81 0.03859400749206543
0 82 431115 2048 0.08352041244506836
0 82 433163 2048 0.09087991714477539
0 83 435211 2048 0.09493589401245117
0 83 437259 2048 0.08628082275390625
0 83 439307 1726 0.08378195762634277
83 0 441116 83 0.04017782211303711
83 0 441199 83 0.039000749588012695
83 0 441282 83 0.03880596160888672
82 0 433414 82 0.03909635543823242
0 83 433414 2048 0.08353924751281738
0 83 435462 2048 0.09045124053955078
0 82 430895 2048 0.09601807594299316
0 82 423514 2048 0.08479547500610352
0 82 425562 2048 0.0895395278930664
0 82 427610 2048 0.09558892250061035
0 83 429658 2048 0.08559203147888184
0 83 431706 2048 0.08988738059997559
0 83 433754 2048 0.09541463851928711
0 84 435802 2048 0.09921598434448242
0 84 437850 2048 0.08569192886352539
0 84 439898 1084 0.0580446720123291
84 0 441066 84 0.0401611328125
84 0 441150 84 0.03908848762512207
84 0 441234 84 0.039037466049194336
84 0 441318 84 0.03896594047546387
84 0 441402 84 0.03890705108642578
84 0 441486 84 0.038909912109375
84 0 441570 84 0.039018869400024414
84 0 441654 84 0.039057016372680664
84 0 441738 84 0.03885006904602051
83 0 436939 83 0.03969144821166992
83 0 437022 83 0.03965115547180176
82 0 431851 82 0.03948569297790527
0 83 431851 2048 0.08263444900512695
0 83 433899 2048 0.09303760528564453
0 83 435947 1176 0.060955047607421875
83 0 437206 83 0.03996920585632324
83 0 437289 83 0.03872513771057129
83 0 437372 83 0.038324832916259766
83 0 437455 83 0.03830265998840332
83 0 437538 83 0.03853106498718262
83 0 437621 83 0.03845500946044922
83 0 437704 83 0.038355350494384766
83 0 437787 83 0.038312435150146484
83 0 437870 83 0.03823137283325195
83 0 437953 83 0.03818106651306152
83 0 438036 83 0.038179636001586914
83 0 438119 83 0.038282155990600586
83 0 438202 83 0.03828144073486328
83 0 438285 83 0.03825688362121582
83 0 438368 83 0.03818964958190918
83 0 438451 83 0.038244009017944336
83 0 438534 83 0.03830242156982422
83 0 438617 83 0.03832221031188965
83 0 438700 83 0.03826427459716797
83 0 438783 83 0.038265228271484375
83 0 438866 83 0.03821420669555664
83 0 438949 83 0.03832411766052246
83 0 439032 83 0.03832674026489258
83 0 439115 83 0.038221120834350586
83 0 439198 83 0.03823041915893555
83 0 439281 83 0.0383610725402832
83 0 439364 83 0.038374900817871094
83 0 439447 83 0.03838515281677246
83 0 439530 83 0.03822445869445801
83 0 439613 83 0.03823590278625488
83 0 439696 83 0.038272857666015625
83 0 439779 83 0.038375139236450195
83 0 439862 83 0.03835344314575195
83 0 439945 83 0.03826165199279785
83 0 440028 83 0.03825640678405762
83 0 440111 83 0.03839468955993652
83 0 440194 83 0.03836703300476074
83 0 440277 83 0.038329124450683594
83 0 440360 83 0.03826427459716797
83 0 440443 83 0.03826713562011719
83 0 440526 83 0.0384211540222168
83 0 440609 83 0.0384221076965332
83 0 440692 83 0.03833150863647461
83 0 440775 83 0.03829503059387207
83 0 440858 83 0.03840994834899902
83 0 440941 83 0.038398027420043945
83 0 441024 83 0.038408756256103516
83 0 441107 83 0.03834033012390137
83 0 441190 83 0.03830218315124512
83 0 441273 83 0.038439273834228516
83 0 441356 83 0.03844022750854492
83 0 441439 83 0.03841137886047363
83 0 441522 83 0.0384061336517334
83 0 441605 83 0.03829050064086914
83 0 441688 83 0.03845834732055664
83 0 441771 83 0.038458824157714844
83 0 441854 83 0.03848457336425781
83 0 441937 83 0.03834724426269531
83 0 442020 83 0.03836488723754883
83 0 442103 83 0.0385134220123291
83 0 442186 83 0.03852272033691406
82 0 433150 82 0.038559675216674805
0 83 433150 2048 0.08328819274902344
0 82 431381 2048 0.0893089771270752
0 82 433429 2048 0.09526705741882324
0 83 435477 2048 0.08752155303955078
0 83 437525 2048 0.08870601654052734
0 83 439573 1154 0.06001782417297363
82 0 432800 82 0.0423886775970459
0 83 432800 2048 0.08369040489196777
0 82 431456 2048 0.09057927131652832
0 82 431060 2048 0.08671855926513672
0 82 433108 2048 0.0883476734161377
0 82 435156 2048 0.0946202278137207
0 82 437204 1766 0.09106230735778809
82 0 439052 82 0.04009699821472168
81 0 431755 81 0.03809547424316406
0 82 431755 2048 0.0843968391418457
0 82 433803 2048 0.0919027328491211
0 82 435851 623 0.04534339904785156
82 0 436556 82 0.03837847709655762
82 0 436638 82 0.03804278373718262
82 0 436720 82 0.03799605369567871
82 0 436802 82 0.03798627853393555
81 0 428304 81 0.03968930244445801
0 82 428304 2048 0.08330345153808594
0 82 430352 2048 0.09113216400146484
0 82 432400 2048 0.09552741050720215
0 82 434448 455 0.04048752784729004
82 0 434985 82 0.04087042808532715
82 0 435067 82 0.03970456123352051
82 0 435149 82 0.03963661193847656
82 0 435231 82 0.0396268367767334
82 0 435313 82 0.03964114189147949
82 0 435395 82 0.03961992263793945
82 0 435477 82 0.03962445259094238
82 0 435559 82 0.039675235748291016
82 0 435641 82 0.03946566581726074
82 0 435723 82 0.03948712348937988
82 0 435805 82 0.03945159912109375
82 0 435887 82 0.03942680358886719
82 0 435969 82 0.03955340385437012
82 0 436051 82 0.03956913948059082
82 0 436133 82 0.039420127868652344
82 0 436215 82 0.0393984317779541
82 0 436297 82 0.039447784423828125
82 0 436379 82 0.03950905799865723
82 0 436461 82 0.039534568786621094
82 0 436543 82 0.039415836334228516
82 0 436625 82 0.039458274841308594
82 0 436707 82 0.03950023651123047
82 0 436789 82 0.03957247734069824
82 0 436871 82 0.0395510196685791
82 0 436953 82 0.03947615623474121
81 0 432628 81 0.037117719650268555
0 82 432628 2048 0.08255791664123535
0 82 434676 2048 0.09027671813964844
0 82 436724 2048 0.09587478637695312
0 82 438772 1788 0.09350061416625977
82 0 440642 82 0.03803896903991699
82 0 440724 82 0.03696441650390625
82 0 440806 82 0.03668355941772461
82 0 440888 82 0.03673267364501953
82 0 440970 82 0.03672146797180176
82 0 441052 82 0.03670954704284668
82 0 441134 82 0.03672289848327637
82 0 441216 82 0.0367131233215332
82 0 441298 82 0.0366816520690918
82 0 441380 82 0.0365748405456543
82 0 441462 82 0.036580562591552734
82 0 441544 82 0.03661346435546875
82 0 441626 82 0.03652310371398926
82 0 441708 82 0.0364987850189209
82 0 441790 82 0.0365145206451416
82 0 441872 82 0.03660011291503906
82 0 441954 82 0.03658866882324219
81 0 438377 81 0.03845477104187012
0 82 438377 2048 0.08184981346130371
0 81 437621 1017 0.056183576583862305
81 0 438719 81 0.04013705253601074
81 0 438800 81 0.038567543029785156
81 0 438881 81 0.038248538970947266
81 0 438962 81 0.038271188735961914
80 0 428918 80 0.039022207260131836
0 81 428918 2048 0.08178400993347168
0 81 430966 2048 0.08916687965393066
0 81 428724 2048 0.09305596351623535
0 81 430772 2048 0.08457541465759277
0 81 432820 2048 0.09053778648376465
0 81 434868 1704 0.08623456954956055
81 0 436653 81 0.04092979431152344
81 0 436734 81 0.03992009162902832
81 0 436815 81 0.03973698616027832
81 0 436896 81 0.039602041244506836
81 0 436977 81 0.03960680961608887
81 0 437058 81 0.03961992263793945
81 0 437139 81 0.03959178924560547
81 0 437220 81 0.039608001708984375
81 0 437301 81 0.03948402404785156
81 0 437382 81 0.0393831729888916
81 0 437463 81 0.039430856704711914
81 0 437544 81 0.039417266845703125
81 0 437625 81 0.03938937187194824
81 0 437706 81 0.03941202163696289
81 0 437787 81 0.039417266845703125
81 0 437868 81 0.039443254470825195
79 0 421940 79 0.03630781173706055
0 80 421940 2048 0.08240199089050293
0 80 423988 2048 0.08962678909301758
0 79 422640 2048 0.09502100944519043
0 79 424688 2048 0.09987711906433105
0 80 426736 2048 0.08370518684387207
0 80 428784 2048 0.0896005630493164
0 80 430832 2048 0.0952463150024414
0 80 432880 2048 0.10053682327270508
0 81 434928 2048 0.08288860321044922
0 81 436976 1795 0.08546948432922363
80 0 430086 80 0.0392460823059082
0 81 430086 2048 0.08274626731872559
0 81 432134 2048 0.08966279029846191
0 82 434182 2048 0.0940694808959961
0 82 436230 1183 0.05505967140197754
82 0 437495 82 0.04040193557739258
82 0 437577 82 0.03987693786621094
82 0 437659 82 0.0398869514465332
82 0 437741 82 0.03997039794921875
82 0 437823 82 0.04003286361694336
82 0 437905 82 0.03989458084106445
82 0 437987 82 0.039911746978759766
82 0 438069 82 0.0399022102355957
82 0 438151 82 0.03970170021057129
82 0 438233 82 0.03967761993408203
81 0 430925 81 0.040802717208862305
0 82 430925 2048 0.08103656768798828
0 81 427745 2048 0.0901026725769043
0 82 429793 2048 0.08542180061340332
0 82 431841 2048 0.08809041976928711
0 82 433889 2048 0.09396028518676758
0 82 430252 2048 0.09592986106872559
0 82 432300 2048 0.08516120910644531
0 82 434348 2048 0.09074044227600098
0 82 436396 548 0.04315948486328125
82 0 437026 82 0.03930163383483887
82 0 437108 82 0.03904461860656738
81 0 430128 81 0.03949284553527832
0 82 430128 2048 0.08018231391906738
0 82 432176 2048 0.09070730209350586
0 83 434224 2048 0.09357190132141113
0 82 433554 2048 0.08383679389953613
0 82 435602 1857 0.08630156517028809
82 0 437541 82 0.04167032241821289
82 0 437623 82 0.04018855094909668
82 0 437705 82 0.03984403610229492
82 0 437787 82 0.039886474609375
82 0 437869 82 0.03990340232849121
82 0 437951 82 0.03995037078857422
82 0 438033 82 0.03992271423339844
82 0 438115 82 0.03996849060058594
82 0 438197 82 0.03980135917663574
82 0 438279 82 0.039803266525268555
82 0 438361 82 0.03988313674926758
82 0 438443 82 0.03988909721374512
82 0 438525 82 0.03985738754272461
82 0 438607 82 0.039902687072753906
82 0 438689 82 0.03975844383239746
82 0 438771 82 0.03978896141052246
81 0 434179 81 0.03734779357910156
81 0 434260 81 0.0373539924621582
81 0 434341 81 0.03736519813537598
81 0 434422 81 0.03737449645996094
81 0 434503 81 0.03737688064575195
81 0 434584 81 0.03744816780090332
81 0 434665 81 0.03746747970581055
81 0 434746 81 0.037444353103637695
81 0 434827 81 0.03740096092224121
81 0 434908 81 0.03740549087524414
81 0 434989 81 0.03746318817138672
81 0 435070 81 0.03740811347961426
81 0 435151 81 0.03734230995178223
81 0 435232 81 0.037303924560546875
80 0 429105 80 0.03608083724975586
0 81 429105 2048 0.08228588104248047
0 81 431153 2048 0.08958864212036133
0 81 433201 2048 0.09519529342651367
0 81 435249 2048 0.10091733932495117
0 81 437297 343 0.03697800636291504
81 0 437721 81 0.04057192802429199
81 0 437802 81 0.04030299186706543
81 0 437883 81 0.0402071475982666
81 0 437964 81 0.040203094482421875
81 0 438045 81 0.04022526741027832
81 0 438126 81 0.040162086486816406
81 0 438207 81 0.040076255798339844
81 0 438288 81 0.040029048919677734
81 0 438369 81 0.039945125579833984
81 0 438450 81 0.039917945861816406
81 0 438531 81 0.039989471435546875
81 0 438612 81 0.040015459060668945
81 0 438693 81 0.040004730224609375
81 0 438774 81 0.03992724418640137
81 0 438855 81 0.03991961479187012
81 0 438936 81 0.04004621505737305
81 0 439017 81 0.04005885124206543
81 0 439098 81 0.03995990753173828
81 0 439179 81 0.03997659683227539
81 0 439260 81 0.03995227813720703
81 0 439341 81 0.03997087478637695
81 0 439422 81 0.039966583251953125
81 0 439503 81 0.0400850772857666
81 0 439584 81 0.04009270668029785
81 0 439665 81 0.04000735282897949
81 0 439746 81 0.03998756408691406
81 0 439827 81 0.03998684883117676
81 0 439908 81 0.04000711441040039
81 0 439989 81 0.04001212120056152
81 0 440070 81 0.040129661560058594
80 0 432449 80 0.03631138801574707
0 81 432449 1867 0.07786417007446289
81 0 434397 81 0.039035797119140625
81 0 434478 81 0.03751420974731445
81 0 434559 81 0.03725171089172363
81 0 434640 81 0.037223100662231445
81 0 434721 81 0.037232160568237305
81 0 434802 81 0.03723430633544922
81 0 434883 81 0.0372929573059082
81 0 434964 81 0.037267446517944336
81 0 435045 81 0.03721976280212402
81 0 435126 81 0.03710460662841797
81 0 435207 81 0.03709578514099121
81 0 435288 81 0.0370938777923584
81 0 435369 81 0.0371096134185791
81 0 435450 81 0.03705906867980957
81 0 435531 81 0.03708648681640625
81 0 435612 81 0.037100791931152344
81 0 435693 81 0.03712105751037598
81 0 435774 81 0.037101030349731445
81 0 435855 81 0.03703474998474121
81 0 435936 81 0.03710341453552246
81 0 436017 81 0.037163496017456055
81 0 436098 81 0.037146806716918945
81 0 436179 81 0.03713536262512207
81 0 436260 81 0.03708815574645996
81 0 436341 81 0.03707385063171387
80 0 432579 80 0.036409616470336914
0 81 432579 2048 0.08148026466369629
0 81 434627 2048 0.09064555168151855
0 81 436675 2048 0.09606504440307617
0 81 432594 2048 0.09026169776916504
0 80 427393 2048 0.08659029006958008
0 80 429441 2048 0.09315156936645508
0 80 431489 2048 0.09831809997558594
0 81 433537 2048 0.0855250358581543
0 82 435585 2048 0.08479928970336914
0 82 437633 2048 0.08969283103942871
0 82 439681 1092 0.05894613265991211
82 0 440855 82 0.04234886169433594
82 0 440937 82 0.04012870788574219
82 0 441019 82 0.03973507881164551
81 0 431476 81 0.03631401062011719
0 82 431476 1255 0.06535029411315918
82 0 432813 82 0.03677654266357422
82 0 432895 82 0.03674483299255371
82 0 432977 82 0.03674626350402832
82 0 433059 82 0.036730289459228516
82 0 433141 82 0.03671741485595703
82 0 433223 82 0.03678464889526367
82 0 433305 82 0.036774396896362305
82 0 433387 82 0.03661966323852539
82 0 433469 82 0.03663277626037598
82 0 433551 82 0.03666400909423828
82 0 433633 82 0.03654623031616211
82 0 433715 82 0.03654789924621582
82 0 433797 82 0.036597490310668945
82 0 433879 82 0.03667187690734863
82 0 433961 82 0.03666043281555176
82 0 434043 82 0.03661155700683594
82 0 434125 82 0.0366053581237793
82 0 434207 82 0.036637067794799805
81 0 426351 81 0.03661346435546875
0 82 426351 2048 0.07999396324157715
0 82 428399 2048 0.0886690616607666
0 82 430447 2048 0.09518575668334961
0 83 432495 2048 0.09772491455078125
0 83 434543 2048 0.08341336250305176
0 83 436591 1357 0.07409214973449707
83 0 438031 83 0.037821054458618164
83 0 438114 83 0.0367586612701416
83 0 438197 83 0.036257028579711914
83 0 438280 83 0.036298513412475586
83 0 438363 83 0.03626108169555664
83 0 438446 83 0.03626084327697754
83 0 438529 83 0.03628134727478027
83 0 438612 83 0.03633904457092285
83 0 438695 83 0.03639483451843262
83 0 438778 83 0.03628087043762207
83 0 438861 83 0.03603243827819824
83 0 438944 83 0.03602123260498047
83 0 439027 83 0.036101341247558594
83 0 439110 83 0.03601670265197754
83 0 439193 83 0.03604412078857422
83 0 439276 83 0.036124229431152344
83 0 439359 83 0.036147117614746094
83 0 439442 83 0.03610038757324219
83 0 439525 83 0.03605294227600098
83 0 439608 83 0.03604841232299805
82 0 436771 82 0.036123037338256836
82 0 436853 82 0.03613924980163574
82 0 436935 82 0.036142826080322266
82 0 437017 82 0.03608989715576172
82 0 437099 82 0.03607821464538574
81 0 430624 81 0.035935401916503906
0 82 430624 2048 0.08266425132751465
0 82 432672 2048 0.08965635299682617
0 82 434720 1791 0.0873866081237793
82 0 436593 82 0.039049625396728516
82 0 436675 82 0.03812384605407715
82 0 436757 82 0.037682533264160156
82 0 436839 82 0.03769278526306152
82 0 436921 82 0.037665367126464844
82 0 437003 82 0.03768014907836914
82 0 437085 82 0.03771090507507324
82 0 437167 82 0.03768110275268555
82 0 437249 82 0.03767728805541992
82 0 437331 82 0.03745222091674805
82 0 437413 82 0.03749346733093262
82 0 437495 82 0.03752613067626953
82 0 437577 82 0.03746795654296875
82 0 437659 82 0.03746843338012695
82 0 437741 82 0.03747987747192383
82 0 437823 82 0.03743743896484375
82 0 437905 82 0.03746819496154785
82 0 437987 82 0.037505149841308594
82 0 438069 82 0.037522315979003906
82 0 438151 82 0.03750109672546387
82 0 438233 82 0.03749656677246094
81 0 433665 81 0.039563655853271484
0 82 433665 2048 0.0795145034790039
0 82 435713 2048 0.09016847610473633
0 82 437761 1643 0.08458304405212402
82 0 439486 82 0.04108858108520508
82 0 439568 82 0.040325164794921875
82 0 439650 82 0.039861440658569336
81 0 431272 81 0.0381321907043457
0 82 431272 2048 0.07987141609191895
0 82 433320 1134 0.05603146553039551
82 0 434536 82 0.039183616638183594
82 0 434618 82 0.03831744194030762
82 0 434700 82 0.038251399993896484
82 0 434782 82 0.038166046142578125
82 0 434864 82 0.0381777286529541
81 0 429509 81 0.03950834274291992
0 82 429509 2048 0.0809183120727539
0 82 431557 2048 0.0902252197265625
0 81 430706 2048 0.09500479698181152
0 81 432754 2048 0.0996851921081543
0 81 434802 205 0.031931400299072266
81 0 435088 81 0.03932070732116699
81 0 435169 81 0.03878641128540039
81 0 435250 81 0.03875327110290527
81 0 435331 81 0.038659095764160156
81 0 435412 81 0.03863978385925293
81 0 435493 81 0.03867840766906738
81 0 435574 81 0.03863883018493652
81 0 435655 81 0.03869009017944336
81 0 435736 81 0.03852224349975586
81 0 435817 81 0.03851795196533203
81 0 435898 81 0.0385129451751709
81 0 435979 81 0.03849077224731445
81 0 436060 81 0.03860044479370117
81 0 436141 81 0.038588523864746094
81 0 436222 81 0.03854966163635254
81 0 436303 81 0.0384974479675293
81 0 436384 81 0.03849983215332031
81 0 436465 81 0.03852367401123047
81 0 436546 81 0.038492441177368164
81 0 436627 81 0.03859138488769531
81 0 436708 81 0.03859066963195801
81 0 436789 81 0.038576602935791016
81 0 436870 81 0.038567304611206055
81 0 436951 81 0.03853893280029297
81 0 437032 81 0.038648128509521484
81 0 437113 81 0.03861522674560547
81 0 437194 81 0.038568973541259766
81 0 437275 81 0.03856039047241211
81 0 437356 81 0.03859663009643555
80 0 429070 80 0.03796529769897461
0 81 429070 2048 0.0817108154296875
0 81 431118 2048 0.08922052383422852
0 82 433166 2048 0.09374022483825684
0 83 435214 2048 0.08121466636657715
0 83 437262 1158 0.055733442306518555
83 0 438503 83 0.04028749465942383
83 0 438586 83 0.03916668891906738
83 0 438669 83 0.039122581481933594
83 0 438752 83 0.03909945487976074
83 0 438835 83 0.03909945487976074
83 0 438918 83 0.039114952087402344
83 0 439001 83 0.039112091064453125
83 0 439084 83 0.03911590576171875
83 0 439167 83 0.03894996643066406
83 0 439250 83 0.038919925689697266
83 0 439333 83 0.038896799087524414
83 0 439416 83 0.03889751434326172
83 0 439499 83 0.03895974159240723
82 0 436833 82 0.03898763656616211
0 83 436833 2048 0.08387947082519531
0 83 438881 2048 0.09200263023376465
0 83 440929 289 0.034110307693481445
83 0 441301 83 0.03970956802368164
83 0 441384 83 0.03941607475280762
83 0 441467 83 0.0391850471496582
83 0 441550 83 0.039168596267700195
83 0 441633 83 0.03917431831359863
83 0 441716 83 0.03917551040649414
82 0 437773 82 0.03917241096496582
82 0 437855 82 0.03916740417480469
82 0 437937 82 0.0390315055847168
82 0 438019 82 0.039011478424072266
82 0 438101 82 0.038982391357421875
82 0 438183 82 0.039002180099487305
82 0 438265 82 0.03907012939453125
82 0 438347 82 0.03904867172241211
81 0 434560 81 0.04062628746032715
81 0 434641 81 0.0406346321105957
81 0 434722 81 0.04070115089416504
81 0 434803 81 0.04073357582092285
81 0 434884 81 0.04073309898376465
81 0 434965 81 0.04069781303405762
81 0 435046 81 0.04067826271057129
81 0 435127 81 0.040776968002319336
81 0 435208 81 0.04076123237609863
81 0 435289 81 0.04070162773132324
81 0 435370 81 0.04068422317504883
81 0 435451 81 0.040695905685424805
81 0 435532 81 0.04073810577392578
81 0 435613 81 0.04074263572692871
81 0 435694 81 0.040790557861328125
81 0 435775 81 0.0408170223236084
81 0 435856 81 0.040715694427490234
81 0 435937 81 0.040723562240600586
81 0 436018 81 0.04071664810180664
81 0 436099 81 0.040766000747680664
81 0 436180 81 0.04079437255859375
81 0 436261 81 0.04085040092468262
81 0 436342 81 0.04083824157714844
81 0 436423 81 0.04075741767883301
81 0 436504 81 0.04076123237609863
81 0 436585 81 0.040756940841674805
81 0 436666 81 0.04079174995422363
81 0 436747 81 0.040805816650390625
80 0 429960 80 0.03552722930908203
0 81 429960 2048 0.08002591133117676
0 81 432008 2048 0.08860921859741211
0 81 434056 2048 0.09551644325256348
0 81 436104 780 0.05332183837890625
81 0 436965 81 0.040116071701049805
81 0 437046 81 0.03748369216918945
81 0 437127 81 0.036924123764038086
81 0 437208 81 0.036904096603393555
81 0 437289 81 0.036928653717041016
81 0 437370 81 0.03693866729736328
81 0 437451 81 0.03695964813232422
81 0 437532 81 0.03702259063720703
81 0 437613 81 0.037036895751953125
81 0 437694 81 0.03687858581542969
81 0 437775 81 0.03667640686035156
81 0 437856 81 0.03673720359802246
81 0 437937 81 0.036768436431884766
81 0 438018 81 0.03670358657836914
81 0 438099 81 0.036767005920410156
81 0 438180 81 0.036766767501831055
81 0 438261 81 0.03683972358703613
81 0 438342 81 0.036730289459228516
81 0 438423 81 0.03675580024719238
81 0 438504 81 0.03671693801879883
81 0 438585 81 0.03688549995422363
81 0 438666 81 0.03681516647338867
81 0 438747 81 0.03677010536193848
81 0 438828 81 0.03673887252807617
81 0 438909 81 0.03679370880126953
81 0 438990 81 0.03684663772583008
81 0 439071 81 0.0368647575378418
81 0 439152 81 0.03679180145263672
81 0 439233 81 0.03677821159362793
81 0 439314 81 0.03682589530944824
81 0 439395 81 0.036901235580444336
81 0 439476 81 0.0368502140045166
81 0 439557 81 0.036815643310546875
81 0 439638 81 0.03680920600891113
80 0 435481 80 0.03931069374084473
80 0 435561 80 0.03941059112548828
80 0 435641 80 0.0393979549407959
80 0 435721 80 0.039322614669799805
80 0 435801 80 0.03931474685668945
80 0 435881 80 0.03937196731567383
80 0 435961 80 0.03937816619873047
80 0 436041 80 0.03938555717468262
79 0 429970 79 0.03605794906616211
0 80 429970 2048 0.08003449440002441
0 80 432018 2048 0.09001755714416504
0 80 434066 2048 0.09534931182861328
0 81 436114 2004 0.08293008804321289
81 0 438199 81 0.03979301452636719
81 0 438280 81 0.038536787033081055
81 0 438361 81 0.03819894790649414
81 0 438442 81 0.038172006607055664
81 0 438523 81 0.038240909576416016
81 0 438604 81 0.03820514678955078
81 0 438685 81 0.038207292556762695
81 0 438766 81 0.03823995590209961
81 0 438847 81 0.03822159767150879
81 0 438928 81 0.038101911544799805
81 0 439009 81 0.038084983825683594
81 0 439090 81 0.038038015365600586
81 0 439171 81 0.038082122802734375
81 0 439252 81 0.03804898262023926
81 0 439333 81 0.03809952735900879
80 0 432363 80 0.037569522857666016
0 81 432363 2048 0.08195233345031738
0 82 434411 2048 0.08463931083679199
0 82 436459 435 0.03902411460876465
81 0 428672 81 0.037175655364990234
0 82 428672 2048 0.08328890800476074
0 82 430720 2048 0.08972597122192383
0 83 432768 2048 0.08452820777893066
0 83 434816 391 0.03793001174926758
83 0 435290 83 0.03703880310058594
83 0 435373 83 0.036345720291137695
83 0 435456 83 0.03633451461791992
83 0 435539 83 0.03636336326599121
83 0 435622 83 0.03641963005065918
83 0 435705 83 0.036405324935913086
83 0 435788 83 0.036424875259399414
83 0 435871 83 0.03638935089111328
83 0 435954 83 0.03621983528137207
83 0 436037 83 0.036302804946899414
83 0 436120 83 0.03625893592834473
83 0 436203 83 0.03623199462890625
83 0 436286 83 0.036249399185180664
83 0 436369 83 0.036221981048583984
83 0 436452 83 0.03615880012512207
83 0 436535 83 0.036228179931640625
83 0 436618 83 0.036237478256225586
83 0 436701 83 0.03622293472290039
83 0 436784 83 0.036275625228881836
83 0 436867 83 0.03624129295349121
83 0 436950 83 0.03620505332946777
83 0 437033 83 0.03628206253051758
83 0 437116 83 0.03629922866821289
83 0 437199 83 0.03632926940917969
83 0 437282 83 0.03629589080810547
83 0 437365 83 0.0362696647644043
83 0 437448 83 0.0363161563873291
83 0 437531 83 0.03632831573486328
83 0 437614 83 0.03633737564086914
83 0 437697 83 0.03625130653381348
83 0 437780 83 0.036293983459472656
83 0 437863 83 0.036310672760009766
83 0 437946 83 0.03638505935668945
83 0 438029 83 0.03634238243103027
83 0 438112 83 0.03625154495239258
83 0 438195 83 0.03629732131958008
83 0 438278 83 0.03637385368347168
83 0 438361 83 0.03639030456542969
83 0 438444 83 0.03637433052062988
83 0 438527 83 0.036356210708618164
83 0 438610 83 0.03632092475891113
83 0 438693 83 0.036385536193847656
83 0 438776 83 0.036374807357788086
83 0 438859 83 0.03639626502990723
83 0 438942 83 0.03636622428894043
83 0 439025 83 0.03633308410644531
83 0 439108 83 0.036408185958862305
83 0 439191 83 0.03645634651184082
83 0 439274 83 0.036421775817871094
83 0 439357 83 0.03634524345397949
83 0 439440 83 0.03634810447692871
83 0 439523 83 0.03638505935668945
83 0 439606 83 0.03647136688232422
83 0 439689 83 0.036427974700927734
83 0 439772 83 0.03637862205505371
83 0 439855 83 0.036391258239746094
83 0 439938 83 0.03641152381896973
83 0 440021 83 0.03649592399597168
83 0 440104 83 0.03651261329650879
83 0 440187 83 0.036444664001464844
83 0 440270 83 0.03648114204406738
83 0 440353 83 0.03646421432495117
83 0 440436 83 0.03649592399597168
82 0 434678 82 0.03651785850524902
82 0 434760 82 0.03649306297302246
82 0 434842 82 0.03656625747680664
82 0 434924 82 0.0365300178527832
82 0 435006 82 0.036529541015625
82 0 435088 82 0.03653693199157715
82 0 435170 82 0.036516666412353516
82 0 435252 82 0.03652667999267578
82 0 435334 82 0.036570072174072266
82 0 435416 82 0.03656291961669922
82 0 435498 82 0.03657388687133789
82 0 435580 82 0.03650975227355957
82 0 435662 82 0.03659462928771973
82 0 435744 82 0.03656649589538574
82 0 435826 82 0.036673545837402344
82 0 435908 82 0.036585330963134766
82 0 435990 82 0.03653883934020996
82 0 436072 82 0.03662538528442383
82 0 436154 82 0.03660321235656738
82 0 436236 82 0.03661298751831055
82 0 436318 82 0.036598920822143555
82 0 436400 82 0.03657197952270508
82 0 436482 82 0.03661298751831055
82 0 436564 82 0.03665494918823242
82 0 436646 82 0.03661656379699707
82 0 436728 82 0.036596059799194336
81 0 433712 81 0.03769993782043457
0 82 433712 2048 0.08300137519836426
0 82 435760 2048 0.09088397026062012
0 82 437808 2048 0.09547662734985352
0 82 439856 1062 0.06186985969543457
82 0 441000 82 0.04106020927429199
82 0 441082 82 0.04046821594238281
82 0 441164 82 0.039922475814819336
82 0 441246 82 0.03991508483886719
81 0 433068 81 0.03896737098693848
0 82 433068 2048 0.08272385597229004
0 82 430258 2048 0.08747458457946777
0 81 428595 2048 0.08398103713989258
0 82 430643 2048 0.08464574813842773
0 82 432691 2048 0.08935022354125977
0 82 434739 2048 0.09237861633300781
0 82 436787 1562 0.08547329902648926
82 0 438431 82 0.04045557975769043
82 0 438513 82 0.039369821548461914
82 0 438595 82 0.03904986381530762
82 0 438677 82 0.03905797004699707
82 0 438759 82 0.03907370567321777
82 0 438841 82 0.03908371925354004
82 0 438923 82 0.03913235664367676
82 0 439005 82 0.03914690017700195
82 0 439087 82 0.03914046287536621
82 0 439169 82 0.03897738456726074
82 0 439251 82 0.038968801498413086
82 0 439333 82 0.03894782066345215
82 0 439415 82 0.03890371322631836
82 0 439497 82 0.03890800476074219
82 0 439579 82 0.038976192474365234
82 0 439661 82 0.03899693489074707
82 0 439743 82 0.03898954391479492
82 0 439825 82 0.0389103889465332
82 0 439907 82 0.038910865783691406
82 0 439989 82 0.03899216651916504
82 0 440071 82 0.03897881507873535
82 0 440153 82 0.038950443267822266
82 0 440235 82 0.03896784782409668
81 0 431947 81 0.03761458396911621
0 82 431947 2048 0.08266139030456543
0 82 433995 2048 0.08923959732055664
0 82 436043 1600 0.08385682106018066
82 0 437725 82 0.039621591567993164
82 0 437807 82 0.03829622268676758
82 0 437889 82 0.03787660598754883
82 0 437971 82 0.03783988952636719
82 0 438053 82 0.037870168685913086
82 0 438135 82 0.0378875732421875
82 0 438217 82 0.03788447380065918
82 0 438299 82 0.037949323654174805
82 0 438381 82 0.03786325454711914
82 0 438463 82 0.03772473335266113
82 0 438545 82 0.0377345085144043
82 0 438627 82 0.03774142265319824
82 0 438709 82 0.03774404525756836
82 0 438791 82 0.03787374496459961
81 0 431085 81 0.03802371025085449
0 82 431085 2048 0.08418011665344238
0 82 433133 2048 0.08968710899353027
0 82 435181 184 0.03038811683654785
82 0 435447 82 0.038646697998046875
82 0 435529 82 0.03828573226928711
82 0 435611 82 0.038259267807006836
82 0 435693 82 0.038252830505371094
82 0 435775 82 0.038243770599365234
82 0 435857 82 0.03827714920043945
82 0 435939 82 0.038308143615722656
82 0 436021 82 0.03823995590209961
81 0 430811 81 0.03685307502746582
0 82 430811 2048 0.08130478858947754
0 82 432859 2048 0.08994603157043457
0 82 434907 2048 0.09546327590942383
0 83 436955 2048 0.08646512031555176
0 83 439003 288 0.03374314308166504
82 0 435857 82 0.03948163986206055
0 81 429441 2046 0.0823516845703125
0 81 431487 2048 0.0893411636352539
0 81 433535 1805 0.08959674835205078
81 0 435421 81 0.043183326721191406
81 0 435502 81 0.04166841506958008
80 0 432539 80 0.037688255310058594
0 81 432539 2048 0.08104491233825684
0 81 434587 1223 0.05840182304382324
81 0 435891 81 0.03927254676818848
81 0 435972 81 0.0383758544921875
81 0 436053 81 0.038053274154663086
81 0 436134 81 0.03807640075683594
81 0 436215 81 0.03819608688354492
81 0 436296 81 0.03815054893493652
81 0 436377 81 0.038155317306518555
81 0 436458 81 0.03815579414367676
81 0 436539 81 0.03801107406616211
81 0 436620 81 0.03801751136779785
81 0 436701 81 0.03800153732299805
81 0 436782 81 0.03787851333618164
81 0 436863 81 0.03788495063781738
81 0 436944 81 0.03794288635253906
81 0 437025 81 0.03803205490112305
81 0 437106 81 0.038011789321899414
81 0 437187 81 0.03792595863342285
81 0 437268 81 0.03791999816894531
81 0 437349 81 0.03800344467163086
81 0 437430 81 0.03804421424865723
81 0 437511 81 0.038002967834472656
81 0 437592 81 0.03792619705200195
81 0 437673 81 0.03796553611755371
81 0 437754 81 0.03804445266723633
81 0 437835 81 0.038092851638793945
81 0 437916 81 0.037979841232299805
81 0 437997 81 0.03797483444213867
81 0 438078 81 0.037978172302246094
81 0 438159 81 0.038033485412597656
81 0 438240 81 0.03807783126831055
81 0 438321 81 0.038027286529541016
81 0 438402 81 0.03799557685852051
81 0 438483 81 0.03799843788146973
81 0 438564 81 0.03806757926940918
81 0 438645 81 0.038080692291259766
81 0 438726 81 0.03796792030334473
81 0 438807 81 0.037970781326293945
81 0 438888 81 0.03802084922790527
81 0 438969 81 0.03810834884643555
81 0 439050 81 0.038069725036621094
81 0 439131 81 0.03800368309020996
81 0 439212 81 0.038001298904418945
81 0 439293 81 0.03809404373168945
81 0 439374 81 0.038103580474853516
81 0 439455 81 0.03810453414916992
81 0 439536 81 0.03803277015686035
81 0 439617 81 0.03804373741149902
81 0 439698 81 0.03812265396118164
81 0 439779 81 0.038166046142578125
81 0 439860 81 0.03815436363220215
81 0 439941 81 0.03806424140930176
81 0 440022 81 0.038071393966674805
81 0 440103 81 0.03819084167480469
81 0 440184 81 0.03816819190979004
81 0 440265 81 0.038125038146972656
81 0 440346 81 0.038084983825683594
81 0 440427 81 0.0381011962890625
81 0 440508 81 0.03819417953491211
81 0 440589 81 0.03820371627807617
81 0 440670 81 0.03811478614807129
81 0 440751 81 0.038091182708740234
81 0 440832 81 0.03812050819396973
81 0 440913 81 0.038217782974243164
79 0 429806 79 0.03580188751220703
0 80 429806 2048 0.07973170280456543
0 80 431854 2048 0.0898289680480957
0 80 433902 2048 0.09497237205505371
0 81 435950 2048 0.08334517478942871
0 81 437998 1573 0.07973098754882812
81 0 439652 81 0.038672685623168945
81 0 439733 81 0.03733181953430176
81 0 439814 81 0.03714489936828613
81 0 439895 81 0.037119388580322266
81 0 439976 81 0.037241220474243164
81 0 440057 81 0.037209510803222656
81 0 440138 81 0.03720879554748535
81 0 440219 81 0.03726339340209961
81 0 440300 81 0.037154436111450195
81 0 440381 81 0.0370635986328125
81 0 440462 81 0.037084341049194336
81 0 440543 81 0.03707599639892578
81 0 440624 81 0.037081003189086914
81 0 440705 81 0.036997079849243164
81 0 440786 81 0.037019968032836914
81 0 440867 81 0.03702974319458008
81 0 440948 81 0.03709006309509277
81 0 441029 81 0.03710532188415527
81 0 441110 81 0.037038326263427734
81 0 441191 81 0.037050724029541016
81 0 441272 81 0.03705573081970215
81 0 441353 81 0.03711962699890137
81 0 441434 81 0.037117719650268555
81 0 441515 81 0.037101030349731445
81 0 441596 81 0.03705596923828125
81 0 441677 81 0.03710818290710449
81 0 441758 81 0.03715205192565918
81 0 441839 81 0.03716707229614258
81 0 441920 81 0.0370793342590332
81 0 442001 81 0.0370481014251709
81 0 442082 81 0.03710508346557617
81 0 442163 81 0.03716731071472168
81 0 442244 81 0.03718876838684082
81 0 442325 81 0.037102460861206055
81 0 442406 81 0.037093162536621094
80 0 435063 80 0.03873324394226074
0 81 435063 1708 0.07454442977905273
81 0 436852 81 0.040181875228881836
80 0 432735 80 0.03800344467163086
0 81 432735 2048 0.0826864242553711
0 81 434783 2048 0.0923159122467041
0 81 436831 1182 0.06117439270019531
81 0 438094 81 0.0399935245513916
81 0 438175 81 0.03897380828857422
81 0 438256 81 0.03887772560119629
81 0 438337 81 0.03888249397277832
81 0 438418 81 0.03892779350280762
81 0 438499 81 0.03892850875854492
81 0 438580 81 0.03892970085144043
81 0 438661 81 0.03891396522521973
81 0 438742 81 0.03877902030944824
81 0 438823 81 0.03879284858703613
81 0 438904 81 0.0387423038482666
81 0 438985 81 0.03869938850402832
81 0 439066 81 0.03870439529418945
81 0 439147 81 0.038789987564086914
81 0 439228 81 0.0388641357421875
81 0 439309 81 0.03876852989196777
81 0 439390 81 0.03873562812805176
81 0 439471 81 0.038716793060302734
81 0 439552 81 0.0388641357421875
81 0 439633 81 0.0388638973236084
81 0 439714 81 0.038805246353149414
81 0 439795 81 0.03874325752258301
81 0 439876 81 0.038741111755371094
81 0 439957 81 0.03869271278381348
81 0 440038 81 0.03875589370727539
81 0 440119 81 0.038883209228515625
81 0 440200 81 0.0388641357421875
80 0 435961 80 0.03619694709777832
0 81 435961 1503 0.06953096389770508
81 0 437545 81 0.041025400161743164
81 0 437626 81 0.04010939598083496
81 0 437707 81 0.03989815711975098
81 0 437788 81 0.0398564338684082
81 0 437869 81 0.039869070053100586
81 0 437950 81 0.03992795944213867
81 0 438031 81 0.03994464874267578
81 0 438112 81 0.039844512939453125
81 0 438193 81 0.039609670639038086
81 0 438274 81 0.039664506912231445
81 0 438355 81 0.03968000411987305
81 0 438436 81 0.03971982002258301
81 0 438517 81 0.03970170021057129
81 0 438598 81 0.03972005844116211
81 0 438679 81 0.039827823638916016
81 0 438760 81 0.03983306884765625
81 0 438841 81 0.03972029685974121
81 0 438922 81 0.03972434997558594
81 0 439003 81 0.03971242904663086
81 0 439084 81 0.03971600532531738
81 0 439165 81 0.039720773696899414
81 0 439246 81 0.03979682922363281
81 0 439327 81 0.03986930847167969
81 0 439408 81 0.03975820541381836
81 0 439489 81 0.03976249694824219
81 0 439570 81 0.03975963592529297
81 0 439651 81 0.03975391387939453
81 0 439732 81 0.03982663154602051
81 0 439813 81 0.03984951972961426
81 0 439894 81 0.03991055488586426
80 0 430748 80 0.03792834281921387
0 82 430748 2048 0.08152222633361816
0 81 424856 2048 0.08466625213623047
0 81 426904 2048 0.09000682830810547
0 81 428952 2048 0.09535527229309082
0 82 431000 2048 0.0980370044708252
0 83 433048 2048 0.08371925354003906
0 83 435096 2048 0.0835123062133789
0 84 437144 2048 0.0836021900177002
0 84 439192 1925 0.08718371391296387
84 0 441201 84 0.040196895599365234
84 0 441285 84 0.038825035095214844
83 0 435173 83 0.03875088691711426
83 0 435256 83 0.038764238357543945
83 0 435339 83 0.03878068923950195
83 0 435422 83 0.03875255584716797
83 0 435505 83 0.03876209259033203
83 0 435588 83 0.0387883186340332
83 0 435671 83 0.03872203826904297
83 0 435754 83 0.03865694999694824
82 0 430669 82 0.03863239288330078
82 0 430751 82 0.0387110710144043
82 0 430833 82 0.03859376907348633
82 0 430915 82 0.03859519958496094
82 0 430997 82 0.03866243362426758
82 0 431079 82 0.03867697715759277
82 0 431161 82 0.03865337371826172
82 0 431243 82 0.0386049747467041
82 0 431325 82 0.03856039047241211
82 0 431407 82 0.03870701789855957
82 0 431489 82 0.038736581802368164
82 0 431571 82 0.03866004943847656
82 0 431653 82 0.03859901428222656
82 0 431735 82 0.03862357139587402
82 0 431817 82 0.03871512413024902
82 0 431899 82 0.03869509696960449
82 0 431981 82 0.03865385055541992
82 0 432063 82 0.03864431381225586
82 0 432145 82 0.03867387771606445
82 0 432227 82 0.03876137733459473
82 0 432309 82 0.03876209259033203
82 0 432391 82 0.03863644599914551
82 0 432473 82 0.03864789009094238
82 0 432555 82 0.038709163665771484
82 0 432637 82 0.03876304626464844
82 0 432719 82 0.038787126541137695
82 0 432801 82 0.03873157501220703
82 0 432883 82 0.03873157501220703
82 0 432965 82 0.038724660873413086
82 0 433047 82 0.03871941566467285
82 0 433129 82 0.03874516487121582
82 0 433211 82 0.038789987564086914
82 0 433293 82 0.03880953788757324
82 0 433375 82 0.038718461990356445
82 0 433457 82 0.03874802589416504
82 0 433539 82 0.03882408142089844
82 0 433621 82 0.038828372955322266
82 0 433703 82 0.03881955146789551
82 0 433785 82 0.03872251510620117
81 0 428579 81 0.037453651428222656
0 82 428579 2048 0.08263063430786133
0 82 430627 2048 0.08976221084594727
0 82 432675 2048 0.09517621994018555
0 83 434723 2048 0.08901429176330566
0 84 436771 1789 0.0780327320098877
84 0 438644 84 0.038933515548706055
84 0 438728 84 0.037230730056762695
84 0 438812 84 0.037061214447021484
84 0 438896 84 0.03709101676940918
84 0 438980 84 0.03713393211364746
84 0 439064 84 0.03711438179016113
84 0 439148 84 0.03700900077819824
84 0 439232 84 0.03702664375305176
84 0 439316 84 0.037021636962890625
84 0 439400 84 0.03704333305358887
84 0 439484 84 0.036995887756347656
84 0 439568 84 0.03690624237060547
84 0 439652 84 0.036925554275512695
84 0 439736 84 0.036978960037231445
84 0 439820 84 0.037035226821899414
84 0 439904 84 0.03709769248962402
84 0 439988 84 0.03706169128417969
84 0 440072 84 0.03693532943725586
84 0 440156 84 0.03705883026123047
84 0 440240 84 0.03706502914428711
84 0 440324 84 0.03708600997924805
84 0 440408 84 0.037004709243774414
84 0 440492 84 0.037027597427368164
84 0 440576 84 0.03710579872131348
84 0 440660 84 0.037103891372680664
84 0 440744 84 0.03711843490600586
84 0 440828 84 0.036984920501708984
84 0 440912 84 0.0369873046875
84 0 440996 84 0.0370793342590332
84 0 441080 84 0.037166595458984375
84 0 441164 84 0.037122488021850586
84 0 441248 84 0.03699898719787598
84 0 441332 84 0.0370020866394043
84 0 441416 84 0.03711247444152832
84 0 441500 84 0.037190914154052734
84 0 441584 84 0.037177324295043945
83 0 436028 83 0.037984371185302734
0 83 427587 2047 0.08320164680480957
0 84 429634 2048 0.0857551097869873
0 84 431682 2048 0.08563423156738281
0 84 433730 2048 0.09210777282714844
0 85 435778 2048 0.09311342239379883
0 86 437826 2048 0.08444571495056152
0 86 439874 1385 0.05923151969909668
86 0 441345 86 0.03804779052734375
86 0 441431 86 0.03667783737182617
85 0 438757 85 0.038980722427368164
85 0 438842 85 0.038988590240478516
85 0 438927 85 0.03899502754211426
85 0 439012 85 0.03911733627319336
85 0 439097 85 0.03905510902404785
84 0 431820 84 0.040014028549194336
0 85 431820 2048 0.08392953872680664
0 86 433868 2048 0.08976340293884277
0 86 435916 2048 0.08486175537109375
0 86 430330 2048 0.08820843696594238
0 86 432378 2048 0.08483076095581055
0 87 434426 2048 0.09028077125549316
0 87 436474 2048 0.0845937728881836
0 87 438522 470 0.03898215293884277
87 0 439079 87 0.03961634635925293
87 0 439166 87 0.03900575637817383
87 0 439253 87 0.03900432586669922
87 0 439340 87 0.03902077674865723
87 0 439427 87 0.03900146484375
87 0 439514 87 0.03911709785461426
87 0 439601 87 0.0391077995300293
87 0 439688 87 0.038959503173828125
87 0 439775 87 0.03878331184387207
87 0 439862 87 0.038838863372802734
87 0 439949 87 0.03878331184387207
87 0 440036 87 0.038897037506103516
87 0 440123 87 0.03900742530822754
87 0 440210 87 0.03901529312133789
87 0 440297 87 0.03883862495422363
87 0 440384 87 0.038884878158569336
87 0 440471 87 0.038974761962890625
87 0 440558 87 0.038995981216430664
87 0 440645 87 0.03898143768310547
87 0 440732 87 0.03892326354980469
87 0 440819 87 0.03891181945800781
86 0 438385 86 0.039010047912597656
86 0 438471 86 0.03899574279785156
86 0 438557 86 0.0390009880065918
86 0 438643 86 0.03886079788208008
86 0 438729 86 0.038903236389160156
86 0 438815 86 0.03906846046447754
86 0 438901 86 0.03905606269836426
86 0 438987 86 0.03903365135192871
86 0 439073 86 0.03899192810058594
86 0 439159 86 0.03903675079345703
86 0 439245 86 0.039067745208740234
86 0 439331 86 0.03909492492675781
86 0 439417 86 0.038973093032836914
86 0 439503 86 0.03893709182739258
86 0 439589 86 0.039093732833862305
86 0 439675 86 0.0391845703125
86 0 439761 86 0.03909635543823242
86 0 439847 86 0.038954973220825195
86 0 439933 86 0.03897380828857422
86 0 440019 86 0.03909587860107422
86 0 440105 86 0.03913283348083496
85 0 434697 85 0.037964820861816406
0 86 434697 2048 0.08266210556030273
0 86 436745 1661 0.08213973045349121
86 0 438492 86 0.038132429122924805
86 0 438578 86 0.03724050521850586
86 0 438664 86 0.036908626556396484
86 0 438750 86 0.036808013916015625
86 0 438836 86 0.036798715591430664
86 0 438922 86 0.03680109977722168
86 0 439008 86 0.03682541847229004
86 0 439094 86 0.036843299865722656
86 0 439180 86 0.036826372146606445
86 0 439266 86 0.03668570518493652
86 0 439352 86 0.03669285774230957
86 0 439438 86 0.03671717643737793
86 0 439524 86 0.03668832778930664
86 0 439610 86 0.03664875030517578
86 0 439696 86 0.03669095039367676
86 0 439782 86 0.03673553466796875
86 0 439868 86 0.0367426872253418
86 0 439954 86 0.03670763969421387
86 0 440040 86 0.03669095039367676
86 0 440126 86 0.036690473556518555
86 0 440212 86 0.036733388900756836
86 0 440298 86 0.036763668060302734
86 0 440384 86 0.03673815727233887
85 0 437509 85 0.03921151161193848
85 0 437594 85 0.03923344612121582
85 0 437679 85 0.039319753646850586
85 0 437764 85 0.03931713104248047
85 0 437849 85 0.03927946090698242
85 0 437934 85 0.039247989654541016
85 0 438019 85 0.039292097091674805
85 0 438104 85 0.03935408592224121
85 0 438189 85 0.03935122489929199
85 0 438274 85 0.03928732872009277
85 0 438359 85 0.03927898406982422
85 0 438444 85 0.039336442947387695
85 0 438529 85 0.03934597969055176
85 0 438614 85 0.03937029838562012
85 0 438699 85 0.03929853439331055
85 0 438784 85 0.0393376350402832
85 0 438869 85 0.03944063186645508
85 0 438954 85 0.0394287109375
85 0 439039 85 0.03937864303588867
85 0 439124 85 0.03934359550476074
84 0 431479 84 0.03690528869628906
0 85 431479 2048 0.08133459091186523
0 84 430320 2048 0.08968877792358398
0 85 432368 2048 0.09104752540588379
0 85 434416 2048 0.0860445499420166
0 85 436464 2048 0.0913393497467041
0 85 438512 217 0.03175544738769531
85 0 438814 85 0.03904581069946289
85 0 438899 85 0.03875255584716797
85 0 438984 85 0.03876662254333496
85 0 439069 85 0.03878140449523926
85 0 439154 85 0.03881716728210449
85 0 439239 85 0.038770198822021484
85 0 439324 85 0.03878378868103027
85 0 439409 85 0.038803815841674805
85 0 439494 85 0.03865694999694824
85 0 439579 85 0.03864002227783203
85 0 439664 85 0.03870797157287598
85 0 439749 85 0.038652658462524414
85 0 439834 85 0.038620710372924805
85 0 439919 85 0.03863215446472168
85 0 440004 85 0.038680076599121094
85 0 440089 85 0.038665771484375
85 0 440174 85 0.03867673873901367
85 0 440259 85 0.03862738609313965
85 0 440344 85 0.03868722915649414
85 0 440429 85 0.0386965274810791
85 0 440514 85 0.038787126541137695
85 0 440599 85 0.03865838050842285
85 0 440684 85 0.03864645957946777
85 0 440769 85 0.038709402084350586
85 0 440854 85 0.03871464729309082
85 0 440939 85 0.0387265682220459
85 0 441024 85 0.03867149353027344
85 0 441109 85 0.0387423038482666
84 0 434359 84 0.03738236427307129
0 86 434359 2048 0.08328509330749512
0 86 436407 2048 0.0853722095489502
0 86 438455 1719 0.08399581909179688
86 0 440260 86 0.039298057556152344
86 0 440346 86 0.03792929649353027
85 0 435225 85 0.03756856918334961
85 0 435310 85 0.037566184997558594
85 0 435395 85 0.037557125091552734
85 0 435480 85 0.03758716583251953
85 0 435565 85 0.03763079643249512
85 0 435650 85 0.0375218391418457
84 0 430709 84 0.03748941421508789
0 84 423960 2047 0.08341026306152344
0 84 426007 2048 0.08996176719665527
0 84 428055 2048 0.09525489807128906
0 85 430103 2048 0.1010429859161377
0 85 432151 2048 0.08362436294555664
0 84 429039 2048 0.08392906188964844
0 84 431087 2048 0.0883934497833252
0 84 433135 2048 0.09655952453613281
0 84 435183 658 0.04884195327758789
84 0 435925 84 0.03851032257080078
84 0 436009 84 0.03754067420959473
84 0 436093 84 0.037358760833740234
84 0 436177 84 0.037352800369262695
84 0 436261 84 0.03734230995178223
84 0 436345 84 0.037400245666503906
84 0 436429 84 0.037401437759399414
84 0 436513 84 0.03741002082824707
84 0 436597 84 0.03742575645446777
84 0 436681 84 0.03719925880432129
84 0 436765 84 0.03724789619445801
84 0 436849 84 0.03720355033874512
84 0 436933 84 0.03716015815734863
84 0 437017 84 0.03717684745788574
84 0 437101 84 0.03720355033874512
84 0 437185 84 0.03725385665893555
84 0 437269 84 0.03726935386657715
84 0 437353 84 0.03723025321960449
84 0 437437 84 0.03718686103820801
84 0 437521 84 0.037247419357299805
84 0 437605 84 0.03727269172668457
84 0 437689 84 0.037271976470947266
84 0 437773 84 0.0372312068939209
83 0 432869 83 0.03851461410522461
83 0 432952 83 0.038611650466918945
83 0 433035 83 0.03863120079040527
83 0 433118 83 0.03855109214782715
83 0 433201 83 0.03851675987243652
83 0 433284 83 0.038518428802490234
83 0 433367 83 0.03863787651062012
83 0 433450 83 0.03864431381225586
83 0 433533 83 0.03857111930847168
83 0 433616 83 0.03858470916748047
83 0 433699 83 0.038580894470214844
83 0 433782 83 0.03976130485534668
83 0 433865 83 0.0386960506439209
83 0 433948 83 0.03855776786804199
83 0 434031 83 0.038556575775146484
83 0 434114 83 0.03859281539916992
83 0 434197 83 0.038588762283325195
83 0 434280 83 0.038596153259277344
83 0 434363 83 0.038698673248291016
83 0 434446 83 0.03868746757507324
82 0 429614 82 0.0379948616027832
0 83 429614 2048 0.08336997032165527
0 83 431662 2048 0.09007787704467773
0 83 433710 2048 0.09513497352600098
0 83 435758 1688 0.09049558639526367
83 0 437529 83 0.03757119178771973
83 0 437612 83 0.03679370880126953
83 0 437695 83 0.03659391403198242
83 0 437778 83 0.03655838966369629
83 0 437861 83 0.03666090965270996
83 0 437944 83 0.03665447235107422
83 0 438027 83 0.03656196594238281
83 0 438110 83 0.036737918853759766
83 0 438193 83 0.036629438400268555
83 0 438276 83 0.03645634651184082
83 0 438359 83 0.0364534854888916
83 0 438442 83 0.03644824028015137
83 0 438525 83 0.03638100624084473
83 0 438608 83 0.03638315200805664
83 0 438691 83 0.03644847869873047
83 0 438774 83 0.03658652305603027
82 0 435116 82 0.03835940361022949
0 83 435116 2048 0.08473610877990723
0 83 437164 1946 0.08931207656860352
83 0 439193 83 0.040816307067871094
83 0 439276 83 0.03916764259338379
83 0 439359 83 0.03893589973449707
83 0 439442 83 0.0388646125793457
83 0 439525 83 0.03886008262634277
83 0 439608 83 0.03887653350830078
83 0 439691 83 0.03884458541870117
83 0 439774 83 0.03894972801208496
83 0 439857 83 0.038718223571777344
82 0 435498 82 0.039431095123291016
82 0 435580 82 0.03944802284240723
82 0 435662 82 0.039452314376831055
82 0 435744 82 0.039467573165893555
82 0 435826 82 0.039514780044555664
82 0 435908 82 0.03941631317138672
82 0 435990 82 0.039423227310180664
82 0 436072 82 0.03949928283691406
82 0 436154 82 0.039504289627075195
82 0 436236 82 0.03950858116149902
82 0 436318 82 0.03942370414733887
82 0 436400 82 0.03947710990905762
82 0 436482 82 0.03950238227844238
82 0 436564 82 0.039524078369140625
82 0 436646 82 0.03946948051452637
81 0 432224 81 0.037293434143066406
0 82 432224 2048 0.0813140869140625
0 82 434272 2048 0.09095382690429688
0 82 436320 1414 0.08001065254211426
82 0 437816 82 0.03911232948303223
82 0 437898 82 0.037865400314331055
82 0 437980 82 0.03741002082824707
82 0 438062 82 0.03746795654296875
82 0 438144 82 0.03746747970581055
82 0 438226 82 0.037465810775756836
82 0 438308 82 0.03745627403259277
82 0 438390 82 0.037485599517822266
82 0 438472 82 0.03738093376159668
82 0 438554 82 0.03735184669494629
82 0 438636 82 0.03735470771789551
82 0 438718 82 0.03734612464904785
82 0 438800 82 0.037320852279663086
82 0 438882 82 0.0373227596282959
82 0 438964 82 0.03727102279663086
82 0 439046 82 0.03731679916381836
82 0 439128 82 0.037340641021728516
82 0 439210 82 0.037364959716796875
82 0 439292 82 0.03731417655944824
82 0 439374 82 0.03731536865234375
82 0 439456 82 0.03731870651245117
82 0 439538 82 0.037367820739746094
82 0 439620 82 0.03737235069274902
82 0 439702 82 0.03737449645996094
82 0 439784 82 0.037317514419555664
82 0 439866 82 0.03734874725341797
82 0 439948 82 0.0374455451965332
82 0 440030 82 0.037392616271972656
82 0 440112 82 0.037369728088378906
82 0 440194 82 0.03734755516052246
82 0 440276 82 0.03734421730041504
82 0 440358 82 0.037442684173583984
81 0 433926 81 0.03942060470581055
0 82 433926 2048 0.0821378231048584
0 82 435974 2048 0.09008669853210449
0 82 438022 2048 0.09575152397155762
0 82 440070 2048 0.10136961936950684
0 82 433683 2048 0.08289480209350586
0 82 435731 2048 0.09071612358093262
0 82 437779 2048 0.09620356559753418
0 82 431003 2048 0.09081459045410156
0 82 433051 2048 0.08934307098388672
0 82 435099 2048 0.09580540657043457
0 82 437147 1163 0.06353497505187988
82 0 438392 82 0.041346073150634766
82 0 438474 82 0.03974199295043945
81 0 432673 81 0.03821587562561035
0 82 432673 2048 0.08093714714050293
0 82 434721 2048 0.09102773666381836
0 83 436769 2048 0.09301328659057617
0 83 438817 792 0.04832625389099121
83 0 439692 83 0.0389707088470459
83 0 439775 83 0.03836846351623535
83 0 439858 83 0.03828310966491699
83 0 439941 83 0.0383145809173584
83 0 440024 83 0.038254737854003906
83 0 440107 83 0.038231611251831055
83 0 440190 83 0.03828001022338867
83 0 440273 83 0.03838086128234863
83 0 440356 83 0.038172245025634766
83 0 440439 83 0.03827714920043945
83 0 440522 83 0.03811192512512207
82 0 431991 82 0.04181814193725586
0 83 431991 2048 0.08519697189331055
0 83 434039 2048 0.0901339054107666
0 83 431517 2048 0.09039545059204102
0 83 433565 2048 0.08646726608276367
0 83 435613 2048 0.0923311710357666
0 83 437661 1676 0.08770298957824707
83 0 439420 83 0.039733171463012695
83 0 439503 83 0.03865814208984375
83 0 439586 83 0.03805947303771973
83 0 439669 83 0.03801679611206055
83 0 439752 83 0.038042545318603516
83 0 439835 83 0.038073062896728516
83 0 439918 83 0.03813791275024414
83 0 440001 83 0.0381312370300293
83 0 440084 83 0.03803610801696777
83 0 440167 83 0.037865400314331055
83 0 440250 83 0.03790116310119629
83 0 440333 83 0.03798699378967285
83 0 440416 83 0.03799271583557129
83 0 440499 83 0.037964582443237305
83 0 440582 83 0.03801155090332031
83 0 440665 83 0.037927865982055664
83 0 440748 83 0.03787946701049805
83 0 440831 83 0.03791618347167969
83 0 440914 83 0.03797435760498047
82 0 431695 82 0.039954423904418945
0 83 431695 2048 0.08388090133666992
0 83 433743 2048 0.09063911437988281
0 82 431208 2048 0.09515118598937988
0 82 433256 484 0.04056119918823242
82 0 433822 82 0.04073333740234375
82 0 433904 82 0.03994870185852051
82 0 433986 82 0.03986811637878418
82 0 434068 82 0.039867401123046875
82 0 434150 82 0.03987836837768555
82 0 434232 82 0.03988218307495117
82 0 434314 82 0.039911746978759766
82 0 434396 82 0.03989148139953613
82 0 434478 82 0.03967857360839844
82 0 434560 82 0.039705514907836914
82 0 434642 82 0.039730072021484375
82 0 434724 82 0.039772987365722656
81 0 427703 81 0.03648638725280762
0 82 427703 2048 0.08446407318115234
0 82 429751 2048 0.09153342247009277
0 82 431799 2048 0.0949559211730957
0 82 433847 1966 0.09884452819824219
82 0 435895 82 0.03871798515319824
82 0 435977 82 0.037755489349365234
82 0 436059 82 0.03768205642700195
82 0 436141 82 0.03755617141723633
82 0 436223 82 0.037543296813964844
82 0 436305 82 0.037590742111206055
82 0 436387 82 0.03764224052429199
82 0 436469 82 0.037651777267456055
82 0 436551 82 0.037549734115600586
82 0 436633 82 0.03744912147521973
82 0 436715 82 0.037459373474121094
82 0 436797 82 0.03748631477355957
82 0 436879 82 0.03744649887084961
82 0 436961 82 0.037444114685058594
82 0 437043 82 0.03742575645446777
82 0 437125 82 0.03749513626098633
82 0 437207 82 0.03746962547302246
82 0 437289 82 0.03744697570800781
82 0 437371 82 0.037429094314575195
82 0 437453 82 0.03744029998779297
82 0 437535 82 0.03752446174621582
82 0 437617 82 0.03750133514404297
82 0 437699 82 0.037468910217285156
82 0 437781 82 0.03747987747192383
82 0 437863 82 0.03751087188720703
82 0 437945 82 0.03749346733093262
82 0 438027 82 0.0375676155090332
82 0 438109 82 0.037526607513427734
82 0 438191 82 0.03751349449157715
82 0 438273 82 0.03748273849487305
82 0 438355 82 0.037557363510131836
82 0 438437 82 0.037540435791015625
82 0 438519 82 0.03753256797790527
82 0 438601 82 0.03753304481506348
82 0 438683 82 0.0375361442565918
82 0 438765 82 0.03757929801940918
82 0 438847 82 0.037580251693725586
82 0 438929 82 0.037538766860961914
82 0 439011 82 0.03752851486206055
82 0 439093 82 0.03753495216369629
80 0 427326 80 0.03582143783569336
0 81 427326 2048 0.08194160461425781
0 80 421908 2048 0.09026408195495605
0 80 423956 2048 0.09531497955322266
0 81 426004 2048 0.09575128555297852
0 82 428052 2048 0.08428406715393066
0 82 430100 2048 0.08576560020446777
0 83 432148 2048 0.09219765663146973
0 83 434196 2048 0.0841071605682373
0 83 436244 2048 0.0911111831665039
0 83 438292 1497 0.08167219161987305
83 0 439872 83 0.0402379035949707
83 0 439955 83 0.038883209228515625
83 0 440038 83 0.03844165802001953
83 0 440121 83 0.038390398025512695
83 0 440204 83 0.03842878341674805
83 0 440287 83 0.03847360610961914
83 0 440370 83 0.03848767280578613
83 0 440453 83 0.038404226303100586
83 0 440536 83 0.038333892822265625
83 0 440619 83 0.03821539878845215
82 0 435324 82 0.03823685646057129
0 83 435324 2048 0.08237791061401367
0 83 437372 2048 0.09123873710632324
0 83 439420 2040 0.0985572338104248
83 0 441543 83 0.04017043113708496
83 0 441626 83 0.03881525993347168
83 0 441709 83 0.03849315643310547
83 0 441792 83 0.038507938385009766
83 0 441875 83 0.03851795196533203
83 0 441958 83 0.03847956657409668
83 0 442041 83 0.03846430778503418
83 0 442124 83 0.0384976863861084
83 0 442207 83 0.038521528244018555
83 0 442290 83 0.03838706016540527
81 0 432800 81 0.04028916358947754
0 83 432800 2048 0.07949209213256836
0 83 434848 2048 0.08674287796020508
0 83 436896 551 0.04352211952209473
82 0 435946 82 0.04114055633544922
82 0 436028 82 0.04076027870178223
82 0 436110 82 0.04075980186462402
82 0 436192 82 0.040810346603393555
82 0 436274 82 0.04080653190612793
82 0 436356 82 0.040796756744384766
82 0 436438 82 0.04083395004272461
82 0 436520 82 0.04062342643737793
82 0 436602 82 0.040625810623168945
82 0 436684 82 0.04059934616088867
82 0 436766 82 0.040724992752075195
82 0 436848 82 0.04071688652038574
82 0 436930 82 0.040644168853759766
82 0 437012 82 0.04063868522644043
82 0 437094 82 0.04067111015319824
82 0 437176 82 0.04066967964172363
82 0 437258 82 0.04068732261657715
82 0 437340 82 0.04075455665588379
82 0 437422 82 0.0407865047454834
82 0 437504 82 0.04064822196960449
82 0 437586 82 0.04067182540893555
82 0 437668 82 0.04067206382751465
82 0 437750 82 0.04070878028869629
82 0 437832 82 0.04079484939575195
82 0 437914 82 0.040810346603393555
82 0 437996 82 0.0408024787902832
82 0 438078 82 0.040705204010009766
81 0 430369 81 0.03920292854309082
0 82 430369 2048 0.0834648609161377
0 82 432417 2048 0.09070324897766113
0 82 434465 407 0.039083242416381836
82 0 434954 82 0.03968095779418945
82 0 435036 82 0.03944277763366699
82 0 435118 82 0.03940939903259277
81 0 430954 81 0.03791332244873047
0 82 430954 2048 0.0826570987701416
0 82 433002 2048 0.09019255638122559
0 82 435050 1868 0.09052801132202148
82 0 437000 82 0.03911995887756348
82 0 437082 82 0.038397789001464844
82 0 437164 82 0.03804492950439453
82 0 437246 82 0.03804779052734375
82 0 437328 82 0.038045406341552734
82 0 437410 82 0.03808951377868652
82 0 437492 82 0.038054704666137695
82 0 437574 82 0.0379331111907959
82 0 437656 82 0.03775334358215332
82 0 437738 82 0.03775334358215332
82 0 437820 82 0.037775516510009766
82 0 437902 82 0.03778696060180664
82 0 437984 82 0.037798166275024414
82 0 438066 82 0.03780961036682129
82 0 438148 82 0.0378875732421875
82 0 438230 82 0.03790092468261719
82 0 438312 82 0.03786349296569824
82 0 438394 82 0.03780555725097656
82 0 438476 82 0.03795289993286133
82 0 438558 82 0.03794980049133301
82 0 438640 82 0.037924766540527344
82 0 438722 82 0.03787994384765625
82 0 438804 82 0.037833213806152344
82 0 438886 82 0.037877798080444336
82 0 438968 82 0.03791332244873047
82 0 439050 82 0.03793835639953613
82 0 439132 82 0.03782844543457031
82 0 439214 82 0.03785419464111328
82 0 439296 82 0.037892818450927734
82 0 439378 82 0.037972450256347656
82 0 439460 82 0.03795766830444336
82 0 439542 82 0.03785538673400879
82 0 439624 82 0.03785395622253418
82 0 439706 82 0.037934064865112305
82 0 439788 82 0.03797197341918945
82 0 439870 82 0.03800058364868164
82 0 439952 82 0.03786802291870117
82 0 440034 82 0.03792166709899902
82 0 440116 82 0.0379941463470459
82 0 440198 82 0.0380096435546875
82 0 440280 82 0.03795218467712402
82 0 440362 82 0.037878990173339844
81 0 431730 81 0.03937220573425293
0 82 431730 2048 0.08070993423461914
0 82 433778 2048 0.08958220481872559
0 82 435826 2048 0.09627151489257812
0 82 437874 148 0.03084087371826172
82 0 438104 82 0.040454864501953125
82 0 438186 82 0.03968620300292969
82 0 438268 82 0.0395965576171875
82 0 438350 82 0.03959536552429199
82 0 438432 82 0.039649248123168945
82 0 438514 82 0.03965878486633301
82 0 438596 82 0.039665937423706055
82 0 438678 82 0.0395207405090332
82 0 438760 82 0.0394747257232666
82 0 438842 82 0.0395512580871582
82 0 438924 82 0.03958487510681152
82 0 439006 82 0.03954672813415527
82 0 439088 82 0.03957414627075195
82 0 439170 82 0.03946352005004883
81 0 437264 81 0.039385318756103516
0 82 437264 2048 0.08275771141052246
0 82 439312 1981 0.08983755111694336
82 0 441375 82 0.04157066345214844
82 0 441457 82 0.03997445106506348
82 0 441539 82 0.03977322578430176
82 0 441621 82 0.0396571159362793
82 0 441703 82 0.039636850357055664
81 0 437585 81 0.039667606353759766
81 0 437666 81 0.0396726131439209
81 0 437747 81 0.03966689109802246
81 0 437828 81 0.0395200252532959
81 0 437909 81 0.0394439697265625
81 0 437990 81 0.03943681716918945
81 0 438071 81 0.03946042060852051
80 0 430742 80 0.037308454513549805
0 81 430742 2048 0.08229875564575195
0 79 420620 2048 0.08973979949951172
0 79 422668 2048 0.0951695442199707
0 80 424716 2048 0.09621310234069824
0 80 426764 2048 0.0854790210723877
0 80 428812 2048 0.09154438972473145
0 80 430860 2048 0.09670233726501465
0 81 432908 2048 0.09536504745483398
0 81 434956 2048 0.08623838424682617
0 81 437004 2048 0.09473848342895508
0 81 439052 2048 0.09727358818054199
0 81 441100 412 0.040720224380493164
81 0 441593 81 0.040331125259399414
81 0 441674 81 0.04018807411193848
81 0 441755 81 0.04014873504638672
81 0 441836 81 0.04008316993713379
81 0 441917 81 0.04008316993713379
81 0 441998 81 0.04021430015563965
80 0 434619 80 0.039147377014160156
0 81 434619 2048 0.08277225494384766
0 81 436667 899 0.050971269607543945
81 0 437647 81 0.039719343185424805
81 0 437728 81 0.038936614990234375
81 0 437809 81 0.03869199752807617
81 0 437890 81 0.03870248794555664
81 0 437971 81 0.03869509696960449
81 0 438052 81 0.038712501525878906
81 0 438133 81 0.03873753547668457
80 0 429263 80 0.035843849182128906
0 81 429263 2048 0.08224058151245117
0 81 431311 2048 0.0906682014465332
0 80 424897 2048 0.09526586532592773
0 81 426945 2048 0.0970449447631836
0 81 428993 2048 0.08504557609558105
0 81 431041 2048 0.09131550788879395
0 81 433089 2048 0.09653949737548828
0 81 435137 436 0.040604591369628906
81 0 435654 81 0.041214704513549805
81 0 435735 81 0.040757179260253906
81 0 435816 81 0.04075193405151367
81 0 435897 81 0.040734291076660156
81 0 435978 81 0.04073619842529297
81 0 436059 81 0.04076075553894043
81 0 436140 81 0.040771484375
81 0 436221 81 0.040723562240600586
81 0 436302 81 0.040648698806762695
81 0 436383 81 0.04058218002319336
81 0 436464 81 0.04054069519042969
81 0 436545 81 0.04054093360900879
81 0 436626 81 0.040560245513916016
81 0 436707 81 0.04064679145812988
81 0 436788 81 0.04068803787231445
81 0 436869 81 0.040674686431884766
80 0 434995 80 0.03799247741699219
80 0 435075 80 0.0380094051361084
80 0 435155 80 0.0380861759185791
80 0 435235 80 0.038071393966674805
79 0 427872 79 0.03811144828796387
0 80 427872 2048 0.08035802841186523
0 79 425708 2048 0.0906519889831543
0 79 427756 2048 0.0950479507446289
0 79 429804 2048 0.10175061225891113
0 80 431852 2048 0.0838017463684082
0 80 433900 2048 0.08988547325134277
0 80 435948 683 0.04836583137512207
80 0 436711 80 0.03969097137451172
80 0 436791 80 0.03917646408081055
80 0 436871 80 0.0391542911529541
80 0 436951 80 0.039171695709228516
80 0 437031 80 0.03914999961853027
80 0 437111 80 0.03918337821960449
80 0 437191 80 0.039197444915771484
80 0 437271 80 0.03913426399230957
80 0 437351 80 0.03903388977050781
80 0 437431 80 0.039121150970458984
79 0 429747 79 0.03597688674926758
0 80 429747 2048 0.08236908912658691
0 80 431795 2048 0.09029436111450195
0 80 433843 2048 0.09534144401550293
0 79 427622 2048 0.1005849838256836
0 80 429670 2048 0.083770751953125
0 80 431718 2048 0.09008669853210449
0 80 433766 2048 0.0979912281036377
0 80 435814 514 0.04413485527038574
80 0 436408 80 0.04020500183105469
80 0 436488 80 0.03962564468383789
80 0 436568 80 0.0395967960357666
80 0 436648 80 0.03946328163146973
80 0 436728 80 0.039438486099243164
80 0 436808 80 0.03956198692321777
80 0 436888 80 0.03960824012756348
80 0 436968 80 0.03954815864562988
80 0 437048 80 0.03945660591125488
80 0 437128 80 0.03943181037902832
80 0 437208 80 0.039331674575805664
80 0 437288 80 0.039330244064331055
80 0 437368 80 0.03935432434082031
80 0 437448 80 0.039365291595458984
80 0 437528 80 0.03941178321838379
80 0 437608 80 0.03948235511779785
80 0 437688 80 0.03949379920959473
80 0 437768 80 0.039380550384521484
80 0 437848 80 0.03938579559326172
80 0 437928 80 0.03936457633972168
80 0 438008 80 0.039359092712402344
80 0 438088 80 0.039459943771362305
80 0 438168 80 0.039511680603027344
79 0 428760 79 0.03700542449951172
0 80 428760 2048 0.08135676383972168
0 80 430808 2048 0.0904092788696289
0 80 432856 2048 0.09599709510803223
0 80 434904 310 0.0348200798034668
80 0 435294 80 0.040077924728393555
80 0 435374 80 0.0396580696105957
80 0 435454 80 0.039705514907836914
80 0 435534 80 0.039711713790893555
80 0 435614 80 0.03971385955810547
80 0 435694 80 0.03969860076904297
80 0 435774 80 0.03969883918762207
80 0 435854 80 0.03953719139099121
80 0 435934 80 0.03944802284240723
80 0 436014 80 0.03944253921508789
80 0 436094 80 0.039498090744018555
80 0 436174 80 0.03958439826965332
80 0 436254 80 0.03956103324890137
80 0 436334 80 0.03947949409484863
80 0 436414 80 0.03945112228393555
80 0 436494 80 0.03946661949157715
80 0 436574 80 0.039456844329833984
80 0 436654 80 0.03952169418334961
80 0 436734 80 0.03963422775268555
80 0 436814 80 0.03959178924560547
80 0 436894 80 0.03950834274291992
80 0 436974 80 0.03949880599975586
80 0 437054 80 0.03949785232543945
80 0 437134 80 0.03951287269592285
80 0 437214 80 0.03959369659423828
80 0 437294 80 0.039618492126464844
80 0 437374 80 0.039624691009521484
80 0 437454 80 0.03954195976257324
80 0 437534 80 0.03953385353088379
80 0 437614 80 0.039563894271850586
80 0 437694 80 0.0395655632019043
80 0 437774 80 0.03962898254394531
80 0 437854 80 0.03966259956359863
79 0 432245 79 0.03964042663574219
0 80 432245 2048 0.08115029335021973
0 80 434293 2048 0.08977675437927246
0 80 436341 1486 0.08092021942138672
80 0 437907 80 0.041747331619262695
80 0 437987 80 0.04044818878173828
80 0 438067 80 0.040081024169921875
80 0 438147 80 0.03995203971862793
80 0 438227 80 0.03993535041809082
80 0 438307 80 0.039984703063964844
80 0 438387 80 0.040014028549194336
80 0 438467 80 0.04003477096557617
80 0 438547 80 0.03992033004760742
80 0 438627 80 0.0398097038269043
80 0 438707 80 0.03977465629577637
80 0 438787 80 0.03975844383239746
80 0 438867 80 0.03982973098754883
80 0 438947 80 0.039864301681518555
80 0 439027 80 0.03982186317443848
80 0 439107 80 0.03978586196899414
80 0 439187 80 0.039809465408325195
79 0 431245 79 0.0393061637878418
0 80 431245 2048 0.08380627632141113
0 80 433293 2048 0.09118437767028809
0 80 435341 2048 0.09619808197021484
0 80 437389 2048 0.10208010673522949
0 80 439437 286 0.035613298416137695
80 0 439803 80 0.04020547866821289
80 0 439883 80 0.0399169921875
79 0 434889 79 0.03759193420410156
0 80 434889 1422 0.06920313835144043
80 0 436391 80 0.038420677185058594
80 0 436471 80 0.037752628326416016
80 0 436551 80 0.03769063949584961
80 0 436631 80 0.03766894340515137
80 0 436711 80 0.03757619857788086
80 0 436791 80 0.03755831718444824
80 0 436871 80 0.03754925727844238
80 0 436951 80 0.03756284713745117
80 0 437031 80 0.03746461868286133
80 0 437111 80 0.037393808364868164
80 0 437191 80 0.037412166595458984
80 0 437271 80 0.037468671798706055
80 0 437351 80 0.03751873970031738
80 0 437431 80 0.03754281997680664
80 0 437511 80 0.037513017654418945
80 0 437591 80 0.03739118576049805
80 0 437671 80 0.03747391700744629
80 0 437751 80 0.03747749328613281
80 0 437831 80 0.03748512268066406
80 0 437911 80 0.037442684173583984
80 0 437991 80 0.03743171691894531
80 0 438071 80 0.037523508071899414
80 0 438151 80 0.037520408630371094
80 0 438231 80 0.03752732276916504
80 0 438311 80 0.037433624267578125
80 0 438391 80 0.03743314743041992
80 0 438471 80 0.03757309913635254
79 0 431478 79 0.03769421577453613
0 80 431478 2048 0.08231949806213379
0 81 433526 2048 0.08788919448852539
0 81 435574 2048 0.08582878112792969
0 81 437622 345 0.03777360916137695
81 0 438048 81 0.040047645568847656
81 0 438129 81 0.039710044860839844
81 0 438210 81 0.03980112075805664
81 0 438291 81 0.03979158401489258
81 0 438372 81 0.03981661796569824
81 0 438453 81 0.03981804847717285
81 0 438534 81 0.0397791862487793
81 0 438615 81 0.039618492126464844
81 0 438696 81 0.039606332778930664
81 0 438777 81 0.03964495658874512
81 0 438858 81 0.03968310356140137
81 0 438939 81 0.03958439826965332
81 0 439020 81 0.039597511291503906
80 0 436647 80 0.03824448585510254
80 0 436727 80 0.03827667236328125
79 0 429244 79 0.037142038345336914
0 80 429244 2048 0.08494830131530762
0 80 431292 2048 0.09064745903015137
0 80 433340 2048 0.09620881080627441
0 80 427632 2048 0.08851456642150879
0 80 429680 2048 0.08753466606140137
0 80 431728 2048 0.0936126708984375
0 81 433776 2048 0.08968949317932129
0 81 435824 2048 0.08885359764099121
0 81 437872 2048 0.09362912178039551
0 81 439920 481 0.040293216705322266
81 0 440482 81 0.04170584678649902
81 0 440563 81 0.040985822677612305
81 0 440644 81 0.041021108627319336
80 0 434154 80 0.037103891372680664
0 81 434154 2048 0.08279848098754883
0 81 436202 1695 0.0826406478881836
81 0 437978 81 0.04195547103881836
80 0 434943 80 0.03725123405456543
80 0 435023 80 0.03680562973022461
80 0 435103 80 0.03685259819030762
80 0 435183 80 0.036859750747680664
80 0 435263 80 0.036873817443847656
80 0 435343 80 0.03688812255859375
80 0 435423 80 0.036862850189208984
79 0 426952 79 0.03719305992126465
0 80 426952 2048 0.08291816711425781
0 80 429000 2048 0.09077000617980957
0 80 431048 2048 0.0959019660949707
0 81 433096 2048 0.0973060131072998
0 81 435144 2048 0.08643865585327148
0 81 437192 1506 0.07703351974487305
81 0 438779 81 0.03981637954711914
81 0 438860 81 0.03758502006530762
81 0 438941 81 0.03728461265563965
81 0 439022 81 0.03720235824584961
81 0 439103 81 0.037216901779174805
81 0 439184 81 0.03720879554748535
81 0 439265 81 0.03720259666442871
81 0 439346 81 0.037209510803222656
81 0 439427 81 0.03722023963928223
81 0 439508 81 0.03714704513549805
81 0 439589 81 0.03717756271362305
81 0 439670 81 0.03708791732788086
81 0 439751 81 0.037068843841552734
81 0 439832 81 0.03709053993225098
81 0 439913 81 0.03710007667541504
81 0 439994 81 0.03710651397705078
81 0 440075 81 0.03701496124267578
81 0 440156 81 0.03701591491699219
81 0 440237 81 0.03712129592895508
81 0 440318 81 0.037154197692871094
81 0 440399 81 0.03714275360107422
80 0 436093 80 0.036778926849365234
0 81 436093 2048 0.08489251136779785
0 81 438141 956 0.05108284950256348
81 0 439178 81 0.03777575492858887
81 0 439259 81 0.03730368614196777
81 0 439340 81 0.0373845100402832
81 0 439421 81 0.03737330436706543
81 0 439502 81 0.03737163543701172
80 0 432602 80 0.036676645278930664
0 81 432602 2048 0.08365154266357422
0 81 434650 2048 0.09147906303405762
0 82 436698 2048 0.08827805519104004
0 82 438746 728 0.04714226722717285
82 0 439556 82 0.04052543640136719
82 0 439638 82 0.04009604454040527
82 0 439720 82 0.03995370864868164
81 0 430939 81 0.03745746612548828
0 82 430939 2048 0.08249378204345703
0 83 432987 2048 0.08585000038146973
0 83 435035 2048 0.08815479278564453
0 83 437083 2048 0.09397435188293457
0 83 439131 835 0.0524599552154541
83 0 440049 83 0.03856158256530762
83 0 440132 83 0.03768110275268555
82 0 435734 82 0.0390017032623291
0 83 435734 2048 0.08348631858825684
0 83 437782 2048 0.09108877182006836
0 83 439830 1502 0.0796971321105957
83 0 441415 83 0.039389610290527344
83 0 441498 83 0.03895115852355957
83 0 441581 83 0.038942813873291016
83 0 441664 83 0.03903627395629883
83 0 441747 83 0.03910326957702637
83 0 441830 83 0.03921794891357422
82 0 434563 82 0.03998279571533203
82 0 434645 82 0.039815425872802734
82 0 434727 82 0.039702415466308594
82 0 434809 82 0.03971505165100098
82 0 434891 82 0.039719581604003906
81 0 427448 81 0.040262699127197266
0 82 427448 2048 0.08221817016601562
0 82 429496 2048 0.09330534934997559
0 82 431544 2048 0.09646773338317871
0 82 433592 2048 0.10077691078186035
0 83 435640 2048 0.08550190925598145
0 83 437688 939 0.05125069618225098
83 0 438710 83 0.03998231887817383
83 0 438793 83 0.03915071487426758
83 0 438876 83 0.03896737098693848
83 0 438959 83 0.038913726806640625
83 0 439042 83 0.0389409065246582
83 0 439125 83 0.03893852233886719
82 0 435837 82 0.03675055503845215
0 83 435837 2048 0.08360815048217773
0 83 437885 2048 0.09148669242858887
0 83 439933 1033 0.05889582633972168
83 0 441049 83 0.03899407386779785
83 0 441132 83 0.03777933120727539
83 0 441215 83 0.03744077682495117
83 0 441298 83 0.037427425384521484
82 0 438153 82 0.038280487060546875
82 0 438235 82 0.03824758529663086
81 0 432561 81 0.03564000129699707
0 82 432561 2048 0.08283472061157227
0 82 434609 2048 0.09117245674133301
0 82 436657 2048 0.09565997123718262
0 82 438705 724 0.05106067657470703
82 0 439511 82 0.03870391845703125
82 0 439593 82 0.037973880767822266
81 0 436859 81 0.04113316535949707
81 0 436940 81 0.04129815101623535
81 0 437021 81 0.04115033149719238
81 0 437102 81 0.041266679763793945
81 0 437183 81 0.041277170181274414
81 0 437264 81 0.04112386703491211
81 0 437345 81 0.041116952896118164
81 0 437426 81 0.04100203514099121
81 0 437507 81 0.0410001277923584
81 0 437588 81 0.04097175598144531
81 0 437669 81 0.04114484786987305
81 0 437750 81 0.04108905792236328
81 0 437831 81 0.04088234901428223
81 0 437912 81 0.04088163375854492
81 0 437993 81 0.04103684425354004
81 0 438074 81 0.04090452194213867
81 0 438155 81 0.04099845886230469
81 0 438236 81 0.04114651679992676
81 0 438317 81 0.0409848690032959
81 0 438398 81 0.04095816612243652
81 0 438479 81 0.040901899337768555
81 0 438560 81 0.041017770767211914
81 0 438641 81 0.041138410568237305
81 0 438722 81 0.04114961624145508
81 0 438803 81 0.04117918014526367
81 0 438884 81 0.040975332260131836
81 0 438965 81 0.04094052314758301
81 0 439046 81 0.040952205657958984
81 0 439127 81 0.041054725646972656
81 0 439208 81 0.04105973243713379
81 0 439289 81 0.04117274284362793
81 0 439370 81 0.041168928146362305
81 0 439451 81 0.040992021560668945
81 0 439532 81 0.040990352630615234
81 0 439613 81 0.04111123085021973
81 0 439694 81 0.04111647605895996
81 0 439775 81 0.0409998893737793
80 0 431646 80 0.03781700134277344
0 81 431646 2048 0.08391785621643066
0 81 433694 2048 0.09077143669128418
0 81 435742 2048 0.09668159484863281
0 81 430388 2048 0.09356379508972168
0 81 432436 2048 0.08744359016418457
0 81 434484 2016 0.09203958511352539
81 0 436581 81 0.04245114326477051
81 0 436662 81 0.04119133949279785
81 0 436743 81 0.041048288345336914
81 0 436824 81 0.04107856750488281
81 0 436905 81 0.041081905364990234
81 0 436986 81 0.04107546806335449
81 0 437067 81 0.04103374481201172
81 0 437148 81 0.04102516174316406
81 0 437229 81 0.0408015251159668
81 0 437310 81 0.04083585739135742
81 0 437391 81 0.04083871841430664
81 0 437472 81 0.04080915451049805
81 0 437553 81 0.040847063064575195
81 0 437634 81 0.04088473320007324
81 0 437715 81 0.04083752632141113
81 0 437796 81 0.04083847999572754
81 0 437877 81 0.04084920883178711
81 0 437958 81 0.04085421562194824
81 0 438039 81 0.040859222412109375
81 0 438120 81 0.04085278511047363
81 0 438201 81 0.04087948799133301
81 0 438282 81 0.040856361389160156
81 0 438363 81 0.040917158126831055
81 0 438444 81 0.040918588638305664
81 0 438525 81 0.04087233543395996
81 0 438606 81 0.04091238975524902
81 0 438687 81 0.0409088134765625
81 0 438768 81 0.04088759422302246
81 0 438849 81 0.04090595245361328
81 0 438930 81 0.0409088134765625
81 0 439011 81 0.04087638854980469
81 0 439092 81 0.04095888137817383
81 0 439173 81 0.040938377380371094
81 0 439254 81 0.04094815254211426
81 0 439335 81 0.040944576263427734
81 0 439416 81 0.04094696044921875
80 0 433875 80 0.03686261177062988
80 0 433955 80 0.036895036697387695
80 0 434035 80 0.03690385818481445
80 0 434115 80 0.03687167167663574
80 0 434195 80 0.03696036338806152
80 0 434275 80 0.03694891929626465
80 0 434355 80 0.03695416450500488
80 0 434435 80 0.03689932823181152
80 0 434515 80 0.03688859939575195
80 0 434595 80 0.037038564682006836
80 0 434675 80 0.0369868278503418
80 0 434755 80 0.03695559501647949
80 0 434835 80 0.03690791130065918
80 0 434915 80 0.03695487976074219
80 0 434995 80 0.0370028018951416
80 0 435075 80 0.03703022003173828
80 0 435155 80 0.037001848220825195
80 0 435235 80 0.03693652153015137
80 0 435315 80 0.03693079948425293
80 0 435395 80 0.03710150718688965
80 0 435475 80 0.037015676498413086
80 0 435555 80 0.037024736404418945
79 0 430973 79 0.036405086517333984
0 80 430973 2048 0.08352231979370117
0 80 433021 2048 0.09118199348449707
0 79 432166 2048 0.09651803970336914
0 79 434214 2048 0.10150289535522461
0 79 436262 369 0.038923025131225586
79 0 436710 79 0.037679433822631836
79 0 436789 79 0.03729414939880371
79 0 436868 79 0.03725099563598633
79 0 436947 79 0.03723955154418945
79 0 437026 79 0.037251949310302734
79 0 437105 79 0.03738880157470703
79 0 437184 79 0.037367820739746094
79 0 437263 79 0.037361860275268555
78 0 429419 78 0.038710594177246094
0 79 429419 2048 0.08343029022216797
0 79 431467 2048 0.09059548377990723
0 79 433515 2048 0.09609293937683105
0 79 435563 549 0.05577588081359863
79 0 436191 79 0.036931753158569336
79 0 436270 79 0.036833763122558594
79 0 436349 79 0.03679513931274414
79 0 436428 79 0.036814212799072266
79 0 436507 79 0.03687310218811035
79 0 436586 79 0.03691506385803223
79 0 436665 79 0.03689265251159668
79 0 436744 79 0.036606550216674805
79 0 436823 79 0.036611318588256836
79 0 436902 79 0.03664112091064453
79 0 436981 79 0.03675532341003418
79 0 437060 79 0.03674197196960449
79 0 437139 79 0.03669571876525879
79 0 437218 79 0.03665447235107422
79 0 437297 79 0.03675484657287598
79 0 437376 79 0.03676605224609375
79 0 437455 79 0.03673911094665527
79 0 437534 79 0.03667569160461426
79 0 437613 79 0.036675453186035156
79 0 437692 79 0.03674721717834473
79 0 437771 79 0.03676962852478027
79 0 437850 79 0.03669905662536621
79 0 437929 79 0.03668975830078125
79 0 438008 79 0.03668332099914551
78 0 435198 78 0.0398249626159668
78 0 435276 78 0.03985142707824707
78 0 435354 78 0.03978919982910156
78 0 435432 78 0.039798736572265625
78 0 435510 78 0.03979015350341797
78 0 435588 78 0.039781808853149414
78 0 435666 78 0.03978109359741211
78 0 435744 78 0.03984427452087402
78 0 435822 78 0.039900779724121094
78 0 435900 78 0.03983807563781738
78 0 435978 78 0.03985476493835449
78 0 436056 78 0.03982877731323242
78 0 436134 78 0.03983664512634277
78 0 436212 78 0.03986763954162598
78 0 436290 78 0.03990936279296875
77 0 429965 77 0.03793215751647949
0 78 429965 2048 0.08403754234313965
0 78 432013 2048 0.08974528312683105
0 78 434061 2048 0.09605860710144043
0 78 436109 1820 0.09562444686889648
78 0 438007 78 0.04116058349609375
78 0 438085 78 0.04010128974914551
78 0 438163 78 0.039667367935180664
78 0 438241 78 0.03963208198547363
78 0 438319 78 0.039658308029174805
78 0 438397 78 0.03959226608276367
77 0 429978 77 0.03694510459899902
0 78 429978 2048 0.08225655555725098
0 78 432026 2048 0.09033370018005371
0 78 434074 2048 0.09565353393554688
0 79 436122 2048 0.08714151382446289
0 79 438170 1399 0.07327556610107422
79 0 439648 79 0.03943133354187012
79 0 439727 79 0.03829312324523926
79 0 439806 79 0.0380864143371582
79 0 439885 79 0.038065195083618164
79 0 439964 79 0.03801560401916504
79 0 440043 79 0.03800177574157715
79 0 440122 79 0.038068294525146484
79 0 440201 79 0.0380551815032959
79 0 440280 79 0.03790593147277832
79 0 440359 79 0.037900447845458984
78 0 433175 78 0.03890180587768555
78 0 433253 78 0.038842201232910156
78 0 433331 78 0.038867950439453125
78 0 433409 78 0.038902997970581055
78 0 433487 78 0.038919925689697266
78 0 433565 78 0.038878440856933594
78 0 433643 78 0.038886308670043945
78 0 433721 78 0.03891277313232422
78 0 433799 78 0.03895902633666992
78 0 433877 78 0.03892803192138672
78 0 433955 78 0.0388491153717041
78 0 434033 78 0.03885316848754883
78 0 434111 78 0.03889012336730957
78 0 434189 78 0.038874149322509766
78 0 434267 78 0.038881778717041016
77 0 430996 77 0.03849649429321289
0 78 430996 2048 0.08422565460205078
0 78 433044 2048 0.09141254425048828
0 78 435092 2048 0.0957949161529541
0 78 437140 1226 0.0657203197479248
78 0 438444 78 0.04142022132873535
78 0 438522 78 0.03979897499084473
78 0 438600 78 0.039362192153930664
78 0 438678 78 0.03933262825012207
78 0 438756 78 0.03936290740966797
78 0 438834 78 0.03938651084899902
78 0 438912 78 0.03937578201293945
78 0 438990 78 0.039370059967041016
78 0 439068 78 0.039368391036987305
78 0 439146 78 0.039164066314697266
78 0 439224 78 0.03924083709716797
78 0 439302 78 0.039167165756225586
78 0 439380 78 0.039130210876464844
78 0 439458 78 0.03914618492126465
78 0 439536 78 0.039200544357299805
77 0 432671 77 0.039795875549316406
0 78 432671 2048 0.08177876472473145
0 79 434719 2048 0.08890080451965332
0 79 436767 2048 0.08613133430480957
0 79 438815 924 0.05134749412536621
79 0 439818 79 0.041253089904785156
79 0 439897 79 0.04060101509094238
79 0 439976 79 0.03997802734375
79 0 440055 79 0.039983510971069336
79 0 440134 79 0.040090084075927734
79 0 440213 79 0.04013371467590332
79 0 440292 79 0.039995431900024414
79 0 440371 79 0.039984941482543945
79 0 440450 79 0.03983664512634277
79 0 440529 79 0.03980755805969238
79 0 440608 79 0.03980827331542969
79 0 440687 79 0.03980207443237305
79 0 440766 79 0.03985762596130371
79 0 440845 79 0.039864540100097656
79 0 440924 79 0.03983569145202637
79 0 441003 79 0.03991508483886719
79 0 441082 79 0.03995847702026367
79 0 441161 79 0.03996586799621582
79 0 441240 79 0.03984951972961426
79 0 441319 79 0.03986358642578125
79 0 441398 79 0.039878129959106445
79 0 441477 79 0.03991866111755371
79 0 441556 79 0.03995990753173828
79 0 441635 79 0.04001164436340332
79 0 441714 79 0.039969682693481445
79 0 441793 79 0.039881229400634766
79 0 441872 79 0.03990054130554199
79 0 441951 79 0.04002881050109863
79 0 442030 79 0.040018558502197266
79 0 442109 79 0.03996753692626953
79 0 442188 79 0.03994035720825195
79 0 442267 79 0.039876461029052734
78 0 432253 78 0.03887677192687988
0 78 423895 2047 0.0831899642944336
0 78 425942 2048 0.09018158912658691
0 79 427990 2048 0.08685493469238281
0 79 426071 2048 0.08744621276855469
0 79 428119 2048 0.08335065841674805
0 79 430167 2048 0.0906515121459961
0 80 432215 2048 0.09064221382141113
0 80 434263 2048 0.08706331253051758
0 80 436311 930 0.05111360549926758
79 0 431312 79 0.039102792739868164
0 80 431312 2048 0.0828711986541748
0 80 433360 2048 0.09048128128051758
0 80 435408 1168 0.060630083084106445
80 0 436656 80 0.039788246154785156
80 0 436736 80 0.037731170654296875
80 0 436816 80 0.037233591079711914
80 0 436896 80 0.037177085876464844
80 0 436976 80 0.0371701717376709
79 0 433658 79 0.03802084922790527
0 80 433658 2048 0.08281230926513672
0 80 435706 2048 0.08996438980102539
0 81 437754 2048 0.08694219589233398
0 81 439802 226 0.032195329666137695
81 0 440109 81 0.040106773376464844
81 0 440190 81 0.039716482162475586
81 0 440271 81 0.039459228515625
81 0 440352 81 0.03946638107299805
81 0 440433 81 0.03951668739318848
81 0 440514 81 0.03948235511779785
81 0 440595 81 0.039504051208496094
81 0 440676 81 0.03948664665222168
81 0 440757 81 0.03934741020202637
81 0 440838 81 0.03931760787963867
81 0 440919 81 0.039376258850097656
81 0 441000 81 0.03926658630371094
81 0 441081 81 0.03924918174743652
81 0 441162 81 0.03932380676269531
81 0 441243 81 0.03937363624572754
81 0 441324 81 0.03932309150695801
81 0 441405 81 0.03927731513977051
81 0 441486 81 0.03927135467529297
81 0 441567 81 0.03938126564025879
81 0 441648 81 0.039399147033691406
81 0 441729 81 0.03931760787963867
81 0 441810 81 0.03928685188293457
81 0 441891 81 0.0393528938293457
81 0 441972 81 0.039360761642456055
81 0 442053 81 0.0394132137298584
81 0 442134 81 0.039348602294921875
80 0 436525 80 0.036188364028930664
0 81 436525 2048 0.08361172676086426
0 81 433967 2048 0.08905792236328125
0 81 436015 2048 0.08586740493774414
0 81 438063 681 0.047545433044433594
81 0 438825 81 0.03956437110900879
81 0 438906 81 0.03902482986450195
81 0 438987 81 0.03894352912902832
81 0 439068 81 0.038956642150878906
81 0 439149 81 0.03898215293884277
81 0 439230 81 0.03904294967651367
81 0 439311 81 0.03902244567871094
81 0 439392 81 0.038927316665649414
81 0 439473 81 0.03870534896850586
81 0 439554 81 0.03886222839355469
81 0 439635 81 0.03890371322631836
81 0 439716 81 0.03891921043395996
81 0 439797 81 0.03887677192687988
81 0 439878 81 0.038918256759643555
81 0 439959 81 0.03881978988647461
81 0 440040 81 0.03878378868103027
81 0 440121 81 0.03885197639465332
81 0 440202 81 0.03892803192138672
81 0 440283 81 0.03889012336730957
81 0 440364 81 0.03883218765258789
81 0 440445 81 0.03883767127990723
81 0 440526 81 0.0389554500579834
81 0 440607 81 0.03897237777709961
80 0 431772 80 0.03532743453979492
0 81 431772 2048 0.08065915107727051
0 81 433820 2048 0.09026503562927246
0 81 435868 2048 0.09535503387451172
0 81 437916 2033 0.10234761238098145
81 0 440030 81 0.04240751266479492
81 0 440111 81 0.04066610336303711
81 0 440192 81 0.04026532173156738
81 0 440273 81 0.04023385047912598
80 0 436877 80 0.037378549575805664
0 81 436877 2048 0.08266806602478027
0 81 438925 2048 0.09039092063903809
0 81 440973 159 0.03096628189086914
81 0 441213 81 0.04006361961364746
81 0 441294 81 0.03927421569824219
81 0 441375 81 0.03926348686218262
81 0 441456 81 0.039275169372558594
81 0 441537 81 0.039318084716796875
81 0 441618 81 0.039431095123291016
80 0 432641 80 0.03719830513000488
0 81 432641 2048 0.08409285545349121
0 81 434689 2048 0.09043645858764648
0 81 436737 2048 0.09581494331359863
0 81 438785 1210 0.06488704681396484
81 0 440076 81 0.04027605056762695
81 0 440157 81 0.03896188735961914
81 0 440238 81 0.03877520561218262
81 0 440319 81 0.038797616958618164
81 0 440400 81 0.03878378868103027
81 0 440481 81 0.038767337799072266
80 0 435687 80 0.03734135627746582
80 0 435767 80 0.03743886947631836
80 0 435847 80 0.037400245666503906
80 0 435927 80 0.03713583946228027
80 0 436007 80 0.037070274353027344
80 0 436087 80 0.03708600997924805
80 0 436167 80 0.03709912300109863
80 0 436247 80 0.03711724281311035
80 0 436327 80 0.03720211982727051
80 0 436407 80 0.03719973564147949
80 0 436487 80 0.037184715270996094
80 0 436567 80 0.037096500396728516
80 0 436647 80 0.037122488021850586
80 0 436727 80 0.037285566329956055
80 0 436807 80 0.03723502159118652
79 0 431161 79 0.036651611328125
79 0 431240 79 0.036632537841796875
79 0 431319 79 0.036633968353271484
79 0 431398 79 0.03667879104614258
78 0 427979 78 0.03870892524719238
0 79 427979 2048 0.0818777084350586
0 79 430027 2048 0.09087586402893066
0 79 432075 2048 0.0998232364654541
0 79 434123 1464 0.08316230773925781
79 0 435666 79 0.04053378105163574
79 0 435745 79 0.03935956954956055
79 0 435824 79 0.03902244567871094
79 0 435903 79 0.039014577865600586
79 0 435982 79 0.038956642150878906
79 0 436061 79 0.03893542289733887
79 0 436140 79 0.03899955749511719
79 0 436219 79 0.0389094352722168
79 0 436298 79 0.03876233100891113
79 0 436377 79 0.038718461990356445
79 0 436456 79 0.03878307342529297
79 0 436535 79 0.03881430625915527
79 0 436614 79 0.03881263732910156
79 0 436693 79 0.03883075714111328
79 0 436772 79 0.03876328468322754
79 0 436851 79 0.03874778747558594
79 0 436930 79 0.03875422477722168
79 0 437009 79 0.038861989974975586
79 0 437088 79 0.03882026672363281
79 0 437167 79 0.038773298263549805
79 0 437246 79 0.0387728214263916
79 0 437325 79 0.038816213607788086
79 0 437404 79 0.038863420486450195
79 0 437483 79 0.0388491153717041
79 0 437562 79 0.03874945640563965
79 0 437641 79 0.03878664970397949
79 0 437720 79 0.03886723518371582
79 0 437799 79 0.038921356201171875
79 0 437878 79 0.03885316848754883
79 0 437957 79 0.03876686096191406
79 0 438036 79 0.03881978988647461
79 0 438115 79 0.03889608383178711
79 0 438194 79 0.03886270523071289
79 0 438273 79 0.038869619369506836
79 0 438352 79 0.03884267807006836
79 0 438431 79 0.038857221603393555
79 0 438510 79 0.038837432861328125
79 0 438589 79 0.03881716728210449
79 0 438668 79 0.038926124572753906
79 0 438747 79 0.0389404296875
79 0 438826 79 0.03885197639465332
79 0 438905 79 0.038909196853637695
79 0 438984 79 0.038933515548706055
79 0 439063 79 0.03899431228637695
79 0 439142 79 0.03897714614868164
79 0 439221 79 0.03890371322631836
79 0 439300 79 0.03891944885253906
79 0 439379 79 0.038910627365112305
79 0 439458 79 0.03890848159790039
79 0 439537 79 0.03895974159240723
79 0 439616 79 0.03899693489074707
79 0 439695 79 0.03902745246887207
79 0 439774 79 0.03893256187438965
79 0 439853 79 0.03892993927001953
79 0 439932 79 0.038942813873291016
79 0 440011 79 0.03892707824707031
79 0 440090 79 0.03895449638366699
79 0 440169 79 0.039071083068847656
79 0 440248 79 0.03905081748962402
77 0 429377 77 0.03793168067932129
0 78 429377 2048 0.08250880241394043
0 78 431425 2048 0.08944964408874512
0 78 433473 893 0.05097007751464844
78 0 434444 78 0.03931069374084473
78 0 434522 78 0.038394927978515625
78 0 434600 78 0.03822779655456543
78 0 434678 78 0.03817296028137207
78 0 434756 78 0.03818154335021973
78 0 434834 78 0.038231611251831055
78 0 434912 78 0.038269996643066406
78 0 434990 78 0.038252830505371094
78 0 435068 78 0.03804469108581543
78 0 435146 78 0.03798937797546387
78 0 435224 78 0.03809952735900879
78 0 435302 78 0.03809404373168945
78 0 435380 78 0.03810453414916992
78 0 435458 78 0.038043975830078125
78 0 435536 78 0.03807377815246582
78 0 435614 78 0.038149118423461914
78 0 435692 78 0.03813314437866211
78 0 435770 78 0.038091182708740234
78 0 435848 78 0.038088083267211914
78 0 435926 78 0.038086891174316406
78 0 436004 78 0.0381467342376709
78 0 436082 78 0.03817558288574219
78 0 436160 78 0.038137197494506836
78 0 436238 78 0.038094282150268555
78 0 436316 78 0.03812384605407715
78 0 436394 78 0.038198232650756836
78 0 436472 78 0.03819441795349121
78 0 436550 78 0.03812813758850098
78 0 436628 78 0.03812432289123535
78 0 436706 78 0.03812408447265625
77 0 429451 77 0.03549337387084961
0 78 429451 2048 0.08388113975524902
0 78 431499 2048 0.09063315391540527
0 78 433547 2048 0.09637975692749023
0 79 435595 2048 0.08703088760375977
0 79 437643 2048 0.08885455131530762
0 79 439691 1004 0.05339550971984863
78 0 437070 78 0.03838181495666504
0 79 437070 2048 0.08304834365844727
0 79 439118 832 0.05045056343078613
79 0 440029 79 0.0385890007019043
79 0 440108 79 0.03757762908935547
79 0 440187 79 0.03741812705993652
79 0 440266 79 0.03745532035827637
79 0 440345 79 0.03745532035827637
79 0 440424 79 0.03742408752441406
79 0 440503 79 0.03745841979980469
79 0 440582 79 0.037412405014038086
79 0 440661 79 0.03738117218017578
79 0 440740 79 0.03722858428955078
79 0 440819 79 0.03727531433105469
79 0 440898 79 0.03728938102722168
78 0 430947 78 0.03595137596130371
0 79 430947 2048 0.08251023292541504
0 79 432995 2048 0.08899641036987305
0 79 435043 2048 0.09529566764831543
0 79 437091 2048 0.10028386116027832
0 79 439139 280 0.0346529483795166
79 0 439498 79 0.03716325759887695
79 0 439577 79 0.036840200424194336
79 0 439656 79 0.036826372146606445
78 0 435364 78 0.03726387023925781
0 78 428767 2047 0.08012676239013672
0 79 430814 2048 0.08819174766540527
0 79 432862 2048 0.08316421508789062
0 79 434910 2048 0.08948254585266113
0 78 431542 2048 0.09563803672790527
0 79 433590 2048 0.0991978645324707
0 79 435638 2048 0.08390998840332031
0 79 437686 2048 0.09049749374389648
0 79 439734 599 0.047144412994384766
78 0 435674 78 0.038283348083496094
78 0 435752 78 0.03805088996887207
78 0 435830 78 0.03805875778198242
78 0 435908 78 0.03807711601257324
78 0 435986 78 0.03815627098083496
78 0 436064 78 0.03814291954040527
78 0 436142 78 0.038027286529541016
78 0 436220 78 0.0379025936126709
78 0 436298 78 0.037863731384277344
78 0 436376 78 0.0378725528717041
78 0 436454 78 0.03788113594055176
78 0 436532 78 0.03784823417663574
78 0 436610 78 0.03786611557006836
77 0 433208 77 0.03786802291870117
77 0 433285 77 0.03793191909790039
77 0 433362 77 0.03792691230773926
77 0 433439 77 0.03783154487609863
77 0 433516 77 0.03786063194274902
77 0 433593 77 0.0378875732421875
76 0 426035 76 0.03662681579589844
0 77 426035 2048 0.07939720153808594
0 77 428083 2048 0.08879446983337402
0 77 430131 2048 0.09532499313354492
0 78 432179 2048 0.08387470245361328
0 79 434227 2048 0.0844125747680664
0 79 436275 1489 0.07466864585876465
79 0 437843 79 0.04040956497192383
79 0 437922 79 0.03822922706604004
79 0 438001 79 0.037918806076049805
79 0 438080 79 0.03788924217224121
79 0 438159 79 0.037958383560180664
79 0 438238 79 0.03795313835144043
79 0 438317 79 0.037943363189697266
79 0 438396 79 0.03785586357116699
79 0 438475 79 0.0378575325012207
79 0 438554 79 0.03769803047180176
79 0 438633 79 0.03770780563354492
79 0 438712 79 0.03772115707397461
79 0 438791 79 0.037827491760253906
79 0 438870 79 0.037796974182128906
79 0 438949 79 0.03772258758544922
79 0 439028 79 0.03769040107727051
79 0 439107 79 0.03776049613952637
79 0 439186 79 0.037821054458618164
79 0 439265 79 0.0377962589263916
79 0 439344 79 0.03775143623352051
79 0 439423 79 0.037747859954833984
79 0 439502 79 0.037780046463012695
79 0 439581 79 0.03781414031982422
79 0 439660 79 0.03782320022583008
79 0 439739 79 0.03778791427612305
79 0 439818 79 0.037754058837890625
79 0 439897 79 0.03782224655151367
79 0 439976 79 0.03785872459411621
79 0 440055 79 0.03783726692199707
79 0 440134 79 0.037783145904541016
79 0 440213 79 0.0377650260925293
79 0 440292 79 0.03786587715148926
79 0 440371 79 0.03791689872741699
79 0 440450 79 0.037876129150390625
79 0 440529 79 0.037821292877197266
79 0 440608 79 0.03783702850341797
79 0 440687 79 0.03789997100830078
79 0 440766 79 0.037906646728515625
78 0 435834 78 0.037851810455322266
0 79 435834 2048 0.08290290832519531
0 78 434650 2048 0.09007406234741211
0 78 429735 2048 0.09378838539123535
0 78 431783 2048 0.08349108695983887
0 78 433831 2048 0.09050512313842773
0 79 435879 2048 0.08550167083740234
0 80 437927 2048 0.08380985260009766
0 80 439975 399 0.03871917724609375
80 0 440454 80 0.03743696212768555
80 0 440534 80 0.03715372085571289
80 0 440614 80 0.03714585304260254
80 0 440694 80 0.03713202476501465
80 0 440774 80 0.0371248722076416
80 0 440854 80 0.0371088981628418
80 0 440934 80 0.03713345527648926
80 0 441014 80 0.03715085983276367
80 0 441094 80 0.03699302673339844
80 0 441174 80 0.03699207305908203
80 0 441254 80 0.03696250915527344
80 0 441334 80 0.036995649337768555
80 0 441414 80 0.03703045845031738
80 0 441494 80 0.03703713417053223
80 0 441574 80 0.03699135780334473
80 0 441654 80 0.036943674087524414
80 0 441734 80 0.036974191665649414
80 0 441814 80 0.03707385063171387
79 0 437912 79 0.037661075592041016
0 80 437912 1622 0.07409954071044922
80 0 439614 80 0.039734601974487305
80 0 439694 80 0.03803515434265137
79 0 435488 79 0.03517746925354004
0 80 435488 2048 0.08331799507141113
0 79 428598 2048 0.09018468856811523
0 79 430646 2048 0.0951375961303711
0 80 432694 2048 0.0877068042755127
0 80 434742 2048 0.0883634090423584
0 80 436790 2048 0.09360933303833008
0 80 431638 2048 0.08346271514892578
0 80 433686 2048 0.08993077278137207
0 81 435734 2048 0.0831918716430664
0 82 437782 2048 0.089141845703125
0 82 439830 735 0.0473477840423584
82 0 440647 82 0.04237055778503418
82 0 440729 82 0.04157257080078125
82 0 440811 82 0.04160666465759277
82 0 440893 82 0.0416109561920166
82 0 440975 82 0.04159998893737793
82 0 441057 82 0.04154491424560547
82 0 441139 82 0.04153895378112793
82 0 441221 82 0.04138970375061035
82 0 441303 82 0.041358232498168945
81 0 437732 81 0.041423797607421875
81 0 437813 81 0.041402578353881836
81 0 437894 81 0.041390180587768555
81 0 437975 81 0.04139065742492676
81 0 438056 81 0.04134082794189453
81 0 438137 81 0.04138445854187012
81 0 438218 81 0.04137611389160156
81 0 438299 81 0.0414426326751709
81 0 438380 81 0.04146265983581543
81 0 438461 81 0.041402339935302734
81 0 438542 81 0.0413818359375
81 0 438623 81 0.04141569137573242
81 0 438704 81 0.041417598724365234
81 0 438785 81 0.041414499282836914
81 0 438866 81 0.04143643379211426
81 0 438947 81 0.04138779640197754
81 0 439028 81 0.041467905044555664
80 0 432339 80 0.03635859489440918
0 80 426926 2047 0.08277297019958496
0 79 426614 2048 0.08900713920593262
0 79 428662 2048 0.09456038475036621
0 80 430710 2048 0.0877695083618164
0 81 432758 2048 0.08283543586730957
0 81 434806 1631 0.07791948318481445
81 0 436518 81 0.03972220420837402
81 0 436599 81 0.038672447204589844
80 0 434285 80 0.03629279136657715
0 80 428878 2047 0.0813591480255127
0 80 430925 2048 0.09062886238098145
0 80 432973 2048 0.09521651268005371
0 80 435021 1698 0.09045815467834473
80 0 436799 80 0.03957724571228027
80 0 436879 80 0.038690805435180664
80 0 436959 80 0.03818106651306152
80 0 437039 80 0.03816103935241699
80 0 437119 80 0.03817558288574219
80 0 437199 80 0.038199663162231445
80 0 437279 80 0.0381772518157959
80 0 437359 80 0.03821587562561035
79 0 430842 79 0.03491067886352539
0 80 430842 2048 0.0801694393157959
0 80 432890 2048 0.08990669250488281
0 80 434938 1088 0.058052778244018555
80 0 436106 80 0.03900551795959473
80 0 436186 80 0.038027286529541016
80 0 436266 80 0.037567853927612305
80 0 436346 80 0.03756451606750488
80 0 436426 80 0.037583112716674805
80 0 436506 80 0.037606239318847656
80 0 436586 80 0.03764009475708008
80 0 436666 80 0.03756403923034668
80 0 436746 80 0.037543296813964844
80 0 436826 80 0.037352800369262695
80 0 436906 80 0.03737044334411621
80 0 436986 80 0.03737688064575195
80 0 437066 80 0.03750109672546387
80 0 437146 80 0.03747439384460449
80 0 437226 80 0.037499189376831055
80 0 437306 80 0.03743314743041992
80 0 437386 80 0.03742027282714844
79 0 430598 79 0.03641033172607422
0 80 430598 2048 0.0812225341796875
0 80 432646 2048 0.08997988700866699
0 80 434694 2048 0.0945277214050293
0 80 436742 351 0.03757333755493164
80 0 437173 80 0.03833818435668945
79 0 430202 79 0.03628993034362793
0 80 430202 2048 0.08315920829772949
0 80 432250 2048 0.09027290344238281
0 80 434298 2048 0.09563302993774414
0 81 436346 2048 0.09369373321533203
0 81 438394 1508 0.0722818374633789
81 0 439983 81 0.04430055618286133
81 0 440064 81 0.04376530647277832
81 0 440145 81 0.04329085350036621
81 0 440226 81 0.04329228401184082
81 0 440307 81 0.0432741641998291
80 0 437044 80 0.037644147872924805
80 0 437124 80 0.0376739501953125
80 0 437204 80 0.03753376007080078
80 0 437284 80 0.03746294975280762
80 0 437364 80 0.03755021095275879
80 0 437444 80 0.03751730918884277
80 0 437524 80 0.03747677803039551
80 0 437604 80 0.037461042404174805
79 0 432289 79 0.03661489486694336
0 80 432289 2048 0.08304095268249512
0 80 434337 2048 0.09387612342834473
0 80 436385 2048 0.0953516960144043
0 80 438433 723 0.0496363639831543
80 0 439236 80 0.03793978691101074
80 0 439316 80 0.03711056709289551
80 0 439396 80 0.036839962005615234
80 0 439476 80 0.03681516647338867
80 0 439556 80 0.03683018684387207
80 0 439636 80 0.036839962005615234
80 0 439716 80 0.03689002990722656
80 0 439796 80 0.03684234619140625
80 0 439876 80 0.03682374954223633
80 0 439956 80 0.0366668701171875
80 0 440036 80 0.036660194396972656
80 0 440116 80 0.03661966323852539
80 0 440196 80 0.03665947914123535
80 0 440276 80 0.03667879104614258
79 0 438098 79 0.037421464920043945
79 0 438177 79 0.037375450134277344
79 0 438256 79 0.03734636306762695
78 0 429440 78 0.03766036033630371
0 79 429440 2048 0.07984805107116699
0 79 431488 2048 0.09031438827514648
0 79 433536 2048 0.09532427787780762
0 80 435584 2048 0.09750962257385254
0 81 437632 2048 0.0827779769897461
0 81 439680 1327 0.07084131240844727
81 0 441088 81 0.04333949089050293
80 0 433554 80 0.03810453414916992
0 81 433554 2048 0.08151936531066895
0 81 435602 1927 0.0880887508392334
81 0 437610 81 0.04075479507446289
81 0 437691 81 0.039757728576660156
81 0 437772 81 0.03841400146484375
81 0 437853 81 0.03841090202331543
81 0 437934 81 0.03842782974243164
81 0 438015 81 0.03844881057739258
81 0 438096 81 0.03845477104187012
81 0 438177 81 0.038475751876831055
81 0 438258 81 0.03842949867248535
81 0 438339 81 0.0382845401763916
81 0 438420 81 0.038292884826660156
81 0 438501 81 0.0382997989654541
81 0 438582 81 0.03825998306274414
81 0 438663 81 0.038268089294433594
81 0 438744 81 0.038321733474731445
81 0 438825 81 0.038321495056152344
80 0 435124 80 0.03695201873779297
0 81 435124 2048 0.08159232139587402
0 81 437172 2048 0.09074139595031738
0 81 439220 366 0.03747844696044922
81 0 439667 81 0.042696237564086914
81 0 439748 81 0.042330265045166016
81 0 439829 81 0.042322635650634766
81 0 439910 81 0.04227709770202637
81 0 439991 81 0.042296648025512695
81 0 440072 81 0.042298316955566406
81 0 440153 81 0.04228568077087402
81 0 440234 81 0.04207277297973633
81 0 440315 81 0.04211902618408203
81 0 440396 81 0.04211592674255371
81 0 440477 81 0.0420992374420166
81 0 440558 81 0.04211735725402832
81 0 440639 81 0.04211926460266113
81 0 440720 81 0.04212546348571777
81 0 440801 81 0.04213905334472656
81 0 440882 81 0.042128562927246094
81 0 440963 81 0.04217267036437988
81 0 441044 81 0.04213452339172363
81 0 441125 81 0.04221296310424805
81 0 441206 81 0.04227256774902344
81 0 441287 81 0.042233943939208984
81 0 441368 81 0.04219245910644531
81 0 441449 81 0.042182207107543945
81 0 441530 81 0.04220104217529297
81 0 441611 81 0.04225969314575195
81 0 441692 81 0.04225611686706543
81 0 441773 81 0.0423274040222168
81 0 441854 81 0.04226827621459961
81 0 441935 81 0.04224419593811035
81 0 442016 81 0.04231071472167969
81 0 442097 81 0.04227137565612793
81 0 442178 81 0.04226875305175781
80 0 433570 80 0.0364987850189209
0 80 425639 2047 0.08359694480895996
0 80 427686 2048 0.08981966972351074
0 81 429734 2048 0.09506750106811523
0 81 431782 2048 0.08422112464904785
0 81 433830 2048 0.09051871299743652
0 82 435878 2048 0.09390568733215332
0 82 437926 1342 0.06949448585510254
82 0 439350 82 0.0444793701171875
82 0 439432 82 0.043737173080444336
82 0 439514 82 0.04310417175292969
82 0 439596 82 0.04307985305786133
82 0 439678 82 0.04303097724914551
82 0 439760 82 0.0430140495300293
81 0 434633 81 0.04301595687866211
0 82 434633 2048 0.08502030372619629
0 82 436681 2048 0.0905604362487793
0 82 438729 1765 0.08835554122924805
82 0 440576 82 0.04579043388366699
82 0 440658 82 0.043302059173583984
82 0 440740 82 0.04309225082397461
82 0 440822 82 0.04301285743713379
82 0 440904 82 0.042830705642700195
82 0 440986 82 0.04297471046447754
82 0 441068 82 0.043021440505981445
82 0 441150 82 0.04294872283935547
82 0 441232 82 0.04268980026245117
82 0 441314 82 0.04281973838806152
82 0 441396 82 0.042809247970581055
82 0 441478 82 0.042699575424194336
82 0 441560 82 0.04276752471923828
82 0 441642 82 0.0428462028503418
82 0 441724 82 0.04294157028198242
82 0 441806 82 0.042815446853637695
82 0 441888 82 0.0429079532623291
82 0 441970 82 0.042960405349731445
82 0 442052 82 0.04288887977600098
81 0 436917 81 0.03927302360534668
81 0 436998 81 0.03926706314086914
81 0 437079 81 0.039359092712402344
81 0 437160 81 0.03933382034301758
81 0 437241 81 0.03928399085998535
81 0 437322 81 0.03928780555725098
80 0 430405 80 0.035703182220458984
0 81 430405 2048 0.08455419540405273
0 81 432453 2048 0.08933448791503906
0 81 434501 2048 0.0980231761932373
0 81 436549 1282 0.06961297988891602
81 0 437912 81 0.041402578353881836
81 0 437993 81 0.04006028175354004
81 0 438074 81 0.039606571197509766
81 0 438155 81 0.039598703384399414
81 0 438236 81 0.03957009315490723
81 0 438317 81 0.039586544036865234
81 0 438398 81 0.039611101150512695
81 0 438479 81 0.03965330123901367
80 0 433644 80 0.036810874938964844
0 81 433644 2048 0.08357071876525879
0 81 435692 2048 0.09077739715576172
0 81 437740 2048 0.09593939781188965
0 81 439788 252 0.032781362533569336
81 0 440121 81 0.03760027885437012
81 0 440202 81 0.037377119064331055
81 0 440283 81 0.03721046447753906
81 0 440364 81 0.037230491638183594
81 0 440445 81 0.03726363182067871
81 0 440526 81 0.037313222885131836
81 0 440607 81 0.03719663619995117
81 0 440688 81 0.037277936935424805
81 0 440769 81 0.037009477615356445
81 0 440850 81 0.037012577056884766
81 0 440931 81 0.03725242614746094
81 0 441012 81 0.03711962699890137
81 0 441093 81 0.03717374801635742
80 0 434055 80 0.03666949272155762
80 0 434135 80 0.03666877746582031
80 0 434215 80 0.036776065826416016
80 0 434295 80 0.03673052787780762
80 0 434375 80 0.03673219680786133
80 0 434455 80 0.036702632904052734
80 0 434535 80 0.03673982620239258
80 0 434615 80 0.0367283821105957
80 0 434695 80 0.03684663772583008
80 0 434775 80 0.03676128387451172
80 0 434855 80 0.03676319122314453
79 0 430350 79 0.037660837173461914
79 0 430429 79 0.037750244140625
79 0 430508 79 0.0377197265625
79 0 430587 79 0.0376276969909668
79 0 430666 79 0.03762936592102051
79 0 430745 79 0.03771567344665527
79 0 430824 79 0.037735700607299805
79 0 430903 79 0.0377507209777832
79 0 430982 79 0.037663936614990234
79 0 431061 79 0.037653446197509766
79 0 431140 79 0.03769040107727051
79 0 431219 79 0.037729740142822266
79 0 431298 79 0.03774738311767578
79 0 431377 79 0.0376896858215332
79 0 431456 79 0.03767037391662598
79 0 431535 79 0.03773140907287598
79 0 431614 79 0.03777790069580078
79 0 431693 79 0.037786006927490234
79 0 431772 79 0.03771829605102539
79 0 431851 79 0.03773641586303711
79 0 431930 79 0.0377652645111084
79 0 432009 79 0.037824153900146484
79 0 432088 79 0.03780674934387207
79 0 432167 79 0.037781715393066406
79 0 432246 79 0.037744998931884766
79 0 432325 79 0.03781700134277344
79 0 432404 79 0.03783416748046875
79 0 432483 79 0.037815093994140625
79 0 432562 79 0.0377352237701416
79 0 432641 79 0.03778958320617676
79 0 432720 79 0.03783297538757324
79 0 432799 79 0.037843942642211914
79 0 432878 79 0.03781437873840332
79 0 432957 79 0.03775906562805176
79 0 433036 79 0.03779888153076172
79 0 433115 79 0.03785586357116699
79 0 433194 79 0.03784370422363281
79 0 433273 79 0.037871360778808594
79 0 433352 79 0.03783392906188965
79 0 433431 79 0.03780055046081543
79 0 433510 79 0.03791069984436035
79 0 433589 79 0.037909507751464844
79 0 433668 79 0.03790783882141113
79 0 433747 79 0.03784942626953125
79 0 433826 79 0.03780794143676758
79 0 433905 79 0.03795218467712402
79 0 433984 79 0.0379643440246582
79 0 434063 79 0.03794574737548828
79 0 434142 79 0.037821054458618164
79 0 434221 79 0.03790450096130371
79 0 434300 79 0.037932634353637695
78 0 425370 78 0.03716611862182617
0 79 425370 2048 0.08078193664550781
0 79 427418 2048 0.08935785293579102
0 79 429466 2048 0.0959467887878418
0 79 431514 2048 0.10053396224975586
0 80 433562 2048 0.08515596389770508
0 80 435610 1990 0.08976554870605469
80 0 437680 80 0.0399169921875
80 0 437760 80 0.03827929496765137
80 0 437840 80 0.03813457489013672
80 0 437920 80 0.038214683532714844
80 0 438000 80 0.038217782974243164
80 0 438080 80 0.0381932258605957
80 0 438160 80 0.0381317138671875
80 0 438240 80 0.03814578056335449
80 0 438320 80 0.038111209869384766
80 0 438400 80 0.03804278373718262
80 0 438480 80 0.038027048110961914
79 0 429757 79 0.03853178024291992
0 79 426324 2047 0.07952046394348145
0 79 428371 2048 0.08961844444274902
0 79 430419 2048 0.09403800964355469
0 79 432467 2048 0.09893369674682617
0 80 434515 1322 0.06949162483215332
80 0 435917 80 0.0391695499420166
80 0 435997 80 0.03805398941040039
80 0 436077 80 0.03770804405212402
80 0 436157 80 0.03774142265319824
80 0 436237 80 0.03772115707397461
80 0 436317 80 0.037754058837890625
80 0 436397 80 0.03774571418762207
80 0 436477 80 0.03776884078979492
80 0 436557 80 0.03779792785644531
79 0 434401 79 0.03727078437805176
0 80 434401 2048 0.08259391784667969
0 80 436449 754 0.04737424850463867
80 0 437283 80 0.03839683532714844
80 0 437363 80 0.037522315979003906
80 0 437443 80 0.03743100166320801
80 0 437523 80 0.037483930587768555
80 0 437603 80 0.037499427795410156
80 0 437683 80 0.03747892379760742
80 0 437763 80 0.03744983673095703
80 0 437843 80 0.037444114685058594
80 0 437923 80 0.03732752799987793
80 0 438003 80 0.03728008270263672
80 0 438083 80 0.037339210510253906
80 0 438163 80 0.03737974166870117
80 0 438243 80 0.0373837947845459
80 0 438323 80 0.03728485107421875
80 0 438403 80 0.03728365898132324
80 0 438483 80 0.037319183349609375
80 0 438563 80 0.03742170333862305
80 0 438643 80 0.03741598129272461
80 0 438723 80 0.03731799125671387
80 0 438803 80 0.03732132911682129
80 0 438883 80 0.03735494613647461
80 0 438963 80 0.03743267059326172
80 0 439043 80 0.03746676445007324
80 0 439123 80 0.037393808364868164
80 0 439203 80 0.03734898567199707
80 0 439283 80 0.037420034408569336
80 0 439363 80 0.037468910217285156
79 0 435083 79 0.03787589073181152
0 80 435083 2048 0.0811009407043457
0 81 437131 2048 0.08521509170532227
0 81 439179 307 0.03350067138671875
81 0 439567 81 0.04191446304321289
81 0 439648 81 0.04160571098327637
81 0 439729 81 0.041605472564697266
81 0 439810 81 0.04159235954284668
81 0 439891 81 0.041617393493652344
81 0 439972 81 0.04159998893737793
81 0 440053 81 0.04160881042480469
81 0 440134 81 0.041408538818359375
81 0 440215 81 0.041437387466430664
81 0 440296 81 0.04145646095275879
81 0 440377 81 0.04147458076477051
80 0 433230 80 0.03885078430175781
80 0 433310 80 0.038869619369506836
80 0 433390 80 0.03884172439575195
80 0 433470 80 0.03887200355529785
80 0 433550 80 0.038873910903930664
80 0 433630 80 0.038880348205566406
80 0 433710 80 0.03889155387878418
80 0 433790 80 0.03891587257385254
80 0 433870 80 0.03891181945800781
79 0 431795 79 0.03663468360900879
79 0 431874 79 0.0365910530090332
79 0 431953 79 0.03664827346801758
79 0 432032 79 0.036710500717163086
79 0 432111 79 0.03671765327453613
79 0 432190 79 0.03663945198059082
79 0 432269 79 0.03662610054016113
79 0 432348 79 0.03664898872375488
79 0 432427 79 0.03671622276306152
79 0 432506 79 0.0366969108581543
79 0 432585 79 0.03668618202209473
79 0 432664 79 0.036679744720458984
79 0 432743 79 0.03669404983520508
79 0 432822 79 0.03674459457397461
79 0 432901 79 0.036734819412231445
79 0 432980 79 0.03666830062866211
79 0 433059 79 0.03665757179260254
79 0 433138 79 0.03666520118713379
79 0 433217 79 0.03677010536193848
79 0 433296 79 0.03675222396850586
79 0 433375 79 0.03671145439147949
79 0 433454 79 0.036702871322631836
79 0 433533 79 0.03672146797180176
79 0 433612 79 0.036772727966308594
79 0 433691 79 0.036756038665771484
79 0 433770 79 0.03672981262207031
79 0 433849 79 0.036760568618774414
79 0 433928 79 0.036731719970703125
79 0 434007 79 0.03680586814880371
79 0 434086 79 0.03681612014770508
79 0 434165 79 0.03675079345703125
79 0 434244 79 0.03674721717834473
78 0 429386 78 0.03797173500061035
0 79 429386 2048 0.08390164375305176
0 79 431434 2048 0.08982133865356445
0 79 433482 2048 0.09555912017822266
0 80 435530 2048 0.10101675987243652
0 80 437578 1327 0.06959652900695801
80 0 438985 80 0.038527488708496094
80 0 439065 80 0.03729248046875
80 0 439145 80 0.03695988655090332
80 0 439225 80 0.0368504524230957
80 0 439305 80 0.03686094284057617
80 0 439385 80 0.03693675994873047
80 0 439465 80 0.03694629669189453
79 0 435815 79 0.03745722770690918
0 80 435815 1824 0.07807445526123047
80 0 437719 80 0.037133216857910156
80 0 437799 80 0.036315202713012695
80 0 437879 80 0.03608965873718262
80 0 437959 80 0.036066293716430664
80 0 438039 80 0.03609108924865723
80 0 438119 80 0.03612518310546875
80 0 438199 80 0.036132097244262695
80 0 438279 80 0.03606986999511719
80 0 438359 80 0.03601717948913574
80 0 438439 80 0.035842180252075195
80 0 438519 80 0.03590559959411621
80 0 438599 80 0.03590965270996094
80 0 438679 80 0.03594517707824707
80 0 438759 80 0.035985469818115234
80 0 438839 80 0.03602099418640137
80 0 438919 80 0.03591132164001465
80 0 438999 80 0.03591799736022949
80 0 439079 80 0.035959720611572266
80 0 439159 80 0.03599882125854492
80 0 439239 80 0.03599858283996582
80 0 439319 80 0.03597235679626465
80 0 439399 80 0.03596043586730957
80 0 439479 80 0.03595781326293945
80 0 439559 80 0.03603243827819824
80 0 439639 80 0.0360407829284668
79 0 437616 79 0.03672623634338379
79 0 437695 79 0.0378420352935791
79 0 437774 79 0.03673052787780762
78 0 432142 78 0.037773847579956055
78 0 432220 78 0.03777933120727539
78 0 432298 78 0.03773641586303711
78 0 432376 78 0.03771400451660156
78 0 432454 78 0.03776049613952637
78 0 432532 78 0.03779888153076172
78 0 432610 78 0.03780841827392578
78 0 432688 78 0.037737131118774414
78 0 432766 78 0.037751197814941406
78 0 432844 78 0.03779315948486328
78 0 432922 78 0.037824392318725586
78 0 433000 78 0.03786897659301758
78 0 433078 78 0.03779911994934082
78 0 433156 78 0.0377955436706543
78 0 433234 78 0.03785824775695801
78 0 433312 78 0.03780794143676758
78 0 433390 78 0.03783464431762695
78 0 433468 78 0.03789973258972168
78 0 433546 78 0.037880897521972656
78 0 433624 78 0.03783082962036133
78 0 433702 78 0.03780817985534668
78 0 433780 78 0.037827253341674805
78 0 433858 78 0.03788638114929199
78 0 433936 78 0.03786897659301758
78 0 434014 78 0.03793072700500488
78 0 434092 78 0.03791499137878418
78 0 434170 78 0.037946462631225586
78 0 434248 78 0.03792929649353027
78 0 434326 78 0.037944793701171875
78 0 434404 78 0.037931203842163086
78 0 434482 78 0.037862300872802734
78 0 434560 78 0.03791928291320801
78 0 434638 78 0.03793835639953613
78 0 434716 78 0.03795766830444336
78 0 434794 78 0.03791046142578125
78 0 434872 78 0.03794980049133301
78 0 434950 78 0.037964582443237305
78 0 435028 78 0.03797411918640137
78 0 435106 78 0.03792119026184082
78 0 435184 78 0.0379641056060791
78 0 435262 78 0.037923574447631836
78 0 435340 78 0.03798675537109375
78 0 435418 78 0.038019418716430664
78 0 435496 78 0.03797626495361328
77 0 431364 77 0.03716135025024414
0 78 431364 2048 0.0840144157409668
0 78 433412 2048 0.09074258804321289
0 78 435460 2048 0.09605765342712402
0 78 437508 1124 0.06362533569335938
78 0 438710 78 0.040812015533447266
78 0 438788 78 0.03991246223449707
78 0 438866 78 0.03931784629821777
78 0 438944 78 0.03933572769165039
78 0 439022 78 0.039310455322265625
78 0 439100 78 0.03931117057800293
78 0 439178 78 0.039371490478515625
78 0 439256 78 0.03940939903259277
78 0 439334 78 0.039225101470947266
78 0 439412 78 0.0391697883605957
78 0 439490 78 0.039156436920166016
78 0 439568 78 0.0391535758972168
78 0 439646 78 0.03915715217590332
78 0 439724 78 0.03917694091796875
78 0 439802 78 0.03924560546875
78 0 439880 78 0.03926801681518555
78 0 439958 78 0.03928232192993164
78 0 440036 78 0.03934812545776367
78 0 440114 78 0.039270877838134766
78 0 440192 78 0.039286136627197266
77 0 436775 77 0.03929567337036133
77 0 436852 77 0.03931903839111328
77 0 436929 77 0.03937172889709473
77 0 437006 77 0.03939008712768555
77 0 437083 77 0.03937172889709473
77 0 437160 77 0.0392765998840332
77 0 437237 77 0.039250850677490234
77 0 437314 77 0.03920340538024902
77 0 437391 77 0.03922581672668457
77 0 437468 77 0.03928422927856445
77 0 437545 77 0.039312124252319336
77 0 437622 77 0.03931784629821777
77 0 437699 77 0.03930997848510742
77 0 437776 77 0.03929591178894043
77 0 437853 77 0.03923225402832031
77 0 437930 77 0.03929924964904785
76 0 429963 76 0.03735637664794922
0 77 429963 2048 0.0838165283203125
0 77 432011 2048 0.08986878395080566
0 77 434059 2048 0.0955355167388916
0 77 436107 1829 0.0949397087097168
77 0 438013 77 0.04103684425354004
77 0 438090 77 0.03983044624328613
77 0 438167 77 0.0395503044128418
77 0 438244 77 0.039617300033569336
77 0 438321 77 0.039618492126464844
77 0 438398 77 0.039638519287109375
77 0 438475 77 0.039661407470703125
77 0 438552 77 0.03963160514831543
77 0 438629 77 0.03952193260192871
77 0 438706 77 0.03938579559326172
77 0 438783 77 0.03943634033203125
77 0 438860 77 0.039385318756103516
77 0 438937 77 0.039402008056640625
77 0 439014 77 0.039434194564819336
77 0 439091 77 0.039370059967041016
77 0 439168 77 0.039414167404174805
77 0 439245 77 0.039492130279541016
77 0 439322 77 0.03946948051452637
77 0 439399 77 0.039427995681762695
77 0 439476 77 0.03941202163696289
77 0 439553 77 0.03935813903808594
77 0 439630 77 0.03939938545227051
77 0 439707 77 0.039394378662109375
77 0 439784 77 0.039525747299194336
75 0 428652 75 0.03984236717224121
0 76 428652 2048 0.0794515609741211
0 76 430700 2048 0.08870339393615723
0 76 432748 2048 0.09549808502197266
0 76 434796 2048 0.10053658485412598
0 76 436844 138 0.030545711517333984
76 0 437058 76 0.04192090034484863
76 0 437134 76 0.041585683822631836
76 0 437210 76 0.04137897491455078
76 0 437286 76 0.04135894775390625
76 0 437362 76 0.041346073150634766
76 0 437438 76 0.04134678840637207
76 0 437514 76 0.041327714920043945
76 0 437590 76 0.041188955307006836
76 0 437666 76 0.04118609428405762
75 0 428458 75 0.039400577545166016
0 76 428458 2048 0.08286881446838379
0 76 430506 2048 0.09102821350097656
0 76 432554 2048 0.09618473052978516
0 78 434602 2048 0.08736538887023926
0 78 436650 1223 0.056205034255981445
78 0 437951 78 0.04233145713806152
78 0 438029 78 0.041503190994262695
78 0 438107 78 0.04139447212219238
78 0 438185 78 0.04142928123474121
78 0 438263 78 0.0414118766784668
78 0 438341 78 0.04140329360961914
78 0 438419 78 0.04140925407409668
77 0 433189 77 0.03934597969055176
0 78 433189 2048 0.0830836296081543
0 78 435237 1962 0.08945584297180176
78 0 437277 78 0.04157829284667969
78 0 437355 78 0.03970074653625488
78 0 437433 78 0.03956890106201172
78 0 437511 78 0.039565324783325195
78 0 437589 78 0.03957414627075195
77 0 429520 77 0.03828263282775879
0 78 429520 2048 0.0818784236907959
0 78 431568 2048 0.09047460556030273
0 78 433616 2048 0.0977938175201416
0 79 435664 2048 0.08702540397644043
0 78 432823 2048 0.08863162994384766
0 79 434871 2048 0.09084796905517578
0 79 436919 1551 0.07584834098815918
79 0 438549 79 0.040283918380737305
79 0 438628 79 0.03922748565673828
79 0 438707 79 0.03887772560119629
79 0 438786 79 0.03869795799255371
79 0 438865 79 0.03871870040893555
79 0 438944 79 0.038727521896362305
79 0 439023 79 0.03871297836303711
79 0 439102 79 0.03872990608215332
78 0 432893 78 0.03856825828552246
0 79 432893 2048 0.08076024055480957
0 79 434941 2048 0.0911262035369873
0 79 436989 1925 0.09356999397277832
79 0 438993 79 0.04104971885681152
79 0 439072 79 0.039086103439331055
79 0 439151 79 0.0387721061706543
79 0 439230 79 0.03877115249633789
79 0 439309 79 0.03873562812805176
79 0 439388 79 0.038748979568481445
79 0 439467 79 0.03874945640563965
79 0 439546 79 0.03876304626464844
78 0 436107 78 0.04095101356506348
0 79 436107 2048 0.08312273025512695
0 79 430242 2048 0.09047269821166992
0 79 432290 2048 0.08420276641845703
0 79 426472 2048 0.08990120887756348
0 79 428520 2048 0.08396720886230469
0 80 430568 2048 0.08399796485900879
0 81 432616 2048 0.08567285537719727
0 81 434664 2048 0.08640074729919434
0 81 436712 2048 0.09172773361206055
0 81 438760 226 0.03211808204650879
81 0 439067 81 0.03946805000305176
81 0 439148 81 0.03900480270385742
81 0 439229 81 0.03900504112243652
81 0 439310 81 0.03899955749511719
81 0 439391 81 0.0390322208404541
81 0 439472 81 0.03903675079345703
81 0 439553 81 0.03903675079345703
81 0 439634 81 0.038913726806640625
80 0 436413 80 0.03808903694152832
80 0 436493 80 0.03810262680053711
80 0 436573 80 0.03809618949890137
80 0 436653 80 0.038004159927368164
80 0 436733 80 0.03801846504211426
80 0 436813 80 0.03805065155029297
80 0 436893 80 0.03818488121032715
80 0 436973 80 0.038121938705444336
80 0 437053 80 0.03803706169128418
80 0 437133 80 0.03803420066833496
79 0 430861 79 0.03752446174621582
0 80 430861 2048 0.08194780349731445
0 80 432909 2048 0.08992171287536621
0 80 434957 2048 0.09619522094726562
0 81 437005 2048 0.08656835556030273
0 81 439053 2048 0.08950400352478027
0 81 441101 426 0.0398859977722168
81 0 441608 81 0.04091954231262207
81 0 441689 81 0.04014754295349121
81 0 441770 81 0.04005575180053711
81 0 441851 81 0.04004073143005371
80 0 439364 80 0.03832674026489258
0 80 430545 2047 0.08418416976928711
0 81 432592 2048 0.08950161933898926
0 81 434640 2048 0.08606624603271484
0 82 436688 2048 0.08473730087280273
0 82 438736 986 0.050638437271118164
81 0 433077 81 0.03737616539001465
0 82 433077 2048 0.082794189453125
0 82 435125 2048 0.09046721458435059
0 82 437173 1623 0.08449244499206543
82 0 438878 82 0.03763318061828613
82 0 438960 82 0.03686118125915527
82 0 439042 82 0.03671979904174805
82 0 439124 82 0.03670310974121094
82 0 439206 82 0.03675270080566406
82 0 439288 82 0.036751508712768555
82 0 439370 82 0.0367426872253418
82 0 439452 82 0.03658795356750488
82 0 439534 82 0.03661394119262695
81 0 434044 81 0.03667879104614258
0 82 434044 2048 0.08117866516113281
0 82 436092 2048 0.09099841117858887
0 82 438140 1773 0.08806347846984863
82 0 439995 82 0.03850364685058594
82 0 440077 82 0.03746318817138672
82 0 440159 82 0.03725028038024902
82 0 440241 82 0.03726649284362793
82 0 440323 82 0.03726911544799805
82 0 440405 82 0.03734230995178223
82 0 440487 82 0.03739643096923828
82 0 440569 82 0.037216901779174805
82 0 440651 82 0.03723502159118652
82 0 440733 82 0.03708148002624512
82 0 440815 82 0.03705644607543945
82 0 440897 82 0.037101030349731445
81 0 431360 81 0.03697395324707031
0 82 431360 2048 0.08160758018493652
0 82 433408 2048 0.09058022499084473
0 81 428618 2048 0.09497356414794922
0 82 430666 2048 0.08352112770080566
0 82 432714 2048 0.08874034881591797
0 83 434762 2048 0.08371353149414062
0 83 430752 2048 0.08343696594238281
0 83 432800 2048 0.08910393714904785
0 83 434848 1262 0.06123971939086914
83 0 436193 83 0.04128313064575195
83 0 436276 83 0.039575815200805664
83 0 436359 83 0.03939366340637207
83 0 436442 83 0.03939223289489746
83 0 436525 83 0.03942418098449707
83 0 436608 83 0.0394289493560791
83 0 436691 83 0.03945207595825195
83 0 436774 83 0.03944134712219238
83 0 436857 83 0.03928518295288086
83 0 436940 83 0.03931927680969238
83 0 437023 83 0.039293527603149414
83 0 437106 83 0.039292335510253906
83 0 437189 83 0.03931379318237305
83 0 437272 83 0.039243459701538086
83 0 437355 83 0.03926801681518555
83 0 437438 83 0.03931450843811035
83 0 437521 83 0.039374351501464844
83 0 437604 83 0.03926563262939453
83 0 437687 83 0.039276123046875
83 0 437770 83 0.0392613410949707
83 0 437853 83 0.039278268814086914
83 0 437936 83 0.03927755355834961
83 0 438019 83 0.03937649726867676
82 0 430886 82 0.04052472114562988
0 83 430886 2048 0.08008265495300293
0 83 432934 2048 0.09018754959106445
0 84 434982 2048 0.08668088912963867
0 84 437030 94 0.02931380271911621
84 0 437208 84 0.04124617576599121
84 0 437292 84 0.040772199630737305
84 0 437376 84 0.04074239730834961
84 0 437460 84 0.04076504707336426
84 0 437544 84 0.04080843925476074
84 0 437628 84 0.04081869125366211
84 0 437712 84 0.040854692459106445
84 0 437796 84 0.0407412052154541
84 0 437880 84 0.040633201599121094
84 0 437964 84 0.04056525230407715
84 0 438048 84 0.040560007095336914
84 0 438132 84 0.040580034255981445
84 0 438216 84 0.04057788848876953
84 0 438300 84 0.04063105583190918
84 0 438384 84 0.04065585136413574
84 0 438468 84 0.04065656661987305
84 0 438552 84 0.04060792922973633
84 0 438636 84 0.04060077667236328
84 0 438720 84 0.040610551834106445
84 0 438804 84 0.04060959815979004
84 0 438888 84 0.040610313415527344
84 0 438972 84 0.040635108947753906
84 0 439056 84 0.04067277908325195
84 0 439140 84 0.04070234298706055
84 0 439224 84 0.04067540168762207
84 0 439308 84 0.040628910064697266
84 0 439392 84 0.04062294960021973
84 0 439476 84 0.04066824913024902
84 0 439560 84 0.04065966606140137
84 0 439644 84 0.040662288665771484
84 0 439728 84 0.040674448013305664
84 0 439812 84 0.040709495544433594
84 0 439896 84 0.04076647758483887
84 0 439980 84 0.04070019721984863
84 0 440064 84 0.040680646896362305
84 0 440148 84 0.0406949520111084
84 0 440232 84 0.04077625274658203
84 0 440316 84 0.04076838493347168
84 0 440400 84 0.040708065032958984
84 0 440484 84 0.040703773498535156
84 0 440568 84 0.040688276290893555
83 0 435913 83 0.039705753326416016
0 84 435913 2048 0.08275032043457031
0 83 430154 1028 0.0558314323425293
83 0 431265 83 0.04142189025878906
83 0 431348 83 0.040961503982543945
83 0 431431 83 0.04091501235961914
83 0 431514 83 0.04090762138366699
83 0 431597 83 0.040892601013183594
83 0 431680 83 0.04091954231262207
83 0 431763 83 0.04089665412902832
83 0 431846 83 0.0408022403717041
82 0 427566 82 0.04069685935974121
0 83 427566 2048 0.08315682411193848
0 83 429614 2048 0.09149670600891113
0 83 431662 2048 0.09542441368103027
0 84 433710 2048 0.08938884735107422
0 84 435758 951 0.0491480827331543
84 0 436793 84 0.04136037826538086
84 0 436877 84 0.040325164794921875
84 0 436961 84 0.04029989242553711
84 0 437045 84 0.04030656814575195
84 0 437129 84 0.04031682014465332
84 0 437213 84 0.040340423583984375
84 0 437297 84 0.04041934013366699
84 0 437381 84 0.04041314125061035
84 0 437465 84 0.04027223587036133
84 0 437549 84 0.04024672508239746
84 0 437633 84 0.04016566276550293
84 0 437717 84 0.040198564529418945
84 0 437801 84 0.040190935134887695
84 0 437885 84 0.04024076461791992
84 0 437969 84 0.04020547866821289
84 0 438053 84 0.04026484489440918
84 0 438137 84 0.04028177261352539
84 0 438221 84 0.04019927978515625
84 0 438305 84 0.04020881652832031
84 0 438389 84 0.04018878936767578
84 0 438473 84 0.040183067321777344
84 0 438557 84 0.04017519950866699
84 0 438641 84 0.04015541076660156
84 0 438725 84 0.04020833969116211
84 0 438809 84 0.04029655456542969
84 0 438893 84 0.04027819633483887
84 0 438977 84 0.040197134017944336
84 0 439061 84 0.04018545150756836
84 0 439145 84 0.0401911735534668
84 0 439229 84 0.04021716117858887
84 0 439313 84 0.04025387763977051
84 0 439397 84 0.040323734283447266
84 0 439481 84 0.04027199745178223
84 0 439565 84 0.04020047187805176
84 0 439649 84 0.04020810127258301
84 0 439733 84 0.04031014442443848
84 0 439817 84 0.040322303771972656
84 0 439901 84 0.040254831314086914
84 0 439985 84 0.040218353271484375
84 0 440069 84 0.040248870849609375
84 0 440153 84 0.04023098945617676
84 0 440237 84 0.04024839401245117
84 0 440321 84 0.040393829345703125
84 0 440405 84 0.04039907455444336
84 0 440489 84 0.04028797149658203
84 0 440573 84 0.040261268615722656
83 0 433906 83 0.03887319564819336
0 84 433906 2048 0.08271360397338867
0 84 435954 2048 0.08975887298583984
0 84 438002 992 0.05381035804748535
84 0 439078 84 0.04002094268798828
84 0 439162 84 0.03938174247741699
84 0 439246 84 0.03934168815612793
84 0 439330 84 0.039324283599853516
84 0 439414 84 0.039353370666503906
84 0 439498 84 0.03929543495178223
84 0 439582 84 0.039289236068725586
84 0 439666 84 0.03911399841308594
84 0 439750 84 0.03912019729614258
84 0 439834 84 0.03914022445678711
84 0 439918 84 0.03911590576171875
84 0 440002 84 0.03914284706115723
84 0 440086 84 0.03914952278137207
84 0 440170 84 0.03913545608520508
84 0 440254 84 0.03917717933654785
83 0 432878 83 0.04027557373046875
0 84 432878 2048 0.0822591781616211
0 84 434926 1477 0.07621240615844727
84 0 436487 84 0.04335284233093262
84 0 436571 84 0.04204916954040527
83 0 428249 83 0.037056922912597656
0 84 428249 2048 0.08437824249267578
0 84 430297 2048 0.09003496170043945
0 83 430882 2048 0.09511756896972656
0 84 432930 2048 0.09137248992919922
0 83 430862 2048 0.08725118637084961
0 83 432910 2048 0.09342408180236816
0 83 434958 910 0.05319333076477051
83 0 435951 83 0.0416412353515625
83 0 436034 83 0.04016900062561035
83 0 436117 83 0.039930105209350586
83 0 436200 83 0.03994607925415039
83 0 436283 83 0.03994631767272949
83 0 436366 83 0.040003061294555664
83 0 436449 83 0.04001140594482422
83 0 436532 83 0.04004526138305664
83 0 436615 83 0.03981518745422363
83 0 436698 83 0.0398249626159668
83 0 436781 83 0.039879798889160156
83 0 436864 83 0.03995108604431152
83 0 436947 83 0.03988313674926758
83 0 437030 83 0.03975796699523926
83 0 437113 83 0.03981375694274902
83 0 437196 83 0.039798736572265625
83 0 437279 83 0.03980541229248047
83 0 437362 83 0.0398712158203125
83 0 437445 83 0.03990578651428223
83 0 437528 83 0.03991222381591797
83 0 437611 83 0.03980064392089844
83 0 437694 83 0.0398104190826416
83 0 437777 83 0.03997445106506348
83 0 437860 83 0.03997087478637695
83 0 437943 83 0.03986310958862305
83 0 438026 83 0.039841413497924805
83 0 438109 83 0.039873600006103516
83 0 438192 83 0.039998769760131836
83 0 438275 83 0.03993558883666992
82 0 432310 82 0.037700653076171875
0 83 432310 2048 0.08440947532653809
0 84 434358 2048 0.08434224128723145
0 84 436406 2048 0.08916163444519043
0 84 438454 398 0.03918933868408203
84 0 438936 84 0.03852128982543945
84 0 439020 84 0.03803253173828125
84 0 439104 84 0.03810405731201172
84 0 439188 84 0.03803610801696777
84 0 439272 84 0.038039207458496094
84 0 439356 84 0.038108110427856445
84 0 439440 84 0.03824925422668457
84 0 439524 84 0.0380556583404541
84 0 439608 84 0.03801560401916504
84 0 439692 84 0.038011789321899414
84 0 439776 84 0.037935733795166016
84 0 439860 84 0.03799033164978027
84 0 439944 84 0.03794384002685547
84 0 440028 84 0.038004398345947266
84 0 440112 84 0.03793835639953613
84 0 440196 84 0.03803277015686035
84 0 440280 84 0.03804469108581543
84 0 440364 84 0.03803706169128418
84 0 440448 84 0.038110971450805664
84 0 440532 84 0.03815054893493652
84 0 440616 84 0.03796219825744629
84 0 440700 84 0.03796100616455078
83 0 431594 83 0.03969407081604004
0 84 431594 2048 0.08305668830871582
0 84 433642 2048 0.09035181999206543
0 84 435690 2048 0.0961451530456543
0 84 437738 1637 0.08901357650756836
84 0 439459 84 0.04161667823791504
84 0 439543 84 0.04062461853027344
84 0 439627 84 0.03987288475036621
84 0 439711 84 0.03987765312194824
84 0 439795 84 0.03996419906616211
84 0 439879 84 0.03995323181152344
84 0 439963 84 0.03993511199951172
84 0 440047 84 0.039934396743774414
83 0 431010 83 0.039850473403930664
0 84 431010 2048 0.08068060874938965
0 84 433058 2048 0.09212231636047363
0 84 435106 2048 0.09568047523498535
0 85 437154 2048 0.09128236770629883
0 85 439202 1154 0.056766510009765625
85 0 440441 85 0.040906667709350586
85 0 440526 85 0.04002690315246582
85 0 440611 85 0.03993988037109375
85 0 440696 85 0.04003190994262695
85 0 440781 85 0.04002571105957031
85 0 440866 85 0.03989720344543457
85 0 440951 85 0.039922475814819336
85 0 441036 85 0.03984951972961426
85 0 441121 85 0.03971433639526367
85 0 441206 85 0.039751291275024414
85 0 441291 85 0.03981900215148926
85 0 441376 85 0.039895057678222656
85 0 441461 85 0.03979206085205078
84 0 435050 84 0.03982234001159668
0 85 435050 2048 0.08313608169555664
0 85 437098 1196 0.058669328689575195
85 0 438379 85 0.0413820743560791
85 0 438464 85 0.04017305374145508
84 0 435468 84 0.03935551643371582
84 0 435552 84 0.03945207595825195
84 0 435636 84 0.03948235511779785
84 0 435720 84 0.03944516181945801
84 0 435804 84 0.039363861083984375
84 0 435888 84 0.039320945739746094
84 0 435972 84 0.03921818733215332
83 0 427514 83 0.03850698471069336
0 84 427514 2048 0.08072352409362793
0 85 429562 2048 0.0881800651550293
0 85 431610 2048 0.08581304550170898
0 85 433658 1009 0.0517423152923584
85 0 434752 85 0.038199424743652344
85 0 434837 85 0.037586212158203125
85 0 434922 85 0.03708338737487793
85 0 435007 85 0.03707695007324219
85 0 435092 85 0.03712582588195801
85 0 435177 85 0.03712630271911621
85 0 435262 85 0.03709769248962402
85 0 435347 85 0.037137746810913086
85 0 435432 85 0.037114620208740234
85 0 435517 85 0.03696393966674805
85 0 435602 85 0.03694438934326172
85 0 435687 85 0.03694868087768555
85 0 435772 85 0.036972761154174805
85 0 435857 85 0.03694510459899902
85 0 435942 85 0.03692007064819336
85 0 436027 85 0.03691434860229492
85 0 436112 85 0.0369563102722168
85 0 436197 85 0.036988019943237305
85 0 436282 85 0.036998748779296875
85 0 436367 85 0.036928653717041016
85 0 436452 85 0.03690981864929199
85 0 436537 85 0.03694868087768555
85 0 436622 85 0.03709220886230469
85 0 436707 85 0.03705191612243652
85 0 436792 85 0.03695225715637207
85 0 436877 85 0.036955833435058594
85 0 436962 85 0.0370028018951416
85 0 437047 85 0.0370633602142334
85 0 437132 85 0.03705143928527832
85 0 437217 85 0.036928415298461914
85 0 437302 85 0.036993980407714844
85 0 437387 85 0.03702998161315918
85 0 437472 85 0.03708505630493164
85 0 437557 85 0.037085533142089844
85 0 437642 85 0.03699326515197754
85 0 437727 85 0.036988019943237305
85 0 437812 85 0.03704428672790527
85 0 437897 85 0.03708195686340332
85 0 437982 85 0.03710150718688965
85 0 438067 85 0.03703141212463379
85 0 438152 85 0.03702259063720703
85 0 438237 85 0.03709602355957031
85 0 438322 85 0.03710198402404785
85 0 438407 85 0.03709912300109863
85 0 438492 85 0.03703022003173828
85 0 438577 85 0.03703713417053223
85 0 438662 85 0.03714442253112793
85 0 438747 85 0.03713178634643555
85 0 438832 85 0.03713035583496094
85 0 438917 85 0.03707265853881836
85 0 439002 85 0.03706216812133789
85 0 439087 85 0.037145376205444336
85 0 439172 85 0.03715085983276367
85 0 439257 85 0.03711581230163574
85 0 439342 85 0.03709602355957031
85 0 439427 85 0.03710627555847168
85 0 439512 85 0.03718686103820801
85 0 439597 85 0.03722858428955078
85 0 439682 85 0.03717970848083496
85 0 439767 85 0.03712940216064453
85 0 439852 85 0.03712010383605957
85 0 439937 85 0.03719186782836914
85 0 440022 85 0.037255048751831055
85 0 440107 85 0.03717613220214844
85 0 440192 85 0.03714346885681152
85 0 440277 85 0.03716015815734863
85 0 440362 85 0.03727245330810547
85 0 440447 85 0.0372617244720459
85 0 440532 85 0.037189483642578125
84 0 432980 84 0.037484169006347656
0 85 432980 2048 0.08326888084411621
0 86 435028 2048 0.08723974227905273
0 86 437076 2048 0.087188720703125
0 86 439124 2048 0.09307050704956055
0 86 441172 415 0.03962874412536621
86 0 441673 86 0.03818488121032715
85 0 433495 85 0.038533926010131836
85 0 433580 85 0.03857254981994629
85 0 433665 85 0.03859281539916992
85 0 433750 85 0.038588762283325195
85 0 433835 85 0.038611650466918945
85 0 433920 85 0.0386052131652832
85 0 434005 85 0.038463592529296875
85 0 434090 85 0.03844571113586426
85 0 434175 85 0.0384061336517334
85 0 434260 85 0.03836250305175781
85 0 434345 85 0.0383458137512207
84 0 429379 84 0.038832902908325195
84 0 429463 84 0.03884482383728027
84 0 429547 84 0.038840532302856445
84 0 429631 84 0.038778066635131836
84 0 429715 84 0.03876948356628418
84 0 429799 84 0.03888821601867676
84 0 429883 84 0.0389246940612793
84 0 429967 84 0.03882956504821777
84 0 430051 84 0.03877735137939453
84 0 430135 84 0.03881096839904785
84 0 430219 84 0.03890037536621094
84 0 430303 84 0.03891134262084961
84 0 430387 84 0.03885459899902344
84 0 430471 84 0.038805484771728516
84 0 430555 84 0.03887629508972168
84 0 430639 84 0.03896188735961914
84 0 430723 84 0.03892254829406738
84 0 430807 84 0.03883647918701172
84 0 430891 84 0.03883862495422363
84 0 430975 84 0.03892993927001953
84 0 431059 84 0.03894662857055664
84 0 431143 84 0.03893685340881348
84 0 431227 84 0.038896799087524414
84 0 431311 84 0.038854360580444336
84 0 431395 84 0.03898906707763672
84 0 431479 84 0.038960933685302734
84 0 431563 84 0.03890109062194824
84 0 431647 84 0.03889131546020508
84 0 431731 84 0.03890538215637207
84 0 431815 84 0.03903961181640625
84 0 431899 84 0.0389859676361084
84 0 431983 84 0.038918256759643555
84 0 432067 84 0.038939714431762695
84 0 432151 84 0.03895449638366699
84 0 432235 84 0.039057016372680664
84 0 432319 84 0.0390162467956543
84 0 432403 84 0.03895306587219238
84 0 432487 84 0.03894448280334473
84 0 432571 84 0.03903627395629883
84 0 432655 84 0.039080142974853516
84 0 432739 84 0.039003610610961914
84 0 432823 84 0.038979291915893555
84 0 432907 84 0.03894829750061035
84 0 432991 84 0.039049625396728516
84 0 433075 84 0.03909444808959961
84 0 433159 84 0.039038658142089844
84 0 433243 84 0.03902006149291992
84 0 433327 84 0.03899574279785156
84 0 433411 84 0.03899073600769043
84 0 433495 84 0.03900647163391113
84 0 433579 84 0.03913068771362305
84 0 433663 84 0.039125919342041016
84 0 433747 84 0.03908896446228027
84 0 433831 84 0.03905034065246582
84 0 433915 84 0.039084434509277344
84 0 433999 84 0.03911638259887695
84 0 434083 84 0.03911280632019043
84 0 434167 84 0.039037227630615234
84 0 434251 84 0.03903484344482422
84 0 434335 84 0.03911280632019043
84 0 434419 84 0.03921103477478027
84 0 434503 84 0.03919363021850586
84 0 434587 84 0.0390934944152832
84 0 434671 84 0.03908395767211914
84 0 434755 84 0.039160966873168945
84 0 434839 84 0.03920483589172363
84 0 434923 84 0.03916740417480469
84 0 435007 84 0.0391077995300293
84 0 435091 84 0.03911757469177246
84 0 435175 84 0.03923797607421875
84 0 435259 84 0.03923678398132324
84 0 435343 84 0.039148569107055664
84 0 435427 84 0.03915858268737793
84 0 435511 84 0.03917884826660156
84 0 435595 84 0.03923821449279785
84 0 435679 84 0.03920388221740723
84 0 435763 84 0.03917741775512695
84 0 435847 84 0.03915095329284668
84 0 435931 84 0.03923940658569336
84 0 436015 84 0.03925490379333496
84 0 436099 84 0.03923201560974121
84 0 436183 84 0.03916049003601074
84 0 436267 84 0.03918027877807617
84 0 436351 84 0.03932976722717285
84 0 436435 84 0.03936767578125
84 0 436519 84 0.03929400444030762
84 0 436603 84 0.03929543495178223
84 0 436687 84 0.03925490379333496
84 0 436771 84 0.039284706115722656
84 0 436855 84 0.03931140899658203
84 0 436939 84 0.039408206939697266
84 0 437023 84 0.03943014144897461
84 0 437107 84 0.039313554763793945
84 0 437191 84 0.039344072341918945
84 0 437275 84 0.039338111877441406
83 0 432594 83 0.03714442253112793
0 84 432594 2048 0.08461260795593262
0 84 434642 2048 0.09029459953308105
0 85 436690 2048 0.08852672576904297
0 85 438738 2048 0.08787107467651367
0 85 440786 926 0.052815914154052734
85 0 441797 85 0.039376258850097656
85 0 441882 85 0.03853034973144531
85 0 441967 85 0.03820061683654785
85 0 442052 85 0.03818154335021973
85 0 442137 85 0.03821969032287598
85 0 442222 85 0.03826308250427246
85 0 442307 85 0.03827095031738281
84 0 435359 84 0.03748583793640137
0 84 431446 2047 0.08466100692749023
0 84 433493 2048 0.09109020233154297
0 85 435541 1672 0.07674503326416016
85 0 437298 85 0.04146242141723633
85 0 437383 85 0.03957414627075195
85 0 437468 85 0.03904414176940918
85 0 437553 85 0.03908491134643555
85 0 437638 85 0.03906989097595215
85 0 437723 85 0.039057016372680664
85 0 437808 85 0.039090633392333984
84 0 435120 84 0.038513898849487305
0 85 435120 2048 0.08254456520080566
0 85 437168 2048 0.09004044532775879
0 84 436586 939 0.06618928909301758
84 0 437609 84 0.0424656867980957
84 0 437693 84 0.0419764518737793
84 0 437777 84 0.04196429252624512
84 0 437861 84 0.04192018508911133
84 0 437945 84 0.04191780090332031
84 0 438029 84 0.041915178298950195
84 0 438113 84 0.0419011116027832
84 0 438197 84 0.04182934761047363
84 0 438281 84 0.04179787635803223
84 0 438365 84 0.04184556007385254
84 0 438449 84 0.04175233840942383
83 0 431708 83 0.03781628608703613
0 84 431708 2048 0.08237051963806152
0 84 433756 2048 0.09076046943664551
0 84 435804 1395 0.07683134078979492
84 0 437283 84 0.039139747619628906
84 0 437367 84 0.03826594352722168
84 0 437451 84 0.03814101219177246
84 0 437535 84 0.03815174102783203
84 0 437619 84 0.03816986083984375
84 0 437703 84 0.038192033767700195
84 0 437787 84 0.03814816474914551
84 0 437871 84 0.03812527656555176
83 0 430328 83 0.038729190826416016
0 84 430328 2048 0.08047103881835938
0 84 432376 2048 0.09075522422790527
0 84 434424 2048 0.09616422653198242
0 84 436472 692 0.050132036209106445
84 0 437248 84 0.0390627384185791
84 0 437332 84 0.038237571716308594
84 0 437416 84 0.03823661804199219
84 0 437500 84 0.03824424743652344
84 0 437584 84 0.03824448585510254
84 0 437668 84 0.038245201110839844
84 0 437752 84 0.038220882415771484
84 0 437836 84 0.03817915916442871
84 0 437920 84 0.0380246639251709
84 0 438004 84 0.03803300857543945
84 0 438088 84 0.03805947303771973
84 0 438172 84 0.038060665130615234
84 0 438256 84 0.03807854652404785
84 0 438340 84 0.03805804252624512
84 0 438424 84 0.03806781768798828
84 0 438508 84 0.03809523582458496
84 0 438592 84 0.03811025619506836
84 0 438676 84 0.03809618949890137
84 0 438760 84 0.03807806968688965
84 0 438844 84 0.038071632385253906
84 0 438928 84 0.038098812103271484
84 0 439012 84 0.03811287879943848
84 0 439096 84 0.03811979293823242
84 0 439180 84 0.03809547424316406
84 0 439264 84 0.038149356842041016
84 0 439348 84 0.038172006607055664
84 0 439432 84 0.03814435005187988
84 0 439516 84 0.0381319522857666
83 0 433497 83 0.039443016052246094
0 84 433497 2048 0.08242201805114746
0 84 435545 2048 0.09108090400695801
0 84 437593 1022 0.05430173873901367
84 0 438699 84 0.04145216941833496
84 0 438783 84 0.040060997009277344
84 0 438867 84 0.039751529693603516
84 0 438951 84 0.03972792625427246
84 0 439035 84 0.03975653648376465
84 0 439119 84 0.03974437713623047
84 0 439203 84 0.03973031044006348
84 0 439287 84 0.03983712196350098
84 0 439371 84 0.0396571159362793
83 0 430861 83 0.037633657455444336
0 84 430861 2048 0.08232235908508301
0 84 432909 2048 0.09006595611572266
0 84 434957 2048 0.09585356712341309
0 85 437005 2048 0.08874201774597168
0 84 433409 2048 0.08837080001831055
0 85 435457 2048 0.08809709548950195
0 85 437505 2048 0.0870513916015625
0 85 439553 597 0.04461860656738281
85 0 440235 85 0.03703761100769043
84 0 436596 84 0.036632537841796875
84 0 436680 84 0.03662919998168945
84 0 436764 84 0.03668045997619629
84 0 436848 84 0.03669142723083496
84 0 436932 84 0.03668045997619629
84 0 437016 84 0.03661751747131348
84 0 437100 84 0.03661656379699707
84 0 437184 84 0.03657102584838867
84 0 437268 84 0.03654122352600098
84 0 437352 84 0.03648543357849121
84 0 437436 84 0.03649759292602539
84 0 437520 84 0.03645801544189453
84 0 437604 84 0.0365443229675293
83 0 429484 83 0.03690743446350098
0 84 429484 2048 0.08237433433532715
0 84 431532 2048 0.09101653099060059
0 84 433580 2048 0.09676647186279297
0 85 435628 2048 0.0990610122680664
0 85 429258 2048 0.08274435997009277
0 85 431306 2048 0.08627557754516602
0 85 433354 2048 0.09358096122741699
0 85 435402 603 0.04833483695983887
85 0 436090 85 0.03616523742675781
85 0 436175 85 0.03580069541931152
85 0 436260 85 0.03574204444885254
85 0 436345 85 0.03572583198547363
85 0 436430 85 0.03572964668273926
85 0 436515 85 0.03583669662475586
85 0 436600 85 0.03580331802368164
84 0 429936 84 0.03702068328857422
0 85 429936 2048 0.0827789306640625
0 85 431984 2048 0.09071516990661621
0 85 434032 2048 0.09587216377258301
0 85 436080 1877 0.09561395645141602
85 0 438042 85 0.038630008697509766
85 0 438127 85 0.037789344787597656
85 0 438212 85 0.0375971794128418
85 0 438297 85 0.03760242462158203
85 0 438382 85 0.037625789642333984
85 0 438467 85 0.03762650489807129
85 0 438552 85 0.03762984275817871
85 0 438637 85 0.03767561912536621
85 0 438722 85 0.037657976150512695
85 0 438807 85 0.037403106689453125
85 0 438892 85 0.03736400604248047
85 0 438977 85 0.037424564361572266
85 0 439062 85 0.037407875061035156
85 0 439147 85 0.03741335868835449
85 0 439232 85 0.03748297691345215
85 0 439317 85 0.03744983673095703
85 0 439402 85 0.03743267059326172
85 0 439487 85 0.03740978240966797
85 0 439572 85 0.03740286827087402
85 0 439657 85 0.037468910217285156
85 0 439742 85 0.037488698959350586
85 0 439827 85 0.03744816780090332
85 0 439912 85 0.037425994873046875
85 0 439997 85 0.03743743896484375
85 0 440082 85 0.037482261657714844
85 0 440167 85 0.03746771812438965
85 0 440252 85 0.037462472915649414
85 0 440337 85 0.03743696212768555
84 0 436317 84 0.038300275802612305
84 0 436401 84 0.03835320472717285
84 0 436485 84 0.03837013244628906
84 0 436569 84 0.0382533073425293
84 0 436653 84 0.03827953338623047
84 0 436737 84 0.038275718688964844
84 0 436821 84 0.038301706314086914
84 0 436905 84 0.03838682174682617
83 0 429784 83 0.035408735275268555
0 84 429784 2048 0.08318924903869629
0 84 431832 2048 0.09056806564331055
0 84 433880 2048 0.09533405303955078
0 84 431331 2048 0.09175682067871094
0 85 433379 2048 0.0858311653137207
0 85 435427 2048 0.08554506301879883
0 86 437475 2048 0.08957672119140625
0 87 439523 2048 0.08447790145874023
0 87 441571 987 0.049535274505615234
86 0 435494 86 0.0397951602935791
0 86 433205 2047 0.08313584327697754
0 86 435252 1734 0.08405566215515137
86 0 437072 86 0.03792929649353027
86 0 437158 86 0.03706669807434082
86 0 437244 86 0.03688836097717285
86 0 437330 86 0.03686690330505371
86 0 437416 86 0.03685903549194336
86 0 437502 86 0.0368499755859375
86 0 437588 86 0.03686237335205078
86 0 437674 86 0.03685259819030762
86 0 437760 86 0.03682756423950195
86 0 437846 86 0.0367429256439209
86 0 437932 86 0.03670024871826172
85 0 429140 85 0.03646397590637207
0 86 429140 2048 0.0824422836303711
0 86 431188 2048 0.09192109107971191
0 86 433236 1970 0.09563112258911133
86 0 435292 86 0.03926348686218262
86 0 435378 86 0.03743147850036621
86 0 435464 86 0.03674936294555664
86 0 435550 86 0.036763668060302734
86 0 435636 86 0.036798954010009766
86 0 435722 86 0.03681778907775879
86 0 435808 86 0.036745309829711914
86 0 435894 86 0.03675413131713867
86 0 435980 86 0.036818504333496094
85 0 431162 85 0.0366520881652832
0 86 431162 2048 0.0835573673248291
0 86 433210 2048 0.09026336669921875
0 86 435258 285 0.03402066230773926
86 0 435629 86 0.03709745407104492
86 0 435715 86 0.03689694404602051
86 0 435801 86 0.0368657112121582
86 0 435887 86 0.03689980506896973
86 0 435973 86 0.03690791130065918
86 0 436059 86 0.03688764572143555
86 0 436145 86 0.03684115409851074
86 0 436231 86 0.0367431640625
86 0 436317 86 0.03673219680786133
86 0 436403 86 0.03676319122314453
86 0 436489 86 0.036718130111694336
86 0 436575 86 0.03669381141662598
86 0 436661 86 0.03669285774230957
86 0 436747 86 0.03676438331604004
86 0 436833 86 0.036771297454833984
86 0 436919 86 0.036743879318237305
86 0 437005 86 0.036727190017700195
86 0 437091 86 0.036712646484375
86 0 437177 86 0.036794424057006836
86 0 437263 86 0.036806344985961914
86 0 437349 86 0.03674650192260742
86 0 437435 86 0.036730051040649414
86 0 437521 86 0.036749839782714844
86 0 437607 86 0.036847829818725586
86 0 437693 86 0.03686046600341797
86 0 437779 86 0.03685736656188965
86 0 437865 86 0.03681230545043945
86 0 437951 86 0.03686094284057617
86 0 438037 86 0.036916494369506836
86 0 438123 86 0.03697967529296875
86 0 438209 86 0.036878108978271484
86 0 438295 86 0.03687143325805664
86 0 438381 86 0.03700971603393555
86 0 438467 86 0.03694772720336914
86 0 438553 86 0.036956071853637695
86 0 438639 86 0.03686261177062988
86 0 438725 86 0.03690600395202637
86 0 438811 86 0.03695106506347656
86 0 438897 86 0.03694772720336914
86 0 438983 86 0.03693985939025879
86 0 439069 86 0.036907196044921875
86 0 439155 86 0.03689098358154297
86 0 439241 86 0.036974191665649414
86 0 439327 86 0.036983489990234375
86 0 439413 86 0.03701424598693848
86 0 439499 86 0.03692889213562012
86 0 439585 86 0.03690218925476074
86 0 439671 86 0.03698444366455078
86 0 439757 86 0.03700375556945801
86 0 439843 86 0.03696870803833008
86 0 439929 86 0.03696298599243164
85 0 433182 85 0.03542804718017578
0 87 433182 2048 0.0851287841796875
0 88 435230 2048 0.0828557014465332
0 88 437278 1363 0.06064033508300781
88 0 438729 88 0.03675484657287598
88 0 438817 88 0.0352785587310791
88 0 438905 88 0.034993648529052734
88 0 438993 88 0.03500699996948242
88 0 439081 88 0.03503274917602539
88 0 439169 88 0.03502655029296875
88 0 439257 88 0.03508567810058594
88 0 439345 88 0.03508400917053223
88 0 439433 88 0.03508281707763672
88 0 439521 88 0.034815073013305664
88 0 439609 88 0.03480792045593262
88 0 439697 88 0.03486061096191406
88 0 439785 88 0.034940481185913086
88 0 439873 88 0.03493213653564453
88 0 439961 88 0.034882545471191406
88 0 440049 88 0.034876346588134766
88 0 440137 88 0.03487753868103027
87 0 431025 87 0.03515172004699707
0 88 431025 2048 0.08663344383239746
0 87 429582 2048 0.09072351455688477
0 87 431630 2048 0.09592628479003906
0 88 433678 2048 0.08395504951477051
0 88 435726 2048 0.09093785285949707
0 88 437774 1078 0.05956697463989258
88 0 438940 88 0.03790760040283203
88 0 439028 88 0.03698468208312988
88 0 439116 88 0.03684258460998535
88 0 439204 88 0.03666353225708008
88 0 439292 88 0.036725759506225586
88 0 439380 88 0.03677964210510254
88 0 439468 88 0.03679823875427246
88 0 439556 88 0.03680109977722168
88 0 439644 88 0.0366976261138916
88 0 439732 88 0.036572933197021484
88 0 439820 88 0.03665661811828613
88 0 439908 88 0.03656005859375
88 0 439996 88 0.03665637969970703
88 0 440084 88 0.03668093681335449
88 0 440172 88 0.036661624908447266
88 0 440260 88 0.0365290641784668
88 0 440348 88 0.03658747673034668
87 0 434035 87 0.03632807731628418
0 88 434035 2048 0.08127546310424805
0 87 431779 2048 0.09092426300048828
0 87 433827 2048 0.09672284126281738
0 87 435875 284 0.034520864486694336
86 0 432711 86 0.03673958778381348
0 87 432711 2048 0.08412766456604004
0 87 434759 2048 0.09070801734924316
0 87 436807 2048 0.09668540954589844
0 87 438855 142 0.031171798706054688
87 0 439084 87 0.03691983222961426
87 0 439171 87 0.03643465042114258
87 0 439258 87 0.03638815879821777
87 0 439345 87 0.03637242317199707
87 0 439432 87 0.03637099266052246
86 0 436744 86 0.03694343566894531
86 0 436830 86 0.03693342208862305
86 0 436916 86 0.03699946403503418
86 0 437002 86 0.03678297996520996
86 0 437088 86 0.03681039810180664
86 0 437174 86 0.036859750747680664
86 0 437260 86 0.03683805465698242
86 0 437346 86 0.036779165267944336
86 0 437432 86 0.03679084777832031
85 0 433907 85 0.036138296127319336
0 86 433907 2048 0.08237719535827637
0 86 435955 2048 0.0899193286895752
0 86 438003 608 0.045203208923339844
86 0 438697 86 0.03677105903625488
86 0 438783 86 0.03650355339050293
86 0 438869 86 0.03634810447692871
86 0 438955 86 0.036377906799316406
86 0 439041 86 0.03638339042663574
86 0 439127 86 0.03637504577636719
86 0 439213 86 0.036298274993896484
86 0 439299 86 0.036313772201538086
85 0 430551 85 0.03571629524230957
0 86 430551 2048 0.08340096473693848
0 87 432599 2048 0.08655118942260742
0 88 434647 2048 0.08499026298522949
0 88 436695 2048 0.08671140670776367
0 88 438743 157 0.031064748764038086
88 0 438988 88 0.03660130500793457
88 0 439076 88 0.03602910041809082
88 0 439164 88 0.035932302474975586
88 0 439252 88 0.03591346740722656
88 0 439340 88 0.03598141670227051
88 0 439428 88 0.03600454330444336
88 0 439516 88 0.03601646423339844
88 0 439604 88 0.03589940071105957
88 0 439692 88 0.035711050033569336
88 0 439780 88 0.0357968807220459
87 0 434493 87 0.035984039306640625
0 88 434493 2048 0.0841834545135498
0 87 432795 2048 0.09131121635437012
0 88 434843 2048 0.08528757095336914
0 89 436891 2048 0.08488678932189941
0 89 438939 819 0.05078864097595215
89 0 439847 89 0.042400360107421875
89 0 439936 89 0.04216361045837402
89 0 440025 89 0.04225659370422363
89 0 440114 89 0.04226279258728027
89 0 440203 89 0.04228520393371582
89 0 440292 89 0.04225921630859375
89 0 440381 89 0.042272090911865234
89 0 440470 89 0.04207777976989746
89 0 440559 89 0.04210019111633301
89 0 440648 89 0.04205465316772461
89 0 440737 89 0.04212808609008789
89 0 440826 89 0.04201936721801758
89 0 440915 89 0.04202127456665039
89 0 441004 89 0.04197216033935547
89 0 441093 89 0.04199051856994629
89 0 441182 89 0.04203653335571289
89 0 441271 89 0.04217171669006348
88 0 433345 88 0.037653446197509766
0 88 424277 2047 0.08243036270141602
0 88 426324 2048 0.09095478057861328
0 88 428372 2048 0.09569883346557617
0 89 430420 2048 0.08841729164123535
0 89 432468 2048 0.08837628364562988
0 89 434516 2048 0.09469890594482422
0 89 433126 2048 0.0891733169555664
0 89 435174 464 0.03921627998352051
89 0 435727 89 0.038047075271606445
89 0 435816 89 0.03752541542053223
89 0 435905 89 0.037541866302490234
89 0 435994 89 0.037538766860961914
89 0 436083 89 0.03745579719543457
89 0 436172 89 0.037450313568115234
89 0 436261 89 0.037497520446777344
89 0 436350 89 0.03752446174621582
89 0 436439 89 0.037329912185668945
89 0 436528 89 0.03738903999328613
89 0 436617 89 0.037370920181274414
89 0 436706 89 0.037302255630493164
89 0 436795 89 0.037316083908081055
89 0 436884 89 0.03737521171569824
89 0 436973 89 0.03737378120422363
89 0 437062 89 0.03742051124572754
89 0 437151 89 0.03737831115722656
88 0 433036 88 0.035288333892822266
0 89 433036 2048 0.08217382431030273
0 89 435084 2048 0.0911872386932373
0 89 437132 2048 0.09708786010742188
0 89 439180 1710 0.09196662902832031
89 0 440979 89 0.039864540100097656
89 0 441068 89 0.03856015205383301
89 0 441157 89 0.03831171989440918
89 0 441246 89 0.038290977478027344
89 0 441335 89 0.0382997989654541
89 0 441424 89 0.03831028938293457
89 0 441513 89 0.0383145809173584
89 0 441602 89 0.03842473030090332
89 0 441691 89 0.03828692436218262
88 0 434264 88 0.03768754005432129
0 89 434264 2048 0.08301615715026855
0 89 436312 2048 0.09091544151306152
0 89 438360 2048 0.09670805931091309
0 89 440408 711 0.04987931251525879
89 0 441208 89 0.03946089744567871
89 0 441297 89 0.03888273239135742
88 0 437266 88 0.038281917572021484
0 88 434033 1557 0.07440638542175293
88 0 435678 88 0.03942751884460449
88 0 435766 88 0.037511348724365234
88 0 435854 88 0.03718423843383789
88 0 435942 88 0.0371854305267334
88 0 436030 88 0.0372166633605957
88 0 436118 88 0.03722190856933594
88 0 436206 88 0.03725719451904297
88 0 436294 88 0.03727436065673828
88 0 436382 88 0.03723740577697754
88 0 436470 88 0.03698468208312988
88 0 436558 88 0.03698897361755371
88 0 436646 88 0.03714346885681152
88 0 436734 88 0.03710150718688965
88 0 436822 88 0.037088871002197266
88 0 436910 88 0.03704953193664551
88 0 436998 88 0.03704214096069336
88 0 437086 88 0.03712129592895508
88 0 437174 88 0.03714179992675781
88 0 437262 88 0.037116050720214844
88 0 437350 88 0.03707122802734375
88 0 437438 88 0.03708076477050781
88 0 437526 88 0.03716564178466797
88 0 437614 88 0.037158966064453125
88 0 437702 88 0.0371251106262207
88 0 437790 88 0.03712201118469238
88 0 437878 88 0.03709888458251953
88 0 437966 88 0.037178754806518555
88 0 438054 88 0.03716850280761719
88 0 438142 88 0.03715157508850098
88 0 438230 88 0.03712654113769531
88 0 438318 88 0.03713083267211914
88 0 438406 88 0.03719472885131836
88 0 438494 88 0.037213802337646484
87 0 434820 87 0.03827476501464844
0 88 434820 2048 0.08261847496032715
0 88 436868 2048 0.09055042266845703
0 88 438916 213 0.0324554443359375
88 0 439217 88 0.03896331787109375
88 0 439305 88 0.03849363327026367
88 0 439393 88 0.03841042518615723
88 0 439481 88 0.0385129451751709
88 0 439569 88 0.038515567779541016
88 0 439657 88 0.03852367401123047
87 0 434150 87 0.03808903694152832
0 88 434150 2048 0.08426642417907715
0 88 436198 2048 0.09081816673278809
0 87 431635 2048 0.0964212417602539
0 87 424649 2048 0.0875847339630127
0 87 426697 2048 0.08925056457519531
0 87 428745 2048 0.09466361999511719
0 87 430793 2048 0.10124468803405762
0 88 432841 2048 0.08512353897094727
0 88 434889 2048 0.09130525588989258
0 89 436937 2048 0.08936405181884766
0 90 438985 2048 0.08855652809143066
0 90 433204 2048 0.08362984657287598
0 91 435252 2048 0.08617901802062988
0 91 437300 2048 0.08953022956848145
0 91 439348 922 0.0527193546295166
91 0 440361 91 0.040314674377441406
91 0 440452 91 0.03839683532714844
91 0 440543 91 0.03817605972290039
91 0 440634 91 0.03828740119934082
90 0 436416 90 0.03690934181213379
0 90 430678 2047 0.0845181941986084
0 91 432725 2048 0.08789253234863281
0 91 434773 2048 0.0872652530670166
0 91 436821 2048 0.09344792366027832
0 91 438869 2048 0.09931612014770508
0 91 440917 146 0.03111886978149414
91 0 441154 91 0.04017376899719238
91 0 441245 91 0.03983044624328613
91 0 441336 91 0.03981804847717285
91 0 441427 91 0.03979969024658203
91 0 441518 91 0.03985428810119629
91 0 441609 91 0.03983879089355469
90 0 438698 90 0.041147470474243164
90 0 438788 90 0.04104495048522949
90 0 438878 90 0.04095053672790527
90 0 438968 90 0.041010379791259766
90 0 439058 90 0.04102945327758789
89 0 435490 89 0.04097127914428711
0 90 435490 2048 0.08307409286499023
0 90 437538 2048 0.0914909839630127
0 90 439586 2048 0.0964653491973877
0 90 441634 351 0.036364078521728516
89 0 439839 89 0.0409088134765625
89 0 439928 89 0.04062533378601074
89 0 440017 89 0.04062676429748535
89 0 440106 89 0.04060864448547363
88 0 435758 88 0.03642868995666504
0 89 435758 2048 0.08431863784790039
0 89 437806 1996 0.0910184383392334
89 0 439891 89 0.04154706001281738
89 0 439980 89 0.04009103775024414
88 0 437857 88 0.03662300109863281
88 0 437945 88 0.036676645278930664
88 0 438033 88 0.0366671085357666
88 0 438121 88 0.03670644760131836
87 0 428534 87 0.0363924503326416
0 88 428534 2048 0.0835721492767334
0 89 430582 2048 0.08784866333007812
0 90 432630 2048 0.0879209041595459
0 90 434678 2048 0.08602356910705566
0 90 436726 194 0.032050371170043945
90 0 437010 90 0.040470123291015625
90 0 437100 90 0.04002070426940918
90 0 437190 90 0.03994464874267578
90 0 437280 90 0.04000377655029297
90 0 437370 90 0.04007101058959961
90 0 437460 90 0.040009498596191406
90 0 437550 90 0.03993821144104004
90 0 437640 90 0.0397953987121582
90 0 437730 90 0.039782047271728516
90 0 437820 90 0.03980684280395508
90 0 437910 90 0.03978753089904785
90 0 438000 90 0.0397491455078125
90 0 438090 90 0.03974175453186035
90 0 438180 90 0.03980827331542969
90 0 438270 90 0.039800405502319336
90 0 438360 90 0.039736032485961914
90 0 438450 90 0.03973746299743652
90 0 438540 90 0.039797306060791016
90 0 438630 90 0.03978443145751953
90 0 438720 90 0.03978133201599121
90 0 438810 90 0.039769887924194336
90 0 438900 90 0.03978610038757324
90 0 438990 90 0.039833784103393555
90 0 439080 90 0.039807796478271484
90 0 439170 90 0.03977847099304199
90 0 439260 90 0.03977680206298828
90 0 439350 90 0.03982138633728027
90 0 439440 90 0.03987765312194824
90 0 439530 90 0.03986072540283203
90 0 439620 90 0.03980398178100586
90 0 439710 90 0.03978562355041504
90 0 439800 90 0.03990292549133301
90 0 439890 90 0.03985404968261719
90 0 439980 90 0.03986525535583496
90 0 440070 90 0.03982996940612793
89 0 430188 89 0.04065418243408203
0 90 430188 2048 0.08210968971252441
0 90 432236 2048 0.08986210823059082
0 89 428437 2048 0.09544992446899414
0 90 430485 2048 0.0876321792602539
0 90 432533 2048 0.08822965621948242
0 90 434581 2048 0.09471416473388672
0 90 436629 2048 0.10068154335021973
0 90 438677 391 0.040671348571777344
90 0 439158 90 0.04042935371398926
90 0 439248 90 0.04013848304748535
90 0 439338 90 0.040148019790649414
90 0 439428 90 0.04018592834472656
90 0 439518 90 0.04026436805725098
90 0 439608 90 0.04027843475341797
90 0 439698 90 0.04026627540588379
90 0 439788 90 0.0401148796081543
90 0 439878 90 0.04000735282897949
89 0 432823 89 0.03903937339782715
0 90 432823 2048 0.08293843269348145
0 90 434871 2048 0.09142112731933594
0 90 436919 1190 0.06103658676147461
90 0 438199 90 0.041326284408569336
90 0 438289 90 0.03957343101501465
90 0 438379 90 0.03928804397583008
90 0 438469 90 0.03929591178894043
90 0 438559 90 0.039319515228271484
90 0 438649 90 0.0393376350402832
90 0 438739 90 0.03934049606323242
90 0 438829 90 0.039305686950683594
90 0 438919 90 0.03917837142944336
89 0 435933 89 0.037480831146240234
89 0 436022 89 0.03748345375061035
89 0 436111 89 0.037513017654418945
88 0 433242 88 0.03909730911254883
88 0 433330 88 0.03910565376281738
88 0 433418 88 0.03910231590270996
88 0 433506 88 0.03913140296936035
88 0 433594 88 0.039087533950805664
88 0 433682 88 0.03908395767211914
88 0 433770 88 0.03906655311584473
88 0 433858 88 0.03905773162841797
88 0 433946 88 0.03908872604370117
88 0 434034 88 0.03904151916503906
88 0 434122 88 0.039107561111450195
87 0 426382 87 0.03804445266723633
0 88 426382 2048 0.08242511749267578
0 88 428430 2048 0.0900278091430664
0 88 430478 2048 0.09555506706237793
0 89 432526 2048 0.0858762264251709
0 89 434574 1242 0.05821061134338379
89 0 435905 89 0.03806734085083008
89 0 435994 89 0.037108421325683594
89 0 436083 89 0.03693985939025879
89 0 436172 89 0.03687405586242676
89 0 436261 89 0.036977529525756836
89 0 436350 89 0.03696274757385254
89 0 436439 89 0.03694510459899902
89 0 436528 89 0.0368800163269043
89 0 436617 89 0.03679323196411133
89 0 436706 89 0.03683209419250488
89 0 436795 89 0.03682422637939453
89 0 436884 89 0.036737680435180664
89 0 436973 89 0.03676962852478027
89 0 437062 89 0.036727190017700195
89 0 437151 89 0.03685712814331055
89 0 437240 89 0.036813974380493164
89 0 437329 89 0.03673720359802246
89 0 437418 89 0.03673362731933594
89 0 437507 89 0.03673601150512695
89 0 437596 89 0.03682088851928711
89 0 437685 89 0.0368504524230957
89 0 437774 89 0.036814212799072266
89 0 437863 89 0.036751508712768555
89 0 437952 89 0.03675961494445801
89 0 438041 89 0.03684043884277344
89 0 438130 89 0.036855459213256836
89 0 438219 89 0.036858558654785156
89 0 438308 89 0.036856889724731445
89 0 438397 89 0.03679800033569336
89 0 438486 89 0.03685498237609863
89 0 438575 89 0.03687477111816406
89 0 438664 89 0.036785125732421875
89 0 438753 89 0.036783695220947266
89 0 438842 89 0.03688335418701172
89 0 438931 89 0.03690814971923828
89 0 439020 89 0.036895751953125
89 0 439109 89 0.03687572479248047
89 0 439198 89 0.03680562973022461
89 0 439287 89 0.03683352470397949
89 0 439376 89 0.03697609901428223
88 0 431285 88 0.03859829902648926
0 89 431285 2048 0.08193039894104004
0 89 433333 2048 0.09221458435058594
0 89 435381 2048 0.09617900848388672
0 89 435375 2048 0.08905887603759766
0 88 432324 2048 0.08786416053771973
0 89 434372 2048 0.0874936580657959
0 89 432088 2048 0.0862739086151123
0 90 434136 2048 0.08522677421569824
0 90 436184 816 0.04910635948181152
90 0 437090 90 0.04099869728088379
90 0 437180 90 0.04009747505187988
90 0 437270 90 0.0400698184967041
90 0 437360 90 0.04007267951965332
90 0 437450 90 0.04004025459289551
90 0 437540 90 0.0400547981262207
90 0 437630 90 0.040042877197265625
90 0 437720 90 0.03993630409240723
89 0 435338 89 0.03895759582519531
0 90 435338 2048 0.08257317543029785
0 90 437386 2048 0.0904695987701416
0 91 439434 2048 0.08581757545471191
0 91 441482 173 0.030980825424194336
91 0 441746 91 0.039504289627075195
91 0 441837 91 0.03913092613220215
91 0 441928 91 0.03915214538574219
91 0 442019 91 0.03917288780212402
91 0 442110 91 0.03914141654968262
91 0 442201 91 0.03915882110595703
91 0 442292 91 0.039144039154052734
91 0 442383 91 0.03907322883605957
89 0 437088 89 0.039653778076171875
89 0 437177 89 0.0395815372467041
89 0 437266 89 0.03960275650024414
89 0 437355 89 0.039667606353759766
89 0 437444 89 0.03971600532531738
89 0 437533 89 0.03963613510131836
89 0 437622 89 0.0396122932434082
89 0 437711 89 0.039621591567993164
89 0 437800 89 0.03970026969909668
89 0 437889 89 0.039740562438964844
89 0 437978 89 0.039678096771240234
89 0 438067 89 0.039624929428100586
89 0 438156 89 0.03966069221496582
89 0 438245 89 0.03964686393737793
89 0 438334 89 0.039682865142822266
89 0 438423 89 0.03975558280944824
89 0 438512 89 0.03975963592529297
89 0 438601 89 0.03968191146850586
89 0 438690 89 0.039674997329711914
88 0 432097 88 0.038478851318359375
0 89 432097 2048 0.0834040641784668
0 89 434145 2048 0.0901944637298584
0 89 436193 1428 0.06897926330566406
88 0 435068 88 0.03892660140991211
88 0 435156 88 0.0370943546295166
88 0 435244 88 0.03711342811584473
88 0 435332 88 0.03705930709838867
88 0 435420 88 0.037053823471069336
88 0 435508 88 0.03702902793884277
88 0 435596 88 0.037128448486328125
88 0 435684 88 0.037042856216430664
88 0 435772 88 0.03684234619140625
88 0 435860 88 0.036742210388183594
88 0 435948 88 0.036780357360839844
88 0 436036 88 0.03693056106567383
88 0 436124 88 0.03694629669189453
88 0 436212 88 0.03681063652038574
88 0 436300 88 0.03679990768432617
88 0 436388 88 0.0369415283203125
88 0 436476 88 0.036943674087524414
88 0 436564 88 0.036983489990234375
88 0 436652 88 0.03685307502746582
88 0 436740 88 0.03682518005371094
88 0 436828 88 0.036936283111572266
88 0 436916 88 0.03697514533996582
88 0 437004 88 0.03690695762634277
88 0 437092 88 0.036878108978271484
88 0 437180 88 0.036894798278808594
88 0 437268 88 0.03696131706237793
88 0 437356 88 0.03700542449951172
88 0 437444 88 0.03696775436401367
88 0 437532 88 0.03686070442199707
88 0 437620 88 0.03688311576843262
88 0 437708 88 0.0371088981628418
88 0 437796 88 0.037137746810913086
88 0 437884 88 0.03696560859680176
88 0 437972 88 0.03693246841430664
88 0 438060 88 0.0368955135345459
88 0 438148 88 0.03700661659240723
88 0 438236 88 0.03716230392456055
88 0 438324 88 0.03699159622192383
88 0 438412 88 0.03690910339355469
88 0 438500 88 0.03694033622741699
88 0 438588 88 0.037078857421875
88 0 438676 88 0.03717517852783203
88 0 438764 88 0.03701663017272949
88 0 438852 88 0.037029266357421875
88 0 438940 88 0.03698468208312988
88 0 439028 88 0.03710055351257324
88 0 439116 88 0.03708600997924805
88 0 439204 88 0.03701663017272949
88 0 439292 88 0.037134408950805664
88 0 439380 88 0.037026405334472656
88 0 439468 88 0.03724169731140137
88 0 439556 88 0.037227630615234375
88 0 439644 88 0.037081003189086914
88 0 439732 88 0.03701019287109375
88 0 439820 88 0.03704023361206055
87 0 436558 87 0.03888297080993652
87 0 436645 87 0.03885960578918457
87 0 436732 87 0.038794517517089844
87 0 436819 87 0.0387728214263916
87 0 436906 87 0.03887581825256348
87 0 436993 87 0.038901329040527344
87 0 437080 87 0.03885674476623535
87 0 437167 87 0.038825273513793945
87 0 437254 87 0.0388185977935791
87 0 437341 87 0.038930416107177734
87 0 437428 87 0.03889942169189453
87 0 437515 87 0.03886771202087402
87 0 437602 87 0.03885984420776367
87 0 437689 87 0.038851261138916016
87 0 437776 87 0.03890824317932129
87 0 437863 87 0.038927316665649414
87 0 437950 87 0.038869380950927734
87 0 438037 87 0.0388484001159668
87 0 438124 87 0.038907766342163086
87 0 438211 87 0.03895711898803711
87 0 438298 87 0.0389399528503418
87 0 438385 87 0.03889298439025879
87 0 438472 87 0.0388798713684082
86 0 436166 86 0.03775429725646973
0 87 436166 2048 0.08178257942199707
0 87 438214 2048 0.091156005859375
0 87 440262 162 0.030941247940063477
87 0 440511 87 0.03857755661010742
87 0 440598 87 0.03796267509460449
87 0 440685 87 0.03787088394165039
86 0 438769 86 0.036490440368652344
86 0 438855 86 0.036501169204711914
85 0 435781 85 0.036263227462768555
85 0 435866 85 0.0362851619720459
85 0 435951 85 0.036278724670410156
85 0 436036 85 0.036118268966674805
85 0 436121 85 0.0361027717590332
85 0 436206 85 0.036099910736083984
85 0 436291 85 0.03604865074157715
85 0 436376 85 0.03603649139404297
85 0 436461 85 0.03607439994812012
85 0 436546 85 0.036128997802734375
85 0 436631 85 0.036148786544799805
85 0 436716 85 0.03607535362243652
85 0 436801 85 0.036084890365600586
85 0 436886 85 0.03611874580383301
85 0 436971 85 0.036148786544799805
85 0 437056 85 0.03614950180053711
85 0 437141 85 0.036121368408203125
85 0 437226 85 0.03611350059509277
85 0 437311 85 0.03613138198852539
85 0 437396 85 0.036187171936035156
85 0 437481 85 0.0362088680267334
84 0 431128 84 0.03795289993286133
0 85 431128 2048 0.08270883560180664
0 85 433176 2048 0.09113836288452148
0 85 435224 1830 0.08970022201538086
85 0 437139 85 0.03994584083557129
85 0 437224 85 0.0386042594909668
85 0 437309 85 0.03821396827697754
84 0 432545 84 0.036728858947753906
0 85 432545 2048 0.08253788948059082
0 85 434593 2048 0.0903019905090332
0 85 436641 2048 0.09643411636352539
0 85 438689 910 0.0551450252532959
85 0 439684 85 0.03928637504577637
85 0 439769 85 0.03817629814147949
85 0 439854 85 0.03795456886291504
85 0 439939 85 0.03794264793395996
85 0 440024 85 0.03794455528259277
85 0 440109 85 0.03793597221374512
84 0 430656 84 0.040158987045288086
0 85 430656 2048 0.08285760879516602
0 85 432704 2048 0.09022760391235352
0 86 434752 2048 0.08478689193725586
0 86 436800 2048 0.08971524238586426
0 86 438848 1658 0.08557844161987305
86 0 440592 86 0.04158282279968262
86 0 440678 86 0.04062700271606445
86 0 440764 86 0.040212392807006836
86 0 440850 86 0.04024958610534668
86 0 440936 86 0.04021644592285156
86 0 441022 86 0.04018688201904297
86 0 441108 86 0.04018259048461914
86 0 441194 86 0.04018235206604004
86 0 441280 86 0.03999519348144531
86 0 441366 86 0.04005169868469238
86 0 441452 86 0.0400540828704834
86 0 441538 86 0.04002809524536133
86 0 441624 86 0.040010929107666016
86 0 441710 86 0.040003061294555664
86 0 441796 86 0.04004788398742676
86 0 441882 86 0.04006028175354004
85 0 436510 85 0.038526296615600586
0 86 436510 2048 0.08571672439575195
0 86 438558 778 0.05028963088989258
86 0 439422 86 0.039376258850097656
86 0 439508 86 0.03886294364929199
86 0 439594 86 0.038878440856933594
85 0 433899 85 0.03926801681518555
0 86 433899 2048 0.0842282772064209
0 87 435947 2048 0.08929824829101562
0 87 437995 2048 0.0852363109588623
0 87 440043 2048 0.09222745895385742
0 86 437725 95 0.030036449432373047
86 0 437906 86 0.03949236869812012
86 0 437992 86 0.03924870491027832
86 0 438078 86 0.039216041564941406
86 0 438164 86 0.03924298286437988
86 0 438250 86 0.03921031951904297
86 0 438336 86 0.03930091857910156
86 0 438422 86 0.03924441337585449
85 0 430535 85 0.039121150970458984
0 86 430535 2048 0.08497190475463867
0 86 432583 1455 0.07704353332519531
86 0 434124 86 0.04022836685180664
86 0 434210 86 0.03958439826965332
86 0 434296 86 0.03917503356933594
86 0 434382 86 0.039155006408691406
86 0 434468 86 0.039215803146362305
86 0 434554 86 0.039141178131103516
86 0 434640 86 0.039252519607543945
86 0 434726 86 0.03939175605773926
86 0 434812 86 0.03911137580871582
86 0 434898 86 0.039022207260131836
86 0 434984 86 0.03895759582519531
85 0 429725 85 0.03954911231994629
0 86 429725 2048 0.08370733261108398
0 86 431773 2048 0.08975815773010254
0 86 433821 2048 0.09588789939880371
0 86 435869 722 0.049423933029174805
86 0 436677 86 0.04020261764526367
86 0 436763 86 0.03937840461730957
86 0 436849 86 0.03939318656921387
86 0 436935 86 0.0393831729888916
86 0 437021 86 0.03938150405883789
86 0 437107 86 0.03928208351135254
86 0 437193 86 0.03937482833862305
86 0 437279 86 0.03938603401184082
86 0 437365 86 0.039113521575927734
86 0 437451 86 0.03923201560974121
86 0 437537 86 0.03918004035949707
86 0 437623 86 0.03919863700866699
86 0 437709 86 0.03915524482727051
86 0 437795 86 0.0391538143157959
86 0 437881 86 0.03925514221191406
86 0 437967 86 0.03911018371582031
86 0 438053 86 0.03921866416931152
86 0 438139 86 0.039263010025024414
86 0 438225 86 0.03926420211791992
86 0 438311 86 0.039278268814086914
86 0 438397 86 0.03924417495727539
86 0 438483 86 0.03925013542175293
85 0 430456 85 0.03754138946533203
0 86 430456 2048 0.08440160751342773
0 86 432504 2048 0.08979606628417969
0 86 434552 1363 0.06626224517822266
86 0 436001 86 0.03984260559082031
86 0 436087 86 0.03838372230529785
86 0 436173 86 0.037845611572265625
86 0 436259 86 0.037752389907836914
86 0 436345 86 0.03773164749145508
86 0 436431 86 0.037778377532958984
86 0 436517 86 0.03777480125427246
86 0 436603 86 0.03777194023132324
86 0 436689 86 0.037773847579956055
86 0 436775 86 0.037622928619384766
86 0 436861 86 0.03762459754943848
86 0 436947 86 0.03762459754943848
86 0 437033 86 0.03763294219970703
86 0 437119 86 0.037590742111206055
86 0 437205 86 0.037589311599731445
86 0 437291 86 0.037546396255493164
86 0 437377 86 0.03756213188171387
86 0 437463 86 0.0376434326171875
86 0 437549 86 0.03764796257019043
86 0 437635 86 0.037619829177856445
86 0 437721 86 0.03759884834289551
86 0 437807 86 0.03761696815490723
86 0 437893 86 0.0376584529876709
86 0 437979 86 0.03763270378112793
86 0 438065 86 0.03760075569152832
86 0 438151 86 0.037603139877319336
86 0 438237 86 0.037672996520996094
86 0 438323 86 0.03769183158874512
85 0 435524 85 0.03692960739135742
0 86 435524 2048 0.08382177352905273
0 86 437572 2048 0.09128308296203613
0 86 439620 574 0.043949127197265625
86 0 440280 86 0.03771328926086426
86 0 440366 86 0.03707242012023926
86 0 440452 86 0.03705787658691406
86 0 440538 86 0.037027835845947266
86 0 440624 86 0.0370333194732666
86 0 440710 86 0.03705310821533203
86 0 440796 86 0.03707742691040039
86 0 440882 86 0.03710460662841797
85 0 436451 85 0.037636518478393555
0 85 432538 2047 0.08407354354858398
0 85 434585 2048 0.09200024604797363
0 85 427980 2048 0.0856318473815918
0 85 430028 2048 0.08899593353271484
0 85 425406 2048 0.08585929870605469
0 86 427454 2048 0.08531856536865234
0 86 429502 2048 0.08861517906188965
0 86 431550 1444 0.07848215103149414
86 0 433080 86 0.0373690128326416
86 0 433166 86 0.03643989562988281
86 0 433252 86 0.036353111267089844
86 0 433338 86 0.03638720512390137
86 0 433424 86 0.036376953125
86 0 433510 86 0.03638410568237305
86 0 433596 86 0.03643298149108887
86 0 433682 86 0.036466121673583984
86 0 433768 86 0.03635358810424805
86 0 433854 86 0.036235809326171875
86 0 433940 86 0.036255836486816406
86 0 434026 86 0.036258697509765625
86 0 434112 86 0.03621077537536621
86 0 434198 86 0.03620767593383789
86 0 434284 86 0.03627634048461914
86 0 434370 86 0.03628873825073242
86 0 434456 86 0.036261796951293945
86 0 434542 86 0.036229610443115234
86 0 434628 86 0.036206722259521484
86 0 434714 86 0.03630566596984863
86 0 434800 86 0.036310434341430664
86 0 434886 86 0.03629732131958008
86 0 434972 86 0.03625750541687012
86 0 435058 86 0.03626084327697754
86 0 435144 86 0.036360740661621094
86 0 435230 86 0.03632235527038574
86 0 435316 86 0.036309003829956055
86 0 435402 86 0.03627634048461914
85 0 429918 85 0.038307905197143555
0 86 429918 2048 0.08108019828796387
0 86 431966 2048 0.09038352966308594
0 86 434014 2048 0.09667634963989258
0 86 436062 314 0.03495049476623535
86 0 436462 86 0.038897037506103516
86 0 436548 86 0.038561344146728516
86 0 436634 86 0.03847551345825195
86 0 436720 86 0.03853487968444824
86 0 436806 86 0.03855180740356445
86 0 436892 86 0.03853583335876465
86 0 436978 86 0.03853893280029297
86 0 437064 86 0.03857231140136719
86 0 437150 86 0.03841662406921387
86 0 437236 86 0.038390159606933594
86 0 437322 86 0.03840756416320801
86 0 437408 86 0.03836226463317871
86 0 437494 86 0.038358211517333984
86 0 437580 86 0.03836965560913086
86 0 437666 86 0.038419246673583984
86 0 437752 86 0.038434505462646484
86 0 437838 86 0.03840899467468262
86 0 437924 86 0.038373470306396484
86 0 438010 86 0.038347482681274414
86 0 438096 86 0.03848528861999512
86 0 438182 86 0.0384678840637207
86 0 438268 86 0.03861546516418457
86 0 438354 86 0.038416385650634766
86 0 438440 86 0.0384213924407959
86 0 438526 86 0.03847241401672363
86 0 438612 86 0.038422584533691406
85 0 434929 85 0.037850141525268555
85 0 435014 85 0.03786039352416992
85 0 435099 85 0.037886619567871094
85 0 435184 85 0.03792405128479004
85 0 435269 85 0.03791356086730957
85 0 435354 85 0.03786873817443848
85 0 435439 85 0.03787398338317871
85 0 435524 85 0.03789544105529785
85 0 435609 85 0.03795814514160156
85 0 435694 85 0.03793478012084961
85 0 435779 85 0.03791999816894531
85 0 435864 85 0.03790712356567383
85 0 435949 85 0.03794717788696289
85 0 436034 85 0.03795313835144043
84 0 431876 84 0.038674116134643555
0 85 431876 2048 0.08412313461303711
0 85 433924 2048 0.09080266952514648
0 85 435972 2048 0.09569597244262695
0 85 438020 1762 0.09337973594665527
84 0 435231 84 0.036200523376464844
0 85 435231 2048 0.08351778984069824
0 85 437279 1399 0.07366633415222168
85 0 438763 85 0.03634452819824219
85 0 438848 85 0.03531217575073242
84 0 432666 84 0.03631019592285156
0 85 432666 2048 0.08189797401428223
0 85 434714 2048 0.09030365943908691
0 85 436762 2048 0.09609270095825195
0 85 433300 2048 0.0867455005645752
0 85 435348 2048 0.08940458297729492
0 86 437396 2048 0.09332466125488281
0 86 439444 943 0.04947328567504883
86 0 440473 86 0.03988170623779297
86 0 440559 86 0.03830075263977051
86 0 440645 86 0.03823351860046387
86 0 440731 86 0.03826427459716797
85 0 431667 85 0.03829813003540039
0 86 431667 2048 0.08359694480895996
0 86 433715 2048 0.0902094841003418
0 86 435763 1401 0.07948970794677734
86 0 437250 86 0.0378420352935791
86 0 437336 86 0.03677773475646973
86 0 437422 86 0.036125898361206055
86 0 437508 86 0.03610348701477051
86 0 437594 86 0.03615403175354004
86 0 437680 86 0.03612971305847168
86 0 437766 86 0.03618359565734863
86 0 437852 86 0.03622841835021973
86 0 437938 86 0.03624296188354492
86 0 438024 86 0.035944461822509766
86 0 438110 86 0.03595447540283203
86 0 438196 86 0.03598928451538086
86 0 438282 86 0.0360102653503418
85 0 428357 85 0.03549647331237793
0 86 428357 2048 0.08098149299621582
0 86 430405 2048 0.09017300605773926
0 87 432453 2048 0.0855104923248291
0 87 434501 2048 0.08724284172058105
0 88 436549 2048 0.08976626396179199
0 88 438597 1070 0.05556154251098633
88 0 439755 88 0.03737831115722656
88 0 439843 88 0.03619837760925293
88 0 439931 88 0.035732269287109375
88 0 440019 88 0.0357518196105957
88 0 440107 88 0.035768747329711914
88 0 440195 88 0.03574991226196289
88 0 440283 88 0.03578543663024902
88 0 440371 88 0.035834312438964844
88 0 440459 88 0.03576326370239258
88 0 440547 88 0.03564167022705078
88 0 440635 88 0.035637855529785156
88 0 440723 88 0.03564929962158203
88 0 440811 88 0.035668373107910156
88 0 440899 88 0.03567028045654297
88 0 440987 88 0.03557538986206055
88 0 441075 88 0.03557562828063965
88 0 441163 88 0.03558206558227539
87 0 434031 87 0.03666043281555176
0 88 434031 2048 0.08458232879638672
0 88 433021 2037 0.08371949195861816
88 0 435146 88 0.03839468955993652
88 0 435234 88 0.037256479263305664
88 0 435322 88 0.03679704666137695
88 0 435410 88 0.03681015968322754
88 0 435498 88 0.0367887020111084
88 0 435586 88 0.03687334060668945
87 0 432396 87 0.03688168525695801
87 0 432483 87 0.03687334060668945
87 0 432570 87 0.03684663772583008
87 0 432657 87 0.03661060333251953
87 0 432744 87 0.03661036491394043
87 0 432831 87 0.03662729263305664
87 0 432918 87 0.03677678108215332
87 0 433005 87 0.036721229553222656
87 0 433092 87 0.036635637283325195
87 0 433179 87 0.03665947914123535
87 0 433266 87 0.03677701950073242
87 0 433353 87 0.03672909736633301
87 0 433440 87 0.03673386573791504
87 0 433527 87 0.03666520118713379
87 0 433614 87 0.03667879104614258
87 0 433701 87 0.03677082061767578
87 0 433788 87 0.03672957420349121
87 0 433875 87 0.036756277084350586
87 0 433962 87 0.03671836853027344
87 0 434049 87 0.03668999671936035
87 0 434136 87 0.03678703308105469
87 0 434223 87 0.03682565689086914
87 0 434310 87 0.03680253028869629
87 0 434397 87 0.03673410415649414
87 0 434484 87 0.03669428825378418
87 0 434571 87 0.03677630424499512
87 0 434658 87 0.03686165809631348
87 0 434745 87 0.03684878349304199
87 0 434832 87 0.036772727966308594
87 0 434919 87 0.03676724433898926
87 0 435006 87 0.0368657112121582
87 0 435093 87 0.0368962287902832
87 0 435180 87 0.036812782287597656
87 0 435267 87 0.03678321838378906
87 0 435354 87 0.03677701950073242
87 0 435441 87 0.03692364692687988
87 0 435528 87 0.036913394927978516
87 0 435615 87 0.03682875633239746
87 0 435702 87 0.036813974380493164
87 0 435789 87 0.036824941635131836
87 0 435876 87 0.03688216209411621
87 0 435963 87 0.03687024116516113
87 0 436050 87 0.0369410514831543
87 0 436137 87 0.03683757781982422
87 0 436224 87 0.03689742088317871
87 0 436311 87 0.03703570365905762
87 0 436398 87 0.036913156509399414
87 0 436485 87 0.0368802547454834
87 0 436572 87 0.03685140609741211
87 0 436659 87 0.03688454627990723
87 0 436746 87 0.03699231147766113
87 0 436833 87 0.036975860595703125
87 0 436920 87 0.03692126274108887
87 0 437007 87 0.036865234375
87 0 437094 87 0.036878108978271484
87 0 437181 87 0.037011146545410156
87 0 437268 87 0.03698873519897461
87 0 437355 87 0.036934852600097656
87 0 437442 87 0.036951541900634766
87 0 437529 87 0.036962270736694336
87 0 437616 87 0.03703498840332031
87 0 437703 87 0.0370333194732666
87 0 437790 87 0.0369257926940918
86 0 433286 86 0.03694939613342285
0 87 433286 2048 0.08127093315124512
0 87 435334 2048 0.09094381332397461
0 87 437382 2048 0.09515190124511719
0 87 439430 1077 0.062279701232910156
87 0 440594 87 0.04032421112060547
87 0 440681 87 0.038985490798950195
87 0 440768 87 0.038791656494140625
87 0 440855 87 0.038755178451538086
87 0 440942 87 0.03881669044494629
87 0 441029 87 0.03879380226135254
87 0 441116 87 0.038836002349853516
87 0 441203 87 0.03876781463623047
87 0 441290 87 0.0385587215423584
87 0 441377 87 0.03849959373474121
87 0 441464 87 0.038501739501953125
87 0 441551 87 0.03852367401123047
87 0 441638 87 0.0385589599609375
87 0 441725 87 0.038675785064697266
87 0 441812 87 0.03863072395324707
87 0 441899 87 0.03866100311279297
86 0 436328 86 0.03743243217468262
0 87 436328 2048 0.08059000968933105
0 87 438376 1369 0.06304788589477539
87 0 439832 87 0.039488792419433594
87 0 439919 87 0.03865170478820801
87 0 440006 87 0.03778719902038574
87 0 440093 87 0.03779339790344238
87 0 440180 87 0.0377192497253418
86 0 438017 86 0.0379185676574707
0 87 438017 2048 0.08460617065429688
0 87 440065 1875 0.08579874038696289
87 0 442027 87 0.03959178924560547
87 0 442114 87 0.038184404373168945
87 0 442201 87 0.03798341751098633
86 0 435872 86 0.03864932060241699
0 87 435872 2048 0.0803227424621582
0 87 437920 2048 0.09018707275390625
0 87 439968 2048 0.09553074836730957
0 87 434009 2048 0.08389806747436523
0 87 436057 2048 0.08873319625854492
0 87 438105 1804 0.08801579475402832
87 0 439996 87 0.040693044662475586
86 0 435559 86 0.038262128829956055
0 86 429877 2047 0.0828711986541748
0 85 424821 2048 0.08916831016540527
0 85 426869 2048 0.0943150520324707
0 85 428917 2048 0.10058164596557617
0 86 430965 2048 0.0824434757232666
0 87 433013 2048 0.08428478240966797
0 87 435061 337 0.0344541072845459
87 0 435485 87 0.03519725799560547
87 0 435572 87 0.03490185737609863
87 0 435659 87 0.034908294677734375
87 0 435746 87 0.03489828109741211
87 0 435833 87 0.034873247146606445
87 0 435920 87 0.03494548797607422
87 0 436007 87 0.034954071044921875
87 0 436094 87 0.03495645523071289
87 0 436181 87 0.03477025032043457
87 0 436268 87 0.03476667404174805
87 0 436355 87 0.03479599952697754
87 0 436442 87 0.03478646278381348
87 0 436529 87 0.03479504585266113
86 0 429028 86 0.03904986381530762
0 87 429028 2048 0.08309388160705566
0 87 431076 2048 0.09096550941467285
0 87 433124 2048 0.09383869171142578
0 87 435172 115 0.029155969619750977
87 0 435374 87 0.03964710235595703
87 0 435461 87 0.03928661346435547
87 0 435548 87 0.039289236068725586
87 0 435635 87 0.039325714111328125
87 0 435722 87 0.03934335708618164
86 0 433619 86 0.037378787994384766
86 0 433705 86 0.03739452362060547
86 0 433791 86 0.03731560707092285
86 0 433877 86 0.03723859786987305
86 0 433963 86 0.03723573684692383
86 0 434049 86 0.037198543548583984
86 0 434135 86 0.03719639778137207
86 0 434221 86 0.03719687461853027
86 0 434307 86 0.037236928939819336
86 0 434393 86 0.03727221488952637
86 0 434479 86 0.03718066215515137
86 0 434565 86 0.037206172943115234
85 0 427201 85 0.03929638862609863
0 86 427201 2048 0.08277630805969238
0 86 429249 2048 0.08989858627319336
0 86 431297 2048 0.09520673751831055
0 86 433345 2048 0.1003563404083252
0 87 435393 2048 0.08592391014099121
0 87 437441 1319 0.06163334846496582
87 0 438847 87 0.04134202003479004
87 0 438934 87 0.04004621505737305
87 0 439021 87 0.03936600685119629
87 0 439108 87 0.039357900619506836
87 0 439195 87 0.039330482482910156
87 0 439282 87 0.03935647010803223
87 0 439369 87 0.03936147689819336
87 0 439456 87 0.039374589920043945
87 0 439543 87 0.03941226005554199
87 0 439630 87 0.03925061225891113
87 0 439717 87 0.03917884826660156
87 0 439804 87 0.039185285568237305
87 0 439891 87 0.03921961784362793
87 0 439978 87 0.039229393005371094
86 0 437517 86 0.03640556335449219
0 87 437517 2048 0.08381438255310059
0 87 439565 1343 0.0632784366607666
87 0 440995 87 0.03906965255737305
86 0 435359 86 0.03936934471130371
86 0 435445 86 0.03893637657165527
85 0 430108 85 0.03887128829956055
0 86 430108 2048 0.08281183242797852
0 86 432156 2048 0.08930802345275879
0 86 434204 2048 0.09520244598388672
0 86 436252 890 0.05362963676452637
86 0 437228 86 0.04058480262756348
86 0 437314 86 0.03886580467224121
86 0 437400 86 0.038466691970825195
86 0 437486 86 0.0383610725402832
86 0 437572 86 0.038394927978515625
86 0 437658 86 0.03851318359375
86 0 437744 86 0.03855586051940918
86 0 437830 86 0.038484811782836914
86 0 437916 86 0.038356781005859375
86 0 438002 86 0.0382843017578125
86 0 438088 86 0.0382688045501709
86 0 438174 86 0.03828835487365723
86 0 438260 86 0.03834033012390137
86 0 438346 86 0.03840327262878418
86 0 438432 86 0.03841137886047363
86 0 438518 86 0.03829622268676758
86 0 438604 86 0.038275718688964844
86 0 438690 86 0.03836846351623535
86 0 438776 86 0.03843116760253906
86 0 438862 86 0.03846549987792969
86 0 438948 86 0.03834080696105957
86 0 439034 86 0.038346052169799805
86 0 439120 86 0.03842902183532715
86 0 439206 86 0.038486480712890625
86 0 439292 86 0.03841257095336914
86 0 439378 86 0.03835701942443848
86 0 439464 86 0.038324832916259766
86 0 439550 86 0.03848719596862793
85 0 436016 85 0.037544965744018555
0 86 436016 1923 0.08116459846496582
86 0 438025 86 0.04056096076965332
86 0 438111 86 0.03839373588562012
86 0 438197 86 0.03780245780944824
86 0 438283 86 0.0376582145690918
86 0 438369 86 0.0376439094543457
86 0 438455 86 0.03767538070678711
86 0 438541 86 0.03767275810241699
86 0 438627 86 0.03768587112426758
86 0 438713 86 0.03773903846740723
86 0 438799 86 0.03757882118225098
86 0 438885 86 0.03755760192871094
86 0 438971 86 0.037554025650024414
86 0 439057 86 0.03758859634399414
86 0 439143 86 0.03751349449157715
86 0 439229 86 0.037546634674072266
86 0 439315 86 0.03757929801940918
86 0 439401 86 0.03762531280517578
86 0 439487 86 0.037592411041259766
86 0 439573 86 0.03753185272216797
86 0 439659 86 0.037537336349487305
85 0 433283 85 0.037183523178100586
0 86 433283 2048 0.08058500289916992
0 85 427859 2048 0.09003686904907227
0 86 429907 2048 0.09106659889221191
0 86 429420 2048 0.08289170265197754
0 86 431468 2048 0.08449268341064453
0 86 433516 2048 0.0913686752319336
0 87 435564 2048 0.08894467353820801
0 87 437612 1722 0.08153843879699707
87 0 439421 87 0.040400028228759766
87 0 439508 87 0.03876662254333496
87 0 439595 87 0.038355350494384766
87 0 439682 87 0.03833818435668945
87 0 439769 87 0.038356781005859375
87 0 439856 87 0.03836655616760254
87 0 439943 87 0.03839254379272461
87 0 440030 87 0.03837275505065918
87 0 440117 87 0.038277626037597656
87 0 440204 87 0.0380704402923584
87 0 440291 87 0.038146257400512695
87 0 440378 87 0.03816342353820801
87 0 440465 87 0.0382075309753418
87 0 440552 87 0.038243770599365234
87 0 440639 87 0.038240909576416016
87 0 440726 87 0.03817152976989746
87 0 440813 87 0.03816032409667969
87 0 440900 87 0.0381922721862793
87 0 440987 87 0.03828072547912598
87 0 441074 87 0.038290977478027344
87 0 441161 87 0.038199663162231445
87 0 441248 87 0.03820061683654785
87 0 441335 87 0.0382380485534668
87 0 441422 87 0.038286685943603516
87 0 441509 87 0.03831315040588379
87 0 441596 87 0.03822731971740723
87 0 441683 87 0.03826546669006348
87 0 441770 87 0.038298606872558594
86 0 434809 86 0.035227060317993164
0 87 434809 2048 0.08341765403747559
0 87 436857 2048 0.09028124809265137
0 87 438905 2048 0.09596943855285645
0 87 440953 573 0.04430055618286133
87 0 441613 87 0.03900432586669922
87 0 441700 87 0.03874778747558594
87 0 441787 87 0.03851652145385742
87 0 441874 87 0.038504838943481445
87 0 441961 87 0.038498878479003906
87 0 442048 87 0.0384974479675293
86 0 439694 86 0.03756856918334961
0 86 432365 2047 0.08111166954040527
0 86 434412 620 0.04375481605529785
86 0 435118 86 0.03786969184875488
86 0 435204 86 0.03729867935180664
86 0 435290 86 0.03722715377807617
86 0 435376 86 0.037223100662231445
86 0 435462 86 0.037238359451293945
86 0 435548 86 0.037245750427246094
86 0 435634 86 0.037247419357299805
86 0 435720 86 0.03729581832885742
86 0 435806 86 0.03717517852783203
85 0 430364 85 0.03666424751281738
0 86 430364 2048 0.08271598815917969
0 86 432412 2048 0.08969807624816895
0 86 434460 2048 0.09560561180114746
0 87 436508 2048 0.09594202041625977
0 87 431514 2048 0.08212685585021973
0 87 433562 2048 0.08652091026306152
0 87 435610 2048 0.09335160255432129
0 88 437658 2048 0.0970160961151123
0 88 439706 2048 0.08641600608825684
0 87 435159 868 0.05213332176208496
86 0 430765 86 0.03789234161376953
0 87 430765 2048 0.08421158790588379
0 87 432813 2048 0.09022903442382812
0 87 434861 2048 0.09563040733337402
0 87 436909 1739 0.09140610694885254
87 0 438735 87 0.03840923309326172
87 0 438822 87 0.03724551200866699
87 0 438909 87 0.036917686462402344
87 0 438996 87 0.03694343566894531
87 0 439083 87 0.03694796562194824
87 0 439170 87 0.036971092224121094
87 0 439257 87 0.03699779510498047
87 0 439344 87 0.0369565486907959
87 0 439431 87 0.03690648078918457
87 0 439518 87 0.03671693801879883
87 0 439605 87 0.03676605224609375
87 0 439692 87 0.03678536415100098
87 0 439779 87 0.03683328628540039
87 0 439866 87 0.03685164451599121
86 0 435768 86 0.03932833671569824
86 0 435854 86 0.039255619049072266
86 0 435940 86 0.03927183151245117
86 0 436026 86 0.03928709030151367
86 0 436112 86 0.039362192153930664
86 0 436198 86 0.03931450843811035
86 0 436284 86 0.0392453670501709
86 0 436370 86 0.03923320770263672
86 0 436456 86 0.03934788703918457
86 0 436542 86 0.03935527801513672
85 0 434749 85 0.037595272064208984
0 86 434749 2048 0.07984781265258789
0 86 436797 2048 0.09268665313720703
0 86 438845 702 0.04784274101257324
86 0 439633 86 0.03831052780151367
86 0 439719 86 0.03782081604003906
86 0 439805 86 0.03775763511657715
86 0 439891 86 0.03777503967285156
86 0 439977 86 0.037770748138427734
86 0 440063 86 0.03776192665100098
86 0 440149 86 0.03779339790344238
86 0 440235 86 0.037812232971191406
86 0 440321 86 0.0376436710357666
86 0 440407 86 0.037650346755981445
86 0 440493 86 0.03768634796142578
86 0 440579 86 0.03762936592102051
86 0 440665 86 0.03762674331665039
86 0 440751 86 0.03767585754394531
86 0 440837 86 0.037685394287109375
86 0 440923 86 0.037720680236816406
86 0 441009 86 0.03759574890136719
85 0 435454 85 0.038428544998168945
0 86 435454 2048 0.08482599258422852
0 86 437502 2048 0.09014296531677246
0 86 439550 917 0.05140113830566406
86 0 440553 86 0.039346933364868164
86 0 440639 86 0.03859400749206543
86 0 440725 86 0.038668155670166016
86 0 440811 86 0.03867292404174805
86 0 440897 86 0.03871726989746094
86 0 440983 86 0.038709402084350586
86 0 441069 86 0.03866744041442871
86 0 441155 86 0.038568973541259766
85 0 439088 85 0.03635096549987793
85 0 439173 85 0.03638124465942383
85 0 439258 85 0.0363922119140625
85 0 439343 85 0.03639078140258789
85 0 439428 85 0.03638315200805664
85 0 439513 85 0.03641819953918457
85 0 439598 85 0.036507368087768555
85 0 439683 85 0.03648972511291504
85 0 439768 85 0.036461830139160156
85 0 439853 85 0.03643989562988281
85 0 439938 85 0.03645205497741699
85 0 440023 85 0.03647804260253906
85 0 440108 85 0.03650546073913574
85 0 440193 85 0.036421775817871094
85 0 440278 85 0.03645777702331543
84 0 432406 84 0.038085222244262695
0 85 432406 2048 0.09456872940063477
0 86 434454 2048 0.0835716724395752
0 87 436502 2048 0.08445358276367188
0 87 438550 2048 0.08731865882873535
0 86 437660 1562 0.08248543739318848
86 0 439308 86 0.03900027275085449
86 0 439394 86 0.03798222541809082
85 0 432199 85 0.03603816032409668
0 86 432199 2048 0.08393716812133789
0 86 434247 2048 0.0901331901550293
0 86 432625 2048 0.08956551551818848
0 86 434673 2048 0.08567690849304199
0 86 436721 2048 0.09282612800598145
0 86 438769 1254 0.0631098747253418
86 0 440109 86 0.03912806510925293
86 0 440195 86 0.03752875328063965
86 0 440281 86 0.03723406791687012
86 0 440367 86 0.03722882270812988
86 0 440453 86 0.037277936935424805
86 0 440539 86 0.037293195724487305
86 0 440625 86 0.03729438781738281
86 0 440711 86 0.037313222885131836
86 0 440797 86 0.03728628158569336
86 0 440883 86 0.03714275360107422
86 0 440969 86 0.03715085983276367
85 0 436344 85 0.03703808784484863
85 0 436429 85 0.03704690933227539
85 0 436514 85 0.03703451156616211
85 0 436599 85 0.036965370178222656
85 0 436684 85 0.03698992729187012
85 0 436769 85 0.03701186180114746
85 0 436854 85 0.03712153434753418
84 0 435396 84 0.03570413589477539
84 0 435480 84 0.03567147254943848
84 0 435564 84 0.035639286041259766
84 0 435648 84 0.03569531440734863
84 0 435732 84 0.03574562072753906
84 0 435816 84 0.035747528076171875
84 0 435900 84 0.03567814826965332
84 0 435984 84 0.03567695617675781
84 0 436068 84 0.03574371337890625
84 0 436152 84 0.035758018493652344
84 0 436236 84 0.03574991226196289
84 0 436320 84 0.035718441009521484
84 0 436404 84 0.03569602966308594
84 0 436488 84 0.03572392463684082
84 0 436572 84 0.03582048416137695
84 0 436656 84 0.03580617904663086
84 0 436740 84 0.03573966026306152
84 0 436824 84 0.035730600357055664
84 0 436908 84 0.03571581840515137
84 0 436992 84 0.03578925132751465
84 0 437076 84 0.03577685356140137
84 0 437160 84 0.03578662872314453
84 0 437244 84 0.03578019142150879
84 0 437328 84 0.035768985748291016
84 0 437412 84 0.03588533401489258
84 0 437496 84 0.035890817642211914
84 0 437580 84 0.035802602767944336
84 0 437664 84 0.035798072814941406
84 0 437748 84 0.03577733039855957
84 0 437832 84 0.03586125373840332
84 0 437916 84 0.03591489791870117
84 0 438000 84 0.03585100173950195
83 0 430026 83 0.036687374114990234
0 84 430026 2048 0.0814509391784668
0 84 432074 2048 0.09015393257141113
0 84 434122 2048 0.09516692161560059
0 84 436170 1244 0.06520462036132812
84 0 437498 84 0.03765368461608887
84 0 437582 84 0.03641653060913086
84 0 437666 84 0.036031484603881836
84 0 437750 84 0.03601241111755371
83 0 433056 83 0.03607892990112305
0 83 430286 2047 0.07994246482849121
0 83 432333 2048 0.08905720710754395
0 83 434381 2048 0.09603476524353027
0 84 436429 2048 0.09624433517456055
0 84 438477 2048 0.0852196216583252
0 84 440525 1609 0.08228182792663574
84 0 442218 84 0.03922605514526367
84 0 442302 84 0.03799080848693848
84 0 442386 84 0.03786897659301758
83 0 439303 83 0.03852534294128418
83 0 439386 83 0.038484811782836914
82 0 435660 82 0.03828740119934082
0 83 435660 2048 0.0823824405670166
0 83 430958 2048 0.08883523941040039
0 83 433006 2048 0.08444404602050781
0 83 435054 133 0.030375242233276367
83 0 435270 83 0.03734874725341797
83 0 435353 83 0.036745548248291016
83 0 435436 83 0.03661298751831055
83 0 435519 83 0.036673784255981445
83 0 435602 83 0.03668689727783203
83 0 435685 83 0.036676883697509766
83 0 435768 83 0.03668689727783203
83 0 435851 83 0.036724090576171875
83 0 435934 83 0.03659415245056152
83 0 436017 83 0.03652787208557129
83 0 436100 83 0.03660750389099121
83 0 436183 83 0.036548614501953125
83 0 436266 83 0.03651309013366699
83 0 436349 83 0.03658008575439453
83 0 436432 83 0.03661513328552246
83 0 436515 83 0.03658604621887207
83 0 436598 83 0.036520957946777344
83 0 436681 83 0.03650188446044922
83 0 436764 83 0.03656744956970215
83 0 436847 83 0.03664803504943848
83 0 436930 83 0.03662872314453125
83 0 437013 83 0.03656721115112305
83 0 437096 83 0.03657078742980957
83 0 437179 83 0.036566972732543945
83 0 437262 83 0.03666496276855469
83 0 437345 83 0.03664374351501465
83 0 437428 83 0.03654050827026367
83 0 437511 83 0.03659963607788086
83 0 437594 83 0.036614179611206055
82 0 429388 82 0.038506269454956055
0 83 429388 2048 0.08402156829833984
0 83 431436 2048 0.09076094627380371
0 84 433484 2048 0.08924984931945801
0 84 435532 2048 0.08708858489990234
0 84 437580 2048 0.09297800064086914
0 84 439628 592 0.04574084281921387
84 0 440304 84 0.03929924964904785
84 0 440388 84 0.03870582580566406
83 0 436880 83 0.03663516044616699
83 0 436963 83 0.03666400909423828
83 0 437046 83 0.03667879104614258
83 0 437129 83 0.0366973876953125
82 0 428452 82 0.03565192222595215
0 83 428452 2048 0.08193016052246094
0 83 430500 2048 0.08978271484375
0 84 432548 2048 0.08555245399475098
0 84 434596 758 0.04662036895751953
84 0 435438 84 0.03656506538391113
84 0 435522 84 0.03614521026611328
84 0 435606 84 0.036037445068359375
84 0 435690 84 0.03603672981262207
84 0 435774 84 0.036028385162353516
84 0 435858 84 0.03605985641479492
84 0 435942 84 0.03605175018310547
84 0 436026 84 0.03606843948364258
84 0 436110 84 0.03608202934265137
84 0 436194 84 0.03596663475036621
84 0 436278 84 0.035967350006103516
84 0 436362 84 0.03596997261047363
84 0 436446 84 0.035877227783203125
84 0 436530 84 0.03586935997009277
84 0 436614 84 0.03589034080505371
84 0 436698 84 0.03593897819519043
84 0 436782 84 0.03597283363342285
84 0 436866 84 0.035898447036743164
84 0 436950 84 0.03589653968811035
84 0 437034 84 0.03598141670227051
84 0 437118 84 0.03601837158203125
84 0 437202 84 0.03603553771972656
84 0 437286 84 0.03595113754272461
84 0 437370 84 0.0359034538269043
84 0 437454 84 0.03590703010559082
84 0 437538 84 0.036017417907714844
84 0 437622 84 0.03605175018310547
84 0 437706 84 0.035961151123046875
84 0 437790 84 0.03592801094055176
84 0 437874 84 0.03596377372741699
84 0 437958 84 0.036057472229003906
84 0 438042 84 0.036051273345947266
84 0 438126 84 0.035982608795166016
84 0 438210 84 0.03598451614379883
84 0 438294 84 0.03597092628479004
84 0 438378 84 0.03609895706176758
84 0 438462 84 0.036080360412597656
84 0 438546 84 0.03604412078857422
84 0 438630 84 0.03598952293395996
84 0 438714 84 0.03601408004760742
84 0 438798 84 0.036086082458496094
84 0 438882 84 0.03608894348144531
84 0 438966 84 0.0360875129699707
84 0 439050 84 0.03607606887817383
83 0 436850 83 0.035761356353759766
0 84 436850 2048 0.08111739158630371
0 84 438898 109 0.029490232467651367
84 0 439091 84 0.03632164001464844
84 0 439175 84 0.03604006767272949
84 0 439259 84 0.03607368469238281
84 0 439343 84 0.036099910736083984
84 0 439427 84 0.03606224060058594
84 0 439511 84 0.03610992431640625
84 0 439595 84 0.03609275817871094
84 0 439679 84 0.03606581687927246
84 0 439763 84 0.03595089912414551
84 0 439847 84 0.03594088554382324
84 0 439931 84 0.03609323501586914
84 0 440015 84 0.0359644889831543
84 0 440099 84 0.03588247299194336
84 0 440183 84 0.03589153289794922
84 0 440267 84 0.03590989112854004
84 0 440351 84 0.03603410720825195
84 0 440435 84 0.036008358001708984
84 0 440519 84 0.03589677810668945
84 0 440603 84 0.0359342098236084
84 0 440687 84 0.03597426414489746
84 0 440771 84 0.03603053092956543
83 0 433071 83 0.03648996353149414
0 84 433071 2048 0.08118915557861328
0 84 435119 2048 0.09027647972106934
0 84 437167 2048 0.09575700759887695
0 85 439215 1178 0.05596327781677246
85 0 440478 85 0.03798723220825195
85 0 440563 85 0.03689932823181152
85 0 440648 85 0.03670763969421387
85 0 440733 85 0.03668022155761719
85 0 440818 85 0.03667807579040527
85 0 440903 85 0.03671860694885254
85 0 440988 85 0.03675198554992676
85 0 441073 85 0.03673553466796875
85 0 441158 85 0.036597490310668945
85 0 441243 85 0.03646588325500488
85 0 441328 85 0.036489248275756836
85 0 441413 85 0.03652787208557129
83 0 427516 83 0.036734819412231445
0 84 427516 2048 0.0838925838470459
0 84 429564 2048 0.0903482437133789
0 85 431612 2048 0.09453105926513672
0 86 433660 2048 0.08408403396606445
0 86 435708 1733 0.07744503021240234
86 0 437527 86 0.039678335189819336
86 0 437613 86 0.03734278678894043
86 0 437699 86 0.03691720962524414
86 0 437785 86 0.03694748878479004
86 0 437871 86 0.03698396682739258
86 0 437957 86 0.036982059478759766
86 0 438043 86 0.03701043128967285
86 0 438129 86 0.03699970245361328
86 0 438215 86 0.03699684143066406
86 0 438301 86 0.03691577911376953
86 0 438387 86 0.03688406944274902
86 0 438473 86 0.03683805465698242
86 0 438559 86 0.036813974380493164
86 0 438645 86 0.03683924674987793
86 0 438731 86 0.03685879707336426
86 0 438817 86 0.0368494987487793
86 0 438903 86 0.03681182861328125
86 0 438989 86 0.03676629066467285
86 0 439075 86 0.03680753707885742
86 0 439161 86 0.036882877349853516
86 0 439247 86 0.03685259819030762
86 0 439333 86 0.036814212799072266
86 0 439419 86 0.036832332611083984
86 0 439505 86 0.03684854507446289
86 0 439591 86 0.036913156509399414
85 0 433850 85 0.03749656677246094
0 86 433850 2048 0.08069181442260742
0 86 435898 514 0.04262518882751465
86 0 436498 86 0.03795266151428223
86 0 436584 86 0.03771781921386719
86 0 436670 86 0.03769254684448242
86 0 436756 86 0.03773307800292969
86 0 436842 86 0.037747859954833984
86 0 436928 86 0.03773021697998047
86 0 437014 86 0.03782486915588379
85 0 430546 85 0.037789344787597656
0 86 430546 2048 0.08257603645324707
0 86 432594 2048 0.09034252166748047
0 86 434642 2048 0.09753727912902832
0 87 436690 2048 0.0984654426574707
0 87 438738 1966 0.08392047882080078
87 0 440791 87 0.03993701934814453
87 0 440878 87 0.038124799728393555
87 0 440965 87 0.037755489349365234
87 0 441052 87 0.037709712982177734
87 0 441139 87 0.0376896858215332
87 0 441226 87 0.03772759437561035
87 0 441313 87 0.037824392318725586
87 0 441400 87 0.037767648696899414
87 0 441487 87 0.03773093223571777
87 0 441574 87 0.03764939308166504
87 0 441661 87 0.037656545639038086
86 0 436510 86 0.03715872764587402
86 0 436596 86 0.03717803955078125
86 0 436682 86 0.037116050720214844
86 0 436768 86 0.03713274002075195
86 0 436854 86 0.03722357749938965
86 0 436940 86 0.03717994689941406
86 0 437026 86 0.03717041015625
86 0 437112 86 0.0371708869934082
86 0 437198 86 0.0371394157409668
86 0 437284 86 0.03722357749938965
86 0 437370 86 0.03723859786987305
86 0 437456 86 0.03721213340759277
85 0 430122 85 0.03636622428894043
0 86 430122 2048 0.08390426635742188
0 86 432170 2048 0.09085822105407715
0 86 434218 1057 0.058946847915649414
86 0 435361 86 0.037607431411743164
86 0 435447 86 0.036984920501708984
86 0 435533 86 0.03642725944519043
86 0 435619 86 0.03640913963317871
86 0 435705 86 0.036380767822265625
85 0 430288 85 0.037352561950683594
0 86 430288 2048 0.08310294151306152
0 86 432336 2048 0.09073877334594727
0 86 434384 2048 0.09642195701599121
0 85 432291 2048 0.10099482536315918
0 86 434339 2048 0.08600234985351562
0 86 436387 2048 0.08960723876953125
0 86 438435 2048 0.09589910507202148
0 85 432953 2048 0.10087180137634277
0 85 427079 2048 0.0832056999206543
0 86 429127 2048 0.0861673355102539
0 86 431175 2048 0.08648324012756348
0 87 433223 2048 0.08939290046691895
0 87 435271 2048 0.08661627769470215
0 87 437319 2048 0.09148383140563965
0 87 430637 2048 0.08539748191833496
0 88 432685 2048 0.08421015739440918
0 88 434733 2048 0.08924460411071777
0 88 436781 1186 0.05959153175354004
88 0 438055 88 0.03804945945739746
88 0 438143 88 0.036565303802490234
88 0 438231 88 0.0362856388092041
88 0 438319 88 0.03628730773925781
88 0 438407 88 0.03629922866821289
88 0 438495 88 0.036366939544677734
88 0 438583 88 0.03639793395996094
88 0 438671 88 0.03644704818725586
88 0 438759 88 0.036385297775268555
88 0 438847 88 0.036266326904296875
88 0 438935 88 0.036232709884643555
87 0 431157 87 0.03607344627380371
0 88 431157 2048 0.08308029174804688
0 88 433205 2048 0.08972620964050293
0 88 435253 912 0.054991960525512695
88 0 436253 88 0.036673545837402344
88 0 436341 88 0.03628873825073242
88 0 436429 88 0.036212921142578125
88 0 436517 88 0.03620004653930664
88 0 436605 88 0.036257028579711914
88 0 436693 88 0.03625893592834473
88 0 436781 88 0.03628730773925781
88 0 436869 88 0.03628969192504883
88 0 436957 88 0.036122798919677734
88 0 437045 88 0.03612804412841797
88 0 437133 88 0.036141395568847656
88 0 437221 88 0.03614330291748047
88 0 437309 88 0.03615999221801758
88 0 437397 88 0.03612852096557617
88 0 437485 88 0.03609967231750488
88 0 437573 88 0.03609418869018555
88 0 437661 88 0.036064863204956055
88 0 437749 88 0.03614950180053711
88 0 437837 88 0.036156415939331055
88 0 437925 88 0.03607797622680664
88 0 438013 88 0.036108970642089844
88 0 438101 88 0.0360867977142334
88 0 438189 88 0.036159515380859375
88 0 438277 88 0.036206722259521484
88 0 438365 88 0.036158084869384766
88 0 438453 88 0.036128997802734375
88 0 438541 88 0.03613781929016113
88 0 438629 88 0.036188602447509766
88 0 438717 88 0.03619194030761719
88 0 438805 88 0.03617286682128906
88 0 438893 88 0.036156415939331055
88 0 438981 88 0.03617238998413086
88 0 439069 88 0.03624367713928223
88 0 439157 88 0.036240577697753906
88 0 439245 88 0.036180973052978516
87 0 434032 87 0.03730964660644531
0 88 434032 1756 0.07646775245666504
88 0 435876 88 0.03920125961303711
88 0 435964 88 0.037755727767944336
88 0 436052 88 0.03758096694946289
88 0 436140 88 0.03758120536804199
88 0 436228 88 0.03757596015930176
88 0 436316 88 0.037626028060913086
88 0 436404 88 0.0375826358795166
88 0 436492 88 0.03757429122924805
88 0 436580 88 0.03749990463256836
88 0 436668 88 0.037462711334228516
88 0 436756 88 0.0374455451965332
88 0 436844 88 0.03739428520202637
88 0 436932 88 0.037405967712402344
88 0 437020 88 0.03740811347961426
88 0 437108 88 0.03739023208618164
88 0 437196 88 0.03735852241516113
88 0 437284 88 0.03733396530151367
88 0 437372 88 0.037367820739746094
88 0 437460 88 0.037421464920043945
88 0 437548 88 0.0374140739440918
88 0 437636 88 0.03739333152770996
87 0 428277 87 0.03546643257141113
0 88 428277 2048 0.08075523376464844
0 87 423884 2048 0.08999276161193848
0 88 425932 2048 0.09069347381591797
0 87 421318 2048 0.08481740951538086
0 87 423366 2048 0.09135246276855469
0 87 425414 2048 0.09665918350219727
0 88 427462 2048 0.08388161659240723
0 88 429510 2048 0.0893700122833252
0 88 431558 2048 0.09491348266601562
0 88 427472 2048 0.08488273620605469
0 88 429520 2048 0.09109807014465332
0 88 431568 2048 0.09554100036621094
0 89 433616 2048 0.0841825008392334
0 89 435664 1345 0.06225991249084473
89 0 437098 89 0.04224371910095215
89 0 437187 89 0.04045248031616211
89 0 437276 89 0.039452314376831055
89 0 437365 89 0.039427757263183594
89 0 437454 89 0.03947901725769043
89 0 437543 89 0.039586544036865234
89 0 437632 89 0.03964662551879883
89 0 437721 89 0.039595842361450195
89 0 437810 89 0.03943228721618652
89 0 437899 89 0.0392765998840332
89 0 437988 89 0.0392909049987793
89 0 438077 89 0.039314985275268555
89 0 438166 89 0.03936505317687988
89 0 438255 89 0.03933382034301758
89 0 438344 89 0.039437055587768555
88 0 434812 88 0.038449764251708984
0 89 434812 2048 0.08391547203063965
0 89 436860 2048 0.09088611602783203
0 88 432870 2048 0.09519505500793457
0 88 434918 439 0.04037761688232422
88 0 435445 88 0.03891396522521973
88 0 435533 88 0.038639068603515625
88 0 435621 88 0.038684844970703125
88 0 435709 88 0.03871631622314453
88 0 435797 88 0.03870415687561035
88 0 435885 88 0.03878283500671387
88 0 435973 88 0.03874373435974121
88 0 436061 88 0.038664817810058594
87 0 428725 87 0.035855770111083984
0 88 428725 2048 0.08019614219665527
0 88 430773 2048 0.08941388130187988
0 89 432821 2048 0.0936892032623291
0 89 434869 2048 0.08460235595703125
0 89 436917 2048 0.09143829345703125
0 89 438965 1850 0.09101104736328125
89 0 440904 89 0.039775848388671875
89 0 440993 89 0.03815054893493652
89 0 441082 89 0.0379335880279541
89 0 441171 89 0.03787946701049805
89 0 441260 89 0.03791546821594238
89 0 441349 89 0.0378875732421875
88 0 436142 88 0.035920143127441406
0 89 436142 1887 0.08266425132751465
89 0 438118 89 0.04046988487243652
88 0 431410 88 0.034525156021118164
0 89 431410 2048 0.08303475379943848
0 89 433458 2048 0.08966898918151855
0 89 435506 1291 0.06510472297668457
89 0 436886 89 0.03847002983093262
89 0 436975 89 0.03716087341308594
89 0 437064 89 0.03689074516296387
89 0 437153 89 0.036924123764038086
89 0 437242 89 0.036908864974975586
89 0 437331 89 0.03690481185913086
89 0 437420 89 0.03692984580993652
89 0 437509 89 0.036924123764038086
89 0 437598 89 0.03691911697387695
89 0 437687 89 0.03675985336303711
88 0 429006 88 0.03552722930908203
0 89 429006 2048 0.08250069618225098
0 89 431054 2048 0.0894479751586914
0 89 433102 2048 0.09456610679626465
0 89 435150 543 0.044255733489990234
89 0 435782 89 0.03836941719055176
89 0 435871 89 0.03781461715698242
89 0 435960 89 0.03773236274719238
89 0 436049 89 0.03766345977783203
89 0 436138 89 0.03769326210021973
88 0 428857 88 0.03512978553771973
0 89 428857 2048 0.08346271514892578
0 89 430905 2048 0.09000825881958008
0 89 432953 2048 0.09516739845275879
0 89 429878 2048 0.08821249008178711
0 90 431926 1418 0.06040525436401367
90 0 433434 90 0.04055523872375488
90 0 433524 90 0.03900337219238281
90 0 433614 90 0.03868269920349121
90 0 433704 90 0.03863525390625
90 0 433794 90 0.03858494758605957
89 0 430105 89 0.0372622013092041
0 90 430105 2048 0.08384418487548828
0 91 432153 2048 0.0863504409790039
0 90 429642 2048 0.08607053756713867
0 91 431690 1489 0.07143545150756836
91 0 433270 91 0.040285348892211914
91 0 433361 91 0.038458824157714844
91 0 433452 91 0.0376286506652832
91 0 433543 91 0.03759765625
91 0 433634 91 0.037680625915527344
91 0 433725 91 0.03768754005432129
91 0 433816 91 0.037598609924316406
91 0 433907 91 0.0376279354095459
91 0 433998 91 0.03757047653198242
91 0 434089 91 0.037583112716674805
91 0 434180 91 0.03759884834289551
91 0 434271 91 0.037482261657714844
91 0 434362 91 0.03744339942932129
91 0 434453 91 0.03748965263366699
91 0 434544 91 0.037560224533081055
91 0 434635 91 0.037599802017211914
91 0 434726 91 0.03746819496154785
91 0 434817 91 0.037493228912353516
91 0 434908 91 0.03754448890686035
91 0 434999 91 0.03760242462158203
91 0 435090 91 0.037583112716674805
91 0 435181 91 0.037491559982299805
91 0 435272 91 0.037516117095947266
91 0 435363 91 0.0375828742980957
91 0 435454 91 0.03760647773742676
91 0 435545 91 0.037586212158203125
91 0 435636 91 0.037566423416137695
91 0 435727 91 0.03754067420959473
91 0 435818 91 0.03761434555053711
91 0 435909 91 0.037671566009521484
91 0 436000 91 0.03760504722595215
91 0 436091 91 0.03753066062927246
91 0 436182 91 0.037563323974609375
91 0 436273 91 0.037683725357055664
91 0 436364 91 0.037682533264160156
91 0 436455 91 0.03766322135925293
91 0 436546 91 0.03758502006530762
91 0 436637 91 0.03757596015930176
91 0 436728 91 0.03769707679748535
91 0 436819 91 0.03770565986633301
91 0 436910 91 0.03770637512207031
91 0 437001 91 0.03761005401611328
91 0 437092 91 0.037637948989868164
91 0 437183 91 0.03772592544555664
91 0 437274 91 0.037737131118774414
91 0 437365 91 0.03768515586853027
91 0 437456 91 0.03759622573852539
91 0 437547 91 0.03761148452758789
91 0 437638 91 0.03774738311767578
90 0 433554 90 0.0377955436706543
90 0 433644 90 0.03770804405212402
90 0 433734 90 0.03765439987182617
90 0 433824 90 0.03770184516906738
90 0 433914 90 0.03773927688598633
90 0 434004 90 0.037705421447753906
90 0 434094 90 0.03769731521606445
90 0 434184 90 0.037696123123168945
90 0 434274 90 0.03773689270019531
90 0 434364 90 0.03782320022583008
90 0 434454 90 0.0377962589263916
90 0 434544 90 0.03775644302368164
90 0 434634 90 0.03772330284118652
90 0 434724 90 0.037801504135131836
90 0 434814 90 0.03783464431762695
90 0 434904 90 0.03785872459411621
90 0 434994 90 0.03775525093078613
90 0 435084 90 0.03772878646850586
90 0 435174 90 0.03783726692199707
90 0 435264 90 0.03783130645751953
90 0 435354 90 0.03782820701599121
90 0 435444 90 0.037713050842285156
90 0 435534 90 0.0377504825592041
90 0 435624 90 0.03789567947387695
90 0 435714 90 0.0378718376159668
90 0 435804 90 0.037873268127441406
90 0 435894 90 0.03779792785644531
90 0 435984 90 0.037842512130737305
90 0 436074 90 0.03786611557006836
89 0 430299 89 0.03703451156616211
0 90 430299 2048 0.0843648910522461
0 89 429639 2048 0.08983016014099121
0 89 431687 2048 0.09470868110656738
0 89 433735 2048 0.10095715522766113
0 89 430200 2048 0.0848550796508789
0 89 432248 2048 0.0886225700378418
0 89 434296 625 0.0441892147064209
89 0 435010 89 0.03971123695373535
89 0 435099 89 0.03897809982299805
89 0 435188 89 0.03888440132141113
89 0 435277 89 0.038886308670043945
89 0 435366 89 0.03891253471374512
89 0 435455 89 0.03893589973449707
89 0 435544 89 0.0389404296875
89 0 435633 89 0.038933515548706055
89 0 435722 89 0.03878450393676758
88 0 429060 88 0.03869938850402832
0 88 421348 2047 0.0837104320526123
0 88 423395 2048 0.09314608573913574
0 88 425443 2048 0.09600186347961426
0 89 427491 2048 0.09923195838928223
0 89 429539 2048 0.08434891700744629
0 89 431587 1542 0.08035159111022949
89 0 433218 89 0.03738903999328613
89 0 433307 89 0.03659248352050781
89 0 433396 89 0.036455631256103516
89 0 433485 89 0.03644108772277832
89 0 433574 89 0.03647589683532715
89 0 433663 89 0.03647446632385254
89 0 433752 89 0.03647923469543457
89 0 433841 89 0.03648734092712402
89 0 433930 89 0.036332130432128906
89 0 434019 89 0.03632640838623047
89 0 434108 89 0.03631329536437988
89 0 434197 89 0.03634357452392578
89 0 434286 89 0.03636026382446289
89 0 434375 89 0.036354780197143555
89 0 434464 89 0.03626108169555664
89 0 434553 89 0.036284685134887695
89 0 434642 89 0.03629922866821289
89 0 434731 89 0.03635811805725098
89 0 434820 89 0.03635835647583008
89 0 434909 89 0.036290645599365234
89 0 434998 89 0.03630995750427246
89 0 435087 89 0.036340951919555664
89 0 435176 89 0.03638052940368652
89 0 435265 89 0.03636765480041504
89 0 435354 89 0.03633904457092285
89 0 435443 89 0.036398887634277344
89 0 435532 89 0.036454200744628906
88 0 433336 88 0.03654646873474121
88 0 433424 88 0.03652501106262207
88 0 433512 88 0.03646373748779297
88 0 433600 88 0.036463022232055664
88 0 433688 88 0.03649616241455078
88 0 433776 88 0.03654074668884277
88 0 433864 88 0.03650712966918945
88 0 433952 88 0.036458730697631836
88 0 434040 88 0.03648877143859863
88 0 434128 88 0.0364682674407959
88 0 434216 88 0.03651094436645508
88 0 434304 88 0.03650093078613281
88 0 434392 88 0.03643655776977539
88 0 434480 88 0.0364680290222168
88 0 434568 88 0.036505699157714844
88 0 434656 88 0.03652691841125488
88 0 434744 88 0.03653907775878906
88 0 434832 88 0.03649592399597168
88 0 434920 88 0.0364992618560791
88 0 435008 88 0.03654670715332031
88 0 435096 88 0.036559104919433594
88 0 435184 88 0.03653907775878906
88 0 435272 88 0.03651022911071777
88 0 435360 88 0.03650069236755371
88 0 435448 88 0.03657126426696777
88 0 435536 88 0.03658413887023926
88 0 435624 88 0.036570072174072266
88 0 435712 88 0.0365290641784668
88 0 435800 88 0.03655052185058594
87 0 428889 87 0.03550434112548828
0 88 428889 2048 0.08051228523254395
0 88 430937 1439 0.07637500762939453
88 0 432464 88 0.036867380142211914
88 0 432552 88 0.03593611717224121
88 0 432640 88 0.0356440544128418
88 0 432728 88 0.03565239906311035
88 0 432816 88 0.03568553924560547
88 0 432904 88 0.0357203483581543
88 0 432992 88 0.0357363224029541
88 0 433080 88 0.03574705123901367
88 0 433168 88 0.0356447696685791
88 0 433256 88 0.03545808792114258
88 0 433344 88 0.03552818298339844
88 0 433432 88 0.035541534423828125
88 0 433520 88 0.03555870056152344
88 0 433608 88 0.03562355041503906
88 0 433696 88 0.03568291664123535
88 0 433784 88 0.035596370697021484
88 0 433872 88 0.03553485870361328
88 0 433960 88 0.03557991981506348
88 0 434048 88 0.03562593460083008
88 0 434136 88 0.03564810752868652
88 0 434224 88 0.035627126693725586
88 0 434312 88 0.035569190979003906
88 0 434400 88 0.035576581954956055
88 0 434488 88 0.035660505294799805
88 0 434576 88 0.03571963310241699
88 0 434664 88 0.03570270538330078
88 0 434752 88 0.03562307357788086
88 0 434840 88 0.035619497299194336
88 0 434928 88 0.03568291664123535
88 0 435016 88 0.03572416305541992
88 0 435104 88 0.035732269287109375
88 0 435192 88 0.0356450080871582
88 0 435280 88 0.035643815994262695
88 0 435368 88 0.03568315505981445
88 0 435456 88 0.035761117935180664
88 0 435544 88 0.03573918342590332
88 0 435632 88 0.03566718101501465
88 0 435720 88 0.03564763069152832
88 0 435808 88 0.035732269287109375
88 0 435896 88 0.0357668399810791
88 0 435984 88 0.03575921058654785
88 0 436072 88 0.03571748733520508
88 0 436160 88 0.03568887710571289
88 0 436248 88 0.035744428634643555
88 0 436336 88 0.03578495979309082
88 0 436424 88 0.03579068183898926
88 0 436512 88 0.035707950592041016
88 0 436600 88 0.035784006118774414
88 0 436688 88 0.03573894500732422
88 0 436776 88 0.03581714630126953
88 0 436864 88 0.03588604927062988
88 0 436952 88 0.035828590393066406
87 0 434527 87 0.038420677185058594
0 88 434527 2048 0.08205556869506836
0 87 427432 2048 0.09044313430786133
0 87 429480 2048 0.09493470191955566
0 88 431528 2048 0.08747458457946777
0 88 433576 2048 0.08878874778747559
0 89 435624 2048 0.09160661697387695
0 89 437672 966 0.0484614372253418
88 0 435712 88 0.03973197937011719
88 0 435800 88 0.038872480392456055
88 0 435888 88 0.03872537612915039
88 0 435976 88 0.03865361213684082
88 0 436064 88 0.03867292404174805
88 0 436152 88 0.038741111755371094
88 0 436240 88 0.038765668869018555
88 0 436328 88 0.03865838050842285
88 0 436416 88 0.03851032257080078
88 0 436504 88 0.03847002983093262
88 0 436592 88 0.038503408432006836
88 0 436680 88 0.03851604461669922
88 0 436768 88 0.0385890007019043
88 0 436856 88 0.03863811492919922
88 0 436944 88 0.03856039047241211
88 0 437032 88 0.03850197792053223
88 0 437120 88 0.038520097732543945
88 0 437208 88 0.038594722747802734
88 0 437296 88 0.03863239288330078
88 0 437384 88 0.0385739803314209
88 0 437472 88 0.03856325149536133
88 0 437560 88 0.03857994079589844
88 0 437648 88 0.03865671157836914
88 0 437736 88 0.038672685623168945
88 0 437824 88 0.03856372833251953
87 0 432304 87 0.03774738311767578
0 88 432304 2048 0.08369588851928711
0 88 434352 2048 0.09008669853210449
0 88 436400 642 0.04761648178100586
88 0 437130 88 0.038580894470214844
88 0 437218 88 0.03806877136230469
88 0 437306 88 0.03803610801696777
88 0 437394 88 0.038055419921875
88 0 437482 88 0.038027286529541016
88 0 437570 88 0.0380558967590332
88 0 437658 88 0.038069725036621094
88 0 437746 88 0.03816819190979004
88 0 437834 88 0.03793978691101074
88 0 437922 88 0.037867069244384766
88 0 438010 88 0.03782010078430176
88 0 438098 88 0.03782033920288086
88 0 438186 88 0.03787350654602051
88 0 438274 88 0.03791379928588867
88 0 438362 88 0.037841796875
88 0 438450 88 0.037851810455322266
88 0 438538 88 0.03788161277770996
88 0 438626 88 0.03789973258972168
88 0 438714 88 0.03789782524108887
87 0 435139 87 0.03787088394165039
0 88 435139 2048 0.08157849311828613
0 88 437187 2048 0.09023213386535645
0 88 439235 1377 0.06649518013000488
88 0 440700 88 0.04017043113708496
88 0 440788 88 0.03857588768005371
88 0 440876 88 0.038127899169921875
88 0 440964 88 0.03808140754699707
87 0 437795 87 0.03668332099914551
87 0 437882 87 0.03676629066467285
87 0 437969 87 0.036763668060302734
86 0 429266 86 0.03852224349975586
0 88 429266 2048 0.08155703544616699
0 88 431314 2048 0.08382797241210938
0 89 433362 2048 0.0879213809967041
0 89 435410 1447 0.07129740715026855
89 0 436946 89 0.03889822959899902
89 0 437035 89 0.03818345069885254
89 0 437124 89 0.03778338432312012
89 0 437213 89 0.03777480125427246
89 0 437302 89 0.03780555725097656
89 0 437391 89 0.037815093994140625
89 0 437480 89 0.03782534599304199
89 0 437569 89 0.03784513473510742
89 0 437658 89 0.03778791427612305
89 0 437747 89 0.03773355484008789
89 0 437836 89 0.03765225410461426
89 0 437925 89 0.03766679763793945
89 0 438014 89 0.03767848014831543
89 0 438103 89 0.03774714469909668
89 0 438192 89 0.037760257720947266
89 0 438281 89 0.037645578384399414
89 0 438370 89 0.03766632080078125
89 0 438459 89 0.03772401809692383
89 0 438548 89 0.0377349853515625
89 0 438637 89 0.03774404525756836
89 0 438726 89 0.03770256042480469
89 0 438815 89 0.037722110748291016
89 0 438904 89 0.03776836395263672
89 0 438993 89 0.037796974182128906
89 0 439082 89 0.03779101371765137
89 0 439171 89 0.037732839584350586
89 0 439260 89 0.03773641586303711
89 0 439349 89 0.03778886795043945
89 0 439438 89 0.03781914710998535
89 0 439527 89 0.03777289390563965
89 0 439616 89 0.03776359558105469
89 0 439705 89 0.037760019302368164
89 0 439794 89 0.03781437873840332
89 0 439883 89 0.0378110408782959
89 0 439972 89 0.037801504135131836
89 0 440061 89 0.037775278091430664
89 0 440150 89 0.037764787673950195
89 0 440239 89 0.03784823417663574
89 0 440328 89 0.03786802291870117
89 0 440417 89 0.037815093994140625
89 0 440506 89 0.03779125213623047
89 0 440595 89 0.03782010078430176
89 0 440684 89 0.03787636756896973
89 0 440773 89 0.03787660598754883
89 0 440862 89 0.03784751892089844
89 0 440951 89 0.037821054458618164
89 0 441040 89 0.037843942642211914
89 0 441129 89 0.03790855407714844
89 0 441218 89 0.037912845611572266
89 0 441307 89 0.03784441947937012
89 0 441396 89 0.03782963752746582
88 0 434490 88 0.0366215705871582
0 88 426277 2047 0.08327269554138184
0 88 428324 2048 0.09110379219055176
0 89 430372 2048 0.08534002304077148
0 89 432420 2048 0.08708405494689941
0 89 434468 2048 0.0926666259765625
0 89 436516 238 0.03202056884765625
89 0 436843 89 0.03945040702819824
89 0 436932 89 0.03863072395324707
89 0 437021 89 0.038608551025390625
89 0 437110 89 0.03861069679260254
89 0 437199 89 0.0386507511138916
89 0 437288 89 0.03866291046142578
89 0 437377 89 0.038611650466918945
89 0 437466 89 0.03855276107788086
89 0 437555 89 0.03843402862548828
89 0 437644 89 0.038437604904174805
89 0 437733 89 0.038468122482299805
89 0 437822 89 0.03853440284729004
89 0 437911 89 0.038571834564208984
89 0 438000 89 0.03852248191833496
89 0 438089 89 0.03846144676208496
89 0 438178 89 0.03848075866699219
89 0 438267 89 0.03852701187133789
89 0 438356 89 0.03853487968444824
89 0 438445 89 0.03854870796203613
88 0 432204 88 0.03648090362548828
0 89 432204 2048 0.08075499534606934
0 89 434252 2048 0.09077811241149902
0 89 436300 2048 0.09590291976928711
0 90 438348 1657 0.07682681083679199
90 0 440095 90 0.040741920471191406
90 0 440185 90 0.03942155838012695
90 0 440275 90 0.039029836654663086
90 0 440365 90 0.0390782356262207
90 0 440455 90 0.039021968841552734
90 0 440545 90 0.03901958465576172
89 0 437583 89 0.03909873962402344
89 0 437672 89 0.03911757469177246
89 0 437761 89 0.038976192474365234
89 0 437850 89 0.03895735740661621
89 0 437939 89 0.03898167610168457
89 0 438028 89 0.03900551795959473
89 0 438117 89 0.03898000717163086
89 0 438206 89 0.03892230987548828
89 0 438295 89 0.03887343406677246
89 0 438384 89 0.03893923759460449
89 0 438473 89 0.039000511169433594
89 0 438562 89 0.03897976875305176
89 0 438651 89 0.038945913314819336
89 0 438740 89 0.03891587257385254
89 0 438829 89 0.03900623321533203
88 0 434235 88 0.03561663627624512
0 89 434235 2048 0.08251786231994629
0 89 436283 2048 0.09166646003723145
0 89 438331 1404 0.06662917137145996
89 0 439824 89 0.03866386413574219
89 0 439913 89 0.037535905838012695
89 0 440002 89 0.03606462478637695
89 0 440091 89 0.03605318069458008
89 0 440180 89 0.0360407829284668
88 0 438729 88 0.03662300109863281
0 89 438729 2048 0.08315443992614746
0 89 440777 200 0.032269954681396484
89 0 441066 89 0.03694939613342285
89 0 441155 89 0.03642416000366211
89 0 441244 89 0.036261796951293945
89 0 441333 89 0.03627586364746094
89 0 441422 89 0.03623843193054199
89 0 441511 89 0.0363156795501709
89 0 441600 89 0.03633308410644531
89 0 441689 89 0.03629732131958008
89 0 441778 89 0.036161184310913086
89 0 441867 89 0.03620743751525879
89 0 441956 89 0.036194801330566406
88 0 433952 88 0.037133216857910156
0 89 433952 2048 0.08049440383911133
0 90 436000 2048 0.08711695671081543
0 90 438048 832 0.04921078681945801
90 0 438970 90 0.038520097732543945
90 0 439060 90 0.0379486083984375
90 0 439150 90 0.037786245346069336
90 0 439240 90 0.03782248497009277
89 0 433909 89 0.03724312782287598
0 90 433909 2048 0.0823659896850586
0 90 435957 2048 0.08971619606018066
0 89 435297 2048 0.09474730491638184
0 90 437345 2048 0.0843515396118164
0 90 439393 2048 0.08945202827453613
0 90 441441 649 0.046695709228515625
90 0 442180 90 0.040691375732421875
89 0 437767 89 0.039850473403930664
0 89 430889 2047 0.08102560043334961
0 90 432936 2048 0.08378124237060547
0 91 434984 1943 0.08512997627258301
91 0 437018 91 0.042230844497680664
90 0 429227 90 0.03641343116760254
0 91 429227 2048 0.08080363273620605
0 91 431275 2048 0.08990263938903809
0 92 433323 2048 0.08933305740356445
0 92 435371 2048 0.08583950996398926
0 92 437419 824 0.05079936981201172
92 0 438335 92 0.039862632751464844
92 0 438427 92 0.0389401912689209
92 0 438519 92 0.03877544403076172
92 0 438611 92 0.03876662254333496
91 0 430902 91 0.0372920036315918
91 0 430993 91 0.0373225212097168
91 0 431084 91 0.03732919692993164
91 0 431175 91 0.03731560707092285
91 0 431266 91 0.03720426559448242
91 0 431357 91 0.03712916374206543
91 0 431448 91 0.037152767181396484
91 0 431539 91 0.03715229034423828
91 0 431630 91 0.03717446327209473
91 0 431721 91 0.037158966064453125
91 0 431812 91 0.037157535552978516
91 0 431903 91 0.03712272644042969
91 0 431994 91 0.03713798522949219
91 0 432085 91 0.03718161582946777
91 0 432176 91 0.037187814712524414
90 0 428651 90 0.0389707088470459
90 0 428741 90 0.03890347480773926
90 0 428831 90 0.03889799118041992
90 0 428921 90 0.038968563079833984
90 0 429011 90 0.03899526596069336
90 0 429101 90 0.03892111778259277
90 0 429191 90 0.03891396522521973
90 0 429281 90 0.0389404296875
90 0 429371 90 0.039019107818603516
90 0 429461 90 0.03901815414428711
90 0 429551 90 0.038939714431762695
90 0 429641 90 0.03892850875854492
90 0 429731 90 0.03899812698364258
90 0 429821 90 0.03903508186340332
90 0 429911 90 0.038992881774902344
90 0 430001 90 0.03895306587219238
90 0 430091 90 0.03896760940551758
90 0 430181 90 0.039046287536621094
90 0 430271 90 0.03904438018798828
90 0 430361 90 0.039017438888549805
90 0 430451 90 0.038970232009887695
90 0 430541 90 0.03900456428527832
89 0 425192 89 0.03599667549133301
0 90 425192 2048 0.08362555503845215
0 90 427240 2048 0.0898444652557373
0 90 429288 2048 0.09439229965209961
0 90 431336 1385 0.06939554214477539
90 0 432811 90 0.03959918022155762
90 0 432901 90 0.03762006759643555
90 0 432991 90 0.03699970245361328
90 0 433081 90 0.03697800636291504
90 0 433171 90 0.03697562217712402
90 0 433261 90 0.03700375556945801
90 0 433351 90 0.037019968032836914
90 0 433441 90 0.03713107109069824
90 0 433531 90 0.03716874122619629
90 0 433621 90 0.03693056106567383
90 0 433711 90 0.036803483963012695
90 0 433801 90 0.03679919242858887
90 0 433891 90 0.03681182861328125
90 0 433981 90 0.036814212799072266
90 0 434071 90 0.03685426712036133
90 0 434161 90 0.03689408302307129
90 0 434251 90 0.0369420051574707
90 0 434341 90 0.03684544563293457
90 0 434431 90 0.03687644004821777
90 0 434521 90 0.036885738372802734
90 0 434611 90 0.036940813064575195
90 0 434701 90 0.037088871002197266
90 0 434791 90 0.036879777908325195
90 0 434881 90 0.03685498237609863
90 0 434971 90 0.03690934181213379
90 0 435061 90 0.03700613975524902
90 0 435151 90 0.03696703910827637
90 0 435241 90 0.036899566650390625
90 0 435331 90 0.03690028190612793
90 0 435421 90 0.036951541900634766
90 0 435511 90 0.03701472282409668
90 0 435601 90 0.036974191665649414
90 0 435691 90 0.03692221641540527
90 0 435781 90 0.03694963455200195
90 0 435871 90 0.037001848220825195
90 0 435961 90 0.037003517150878906
90 0 436051 90 0.037006378173828125
90 0 436141 90 0.0369412899017334
90 0 436231 90 0.03698277473449707
90 0 436321 90 0.037056684494018555
90 0 436411 90 0.03706550598144531
90 0 436501 90 0.037027835845947266
90 0 436591 90 0.03695392608642578
90 0 436681 90 0.03698158264160156
90 0 436771 90 0.03707313537597656
90 0 436861 90 0.03704023361206055
90 0 436951 90 0.03701519966125488
90 0 437041 90 0.03700566291809082
90 0 437131 90 0.03701210021972656
90 0 437221 90 0.037087202072143555
90 0 437311 90 0.037105560302734375
90 0 437401 90 0.03708481788635254
88 0 429045 88 0.03583264350891113
0 89 429045 2048 0.08336162567138672
0 89 431093 2048 0.09011650085449219
0 89 433141 2048 0.09549808502197266
0 90 435189 2048 0.08980107307434082
0 90 437237 2048 0.08768391609191895
0 90 439285 1069 0.05754208564758301
90 0 440444 90 0.041046857833862305
90 0 440534 90 0.03986310958862305
90 0 440624 90 0.03919863700866699
90 0 440714 90 0.03918313980102539
90 0 440804 90 0.03921175003051758
90 0 440894 90 0.03928518295288086
89 0 436404 89 0.0381159782409668
89 0 436493 89 0.038158416748046875
89 0 436582 89 0.03806662559509277
89 0 436671 89 0.03794360160827637
89 0 436760 89 0.037941932678222656
89 0 436849 89 0.037894487380981445
89 0 436938 89 0.03788304328918457
89 0 437027 89 0.03790473937988281
89 0 437116 89 0.03790616989135742
89 0 437205 89 0.037909507751464844
89 0 437294 89 0.03796267509460449
89 0 437383 89 0.03796982765197754
89 0 437472 89 0.03793740272521973
89 0 437561 89 0.037920236587524414
89 0 437650 89 0.03792166709899902
89 0 437739 89 0.03800654411315918
89 0 437828 89 0.03800535202026367
89 0 437917 89 0.037961721420288086
89 0 438006 89 0.03793644905090332
89 0 438095 89 0.03793954849243164
88 0 432316 88 0.03688216209411621
0 89 432316 2048 0.08310723304748535
0 89 434364 2048 0.09003186225891113
0 89 436412 2048 0.094482421875
0 89 438460 383 0.03908538818359375
89 0 438932 89 0.039353132247924805
88 0 432148 88 0.039710283279418945
0 89 432148 2048 0.08157706260681152
0 89 434196 2048 0.09091329574584961
0 89 436244 1354 0.0666952133178711
89 0 437687 89 0.04216337203979492
89 0 437776 89 0.0403599739074707
89 0 437865 89 0.03978729248046875
89 0 437954 89 0.03980851173400879
89 0 438043 89 0.03982281684875488
89 0 438132 89 0.03980135917663574
89 0 438221 89 0.03982996940612793
89 0 438310 89 0.03983783721923828
89 0 438399 89 0.0396878719329834
89 0 438488 89 0.03963756561279297
89 0 438577 89 0.03961348533630371
89 0 438666 89 0.039578914642333984
89 0 438755 89 0.039582014083862305
89 0 438844 89 0.03963470458984375
89 0 438933 89 0.03965115547180176
89 0 439022 89 0.03959369659423828
89 0 439111 89 0.039620161056518555
88 0 435516 88 0.03807783126831055
0 89 435516 2048 0.08238029479980469
0 89 437564 1104 0.05639982223510742
89 0 438757 89 0.03974485397338867
89 0 438846 89 0.038184404373168945
89 0 438935 89 0.0379641056060791
89 0 439024 89 0.03792881965637207
89 0 439113 89 0.037865638732910156
89 0 439202 89 0.03784823417663574
89 0 439291 89 0.03791189193725586
89 0 439380 89 0.03788280487060547
89 0 439469 89 0.03795313835144043
89 0 439558 89 0.0378270149230957
89 0 439647 89 0.03771638870239258
89 0 439736 89 0.03776431083679199
89 0 439825 89 0.03771090507507324
89 0 439914 89 0.037747859954833984
89 0 440003 89 0.03769421577453613
89 0 440092 89 0.03781938552856445
89 0 440181 89 0.037787675857543945
89 0 440270 89 0.03767132759094238
89 0 440359 89 0.037688255310058594
89 0 440448 89 0.037793636322021484
89 0 440537 89 0.03777599334716797
89 0 440626 89 0.03787827491760254
88 0 437450 88 0.03821110725402832
88 0 437538 88 0.038249969482421875
88 0 437626 88 0.03833460807800293
88 0 437714 88 0.03832292556762695
88 0 437802 88 0.03827977180480957
88 0 437890 88 0.03824639320373535
88 0 437978 88 0.03826403617858887
88 0 438066 88 0.03830862045288086
88 0 438154 88 0.03830671310424805
88 0 438242 88 0.038285017013549805
88 0 438330 88 0.03829646110534668
87 0 433257 87 0.038324594497680664
87 0 433344 87 0.03838157653808594
87 0 433431 87 0.03838801383972168
87 0 433518 87 0.038332462310791016
87 0 433605 87 0.03832817077636719
87 0 433692 87 0.03835010528564453
87 0 433779 87 0.03839874267578125
87 0 433866 87 0.03839397430419922
87 0 433953 87 0.038356781005859375
87 0 434040 87 0.03834700584411621
87 0 434127 87 0.03841066360473633
87 0 434214 87 0.03838658332824707
87 0 434301 87 0.03839302062988281
87 0 434388 87 0.038370370864868164
87 0 434475 87 0.03838062286376953
87 0 434562 87 0.038498640060424805
87 0 434649 87 0.03858637809753418
87 0 434736 87 0.0384063720703125
87 0 434823 87 0.03838229179382324
87 0 434910 87 0.03838825225830078
87 0 434997 87 0.03839874267578125
87 0 435084 87 0.038405418395996094
87 0 435171 87 0.03847789764404297
87 0 435258 87 0.03851032257080078
87 0 435345 87 0.03844857215881348
87 0 435432 87 0.0384366512298584
87 0 435519 87 0.03844451904296875
87 0 435606 87 0.0385289192199707
87 0 435693 87 0.03852438926696777
87 0 435780 87 0.03847074508666992
87 0 435867 87 0.03845357894897461
87 0 435954 87 0.038466453552246094
87 0 436041 87 0.03847169876098633
87 0 436128 87 0.03846430778503418
87 0 436215 87 0.03854060173034668
87 0 436302 87 0.03854537010192871
87 0 436389 87 0.03848695755004883
87 0 436476 87 0.0384976863861084
87 0 436563 87 0.03849983215332031
87 0 436650 87 0.038579702377319336
87 0 436737 87 0.038567543029785156
87 0 436824 87 0.03851723670959473
86 0 435319 86 0.039920806884765625
0 87 435319 2048 0.08309555053710938
0 87 437367 2048 0.09060931205749512
0 87 439415 1100 0.05843210220336914
87 0 440602 87 0.04228663444519043
87 0 440689 87 0.040763139724731445
87 0 440776 87 0.040270328521728516
87 0 440863 87 0.04023027420043945
87 0 440950 87 0.04018902778625488
87 0 441037 87 0.040197134017944336
87 0 441124 87 0.040251731872558594
87 0 441211 87 0.0402522087097168
87 0 441298 87 0.040084123611450195
87 0 441385 87 0.04006171226501465
87 0 441472 87 0.04004073143005371
87 0 441559 87 0.04004406929016113
87 0 441646 87 0.0400540828704834
86 0 435611 86 0.03890681266784668
0 87 435611 2038 0.08224201202392578
87 0 437736 87 0.04163718223571777
87 0 437823 87 0.0395655632019043
87 0 437910 87 0.039077043533325195
87 0 437997 87 0.03910350799560547
87 0 438084 87 0.039102792739868164
86 0 431796 86 0.037628889083862305
0 87 431796 2048 0.07974457740783691
0 87 433844 2048 0.0891411304473877
0 87 435892 2048 0.0946497917175293
0 87 437940 2048 0.10037350654602051
0 86 437881 139 0.030428409576416016
86 0 438106 86 0.039791107177734375
86 0 438192 86 0.03938579559326172
86 0 438278 86 0.03933095932006836
86 0 438364 86 0.039391279220581055
86 0 438450 86 0.03945016860961914
86 0 438536 86 0.03941941261291504
85 0 433106 85 0.03847217559814453
0 86 433106 2048 0.08373284339904785
0 85 427035 2048 0.08972501754760742
0 85 429083 2048 0.09459877014160156
0 86 431131 2048 0.08537054061889648
0 85 429006 2048 0.08817315101623535
0 84 425580 2048 0.09369540214538574
0 84 427628 2048 0.09906792640686035
0 85 429676 2048 0.08733248710632324
0 86 431724 2048 0.08388757705688477
0 86 433772 2048 0.08730936050415039
0 86 429822 2048 0.09268927574157715
0 86 431870 2048 0.08338069915771484
0 86 433918 2048 0.08909177780151367
0 86 435966 2048 0.09540867805480957
0 86 438014 757 0.049434661865234375
86 0 438857 86 0.041324615478515625
86 0 438943 86 0.04057121276855469
86 0 439029 86 0.0406193733215332
86 0 439115 86 0.04059457778930664
86 0 439201 86 0.040607452392578125
86 0 439287 86 0.040596723556518555
86 0 439373 86 0.04052925109863281
86 0 439459 86 0.04043316841125488
86 0 439545 86 0.040354013442993164
86 0 439631 86 0.04030752182006836
86 0 439717 86 0.04037070274353027
86 0 439803 86 0.04044389724731445
86 0 439889 86 0.040389060974121094
86 0 439975 86 0.040323495864868164
86 0 440061 86 0.0403742790222168
86 0 440147 86 0.04036712646484375
86 0 440233 86 0.04031872749328613
86 0 440319 86 0.04037356376647949
86 0 440405 86 0.04044008255004883
86 0 440491 86 0.04047584533691406
86 0 440577 86 0.04041433334350586
85 0 431960 85 0.038372039794921875
0 86 431960 2048 0.08321213722229004
0 87 434008 2048 0.08696174621582031
0 87 436056 2048 0.08678960800170898
0 87 438104 2048 0.09091711044311523
0 87 440152 560 0.04305291175842285
87 0 440799 87 0.03719496726989746
87 0 440886 87 0.036713361740112305
87 0 440973 87 0.036715030670166016
87 0 441060 87 0.03674459457397461
86 0 435365 86 0.03991293907165527
86 0 435451 86 0.03992605209350586
86 0 435537 86 0.03995347023010254
86 0 435623 86 0.03987264633178711
86 0 435709 86 0.03976893424987793
86 0 435795 86 0.03976845741271973
86 0 435881 86 0.039834022521972656
86 0 435967 86 0.03985190391540527
86 0 436053 86 0.03975486755371094
86 0 436139 86 0.03973841667175293
86 0 436225 86 0.0397794246673584
86 0 436311 86 0.03976917266845703
86 0 436397 86 0.03986048698425293
86 0 436483 86 0.03998517990112305
86 0 436569 86 0.03983736038208008
86 0 436655 86 0.03976869583129883
86 0 436741 86 0.03977179527282715
86 0 436827 86 0.03985333442687988
85 0 430099 85 0.03867316246032715
0 86 430099 2048 0.08007001876831055
0 86 432147 2048 0.0896151065826416
0 86 434195 2048 0.09484148025512695
0 87 436243 2048 0.0933530330657959
0 87 438291 875 0.04788517951965332
87 0 439253 87 0.03941702842712402
87 0 439340 87 0.03912663459777832
87 0 439427 87 0.0391693115234375
87 0 439514 87 0.03917098045349121
87 0 439601 87 0.039165496826171875
87 0 439688 87 0.03917741775512695
87 0 439775 87 0.03921818733215332
87 0 439862 87 0.03907036781311035
86 0 430944 86 0.036125898361206055
0 87 430944 2048 0.08033227920532227
0 87 432992 2048 0.08937931060791016
0 87 435040 2048 0.09516167640686035
0 86 428474 2048 0.09994196891784668
0 87 430522 2048 0.08389854431152344
0 88 432570 2048 0.08647322654724121
0 88 434618 2048 0.08492732048034668
0 88 436666 2048 0.09088492393493652
0 88 438714 2048 0.09696531295776367
0 88 440762 136 0.030572891235351562
88 0 440986 88 0.03821253776550293
88 0 441074 88 0.03782820701599121
88 0 441162 88 0.03756070137023926
88 0 441250 88 0.03754758834838867
88 0 441338 88 0.0375974178314209
88 0 441426 88 0.037557363510131836
88 0 441514 88 0.037590980529785156
88 0 441602 88 0.037628173828125
88 0 441690 88 0.03749704360961914
88 0 441778 88 0.03744244575500488
88 0 441866 88 0.03743433952331543
88 0 441954 88 0.03739428520202637
87 0 435285 87 0.03948211669921875
0 88 435285 2048 0.07961440086364746
0 88 437333 1350 0.061556100845336914
87 0 431685 87 0.0419306755065918
0 88 431685 2048 0.0828702449798584
0 88 433733 2048 0.08968615531921387
0 89 435781 2048 0.09109115600585938
0 89 437829 2048 0.08528995513916016
0 89 439877 687 0.04733443260192871
89 0 440653 89 0.03831982612609863
89 0 440742 89 0.03756356239318848
89 0 440831 89 0.03742218017578125
89 0 440920 89 0.03740668296813965
89 0 441009 89 0.03741574287414551
89 0 441098 89 0.03751039505004883
89 0 441187 89 0.03744196891784668
89 0 441276 89 0.03748011589050293
88 0 434465 88 0.0371553897857666
0 88 427329 2047 0.07944965362548828
0 88 429376 2048 0.09170341491699219
0 88 431424 2048 0.09476995468139648
0 89 433472 2048 0.08487200736999512
0 90 435520 2048 0.08563065528869629
0 90 437568 2048 0.08587288856506348
0 90 439616 839 0.050804853439331055
90 0 440545 90 0.038454294204711914
90 0 440635 90 0.037766218185424805
90 0 440725 90 0.03757214546203613
90 0 440815 90 0.03758430480957031
90 0 440905 90 0.03757047653198242
90 0 440995 90 0.037580013275146484
89 0 434877 89 0.03756904602050781
89 0 434966 89 0.03759956359863281
89 0 435055 89 0.037532806396484375
89 0 435144 89 0.0374598503112793
89 0 435233 89 0.03740572929382324
89 0 435322 89 0.03739166259765625
89 0 435411 89 0.03742218017578125
89 0 435500 89 0.03748941421508789
89 0 435589 89 0.037490129470825195
89 0 435678 89 0.03743433952331543
89 0 435767 89 0.037409305572509766
89 0 435856 89 0.03745245933532715
89 0 435945 89 0.037520647048950195
89 0 436034 89 0.037529706954956055
89 0 436123 89 0.037433624267578125
89 0 436212 89 0.037438154220581055
89 0 436301 89 0.03749203681945801
88 0 430370 88 0.03684854507446289
0 89 430370 2048 0.08107399940490723
0 89 432418 2048 0.09027719497680664
0 89 434466 2048 0.09508752822875977
0 89 436514 1440 0.0739281177520752
89 0 438043 89 0.04234027862548828
89 0 438132 89 0.04096364974975586
89 0 438221 89 0.040007591247558594
89 0 438310 89 0.04000115394592285
89 0 438399 89 0.04001665115356445
89 0 438488 89 0.0399932861328125
89 0 438577 89 0.0400087833404541
89 0 438666 89 0.04003310203552246
89 0 438755 89 0.039832353591918945
89 0 438844 89 0.03980135917663574
88 0 433616 88 0.036653757095336914
0 89 433616 2048 0.08119893074035645
0 89 435664 2048 0.09041571617126465
0 89 437712 1157 0.0601963996887207
89 0 438958 89 0.0419459342956543
89 0 439047 89 0.04023432731628418
89 0 439136 89 0.04003548622131348
89 0 439225 89 0.04007530212402344
89 0 439314 89 0.04011869430541992
89 0 439403 89 0.040068864822387695
89 0 439492 89 0.040091753005981445
89 0 439581 89 0.040100812911987305
89 0 439670 89 0.03991103172302246
88 0 436595 88 0.036805152893066406
88 0 436683 88 0.036834001541137695
88 0 436771 88 0.036809682846069336
88 0 436859 88 0.03678441047668457
88 0 436947 88 0.03674197196960449
88 0 437035 88 0.0367579460144043
88 0 437123 88 0.03679299354553223
88 0 437211 88 0.03683876991271973
88 0 437299 88 0.03684806823730469
88 0 437387 88 0.03678488731384277
88 0 437475 88 0.0367887020111084
88 0 437563 88 0.036847829818725586
88 0 437651 88 0.036881446838378906
88 0 437739 88 0.03681516647338867
88 0 437827 88 0.0368044376373291
88 0 437915 88 0.0368199348449707
88 0 438003 88 0.03690147399902344
88 0 438091 88 0.03689384460449219
88 0 438179 88 0.03690838813781738
87 0 431823 87 0.0370790958404541
0 88 431823 2048 0.08081626892089844
0 88 433871 718 0.046094417572021484
88 0 434677 88 0.03821063041687012
88 0 434765 88 0.037384986877441406
88 0 434853 88 0.03729438781738281
88 0 434941 88 0.0372929573059082
88 0 435029 88 0.03728818893432617
88 0 435117 88 0.0372772216796875
88 0 435205 88 0.03729128837585449
88 0 435293 88 0.03730177879333496
88 0 435381 88 0.03719162940979004
88 0 435469 88 0.037139892578125
88 0 435557 88 0.03712153434753418
88 0 435645 88 0.03712773323059082
88 0 435733 88 0.03714323043823242
88 0 435821 88 0.037156105041503906
88 0 435909 88 0.03716731071472168
88 0 435997 88 0.03713393211364746
88 0 436085 88 0.037148475646972656
88 0 436173 88 0.03719019889831543
88 0 436261 88 0.03721141815185547
88 0 436349 88 0.037229299545288086
88 0 436437 88 0.03718066215515137
88 0 436525 88 0.03717470169067383
88 0 436613 88 0.03720664978027344
88 0 436701 88 0.03722858428955078
88 0 436789 88 0.03720664978027344
88 0 436877 88 0.0372006893157959
88 0 436965 88 0.03723573684692383
88 0 437053 88 0.03723001480102539
88 0 437141 88 0.03726911544799805
88 0 437229 88 0.03724241256713867
88 0 437317 88 0.037242889404296875
88 0 437405 88 0.03723406791687012
88 0 437493 88 0.03724861145019531
88 0 437581 88 0.037273406982421875
88 0 437669 88 0.0372920036315918
88 0 437757 88 0.03725314140319824
88 0 437845 88 0.03725481033325195
88 0 437933 88 0.037299156188964844
87 0 433683 87 0.037015438079833984
0 88 433683 2048 0.08240294456481934
0 88 435731 2048 0.09059548377990723
0 88 437779 1516 0.08074450492858887
88 0 439383 88 0.03929710388183594
88 0 439471 88 0.03753995895385742
88 0 439559 88 0.037178754806518555
88 0 439647 88 0.03717684745788574
88 0 439735 88 0.037209510803222656
87 0 430983 87 0.0375065803527832
0 88 430983 2048 0.08388113975524902
0 88 433031 2048 0.08958077430725098
0 89 435079 2048 0.09108972549438477
0 89 437127 2048 0.08518218994140625
0 89 439175 1166 0.05829572677612305
89 0 440430 89 0.04094576835632324
89 0 440519 89 0.03983020782470703
89 0 440608 89 0.039513349533081055
88 0 431837 88 0.03671908378601074
0 89 431837 2048 0.08283734321594238
0 89 433885 2048 0.08917236328125
0 90 435933 2048 0.08290433883666992
0 90 437981 2048 0.09140658378601074
0 90 440029 1437 0.06847739219665527
88 0 430936 88 0.04098176956176758
0 89 430936 2048 0.08264422416687012
0 90 432984 2048 0.0845036506652832
0 90 435032 2048 0.08713054656982422
0 90 437080 754 0.048058271408081055
90 0 437924 90 0.04265189170837402
90 0 438014 90 0.04203438758850098
90 0 438104 90 0.04157257080078125
90 0 438194 90 0.04159903526306152
90 0 438284 90 0.04158806800842285
89 0 435197 89 0.03892064094543457
0 90 435197 2048 0.0799872875213623
0 90 437245 2048 0.09090352058410645
0 90 439293 1651 0.08357858657836914
90 0 441034 90 0.040273189544677734
90 0 441124 90 0.03926444053649902
90 0 441214 90 0.039051055908203125
90 0 441304 90 0.03895759582519531
90 0 441394 90 0.038956403732299805
90 0 441484 90 0.03896307945251465
90 0 441574 90 0.03895068168640137
90 0 441664 90 0.03897547721862793
90 0 441754 90 0.03888869285583496
90 0 441844 90 0.0388491153717041
90 0 441934 90 0.03882884979248047
90 0 442024 90 0.038789987564086914
89 0 437681 89 0.04052615165710449
89 0 437770 89 0.0405733585357666
89 0 437859 89 0.04058218002319336
89 0 437948 89 0.04050254821777344
89 0 438037 89 0.04051995277404785
89 0 438126 89 0.04059243202209473
89 0 438215 89 0.04063749313354492
89 0 438304 89 0.04059100151062012
89 0 438393 89 0.04054903984069824
88 0 432394 88 0.03457045555114746
0 89 432394 2048 0.0829017162322998
0 89 434442 2048 0.09027361869812012
0 89 436490 2048 0.09424757957458496
0 88 428417 2048 0.09274482727050781
0 88 430465 2048 0.08533620834350586
0 88 432513 2048 0.09104704856872559
0 88 434561 1283 0.06537652015686035
88 0 435932 88 0.03868985176086426
88 0 436020 88 0.03646588325500488
88 0 436108 88 0.03511166572570801
88 0 436196 88 0.03516125679016113
88 0 436284 88 0.03509521484375
88 0 436372 88 0.03520393371582031
88 0 436460 88 0.03508591651916504
88 0 436548 88 0.035077571868896484
88 0 436636 88 0.035086870193481445
88 0 436724 88 0.03502297401428223
88 0 436812 88 0.034976959228515625
88 0 436900 88 0.034955501556396484
88 0 436988 88 0.035021066665649414
88 0 437076 88 0.034935712814331055
88 0 437164 88 0.0349578857421875
88 0 437252 88 0.035005807876586914
88 0 437340 88 0.03503227233886719
88 0 437428 88 0.03505539894104004
88 0 437516 88 0.03495335578918457
88 0 437604 88 0.0349879264831543
88 0 437692 88 0.035009145736694336
88 0 437780 88 0.03502511978149414
88 0 437868 88 0.034989118576049805
88 0 437956 88 0.034983158111572266
88 0 438044 88 0.035008907318115234
88 0 438132 88 0.035067081451416016
88 0 438220 88 0.03507685661315918
88 0 438308 88 0.03502607345581055
88 0 438396 88 0.03511309623718262
87 0 430467 87 0.03408050537109375
0 88 430467 2048 0.08042740821838379
0 88 432515 2048 0.08876919746398926
0 89 434563 2048 0.08936762809753418
0 89 436611 2048 0.08551406860351562
0 89 438659 149 0.030346155166625977
89 0 438897 89 0.03892064094543457
89 0 438986 89 0.037729740142822266
89 0 439075 89 0.037714242935180664
89 0 439164 89 0.03771328926086426
89 0 439253 89 0.03771376609802246
89 0 439342 89 0.0377197265625
89 0 439431 89 0.037734031677246094
89 0 439520 89 0.03776121139526367
89 0 439609 89 0.03760862350463867
88 0 435341 88 0.036145925521850586
88 0 435429 88 0.0361940860748291
88 0 435517 88 0.03613877296447754
88 0 435605 88 0.036217451095581055
88 0 435693 88 0.03618574142456055
88 0 435781 88 0.036177635192871094
88 0 435869 88 0.03612685203552246
88 0 435957 88 0.03613901138305664
88 0 436045 88 0.03622746467590332
88 0 436133 88 0.03622865676879883
88 0 436221 88 0.036211490631103516
88 0 436309 88 0.036217689514160156
88 0 436397 88 0.03616738319396973
88 0 436485 88 0.0362701416015625
88 0 436573 88 0.03624272346496582
88 0 436661 88 0.03622102737426758
88 0 436749 88 0.03618454933166504
88 0 436837 88 0.03620266914367676
88 0 436925 88 0.036225080490112305
88 0 437013 88 0.03624320030212402
88 0 437101 88 0.036255836486816406
88 0 437189 88 0.03623056411743164
88 0 437277 88 0.036194562911987305
88 0 437365 88 0.03624272346496582
88 0 437453 88 0.03633594512939453
88 0 437541 88 0.03629493713378906
88 0 437629 88 0.036237478256225586
88 0 437717 88 0.036245107650756836
88 0 437805 88 0.03626418113708496
88 0 437893 88 0.03631281852722168
88 0 437981 88 0.03636932373046875
88 0 438069 88 0.03625059127807617
87 0 430831 87 0.036330223083496094
0 88 430831 2048 0.08342170715332031
0 88 432879 2048 0.09039068222045898
0 88 434927 2048 0.09458208084106445
0 87 434091 1745 0.09028935432434082
87 0 435923 87 0.03749799728393555
87 0 436010 87 0.03645133972167969
86 0 429229 86 0.0346531867980957
0 87 429229 2048 0.07932233810424805
0 87 431277 2048 0.09984040260314941
0 87 433325 2048 0.095306396484375
0 87 435373 595 0.04555249214172363
87 0 436055 87 0.0368349552154541
87 0 436142 87 0.03637433052062988
87 0 436229 87 0.036396026611328125
87 0 436316 87 0.03638601303100586
87 0 436403 87 0.036398887634277344
87 0 436490 87 0.03638815879821777
87 0 436577 87 0.03640913963317871
87 0 436664 87 0.03654217720031738
87 0 436751 87 0.03640890121459961
87 0 436838 87 0.036257266998291016
87 0 436925 87 0.03615570068359375
87 0 437012 87 0.03618288040161133
87 0 437099 87 0.03619647026062012
87 0 437186 87 0.03621077537536621
87 0 437273 87 0.03625297546386719
87 0 437360 87 0.036310672760009766
86 0 430749 86 0.037634849548339844
0 87 430749 2048 0.07984256744384766
0 87 432797 2048 0.09046268463134766
0 87 434845 1423 0.07700347900390625
87 0 436355 87 0.038962364196777344
87 0 436442 87 0.0381772518157959
87 0 436529 87 0.03782963752746582
87 0 436616 87 0.037956953048706055
87 0 436703 87 0.03797101974487305
87 0 436790 87 0.03795146942138672
87 0 436877 87 0.03784537315368652
87 0 436964 87 0.0378413200378418
87 0 437051 87 0.037806034088134766
87 0 437138 87 0.03774690628051758
87 0 437225 87 0.03771710395812988
87 0 437312 87 0.03765296936035156
87 0 437399 87 0.03767681121826172
87 0 437486 87 0.03775739669799805
87 0 437573 87 0.03775453567504883
86 0 434412 86 0.03596305847167969
0 87 434412 2048 0.08161616325378418
0 87 436460 2048 0.09037113189697266
0 87 438508 2048 0.09472227096557617
0 87 440556 714 0.04972982406616211
87 0 441357 87 0.037999868392944336
87 0 441444 87 0.03717398643493652
87 0 441531 87 0.03718161582946777
87 0 441618 87 0.03721332550048828
87 0 441705 87 0.03724932670593262
87 0 441792 87 0.037238359451293945
87 0 441879 87 0.037149906158447266
87 0 441966 87 0.037130117416381836
87 0 442053 87 0.03704714775085449
86 0 436774 86 0.03791499137878418
86 0 436860 86 0.03790402412414551
86 0 436946 86 0.03783917427062988
85 0 430031 85 0.037444114685058594
0 86 430031 2048 0.07908368110656738
0 87 432079 2048 0.08606171607971191
0 87 434127 2048 0.08391261100769043
0 87 436175 385 0.03860354423522949
87 0 436647 87 0.03836965560913086
87 0 436734 87 0.03777909278869629
87 0 436821 87 0.03774833679199219
87 0 436908 87 0.03774213790893555
87 0 436995 87 0.03775143623352051
87 0 437082 87 0.03773641586303711
87 0 437169 87 0.03774833679199219
87 0 437256 87 0.03774261474609375
87 0 437343 87 0.03765511512756348
87 0 437430 87 0.037575721740722656
87 0 437517 87 0.03757500648498535
87 0 437604 87 0.03760862350463867
87 0 437691 87 0.03767061233520508
87 0 437778 87 0.03769516944885254
87 0 437865 87 0.03756380081176758
87 0 437952 87 0.037583112716674805
87 0 438039 87 0.037639617919921875
87 0 438126 87 0.03770041465759277
87 0 438213 87 0.03765296936035156
87 0 438300 87 0.03759765625
87 0 438387 87 0.03758525848388672
87 0 438474 87 0.03767085075378418
87 0 438561 87 0.03771018981933594
87 0 438648 87 0.03765296936035156
87 0 438735 87 0.0376126766204834
87 0 438822 87 0.03761410713195801
87 0 438909 87 0.0377039909362793
87 0 438996 87 0.03770732879638672
86 0 433273 86 0.03654050827026367
0 87 433273 2048 0.07985758781433105
0 87 430928 2048 0.08953404426574707
0 87 432976 2048 0.08430314064025879
0 87 435024 2048 0.08946681022644043
0 87 437072 2048 0.09535908699035645
0 86 436086 852 0.052921295166015625
86 0 437024 86 0.038167476654052734
86 0 437110 86 0.037459611892700195
86 0 437196 86 0.037450551986694336
86 0 437282 86 0.03748345375061035
86 0 437368 86 0.03752541542053223
86 0 437454 86 0.03746342658996582
86 0 437540 86 0.03747892379760742
86 0 437626 86 0.03746461868286133
86 0 437712 86 0.03748059272766113
86 0 437798 86 0.03737664222717285
86 0 437884 86 0.03735065460205078
86 0 437970 86 0.03723883628845215
86 0 438056 86 0.03725743293762207
86 0 438142 86 0.03737187385559082
86 0 438228 86 0.037331342697143555
86 0 438314 86 0.03731489181518555
86 0 438400 86 0.0372774600982666
86 0 438486 86 0.03729867935180664
86 0 438572 86 0.03736996650695801
86 0 438658 86 0.037337541580200195
86 0 438744 86 0.03730344772338867
86 0 438830 86 0.0372767448425293
86 0 438916 86 0.037310123443603516
86 0 439002 86 0.037422895431518555
86 0 439088 86 0.03735709190368652
86 0 439174 86 0.0373539924621582
86 0 439260 86 0.03736734390258789
86 0 439346 86 0.03735756874084473
86 0 439432 86 0.03741908073425293
85 0 434217 85 0.03741192817687988
0 86 434217 2048 0.08038830757141113
0 87 436265 2006 0.08491158485412598
87 0 438358 87 0.04040718078613281
87 0 438445 87 0.03851890563964844
87 0 438532 87 0.03836679458618164
87 0 438619 87 0.0382990837097168
87 0 438706 87 0.03827953338623047
87 0 438793 87 0.03843092918395996
87 0 438880 87 0.0384066104888916
87 0 438967 87 0.03840136528015137
87 0 439054 87 0.038274526596069336
87 0 439141 87 0.03830718994140625
87 0 439228 87 0.0382993221282959
87 0 439315 87 0.038324594497680664
86 0 431806 86 0.037888288497924805
0 87 431806 2048 0.08055448532104492
0 87 433854 2048 0.0896153450012207
0 87 435902 981 0.053173065185546875
87 0 436970 87 0.04062700271606445
87 0 437057 87 0.03881072998046875
87 0 437144 87 0.03820657730102539
87 0 437231 87 0.0381627082824707
87 0 437318 87 0.03817915916442871
87 0 437405 87 0.03814244270324707
87 0 437492 87 0.038169145584106445
87 0 437579 87 0.03816509246826172
87 0 437666 87 0.03818202018737793
86 0 430470 86 0.03629183769226074
0 87 430470 2048 0.0796043872833252
0 88 432518 2048 0.08622336387634277
0 88 434566 2048 0.08703398704528809
0 88 436614 2048 0.09374547004699707
0 88 438662 957 0.05515432357788086
88 0 439707 88 0.04009556770324707
88 0 439795 88 0.03898167610168457
88 0 439883 88 0.0381772518157959
88 0 439971 88 0.038169145584106445
88 0 440059 88 0.03815913200378418
88 0 440147 88 0.03818154335021973
88 0 440235 88 0.038194894790649414
88 0 440323 88 0.03817391395568848
88 0 440411 88 0.03817129135131836
88 0 440499 88 0.03796958923339844
88 0 440587 88 0.03794121742248535
88 0 440675 88 0.03795433044433594
88 0 440763 88 0.03794145584106445
88 0 440851 88 0.03800058364868164
88 0 440939 88 0.03802037239074707
88 0 441027 88 0.03802776336669922
88 0 441115 88 0.03797459602355957
88 0 441203 88 0.037980079650878906
88 0 441291 88 0.03801536560058594
88 0 441379 88 0.03804802894592285
88 0 441467 88 0.03802084922790527
88 0 441555 88 0.03802156448364258
88 0 441643 88 0.038016319274902344
88 0 441731 88 0.038062334060668945
88 0 441819 88 0.03810739517211914
88 0 441907 88 0.038055419921875
88 0 441995 88 0.038039207458496094
88 0 442083 88 0.03806257247924805
88 0 442171 88 0.03808903694152832
88 0 442259 88 0.03809237480163574
88 0 442347 88 0.038077592849731445
88 0 442435 88 0.03804159164428711
88 0 442523 88 0.038091421127319336
88 0 442611 88 0.03814053535461426
87 0 440437 87 0.03500485420227051
0 87 433715 2047 0.08343124389648438
0 87 435762 2048 0.09047150611877441
0 87 437810 2027 0.09464907646179199
87 0 439924 87 0.040903329849243164
87 0 440011 87 0.038248300552368164
87 0 440098 87 0.03800606727600098
87 0 440185 87 0.03788495063781738
87 0 440272 87 0.037860870361328125
87 0 440359 87 0.03784894943237305
87 0 440446 87 0.037867069244384766
87 0 440533 87 0.03787827491760254
87 0 440620 87 0.037801504135131836
87 0 440707 87 0.03770303726196289
86 0 434213 86 0.038243770599365234
0 87 434213 2048 0.08153414726257324
0 87 436261 2048 0.09047746658325195
0 87 438309 2048 0.0954749584197998
0 87 440357 850 0.05376625061035156
87 0 441294 87 0.038367271423339844
87 0 441381 87 0.038118600845336914
86 0 437474 86 0.037924766540527344
86 0 437560 86 0.03792977333068848
86 0 437646 86 0.03793835639953613
86 0 437732 86 0.037903785705566406
86 0 437818 86 0.03790926933288574
86 0 437904 86 0.03791379928588867
86 0 437990 86 0.03771233558654785
86 0 438076 86 0.03776812553405762
86 0 438162 86 0.0377650260925293
86 0 438248 86 0.037760019302368164
86 0 438334 86 0.037741661071777344
86 0 438420 86 0.037740468978881836
86 0 438506 86 0.0377500057220459
86 0 438592 86 0.03775596618652344
85 0 433123 85 0.03803586959838867
0 86 433123 2048 0.0809931755065918
0 85 429628 2048 0.09015989303588867
0 85 431676 2048 0.09488296508789062
0 86 433724 1944 0.0828697681427002
86 0 435754 86 0.0416567325592041
86 0 435840 86 0.03995966911315918
86 0 435926 86 0.03969597816467285
86 0 436012 86 0.03962206840515137
86 0 436098 86 0.039666175842285156
86 0 436184 86 0.039731502532958984
86 0 436270 86 0.03972911834716797
86 0 436356 86 0.03974485397338867
85 0 431949 85 0.03953719139099121
85 0 432034 85 0.039467573165893555
85 0 432119 85 0.03950166702270508
85 0 432204 85 0.039470672607421875
85 0 432289 85 0.039612770080566406
85 0 432374 85 0.03959918022155762
85 0 432459 85 0.03950691223144531
85 0 432544 85 0.03949761390686035
85 0 432629 85 0.039581298828125
85 0 432714 85 0.03955817222595215
85 0 432799 85 0.03953695297241211
85 0 432884 85 0.03949570655822754
85 0 432969 85 0.039545297622680664
85 0 433054 85 0.039602041244506836
85 0 433139 85 0.039559125900268555
85 0 433224 85 0.03952646255493164
85 0 433309 85 0.0395205020904541
85 0 433394 85 0.03959941864013672
85 0 433479 85 0.03960156440734863
85 0 433564 85 0.03955554962158203
85 0 433649 85 0.03956794738769531
85 0 433734 85 0.039498329162597656
85 0 433819 85 0.0396726131439209
85 0 433904 85 0.03964734077453613
85 0 433989 85 0.03957629203796387
85 0 434074 85 0.039557456970214844
85 0 434159 85 0.03954601287841797
85 0 434244 85 0.03955483436584473
85 0 434329 85 0.03960275650024414
85 0 434414 85 0.03971409797668457
85 0 434499 85 0.03968000411987305
85 0 434584 85 0.03960752487182617
85 0 434669 85 0.03960776329040527
85 0 434754 85 0.03958487510681152
85 0 434839 85 0.039566755294799805
85 0 434924 85 0.0396113395690918
85 0 435009 85 0.039743661880493164
85 0 435094 85 0.03970742225646973
85 0 435179 85 0.03961992263793945
85 0 435264 85 0.03963208198547363
85 0 435349 85 0.039629459381103516
85 0 435434 85 0.03963732719421387
85 0 435519 85 0.03959226608276367
85 0 435604 85 0.039713382720947266
85 0 435689 85 0.03977322578430176
85 0 435774 85 0.03976702690124512
85 0 435859 85 0.039754390716552734
85 0 435944 85 0.03970479965209961
85 0 436029 85 0.03968071937561035
85 0 436114 85 0.03970646858215332
85 0 436199 85 0.039797306060791016
85 0 436284 85 0.03972291946411133
85 0 436369 85 0.039737701416015625
85 0 436454 85 0.039717912673950195
85 0 436539 85 0.03980898857116699
85 0 436624 85 0.03985238075256348
85 0 436709 85 0.03976321220397949
85 0 436794 85 0.0396726131439209
85 0 436879 85 0.039765357971191406
85 0 436964 85 0.03981590270996094
85 0 437049 85 0.039798736572265625
85 0 437134 85 0.0397641658782959
85 0 437219 85 0.039785146713256836
85 0 437304 85 0.03976631164550781
84 0 435058 84 0.03678297996520996
84 0 435142 84 0.036794185638427734
84 0 435226 84 0.036902666091918945
84 0 435310 84 0.03690767288208008
84 0 435394 84 0.0368342399597168
84 0 435478 84 0.03682732582092285
84 0 435562 84 0.0368809700012207
84 0 435646 84 0.03694653511047363
84 0 435730 84 0.03691816329956055
84 0 435814 84 0.036858320236206055
84 0 435898 84 0.036865234375
84 0 435982 84 0.03690314292907715
84 0 436066 84 0.03699922561645508
83 0 430622 83 0.03658556938171387
0 84 430622 2048 0.08061909675598145
0 84 432670 2048 0.0901496410369873
0 84 434718 2048 0.09453487396240234
0 85 436766 2048 0.09509849548339844
0 85 438814 2048 0.08536601066589355
0 85 440862 757 0.04819822311401367
85 0 441704 85 0.04024982452392578
85 0 441789 85 0.03966236114501953
85 0 441874 85 0.03963112831115723
85 0 441959 85 0.0396425724029541
85 0 442044 85 0.03967595100402832
85 0 442129 85 0.039662837982177734
84 0 434594 84 0.03841352462768555
84 0 434678 84 0.03833889961242676
84 0 434762 84 0.03826451301574707
84 0 434846 84 0.03824496269226074
84 0 434930 84 0.0382235050201416
84 0 435014 84 0.03818964958190918
84 0 435098 84 0.03820490837097168
83 0 428840 83 0.036958932876586914
0 84 428840 2048 0.08425116539001465
0 84 430888 2048 0.0892021656036377
0 84 432936 2048 0.09450554847717285
0 84 434984 2048 0.10059952735900879
0 84 437032 336 0.03693795204162598
84 0 437452 84 0.03811168670654297
84 0 437536 84 0.03770589828491211
84 0 437620 84 0.03768444061279297
84 0 437704 84 0.03773212432861328
84 0 437788 84 0.03771471977233887
84 0 437872 84 0.03763628005981445
84 0 437956 84 0.03763747215270996
84 0 438040 84 0.03764081001281738
84 0 438124 84 0.03755950927734375
84 0 438208 84 0.037508487701416016
84 0 438292 84 0.03744077682495117
84 0 438376 84 0.03745889663696289
84 0 438460 84 0.037580251693725586
84 0 438544 84 0.037573814392089844
83 0 435974 83 0.03800368309020996
83 0 436057 83 0.03802347183227539
83 0 436140 83 0.0380101203918457
83 0 436223 83 0.03805041313171387
83 0 436306 83 0.03808164596557617
83 0 436389 83 0.037982940673828125
83 0 436472 83 0.03800463676452637
83 0 436555 83 0.03806900978088379
83 0 436638 83 0.0381474494934082
83 0 436721 83 0.038136959075927734
83 0 436804 83 0.03801131248474121
83 0 436887 83 0.03804659843444824
83 0 436970 83 0.03811287879943848
83 0 437053 83 0.038150787353515625
83 0 437136 83 0.03805875778198242
83 0 437219 83 0.03807687759399414
83 0 437302 83 0.03810548782348633
83 0 437385 83 0.03818058967590332
82 0 431633 82 0.03583407402038574
0 83 431633 2048 0.08435440063476562
0 83 433681 2048 0.0897979736328125
0 83 435729 754 0.04904031753540039
83 0 436566 83 0.037332773208618164
83 0 436649 83 0.03628373146057129
83 0 436732 83 0.03606390953063965
83 0 436815 83 0.03605341911315918
83 0 436898 83 0.03606748580932617
83 0 436981 83 0.036031246185302734
83 0 437064 83 0.03606128692626953
83 0 437147 83 0.036080121994018555
83 0 437230 83 0.036069631576538086
83 0 437313 83 0.03592324256896973
83 0 437396 83 0.03595542907714844
83 0 437479 83 0.03592419624328613
83 0 437562 83 0.03589439392089844
83 0 437645 83 0.03588271141052246
83 0 437728 83 0.035920143127441406
83 0 437811 83 0.035943031311035156
83 0 437894 83 0.03603386878967285
83 0 437977 83 0.03590679168701172
83 0 438060 83 0.03593325614929199
83 0 438143 83 0.03603649139404297
83 0 438226 83 0.036006927490234375
83 0 438309 83 0.03596067428588867
83 0 438392 83 0.035936594009399414
83 0 438475 83 0.03594017028808594
83 0 438558 83 0.03600454330444336
83 0 438641 83 0.03603196144104004
83 0 438724 83 0.035989999771118164
83 0 438807 83 0.03597545623779297
83 0 438890 83 0.035965681076049805
83 0 438973 83 0.036025285720825195
83 0 439056 83 0.03601980209350586
83 0 439139 83 0.036034584045410156
83 0 439222 83 0.03598213195800781
83 0 439305 83 0.036009788513183594
83 0 439388 83 0.0360560417175293
83 0 439471 83 0.03606247901916504
83 0 439554 83 0.036139726638793945
83 0 439637 83 0.036041259765625
83 0 439720 83 0.036009788513183594
83 0 439803 83 0.03606581687927246
83 0 439886 83 0.03614449501037598
83 0 439969 83 0.03603482246398926
83 0 440052 83 0.036055803298950195
83 0 440135 83 0.0360569953918457
83 0 440218 83 0.03609490394592285
83 0 440301 83 0.036179304122924805
83 0 440384 83 0.03609204292297363
83 0 440467 83 0.036055803298950195
83 0 440550 83 0.03606295585632324
83 0 440633 83 0.036134958267211914
83 0 440716 83 0.03622913360595703
83 0 440799 83 0.03614997863769531
83 0 440882 83 0.03617358207702637
83 0 440965 83 0.0360865592956543
83 0 441048 83 0.03622889518737793
83 0 441131 83 0.036136627197265625
83 0 441214 83 0.03616023063659668
83 0 441297 83 0.03612852096557617
83 0 441380 83 0.03614401817321777
83 0 441463 83 0.036176204681396484
82 0 435834 82 0.03807497024536133
0 83 435834 2048 0.0815892219543457
0 83 437882 2048 0.08992338180541992
0 83 439930 2048 0.09544873237609863
0 83 441978 118 0.029953479766845703
83 0 442179 83 0.03913760185241699
83 0 442262 83 0.03840756416320801
82 0 435076 82 0.03719377517700195
0 83 435076 1445 0.06903290748596191
83 0 436604 83 0.037961483001708984
83 0 436687 83 0.0372927188873291
82 0 433605 82 0.03789639472961426
82 0 433687 82 0.03793168067932129
82 0 433769 82 0.037911176681518555
82 0 433851 82 0.03791928291320801
82 0 433933 82 0.03792691230773926
82 0 434015 82 0.03795170783996582
82 0 434097 82 0.03783607482910156
82 0 434179 82 0.03781723976135254
81 0 431382 81 0.03779315948486328
0 82 431382 2048 0.07990527153015137
0 82 433430 2048 0.09007883071899414
0 82 435478 2048 0.0951085090637207
0 82 437526 2048 0.10211420059204102
0 82 439574 190 0.03151965141296387
82 0 439846 82 0.036280155181884766
82 0 439928 82 0.0360264778137207
82 0 440010 82 0.03570294380187988
82 0 440092 82 0.03562283515930176
81 0 432159 81 0.03696775436401367
0 82 432159 2048 0.08211874961853027
0 82 434207 2048 0.08945178985595703
0 82 436255 2048 0.09535527229309082
0 82 438303 1624 0.08804798126220703
82 0 440009 82 0.039426565170288086
82 0 440091 82 0.03867077827453613
82 0 440173 82 0.038155555725097656
82 0 440255 82 0.03820490837097168
81 0 433048 81 0.036843061447143555
0 83 433048 2048 0.08177471160888672
0 83 435096 2048 0.08515000343322754
0 83 437144 613 0.04431724548339844
83 0 437840 83 0.03748750686645508
83 0 437923 83 0.0370030403137207
83 0 438006 83 0.03685259819030762
83 0 438089 83 0.03690505027770996
83 0 438172 83 0.036899566650390625
83 0 438255 83 0.03693222999572754
83 0 438338 83 0.036928415298461914
83 0 438421 83 0.03693723678588867
83 0 438504 83 0.036701202392578125
83 0 438587 83 0.03665518760681152
83 0 438670 83 0.03670144081115723
83 0 438753 83 0.03676724433898926
83 0 438836 83 0.03675484657287598
83 0 438919 83 0.036742448806762695
83 0 439002 83 0.03670835494995117
83 0 439085 83 0.036752939224243164
83 0 439168 83 0.036776065826416016
83 0 439251 83 0.0367581844329834
83 0 439334 83 0.0367281436920166
83 0 439417 83 0.0367128849029541
83 0 439500 83 0.036774635314941406
83 0 439583 83 0.03681445121765137
83 0 439666 83 0.03678250312805176
83 0 439749 83 0.03675675392150879
83 0 439832 83 0.036769866943359375
83 0 439915 83 0.0368194580078125
83 0 439998 83 0.03682351112365723
82 0 431763 82 0.039049386978149414
0 83 431763 2048 0.07996892929077148
0 83 433811 2048 0.09109830856323242
0 83 435859 356 0.03768777847290039
83 0 436298 83 0.039629459381103516
82 0 431902 82 0.03717374801635742
0 83 431902 2048 0.08280396461486816
0 82 429856 2048 0.08934760093688965
0 82 431904 2048 0.09524011611938477
0 82 433952 759 0.0531620979309082
82 0 434793 82 0.03792142868041992
82 0 434875 82 0.037601470947265625
81 0 431654 81 0.03799104690551758
0 82 431654 2048 0.08235979080200195
0 82 433702 2048 0.08969569206237793
0 82 435750 2048 0.09512901306152344
0 82 437798 2048 0.10037732124328613
0 82 439846 157 0.030921220779418945
82 0 440085 82 0.039162635803222656
82 0 440167 82 0.03876018524169922
82 0 440249 82 0.03875470161437988
82 0 440331 82 0.03873300552368164
82 0 440413 82 0.03874969482421875
82 0 440495 82 0.03876543045043945
81 0 437206 81 0.03821134567260742
0 82 437206 2048 0.08212018013000488
0 82 439254 2048 0.09099674224853516
0 82 441302 745 0.04953455924987793
82 0 442129 82 0.03903603553771973
82 0 442211 82 0.03823375701904297
82 0 442293 82 0.038101911544799805
81 0 434272 81 0.03916025161743164
81 0 434353 81 0.03919053077697754
81 0 434434 81 0.03915834426879883
81 0 434515 81 0.03917217254638672
81 0 434596 81 0.03920245170593262
80 0 431360 80 0.03565025329589844
0 81 431360 2048 0.08347034454345703
0 81 433408 2048 0.08965730667114258
0 81 435456 2048 0.0950167179107666
0 81 437504 1476 0.0822610855102539
81 0 439061 81 0.03831005096435547
81 0 439142 81 0.03754019737243652
81 0 439223 81 0.0373837947845459
81 0 439304 81 0.037381649017333984
81 0 439385 81 0.037386417388916016
81 0 439466 81 0.037368059158325195
81 0 439547 81 0.03735828399658203
81 0 439628 81 0.037418365478515625
81 0 439709 81 0.03731679916381836
81 0 439790 81 0.03722977638244629
81 0 439871 81 0.03719496726989746
80 0 435626 80 0.03790092468261719
0 80 426728 2047 0.08297133445739746
0 80 428775 2048 0.08977150917053223
0 81 430823 2048 0.09105825424194336
0 81 432871 2048 0.08588266372680664
0 81 434919 1047 0.05782604217529297
80 0 432136 80 0.04036235809326172
0 81 432136 2048 0.08237767219543457
0 81 434184 2048 0.08948445320129395
0 81 436232 2048 0.0958259105682373
0 81 438280 538 0.043795108795166016
81 0 438899 81 0.03927421569824219
81 0 438980 81 0.03829360008239746
81 0 439061 81 0.038147687911987305
81 0 439142 81 0.03815507888793945
81 0 439223 81 0.03815007209777832
80 0 433382 80 0.03638005256652832
0 81 433382 2048 0.08217525482177734
0 81 435430 2048 0.09044790267944336
0 81 437478 1662 0.0859823226928711
81 0 439221 81 0.04116082191467285
81 0 439302 81 0.03985190391540527
81 0 439383 81 0.03948521614074707
81 0 439464 81 0.03951311111450195
81 0 439545 81 0.03948807716369629
81 0 439626 81 0.03948664665222168
81 0 439707 81 0.0395045280456543
81 0 439788 81 0.03948712348937988
81 0 439869 81 0.03930497169494629
81 0 439950 81 0.03923678398132324
81 0 440031 81 0.03928780555725098
81 0 440112 81 0.03926515579223633
81 0 440193 81 0.03922581672668457
81 0 440274 81 0.03928804397583008
80 0 435806 80 0.03810763359069824
0 81 435806 2048 0.08329248428344727
0 81 437854 667 0.0498661994934082
81 0 438602 81 0.04120635986328125
81 0 438683 81 0.04058670997619629
81 0 438764 81 0.04053187370300293
81 0 438845 81 0.04051065444946289
81 0 438926 81 0.040511369705200195
81 0 439007 81 0.04053044319152832
80 0 432640 80 0.036271095275878906
0 80 425997 2047 0.08234548568725586
0 80 428044 2048 0.08957028388977051
0 81 430092 2048 0.08466577529907227
0 80 425640 2048 0.08925843238830566
0 81 427688 2048 0.08488631248474121
0 81 429736 2048 0.08896827697753906
0 82 431784 2048 0.08372092247009277
0 81 427722 2048 0.09070277214050293
0 82 429770 2048 0.08928370475769043
0 82 431818 2048 0.08700108528137207
0 82 433866 2048 0.0922243595123291
0 82 435914 1610 0.08581876754760742
82 0 437606 82 0.03765726089477539
82 0 437688 82 0.036681413650512695
82 0 437770 82 0.036504268646240234
82 0 437852 82 0.036479949951171875
82 0 437934 82 0.036475181579589844
82 0 438016 82 0.0364689826965332
82 0 438098 82 0.036511898040771484
82 0 438180 82 0.03654909133911133
82 0 438262 82 0.036502838134765625
82 0 438344 82 0.036385297775268555
82 0 438426 82 0.03642463684082031
81 0 430995 81 0.03935694694519043
0 82 430995 2048 0.08137845993041992
0 82 433043 2048 0.09035754203796387
0 82 428267 2048 0.08692502975463867
0 82 430315 2048 0.08729743957519531
0 83 432363 2048 0.09054851531982422
0 83 434411 2048 0.08548402786254883
0 83 432039 2048 0.08971738815307617
0 83 434087 2048 0.08454227447509766
0 83 436135 2048 0.09084200859069824
0 83 438183 1636 0.085113525390625
83 0 439902 83 0.04132485389709473
83 0 439985 83 0.0402226448059082
83 0 440068 83 0.03986215591430664
83 0 440151 83 0.03986167907714844
83 0 440234 83 0.03983283042907715
83 0 440317 83 0.03984999656677246
82 0 436175 82 0.03766894340515137
82 0 436257 82 0.037720680236816406
81 0 429300 81 0.03818488121032715
0 82 429300 2048 0.08400440216064453
0 82 431348 2048 0.0912771224975586
0 82 433396 2048 0.09794116020202637
0 82 435444 404 0.04022479057312012
82 0 435930 82 0.0389866828918457
82 0 436012 82 0.03834700584411621
82 0 436094 82 0.03830456733703613
82 0 436176 82 0.038291215896606445
82 0 436258 82 0.03835129737854004
82 0 436340 82 0.03831171989440918
82 0 436422 82 0.038327693939208984
82 0 436504 82 0.03834080696105957
82 0 436586 82 0.038152217864990234
82 0 436668 82 0.038179636001586914
82 0 436750 82 0.03816056251525879
82 0 436832 82 0.03813481330871582
82 0 436914 82 0.03821992874145508
82 0 436996 82 0.0381932258605957
82 0 437078 82 0.03822445869445801
82 0 437160 82 0.03818488121032715
82 0 437242 82 0.03819608688354492
82 0 437324 82 0.03822755813598633
82 0 437406 82 0.03821682929992676
82 0 437488 82 0.038186073303222656
82 0 437570 82 0.03822922706604004
82 0 437652 82 0.038202524185180664
82 0 437734 82 0.038281917572021484
82 0 437816 82 0.038262128829956055
82 0 437898 82 0.03819918632507324
82 0 437980 82 0.03821086883544922
82 0 438062 82 0.038253068923950195
82 0 438144 82 0.038245439529418945
82 0 438226 82 0.038306474685668945
82 0 438308 82 0.038225650787353516
82 0 438390 82 0.03822803497314453
82 0 438472 82 0.038271427154541016
82 0 438554 82 0.03829002380371094
82 0 438636 82 0.03830122947692871
81 0 430654 81 0.03707575798034668
0 82 430654 2048 0.08276176452636719
0 82 432702 587 0.04427075386047363
82 0 433371 82 0.03780364990234375
82 0 433453 82 0.037335872650146484
82 0 433535 82 0.03734397888183594
82 0 433617 82 0.037389278411865234
82 0 433699 82 0.03736686706542969
82 0 433781 82 0.03737139701843262
82 0 433863 82 0.03738236427307129
82 0 433945 82 0.03743863105773926
82 0 434027 82 0.03732872009277344
82 0 434109 82 0.03732728958129883
82 0 434191 82 0.03725266456604004
82 0 434273 82 0.03723716735839844
82 0 434355 82 0.037253618240356445
82 0 434437 82 0.03723859786987305
82 0 434519 82 0.03727555274963379
82 0 434601 82 0.03719210624694824
82 0 434683 82 0.03721499443054199
82 0 434765 82 0.0372464656829834
82 0 434847 82 0.03728890419006348
82 0 434929 82 0.03727579116821289
82 0 435011 82 0.03722357749938965
82 0 435093 82 0.03722333908081055
82 0 435175 82 0.03726458549499512
82 0 435257 82 0.03732490539550781
81 0 431158 81 0.03731346130371094
81 0 431239 81 0.03725433349609375
81 0 431320 81 0.03723907470703125
81 0 431401 81 0.0372920036315918
81 0 431482 81 0.037316083908081055
81 0 431563 81 0.03732180595397949
81 0 431644 81 0.03728365898132324
81 0 431725 81 0.037287235260009766
81 0 431806 81 0.03731489181518555
81 0 431887 81 0.03733491897583008
81 0 431968 81 0.03734612464904785
81 0 432049 81 0.03734469413757324
81 0 432130 81 0.037286996841430664
81 0 432211 81 0.037354230880737305
81 0 432292 81 0.03739190101623535
81 0 432373 81 0.037390947341918945
81 0 432454 81 0.03731966018676758
81 0 432535 81 0.03734564781188965
81 0 432616 81 0.03737640380859375
81 0 432697 81 0.03742074966430664
81 0 432778 81 0.037369728088378906
81 0 432859 81 0.037343740463256836
81 0 432940 81 0.03737473487854004
81 0 433021 81 0.037427663803100586
81 0 433102 81 0.037457942962646484
81 0 433183 81 0.0373992919921875
81 0 433264 81 0.03739023208618164
81 0 433345 81 0.03735804557800293
81 0 433426 81 0.03744983673095703
81 0 433507 81 0.03745269775390625
81 0 433588 81 0.03743791580200195
81 0 433669 81 0.03741264343261719
81 0 433750 81 0.03739118576049805
81 0 433831 81 0.037497520446777344
81 0 433912 81 0.037467241287231445
81 0 433993 81 0.037444114685058594
81 0 434074 81 0.03742194175720215
81 0 434155 81 0.0374147891998291
81 0 434236 81 0.037484169006347656
81 0 434317 81 0.03752541542053223
81 0 434398 81 0.037468910217285156
81 0 434479 81 0.0374605655670166
81 0 434560 81 0.03745603561401367
81 0 434641 81 0.03750157356262207
81 0 434722 81 0.03752875328063965
81 0 434803 81 0.03747439384460449
81 0 434884 81 0.03750133514404297
81 0 434965 81 0.03750872611999512
81 0 435046 81 0.03756976127624512
81 0 435127 81 0.03756213188171387
81 0 435208 81 0.037520408630371094
81 0 435289 81 0.03748750686645508
81 0 435370 81 0.03751397132873535
81 0 435451 81 0.0375673770904541
81 0 435532 81 0.03761410713195801
81 0 435613 81 0.03754878044128418
81 0 435694 81 0.03754925727844238
81 0 435775 81 0.037558794021606445
81 0 435856 81 0.03760218620300293
81 0 435937 81 0.037592411041259766
79 0 424483 79 0.03515887260437012
0 80 424483 2048 0.08160281181335449
0 80 426531 2048 0.08930444717407227
0 80 428579 2048 0.09502434730529785
0 81 430627 2048 0.09468460083007812
0 82 432675 2048 0.08281373977661133
0 82 434723 2048 0.08828186988830566
0 82 436771 496 0.03948664665222168
82 0 437349 82 0.039650678634643555
82 0 437431 82 0.0386812686920166
82 0 437513 82 0.038515567779541016
82 0 437595 82 0.03854179382324219
82 0 437677 82 0.03854942321777344
81 0 431155 81 0.03830432891845703
0 82 431155 2048 0.08433389663696289
0 82 433203 2048 0.09039807319641113
0 82 435251 2048 0.09618806838989258
0 82 437299 1345 0.08007383346557617
82 0 438726 82 0.039639949798583984
82 0 438808 82 0.039470672607421875
82 0 438890 82 0.03937101364135742
82 0 438972 82 0.03944230079650879
82 0 439054 82 0.03935122489929199
82 0 439136 82 0.03937101364135742
81 0 431532 81 0.036574602127075195
0 82 431532 2048 0.08208966255187988
0 82 433580 2048 0.0910654067993164
0 81 427316 2048 0.0952613353729248
0 82 429364 2048 0.09020209312438965
0 82 431412 2048 0.08788251876831055
0 84 433460 2048 0.08290386199951172
0 83 432062 2048 0.0863485336303711
0 84 434110 2048 0.09042859077453613
0 84 436158 2048 0.08532381057739258
0 84 438206 950 0.05121207237243652
84 0 439240 84 0.04219245910644531
84 0 439324 84 0.0413205623626709
84 0 439408 84 0.04133129119873047
84 0 439492 84 0.041368722915649414
84 0 439576 84 0.04134988784790039
83 0 432787 83 0.038550615310668945
0 84 432787 2048 0.08391284942626953
0 84 434835 2048 0.0932612419128418
0 84 436883 2048 0.09628748893737793
0 84 438931 1540 0.08780121803283691
84 0 440555 84 0.04167628288269043
84 0 440639 84 0.04047369956970215
84 0 440723 84 0.04020810127258301
84 0 440807 84 0.040196895599365234
84 0 440891 84 0.0401761531829834
84 0 440975 84 0.04024958610534668
84 0 441059 84 0.04025530815124512
84 0 441143 84 0.040235042572021484
84 0 441227 84 0.04005932807922363
84 0 441311 84 0.040026187896728516
84 0 441395 84 0.04006218910217285
83 0 437856 83 0.03820061683654785
83 0 437939 83 0.03813672065734863
83 0 438022 83 0.03812289237976074
83 0 438105 83 0.03814816474914551
83 0 438188 83 0.038162946701049805
83 0 438271 83 0.03820538520812988
83 0 438354 83 0.038230180740356445
82 0 430134 82 0.036817073822021484
0 83 430134 2048 0.08188939094543457
0 83 432182 2048 0.09040617942810059
0 83 434230 2048 0.09602046012878418
0 83 436278 2048 0.10176420211791992
0 84 438326 2048 0.08587145805358887
0 83 433742 1247 0.05791306495666504
82 0 426440 82 0.039168357849121094
0 83 426440 2048 0.08339881896972656
0 83 428488 2048 0.09045720100402832
0 83 430536 2048 0.09585261344909668
0 83 432584 748 0.05152082443237305
83 0 433415 83 0.03832054138183594
83 0 433498 83 0.03753829002380371
83 0 433581 83 0.0373692512512207
83 0 433664 83 0.03735971450805664
83 0 433747 83 0.037401676177978516
83 0 433830 83 0.0373842716217041
83 0 433913 83 0.03739166259765625
83 0 433996 83 0.03739285469055176
83 0 434079 83 0.037386417388916016
83 0 434162 83 0.03719139099121094
83 0 434245 83 0.03718852996826172
83 0 434328 83 0.037198781967163086
83 0 434411 83 0.03720664978027344
83 0 434494 83 0.0371861457824707
82 0 427406 82 0.03847098350524902
0 83 427406 2048 0.08120203018188477
0 83 429454 2048 0.08974456787109375
0 83 431502 2048 0.09595084190368652
0 83 433550 1930 0.09828519821166992
83 0 435563 83 0.03866291046142578
83 0 435646 83 0.038042306900024414
83 0 435729 83 0.03767991065979004
83 0 435812 83 0.037674903869628906
83 0 435895 83 0.03766798973083496
83 0 435978 83 0.03769278526306152
83 0 436061 83 0.03768157958984375
83 0 436144 83 0.03768444061279297
83 0 436227 83 0.03762984275817871
83 0 436310 83 0.03759455680847168
83 0 436393 83 0.03754019737243652
83 0 436476 83 0.03756594657897949
83 0 436559 83 0.0375676155090332
83 0 436642 83 0.03758740425109863
83 0 436725 83 0.0376133918762207
83 0 436808 83 0.0375521183013916
83 0 436891 83 0.03753948211669922
83 0 436974 83 0.03760814666748047
83 0 437057 83 0.03760409355163574
83 0 437140 83 0.03760194778442383
83 0 437223 83 0.03754258155822754
83 0 437306 83 0.03756570816040039
83 0 437389 83 0.03762006759643555
82 0 433910 82 0.03952479362487793
0 83 433910 2048 0.08172249794006348
0 83 435958 2048 0.09146475791931152
0 83 438006 1024 0.053504228591918945
83 0 439113 83 0.04005122184753418
83 0 439196 83 0.03972887992858887
83 0 439279 83 0.03974652290344238
83 0 439362 83 0.03976249694824219
83 0 439445 83 0.03972911834716797
83 0 439528 83 0.03972482681274414
83 0 439611 83 0.03975272178649902
83 0 439694 83 0.039646148681640625
83 0 439777 83 0.03955698013305664
83 0 439860 83 0.03954052925109863
83 0 439943 83 0.03954195976257324
83 0 440026 83 0.039572715759277344
83 0 440109 83 0.03959536552429199
83 0 440192 83 0.039583683013916016
83 0 440275 83 0.03956937789916992
83 0 440358 83 0.039553165435791016
83 0 440441 83 0.03960442543029785
83 0 440524 83 0.039621829986572266
83 0 440607 83 0.03958892822265625
83 0 440690 83 0.03958296775817871
83 0 440773 83 0.039606571197509766
83 0 440856 83 0.039589881896972656
82 0 437626 82 0.03963732719421387
0 83 437626 2048 0.0835268497467041
0 83 439674 632 0.04411196708679199
83 0 440389 83 0.04038190841674805
83 0 440472 83 0.039858341217041016
83 0 440555 83 0.03982663154602051
83 0 440638 83 0.039835453033447266
82 0 437224 82 0.03986692428588867
82 0 437306 82 0.03988981246948242
82 0 437388 82 0.03988456726074219
82 0 437470 82 0.03987717628479004
82 0 437552 82 0.03969550132751465
82 0 437634 82 0.03971719741821289
82 0 437716 82 0.03970956802368164
82 0 437798 82 0.039652347564697266
82 0 437880 82 0.03966331481933594
82 0 437962 82 0.03972220420837402
82 0 438044 82 0.03974270820617676
82 0 438126 82 0.03968477249145508
82 0 438208 82 0.03968501091003418
82 0 438290 82 0.0397191047668457
82 0 438372 82 0.039702415466308594
82 0 438454 82 0.03971076011657715
82 0 438536 82 0.03976321220397949
81 0 433002 81 0.038933753967285156
0 81 426118 2047 0.08251500129699707
0 81 428165 2048 0.09025406837463379
0 81 430213 2048 0.09627437591552734
0 81 432261 2048 0.10146331787109375
0 81 434309 273 0.03724503517150879
81 0 434663 81 0.040293216705322266
81 0 434744 81 0.03996777534484863
81 0 434825 81 0.03995943069458008
81 0 434906 81 0.03995633125305176
81 0 434987 81 0.03995513916015625
81 0 435068 81 0.03993391990661621
81 0 435149 81 0.03992795944213867
81 0 435230 81 0.03974270820617676
81 0 435311 81 0.03974175453186035
81 0 435392 81 0.039786338806152344
80 0 428849 80 0.03687000274658203
0 80 423641 2047 0.08264923095703125
0 80 425688 2048 0.0901787281036377
0 80 427736 2048 0.09512448310852051
0 80 429784 2048 0.101654052734375
0 80 428409 2048 0.0839078426361084
0 80 430457 2048 0.09021425247192383
0 81 432505 2048 0.08674120903015137
0 81 434553 2048 0.08828520774841309
0 82 436601 2048 0.0869293212890625
0 82 438649 570 0.042493343353271484
82 0 439301 82 0.03952908515930176
82 0 439383 82 0.03889822959899902
82 0 439465 82 0.03866767883300781
82 0 439547 82 0.03867197036743164
82 0 439629 82 0.03865623474121094
82 0 439711 82 0.03867626190185547
82 0 439793 82 0.03873872756958008
82 0 439875 82 0.03882479667663574
82 0 439957 82 0.03865623474121094
82 0 440039 82 0.038503170013427734
82 0 440121 82 0.03844118118286133
82 0 440203 82 0.03844285011291504
82 0 440285 82 0.03852581977844238
82 0 440367 82 0.03857707977294922
82 0 440449 82 0.038556814193725586
82 0 440531 82 0.038582563400268555
82 0 440613 82 0.03863692283630371
82 0 440695 82 0.03868913650512695
82 0 440777 82 0.03867340087890625
82 0 440859 82 0.038614511489868164
81 0 435814 81 0.03917741775512695
0 82 435814 2048 0.08265161514282227
0 82 437862 2048 0.09198522567749023
0 82 439910 808 0.05105018615722656
82 0 440800 82 0.04057884216308594
82 0 440882 82 0.039862632751464844
82 0 440964 82 0.03933405876159668
82 0 441046 82 0.03934645652770996
82 0 441128 82 0.03938770294189453
82 0 441210 82 0.03940296173095703
82 0 441292 82 0.039423465728759766
82 0 441374 82 0.039420127868652344
81 0 436425 81 0.040799856185913086
0 82 436425 1226 0.05467510223388672
82 0 437733 82 0.04298138618469238
82 0 437815 82 0.04092121124267578
82 0 437897 82 0.04082155227661133
81 0 431035 81 0.03739118576049805
0 83 431035 2048 0.08328962326049805
0 83 433083 2048 0.08573102951049805
0 83 435131 2048 0.09070897102355957
0 83 437179 2048 0.09676218032836914
0 83 439227 380 0.03945565223693848
83 0 439690 83 0.03796577453613281
83 0 439773 83 0.0374453067779541
83 0 439856 83 0.03745841979980469
83 0 439939 83 0.03747963905334473
83 0 440022 83 0.03749394416809082
83 0 440105 83 0.03748965263366699
83 0 440188 83 0.03750944137573242
83 0 440271 83 0.037491559982299805
83 0 440354 83 0.0374295711517334
83 0 440437 83 0.03740072250366211
83 0 440520 83 0.037367820739746094
83 0 440603 83 0.037325143814086914
83 0 440686 83 0.03731727600097656
83 0 440769 83 0.037337303161621094
83 0 440852 83 0.03737688064575195
83 0 440935 83 0.03729820251464844
83 0 441018 83 0.037294626235961914
83 0 441101 83 0.037323951721191406
82 0 431400 82 0.03734636306762695
0 83 431400 2048 0.08393287658691406
0 83 433448 2048 0.0910027027130127
0 83 435496 2048 0.09619259834289551
0 83 437544 1214 0.0656118392944336
82 0 435449 82 0.039757490158081055
0 82 430816 2047 0.08199667930603027
0 82 432863 2048 0.09338092803955078
0 82 434911 2048 0.09613418579101562
0 82 436959 1290 0.0702214241027832
82 0 438331 82 0.0431058406829834
82 0 438413 82 0.040843963623046875
82 0 438495 82 0.04054379463195801
82 0 438577 82 0.04047083854675293
82 0 438659 82 0.040526390075683594
82 0 438741 82 0.04053354263305664
82 0 438823 82 0.04059290885925293
82 0 438905 82 0.040628910064697266
82 0 438987 82 0.04044651985168457
82 0 439069 82 0.04045271873474121
82 0 439151 82 0.040374755859375
82 0 439233 82 0.04035663604736328
82 0 439315 82 0.040317535400390625
82 0 439397 82 0.04046034812927246
82 0 439479 82 0.040480613708496094
82 0 439561 82 0.04040265083312988
82 0 439643 82 0.04037165641784668
82 0 439725 82 0.04039645195007324
82 0 439807 82 0.040390968322753906
82 0 439889 82 0.040395498275756836
82 0 439971 82 0.04050421714782715
82 0 440053 82 0.04045462608337402
82 0 440135 82 0.04042935371398926
82 0 440217 82 0.04041862487792969
82 0 440299 82 0.04042840003967285
82 0 440381 82 0.040430307388305664
82 0 440463 82 0.040434837341308594
82 0 440545 82 0.0405120849609375
82 0 440627 82 0.04050755500793457
82 0 440709 82 0.040433645248413086
82 0 440791 82 0.04048871994018555
82 0 440873 82 0.04047036170959473
82 0 440955 82 0.040511131286621094
82 0 441037 82 0.04050755500793457
82 0 441119 82 0.0405573844909668
82 0 441201 82 0.04056358337402344
82 0 441283 82 0.04047131538391113
81 0 434985 81 0.041901350021362305
0 82 434985 2048 0.08389520645141602
0 82 432574 2048 0.09033918380737305
0 82 434622 1517 0.0717010498046875
82 0 436221 82 0.03936362266540527
82 0 436303 82 0.03802156448364258
82 0 436385 82 0.03777003288269043
82 0 436467 82 0.03777503967285156
82 0 436549 82 0.03782010078430176
82 0 436631 82 0.03782510757446289
82 0 436713 82 0.03792095184326172
82 0 436795 82 0.03792095184326172
82 0 436877 82 0.03770947456359863
82 0 436959 82 0.03756451606750488
82 0 437041 82 0.0375828742980957
82 0 437123 82 0.03760194778442383
82 0 437205 82 0.0375518798828125
82 0 437287 82 0.03764700889587402
82 0 437369 82 0.0376439094543457
82 0 437451 82 0.03763866424560547
82 0 437533 82 0.03759026527404785
81 0 433042 81 0.04191303253173828
81 0 433123 81 0.042061567306518555
81 0 433204 81 0.042038679122924805
81 0 433285 81 0.04201102256774902
81 0 433366 81 0.042016029357910156
81 0 433447 81 0.04200935363769531
81 0 433528 81 0.04195451736450195
81 0 433609 81 0.04201984405517578
81 0 433690 81 0.04202604293823242
81 0 433771 81 0.04202008247375488
81 0 433852 81 0.04202461242675781
81 0 433933 81 0.042012929916381836
81 0 434014 81 0.04206585884094238
81 0 434095 81 0.04205513000488281
81 0 434176 81 0.042116641998291016
81 0 434257 81 0.04215073585510254
81 0 434338 81 0.04225468635559082
81 0 434419 81 0.04199361801147461
80 0 427679 80 0.037418365478515625
0 81 427679 2048 0.08009147644042969
0 81 429727 2048 0.09131312370300293
0 81 431775 2048 0.09565567970275879
0 81 433823 171 0.030762195587158203
81 0 434075 81 0.040483951568603516
81 0 434156 81 0.03947734832763672
81 0 434237 81 0.03950619697570801
81 0 434318 81 0.03950381278991699
81 0 434399 81 0.03947877883911133
81 0 434480 81 0.03951597213745117
81 0 434561 81 0.03951311111450195
81 0 434642 81 0.03938937187194824
81 0 434723 81 0.039315223693847656
81 0 434804 81 0.039331912994384766
81 0 434885 81 0.039290428161621094
81 0 434966 81 0.03933095932006836
81 0 435047 81 0.03933525085449219
81 0 435128 81 0.03926897048950195
81 0 435209 81 0.0392763614654541
81 0 435290 81 0.03930187225341797
81 0 435371 81 0.03937506675720215
81 0 435452 81 0.039361000061035156
81 0 435533 81 0.03930497169494629
81 0 435614 81 0.03926563262939453
81 0 435695 81 0.03932452201843262
81 0 435776 81 0.03940916061401367
81 0 435857 81 0.03943157196044922
81 0 435938 81 0.03934073448181152
81 0 436019 81 0.039319753646850586
81 0 436100 81 0.03944849967956543
81 0 436181 81 0.03945660591125488
81 0 436262 81 0.03937268257141113
81 0 436343 81 0.03934049606323242
81 0 436424 81 0.039351701736450195
81 0 436505 81 0.03947329521179199
81 0 436586 81 0.03948783874511719
81 0 436667 81 0.03939986228942871
81 0 436748 81 0.039380550384521484
81 0 436829 81 0.03939461708068848
81 0 436910 81 0.039406776428222656
80 0 428066 80 0.03723335266113281
0 81 428066 2048 0.08024978637695312
0 81 430114 2048 0.09099221229553223
0 82 432162 2048 0.09445834159851074
0 82 434210 2048 0.0846872329711914
0 82 436258 1228 0.059250593185424805
82 0 437568 82 0.03913569450378418
82 0 437650 82 0.03820919990539551
82 0 437732 82 0.03813886642456055
82 0 437814 82 0.03804445266723633
82 0 437896 82 0.03811454772949219
82 0 437978 82 0.03816652297973633
82 0 438060 82 0.03827691078186035
82 0 438142 82 0.03815460205078125
82 0 438224 82 0.03804659843444824
82 0 438306 82 0.03798484802246094
82 0 438388 82 0.0381321907043457
82 0 438470 82 0.03803896903991699
82 0 438552 82 0.03802967071533203
82 0 438634 82 0.03810453414916992
82 0 438716 82 0.038025617599487305
82 0 438798 82 0.037934303283691406
82 0 438880 82 0.038042545318603516
82 0 438962 82 0.038173675537109375
82 0 439044 82 0.03797149658203125
82 0 439126 82 0.03797554969787598
82 0 439208 82 0.03800511360168457
82 0 439290 82 0.03807473182678223
82 0 439372 82 0.03809714317321777
82 0 439454 82 0.037979841232299805
82 0 439536 82 0.03797626495361328
82 0 439618 82 0.03801727294921875
82 0 439700 82 0.03808259963989258
82 0 439782 82 0.03807854652404785
82 0 439864 82 0.038156747817993164
82 0 439946 82 0.03809857368469238
82 0 440028 82 0.038055419921875
82 0 440110 82 0.038225650787353516
81 0 434385 81 0.0381929874420166
0 83 434385 2048 0.08418917655944824
0 83 436433 2048 0.08551502227783203
0 83 438481 1469 0.07653379440307617
83 0 440033 83 0.03899073600769043
83 0 440116 83 0.037923336029052734
83 0 440199 83 0.03797483444213867
83 0 440282 83 0.037909746170043945
83 0 440365 83 0.038034677505493164
83 0 440448 83 0.0379793643951416
83 0 440531 83 0.03783702850341797
83 0 440614 83 0.03788566589355469
83 0 440697 83 0.03769421577453613
83 0 440780 83 0.03769063949584961
83 0 440863 83 0.03785085678100586
83 0 440946 83 0.03778481483459473
83 0 441029 83 0.03786778450012207
83 0 441112 83 0.03780174255371094
83 0 441195 83 0.03780007362365723
83 0 441278 83 0.0377802848815918
83 0 441361 83 0.037802696228027344
83 0 441444 83 0.03776407241821289
83 0 441527 83 0.03772711753845215
82 0 438677 82 0.03673696517944336
82 0 438759 82 0.03680896759033203
82 0 438841 82 0.03683924674987793
82 0 438923 82 0.036745309829711914
82 0 439005 82 0.03675389289855957
82 0 439087 82 0.03675270080566406
82 0 439169 82 0.03681015968322754
81 0 435387 81 0.03800678253173828
0 81 427413 2047 0.08383321762084961
0 81 429460 2048 0.09088802337646484
0 81 431508 2048 0.09576416015625
0 82 433556 2048 0.08530974388122559
0 82 435604 2048 0.09039425849914551
0 82 437652 2048 0.09559798240661621
0 82 439700 424 0.041005849838256836
82 0 440206 82 0.041643619537353516
82 0 440288 82 0.04139590263366699
82 0 440370 82 0.04134488105773926
82 0 440452 82 0.04129147529602051
82 0 440534 82 0.04134845733642578
82 0 440616 82 0.041365623474121094
82 0 440698 82 0.041361331939697266
82 0 440780 82 0.04112601280212402
82 0 440862 82 0.04105973243713379
81 0 436120 81 0.03895711898803711
0 82 436120 2048 0.08281421661376953
0 82 438168 1026 0.05929970741271973
82 0 439276 82 0.039893150329589844
82 0 439358 82 0.03870439529418945
82 0 439440 82 0.03843069076538086
82 0 439522 82 0.03838300704956055
82 0 439604 82 0.038480281829833984
82 0 439686 82 0.03842926025390625
82 0 439768 82 0.03858661651611328
82 0 439850 82 0.03844404220581055
82 0 439932 82 0.038428306579589844
82 0 440014 82 0.0382232666015625
82 0 440096 82 0.03821563720703125
82 0 440178 82 0.03820371627807617
82 0 440260 82 0.03824901580810547
82 0 440342 82 0.03828001022338867
82 0 440424 82 0.03828310966491699
82 0 440506 82 0.038308143615722656
82 0 440588 82 0.03826475143432617
82 0 440670 82 0.03830695152282715
81 0 434560 81 0.03827953338623047
81 0 434641 81 0.038262367248535156
81 0 434722 81 0.03829622268676758
81 0 434803 81 0.03828024864196777
81 0 434884 81 0.03827261924743652
81 0 434965 81 0.0382997989654541
81 0 435046 81 0.038350820541381836
81 0 435127 81 0.038362741470336914
80 0 430057 80 0.0367128849029541
0 81 430057 2048 0.08085250854492188
0 81 432105 2048 0.08989882469177246
0 81 434153 2048 0.09589743614196777
0 81 436201 2048 0.10158538818359375
0 81 438249 230 0.033043622970581055
80 0 428803 80 0.03731203079223633
0 81 428803 2048 0.0815122127532959
0 81 430851 2048 0.08997774124145508
0 81 432899 2048 0.09497427940368652
0 81 434947 1902 0.09565520286560059
81 0 436930 81 0.04056715965270996
81 0 437011 81 0.03936457633972168
81 0 437092 81 0.03905010223388672
81 0 437173 81 0.039076805114746094
81 0 437254 81 0.03914356231689453
81 0 437335 81 0.039127349853515625
80 0 434192 80 0.036985158920288086
0 81 434192 2048 0.08237338066101074
0 81 436240 2048 0.08998370170593262
0 80 430561 2048 0.09452509880065918
0 80 432609 2048 0.10006022453308105
0 80 434657 331 0.036249637603759766
79 0 430647 79 0.03708934783935547
0 80 430647 2048 0.08154463768005371
0 80 432695 2048 0.09002351760864258
0 81 434743 2048 0.09543323516845703
0 81 436791 1121 0.05329632759094238
81 0 437993 81 0.039244651794433594
81 0 438074 81 0.03913617134094238
81 0 438155 81 0.039175987243652344
81 0 438236 81 0.039229631423950195
81 0 438317 81 0.03922271728515625
81 0 438398 81 0.039238929748535156
81 0 438479 81 0.03921198844909668
81 0 438560 81 0.039031028747558594
81 0 438641 81 0.03906750679016113
81 0 438722 81 0.03904318809509277
81 0 438803 81 0.03906083106994629
81 0 438884 81 0.039081573486328125
81 0 438965 81 0.03899407386779785
81 0 439046 81 0.03900265693664551
81 0 439127 81 0.039035797119140625
81 0 439208 81 0.03908824920654297
81 0 439289 81 0.03906750679016113
81 0 439370 81 0.03899550437927246
81 0 439451 81 0.03900718688964844
81 0 439532 81 0.03910994529724121
81 0 439613 81 0.039081573486328125
81 0 439694 81 0.03903532028198242
81 0 439775 81 0.03902792930603027
81 0 439856 81 0.0390322208404541
81 0 439937 81 0.03914666175842285
81 0 440018 81 0.03912234306335449
81 0 440099 81 0.03905463218688965
81 0 440180 81 0.03905844688415527
81 0 440261 81 0.03911232948303223
81 0 440342 81 0.03914904594421387
81 0 440423 81 0.03915143013000488
81 0 440504 81 0.039054155349731445
81 0 440585 81 0.03908658027648926
80 0 439021 80 0.03761410713195801
79 0 435812 79 0.03645801544189453
79 0 435891 79 0.036490440368652344
78 0 428979 78 0.036509037017822266
0 79 428979 2048 0.08476090431213379
0 79 431027 2048 0.09013819694519043
0 79 433075 2048 0.09523463249206543
0 79 435123 1239 0.06536197662353516
78 0 429868 78 0.03940415382385254
0 79 429868 2048 0.0827474594116211
0 79 431916 2048 0.09020447731018066
0 79 433964 2048 0.09569287300109863
0 79 436012 2029 0.10258364677429199
79 0 438120 79 0.038362741470336914
78 0 433869 78 0.03878521919250488
78 0 433947 78 0.038573265075683594
78 0 434025 78 0.03853559494018555
78 0 434103 78 0.0384366512298584
78 0 434181 78 0.038451194763183594
78 0 434259 78 0.03856682777404785
78 0 434337 78 0.03855586051940918
78 0 434415 78 0.03839850425720215
78 0 434493 78 0.038381338119506836
78 0 434571 78 0.038373708724975586
78 0 434649 78 0.038294076919555664
78 0 434727 78 0.038329362869262695
78 0 434805 78 0.038368940353393555
78 0 434883 78 0.03842639923095703
78 0 434961 78 0.0384221076965332
78 0 435039 78 0.03831601142883301
78 0 435117 78 0.03837299346923828
78 0 435195 78 0.0384068489074707
78 0 435273 78 0.03840184211730957
78 0 435351 78 0.03839278221130371
78 0 435429 78 0.03837990760803223
78 0 435507 78 0.038384437561035156
78 0 435585 78 0.03844738006591797
78 0 435663 78 0.03842926025390625
78 0 435741 78 0.038428306579589844
78 0 435819 78 0.03839254379272461
78 0 435897 78 0.03837251663208008
78 0 435975 78 0.03846096992492676
78 0 436053 78 0.038514137268066406
78 0 436131 78 0.03844308853149414
78 0 436209 78 0.03841805458068848
78 0 436287 78 0.03845858573913574
78 0 436365 78 0.03856039047241211
78 0 436443 78 0.03845548629760742
78 0 436521 78 0.03850603103637695
78 0 436599 78 0.0385591983795166
78 0 436677 78 0.03849649429321289
78 0 436755 78 0.03855156898498535
78 0 436833 78 0.038511037826538086
78 0 436911 78 0.0384523868560791
78 0 436989 78 0.038484811782836914
77 0 428981 77 0.03754782676696777
0 78 428981 2048 0.08082246780395508
0 78 431029 2048 0.08987665176391602
0 79 433077 2048 0.0929114818572998
0 79 435125 1637 0.0774848461151123
79 0 436841 79 0.03921818733215332
79 0 436920 79 0.03802990913391113
79 0 436999 79 0.03773808479309082
79 0 437078 79 0.03773212432861328
79 0 437157 79 0.03774237632751465
79 0 437236 79 0.03773093223571777
79 0 437315 79 0.03776812553405762
79 0 437394 79 0.03778553009033203
79 0 437473 79 0.03777337074279785
79 0 437552 79 0.037650346755981445
79 0 437631 79 0.037573814392089844
79 0 437710 79 0.037589073181152344
79 0 437789 79 0.037624359130859375
79 0 437868 79 0.037665367126464844
79 0 437947 79 0.03766894340515137
79 0 438026 79 0.03760933876037598
79 0 438105 79 0.03759503364562988
79 0 438184 79 0.03767061233520508
79 0 438263 79 0.03767204284667969
79 0 438342 79 0.0376582145690918
78 0 429996 78 0.036368370056152344
0 79 429996 2048 0.07991218566894531
0 79 432044 2048 0.09019064903259277
0 79 434092 2048 0.09499716758728027
0 80 436140 2048 0.08836650848388672
0 80 438188 2048 0.08826279640197754
0 80 440236 389 0.03846263885498047
79 0 435226 79 0.04005241394042969
0 80 435226 2048 0.08099102973937988
0 81 437274 2048 0.08523201942443848
0 81 439322 1355 0.0721898078918457
81 0 440758 81 0.043187618255615234
81 0 440839 81 0.042052507400512695
81 0 440920 81 0.04187512397766113
81 0 441001 81 0.04178309440612793
81 0 441082 81 0.04178905487060547
81 0 441163 81 0.04179716110229492
81 0 441244 81 0.0418398380279541
81 0 441325 81 0.04165291786193848
81 0 441406 81 0.0416409969329834
81 0 441487 81 0.04165363311767578
81 0 441568 81 0.04172182083129883
80 0 434623 80 0.037999629974365234
80 0 434703 80 0.03795957565307617
80 0 434783 80 0.03794074058532715
80 0 434863 80 0.037972450256347656
80 0 434943 80 0.03798079490661621
80 0 435023 80 0.03799700736999512
79 0 430239 79 0.036150217056274414
0 80 430239 2048 0.08120226860046387
0 80 432287 2048 0.09081363677978516
0 79 429332 2048 0.09475183486938477
0 79 431380 2048 0.10113930702209473
0 80 433428 2048 0.08506417274475098
0 81 435476 2048 0.08662223815917969
0 81 437524 2048 0.0865020751953125
0 81 439572 1182 0.059467315673828125
81 0 440835 81 0.03943967819213867
81 0 440916 81 0.03854012489318848
80 0 434183 80 0.03721880912780762
0 81 434183 2048 0.08381772041320801
0 81 436231 2048 0.0911104679107666
0 82 438279 2048 0.08895421028137207
0 82 440327 654 0.04822492599487305
82 0 441063 82 0.03886771202087402
82 0 441145 82 0.03850269317626953
82 0 441227 82 0.038515329360961914
82 0 441309 82 0.03852033615112305
82 0 441391 82 0.03850722312927246
82 0 441473 82 0.03853583335876465
82 0 441555 82 0.038581132888793945
82 0 441637 82 0.038483619689941406
82 0 441719 82 0.03837132453918457
81 0 436724 81 0.03869795799255371
0 81 429216 2047 0.08281970024108887
0 81 431263 2048 0.08971381187438965
0 82 433311 2048 0.08640766143798828
0 82 435359 1591 0.07866048812866211
82 0 437032 82 0.0382990837097168
82 0 437114 82 0.03777432441711426
82 0 437196 82 0.03768038749694824
82 0 437278 82 0.03768801689147949
82 0 437360 82 0.03769564628601074
82 0 437442 82 0.03770303726196289
82 0 437524 82 0.037694692611694336
82 0 437606 82 0.03778839111328125
82 0 437688 82 0.037596702575683594
82 0 437770 82 0.03753995895385742
82 0 437852 82 0.03751349449157715
82 0 437934 82 0.037488698959350586
82 0 438016 82 0.037492990493774414
82 0 438098 82 0.037496328353881836
82 0 438180 82 0.03755044937133789
82 0 438262 82 0.03755354881286621
82 0 438344 82 0.037550926208496094
82 0 438426 82 0.03753852844238281
81 0 432152 81 0.03992319107055664
0 82 432152 2048 0.0825042724609375
0 82 434200 2048 0.0907738208770752
0 82 436248 2048 0.09611344337463379
0 83 438296 1932 0.08319544792175293
83 0 440311 83 0.04246401786804199
83 0 440394 83 0.04104351997375488
83 0 440477 83 0.04020333290100098
83 0 440560 83 0.04019355773925781
83 0 440643 83 0.040201425552368164
83 0 440726 83 0.04020357131958008
83 0 440809 83 0.04019498825073242
83 0 440892 83 0.04024338722229004
83 0 440975 83 0.0401461124420166
82 0 436686 82 0.03936004638671875
0 83 436686 2048 0.08273625373840332
0 83 438734 656 0.04700517654418945
83 0 439473 83 0.040027618408203125
83 0 439556 83 0.03949570655822754
82 0 432774 82 0.039077043533325195
0 83 432774 2048 0.08381080627441406
0 83 434822 2048 0.09090685844421387
0 83 436870 2048 0.09590768814086914
0 83 438918 2023 0.10082578659057617
81 0 436002 81 0.042376041412353516
81 0 436083 81 0.04095339775085449
81 0 436164 81 0.04042935371398926
81 0 436245 81 0.04044079780578613
81 0 436326 81 0.04043388366699219
81 0 436407 81 0.04041314125061035
81 0 436488 81 0.04040694236755371
81 0 436569 81 0.04045867919921875
81 0 436650 81 0.04036521911621094
81 0 436731 81 0.040317535400390625
81 0 436812 81 0.04022622108459473
81 0 436893 81 0.04026222229003906
81 0 436974 81 0.04029130935668945
81 0 437055 81 0.04031515121459961
81 0 437136 81 0.04028439521789551
81 0 437217 81 0.040284156799316406
81 0 437298 81 0.04028964042663574
80 0 427554 80 0.03708338737487793
0 81 427554 2048 0.08141374588012695
0 81 429602 2048 0.08974361419677734
0 81 431650 2048 0.09554362297058105
0 82 433698 2048 0.08835649490356445
0 81 423927 2048 0.08407783508300781
0 81 425975 2048 0.08491969108581543
0 81 428023 2048 0.09234261512756348
0 81 430071 2048 0.09679746627807617
0 82 432119 2048 0.09665465354919434
0 82 434167 2048 0.09015655517578125
0 82 436215 1799 0.09848546981811523
82 0 438096 82 0.04111075401306152
82 0 438178 82 0.04014110565185547
82 0 438260 82 0.03916525840759277
82 0 438342 82 0.039099693298339844
82 0 438424 82 0.03910565376281738
82 0 438506 82 0.03917407989501953
82 0 438588 82 0.03915739059448242
82 0 438670 82 0.03919339179992676
81 0 433696 81 0.039208412170410156
0 82 433696 2048 0.08281064033508301
0 82 435744 2048 0.09036946296691895
0 82 437792 2048 0.09587669372558594
0 82 439840 979 0.056136131286621094
82 0 440901 82 0.04290580749511719
82 0 440983 82 0.041261911392211914
82 0 441065 82 0.04117226600646973
82 0 441147 82 0.041147708892822266
81 0 433202 81 0.038761138916015625
0 82 433202 2048 0.08191943168640137
0 82 435250 2048 0.09076070785522461
0 82 437298 719 0.048837900161743164
82 0 438099 82 0.03942728042602539
82 0 438181 82 0.03885698318481445
82 0 438263 82 0.0387272834777832
82 0 438345 82 0.03868222236633301
82 0 438427 82 0.038710832595825195
81 0 430354 81 0.036016225814819336
0 82 430354 2048 0.08418941497802734
0 82 432402 2048 0.08935189247131348
0 83 434450 2048 0.085418701171875
0 83 436498 931 0.05087780952453613
83 0 437512 83 0.03966546058654785
83 0 437595 83 0.03855013847351074
83 0 437678 83 0.03844189643859863
83 0 437761 83 0.0384218692779541
83 0 437844 83 0.03841280937194824
83 0 437927 83 0.03846883773803711
83 0 438010 83 0.038457393646240234
83 0 438093 83 0.03848409652709961
83 0 438176 83 0.03836798667907715
83 0 438259 83 0.03832888603210449
83 0 438342 83 0.03833293914794922
83 0 438425 83 0.038323163986206055
83 0 438508 83 0.03833651542663574
82 0 436251 82 0.03893780708312988
0 83 436251 2048 0.08185553550720215
0 83 438299 2048 0.09062647819519043
0 83 440347 828 0.05249810218811035
83 0 441258 83 0.040415287017822266
83 0 441341 83 0.03952741622924805
82 0 437460 82 0.03822636604309082
82 0 437542 82 0.038229942321777344
82 0 437624 82 0.03824162483215332
82 0 437706 82 0.0382838249206543
82 0 437788 82 0.03831815719604492
82 0 437870 82 0.03820466995239258
82 0 437952 82 0.038022518157958984
82 0 438034 82 0.038031578063964844
82 0 438116 82 0.038034677505493164
82 0 438198 82 0.03809547424316406
82 0 438280 82 0.038141727447509766
81 0 429643 81 0.039054155349731445
0 82 429643 2048 0.0826253890991211
0 82 431691 2048 0.09041333198547363
0 83 433739 2048 0.09224414825439453
0 83 435787 936 0.04835033416748047
83 0 436806 83 0.040148258209228516
83 0 436889 83 0.039388418197631836
83 0 436972 83 0.039215803146362305
83 0 437055 83 0.03919267654418945
83 0 437138 83 0.03925824165344238
83 0 437221 83 0.039277076721191406
83 0 437304 83 0.03921651840209961
83 0 437387 83 0.0391690731048584
83 0 437470 83 0.039002180099487305
83 0 437553 83 0.03900551795959473
83 0 437636 83 0.03902912139892578
83 0 437719 83 0.03910636901855469
83 0 437802 83 0.03909611701965332
83 0 437885 83 0.03909707069396973
83 0 437968 83 0.03903555870056152
83 0 438051 83 0.039052486419677734
83 0 438134 83 0.03916811943054199
83 0 438217 83 0.03914761543273926
83 0 438300 83 0.039093732833862305
83 0 438383 83 0.03907275199890137
83 0 438466 83 0.03908038139343262
83 0 438549 83 0.03915119171142578
83 0 438632 83 0.039179086685180664
83 0 438715 83 0.03910326957702637
83 0 438798 83 0.03908371925354004
83 0 438881 83 0.03914642333984375
83 0 438964 83 0.03919649124145508
83 0 439047 83 0.039235830307006836
83 0 439130 83 0.039127349853515625
82 0 432972 82 0.03781294822692871
0 83 432972 2048 0.08071398735046387
0 83 435020 2048 0.09012079238891602
0 83 437068 918 0.05371856689453125
83 0 438069 83 0.03913760185241699
83 0 438152 83 0.03812837600708008
83 0 438235 83 0.03804922103881836
83 0 438318 83 0.038068294525146484
83 0 438401 83 0.03805708885192871
83 0 438484 83 0.03805947303771973
83 0 438567 83 0.038091182708740234
83 0 438650 83 0.03810763359069824
83 0 438733 83 0.03810763359069824
83 0 438816 83 0.03793525695800781
83 0 438899 83 0.03794217109680176
83 0 438982 83 0.03796219825744629
82 0 436500 82 0.03803229331970215
82 0 436582 82 0.03792929649353027
82 0 436664 82 0.0378873348236084
82 0 436746 82 0.03786325454711914
82 0 436828 82 0.03792214393615723
82 0 436910 82 0.03801751136779785
82 0 436992 82 0.037932395935058594
82 0 437074 82 0.03790855407714844
82 0 437156 82 0.037886619567871094
82 0 437238 82 0.03801465034484863
82 0 437320 82 0.03798818588256836
82 0 437402 82 0.03793621063232422
82 0 437484 82 0.03793168067932129
82 0 437566 82 0.03793740272521973
82 0 437648 82 0.038012027740478516
82 0 437730 82 0.03801083564758301
82 0 437812 82 0.03797602653503418
82 0 437894 82 0.03802299499511719
82 0 437976 82 0.03797125816345215
81 0 433499 81 0.03733205795288086
0 82 433499 2048 0.08455085754394531
0 82 435547 2048 0.09006285667419434
0 81 433088 2048 0.09513306617736816
0 81 435136 1564 0.08982515335083008
81 0 436781 81 0.038706064224243164
81 0 436862 81 0.037981271743774414
81 0 436943 81 0.037262678146362305
81 0 437024 81 0.037251949310302734
81 0 437105 81 0.037178993225097656
81 0 437186 81 0.037168264389038086
81 0 437267 81 0.03717613220214844
81 0 437348 81 0.03726601600646973
81 0 437429 81 0.03725409507751465
81 0 437510 81 0.037093400955200195
81 0 437591 81 0.03710484504699707
80 0 431166 80 0.03599810600280762
0 81 431166 2048 0.08040761947631836
0 81 433214 2048 0.0915367603302002
0 81 435262 1540 0.08269381523132324
81 0 436883 81 0.039728641510009766
81 0 436964 81 0.038889169692993164
81 0 437045 81 0.03866767883300781
81 0 437126 81 0.03862595558166504
81 0 437207 81 0.03863334655761719
81 0 437288 81 0.03873944282531738
81 0 437369 81 0.03874516487121582
81 0 437450 81 0.03870105743408203
81 0 437531 81 0.03861117362976074
81 0 437612 81 0.03846025466918945
81 0 437693 81 0.03851819038391113
81 0 437774 81 0.03853440284729004
81 0 437855 81 0.038559913635253906
81 0 437936 81 0.038593292236328125
81 0 438017 81 0.038620710372924805
81 0 438098 81 0.03853249549865723
81 0 438179 81 0.03854513168334961
81 0 438260 81 0.038628339767456055
81 0 438341 81 0.03863239288330078
81 0 438422 81 0.03863096237182617
81 0 438503 81 0.038550376892089844
81 0 438584 81 0.03856015205383301
81 0 438665 81 0.03864884376525879
81 0 438746 81 0.03866863250732422
81 0 438827 81 0.03864336013793945
81 0 438908 81 0.03859448432922363
81 0 438989 81 0.03861856460571289
81 0 439070 81 0.03868532180786133
81 0 439151 81 0.038680076599121094
81 0 439232 81 0.03862786293029785
81 0 439313 81 0.03862595558166504
81 0 439394 81 0.038652896881103516
81 0 439475 81 0.038721561431884766
81 0 439556 81 0.038719892501831055
81 0 439637 81 0.038620948791503906
81 0 439718 81 0.03865170478820801
81 0 439799 81 0.03877401351928711
81 0 439880 81 0.038748979568481445
81 0 439961 81 0.038724422454833984
81 0 440042 81 0.03866887092590332
81 0 440123 81 0.03867387771606445
81 0 440204 81 0.038744449615478516
81 0 440285 81 0.03875613212585449
81 0 440366 81 0.038719892501831055
81 0 440447 81 0.03868722915649414
81 0 440528 81 0.03870892524719238
81 0 440609 81 0.03879857063293457
81 0 440690 81 0.038788557052612305
81 0 440771 81 0.038806915283203125
81 0 440852 81 0.03871726989746094
81 0 440933 81 0.03876614570617676
80 0 437805 80 0.036643028259277344
80 0 437885 80 0.036614418029785156
80 0 437965 80 0.036531686782836914
80 0 438045 80 0.03655600547790527
80 0 438125 80 0.03661608695983887
80 0 438205 80 0.03660464286804199
80 0 438285 80 0.03658556938171387
80 0 438365 80 0.03657341003417969
79 0 430122 79 0.03598475456237793
0 80 430122 2048 0.08187294006347656
0 80 432170 2048 0.09204435348510742
0 80 434218 2048 0.09526252746582031
0 81 436266 2048 0.08672833442687988
0 82 438314 1645 0.07665562629699707
82 0 440041 82 0.04077482223510742
82 0 440123 82 0.039208412170410156
82 0 440205 82 0.03902482986450195
82 0 440287 82 0.038947105407714844
82 0 440369 82 0.03912496566772461
82 0 440451 82 0.03913140296936035
81 0 434548 81 0.03651285171508789
81 0 434629 81 0.03649258613586426
81 0 434710 81 0.03648662567138672
81 0 434791 81 0.036309242248535156
81 0 434872 81 0.03630781173706055
81 0 434953 81 0.03642535209655762
81 0 435034 81 0.03636765480041504
81 0 435115 81 0.036389827728271484
81 0 435196 81 0.03631949424743652
81 0 435277 81 0.03635096549987793
81 0 435358 81 0.03638195991516113
81 0 435439 81 0.036423444747924805
81 0 435520 81 0.036390066146850586
81 0 435601 81 0.036330223083496094
81 0 435682 81 0.03632616996765137
81 0 435763 81 0.03639650344848633
81 0 435844 81 0.03643989562988281
81 0 435925 81 0.036431074142456055
81 0 436006 81 0.036396026611328125
81 0 436087 81 0.036377668380737305
81 0 436168 81 0.036408424377441406
81 0 436249 81 0.03642749786376953
81 0 436330 81 0.03641796112060547
81 0 436411 81 0.03639960289001465
81 0 436492 81 0.036407470703125
81 0 436573 81 0.03645825386047363
81 0 436654 81 0.036476850509643555
81 0 436735 81 0.03646421432495117
79 0 424678 79 0.035366058349609375
0 80 424678 2048 0.0796365737915039
0 80 426726 2048 0.08837032318115234
0 80 428774 2048 0.09556078910827637
0 81 430822 2048 0.0901954174041748
0 81 432870 2048 0.08615446090698242
0 82 434918 2048 0.0884096622467041
0 81 431548 2048 0.08608031272888184
0 82 433596 2048 0.08742833137512207
0 81 427776 2048 0.08673977851867676
0 81 429824 2048 0.09392762184143066
0 81 431872 2048 0.0981283187866211
0 81 426123 2048 0.0882422924041748
0 80 420993 2048 0.08856701850891113
0 80 423041 2048 0.09408044815063477
0 81 425089 2048 0.08717131614685059
0 81 427137 2048 0.08811306953430176
0 82 429185 2048 0.08983182907104492
0 82 431233 2048 0.08707118034362793
0 82 433281 2048 0.09329342842102051
0 82 435329 2048 0.09946203231811523
0 82 437377 286 0.034722089767456055
82 0 437745 82 0.03785395622253418
82 0 437827 82 0.037422895431518555
82 0 437909 82 0.03747105598449707
82 0 437991 82 0.03750491142272949
82 0 438073 82 0.037490129470825195
82 0 438155 82 0.03750920295715332
82 0 438237 82 0.03748059272766113
82 0 438319 82 0.037431955337524414
82 0 438401 82 0.037305593490600586
82 0 438483 82 0.037316322326660156
81 0 431507 81 0.04025840759277344
0 82 431507 2048 0.08309030532836914
0 82 433555 2048 0.09047484397888184
0 82 428164 2048 0.08840227127075195
0 83 430212 2048 0.08279871940612793
0 84 432260 2048 0.08405351638793945
0 84 434308 1573 0.08020424842834473
84 0 435965 84 0.042275190353393555
84 0 436049 84 0.04052305221557617
84 0 436133 84 0.03995251655578613
84 0 436217 84 0.0399625301361084
84 0 436301 84 0.03997349739074707
84 0 436385 84 0.040062665939331055
84 0 436469 84 0.04008007049560547
84 0 436553 84 0.040044546127319336
84 0 436637 84 0.039774179458618164
84 0 436721 84 0.03970766067504883
84 0 436805 84 0.03972673416137695
84 0 436889 84 0.03972220420837402
84 0 436973 84 0.03981614112854004
84 0 437057 84 0.03982830047607422
84 0 437141 84 0.03975367546081543
84 0 437225 84 0.03974604606628418
84 0 437309 84 0.03977084159851074
83 0 434591 83 0.03980445861816406
83 0 434674 83 0.03983163833618164
83 0 434757 83 0.039752960205078125
83 0 434840 83 0.0397646427154541
83 0 434923 83 0.03984546661376953
83 0 435006 83 0.03984951972961426
83 0 435089 83 0.039826154708862305
83 0 435172 83 0.03975415229797363
83 0 435255 83 0.03979635238647461
83 0 435338 83 0.03986048698425293
83 0 435421 83 0.03989672660827637
83 0 435504 83 0.03981375694274902
83 0 435587 83 0.03980255126953125
83 0 435670 83 0.03984355926513672
82 0 429525 82 0.03987526893615723
0 83 429525 2048 0.0830986499786377
0 83 431573 2048 0.09045910835266113
0 83 433621 2048 0.09616708755493164
0 84 435669 2048 0.08623147010803223
0 84 437717 1460 0.07541608810424805
84 0 439261 84 0.04111313819885254
84 0 439345 84 0.04026007652282715
84 0 439429 84 0.04018664360046387
84 0 439513 84 0.04014730453491211
84 0 439597 84 0.04016709327697754
84 0 439681 84 0.0401918888092041
84 0 439765 84 0.040184736251831055
84 0 439849 84 0.040116071701049805
84 0 439933 84 0.040030479431152344
84 0 440017 84 0.04000067710876465
84 0 440101 84 0.04000377655029297
84 0 440185 84 0.04001665115356445
84 0 440269 84 0.03998899459838867
84 0 440353 84 0.040014028549194336
84 0 440437 84 0.03995919227600098
84 0 440521 84 0.03998875617980957
84 0 440605 84 0.04003477096557617
84 0 440689 84 0.040058135986328125
84 0 440773 84 0.03998756408691406
84 0 440857 84 0.03997015953063965
84 0 440941 84 0.04003167152404785
84 0 441025 84 0.040111541748046875
84 0 441109 84 0.040227651596069336
84 0 441193 84 0.04001951217651367
83 0 437322 83 0.03789496421813965
83 0 437405 83 0.037996768951416016
83 0 437488 83 0.03798794746398926
83 0 437571 83 0.03795886039733887
83 0 437654 83 0.037927865982055664
83 0 437737 83 0.03795146942138672
83 0 437820 83 0.03800630569458008
83 0 437903 83 0.03801131248474121
83 0 437986 83 0.037979841232299805
83 0 438069 83 0.03791332244873047
83 0 438152 83 0.03795218467712402
83 0 438235 83 0.038045644760131836
83 0 438318 83 0.0380549430847168
83 0 438401 83 0.03796648979187012
83 0 438484 83 0.03795170783996582
83 0 438567 83 0.037992238998413086
83 0 438650 83 0.038063764572143555
83 0 438733 83 0.0380403995513916
82 0 436658 82 0.03937888145446777
82 0 436740 82 0.03937387466430664
82 0 436822 82 0.03942513465881348
82 0 436904 82 0.03952193260192871
82 0 436986 82 0.0394749641418457
82 0 437068 82 0.03943467140197754
82 0 437150 82 0.03942465782165527
82 0 437232 82 0.03950643539428711
82 0 437314 82 0.039540767669677734
81 0 431500 81 0.03796267509460449
0 82 431500 2048 0.08196759223937988
0 82 433548 2048 0.09039020538330078
0 82 435596 127 0.029544353485107422
82 0 435805 82 0.038764238357543945
82 0 435887 82 0.03817152976989746
82 0 435969 82 0.03815650939941406
82 0 436051 82 0.03815627098083496
82 0 436133 82 0.03821754455566406
82 0 436215 82 0.03817915916442871
82 0 436297 82 0.03822946548461914
82 0 436379 82 0.03823518753051758
82 0 436461 82 0.03805875778198242
82 0 436543 82 0.03802633285522461
82 0 436625 82 0.0381007194519043
82 0 436707 82 0.03807353973388672
82 0 436789 82 0.03811192512512207
82 0 436871 82 0.03807210922241211
82 0 436953 82 0.03803062438964844
82 0 437035 82 0.038033246994018555
81 0 431488 81 0.03813481330871582
0 82 431488 2048 0.08364629745483398
0 82 433536 2048 0.09036874771118164
0 83 435584 2048 0.08862996101379395
0 84 437632 2048 0.0833432674407959
0 84 439680 1255 0.05911660194396973
84 0 441019 84 0.03969454765319824
84 0 441103 84 0.038590431213378906
84 0 441187 84 0.0382997989654541
84 0 441271 84 0.038238525390625
84 0 441355 84 0.03826022148132324
83 0 432745 83 0.03758716583251953
83 0 432828 83 0.03761410713195801
83 0 432911 83 0.03760480880737305
83 0 432994 83 0.03762984275817871
83 0 433077 83 0.03752779960632324
83 0 433160 83 0.03744959831237793
83 0 433243 83 0.037410736083984375
83 0 433326 83 0.037438154220581055
83 0 433409 83 0.037491559982299805
83 0 433492 83 0.03754878044128418
83 0 433575 83 0.03748011589050293
83 0 433658 83 0.03746914863586426
83 0 433741 83 0.03749370574951172
82 0 425418 82 0.03792095184326172
0 83 425418 2048 0.08300971984863281
0 83 427466 2048 0.09279179573059082
0 83 429514 2048 0.09525775909423828
0 83 431562 2048 0.10047078132629395
0 85 433610 2048 0.0863795280456543
0 85 435658 2048 0.08415460586547852
0 85 437706 1484 0.07777261734008789
85 0 439275 85 0.03859734535217285
85 0 439360 85 0.03778815269470215
85 0 439445 85 0.03767085075378418
85 0 439530 85 0.037741899490356445
85 0 439615 85 0.03768658638000488
85 0 439700 85 0.03759503364562988
85 0 439785 85 0.0376744270324707
85 0 439870 85 0.03770017623901367
85 0 439955 85 0.03760504722595215
85 0 440040 85 0.03761458396911621
85 0 440125 85 0.037589073181152344
85 0 440210 85 0.03752779960632324
85 0 440295 85 0.03753995895385742
85 0 440380 85 0.03753781318664551
85 0 440465 85 0.03755831718444824
85 0 440550 85 0.03760838508605957
85 0 440635 85 0.037567138671875
85 0 440720 85 0.03753662109375
85 0 440805 85 0.037529706954956055
85 0 440890 85 0.03751969337463379
85 0 440975 85 0.03763556480407715
85 0 441060 85 0.03756093978881836
84 0 438107 84 0.03756093978881836
84 0 438191 84 0.03756237030029297
84 0 438275 84 0.037674665451049805
84 0 438359 84 0.03767275810241699
84 0 438443 84 0.03763985633850098
84 0 438527 84 0.03753829002380371
84 0 438611 84 0.03759360313415527
84 0 438695 84 0.03761863708496094
84 0 438779 84 0.03769254684448242
84 0 438863 84 0.03763103485107422
84 0 438947 84 0.03758811950683594
84 0 439031 84 0.037539005279541016
84 0 439115 84 0.03774905204772949
84 0 439199 84 0.03771781921386719
83 0 432342 83 0.038166046142578125
83 0 432425 83 0.03813362121582031
83 0 432508 83 0.038167715072631836
83 0 432591 83 0.03820204734802246
83 0 432674 83 0.03819847106933594
83 0 432757 83 0.03817439079284668
83 0 432840 83 0.03818702697753906
83 0 432923 83 0.038222551345825195
83 0 433006 83 0.0382540225982666
83 0 433089 83 0.038253068923950195
83 0 433172 83 0.03819441795349121
83 0 433255 83 0.038188934326171875
83 0 433338 83 0.038198232650756836
83 0 433421 83 0.03828001022338867
83 0 433504 83 0.038315773010253906
83 0 433587 83 0.03821063041687012
83 0 433670 83 0.038233041763305664
83 0 433753 83 0.038304805755615234
83 0 433836 83 0.03829693794250488
83 0 433919 83 0.03828549385070801
83 0 434002 83 0.03825688362121582
83 0 434085 83 0.03826570510864258
83 0 434168 83 0.03834891319274902
83 0 434251 83 0.0383145809173584
83 0 434334 83 0.03830766677856445
83 0 434417 83 0.03824305534362793
83 0 434500 83 0.0382990837097168
83 0 434583 83 0.03844785690307617
83 0 434666 83 0.038488149642944336
83 0 434749 83 0.03831815719604492
83 0 434832 83 0.038308143615722656
83 0 434915 83 0.03833961486816406
82 0 426444 82 0.03650665283203125
0 83 426444 2048 0.08497834205627441
0 83 428492 2048 0.09012722969055176
0 83 430540 2048 0.09507584571838379
0 84 432588 2048 0.08785533905029297
0 84 434636 1121 0.0561985969543457
84 0 435841 84 0.04091238975524902
84 0 435925 84 0.039687156677246094
84 0 436009 84 0.03955650329589844
84 0 436093 84 0.039432525634765625
84 0 436177 84 0.039450645446777344
84 0 436261 84 0.039496660232543945
84 0 436345 84 0.039507389068603516
84 0 436429 84 0.03953814506530762
84 0 436513 84 0.03944134712219238
84 0 436597 84 0.03938603401184082
84 0 436681 84 0.039284467697143555
84 0 436765 84 0.03934502601623535
84 0 436849 84 0.03928852081298828
84 0 436933 84 0.03917980194091797
84 0 437017 84 0.039336204528808594
84 0 437101 84 0.0393984317779541
84 0 437185 84 0.03938412666320801
84 0 437269 84 0.03934073448181152
84 0 437353 84 0.03932332992553711
84 0 437437 84 0.03942060470581055
83 0 431918 83 0.0381016731262207
83 0 432001 83 0.038019418716430664
83 0 432084 83 0.03800559043884277
83 0 432167 83 0.03805685043334961
83 0 432250 83 0.03813910484313965
83 0 432333 83 0.03815269470214844
83 0 432416 83 0.03804135322570801
83 0 432499 83 0.038039207458496094
83 0 432582 83 0.03807854652404785
83 0 432665 83 0.03814053535461426
83 0 432748 83 0.03812980651855469
83 0 432831 83 0.038057565689086914
83 0 432914 83 0.03808116912841797
83 0 432997 83 0.03814864158630371
83 0 433080 83 0.03814411163330078
83 0 433163 83 0.03814435005187988
83 0 433246 83 0.0380556583404541
83 0 433329 83 0.0380706787109375
83 0 433412 83 0.038162946701049805
83 0 433495 83 0.03820490837097168
83 0 433578 83 0.03815960884094238
83 0 433661 83 0.03811836242675781
83 0 433744 83 0.03811836242675781
83 0 433827 83 0.03820371627807617
83 0 433910 83 0.038186073303222656
83 0 433993 83 0.03813433647155762
83 0 434076 83 0.03812456130981445
83 0 434159 83 0.038138628005981445
83 0 434242 83 0.038243770599365234
83 0 434325 83 0.03825068473815918
83 0 434408 83 0.03816699981689453
82 0 427755 82 0.037499427795410156
0 83 427755 2048 0.08152985572814941
0 83 429803 2048 0.09066009521484375
0 83 431851 2048 0.09586811065673828
0 84 433899 2048 0.09222722053527832
0 84 435947 2048 0.08767914772033691
0 84 437995 1458 0.07876062393188477
84 0 439537 84 0.038870811462402344
84 0 439621 84 0.03782010078430176
84 0 439705 84 0.03765583038330078
84 0 439789 84 0.03758859634399414
84 0 439873 84 0.03747415542602539
84 0 439957 84 0.03748345375061035
84 0 440041 84 0.03760862350463867
84 0 440125 84 0.037592411041259766
84 0 440209 84 0.03767824172973633
84 0 440293 84 0.03730368614196777
84 0 440377 84 0.0373539924621582
84 0 440461 84 0.03740119934082031
84 0 440545 84 0.03746676445007324
84 0 440629 84 0.03751540184020996
84 0 440713 84 0.03743100166320801
84 0 440797 84 0.03740525245666504
84 0 440881 84 0.03745865821838379
84 0 440965 84 0.03750276565551758
84 0 441049 84 0.03748488426208496
84 0 441133 84 0.03746485710144043
84 0 441217 84 0.03741145133972168
84 0 441301 84 0.03753161430358887
84 0 441385 84 0.037587881088256836
84 0 441469 84 0.03756833076477051
84 0 441553 84 0.037506818771362305
83 0 434363 83 0.03875899314880371
83 0 434446 83 0.03894448280334473
83 0 434529 83 0.03890633583068848
82 0 425950 82 0.037615060806274414
0 83 425950 2048 0.0801551342010498
0 83 427998 2048 0.09098339080810547
0 83 430046 2048 0.09587717056274414
0 84 432094 2048 0.09561371803283691
0 84 434142 2048 0.08623027801513672
0 84 436190 227 0.03186154365539551
84 0 436501 84 0.039407968521118164
84 0 436585 84 0.03909730911254883
84 0 436669 84 0.03905820846557617
84 0 436753 84 0.0390474796295166
84 0 436837 84 0.03905963897705078
84 0 436921 84 0.03907155990600586
84 0 437005 84 0.03906393051147461
83 0 430678 83 0.03904581069946289
0 84 430678 2048 0.0817105770111084
0 84 432726 2048 0.09099960327148438
0 85 434774 2048 0.08950138092041016
0 85 436822 445 0.04148387908935547
85 0 437352 85 0.0393674373626709
85 0 437437 85 0.03919792175292969
85 0 437522 85 0.03923344612121582
85 0 437607 85 0.03923201560974121
85 0 437692 85 0.03928327560424805
85 0 437777 85 0.03938913345336914
85 0 437862 85 0.039360761642456055
85 0 437947 85 0.03911709785461426
85 0 438032 85 0.03899574279785156
85 0 438117 85 0.03894758224487305
85 0 438202 85 0.03894329071044922
85 0 438287 85 0.03899192810058594
85 0 438372 85 0.039093017578125
85 0 438457 85 0.03907322883605957
85 0 438542 85 0.038988590240478516
85 0 438627 85 0.03903937339782715
85 0 438712 85 0.039029836654663086
85 0 438797 85 0.03903460502624512
85 0 438882 85 0.03902578353881836
85 0 438967 85 0.0390172004699707
85 0 439052 85 0.03900408744812012
85 0 439137 85 0.03911161422729492
85 0 439222 85 0.03925061225891113
85 0 439307 85 0.039057254791259766
84 0 431528 84 0.03718447685241699
0 85 431528 2048 0.08438611030578613
0 85 433576 2048 0.09156608581542969
0 86 435624 2048 0.09137511253356934
0 86 437672 671 0.046509742736816406
85 0 436109 85 0.03871011734008789
0 86 436109 2048 0.08334922790527344
0 85 428995 2048 0.09029412269592285
0 86 431043 2048 0.08847713470458984
0 86 433091 2048 0.08671855926513672
0 86 435139 2048 0.0925588607788086
0 86 437187 708 0.04915428161621094
85 0 436201 85 0.03994417190551758
85 0 436286 85 0.03900027275085449
85 0 436371 85 0.03895306587219238
85 0 436456 85 0.038944244384765625
85 0 436541 85 0.038960933685302734
85 0 436626 85 0.0389859676361084
85 0 436711 85 0.03902268409729004
85 0 436796 85 0.03901934623718262
85 0 436881 85 0.038788795471191406
85 0 436966 85 0.03871273994445801
85 0 437051 85 0.03874039649963379
85 0 437136 85 0.038779497146606445
85 0 437221 85 0.038770198822021484
85 0 437306 85 0.03872275352478027
85 0 437391 85 0.03873896598815918
85 0 437476 85 0.03878927230834961
85 0 437561 85 0.038782358169555664
85 0 437646 85 0.03881502151489258
85 0 437731 85 0.03875541687011719
85 0 437816 85 0.03878140449523926
85 0 437901 85 0.03882122039794922
85 0 437986 85 0.038828134536743164
85 0 438071 85 0.03878951072692871
85 0 438156 85 0.03877997398376465
85 0 438241 85 0.03879237174987793
85 0 438326 85 0.03886890411376953
85 0 438411 85 0.038843393325805664
85 0 438496 85 0.03881502151489258
85 0 438581 85 0.03887152671813965
85 0 438666 85 0.03885293006896973
85 0 438751 85 0.03886699676513672
85 0 438836 85 0.03885149955749512
85 0 438921 85 0.03881239891052246
84 0 436740 84 0.03902792930603027
84 0 436824 84 0.03908181190490723
83 0 432236 83 0.039090633392333984
0 84 432236 2048 0.08240962028503418
0 84 434284 2048 0.0907130241394043
0 84 436332 2048 0.09563159942626953
0 84 438380 1114 0.06298518180847168
84 0 439578 84 0.039020538330078125
84 0 439662 84 0.03789186477661133
84 0 439746 84 0.03778409957885742
84 0 439830 84 0.03780078887939453
84 0 439914 84 0.037714481353759766
84 0 439998 84 0.03771352767944336
84 0 440082 84 0.03778433799743652
84 0 440166 84 0.037775516510009766
84 0 440250 84 0.03763771057128906
84 0 440334 84 0.037618160247802734
84 0 440418 84 0.03760528564453125
84 0 440502 84 0.03757882118225098
84 0 440586 84 0.03760194778442383
84 0 440670 84 0.03761005401611328
83 0 432945 83 0.03919029235839844
83 0 433028 83 0.03919625282287598
83 0 433111 83 0.039166927337646484
83 0 433194 83 0.0391693115234375
83 0 433277 83 0.039217472076416016
83 0 433360 83 0.03924298286437988
83 0 433443 83 0.039221763610839844
83 0 433526 83 0.03920459747314453
83 0 433609 83 0.039197683334350586
83 0 433692 83 0.039232730865478516
83 0 433775 83 0.03924131393432617
83 0 433858 83 0.03922104835510254
83 0 433941 83 0.039227962493896484
83 0 434024 83 0.03924059867858887
83 0 434107 83 0.03928518295288086
83 0 434190 83 0.03928732872009277
83 0 434273 83 0.03923773765563965
83 0 434356 83 0.03922271728515625
83 0 434439 83 0.03923606872558594
83 0 434522 83 0.03923678398132324
83 0 434605 83 0.039238691329956055
83 0 434688 83 0.03933215141296387
83 0 434771 83 0.0393216609954834
83 0 434854 83 0.039327383041381836
83 0 434937 83 0.039295196533203125
82 0 430974 82 0.03928637504577637
0 83 430974 2048 0.08253622055053711
0 83 433022 2048 0.09074997901916504
0 83 435070 2048 0.09605002403259277
0 83 437118 1384 0.08122730255126953
83 0 438585 83 0.043093204498291016
83 0 438668 83 0.041811227798461914
83 0 438751 83 0.04155874252319336
83 0 438834 83 0.04153299331665039
83 0 438917 83 0.0413970947265625
83 0 439000 83 0.04153323173522949
83 0 439083 83 0.0413973331451416
83 0 439166 83 0.041580915451049805
83 0 439249 83 0.04138827323913574
83 0 439332 83 0.04134845733642578
83 0 439415 83 0.04135441780090332
83 0 439498 83 0.041211605072021484
83 0 439581 83 0.04133486747741699
83 0 439664 83 0.0414271354675293
83 0 439747 83 0.04142928123474121
83 0 439830 83 0.04141592979431152
83 0 439913 83 0.04138040542602539
82 0 431383 82 0.0402681827545166
0 83 431383 2048 0.08268570899963379
0 83 433431 2048 0.09109854698181152
0 83 435479 2048 0.09642720222473145
0 83 437527 2048 0.1015160083770752
0 83 439575 429 0.041243553161621094
83 0 440087 83 0.03915548324584961
83 0 440170 83 0.0387728214263916
82 0 438430 82 0.038788557052612305
82 0 438512 82 0.038785696029663086
82 0 438594 82 0.03881955146789551
82 0 438676 82 0.038770437240600586
82 0 438758 82 0.038707733154296875
82 0 438840 82 0.03867602348327637
82 0 438922 82 0.03859591484069824
82 0 439004 82 0.038602352142333984
82 0 439086 82 0.03862404823303223
82 0 439168 82 0.038683414459228516
82 0 439250 82 0.03861594200134277
82 0 439332 82 0.03859210014343262
82 0 439414 82 0.03853297233581543
82 0 439496 82 0.03862595558166504
82 0 439578 82 0.038680076599121094
82 0 439660 82 0.03866863250732422
82 0 439742 82 0.03863167762756348
81 0 431141 81 0.03850984573364258
0 81 423120 2047 0.08320212364196777
0 81 418908 2048 0.08851838111877441
0 81 420956 2048 0.08610200881958008
0 82 423004 2048 0.08856701850891113
0 82 425052 2048 0.08595561981201172
0 83 427100 2048 0.08967804908752441
0 83 429148 2048 0.08557605743408203
0 83 431196 2048 0.09215474128723145
0 82 427755 2048 0.09623360633850098
0 82 426000 2048 0.08907604217529297
0 83 428048 2048 0.08534431457519531
0 83 430096 2048 0.08971524238586426
0 83 432144 2048 0.09444355964660645
0 83 434192 1166 0.06363177299499512
83 0 435441 83 0.04190707206726074
83 0 435524 83 0.04074382781982422
83 0 435607 83 0.040436506271362305
83 0 435690 83 0.04047822952270508
83 0 435773 83 0.0404965877532959
83 0 435856 83 0.040593862533569336
83 0 435939 83 0.04059648513793945
83 0 436022 83 0.04060173034667969
83 0 436105 83 0.04039168357849121
83 0 436188 83 0.04031038284301758
82 0 431875 82 0.04052305221557617
82 0 431957 82 0.040590524673461914
82 0 432039 82 0.040557861328125
82 0 432121 82 0.04050874710083008
82 0 432203 82 0.040494441986083984
82 0 432285 82 0.040549516677856445
82 0 432367 82 0.04056525230407715
82 0 432449 82 0.04057168960571289
82 0 432531 82 0.040604352951049805
82 0 432613 82 0.04064798355102539
82 0 432695 82 0.040547847747802734
82 0 432777 82 0.040569305419921875
82 0 432859 82 0.04060935974121094
82 0 432941 82 0.0406949520111084
82 0 433023 82 0.040665626525878906
82 0 433105 82 0.04064345359802246
82 0 433187 82 0.04063534736633301
82 0 433269 82 0.040613651275634766
82 0 433351 82 0.04061698913574219
82 0 433433 82 0.04065346717834473
82 0 433515 82 0.04072856903076172
82 0 433597 82 0.040723562240600586
81 0 428512 81 0.03833293914794922
81 0 428593 81 0.03833580017089844
81 0 428674 81 0.03832554817199707
80 0 422756 80 0.03527426719665527
80 0 422836 80 0.03525543212890625
80 0 422916 80 0.03532075881958008
80 0 422996 80 0.03533148765563965
80 0 423076 80 0.03530144691467285
80 0 423156 80 0.035265207290649414
80 0 423236 80 0.0352635383605957
80 0 423316 80 0.03532266616821289
80 0 423396 80 0.03535819053649902
80 0 423476 80 0.03533053398132324
80 0 423556 80 0.03527641296386719
80 0 423636 80 0.035307884216308594
80 0 423716 80 0.035321950912475586
80 0 423796 80 0.03537130355834961
80 0 423876 80 0.03541970252990723
80 0 423956 80 0.035300254821777344
80 0 424036 80 0.03532528877258301
79 0 420415 79 0.035234689712524414
79 0 420494 79 0.035247802734375
79 0 420573 79 0.03525829315185547
79 0 420652 79 0.03520464897155762
79 0 420731 79 0.03515911102294922
78 0 416137 78 0.03346681594848633
78 0 416215 78 0.033513784408569336
78 0 416293 78 0.03354001045227051
78 0 416371 78 0.03351593017578125
78 0 416449 78 0.03349447250366211
78 0 416527 78 0.033509254455566406
78 0 416605 78 0.03355002403259277
78 0 416683 78 0.03355979919433594
78 0 416761 78 0.03359079360961914
78 0 416839 78 0.03348803520202637
77 0 409894 77 0.03578925132751465
77 0 409971 77 0.035799264907836914
77 0 410048 77 0.035869598388671875
77 0 410125 77 0.03583693504333496
77 0 410202 77 0.035805702209472656
77 0 410279 77 0.03576946258544922
76 0 401125 76 0.035410404205322266
76 0 401201 76 0.035469770431518555
76 0 401277 76 0.0354616641998291
76 0 401353 76 0.035428524017333984
76 0 401429 76 0.03542304039001465
76 0 401505 76 0.03540802001953125
76 0 401581 76 0.03545737266540527
76 0 401657 76 0.03548717498779297
76 0 401733 76 0.03547072410583496
76 0 401809 76 0.03543496131896973
76 0 401885 76 0.035445451736450195
76 0 401961 76 0.0355074405670166
76 0 402037 76 0.03550839424133301
76 0 402113 76 0.035486698150634766
76 0 402189 76 0.03544020652770996
76 0 402265 76 0.03547358512878418
75 0 397541 75 0.03387045860290527
75 0 397616 75 0.03392767906188965
75 0 397691 75 0.033899545669555664
75 0 397766 75 0.033838748931884766
75 0 397841 75 0.033832550048828125
74 0 388317 74 0.034271240234375
74 0 388391 74 0.03430938720703125
74 0 388465 74 0.034301042556762695
74 0 388539 74 0.034313201904296875
74 0 388613 74 0.03429126739501953
74 0 388687 74 0.03429388999938965
74 0 388761 74 0.034346580505371094
74 0 388835 74 0.034354209899902344
74 0 388909 74 0.03434181213378906
74 0 388983 74 0.03428316116333008
74 0 389057 74 0.03430962562561035
74 0 389131 74 0.03433728218078613
74 0 389205 74 0.03438830375671387
74 0 389279 74 0.03439521789550781
74 0 389353 74 0.03432798385620117
74 0 389427 74 0.034327030181884766
74 0 389501 74 0.0343477725982666
74 0 389575 74 0.034395694732666016
74 0 389649 74 0.03442096710205078
74 0 389723 74 0.034389495849609375
74 0 389797 74 0.034371137619018555
74 0 389871 74 0.03436899185180664
74 0 389945 74 0.03439450263977051
74 0 390019 74 0.034423112869262695
74 0 390093 74 0.03442263603210449
74 0 390167 74 0.03437089920043945
74 0 390241 74 0.03439593315124512
74 0 390315 74 0.034424781799316406
73 0 383664 73 0.034371376037597656
73 0 383737 73 0.03438901901245117
73 0 383810 73 0.034334421157836914
72 0 374017 72 0.03118133544921875
72 0 374089 72 0.031102657318115234
72 0 374161 72 0.031171083450317383
72 0 374233 72 0.03121209144592285
72 0 374305 72 0.0311887264251709
72 0 374377 72 0.0311431884765625
72 0 374449 72 0.03113389015197754
72 0 374521 72 0.031130313873291016
72 0 374593 72 0.03119063377380371
72 0 374665 72 0.03119206428527832
72 0 374737 72 0.0311739444732666
72 0 374809 72 0.031131744384765625
72 0 374881 72 0.031148433685302734
72 0 374953 72 0.031164169311523438
72 0 375025 72 0.031226158142089844
72 0 375097 72 0.03122401237487793
71 0 369736 71 0.03148055076599121
71 0 369807 71 0.03143954277038574
71 0 369878 71 0.03145551681518555
71 0 369949 71 0.031450748443603516
71 0 370020 71 0.03156161308288574
71 0 370091 71 0.03153562545776367
70 0 360812 70 0.02980947494506836
70 0 360882 70 0.029807090759277344
70 0 360952 70 0.029786109924316406
70 0 361022 70 0.0298459529876709
70 0 361092 70 0.029900789260864258
70 0 361162 70 0.029879093170166016
70 0 361232 70 0.029858112335205078
70 0 361302 70 0.029821157455444336
70 0 361372 70 0.02982497215270996
70 0 361442 70 0.029811859130859375
70 0 361512 70 0.02988743782043457
70 0 361582 70 0.02991795539855957
70 0 361652 70 0.0299074649810791
70 0 361722 70 0.029848814010620117
70 0 361792 70 0.029857635498046875
70 0 361862 70 0.029860258102416992
70 0 361932 70 0.029932737350463867
70 0 362002 70 0.029922962188720703
70 0 362072 70 0.029919147491455078
70 0 362142 70 0.02988910675048828
70 0 362212 70 0.0298919677734375
70 0 362282 70 0.029886245727539062
70 0 362352 70 0.02993154525756836
70 0 362422 70 0.029965639114379883
70 0 362492 70 0.0299837589263916
70 0 362562 70 0.029893159866333008
70 0 362632 70 0.02987837791442871
70 0 362702 70 0.029916763305664062
70 0 362772 70 0.029986143112182617
69 0 357330 69 0.030348777770996094
69 0 357399 69 0.030300140380859375
69 0 357468 69 0.030283212661743164
69 0 357537 69 0.030274152755737305
69 0 357606 69 0.0302431583404541
69 0 357675 69 0.030305862426757812
69 0 357744 69 0.030300617218017578
69 0 357813 69 0.030277013778686523
69 0 357882 69 0.03023076057434082
69 0 357951 69 0.030317306518554688
69 0 358020 69 0.030341148376464844
69 0 358089 69 0.03035902976989746
69 0 358158 69 0.030372142791748047
69 0 358227 69 0.030384302139282227
69 0 358296 69 0.030361413955688477
69 0 358365 69 0.03039240837097168
69 0 358434 69 0.030327320098876953
69 0 358503 69 0.030399322509765625
69 0 358572 69 0.030371665954589844
69 0 358641 69 0.030366897583007812
69 0 358710 69 0.030319690704345703
69 0 358779 69 0.030343294143676758
69 0 358848 69 0.030290603637695312
69 0 358917 69 0.030427217483520508
69 0 358986 69 0.0304410457611084
69 0 359055 69 0.030416488647460938
69 0 359124 69 0.03032684326171875
69 0 359193 69 0.030297040939331055
69 0 359262 69 0.030318737030029297
69 0 359331 69 0.03048110008239746
69 0 359400 69 0.03039860725402832
69 0 359469 69 0.030388593673706055
69 0 359538 69 0.03036189079284668
69 0 359607 69 0.030284404754638672
69 0 359676 69 0.030421018600463867
69 0 359745 69 0.030437946319580078
69 0 359814 69 0.030368328094482422
69 0 359883 69 0.030416011810302734
69 0 359952 69 0.030495405197143555
69 0 360021 69 0.03038191795349121
69 0 360090 69 0.030426025390625
69 0 360159 69 0.030409574508666992
69 0 360228 69 0.03045940399169922
69 0 360297 69 0.03045201301574707
69 0 360366 69 0.030401229858398438
69 0 360435 69 0.03036022186279297
69 0 360504 69 0.030428409576416016
69 0 360573 69 0.030444860458374023
68 0 357324 68 0.03064250946044922
68 0 357392 68 0.030626773834228516
68 0 357460 68 0.030593156814575195
68 0 357528 68 0.03056168556213379
67 0 350548 67 0.028528690338134766
66 0 346982 66 0.029824495315551758
66 0 347048 66 0.029830455780029297
66 0 347114 66 0.029886960983276367
66 0 347180 66 0.029860973358154297
66 0 347246 66 0.029839277267456055
66 0 347312 66 0.029850244522094727
66 0 347378 66 0.029867172241210938
66 0 347444 66 0.029874324798583984
66 0 347510 66 0.029883146286010742
66 0 347576 66 0.029869556427001953
66 0 347642 66 0.029859066009521484
66 0 347708 66 0.029839515686035156
66 0 347774 66 0.029856443405151367
66 0 347840 66 0.029913902282714844
66 0 347906 66 0.029891490936279297
66 0 347972 66 0.029895544052124023
66 0 348038 66 0.029856443405151367
66 0 348104 66 0.02986931800842285
66 0 348170 66 0.029885530471801758
66 0 348236 66 0.029924869537353516
66 0 348302 66 0.029926300048828125
66 0 348368 66 0.029913902282714844
66 0 348434 66 0.029893159866333008
66 0 348500 66 0.02988123893737793
66 0 348566 66 0.02989029884338379
66 0 348632 66 0.029915809631347656
66 0 348698 66 0.029935359954833984
66 0 348764 66 0.0299224853515625
66 0 348830 66 0.02988123893737793
66 0 348896 66 0.02988743782043457
66 0 348962 66 0.029893159866333008
65 0 341421 65 0.02942037582397461
65 0 341486 65 0.029438495635986328
65 0 341551 65 0.029425621032714844
65 0 341616 65 0.02937150001525879
65 0 341681 65 0.029381752014160156
65 0 341746 65 0.02936720848083496
65 0 341811 65 0.029406070709228516
65 0 341876 65 0.029420137405395508
65 0 341941 65 0.029420852661132812
65 0 342006 65 0.029427051544189453
64 0 339203 64 0.0277557373046875
64 0 339267 64 0.02771306037902832
64 0 339331 64 0.02772045135498047
64 0 339395 64 0.02777552604675293
64 0 339459 64 0.02778458595275879
64 0 339523 64 0.027782678604125977
64 0 339587 64 0.027723312377929688
64 0 339651 64 0.02771759033203125
64 0 339715 64 0.02772212028503418
64 0 339779 64 0.02779674530029297
64 0 339843 64 0.0278317928314209
64 0 339907 64 0.027808189392089844
64 0 339971 64 0.027774810791015625
64 0 340035 64 0.027756690979003906
64 0 340099 64 0.027759790420532227
64 0 340163 64 0.027768611907958984
64 0 340227 64 0.027820587158203125
63 0 337462 63 0.027089595794677734
63 0 337525 63 0.027089834213256836
63 0 337588 63 0.027013301849365234
63 0 337651 63 0.0269925594329834
63 0 337714 63 0.027025938034057617
63 0 337777 63 0.02705550193786621
63 0 337840 63 0.027068614959716797
63 0 337903 63 0.027095556259155273
63 0 337966 63 0.027094125747680664
63 0 338029 63 0.0270693302154541
63 0 338092 63 0.027039766311645508
63 0 338155 63 0.027066469192504883
63 0 338218 63 0.02713799476623535
63 0 338281 63 0.02710700035095215
63 0 338344 63 0.027124881744384766
63 0 338407 63 0.027103424072265625
63 0 338470 63 0.027100324630737305
63 0 338533 63 0.02709174156188965
63 0 338596 63 0.027086973190307617
63 0 338659 63 0.027167558670043945
63 0 338722 63 0.02714705467224121
63 0 338785 63 0.02715301513671875
63 0 338848 63 0.027092695236206055
63 0 338911 63 0.027091264724731445
63 0 338974 63 0.027133703231811523
63 0 339037 63 0.027171611785888672
63 0 339100 63 0.02718520164489746
63 0 339163 63 0.02717447280883789
63 0 339226 63 0.027982711791992188
63 0 339289 63 0.02792811393737793
63 0 339352 63 0.02790045738220215
63 0 339415 63 0.02791619300842285
63 0 339478 63 0.02798318862915039
62 0 332021 62 0.0278472900390625
62 0 332083 62 0.02785468101501465
62 0 332145 62 0.027810096740722656
62 0 332207 62 0.027774333953857422
62 0 332269 62 0.02780771255493164
62 0 332331 62 0.02779531478881836
62 0 332393 62 0.02785325050354004
62 0 332455 62 0.027866363525390625
62 0 332517 62 0.02783823013305664
62 0 332579 62 0.027797698974609375
62 0 332641 62 0.027795076370239258
62 0 332703 62 0.027800321578979492
62 0 332765 62 0.02782917022705078
62 0 332827 62 0.027838945388793945
62 0 332889 62 0.027892589569091797
62 0 332951 62 0.027904510498046875
62 0 333013 62 0.027896642684936523
61 0 325167 61 0.027801990509033203
61 0 325228 61 0.027814865112304688
61 0 325289 61 0.02786087989807129
61 0 325350 61 0.0278470516204834
61 0 325411 61 0.027857542037963867
61 0 325472 61 0.027807235717773438
61 0 325533 61 0.02778792381286621
61 0 325594 61 0.02781844139099121
61 0 325655 61 0.027831315994262695
61 0 325716 61 0.027863740921020508
61 0 325777 61 0.027845382690429688
61 0 325838 61 0.027857303619384766
61 0 325899 61 0.027785301208496094
61 0 325960 61 0.02785468101501465
61 0 326021 61 0.02783489227294922
61 0 326082 61 0.027923107147216797
60 0 318231 60 0.027367830276489258
60 0 318291 60 0.02740001678466797
60 0 318351 60 0.027345657348632812
60 0 318411 60 0.0273435115814209
60 0 318471 60 0.027350664138793945
60 0 318531 60 0.027376890182495117
60 0 318591 60 0.027418851852416992
60 0 318651 60 0.027395963668823242
60 0 318711 60 0.027413368225097656
60 0 318771 60 0.027376413345336914
60 0 318831 60 0.027374744415283203
60 0 318891 60 0.027383089065551758
59 0 311328 59 0.0263674259185791
59 0 311387 59 0.026390790939331055
59 0 311446 59 0.026399612426757812
59 0 311505 59 0.026367902755737305
59 0 311564 59 0.026333332061767578
59 0 311623 59 0.026337623596191406
59 0 311682 59 0.026353836059570312
59 0 311741 59 0.026412487030029297
59 0 311800 59 0.026401519775390625
59 0 311859 59 0.02644181251525879
59 0 311918 59 0.02638554573059082
59 0 311977 59 0.026387453079223633
59 0 312036 59 0.026350975036621094
59 0 312095 59 0.02637338638305664
59 0 312154 59 0.02641010284423828
59 0 312213 59 0.026453495025634766
59 0 312272 59 0.026410818099975586
59 0 312331 59 0.026401519775390625
59 0 312390 59 0.026352405548095703
59 0 312449 59 0.026352405548095703
58 0 306129 58 0.02667379379272461
58 0 306187 58 0.026726722717285156
58 0 306245 58 0.02670431137084961
58 0 306303 58 0.02671027183532715
58 0 306361 58 0.026686906814575195
58 0 306419 58 0.02665877342224121
58 0 306477 58 0.026681184768676758
58 0 306535 58 0.02682638168334961
57 0 301815 57 0.02718353271484375
57 0 301872 57 0.026662588119506836
57 0 301929 57 0.026678085327148438
57 0 301986 57 0.026473045349121094
57 0 302043 57 0.026431798934936523
57 0 302100 57 0.026421785354614258
57 0 302157 57 0.02642989158630371
57 0 302214 57 0.026443958282470703
57 0 302271 57 0.02643442153930664
57 0 302328 57 0.0264432430267334
57 0 302385 57 0.026435136795043945
57 0 302442 57 0.026441335678100586
57 0 302499 57 0.02643871307373047
57 0 302556 57 0.026365995407104492
57 0 302613 57 0.026381492614746094
57 0 302670 57 0.02639031410217285
57 0 302727 57 0.026381731033325195
57 0 302784 57 0.026365280151367188
57 0 302841 57 0.02634119987487793
57 0 302898 57 0.02638721466064453
57 0 302955 57 0.02637028694152832
56 0 298684 56 0.025691509246826172
56 0 298740 56 0.025564193725585938
56 0 298796 56 0.025603771209716797
56 0 298852 56 0.025517702102661133
56 0 298908 56 0.025516271591186523
56 0 298964 56 0.025527477264404297
55 0 296458 55 0.02553868293762207
55 0 296513 55 0.02562737464904785
55 0 296568 55 0.025586843490600586
55 0 296623 55 0.025589466094970703
55 0 296678 55 0.025548219680786133
55 0 296733 55 0.025527000427246094
55 0 296788 55 0.025528669357299805
55 0 296843 55 0.025571346282958984
55 0 296898 55 0.02558302879333496
55 0 296953 55 0.025641441345214844
55 0 297008 55 0.02564239501953125
55 0 297063 55 0.02558612823486328
55 0 297118 55 0.02558422088623047
55 0 297173 55 0.025598764419555664
55 0 297228 55 0.025602340698242188
55 0 297283 55 0.02563643455505371
55 0 297338 55 0.02563333511352539
55 0 297393 55 0.02569293975830078
55 0 297448 55 0.02563333511352539
55 0 297503 55 0.025627851486206055
55 0 297558 55 0.025618553161621094
55 0 297613 55 0.02563786506652832
55 0 297668 55 0.025702476501464844
55 0 297723 55 0.025676965713500977
55 0 297778 55 0.025649547576904297
55 0 297833 55 0.025655508041381836
55 0 297888 55 0.025667190551757812
55 0 297943 55 0.0256350040435791
55 0 297998 55 0.02567005157470703
55 0 298053 55 0.02572464942932129
55 0 298108 55 0.025686025619506836
55 0 298163 55 0.025684595108032227
55 0 298218 55 0.02568221092224121
55 0 298273 55 0.025693655014038086
55 0 298328 55 0.02570962905883789
55 0 298383 55 0.025679349899291992
55 0 298438 55 0.025740385055541992
54 0 291393 54 0.024428844451904297
54 0 291447 54 0.0244290828704834
54 0 291501 54 0.02442765235900879
54 0 291555 54 0.02437758445739746
54 0 291609 54 0.02438950538635254
54 0 291663 54 0.024378299713134766
53 0 286002 53 0.024192094802856445
53 0 286055 53 0.024204015731811523
53 0 286108 53 0.02419734001159668
53 0 286161 53 0.024245738983154297
53 0 286214 53 0.024187326431274414
53 0 286267 53 0.02421259880065918
53 0 286320 53 0.02420830726623535
53 0 286373 53 0.024204492568969727
53 0 286426 53 0.024265050888061523
53 0 286479 53 0.02423691749572754
53 0 286532 53 0.024238109588623047
53 0 286585 53 0.02423572540283203
53 0 286638 53 0.024198293685913086
53 0 286691 53 0.024220705032348633
53 0 286744 53 0.024216651916503906
53 0 286797 53 0.024225711822509766
53 0 286850 53 0.02426314353942871
53 0 286903 53 0.024251937866210938
53 0 286956 53 0.02424454689025879
53 0 287009 53 0.024232864379882812
53 0 287062 53 0.024259328842163086
53 0 287115 53 0.024245023727416992
53 0 287168 53 0.024236440658569336
53 0 287221 53 0.024283409118652344
53 0 287274 53 0.02430105209350586
53 0 287327 53 0.024302959442138672
53 0 287380 53 0.024291515350341797
53 0 287433 53 0.024234771728515625
53 0 287486 53 0.024240970611572266
53 0 287539 53 0.02423882484436035
53 0 287592 53 0.024272918701171875
53 0 287645 53 0.024303913116455078
53 0 287698 53 0.024286985397338867
53 0 287751 53 0.02431631088256836
53 0 287804 53 0.024245262145996094
53 0 287857 53 0.024282217025756836
53 0 287910 53 0.024286746978759766
53 0 287963 53 0.024296045303344727
53 0 288016 53 0.024335861206054688
53 0 288069 53 0.024329423904418945
53 0 288122 53 0.02432703971862793
53 0 288175 53 0.024323225021362305
53 0 288228 53 0.024293184280395508
53 0 288281 53 0.02426743507385254
53 0 288334 53 0.024272680282592773
53 0 288387 53 0.0243222713470459
53 0 288440 53 0.02431201934814453
53 0 288493 53 0.024349212646484375
53 0 288546 53 0.02432560920715332
53 0 288599 53 0.024272918701171875
53 0 288652 53 0.024253368377685547
53 0 288705 53 0.02432537078857422
53 0 288758 53 0.024323225021362305
53 0 288811 53 0.024384021759033203
52 0 280307 52 0.024024486541748047
52 0 280359 52 0.024042606353759766
52 0 280411 52 0.02400350570678711
52 0 280463 52 0.023964881896972656
52 0 280515 52 0.023970842361450195
52 0 280567 52 0.02397918701171875
52 0 280619 52 0.024011611938476562
52 0 280671 52 0.02402472496032715
52 0 280723 52 0.02403998374938965
52 0 280775 52 0.024062156677246094
52 0 280827 52 0.02404332160949707
52 0 280879 52 0.024014711380004883
52 0 280931 52 0.024016380310058594
52 0 280983 52 0.024027109146118164
52 0 281035 52 0.024047136306762695
52 0 281087 52 0.02404308319091797
52 0 281139 52 0.024088382720947266
52 0 281191 52 0.024078369140625
52 0 281243 52 0.024052143096923828
51 0 277933 51 0.0235288143157959
51 0 277984 51 0.0235440731048584
51 0 278035 51 0.02355337142944336
50 0 275474 50 0.02332305908203125
50 0 275524 50 0.023318767547607422
50 0 275574 50 0.02333521842956543
50 0 275624 50 0.02331399917602539
50 0 275674 50 0.023352384567260742
50 0 275724 50 0.02331995964050293
50 0 275774 50 0.023343324661254883
50 0 275824 50 0.02336287498474121
50 0 275874 50 0.023366689682006836
50 0 275924 50 0.023364782333374023
50 0 275974 50 0.02337360382080078
50 0 276024 50 0.023335695266723633
50 0 276074 50 0.023326396942138672
50 0 276124 50 0.023328304290771484
50 0 276174 50 0.023331403732299805
50 0 276224 50 0.023372888565063477
49 0 272995 49 0.023837804794311523
49 0 273044 49 0.023882150650024414
49 0 273093 49 0.023834705352783203
48 0 264084 48 0.022377729415893555
48 0 264132 48 0.022319316864013672
48 0 264180 48 0.022344589233398438
48 0 264228 48 0.022341012954711914
48 0 264276 48 0.022377729415893555
48 0 264324 48 0.022364139556884766
48 0 264372 48 0.022373199462890625
48 0 264420 48 0.02237415313720703
48 0 264468 48 0.022324800491333008
48 0 264516 48 0.02235722541809082
48 0 264564 48 0.02234649658203125
48 0 264612 48 0.02232050895690918
48 0 264660 48 0.02237987518310547
48 0 264708 48 0.022386789321899414
48 0 264756 48 0.022377490997314453
48 0 264804 48 0.02237248420715332
48 0 264852 48 0.02235722541809082
48 0 264900 48 0.022324562072753906
48 0 264948 48 0.022393226623535156
48 0 264996 48 0.02251434326171875
48 0 265044 48 0.022418498992919922
48 0 265092 48 0.022433757781982422
48 0 265140 48 0.022405385971069336
48 0 265188 48 0.02240443229675293
48 0 265236 48 0.022381067276000977
48 0 265284 48 0.022370338439941406
48 0 265332 48 0.02238631248474121
48 0 265380 48 0.02236485481262207
48 0 265428 48 0.022402524948120117
48 0 265476 48 0.022423982620239258
48 0 265524 48 0.022429943084716797
48 0 265572 48 0.02240896224975586
48 0 265620 48 0.022357702255249023
48 0 265668 48 0.0223543643951416
48 0 265716 48 0.02242279052734375
48 0 265764 48 0.022410869598388672
48 0 265812 48 0.02245020866394043
48 0 265860 48 0.022436857223510742
48 0 265908 48 0.022457122802734375
48 0 265956 48 0.022468090057373047
48 0 266004 48 0.02241063117980957
48 0 266052 48 0.02241659164428711
48 0 266100 48 0.02241659164428711
48 0 266148 48 0.022403955459594727
48 0 266196 48 0.022430896759033203
48 0 266244 48 0.02245163917541504
48 0 266292 48 0.022442102432250977
48 0 266340 48 0.02245306968688965
48 0 266388 48 0.02242445945739746
48 0 266436 48 0.022409915924072266
48 0 266484 48 0.02246546745300293
48 0 266532 48 0.022448062896728516
47 0 261220 47 0.02238941192626953
47 0 261267 47 0.02237391471862793
47 0 261314 47 0.022398948669433594
47 0 261361 47 0.022402524948120117
47 0 261408 47 0.02234172821044922
47 0 261455 47 0.022334814071655273
47 0 261502 47 0.022345304489135742
47 0 261549 47 0.022330522537231445
47 0 261596 47 0.02238297462463379
47 0 261643 47 0.022382497787475586
46 0 259704 46 0.022359371185302734
46 0 259750 46 0.022354841232299805
45 0 253720 45 0.022062063217163086
45 0 253765 45 0.02203679084777832
45 0 253810 45 0.02204442024230957
45 0 253855 45 0.022032499313354492
45 0 253900 45 0.022078990936279297
45 0 253945 45 0.022080421447753906
45 0 253990 45 0.02207779884338379
45 0 254035 45 0.022175312042236328
45 0 254080 45 0.022098064422607422
45 0 254125 45 0.02208733558654785
45 0 254170 45 0.022080421447753906
45 0 254215 45 0.022072553634643555
45 0 254260 45 0.022097110748291016
44 0 246827 44 0.021641254425048828
44 0 246871 44 0.021632909774780273
43 0 238221 43 0.021436452865600586
43 0 238264 43 0.021413803100585938
43 0 238307 43 0.02138066291809082
43 0 238350 43 0.021384239196777344
43 0 238393 43 0.021369457244873047
43 0 238436 43 0.02142786979675293
43 0 238479 43 0.021465301513671875
43 0 238522 43 0.021459102630615234
43 0 238565 43 0.021450042724609375
43 0 238608 43 0.02146601676940918
43 0 238651 43 0.021435022354125977
43 0 238694 43 0.021416902542114258
43 0 238737 43 0.02144026756286621
43 0 238780 43 0.0214078426361084
43 0 238823 43 0.02143383026123047
43 0 238866 43 0.021457672119140625
43 0 238909 43 0.021442174911499023
43 0 238952 43 0.021454811096191406
43 0 238995 43 0.021462678909301758
43 0 239038 43 0.021410226821899414
43 0 239081 43 0.021422386169433594
43 0 239124 43 0.02140498161315918
43 0 239167 43 0.021416187286376953
43 0 239210 43 0.021431684494018555
43 0 239253 43 0.021462202072143555
43 0 239296 43 0.02145838737487793
43 0 239339 43 0.02144622802734375
43 0 239382 43 0.021438121795654297
43 0 239425 43 0.021401405334472656
43 0 239468 43 0.021452903747558594
43 0 239511 43 0.021453857421875
43 0 239554 43 0.021466732025146484
43 0 239597 43 0.021507978439331055
43 0 239640 43 0.02150440216064453
43 0 239683 43 0.02150440216064453
43 0 239726 43 0.021483182907104492
43 0 239769 43 0.02145218849182129
43 0 239812 43 0.021467208862304688
43 0 239855 43 0.02145242691040039
43 0 239898 43 0.021452665328979492
43 0 239941 43 0.021500825881958008
43 0 239984 43 0.02150416374206543
43 0 240027 43 0.021482229232788086
43 0 240070 43 0.021517038345336914
43 0 240113 43 0.02145838737487793
42 0 234327 42 0.021342039108276367
42 0 234369 42 0.02132558822631836
42 0 234411 42 0.021348237991333008
42 0 234453 42 0.021347761154174805
41 0 228965 41 0.02090740203857422
41 0 229006 41 0.02091383934020996
41 0 229047 41 0.020923137664794922
41 0 229088 41 0.02089238166809082
40 0 227013 40 0.019618511199951172
40 0 227053 40 0.01949930191040039
40 0 227093 40 0.019507169723510742
40 0 227133 40 0.019502878189086914
40 0 227173 40 0.01950693130493164
40 0 227213 40 0.01953434944152832
40 0 227253 40 0.019579648971557617
40 0 227293 40 0.01956319808959961
40 0 227333 40 0.01959228515625
40 0 227373 40 0.019529342651367188
40 0 227413 40 0.019542694091796875
40 0 227453 40 0.019536256790161133
40 0 227493 40 0.019537925720214844
40 0 227533 40 0.019556045532226562
40 0 227573 40 0.019573211669921875
40 0 227613 40 0.019555330276489258
40 0 227653 40 0.019582509994506836
40 0 227693 40 0.01957106590270996
40 0 227733 40 0.019527196884155273
40 0 227773 40 0.01952672004699707
40 0 227813 40 0.019550323486328125
40 0 227853 40 0.019514083862304688
40 0 227893 40 0.01958322525024414
40 0 227933 40 0.019619226455688477
40 0 227973 40 0.01961350440979004
40 0 228013 40 0.019614219665527344
40 0 228053 40 0.01963067054748535
39 0 220232 39 0.019320249557495117
39 0 220271 39 0.019298791885375977
39 0 220310 39 0.019299030303955078
39 0 220349 39 0.01928567886352539
39 0 220388 39 0.019301414489746094
39 0 220427 39 0.019317626953125
39 0 220466 39 0.019329071044921875
39 0 220505 39 0.01933121681213379
39 0 220544 39 0.019338607788085938
39 0 220583 39 0.019343852996826172
39 0 220622 39 0.01927781105041504
39 0 220661 39 0.019295930862426758
39 0 220700 39 0.019292831420898438
39 0 220739 39 0.019289493560791016
39 0 220778 39 0.01936030387878418
39 0 220817 39 0.01937556266784668
39 0 220856 39 0.01936936378479004
39 0 220895 39 0.019370555877685547
39 0 220934 39 0.019382238388061523
39 0 220973 39 0.01933431625366211
39 0 221012 39 0.019327402114868164
39 0 221051 39 0.019315481185913086
39 0 221090 39 0.019348859786987305
39 0 221129 39 0.0193326473236084
39 0 221168 39 0.01937699317932129
39 0 221207 39 0.01937246322631836
39 0 221246 39 0.01937389373779297
39 0 221285 39 0.01937389373779297
38 0 212057 38 0.01877117156982422
37 0 204134 37 0.018179655075073242
37 0 204171 37 0.018191814422607422
36 0 200217 36 0.018107175827026367
36 0 200253 36 0.01811361312866211
36 0 200289 36 0.018135547637939453
36 0 200325 36 0.018165111541748047
36 0 200361 36 0.018160581588745117
35 0 197018 35 0.0181429386138916
35 0 197053 35 0.01817154884338379
35 0 197088 35 0.018099546432495117
34 0 192212 34 0.018103599548339844
34 0 192246 34 0.01810312271118164
34 0 192280 34 0.01811695098876953
34 0 192314 34 0.018108367919921875
34 0 192348 34 0.018150806427001953
34 0 192382 34 0.01815319061279297
34 0 192416 34 0.018154382705688477
34 0 192450 34 0.018153667449951172
34 0 192484 34 0.01814556121826172
34 0 192518 34 0.018135547637939453
34 0 192552 34 0.018191099166870117
34 0 192586 34 0.01818108558654785
34 0 192620 34 0.01819157600402832
34 0 192654 34 0.01817154884338379
34 0 192688 34 0.018140554428100586
34 0 192722 34 0.018146276473999023
34 0 192756 34 0.018131256103515625
34 0 192790 34 0.018126726150512695
34 0 192824 34 0.018137216567993164
34 0 192858 34 0.018164873123168945
34 0 192892 34 0.018175840377807617
34 0 192926 34 0.018165111541748047
34 0 192960 34 0.01817774772644043
34 0 192994 34 0.018178701400756836
34 0 193028 34 0.018143177032470703
34 0 193062 34 0.018123388290405273
34 0 193096 34 0.018128633499145508
33 0 187114 33 0.018064498901367188
33 0 187147 33 0.018110275268554688
33 0 187180 33 0.018126487731933594
33 0 187213 33 0.018128633499145508
32 0 182466 32 0.017195940017700195
32 0 182498 32 0.017102956771850586
31 0 177300 31 0.016872882843017578
31 0 177331 31 0.016753673553466797
31 0 177362 31 0.016828536987304688
31 0 177393 31 0.0167696475982666
31 0 177424 31 0.01678776741027832
31 0 177455 31 0.016833066940307617
31 0 177486 31 0.016820669174194336
31 0 177517 31 0.016836166381835938
31 0 177548 31 0.016767501831054688
31 0 177579 31 0.016832351684570312
31 0 177610 31 0.01684713363647461
31 0 177641 31 0.016830921173095703
31 0 177672 31 0.01686882972717285
31 0 177703 31 0.016818761825561523
31 0 177734 31 0.016788721084594727
31 0 177765 31 0.016800403594970703
31 0 177796 31 0.01686835289001465
31 0 177827 31 0.016787290573120117
31 0 177858 31 0.0168306827545166
31 0 177889 31 0.01685023307800293
31 0 177920 31 0.016829490661621094
31 0 177951 31 0.01682567596435547
31 0 177982 31 0.016840457916259766
31 0 178013 31 0.016791582107543945
31 0 178044 31 0.016870498657226562
31 0 178075 31 0.01687169075012207
31 0 178106 31 0.016820669174194336
31 0 178137 31 0.016849517822265625
31 0 178168 31 0.016837358474731445
31 0 178199 31 0.01684713363647461
31 0 178230 31 0.016820192337036133
31 0 178261 31 0.016773462295532227
31 0 178292 31 0.016828536987304688
31 0 178323 31 0.01684880256652832
31 0 178354 31 0.016828536987304688
31 0 178385 31 0.016879558563232422
31 0 178416 31 0.016879558563232422
31 0 178447 31 0.0168609619140625
31 0 178478 31 0.016843795776367188
30 0 174569 30 0.0165255069732666
30 0 174599 30 0.016516685485839844
30 0 174629 30 0.016536712646484375
30 0 174659 30 0.016530275344848633
30 0 174689 30 0.01652359962463379
30 0 174719 30 0.01654815673828125
30 0 174749 30 0.016547441482543945
30 0 174779 30 0.01651477813720703
30 0 174809 30 0.01649641990661621
30 0 174839 30 0.016497135162353516
30 0 174869 30 0.016527891159057617
30 0 174899 30 0.016483783721923828
30 0 174929 30 0.016530513763427734
30 0 174959 30 0.016530275344848633
30 0 174989 30 0.01651597023010254
30 0 175019 30 0.016498565673828125
30 0 175049 30 0.016536235809326172
30 0 175079 30 0.01654982566833496
30 0 175109 30 0.016562223434448242
30 0 175139 30 0.0165555477142334
30 0 175169 30 0.016525745391845703
30 0 175199 30 0.016535520553588867
30 0 175229 30 0.016533613204956055
30 0 175259 30 0.016478300094604492
30 0 175289 30 0.01647806167602539
30 0 175319 30 0.016527652740478516
30 0 175349 30 0.016478300094604492
30 0 175379 30 0.016538381576538086
30 0 175409 30 0.01649785041809082
30 0 175439 30 0.016555309295654297
30 0 175469 30 0.016509294509887695
30 0 175499 30 0.01658940315246582
30 0 175529 30 0.016598939895629883
30 0 175559 30 0.01652693748474121
30 0 175589 30 0.016555309295654297
30 0 175619 30 0.016593456268310547
30 0 175649 30 0.01657390594482422
30 0 175679 30 0.01652050018310547
30 0 175709 30 0.016577482223510742
30 0 175739 30 0.01660299301147461
30 0 175769 30 0.01659250259399414
30 0 175799 30 0.016593456268310547
30 0 175829 30 0.01661372184753418
30 0 175859 30 0.016576766967773438
30 0 175889 30 0.016564607620239258
30 0 175919 30 0.01656818389892578
30 0 175949 30 0.016574859619140625
30 0 175979 30 0.01653432846069336
30 0 176009 30 0.01657390594482422
30 0 176039 30 0.016597509384155273
30 0 176069 30 0.016593456268310547
30 0 176099 30 0.01659369468688965
30 0 176129 30 0.016596555709838867
30 0 176159 30 0.016585588455200195
30 0 176189 30 0.01654505729675293
30 0 176219 30 0.016560792922973633
30 0 176249 30 0.016573667526245117
30 0 176279 30 0.016570568084716797
30 0 176309 30 0.01656508445739746
30 0 176339 30 0.016537904739379883
30 0 176369 30 0.016579627990722656
30 0 176399 30 0.016626834869384766
30 0 176429 30 0.016591310501098633
30 0 176459 30 0.01667618751525879
30 0 176489 30 0.016744375228881836
30 0 176519 30 0.01657700538635254
30 0 176549 30 0.01655435562133789
30 0 176579 30 0.016588687896728516
30 0 176609 30 0.016570568084716797
30 0 176639 30 0.016592979431152344
30 0 176669 30 0.01656627655029297
30 0 176699 30 0.016632080078125
30 0 176729 30 0.01663517951965332
30 0 176759 30 0.016629934310913086
30 0 176789 30 0.016633987426757812
30 0 176819 30 0.016620159149169922
30 0 176849 30 0.01664876937866211
30 0 176879 30 0.0166015625
30 0 176909 30 0.016556501388549805
29 0 171616 29 0.016278743743896484
29 0 171645 29 0.016263246536254883
29 0 171674 29 0.01626276969909668
28 0 166079 28 0.01620626449584961
28 0 166107 28 0.016199350357055664
28 0 166135 28 0.016232728958129883
28 0 166163 28 0.016176223754882812
28 0 166191 28 0.016219139099121094
28 0 166219 28 0.016213178634643555
28 0 166247 28 0.01616072654724121
28 0 166275 28 0.016210556030273438
28 0 166303 28 0.01619887351989746
28 0 166331 28 0.01620197296142578
28 0 166359 28 0.01619577407836914
28 0 166387 28 0.01618361473083496
28 0 166415 28 0.01623058319091797
27 0 162309 27 0.016119956970214844
27 0 162336 27 0.016153335571289062
27 0 162363 27 0.016173124313354492
27 0 162390 27 0.01612234115600586
27 0 162417 27 0.01615285873413086
26 0 156039 26 0.015590429306030273
26 0 156065 26 0.015661001205444336
26 0 156091 26 0.01566481590270996
26 0 156117 26 0.01567220687866211
26 0 156143 26 0.015627145767211914
26 0 156169 26 0.015726804733276367
26 0 156195 26 0.015713930130004883
26 0 156221 26 0.015735864639282227
26 0 156247 26 0.015729427337646484
26 0 156273 26 0.01571822166442871
26 0 156299 26 0.015702247619628906
26 0 156325 26 0.015647411346435547
26 0 156351 26 0.015621185302734375
26 0 156377 26 0.015697002410888672
26 0 156403 26 0.015686750411987305
26 0 156429 26 0.015683412551879883
26 0 156455 26 0.015671730041503906
26 0 156481 26 0.015732288360595703
26 0 156507 26 0.015680789947509766
26 0 156533 26 0.015728235244750977
26 0 156559 26 0.0157015323638916
26 0 156585 26 0.01574420928955078
26 0 156611 26 0.01565098762512207
26 0 156637 26 0.01569819450378418
26 0 156663 26 0.01563239097595215
26 0 156689 26 0.01569819450378418
26 0 156715 26 0.01564931869506836
26 0 156741 26 0.015636205673217773
26 0 156767 26 0.01572561264038086
26 0 156793 26 0.015726566314697266
26 0 156819 26 0.01566457748413086
26 0 156845 26 0.015687942504882812
26 0 156871 26 0.015735626220703125
26 0 156897 26 0.01571369171142578
26 0 156923 26 0.015668869018554688
26 0 156949 26 0.015705108642578125
26 0 156975 26 0.0157015323638916
25 0 152675 25 0.015651702880859375
25 0 152700 25 0.015602350234985352
25 0 152725 25 0.015607357025146484
25 0 152750 25 0.015686750411987305
25 0 152775 25 0.015617132186889648
25 0 152800 25 0.015681028366088867
25 0 152825 25 0.015683650970458984
25 0 152850 25 0.015670061111450195
25 0 152875 25 0.01563239097595215
25 0 152900 25 0.015696048736572266
25 0 152925 25 0.01561880111694336
25 0 152950 25 0.015674352645874023
25 0 152975 25 0.015698671340942383
25 0 153000 25 0.015625
25 0 153025 25 0.0157015323638916
25 0 153050 25 0.01567697525024414
25 0 153075 25 0.01565384864807129
25 0 153100 25 0.015714406967163086
25 0 153125 25 0.015713930130004883
25 0 153150 25 0.01564645767211914
25 0 153175 25 0.01563882827758789
25 0 153200 25 0.015741348266601562
25 0 153225 25 0.01571512222290039
25 0 153250 25 0.015650272369384766
25 0 153275 25 0.015723705291748047
24 0 144653 24 0.014722108840942383
24 0 144677 24 0.014618873596191406
24 0 144701 24 0.014626502990722656
24 0 144725 24 0.014609336853027344
24 0 144749 24 0.014615058898925781
24 0 144773 24 0.014619112014770508
24 0 144797 24 0.014630317687988281
24 0 144821 24 0.014658451080322266
24 0 144845 24 0.014640331268310547
23 0 142570 23 0.014554500579833984
23 0 142593 23 0.01448512077331543
23 0 142616 23 0.014474868774414062
23 0 142639 23 0.014507770538330078
23 0 142662 23 0.014485597610473633
23 0 142685 23 0.014470100402832031
23 0 142708 23 0.014472007751464844
23 0 142731 23 0.01447296142578125
23 0 142754 23 0.01448369026184082
23 0 142777 23 0.014469146728515625
23 0 142800 23 0.014468193054199219
23 0 142823 23 0.014480829238891602
23 0 142846 23 0.014473199844360352
23 0 142869 23 0.014504671096801758
23 0 142892 23 0.014513015747070312
23 0 142915 23 0.014479875564575195
23 0 142938 23 0.014475345611572266
23 0 142961 23 0.014466047286987305
23 0 142984 23 0.014491796493530273
23 0 143007 23 0.014517545700073242
23 0 143030 23 0.014471769332885742
23 0 143053 23 0.014486551284790039
23 0 143076 23 0.014532327651977539
23 0 143099 23 0.014540910720825195
23 0 143122 23 0.014523506164550781
23 0 143145 23 0.014467239379882812
22 0 134648 22 0.014150619506835938
22 0 134670 22 0.014137029647827148
22 0 134692 22 0.014180898666381836
22 0 134714 22 0.014135360717773438
21 0 132084 21 0.014110803604125977
21 0 132105 21 0.014094829559326172
21 0 132126 21 0.014154434204101562
21 0 132147 21 0.014107942581176758
21 0 132168 21 0.014095544815063477
21 0 132189 21 0.014143705368041992
21 0 132210 21 0.014093160629272461
21 0 132231 21 0.014096498489379883
21 0 132252 21 0.014099597930908203
21 0 132273 21 0.014090538024902344
21 0 132294 21 0.014089345932006836
21 0 132315 21 0.014099836349487305
21 0 132336 21 0.014093875885009766
21 0 132357 21 0.014087677001953125
21 0 132378 21 0.014091968536376953
20 0 124516 20 0.013789892196655273
19 0 115245 19 0.013269186019897461
18 0 108803 18 0.012965202331542969
18 0 108821 18 0.012960672378540039
18 0 108839 18 0.012952804565429688
18 0 108857 18 0.012975931167602539
18 0 108875 18 0.012999534606933594
18 0 108893 18 0.013000249862670898
18 0 108911 18 0.013003349304199219
18 0 108929 18 0.012959003448486328
18 0 108947 18 0.012970924377441406
18 0 108965 18 0.012979984283447266
18 0 108983 18 0.012961626052856445
18 0 109001 18 0.01301431655883789
18 0 109019 18 0.012958288192749023
18 0 109037 18 0.012972593307495117
18 0 109055 18 0.012950658798217773
18 0 109073 18 0.012957572937011719
18 0 109091 18 0.012958765029907227
18 0 109109 18 0.01296854019165039
18 0 109127 18 0.01296544075012207
18 0 109145 18 0.012960433959960938
17 0 101915 17 0.01273202896118164
17 0 101932 17 0.012712478637695312
16 0 98143 16 0.012140750885009766
16 0 98159 16 0.012000083923339844
16 0 98175 16 0.011953353881835938
16 0 98191 16 0.011950254440307617
16 0 98207 16 0.012022256851196289
16 0 98223 16 0.011986017227172852
16 0 98239 16 0.011978387832641602
16 0 98255 16 0.012013673782348633
16 0 98271 16 0.012014627456665039
16 0 98287 16 0.012021303176879883
16 0 98303 16 0.011984825134277344
15 0 90577 15 0.01164102554321289
15 0 90592 15 0.011544466018676758
15 0 90607 15 0.011594772338867188
15 0 90622 15 0.011619329452514648
15 0 90637 15 0.011538505554199219
15 0 90652 15 0.011597633361816406
15 0 90667 15 0.011600494384765625
13 0 76635 13 0.010996341705322266
13 0 76648 13 0.010994911193847656
13 0 76661 13 0.010985851287841797
12 0 72066 12 0.010780572891235352
12 0 72078 12 0.010683298110961914
12 0 72090 12 0.010720014572143555
11 0 63455 11 0.010230064392089844
11 0 63466 11 0.010286808013916016
11 0 63477 11 0.01024937629699707
11 0 63488 11 0.010292530059814453
11 0 63499 11 0.010246038436889648
11 0 63510 11 0.010241508483886719
11 0 63521 11 0.010259389877319336
11 0 63532 11 0.010257959365844727
11 0 63543 11 0.010286331176757812
11 0 63554 11 0.010246753692626953
11 0 63565 11 0.01024317741394043
11 0 63576 11 0.010254621505737305
11 0 63587 11 0.010275840759277344
11 0 63598 11 0.010245561599731445
11 0 63609 11 0.010240554809570312
11 0 63620 11 0.010259151458740234
11 0 63631 11 0.010249137878417969
11 0 63642 11 0.01024484634399414
11 0 63653 11 0.010246992111206055
11 0 63664 11 0.010254144668579102
11 0 63675 11 0.010252952575683594
11 0 63686 11 0.010238170623779297
11 0 63697 11 0.010241508483886719
11 0 63708 11 0.010238170623779297
11 0 63719 11 0.01025247573852539
11 0 63730 11 0.010280847549438477
11 0 63741 11 0.010307073593139648
11 0 63752 11 0.010237932205200195
11 0 63763 11 0.010242223739624023
11 0 63774 11 0.010242938995361328
11 0 63785 11 0.010268688201904297
11 0 63796 11 0.010245084762573242
11 0 63807 11 0.010267972946166992
11 0 63818 11 0.01034688949584961
11 0 63829 11 0.010305404663085938
11 0 63840 11 0.010278701782226562
11 0 63851 11 0.010274887084960938
11 0 63862 11 0.01028752326965332
11 0 63873 11 0.010312795639038086
11 0 63884 11 0.010275602340698242
11 0 63895 11 0.01028585433959961
11 0 63906 11 0.010280370712280273
11 0 63917 11 0.010295391082763672
11 0 63928 11 0.010284423828125
11 0 63939 11 0.01029825210571289
11 0 63950 11 0.01030874252319336
11 0 63961 11 0.010287284851074219
11 0 63972 11 0.010288715362548828
11 0 63983 11 0.010299921035766602
11 0 63994 11 0.010286331176757812
11 0 64005 11 0.01029205322265625
11 0 64016 11 0.010329246520996094
11 0 64027 11 0.010283231735229492
11 0 64038 11 0.01029205322265625
11 0 64049 11 0.01032400131225586
11 0 64060 11 0.010308265686035156
11 0 64071 11 0.010296106338500977
11 0 64082 11 0.010289907455444336
11 0 64093 11 0.010288000106811523
11 0 64104 11 0.01028895378112793
11 0 64115 11 0.010299921035766602
11 0 64126 11 0.010342836380004883
11 0 64137 11 0.010306358337402344
11 0 64148 11 0.010295867919921875
11 0 64159 11 0.01035308837890625
11 0 64170 11 0.010333538055419922
11 0 64181 11 0.010293006896972656
11 0 64192 11 0.010333538055419922
11 0 64203 11 0.01028752326965332
11 0 64214 11 0.010283946990966797
11 0 64225 11 0.010282039642333984
11 0 64236 11 0.010294914245605469
10 0 59425 10 0.010082244873046875
10 0 59435 10 0.010103464126586914
10 0 59445 10 0.010151863098144531
10 0 59455 10 0.010099649429321289
10 0 59465 10 0.01010274887084961
10 0 59475 10 0.010108709335327148
10 0 59485 10 0.010095357894897461
10 0 59495 10 0.010101795196533203
10 0 59505 10 0.010108470916748047
10 0 59515 10 0.010097503662109375
10 0 59525 10 0.010133504867553711
10 0 59535 10 0.010147571563720703
10 0 59545 10 0.010111331939697266
10 0 59555 10 0.010108709335327148
10 0 59565 10 0.01010751724243164
10 0 59575 10 0.010105609893798828
10 0 59585 10 0.010105609893798828
10 0 59595 10 0.010107755661010742
10 0 59605 10 0.010098695755004883
10 0 59615 10 0.010088205337524414
10 0 59625 10 0.010089874267578125
10 0 59635 10 0.01010751724243164
10 0 59645 10 0.010097265243530273
10 0 59655 10 0.010093212127685547
10 0 59665 10 0.010084152221679688
10 0 59675 10 0.010082721710205078
10 0 59685 10 0.010133028030395508
10 0 59695 10 0.01008915901184082
10 0 59705 10 0.010100603103637695
10 0 59715 10 0.010105371475219727
10 0 59725 10 0.010104894638061523
10 0 59735 10 0.010129690170288086
10 0 59745 10 0.010091304779052734
10 0 59755 10 0.010144472122192383
10 0 59765 10 0.010142087936401367
10 0 59775 10 0.010163068771362305
10 0 59785 10 0.010140180587768555
10 0 59795 10 0.010137557983398438
10 0 59805 10 0.01013493537902832
10 0 59815 10 0.01013803482055664
10 0 59825 10 0.010135889053344727
10 0 59835 10 0.010135889053344727
10 0 59845 10 0.010179281234741211
10 0 59855 10 0.010141849517822266
10 0 59865 10 0.010141372680664062
10 0 59875 10 0.010163068771362305
10 0 59885 10 0.010149002075195312
10 0 59895 10 0.010138750076293945
10 0 59905 10 0.01013636589050293
10 0 59915 10 0.010167598724365234
10 0 59925 10 0.010172367095947266
10 0 59935 10 0.010133504867553711
10 0 59945 10 0.010154962539672852
10 0 59955 10 0.010173320770263672
10 0 59965 10 0.010140657424926758
10 0 59975 10 0.010131597518920898
10 0 59985 10 0.010137557983398438
10 0 59995 10 0.010127067565917969
10 0 60005 10 0.010122299194335938
10 0 60015 10 0.010118961334228516
10 0 60025 10 0.01014566421508789
10 0 60035 10 0.010136604309082031
10 0 60045 10 0.010128974914550781
10 0 60055 10 0.01013636589050293
10 0 60065 10 0.010144948959350586
10 0 60075 10 0.010144710540771484
10 0 60085 10 0.010152339935302734
10 0 60095 10 0.010151386260986328
10 0 60105 10 0.010143756866455078
9 0 53405 9 0.00984501838684082
9 0 53414 9 0.009877681732177734
9 0 53423 9 0.009865760803222656
9 0 53432 9 0.009865999221801758
9 0 53441 9 0.00986790657043457
9 0 53450 9 0.00986337661743164
9 0 53459 9 0.009866714477539062
9 0 53468 9 0.009857177734375
9 0 53477 9 0.009862899780273438
9 0 53486 9 0.009887218475341797
9 0 53495 9 0.009865522384643555
9 0 53504 9 0.009884357452392578
9 0 53513 9 0.00988149642944336
9 0 53522 9 0.009900569915771484
9 0 53531 9 0.009853601455688477
9 0 53540 9 0.00986170768737793
9 0 53549 9 0.009859800338745117
9 0 53558 9 0.00984954833984375
8 0 45288 8 0.009340286254882812
8 0 45296 8 0.009247541427612305
8 0 45304 8 0.009250164031982422
8 0 45312 8 0.009242534637451172
8 0 45320 8 0.009272336959838867
8 0 45328 8 0.009251117706298828
8 0 45336 8 0.009256601333618164
8 0 45344 8 0.009281158447265625
8 0 45352 8 0.009256124496459961
8 0 45360 8 0.00925588607788086
8 0 45368 8 0.009287595748901367
8 0 45376 8 0.00927877426147461
8 0 45384 8 0.009253263473510742
8 0 45392 8 0.00925445556640625
8 0 45400 8 0.009263038635253906
8 0 45408 8 0.009261369705200195
8 0 45416 8 0.009240150451660156
8 0 45424 8 0.00923299789428711
8 0 45432 8 0.009236812591552734
8 0 45440 8 0.009265661239624023
8 0 45448 8 0.009260892868041992
8 0 45456 8 0.009280920028686523
8 0 45464 8 0.009244441986083984
8 0 45472 8 0.009234905242919922
8 0 45480 8 0.009240865707397461
8 0 45488 8 0.00923776626586914
8 0 45496 8 0.009278297424316406
8 0 45504 8 0.009263277053833008
8 0 45512 8 0.009258270263671875
8 0 45520 8 0.009275197982788086
8 0 45528 8 0.009279727935791016
8 0 45536 8 0.009298563003540039
8 0 45544 8 0.009280204772949219
8 0 45552 8 0.009290218353271484
8 0 45560 8 0.009290456771850586
8 0 45568 8 0.00931692123413086
8 0 45576 8 0.00929117202758789
8 0 45584 8 0.009279251098632812
8 0 45592 8 0.009264230728149414
8 0 45600 8 0.00927114486694336
8 0 45608 8 0.00930929183959961
8 0 45616 8 0.00927877426147461
8 0 45624 8 0.009280920028686523
8 0 45632 8 0.00926518440246582
8 0 45640 8 0.009278535842895508
8 0 45648 8 0.009293317794799805
8 0 45656 8 0.009297370910644531
8 0 45664 8 0.009284496307373047
8 0 45672 8 0.009285449981689453
8 0 45680 8 0.009269237518310547
8 0 45688 8 0.009326934814453125
7 0 39033 7 0.008962869644165039
7 0 39040 7 0.008965253829956055
7 0 39047 7 0.008968830108642578
7 0 39054 7 0.00898432731628418
7 0 39061 7 0.008978605270385742
7 0 39068 7 0.008960247039794922
7 0 39075 7 0.008960962295532227
7 0 39082 7 0.009013175964355469
7 0 39089 7 0.00900125503540039
7 0 39096 7 0.009003877639770508
7 0 39103 7 0.008994817733764648
7 0 39110 7 0.009015560150146484
7 0 39117 7 0.009013652801513672
6 0 35766 6 0.008831501007080078
6 0 35772 6 0.008849859237670898
6 0 35778 6 0.008853912353515625
6 0 35784 6 0.008836746215820312
6 0 35790 6 0.008835077285766602
6 0 35796 6 0.008855819702148438
6 0 35802 6 0.008849143981933594
6 0 35808 6 0.008844852447509766
6 0 35814 6 0.008852958679199219
6 0 35820 6 0.008848428726196289
6 0 35826 6 0.008844375610351562
6 0 35832 6 0.008844852447509766
6 0 35838 6 0.008838415145874023
6 0 35844 6 0.008865118026733398
6 0 35850 6 0.00885629653930664
6 0 35856 6 0.008859395980834961
6 0 35862 6 0.008844614028930664
6 0 35868 6 0.008857250213623047
6 0 35874 6 0.008840084075927734
6 0 35880 6 0.008851289749145508
6 0 35886 6 0.008836507797241211
6 0 35892 6 0.00885152816772461
6 0 35898 6 0.008849143981933594
6 0 35904 6 0.008833646774291992
6 0 35910 6 0.008851051330566406
6 0 35916 6 0.008847713470458984
6 0 35922 6 0.008842945098876953
6 0 35928 6 0.008837461471557617
6 0 35934 6 0.008852243423461914
6 0 35940 6 0.008830070495605469
6 0 35946 6 0.008833646774291992
6 0 35952 6 0.00885009765625
6 0 35958 6 0.00884246826171875
6 0 35964 6 0.008842945098876953
6 0 35970 6 0.008845090866088867
6 0 35976 6 0.008838176727294922
6 0 35982 6 0.008841991424560547
6 0 35988 6 0.008855581283569336
6 0 35994 6 0.00883936882019043
6 0 36000 6 0.008834600448608398
6 0 36006 6 0.008845806121826172
6 0 36012 6 0.008849620819091797
6 0 36018 6 0.008861064910888672
6 0 36024 6 0.008835315704345703
6 0 36030 6 0.00883936882019043
6 0 36036 6 0.008834123611450195
6 0 36042 6 0.008849143981933594
6 0 36048 6 0.00885629653930664
6 0 36054 6 0.008847713470458984
6 0 36060 6 0.008845090866088867
6 0 36066 6 0.008851051330566406
6 0 36072 6 0.008858919143676758
6 0 36078 6 0.008852005004882812
6 0 36084 6 0.008843183517456055
6 0 36090 6 0.008843660354614258
6 0 36096 6 0.008821249008178711
6 0 36102 6 0.008821487426757812
6 0 36108 6 0.008805274963378906
6 0 36114 6 0.00881052017211914
6 0 36120 6 0.008816003799438477
6 0 36126 6 0.00882863998413086
6 0 36132 6 0.008819103240966797
6 0 36138 6 0.008818387985229492
6 0 36144 6 0.008809804916381836
6 0 36150 6 0.00880742073059082
6 0 36156 6 0.008805274963378906
6 0 36162 6 0.008820533752441406
6 0 36168 6 0.008806943893432617
6 0 36174 6 0.008811712265014648
6 0 36180 6 0.008809089660644531
6 0 36186 6 0.008824586868286133
6 0 36192 6 0.008816003799438477
6 0 36198 6 0.008817672729492188
6 0 36204 6 0.008807659149169922
6 0 36210 6 0.008815765380859375
6 0 36216 6 0.008813858032226562
6 0 36222 6 0.008807182312011719
6 0 36228 6 0.008812665939331055
6 0 36234 6 0.008808374404907227
6 0 36240 6 0.008818387985229492
6 0 36246 6 0.008819341659545898
6 0 36252 6 0.00881052017211914
6 0 36258 6 0.008848190307617188
6 0 36264 6 0.008843421936035156
6 0 36270 6 0.008849620819091797
6 0 36276 6 0.008836507797241211
6 0 36282 6 0.008847713470458984
6 0 36288 6 0.008852481842041016
6 0 36294 6 0.008849620819091797
6 0 36300 6 0.008850336074829102
6 0 36306 6 0.008851051330566406
6 0 36312 6 0.008863449096679688
6 0 36318 6 0.008857250213623047
6 0 36324 6 0.008855581283569336
5 0 29674 5 0.008510351181030273
5 0 29679 5 0.008527040481567383
5 0 29684 5 0.008522748947143555
5 0 29689 5 0.008543968200683594
5 0 29694 5 0.008525848388671875
5 0 29699 5 0.008525371551513672
5 0 29704 5 0.008524656295776367
5 0 29709 5 0.0085296630859375
5 0 29714 5 0.008531808853149414
5 0 29719 5 0.00852346420288086
5 0 29724 5 0.008524894714355469
5 0 29729 5 0.00854349136352539
5 0 29734 5 0.008533954620361328
5 0 29739 5 0.008533239364624023
5 0 29744 5 0.008523702621459961
5 0 29749 5 0.008533954620361328
5 0 29754 5 0.008519172668457031
5 0 29759 5 0.008517742156982422
5 0 29764 5 0.008514165878295898
5 0 29769 5 0.008550405502319336
5 0 29774 5 0.008648395538330078
5 0 29779 5 0.008545637130737305
5 0 29784 5 0.008529424667358398
5 0 29789 5 0.008523941040039062
5 0 29794 5 0.008523702621459961
5 0 29799 5 0.008539199829101562
5 0 29804 5 0.008527040481567383
5 0 29809 5 0.008522272109985352
5 0 29814 5 0.00852203369140625
5 0 29819 5 0.008536100387573242
5 0 29824 5 0.00853586196899414
5 0 29829 5 0.008530378341674805
5 0 29834 5 0.008536100387573242
5 0 29839 5 0.00851583480834961
5 0 29844 5 0.008517980575561523
5 0 29849 5 0.008547782897949219
5 0 29854 5 0.008538246154785156
5 0 29859 5 0.00851893424987793
5 0 29864 5 0.008533954620361328
5 0 29869 5 0.008545160293579102
5 0 29874 5 0.008536100387573242
5 0 29879 5 0.00852513313293457
5 0 29884 5 0.00852823257446289
5 0 29889 5 0.008521556854248047
5 0 29894 5 0.008544921875
5 0 29899 5 0.008533239364624023
4 0 25357 4 0.008280277252197266
4 0 25361 4 0.008239507675170898
4 0 25365 4 0.008216619491577148
4 0 25369 4 0.008221149444580078
4 0 25373 4 0.008223533630371094
4 0 25377 4 0.008211135864257812
4 0 25381 4 0.008214473724365234
4 0 25385 4 0.008213520050048828
4 0 25389 4 0.008211851119995117
4 0 25393 4 0.008205175399780273
4 0 25397 4 0.008213043212890625
4 0 25401 4 0.008230209350585938
4 0 25405 4 0.008216381072998047
4 0 25409 4 0.008194923400878906
4 0 25413 4 0.008214712142944336
4 0 25417 4 0.008258342742919922
4 0 25421 4 0.008242607116699219
4 0 25425 4 0.008234024047851562
4 0 25429 4 0.008256673812866211
4 0 25433 4 0.008252382278442383
4 0 25437 4 0.008255720138549805
4 0 25441 4 0.00823521614074707
4 0 25445 4 0.008235931396484375
4 0 25449 4 0.008261442184448242
4 0 25453 4 0.008252620697021484
4 0 25457 4 0.008248329162597656
4 0 25461 4 0.008248329162597656
4 0 25465 4 0.008263111114501953
4 0 25469 4 0.008254289627075195
4 0 25473 4 0.0082550048828125
4 0 25477 4 0.008249282836914062
4 0 25481 4 0.008228063583374023
4 0 25485 4 0.008276224136352539
4 0 25489 4 0.008257389068603516
4 0 25493 4 0.008253097534179688
4 0 25497 4 0.008254289627075195
4 0 25501 4 0.008264780044555664
4 0 25505 4 0.008252620697021484
4 0 25509 4 0.008245229721069336
4 0 25513 4 0.008248090744018555
4 0 25517 4 0.008264303207397461
4 0 25521 4 0.008270978927612305
4 0 25525 4 0.008249521255493164
4 0 25529 4 0.008248567581176758
4 0 25533 4 0.008256196975708008
4 0 25537 4 0.008268594741821289
4 0 25541 4 0.008245229721069336
4 0 25545 4 0.008240938186645508
4 0 25549 4 0.008248567581176758
4 0 25553 4 0.008256673812866211
4 0 25557 4 0.008243083953857422
4 0 25561 4 0.008235454559326172
4 0 25565 4 0.00823068618774414
4 0 25569 4 0.008266448974609375
4 0 25573 4 0.008249044418334961
4 0 25577 4 0.008241653442382812
4 0 25581 4 0.008242130279541016
4 0 25585 4 0.008262157440185547
4 0 25589 4 0.008261680603027344
4 0 25593 4 0.00824594497680664
4 0 25597 4 0.008244991302490234
4 0 25601 4 0.00825190544128418
4 0 25605 4 0.008258342742919922
4 0 25609 4 0.008260488510131836
4 0 25613 4 0.00825190544128418
4 0 25617 4 0.008244514465332031
4 0 25621 4 0.008271217346191406
4 0 25625 4 0.008252620697021484
4 0 25629 4 0.00824880599975586
4 0 25633 4 0.00825357437133789
4 0 25637 4 0.008263826370239258
4 0 25641 4 0.008226633071899414
4 0 25645 4 0.008251428604125977
4 0 25649 4 0.008248329162597656
4 0 25653 4 0.008241653442382812
4 0 25657 4 0.008255958557128906
4 0 25661 4 0.008265495300292969
4 0 25665 4 0.008257389068603516
4 0 25669 4 0.008239507675170898
4 0 25673 4 0.008260726928710938
4 0 25677 4 0.008263111114501953
4 0 25681 4 0.008250951766967773
4 0 25685 4 0.00824117660522461
4 0 25689 4 0.008244991302490234
4 0 25693 4 0.008260965347290039
4 0 25697 4 0.008248090744018555
4 0 25701 4 0.008240938186645508
4 0 25705 4 0.008249282836914062
4 0 25709 4 0.008266448974609375
4 0 25713 4 0.008261919021606445
4 0 25717 4 0.008214235305786133
4 0 25721 4 0.008206605911254883
4 0 25725 4 0.008222818374633789
4 0 25729 4 0.008221626281738281
4 0 25733 4 0.008219718933105469
4 0 25737 4 0.008227825164794922
4 0 25741 4 0.008221149444580078
4 0 25745 4 0.008229732513427734
4 0 25749 4 0.008226871490478516
4 0 25753 4 0.008240222930908203
4 0 25757 4 0.008224964141845703
4 0 25761 4 0.008224964141845703
4 0 25765 4 0.008224010467529297
4 0 25769 4 0.008223533630371094
4 0 25773 4 0.008219718933105469
4 0 25777 4 0.008216619491577148
4 0 25781 4 0.008220911026000977
4 0 25785 4 0.008226871490478516
4 0 25789 4 0.008221149444580078
4 0 25793 4 0.008217096328735352
4 0 25797 4 0.008227825164794922
4 0 25801 4 0.008213996887207031
4 0 25805 4 0.008236408233642578
4 0 25809 4 0.008224964141845703
4 0 25813 4 0.008226394653320312
4 0 25817 4 0.00821685791015625
4 0 25821 4 0.008205652236938477
4 0 25825 4 0.008220195770263672
4 0 25829 4 0.00821232795715332
4 0 25833 4 0.008203506469726562
4 0 25837 4 0.008205413818359375
4 0 25841 4 0.008229970932006836
4 0 25845 4 0.008211374282836914
4 0 25849 4 0.008211135864257812
4 0 25853 4 0.008205652236938477
4 0 25857 4 0.008234262466430664
4 0 25861 4 0.008217096328735352
4 0 25865 4 0.008214235305786133
4 0 25869 4 0.00821685791015625
4 0 25873 4 0.008211612701416016
4 0 25877 4 0.00823831558227539
4 0 25881 4 0.008223772048950195
4 0 25885 4 0.008221626281738281
4 0 25889 4 0.008213043212890625
4 0 25893 4 0.008220434188842773
4 0 25897 4 0.008231639862060547
4 0 25901 4 0.008225202560424805
4 0 25905 4 0.008216619491577148
4 0 25909 4 0.008228302001953125
4 0 25913 4 0.00823974609375
4 0 25917 4 0.008224248886108398
4 0 25921 4 0.008216142654418945
4 0 25925 4 0.00821375846862793
4 0 25929 4 0.008239269256591797
4 0 25933 4 0.008218526840209961
4 0 25937 4 0.008227109909057617
4 0 25941 4 0.008218765258789062
4 0 25945 4 0.008241415023803711
4 0 25949 4 0.008233785629272461
4 0 25953 4 0.008220434188842773
4 0 25957 4 0.008218050003051758
4 0 25961 4 0.00824284553527832
3 0 16727 3 0.007827997207641602
3 0 16730 3 0.007811784744262695
3 0 16733 3 0.007820844650268555
3 0 16736 3 0.007818460464477539
3 0 16739 3 0.0078051090240478516
3 0 16742 3 0.0078089237213134766
3 0 16745 3 0.007799386978149414
3 0 16748 3 0.007833719253540039
3 0 16751 3 0.007809162139892578
3 0 16754 3 0.007807731628417969
3 0 16757 3 0.00781559944152832
3 0 16760 3 0.007818460464477539
3 0 16763 3 0.007822751998901367
3 0 16766 3 0.007819175720214844
3 0 16769 3 0.007815837860107422
3 0 16772 3 0.00781559944152832
3 0 16775 3 0.007804155349731445
3 0 16778 3 0.007824897766113281
3 0 16781 3 0.007815122604370117
3 0 16784 3 0.00781702995300293
3 0 16787 3 0.007808685302734375
3 0 16790 3 0.007816553115844727
3 0 16793 3 0.007821321487426758
3 0 16796 3 0.007811069488525391
3 0 16799 3 0.007798910140991211
3 0 16802 3 0.007819414138793945
3 0 16805 3 0.007807493209838867
3 0 16808 3 0.007809877395629883
3 0 16811 3 0.007823467254638672
3 0 16814 3 0.007814168930053711
3 0 16817 3 0.007813692092895508
3 0 16820 3 0.007812976837158203
3 0 16823 3 0.007811784744262695
3 0 16826 3 0.007819890975952148
3 0 16829 3 0.007822513580322266
3 0 16832 3 0.007819175720214844
3 0 16835 3 0.007813453674316406
3 0 16838 3 0.007823705673217773
3 0 16841 3 0.007813692092895508
3 0 16844 3 0.007812023162841797
3 0 16847 3 0.007812738418579102
3 0 16850 3 0.0078105926513671875
3 0 16853 3 0.007813215255737305
3 0 16856 3 0.007827997207641602
3 0 16859 3 0.00781393051147461
3 0 16862 3 0.00781869888305664
3 0 16865 3 0.007808685302734375
3 0 16868 3 0.007801532745361328
3 0 16871 3 0.007824420928955078
3 0 16874 3 0.007820367813110352
3 0 16877 3 0.007812023162841797
3 0 16880 3 0.0078105926513671875
3 0 16883 3 0.007807254791259766
3 0 16886 3 0.007809638977050781
3 0 16889 3 0.007815361022949219
3 0 16892 3 0.0078089237213134766
3 0 16895 3 0.007825613021850586
3 0 16898 3 0.007810115814208984
3 0 16901 3 0.007814407348632812
3 0 16904 3 0.007818460464477539
3 0 16907 3 0.007814168930053711
3 0 16910 3 0.0078084468841552734
3 0 16913 3 0.007838249206542969
3 0 16916 3 0.007818937301635742
3 0 16919 3 0.007815837860107422
3 0 16922 3 0.007830142974853516
3 0 16925 3 0.007829427719116211
3 0 16928 3 0.007813215255737305
3 0 16931 3 0.007810354232788086
3 0 16934 3 0.007834672927856445
3 0 16937 3 0.007827281951904297
3 0 16940 3 0.007813453674316406
3 0 16943 3 0.0078089237213134766
3 0 16946 3 0.007815361022949219
3 0 16949 3 0.007819175720214844
3 0 16952 3 0.007813692092895508
3 0 16955 3 0.007812023162841797
3 0 16958 3 0.007816314697265625
3 0 16961 3 0.007798671722412109
3 0 16964 3 0.007834434509277344
3 0 16967 3 0.007828474044799805
3 0 16970 3 0.007816314697265625
3 0 16973 3 0.007805824279785156
3 0 16976 3 0.007837057113647461
3 0 16979 3 0.007821083068847656
3 0 16982 3 0.007822275161743164
3 0 16985 3 0.007810115814208984
3 0 16988 3 0.007815361022949219
3 0 16991 3 0.007831096649169922
3 0 16994 3 0.007827281951904297
3 0 16997 3 0.007818937301635742
3 0 17000 3 0.007816553115844727
3 0 17003 3 0.007837772369384766
3 0 17006 3 0.007819175720214844
3 0 17009 3 0.00781559944152832
3 0 17012 3 0.00783681869506836
3 0 17015 3 0.007825613021850586
3 0 17018 3 0.007823944091796875
3 0 17021 3 0.007824897766113281
3 0 17024 3 0.007825613021850586
3 0 17027 3 0.007825136184692383
3 0 17030 3 0.007822036743164062
3 0 17033 3 0.007813692092895508
3 0 17036 3 0.007825136184692383
3 0 17039 3 0.00782322883605957
3 0 17042 3 0.007814168930053711
3 0 17045 3 0.007835149765014648
3 0 17048 3 0.007827520370483398
3 0 17051 3 0.007822275161743164
3 0 17054 3 0.00782632827758789
3 0 17057 3 0.007812023162841797
3 0 17060 3 0.0078122615814208984
3 0 17063 3 0.007827520370483398
3 0 17066 3 0.007812976837158203
3 0 17069 3 0.007815122604370117
3 0 17072 3 0.007838726043701172
3 0 17075 3 0.007824182510375977
3 0 17078 3 0.007829427719116211
3 0 17081 3 0.007815361022949219
3 0 17084 3 0.007835865020751953
3 0 17087 3 0.00782465934753418
3 0 17090 3 0.007815837860107422
3 0 17093 3 0.007832050323486328
3 0 17096 3 0.007813453674316406
3 0 17099 3 0.007826805114746094
3 0 17102 3 0.007820606231689453
3 0 17105 3 0.007837057113647461
2 0 9899 2 0.007635831832885742
2 0 9901 2 0.0075647830963134766
2 0 9903 2 0.00754094123840332
2 0 9905 2 0.007536888122558594
2 0 9907 2 0.00753331184387207
2 0 9909 2 0.007523775100708008
2 0 9911 2 0.007544994354248047
2 0 9913 2 0.007531881332397461
2 0 9915 2 0.007537841796875
2 0 9917 2 0.007527589797973633
2 0 9919 2 0.007534027099609375
2 0 9921 2 0.0075533390045166016
2 0 9923 2 0.007539987564086914
2 0 9925 2 0.0075304508209228516
2 0 9927 2 0.0075337886810302734
2 0 9929 2 0.007538557052612305
2 0 9931 2 0.0075435638427734375
2 0 9933 2 0.007531166076660156
2 0 9935 2 0.007529258728027344
2 0 9937 2 0.007544755935668945
2 0 9939 2 0.0075359344482421875
2 0 9941 2 0.007533550262451172
2 0 9943 2 0.00753331184387207
2 0 9945 2 0.00754547119140625
2 0 9947 2 0.007540702819824219
2 0 9949 2 0.007537841796875
2 0 9951 2 0.007531404495239258
2 0 9953 2 0.0075414180755615234
2 0 9955 2 0.007537364959716797
2 0 9957 2 0.007536649703979492
2 0 9959 2 0.0075397491455078125
2 0 9961 2 0.00752711296081543
2 0 9963 2 0.0075495243072509766
2 0 9965 2 0.0075376033782958984
2 0 9967 2 0.007537364959716797
2 0 9969 2 0.007538795471191406
2 0 9971 2 0.007539510726928711
2 0 9973 2 0.007539272308349609
2 0 9975 2 0.007530689239501953
2 0 9977 2 0.0075531005859375
2 0 9979 2 0.007551670074462891
2 0 9981 2 0.007543802261352539
2 0 9983 2 0.007566690444946289
2 0 9985 2 0.007534980773925781
2 0 9987 2 0.007534027099609375
2 0 9989 2 0.007531404495239258
2 0 9991 2 0.007532596588134766
2 0 9993 2 0.007527351379394531
2 0 9995 2 0.007538795471191406
2 0 9997 2 0.007531166076660156
2 0 9999 2 0.007526397705078125
2 0 10001 2 0.007538557052612305
2 0 10003 2 0.007529497146606445
2 0 10005 2 0.007563114166259766
2 0 10007 2 0.007539987564086914
2 0 10009 2 0.0075397491455078125
2 0 10011 2 0.0075342655181884766
2 0 10013 2 0.00753021240234375
2 0 10015 2 0.007547140121459961
2 0 10017 2 0.0075418949127197266
2 0 10019 2 0.0075376033782958984
2 0 10021 2 0.007531642913818359
2 0 10023 2 0.00755620002746582
2 0 10025 2 0.007556438446044922
2 0 10027 2 0.007544040679931641
2 0 10029 2 0.0075397491455078125
2 0 10031 2 0.00754547119140625
2 0 10033 2 0.007537841796875
2 0 10035 2 0.0075321197509765625
2 0 10037 2 0.007535696029663086
2 0 10039 2 0.007535457611083984
2 0 10041 2 0.0075376033782958984
2 0 10043 2 0.007536411285400391
2 0 10045 2 0.007532358169555664
2 0 10047 2 0.007528066635131836
2 0 10049 2 0.007546186447143555
2 0 10051 2 0.007539987564086914
2 0 10053 2 0.007535219192504883
2 0 10055 2 0.007532835006713867
2 0 10057 2 0.007543325424194336
2 0 10059 2 0.007539033889770508
2 0 10061 2 0.007543087005615234
2 0 10063 2 0.007532358169555664
2 0 10065 2 0.007537364959716797
2 0 10067 2 0.007550716400146484
2 0 10069 2 0.007546424865722656
2 0 10071 2 0.007546901702880859
2 0 10073 2 0.007543087005615234
2 0 10075 2 0.007540464401245117
2 0 10077 2 0.007540702819824219
2 0 10079 2 0.007537364959716797
2 0 10081 2 0.007552385330200195
2 0 10083 2 0.0075376033782958984
2 0 10085 2 0.007531166076660156
2 0 10087 2 0.007532358169555664
2 0 10089 2 0.007520198822021484
2 0 10091 2 0.0075531005859375
2 0 10093 2 0.007537126541137695
2 0 10095 2 0.007537126541137695
2 0 10097 2 0.007534027099609375
2 0 10099 2 0.007526397705078125
2 0 10101 2 0.007543325424194336
2 0 10103 2 0.0075418949127197266
2 0 10105 2 0.0075337886810302734
2 0 10107 2 0.007536888122558594
2 0 10109 2 0.007550239562988281
2 0 10111 2 0.007549285888671875
2 0 10113 2 0.007543087005615234
2 0 10115 2 0.007535696029663086
2 0 10117 2 0.007550954818725586
2 0 10119 2 0.007547140121459961
2 0 10121 2 0.007542610168457031
2 0 10123 2 0.007550954818725586
2 0 10125 2 0.00754857063293457
2 0 10127 2 0.00754094123840332
2 0 10129 2 0.007537126541137695
2 0 10131 2 0.007530689239501953
2 0 10133 2 0.0075511932373046875
2 0 10135 2 0.00754237174987793
1 0 6072 1 0.0072515010833740234
1 0 6073 1 0.007216930389404297
1 0 6074 1 0.007213115692138672
1 0 6075 1 0.007227182388305664
1 0 6076 1 0.0072209835052490234
1 0 6077 1 0.007215023040771484
1 0 6078 1 0.007215261459350586
1 0 6079 1 0.007233858108520508
1 0 6080 1 0.007247447967529297
1 0 6081 1 0.007215023040771484
1 0 6082 1 0.007231235504150391
1 0 6083 1 0.007219076156616211
1 0 6084 1 0.007220268249511719
1 0 6085 1 0.007211208343505859
1 0 6086 1 0.0072078704833984375
1 0 6087 1 0.007228851318359375
1 0 6088 1 0.007214784622192383
1 0 6089 1 0.007213592529296875
1 0 6090 1 0.007210493087768555
1 0 6091 1 0.0072247982025146484
1 0 6092 1 0.007210254669189453
1 0 6093 1 0.007212638854980469
1 0 6094 1 0.007210254669189453
1 0 6095 1 0.007233619689941406
1 0 6096 1 0.007223844528198242
1 0 6097 1 0.007225990295410156
1 0 6098 1 0.00721430778503418
1 0 6099 1 0.007211208343505859
1 0 6100 1 0.0072193145751953125
1 0 6101 1 0.007222652435302734
1 0 6102 1 0.007207632064819336
1 0 6103 1 0.007212400436401367
1 0 6104 1 0.007216453552246094
1 0 6105 1 0.007222890853881836
1 0 6106 1 0.007216930389404297
1 0 6107 1 0.007208824157714844
1 0 6108 1 0.007203340530395508
1 0 6109 1 0.007215023040771484
1 0 6110 1 0.007211208343505859
1 0 6111 1 0.007212400436401367
1 0 6112 1 0.007212400436401367
1 0 6113 1 0.00722193717956543
1 0 6114 1 0.0072247982025146484
1 0 6115 1 0.007209062576293945
1 0 6116 1 0.007234096527099609
1 0 6117 1 0.007220745086669922
